id,subreddit,kind,timestamp,sentiment_wrt_mods
a5dvge,AnthemTheGame,post,1544582048,positive
a7q4n4,AskReddit,post,1545250733,neutral
a43df9,ChapoTrapHouse,post,1544212153,neutral
aa0og3,ChapoTrapHouse,post,1545928564,positive
a6twu9,CryptoCurrency,post,1545001380,negative
a2gwge,EternalCardGame,post,1543782464,negative
a6jj6v,FORTnITE,post,1544912761,neutral
a7wr4l,FORTnITE,post,1545303191,negative
a7z3ty,FORTnITE,post,1545320513,negative
a92xuu,FORTnITE,post,1545636449,negative
a9b5uw,FORTnITE,post,1545704852,negative
ab4ols,FORTnITE,post,1546238641,neutral
a8nzwu,Ice_Poseidon,post,1545509396,negative
a6x6h9,Ice_Poseidon,post,1545026911,neutral
a2erax,MakeupAddiction,post,1543769291,negative
a80rnv,ModSupport,post,1545330043,neutral
aagj4z,MtF,post,1546046282,neutral
aa4f2u,Naruto,post,1545952767,neutral
a5hyne,Nicegirls,post,1544619915,neutral
aa8q2h,PrequelMemes,post,1545987851,negative
a9kb4n,RocketLeagueExchange,post,1545788516,positive
a37fj7,SweatyPalms,post,1543974273,negative
a929w3,SweatyPalms,post,1545630265,negative
a7racx,The_Donald,post,1545258114,neutral
a3zlhg,Twitch,post,1544187262,neutral
a9fuil,aggies,post,1545753454,neutral
a2texu,dankmemes,post,1543873430,neutral
a2k8lj,dankmemes,post,1543804701,negative
a3io9b,dankmemes,post,1544057149,negative
a9xn5n,dankmemes,post,1545901185,neutral
a95z4f,deepweb,post,1545666241,negative
a37azc,futurama,post,1543973400,negative
a9z3wc,gatekeeping,post,1545916246,negative
a9uez4,getnarwhal,post,1545873246,neutral
a2e1ms,iamverysmart,post,1543764266,negative
a2nxfg,ladybonersgw,post,1543837537,neutral
a2vogs,lgbt,post,1543887428,neutral
a4d8hl,madlads,post,1544294376,negative
a72p8v,memes,post,1545073087,neutral
a8bz6u,memes,post,1545411828,neutral
a9kbgc,memes,post,1545788591,neutral
a3hslg,redditrequest,post,1544051458,neutral
a5a24e,southafrica,post,1544556556,negative
a38inv,tattoos,post,1543982024,negative
aaty8c,teenagers,post,1546155118,negative
a64yvt,woooosh,post,1544795388,neutral
a5uoo2,worldpolitics,post,1544716371,negative
a6eoz7,2007scape,post,1544875052,negative
a3h8rm,ANormalDayInRussia,post,1544047995,negative
a3bzsv,Advice,post,1544014150,negative
a44viq,Asexual,post,1544221793,negative
aarn4b,BabyBumps,post,1546135651,neutral
a1z0fw,Comcast,post,1543630893,negative
aas9kq,ComedyCemetery,post,1546140575,neutral
a5ritu,HalfLife,post,1544687815,neutral
a5riw9,HalfLife,post,1544687833,neutral
a60wmc,LeagueOfMeta,post,1544757504,negative
a2isu9,Libertarian,post,1543794503,neutral
a2ujrx,Libertarian,post,1543879804,neutral
a8ywkn,MaddenUltimateTeam,post,1545603131,negative
a8vma1,MaddenUltimateTeam,post,1545580040,positive
a9ojrs,Objectivism,post,1545830817,negative
a3pdoi,Rainbow6,post,1544113157,negative
a3qat3,Rainbow6,post,1544118633,negative
a4ypms,Rainbow6,post,1544469227,neutral
a5zsps,Rainbow6,post,1544749190,negative
a8a2qb,Rainbow6,post,1545399598,negative
a93jyj,Rainbow6,post,1545643208,negative
a9izwr,Repsneakers,post,1545777414,neutral
a72h6i,SEO,post,1545071706,negative
a835i8,SantasLittleHelpers,post,1545343889,positive
ab89wh,Tekken,post,1546271618,neutral
a8je4t,amihot,post,1545469095,positive
a8sz0i,asktransgender,post,1545551265,positive
a6xm7n,blackcats,post,1545031006,negative
abb2bz,borrow,post,1546289111,neutral
a7aayl,casualnintendo,post,1545132954,negative
aaog69,exjw,post,1546113852,neutral
a6pqjt,facepalm,post,1544973450,negative
a8g7f3,gaming,post,1545439363,neutral
a6smo9,lego,post,1544992678,neutral
a3dyyh,mexico,post,1544028072,neutral
a2ra1i,redditrequest,post,1543860920,neutral
a26yo3,redditrequest,post,1543699335,neutral
a8ukzs,sbubby,post,1545571067,neutral
a330t4,secretsanta,post,1543945974,positive
aa20my,secretsanta,post,1545937092,neutral
a4nr8q,sex,post,1544383171,neutral
a9huup,soccer,post,1545768459,neutral
a9hw6p,soccer,post,1545768745,neutral
a629l4,starcitizen,post,1544768617,negative
a6y4j5,trebuchetmemes,post,1545036569,negative
a34fhd,2007scape,post,1543954773,negative
a6nupn,AskReddit,post,1544952972,neutral
a6az4e,BestOfReports,post,1544836982,neutral
a7hjh2,Drama,post,1545182344,negative
a4gl1q,Ice_Poseidon,post,1544317551,neutral
a6xvnr,Ice_Poseidon,post,1545033776,negative
a3i47j,Ice_Poseidon,post,1544053511,neutral
a7q6bp,RandomActsofCards,post,1545251026,neutral
a7rdeo,RussiaLago,post,1545258678,negative
a4mg4j,SubredditDrama,post,1544374900,negative
a9dgos,UkrainianConflict,post,1545727686,negative
abbb72,UkrainianConflict,post,1546290734,negative
a44j50,antiMLM,post,1544219583,positive
a4997y,btc,post,1544259898,positive
ab5x4h,bugs,post,1546251311,negative
a5ri7b,copypasta,post,1544687641,negative
a2aeh2,cripplingalcoholism,post,1543725738,negative
a47v88,dadjokes,post,1544245606,neutral
aal47d,dankmemes,post,1546089180,neutral
a85pcj,dankmemes,post,1545361470,negative
a8bthd,dankmemes,post,1545410896,negative
a9bmo5,justneckbeardthings,post,1545709050,neutral
a21f3c,notinteresting,post,1543653090,negative
a5e2ol,pathofexile,post,1544583541,negative
a3j689,redditrequest,post,1544060655,neutral
a75v3l,redditrequest,post,1545093628,neutral
a43ibg,redditrequest,post,1544213000,neutral
a76h0f,redditrequest,post,1545098038,neutral
a5ddj7,redditrequest,post,1544578337,neutral
a6cx7z,redditrequest,post,1544854000,neutral
a71ph9,redditrequest,post,1545066861,neutral
aar0n4,squirting,post,1546131075,positive
a5y8sm,teenagers,post,1544738682,neutral
a5zgi3,traaaaaaannnnnnnnnns,post,1544746797,negative
a4sq0i,vaxxhappened,post,1544419249,negative
a5jmk7,CODZombies,post,1544631799,positive
a4cbad,DarkNetMarketsNoobs,post,1544288150,negative
a4kgrp,DarkNetMarketsNoobs,post,1544356542,negative
a30drt,DeepFriedMemes,post,1543927710,neutral
a5ayoa,FortNiteBR,post,1544562147,negative
aahs5q,FreeKarma4U,post,1546056037,neutral
a2biog,JordanPeterson,post,1543737422,positive
a8al0n,KingdomHearts,post,1545403139,positive
a9b2qi,PewdiepieSubmissions,post,1545704021,neutral
ab3980,PuppySmiles,post,1546227328,neutral
a5ueu0,StarVStheForcesofEvil,post,1544714522,negative
aaopqh,The_Donald,post,1546115620,negative
a2sk12,WackyTicTacs,post,1543868550,negative
a9pfyn,WhitePeopleTwitter,post,1545838263,negative
a9cuxo,YouShouldKnow,post,1545720763,negative
a2sfgp,bakchodi,post,1543867799,neutral
a30t1b,chvrches,post,1543931214,positive
ab7qrt,dankmemes,post,1546267913,negative
aa1g6f,darkjokes,post,1545933580,neutral
aakxlh,dyinglight,post,1546087363,neutral
a69kv0,fitnesscirclejerk,post,1544826389,neutral
a998po,fitnesscirclejerk,post,1545689017,negative
a8k8do,gopro,post,1545479129,neutral
a75tnr,haiku,post,1545093312,negative
abaucm,hiphopheads,post,1546287636,negative
aa4js4,keto,post,1545953656,negative
a6sfej,lego,post,1544991360,negative
a76238,pathofexile,post,1545095065,neutral
a9of73,pics,post,1545829609,neutral
a7hutp,quityourbullshit,post,1545184669,neutral
a2pg6n,reddeadredemption,post,1543849569,negative
a8q3lv,redditrequest,post,1545524615,neutral
a7qlsy,redditrequest,post,1545253724,neutral
aaj13e,redditrequest,post,1546066599,neutral
a84jic,redditrequest,post,1545352492,neutral
a7ew4p,runescape,post,1545164999,neutral
a4vtkz,secretsanta,post,1544449873,neutral
a4obqq,sexover30,post,1544386765,positive
a4gifv,teenagers,post,1544316988,neutral
a2j7hx,ufl,post,1543797308,neutral
a747vd,unpopularopinion,post,1545082556,negative
a7brzm,winnipegjets,post,1545145247,positive
a6hozb,Animemes,post,1544899822,negative
a8smdu,AskReddit,post,1545547152,neutral
a8vqzl,Brunei,post,1545581026,negative
a3ongf,DeepFriedMemes,post,1544108489,negative
aar3wr,FULLDISCOURSE,post,1546131715,negative
a6kygm,Ice_Poseidon,post,1544923762,negative
a6w0iv,Ice_Poseidon,post,1545017058,negative
ab5rfn,Libertarian,post,1546249604,negative
a4lezf,MGTOW,post,1544366639,negative
a9affr,OCLions,post,1545698266,positive
a36t91,ShingekiNoKyojin,post,1543969934,negative
a5o0xf,TellReddit,post,1544659925,positive
a29y49,apolloapp,post,1543721694,neutral
a1z44d,beta,post,1543631703,negative
ab8m4k,boottoobig,post,1546273783,negative
a9n7a4,bristol,post,1545816227,neutral
a7e9oo,canada,post,1545161090,negative
aacrgb,cocaine,post,1546021078,neutral
a32tsf,dankmemes,post,1543944784,negative
aaf4iq,dankmemes,post,1546036316,negative
a8wzkj,dankmemes,post,1545589584,negative
aad3zc,darknet,post,1546023314,negative
a5fcn2,exmormon,post,1544593817,neutral
a4c22u,gaming,post,1544286349,neutral
a3gef8,gradadmissions,post,1544042815,neutral
a5xfqh,huntersbell,post,1544733675,neutral
a97mzv,legaladvice,post,1545677716,neutral
a7m9pw,littlespace,post,1545224996,neutral
a52xvx,melbourne,post,1544498006,neutral
a4y9dn,redditrequest,post,1544466435,neutral
aab4xv,redditrequest,post,1546010256,neutral
a5n2rb,redditrequest,post,1544653471,neutral
a9xw8i,redditrequest,post,1545903928,neutral
a3awht,redditrequest,post,1544003639,neutral
a36xe0,redditrequest,post,1543970727,neutral
aa4moc,restofthefuckingowl,post,1545954207,negative
ab4bhr,saplings,post,1546235528,neutral
a5yhqj,schizophrenia,post,1544740252,positive
a6c6xw,softwaregore,post,1544847248,positive
a6983o,uAlberta,post,1544823972,neutral
aarsb8,ufc,post,1546136779,neutral
a4vtp6,uncharted,post,1544449899,positive
a3knvg,whatsthisworth,post,1544071661,negative
a6l0dd,worldpowers,post,1544924202,negative
a2u7by,2meirl4meirl,post,1543877766,neutral
a3petg,2meirl4meirl,post,1544113360,neutral
a68gky,Android,post,1544818781,neutral
a2pctb,Braincels,post,1543848962,negative
a2q3vq,Braincels,post,1543853857,negative
a5v4iq,Braincels,post,1544719212,positive
a9tr2z,Braincels,post,1545868335,negative
a85ebl,ChapoTrapHouse,post,1545359069,negative
a6aa5u,Conservative,post,1544831553,negative
aag8c4,DeepFriedMemes,post,1546044077,negative
a3cruw,DotA2,post,1544020241,neutral
aa6w81,Frisson,post,1545971042,negative
a5fne1,HealthAnxiety,post,1544596503,negative
a3agba,Ice_Poseidon,post,1543998685,positive
a901xk,Indiana,post,1545611811,negative
aa4e65,KeepWriting,post,1545952587,neutral
a2dgpp,TampaBayLightning,post,1543759695,neutral
a2mttq,The_Donald,post,1543826193,negative
a2pppc,Warframe,post,1543851358,negative
ab7iqd,creepy,post,1546266169,neutral
a9db1s,dankmemes,post,1545725791,negative
a5xs84,dankmemes,post,1544735788,neutral
a99ku6,deadbydaylight,post,1545691587,neutral
ab8jgr,gmod,post,1546273313,neutral
a4cojf,moviescirclejerk,post,1544290661,negative
a95zh5,printmaking,post,1545666314,neutral
a1yioh,redditrequest,post,1543626965,neutral
a7f9he,redditrequest,post,1545167308,neutral
a3rrln,redditrequest,post,1544127166,neutral
a6x556,redditrequest,post,1545026585,neutral
aavfxj,redditrequest,post,1546172152,neutral
a2qtmx,redditrequest,post,1543858317,neutral
a52s9s,redditrequest,post,1544496859,neutral
aaou9s,redditrequest,post,1546116440,neutral
a492j5,relationship_advice,post,1544257730,neutral
a4hdhf,roblox,post,1544323846,neutral
a515zf,runescape,post,1544484973,neutral
a8jdxb,selfie,post,1545469030,positive
a4btvi,smashbros,post,1544284792,negative
a6m5p2,stopdrinking,post,1544933943,positive
aako4z,AmericanHorrorStory,post,1546084495,negative
a6uo6z,Animemes,post,1545006917,negative
a8wwgr,Animemes,post,1545588957,negative
a8x208,Animemes,post,1545590071,negative
a955ym,Animemes,post,1545659829,negative
a760bl,ArchitecturePorn,post,1545094714,negative
a2p1cv,AskDocs,post,1543846745,negative
a6mgzm,Chargers,post,1544936895,neutral
a2tjg8,Conservative,post,1543874120,negative
a9it3h,DBZDokkanBattle,post,1545775896,neutral
a2rqt9,DanLeBatardShow,post,1543863697,neutral
a9a96u,EDM,post,1545696866,neutral
a2izfc,GreenBayPackers,post,1543795784,negative
a7fanx,Ice_Poseidon,post,1545167494,neutral
aat8ex,Neverbrokeabone,post,1546148456,neutral
a7vcqx,PrequelMemes,post,1545288951,neutral
a5v5lb,Rainbow6,post,1544719407,negative
a7lxsr,Tekken,post,1545222174,neutral
a7oijj,XChangePill,post,1545240573,positive
aahmvx,barstoolsports,post,1546054887,negative
a84i7r,buccos,post,1545352225,neutral
aayb06,dankmemes,post,1546194384,neutral
a6rekz,dragonballfighterz,post,1544984593,negative
aagm71,gatekeeping,post,1546046931,negative
a2k7ov,gifs,post,1543804517,negative
a6igwp,gifs,post,1544905297,neutral
a98uwq,gifs,post,1545686215,negative
aal9l7,glasgow,post,1546090647,neutral
a4hskw,insanepeoplefacebook,post,1544327379,negative
a4l3n6,ketorecipes,post,1544363499,negative
a58gyu,madlads,post,1544546745,neutral
a3w2xw,rant,post,1544154880,negative
a98mzk,redditrequest,post,1545684647,neutral
a7878p,redditrequest,post,1545111452,neutral
a8fug6,redditrequest,post,1545436634,neutral
a7h9cd,redditrequest,post,1545180380,neutral
ab0bea,teenagers,post,1546207163,neutral
a57juh,unpopularopinion,post,1544540739,negative
a8dxuq,uspolitics,post,1545423323,negative
a2ayn7,uwaterloo,post,1543731066,negative
aa5k5p,vainglorygame,post,1545960833,negative
aaoehe,walkingwarrobots,post,1546113547,negative
a2qboa,AskHistorians,post,1543855195,neutral
a9p7nc,Assistance,post,1545836497,neutral
aaqacx,AtlantaHawks,post,1546126114,negative
a2y6o8,BattleRite,post,1543905734,neutral
a97sep,CFL,post,1545678703,negative
a7hfop,DeepFriedMemes,post,1545181605,neutral
a3vi6f,FlashTV,post,1544150814,positive
a6jj6z,HailCorporate,post,1544912762,negative
a3h89a,Ice_Poseidon,post,1544047906,negative
a7ovcq,Ice_Poseidon,post,1545242844,neutral
a7ra22,Showerthoughts,post,1545258063,negative
a7hssn,Showerthoughts,post,1545184266,neutral
a3elez,arumba07,post,1544031800,negative
a58f0j,dankmemes,post,1544546415,negative
a3ir08,dankmemes,post,1544057669,neutral
a76whm,dankmemes,post,1545101161,neutral
aabusv,dankmemes,post,1546015261,negative
aac3bc,dankmemes,post,1546016790,negative
a5w9gi,discordapp,post,1544726363,neutral
a5262a,exmormon,post,1544492257,neutral
a67ice,ideasfortheadmins,post,1544812586,neutral
a6n4rw,india,post,1544943790,negative
a2kee8,nba,post,1543805835,negative
a9i4js,opendirectories,post,1545770521,negative
aakmbg,rage,post,1546083871,neutral
aaqkgt,rage,post,1546128078,negative
aa0la6,rant,post,1545927963,negative
a7dal1,redditrequest,post,1545155041,neutral
a9dwgg,redditrequest,post,1545733044,neutral
a9i183,redditrequest,post,1545769804,neutral
a9jnug,redditrequest,post,1545782970,neutral
a2q433,redditrequest,post,1543853898,neutral
a59pxq,redditrequest,post,1544554474,neutral
a5y8qr,roblox,post,1544738673,negative
a5ydg3,roblox,post,1544739495,negative
a5ygvk,roblox,post,1544740094,negative
a5ymhx,roblox,post,1544741116,negative
a3gjt5,runescape,post,1544043734,neutral
a7vvvh,starcitizen,post,1545294254,negative
a6hdnc,teenagers,post,1544897627,neutral
a2dn8z,teenagers,post,1543761155,positive
aa3sc9,writing,post,1545948504,neutral
a52wu8,CHIBears,post,1544497788,neutral
a6ws93,ChapoTrapHouse,post,1545023377,negative
ab3dkz,Cthulhu,post,1546228239,negative
a44zgv,Cumtown,post,1544222515,negative
a5lah0,DnD,post,1544642163,neutral
a55pqp,FACEITcom,post,1544524500,negative
a5ntu6,Fallout,post,1544658517,negative
a46qww,GenderCritical,post,1544235825,neutral
a3v0wc,IdleHeroes,post,1544147499,neutral
aausp4,KingkillerChronicle,post,1546164731,neutral
a3qrza,LeagueOfMeta,post,1544121405,negative
a4q9zs,LosAngelesRams,post,1544400105,neutral
a65tzz,Mcat,post,1544801762,negative
a63vob,MemeEconomy,post,1544785405,neutral
a6zatg,MemeEconomy,post,1545048800,neutral
abc1qp,RandomActsOfBlowJob,post,1546295633,negative
a8g5ws,SpideyMeme,post,1545439038,neutral
a7oauy,Vaping101,post,1545239246,neutral
a536fr,Vent,post,1544499784,negative
a2pf4o,Warframe,post,1543849380,neutral
a2oukt,Warthunder,post,1543845387,negative
aavmou,bakchodi,post,1546174180,negative
aalxok,chelseafc,post,1546096501,neutral
a6ydmm,dankmemes,post,1545039401,neutral
a7brvi,dankmemes,post,1545145227,negative
aazpkq,drunk,post,1546203346,neutral
a2ffew,ladybonersgw,post,1543773478,positive
a9hck2,ladybonersgw,post,1545764646,neutral
ab4590,ladybonersgw,post,1546234158,neutral
a3dfp0,ladybonersgw,post,1544024738,neutral
a9fefh,pics,post,1545749725,negative
a6e52k,rant,post,1544868048,negative
a3zslr,redditrequest,post,1544188778,neutral
a79xqm,redditrequest,post,1545128968,neutral
a3jq8n,redditrequest,post,1544064612,neutral
a53fpi,redditrequest,post,1544501760,neutral
a7f6nh,secretsanta,post,1545166845,neutral
a29ctv,teenagers,post,1543716692,neutral
a29muh,teenagers,post,1543719024,neutral
a59cpn,vegan,post,1544552169,neutral
a8ugo7,youseeingthisshit,post,1545569888,negative
a4pvl7,4Runner,post,1544397111,positive
a84mg7,4chan,post,1545353121,negative
a94cj9,AutoModerator,post,1545651973,neutral
a7qme9,AyyMD,post,1545253823,positive
a383fq,CatTaps,post,1543978971,negative
a9bbko,DBZDokkanBattle,post,1545706308,positive
a7fkgp,Defcon,post,1545169157,negative
a7m65r,FortNiteBR,post,1545224198,neutral
a46u5l,FortNiteBR,post,1544236571,negative
aag3ig,Ice_Poseidon,post,1546043071,negative
a2azfi,Kappa,post,1543731290,negative
a40bnc,ModSupport,post,1544192629,neutral
a41gyy,NoStupidQuestions,post,1544200243,neutral
a9s3w0,NoStupidQuestions,post,1545856520,neutral
a5ewgj,OhioStateFootball,post,1544590056,neutral
aanld5,PersonalFinanceCanada,post,1546108261,neutral
ab5ct8,RimWorld,post,1546245127,neutral
a7b7e4,Songwriting,post,1545140923,neutral
a235kx,StudentNurse,post,1543672203,neutral
a3bab3,Warframe,post,1544007599,neutral
a9qdl1,boxoffice,post,1545844882,neutral
a33lab,computers,post,1543949641,neutral
aax5bi,dankmemes,post,1546186745,neutral
a7d681,dankmemes,post,1545154291,negative
a6qocc,dankmemes,post,1544979916,neutral
a6qro5,dankmemes,post,1544980516,neutral
a4m79l,freefolk,post,1544373289,negative
a4xncw,ireland,post,1544462604,negative
aatxdx,lakers,post,1546154865,negative
a7zpdc,memes,post,1545324053,neutral
ab91uu,modhelp,post,1546276532,neutral
a20y06,nba,post,1543647828,negative
a72o56,redditrequest,post,1545072901,neutral
a3hpp6,redditrequest,post,1544050960,neutral
a60hz1,redditrequest,post,1544754400,neutral
ab20yd,redditrequest,post,1546218487,neutral
a7l085,redditrequest,post,1545212711,neutral
a5yh81,teenagers,post,1544740156,neutral
aao4hd,ARKone,post,1546111705,neutral
a1z61g,Bitcoin,post,1543632139,neutral
a878m1,Catloaf,post,1545373967,negative
a87f8m,Catloaf,post,1545375574,negative
a5h41w,ClashOfClans,post,1544611817,negative
aapajc,Comcast_Xfinity,post,1546119402,neutral
aai6in,DeepFriedMemes,post,1546059257,negative
a46zu4,DoesAnybodyElse,post,1544237971,neutral
a8ezov,EDM,post,1545430384,neutral
a4l7ru,ExpandDong,post,1544364626,neutral
a8ele3,HiTMAN,post,1545427736,negative
a8yse0,HiTMAN,post,1545602311,negative
a2vd2m,Ice_Poseidon,post,1543885257,neutral
a7fazm,Ice_Poseidon,post,1545167546,negative
a5asyu,Libertarian,post,1544561169,negative
aakvkl,LongDistance,post,1546086760,positive
a2tovw,MensRights,post,1543874963,positive
a4gvys,SaltLakeCity,post,1544319948,neutral
a45xu6,SubredditDrama,post,1544229286,negative
a5r7gl,SubredditDrama,post,1544684605,negative
a78tmw,TwoBestFriendsPlay,post,1545117174,positive
aad4wy,arenaofvalor,post,1546023474,negative
a29ijl,askgaybros,post,1543718053,negative
a8lxw0,askgaybros,post,1545494802,negative
a8usmt,askgaybros,post,1545573160,neutral
a8utpv,askgaybros,post,1545573444,neutral
a9dyo6,askgaybros,post,1545733831,neutral
a4p29a,belgium,post,1544391506,neutral
a9e9rd,cordcutters,post,1545737606,neutral
a338wx,dankmemes,post,1543947544,neutral
a5z933,dankmemes,post,1544745355,neutral
aar5k5,dankmemes,post,1546132045,negative
a4vq3g,dankmemes,post,1544449101,negative
a3a8w9,dykesgonemild,post,1543996523,negative
a691f0,falcons,post,1544822712,neutral
a7yb0n,hamptonbrandon,post,1545315218,negative
a4bqvd,kindafunny,post,1544284190,neutral
a4cyp5,leagueoflegends,post,1544292541,neutral
aaol45,needamod,post,1546114759,neutral
a4ylij,opieandanthony,post,1544468511,negative
a50hz7,opieandanthony,post,1544480499,neutral
a48tsm,phgonewild,post,1544254927,neutral
a7mrvd,redditrequest,post,1545228986,neutral
a7u1rz,redditrequest,post,1545277875,neutral
a9b9vm,soccer,post,1545705868,neutral
a7tgl8,thatHappened,post,1545273330,neutral
a61vum,unpopularopinion,post,1544765289,neutral
a3wdss,unpopularopinion,post,1544157029,negative
a8uzky,washingtondc,post,1545574875,neutral
a5vlns,whitesox,post,1544722237,neutral
a6mjur,wow,post,1544937650,neutral
a779nm,wow,post,1545103986,neutral
aa16i7,wow,post,1545931873,negative
a87y8n,2007scape,post,1545380524,negative
a3z2q7,Browns,post,1544182384,positive
a72juj,Catholicism,post,1545072180,positive
a9d1i9,ChapoTrapHouse,post,1545722742,negative
a3ktxe,CollegeBasketball,post,1544073037,negative
a35hjw,CrappyDesign,post,1543961266,neutral
a8gnay,CrappyDesign,post,1545442876,negative
abcddk,CrappyDesign,post,1546297758,negative
a9x90w,Drama,post,1545896959,negative
aa8u2h,EdmontonOilers,post,1545989038,negative
a50u8o,Iowa,post,1544482789,negative
a99td6,Kappa,post,1545693435,neutral
a5c2zf,Libertarian,post,1544569227,negative
a523l6,NoStupidQuestions,post,1544491761,neutral
a3rgkn,OopsDidntMeanTo,post,1544125397,negative
a2cke9,PandR,post,1543750538,neutral
aa5c1b,Pets,post,1545959173,positive
aafrtf,PrequelMemes,post,1546040741,neutral
a4eggm,Psychonaut,post,1544302457,neutral
a951f0,SantasLittleHelpers,post,1545658670,positive
a5guq5,Showerthoughts,post,1544609071,negative
a7clkb,TooAfraidToAsk,post,1545150702,negative
a68qm9,bakchodi,post,1544820690,negative
aa1jq8,boottoobig,post,1545934181,neutral
a4jm7d,dankmemes,post,1544346188,negative
a6r1fm,dankmemes,post,1544982247,neutral
a7pl58,freegold,post,1545247323,negative
a7yund,help,post,1545318928,neutral
a8he93,madlads,post,1545449085,neutral
a3ey2r,mentalhealth,post,1544033907,neutral
ab6f1t,orangetheory,post,1546256494,positive
a7syvq,raimimemes,post,1545269770,neutral
a7248h,reddeadredemption,post,1545069472,positive
a7l12g,redditrequest,post,1545212966,neutral
a92cz5,redditrequest,post,1545631046,neutral
a9asfl,teenagers,post,1545701406,negative
a3gg1h,trebuchetmemes,post,1544043088,positive
ab0igc,unpopularopinion,post,1546208418,negative
a2gtk9,weed,post,1543781983,negative
aansjq,AutoModerator,post,1546109558,neutral
a5kp9z,BabyBumps,post,1544638552,neutral
a97rbh,Badfaketexts,post,1545678508,negative
a8ca56,Braincels,post,1545413604,negative
a9gdpq,Braincels,post,1545757572,negative
aabjrq,ConspiracyII,post,1546013185,neutral
a50mdf,DBZDokkanBattle,post,1544481314,neutral
a74wvi,Ice_Poseidon,post,1545086979,neutral
a29dtw,Judaism,post,1543716933,neutral
a6hlmj,Kappa,post,1544899201,neutral
a5fasp,MMA,post,1544593362,neutral
a6ggio,MMA,post,1544891209,neutral
aa2s7e,OnePunchMan,post,1545941903,positive
a7k3jj,Rabbits,post,1545203021,positive
a87gtl,Rainbow6,post,1545375945,neutral
a4jdup,ShitPoliticsSays,post,1544343271,negative
aad1zy,TopMindsOfReddit,post,1546022947,negative
aa5hl7,XXXTENTACION,post,1545960295,neutral
aadhfw,bengals,post,1546025688,neutral
a586ge,bollywood,post,1544544913,neutral
a7zk17,comicbookcollecting,post,1545323210,neutral
a58ugj,copypasta,post,1544549072,negative
ab45si,cripplingalcoholism,post,1546234272,neutral
a8lxx6,dankmemes,post,1545494811,negative
a5cyum,dankmemes,post,1544575414,neutral
a98tet,forsen,post,1545685929,neutral
a4z9bi,hoi4,post,1544472636,negative
a5ij8e,ireland,post,1544624403,neutral
a9earv,madlads,post,1545737934,negative
aaoka2,memes,post,1546114611,negative
a4xryd,needamod,post,1544463405,neutral
a7rpdh,reddeadredemption,post,1545260864,negative
a3y8sa,redditrequest,post,1544173722,neutral
a72u2o,redditrequest,post,1545073924,neutral
a8yp0b,redditrequest,post,1545601608,negative
a6lbv4,redditrequest,post,1544926839,neutral
a4gb0g,redditrequest,post,1544315440,neutral
a9i0g8,soccer,post,1545769643,positive
a31rse,ssbbw,post,1543938147,negative
aag63q,stopdrinking,post,1546043613,neutral
a5vrlc,wls,post,1544723274,neutral
a2ry1x,xxfitness,post,1543864898,neutral
ab3ds8,Art,post,1546228281,neutral
a4ee2e,AskOuija,post,1544301985,negative
a90fpn,ChapoTrapHouse,post,1545614867,negative
aau5wj,Drama,post,1546157411,negative
a352qm,Epilepsy,post,1543958752,neutral
a5kmqp,FIFA,post,1544638109,negative
a6v0t8,Firearms,post,1545009480,negative
a2bg2d,KansasCityChiefs,post,1543736470,neutral
a2vwb1,Memes_Of_The_Dank,post,1543888943,negative
a4kbwv,PrequelMemes,post,1544354898,neutral
a66hq0,ShitPoliticsSays,post,1544806065,negative
a6jtgx,Shitstatistssay,post,1544914910,negative
a9rjt0,Showerthoughts,post,1545852813,positive
ab733c,australia,post,1546262641,negative
aaps3z,dankmemes,post,1546122696,neutral
aarzqv,datingoverthirty,post,1546138409,neutral
a8fd7v,gamindustri,post,1545433008,negative
aatv2v,iamverybadass,post,1546154217,negative
a6gj5z,memes,post,1544891744,neutral
a277dm,mildlyinfuriating,post,1543700973,neutral
a4yjgt,modhelp,post,1544468169,neutral
a9pgbe,modhelp,post,1545838340,neutral
a9feg4,pettyrevenge,post,1545749730,negative
a2ri3g,pics,post,1543862266,negative
a3txvf,pitchforkemporium,post,1544140154,neutral
a8adir,redditrequest,post,1545401724,neutral
a60z3f,redditrequest,post,1544758047,neutral
a7cujy,redditrequest,post,1545152294,neutral
a8f02j,redditrequest,post,1545430453,neutral
a6h4co,redditrequest,post,1544895869,neutral
aaw83v,sanfrancisco,post,1546179689,negative
a84hcu,selfharm,post,1545352042,neutral
a3jexe,whatisthisthing,post,1544062379,negative
a7z5yk,Anarcho_Capitalism,post,1545320882,neutral
a7u6cr,AskReddit,post,1545278853,negative
a7ey0h,Braincels,post,1545165342,negative
a611vc,Buttcoin,post,1544758636,negative
aa5faj,Buttcoin,post,1545959831,negative
a6llfp,ChapoTrapHouse,post,1544929050,neutral
a627tr,Chargers,post,1544768192,negative
a50pau,CringeAnarchy,post,1544481863,negative
abbde7,DeepFriedMemes,post,1546291145,neutral
a311bd,FIFA,post,1543932965,negative
ab37y8,GarlicBreadMemes,post,1546227059,negative
a9c9dp,Greyhounds,post,1545714869,neutral
a388gk,LPOTL,post,1543979938,positive
aayhp6,LPOTL,post,1546195597,positive
a4bnb6,LiverpoolFC,post,1544283484,neutral
a5ixd6,Marvel,post,1544627212,negative
a9u9ry,NintendoSwitch,post,1545872164,positive
a6y3az,NoStupidQuestions,post,1545036188,positive
a8ck2e,OnePiece,post,1545415208,negative
a7clzr,Overwatch,post,1545150777,negative
a9o506,RocketLeagueFriends,post,1545826782,negative
a4ytl4,Seahawks,post,1544469872,positive
a2cy04,ShokugekiNoSoma,post,1543754929,negative
a48wn2,Stims,post,1544255849,neutral
a8cquw,The_Donald,post,1545416282,neutral
a2ybc7,TwoBestFriendsPlay,post,1543906923,negative
a9azl0,Vaping,post,1545703227,negative
aak4up,Vaping,post,1546078401,negative
a699rx,WorldofTanksConsole,post,1544824304,neutral
a7k394,bimbofication,post,1545202950,positive
a92n3d,cosplaygirls,post,1545633617,neutral
aai3c6,dankmemes,post,1546058544,neutral
a79duo,dankmemes,post,1545123146,negative
a65b0p,dankmemes,post,1544797996,negative
aa3qe6,dankmemes,post,1545948154,negative
a2mvmu,dankmemes,post,1543826719,neutral
a5tbhk,dankmemes,post,1544706304,neutral
a2g9tu,fatestaynight,post,1543778646,neutral
a3wkqf,gso,post,1544158420,neutral
a6mhag,ideasfortheadmins,post,1544936975,neutral
a51nna,legaladvice,post,1544488460,negative
a39d8c,memes,post,1543988651,negative
a4g5u3,minnesotavikings,post,1544314354,neutral
a2iq2x,morbidquestions,post,1543793983,neutral
abaa3m,oculus,post,1546284089,negative
a9p5nk,redditrequest,post,1545836066,neutral
a94xri,redditrequest,post,1545657765,neutral
a6p5hy,trees,post,1544968430,neutral
aazu36,ween,post,1546204133,neutral
a4prex,AskEngineers,post,1544396287,neutral
abakox,CHIBears,post,1546285941,neutral
a2incl,CasualUK,post,1543793458,negative
a91qn1,DallasStars,post,1545625661,neutral
aagnp5,Ice_Poseidon,post,1546047250,neutral
a6ky03,LAClippers,post,1544923653,neutral
a6j7mw,Libertarian,post,1544910400,negative
a216np,Libertarian,post,1543650407,negative
a217ps,Libertarian,post,1543650738,negative
a21hr6,Libertarian,post,1543653991,neutral
a26v9c,Libertarian,post,1543698691,negative
a27wit,Libertarian,post,1543705796,negative
a28779,Libertarian,post,1543707935,negative
a28r9f,Libertarian,post,1543712036,neutral
a2bdns,Libertarian,post,1543735644,negative
a2cyc6,Libertarian,post,1543755036,neutral
a2cyzh,Libertarian,post,1543755216,negative
a2s9pv,Libertarian,post,1543866831,negative
a3tkho,Libertarian,post,1544137760,negative
a49hks,Libertarian,post,1544262525,negative
a4awjx,Libertarian,post,1544277559,negative
a4dncm,Libertarian,post,1544297055,negative
a4eff6,Libertarian,post,1544302265,negative
a4g3g9,Libertarian,post,1544313855,negative
a4h29y,Libertarian,post,1544321341,negative
a4ho25,Libertarian,post,1544326292,negative
a4i8kh,Libertarian,post,1544331446,negative
a4im0k,Libertarian,post,1544335074,positive
a4q2xt,Libertarian,post,1544398624,negative
a4qbfw,Libertarian,post,1544400429,negative
a4v0ig,Libertarian,post,1544442724,negative
a53jay,Libertarian,post,1544502568,negative
a559wa,Libertarian,post,1544519646,negative
a6aco6,Libertarian,post,1544832108,positive
a6dqmr,Libertarian,post,1544863001,neutral
a7dnbx,Libertarian,post,1545157223,neutral
a7e12l,Libertarian,post,1545159640,neutral
a7y49e,Libertarian,post,1545313946,neutral
a9w658,Libertarian,post,1545887247,neutral
a26k59,ModSupport,post,1543696599,neutral
a4cw5o,RepLadies,post,1544292079,positive
aak9h2,The_Donald,post,1546079818,neutral
ab4nve,VideoEditing,post,1546238456,positive
a4m4qx,assholedesign,post,1544372782,negative
a2u5h1,bonehurtingjuice,post,1543877468,negative
a5opyo,copypasta,post,1544665011,negative
a6hgyc,copypasta,post,1544898275,neutral
a48g52,darkjokes,post,1544250955,negative
a68n3u,ethereum,post,1544820013,negative
a7u6ua,gamegrumps,post,1545278971,negative
a79s9e,greentext,post,1545127410,neutral
aaqezq,legaladvice,post,1546127015,neutral
aaukjt,legaladvice,post,1546162078,neutral
a6x9im,lgbt,post,1545027675,neutral
a90cc7,memes,post,1545614065,neutral
a2hvpj,memes,post,1543788368,negative
ab6nlr,quittingkratom,post,1546258881,neutral
a8tku3,reddevils,post,1545559099,neutral
a7jkpi,redditrequest,post,1545198158,neutral
a5lbgq,saplings,post,1544642337,neutral
a6hbox,secretsanta,post,1544897254,positive
aazkwz,tinnitus,post,1546202511,neutral
a6lkf2,tipofmytongue,post,1544928814,neutral
a3kmg0,BuildAPCSalesMeta,post,1544071340,neutral
a3tu4x,CrusaderKings,post,1544139495,negative
a6kn0y,EscapefromTarkov,post,1544921188,negative
a5pbk0,GetMotivated,post,1544669426,positive
a2ii5d,Ice_Poseidon,post,1543792465,neutral
a6p8vk,Ice_Poseidon,post,1544969290,neutral
a2m5sn,Ice_Poseidon,post,1543819722,negative
a4rme4,MassiveCock,post,1544410406,neutral
a6pgqv,MassiveCock,post,1544971253,negative
aaaul6,MassiveCock,post,1546008147,neutral
a7r3k6,PewdiepieSubmissions,post,1545256895,neutral
a9hcvt,SCJerk,post,1545764714,negative
a99rsi,SeriousConversation,post,1545693107,neutral
a24tas,UTAustin,post,1543684681,positive
a89lly,Vent,post,1545396049,negative
a824sy,WaltDisneyWorld,post,1545338036,neutral
a8lx6l,amiugly,post,1545494658,neutral
a51hmo,bbuk,post,1544487223,neutral
a250jr,betternews,post,1543686056,negative
a2eaf0,betternews,post,1543766110,negative
a8yeeh,boottoobig,post,1545599474,negative
aab02k,btc,post,1546009264,negative
a3vzds,darkjokes,post,1544154181,neutral
a55rix,darkjokes,post,1544525022,neutral
a68h85,darkjokes,post,1544818907,negative
a8rk8b,darkjokes,post,1545536906,neutral
a8rkc8,darkjokes,post,1545536935,neutral
a8rkgy,darkjokes,post,1545536964,neutral
a8rkrq,darkjokes,post,1545537032,neutral
a8v5jq,darkjokes,post,1545576318,negative
a2js1y,detroitlions,post,1543801348,positive
a37uxo,detroitlions,post,1543977318,positive
a46ggl,detroitlions,post,1544233452,positive
a5ddq7,detroitlions,post,1544578378,positive
a855pu,detroitlions,post,1545357205,positive
a9tkot,detroitlions,post,1545867058,positive
a79uhk,eu4,post,1545128019,neutral
a9em1e,gatekeeping,post,1545741766,neutral
a7t2b8,nba,post,1545270403,neutral
aaw3s4,oneplus,post,1546178645,negative
ab8qwz,redditrequest,post,1546274655,neutral
a8b924,redditrequest,post,1545407435,neutral
a9fy8v,redditrequest,post,1545754279,neutral
a7orov,seinfeld,post,1545242215,neutral
a62vx0,tressless,post,1544774617,negative
aaknrt,unitedkingdom,post,1546084369,negative
a62j3v,unpopularopinion,post,1544771080,negative
a4vsxk,wallstreetbets,post,1544449729,negative
a5rdtp,2007scape,post,1544686344,negative
a85opl,2007scape,post,1545361337,positive
a9crfq,AskOuija,post,1545719772,neutral
a77jbh,Blacksmith,post,1545106038,neutral
a9uuh3,Braincels,post,1545876496,negative
aahmr2,Braincels,post,1546054860,negative
a4car6,CasualConversation,post,1544288049,positive
a4tld2,DBZDokkanBattle,post,1544427326,negative
a5zl7d,DBZDokkanBattle,post,1544747673,negative
a9smck,DBZDokkanBattle,post,1545860091,positive
abc2h3,DBZDokkanBattle,post,1546295760,neutral
aagckk,DeepFriedMemes,post,1546044929,neutral
a2c6ng,DotA2,post,1543745753,neutral
a59q38,FortNiteBR,post,1544554503,neutral
a5bhi4,FortNiteBR,post,1544565382,neutral
a2s6lv,FreeKarma4U,post,1543866309,negative
a3nx8x,Gamingcirclejerk,post,1544103132,neutral
a7dv7h,HistoryMemes,post,1545158591,neutral
a8o05h,Ice_Poseidon,post,1545509444,negative
a427y0,Ice_Poseidon,post,1544204851,neutral
a4if1v,Ice_Poseidon,post,1544333162,negative
a3sim5,KDRAMA,post,1544131628,negative
a9tt5w,Kaiserreich,post,1545868763,negative
a4l7k6,Libertarian,post,1544364568,neutral
a5li06,ShadowBan,post,1544643483,neutral
a2x7ga,The_Donald,post,1543898152,negative
a7v2bu,TheoryOfReddit,post,1545286321,negative
a2ckzk,copypasta,post,1543750744,negative
a7ddfb,engrish,post,1545155543,negative
a42vxf,haiku,post,1544209077,negative
aavcwj,mildlyinfuriating,post,1546171250,negative
a28vvs,modhelp,post,1543712964,neutral
a4333c,redditrequest,post,1544210320,neutral
a3wvpw,transformers,post,1544160702,negative
a85luv,unpopularopinion,post,1545360687,negative
aaicox,unpopularopinion,post,1546060620,negative
aakxrw,2007scape,post,1546087413,neutral
a5nyfl,Animemes,post,1544659435,neutral
a6al60,Animemes,post,1544833909,negative
a2y2mw,AskReddit,post,1543904725,negative
a7glyz,Borderlands2,post,1545175927,neutral
a7amyy,Christianity,post,1545136139,negative
a412da,CitiesSkylines,post,1544197672,positive
a6ye9b,FORTnITE,post,1545039586,positive
a4vx31,Filmmakers,post,1544450659,neutral
aauo63,FortNiteBR,post,1546163244,negative
a2eexg,Gunners,post,1543766993,positive
a7r4e9,Gunners,post,1545257042,negative
a7r52b,Gunners,post,1545257162,neutral
a6ch1d,HistoryMemes,post,1544849797,positive
a40kwo,Ice_Poseidon,post,1544194396,negative
a40m66,Ice_Poseidon,post,1544194634,negative
a4s0kf,KansasCityChiefs,post,1544413486,neutral
a6girz,KingdomHearts,post,1544891664,positive
a6ko3u,KitSwap,post,1544921412,neutral
a5l7j1,Libertarian,post,1544641646,negative
a5le15,Libertarian,post,1544642785,negative
a5ma3y,Libertarian,post,1544648454,neutral
a5ufte,Libertarian,post,1544714712,neutral
a3umq1,Needafriend,post,1544144772,neutral
a2fmjh,Stellar,post,1543774694,negative
ab98a4,TooAfraidToAsk,post,1546277654,neutral
a2ov36,Warframe,post,1543845497,neutral
aa9auo,asktrp,post,1545993997,neutral
a3xg4e,dankmemes,post,1544165521,positive
a3glbe,dankmemes,post,1544043989,negative
aa5gbb,dankmemes,post,1545960035,neutral
aa5phw,dankmemes,post,1545961969,neutral
a5uyiz,darkestdungeon,post,1544718129,neutral
a93tyv,dotamasterrace,post,1545646326,neutral
a85ojh,guitarpedals,post,1545361305,neutral
a3q0l0,redditrequest,post,1544116917,neutral
aabzto,redditrequest,post,1546016169,neutral
a7pgu9,redditrequest,post,1545246619,neutral
a5uik2,redditrequest,post,1544715222,neutral
a3ea0u,redditrequest,post,1544029895,neutral
aalamb,redditrequest,post,1546090911,neutral
ab2edf,secretsanta,post,1546221058,neutral
a6objl,tennis,post,1544959040,neutral
a78i5j,unpopularopinion,post,1545114129,neutral
a607sv,whiskey,post,1544752287,negative
a9aii4,woooosh,post,1545698999,positive
a5py8p,woooosh,post,1544673955,neutral
a4z164,9gag,post,1544471223,neutral
a59nqc,AutoModerator,post,1544554101,neutral
a4yhm7,DDLC,post,1544467845,neutral
a5hrmi,DDLC,post,1544618221,negative
a7yg1x,DDLC,post,1545316168,neutral
a9h7bp,DeepFriedMemes,post,1545763573,negative
a9hd51,DeepFriedMemes,post,1545764765,negative
a73axf,DeepFriedMemes,post,1545076841,negative
a6mdqr,DenverBroncos,post,1544936005,negative
ab63ip,FUTMobile,post,1546253198,positive
a4v2zu,G59,post,1544443426,negative
a3jus8,Games,post,1544065530,negative
a9jp63,IASIP,post,1545783261,negative
a2b4uh,JordanPeterson,post,1543732884,neutral
a2dppr,Kappa,post,1543761692,negative
a28jew,Libertarian,post,1543710432,neutral
a41oqg,ModSupport,post,1544201607,neutral
a4acdc,NoStupidQuestions,post,1544272094,neutral
a7lhem,OCPoetry,post,1545217785,neutral
a3aq1e,RandomKindness,post,1544001694,neutral
a2mmj7,Showerthoughts,post,1543824098,negative
a69d22,Starcitizen_trades,post,1544824930,negative
ab45q1,The100,post,1546234257,negative
a3kk4n,TheWaterLew,post,1544070824,positive
a8qakq,The_Donald,post,1545526110,negative
a2aj22,badwomensanatomy,post,1543726907,negative
a557bl,facepalm,post,1544518846,neutral
a9yzsl,funny,post,1545915197,neutral
a78v8i,help,post,1545117606,neutral
a29z81,mildlyinfuriating,post,1543721973,negative
a75nmc,pugs,post,1545092066,neutral
aaizep,redditrequest,post,1546066162,neutral
a8ls9u,redditrequest,post,1545493675,neutral
a6qarf,redditrequest,post,1544977421,neutral
ab9d19,redditrequest,post,1546278443,neutral
a4kf6l,skyrim,post,1544356015,negative
a52bep,traaaaaaannnnnnnnnns,post,1544493421,negative
a62l2y,traaaaaaannnnnnnnnns,post,1544771592,negative
a6ease,traaaaaaannnnnnnnnns,post,1544870015,negative
a3aj7p,travisscott,post,1543999571,negative
a32zgo,AutoModerator,post,1543945739,neutral
a242oy,Chargers,post,1543679609,neutral
a6vb0y,China,post,1545011654,neutral
a9ybw0,DunderMifflin,post,1545908588,negative
a7sfmj,FortNiteBR,post,1545265948,negative
a5bu29,FortNiteBR,post,1544567636,negative
a66b6j,FortNiteBR,post,1544804898,negative
a66csd,FortNiteBR,post,1544805172,negative
a6vqc3,Ice_Poseidon,post,1545014905,negative
a2yepk,MapleStory2,post,1543907770,negative
a3me56,ShadowBanned,post,1544087730,negative
a5teb9,SouthParkPhone,post,1544706925,negative
a41jbp,TotallyStraight,post,1544200647,negative
a8vujx,UofT,post,1545581720,neutral
a7ke0s,bangtan,post,1545205966,neutral
a405dq,cripplingalcoholism,post,1544191404,neutral
a6amp8,cripplingalcoholism,post,1544834256,neutral
abbdzx,dankmemes,post,1546291253,negative
a9zur4,dankmemes,post,1545922636,neutral
a8seun,dbz,post,1545545033,negative
a6x4m8,dragonballfighterz,post,1545026467,positive
a3pn07,gaybros,post,1544114668,neutral
a8083j,h3h3productions,post,1545326929,neutral
a7swm9,help,post,1545269334,neutral
aa5ix4,ideasfortheadmins,post,1545960575,neutral
a3qxbv,mentalhealth,post,1544122273,neutral
a7kvhu,redditrequest,post,1545211275,neutral
a48bzd,redditrequest,post,1544249872,neutral
a4f3hi,redditrequest,post,1544306617,neutral
aawwvq,redditrequest,post,1546185118,neutral
a86yul,redditrequest,post,1545371791,neutral
a7hljq,redditrequest,post,1545182773,neutral
a6v131,redditrequest,post,1545009536,neutral
aaj9hg,redditrequest,post,1546068822,neutral
a39tfp,redditrequest,post,1543992527,neutral
a3h5gl,redditrequest,post,1544047428,neutral
a2k84q,software,post,1543804604,neutral
a6tiwk,teenagers,post,1544998639,neutral
a653d9,unpopularopinion,post,1544796351,negative
a8d5h3,writing,post,1545418643,neutral
a5n5tv,2007scape,post,1544654029,negative
a55v87,Animemes,post,1544526195,positive
a8c2c7,AskOuija,post,1545412334,negative
a51qha,ClashRoyale,post,1544489049,negative
a9ksrf,DBZDokkanBattle,post,1545792819,neutral
a9ywbt,FIFA,post,1545914255,negative
a4zsuq,GlobalOffensive,post,1544476004,neutral
a9x47d,GrandTheftAutoV,post,1545895605,neutral
a4tgsr,GreenDawn,post,1544426036,negative
a5vn7a,HistoryMemes,post,1544722513,neutral
aa2252,Ice_Poseidon,post,1545937350,negative
a76nie,KSU,post,1545099328,neutral
a59xau,Memes_Of_The_Dank,post,1544555744,neutral
a74hoe,Overwatch,post,1545084247,neutral
a4l63q,RocketLeagueExchange,post,1544364176,neutral
a7qwri,SantasLittleHelpers,post,1545255689,positive
a8ogy2,Shitty_Car_Mods,post,1545512723,negative
a71u0x,Showerthoughts,post,1545067657,negative
a81mtd,StarWarsBattlefront,post,1545335051,neutral
a9p09v,WWEChampions,post,1545834842,neutral
a26uvl,armenia,post,1543698622,neutral
a8xks6,cleanjokes,post,1545593743,neutral
a8wdkz,dankmemes,post,1545585419,negative
a50wk6,dankmemes,post,1544483214,neutral
ab3d40,dankmemes,post,1546228138,negative
a8l1jm,darkjokes,post,1545487523,negative
a9am6i,fantasyfootball,post,1545699879,negative
a2g6nj,memes,post,1543778104,neutral
a7o3e0,memes,post,1545237958,neutral
a6wfro,nfl,post,1545020469,neutral
a21qmv,offmychest,post,1543656865,negative
a3zavo,offmychest,post,1544184607,negative
a37o6g,redditrequest,post,1543975976,neutral
a2iwp1,rollerblading,post,1543795252,neutral
aaxbd9,runescape,post,1546187913,negative
a3x7pt,runescape,post,1544163431,neutral
a2uqy7,runescape,post,1543881054,positive
aaa4iv,shittysuperpowers,post,1546002120,neutral
aa9aik,slatestarcodex,post,1545993909,negative
a9bj3b,soccer,post,1545708183,negative
a9rlnz,streetwearstartup,post,1545853155,negative
a6a6pq,teenagers,post,1544830817,neutral
a88tai,teenagers,post,1545388972,neutral
a7bjva,timberwolves,post,1545143609,positive
a9kgtz,undelete,post,1545789872,negative
a6vdgj,Animemes,post,1545012158,negative
a8pidu,AskReddit,post,1545520208,neutral
a6dd5h,Braincels,post,1544858564,negative
a40l3g,Browns,post,1544194431,negative
a5ecu3,CatsStandingUp,post,1544585679,neutral
a9iik0,DoctorWhumour,post,1545773577,negative
a50zey,Libertarian,post,1544483772,neutral
aazd5h,Neverbrokeabone,post,1546201116,neutral
aazr9e,ReefTank,post,1546203657,positive
a9hig2,RocketLeagueExchange,post,1545765897,neutral
a8en6j,atheism,post,1545428068,neutral
a8xbss,discordapp,post,1545591995,negative
abcf42,funny,post,1546298057,neutral
a6iucq,gorillaz,post,1544907804,neutral
a8i4hc,help,post,1545455606,neutral
a9grxr,india,post,1545760427,neutral
a6vbe3,madlads,post,1545011733,neutral
abbu0x,memes,post,1546294244,neutral
a7di27,pathofexile,post,1545156312,neutral
a2r1lf,redditrequest,post,1543859520,neutral
a3l9ai,redditrequest,post,1544076597,neutral
a6a5ta,redditrequest,post,1544830610,neutral
a9mq2m,redditrequest,post,1545810478,neutral
a9glya,soccer,post,1545759214,negative
a929sw,teenagers,post,1545630244,negative
a58gox,trashy,post,1544546703,negative
ab9lvu,unixporn,post,1546279950,neutral
a9wh3c,unpopularopinion,post,1545889831,positive
a7d20h,unpopularopinion,post,1545153561,neutral
aaaz4j,unpopularopinion,post,1546009072,negative
a7brin,Advice,post,1545145162,neutral
a6evdf,AskOuija,post,1544877174,neutral
a2iejx,Battlefield,post,1543791771,negative
a2ii0z,Battlefield,post,1543792445,neutral
a7kl5x,Bossfight,post,1545208081,neutral
a257rn,Braincels,post,1543687425,neutral
a3gptc,Christianity,post,1544044758,negative
a25lyp,FIFA,post,1543690093,negative
aaruji,FortNiteBR,post,1546137256,negative
aarv6r,FortNiteBR,post,1546137394,negative
ab5j7i,FortNiteBR,post,1546247034,neutral
aars7k,FortNiteBR,post,1546136753,neutral
a5bq87,Indiana,post,1544566941,neutral
abbcyo,JordanPeterson,post,1546291059,neutral
a4ipkf,Libertarian,post,1544336034,negative
a85z1f,MGTOW,post,1545363623,negative
a5cqc7,ModSupport,post,1544573726,neutral
a2857c,NoStupidQuestions,post,1543707521,negative
a9mybx,PewdiepieSubmissions,post,1545813292,negative
a65fgi,PostHardcore,post,1544798936,neutral
a2wen8,StardewValley,post,1543892426,neutral
a6zro6,StardewValley,post,1545052990,neutral
aa3q2q,StardewValley,post,1545948099,neutral
a7jxjk,The_Donald,post,1545201412,neutral
a3bfbv,The_Donald,post,1544008971,negative
a7eidl,The_Donald,post,1545162567,negative
a8x72w,UsernamesIllustrated,post,1545591057,neutral
a3o0ha,comicbooks,post,1544103837,neutral
a3o8pc,coys,post,1544105506,neutral
aagcky,dank_meme,post,1546044930,neutral
a3bwka,dankmemes,post,1544013395,negative
a6yjtj,dankmemes,post,1545041271,negative
a9rz8c,dankmemes,post,1545855674,neutral
a1znsx,dankmemes,post,1543636295,negative
a73yn8,de,post,1545080947,negative
abca71,funny,post,1546297204,negative
a54tzd,gaming,post,1544514719,neutral
aa3ten,help,post,1545948700,neutral
a7e0ct,help,post,1545159517,neutral
a6f9n3,heroesofthestorm,post,1544881219,negative
a3uugr,legaladviceofftopic,post,1544146236,negative
a43yyj,madlads,post,1544215959,neutral
a55t20,memes,post,1544525506,negative
a71h4v,nba,post,1545065378,neutral
a7vvhx,newzealand,post,1545294133,negative
a1yr2y,nfl,post,1543628823,neutral
a3e5nb,nfl,post,1544029206,neutral
a5jytj,nfl,post,1544634007,neutral
a7o84s,nfl,post,1545238805,neutral
a9q6pb,nfl,post,1545843610,neutral
a2ztj9,oldpeoplefacebook,post,1543922516,negative
a6ll4b,outside,post,1544928973,negative
aasmjx,pokemon,post,1546143438,neutral
ab1zug,pokemon,post,1546218273,neutral
ab6dw5,pokemon,post,1546256169,neutral
a23sw2,redditrequest,post,1543677522,neutral
a5xe6m,runescape,post,1544733407,negative
a8tpwc,teenagers,post,1545560794,neutral
aaxmqr,teenagers,post,1546189994,positive
aa2eav,uofm,post,1545939487,neutral
a8hktk,xxfitness,post,1545450679,neutral
a9gbep,AnthemTheGame,post,1545757112,positive
a7zv4f,AskReddit,post,1545324943,neutral
a2pkl0,Battlefield,post,1543850399,neutral
a5t17r,DDLC,post,1544703755,neutral
a5rbkn,Destiny,post,1544685721,negative
a259ly,Feminism,post,1543687778,positive
a5e695,FortNiteBR,post,1544584294,neutral
a3b6ml,FortNiteBR,post,1544006507,negative
a3b7q2,FortNiteBR,post,1544006816,negative
a70vtb,IdiotsInCars,post,1545061465,neutral
a2c6am,Kappa,post,1543745637,neutral
a78i99,NoStupidQuestions,post,1545114158,neutral
a3tklo,WorldofTanks,post,1544137779,neutral
a7gbkt,aspergers,post,1545173970,negative
a695n0,beyondthebump,post,1544823509,neutral
a6033y,canes,post,1544751319,neutral
a5eavw,crossfit,post,1544585264,neutral
a4vylv,dankmemes,post,1544450966,neutral
a2f1sg,dankmemes,post,1543771134,negative
a58bf9,detroitlions,post,1544545780,negative
a8zqyc,digitalnomad,post,1545609485,neutral
a4376y,gatech,post,1544211040,neutral
a93s50,gatekeeping,post,1545645774,negative
a84vkc,gay,post,1545355008,negative
a42x8m,help,post,1544209308,neutral
a6bnz6,hockey,post,1544842786,negative
a6hrlq,hockey,post,1544900337,neutral
a6mmxu,manga,post,1544938502,negative
a53zwo,memes,post,1544506492,negative
a76vvk,modhelp,post,1545101040,neutral
a7eotm,oaklandraiders,post,1545163708,neutral
aaqcmi,redditrequest,post,1546126547,neutral
a8vi6i,redditrequest,post,1545579148,neutral
a61xjj,redditrequest,post,1544765678,neutral
a7udx8,redditrequest,post,1545280565,neutral
a48eww,redditrequest,post,1544250645,neutral
aalz9k,rutgers,post,1546096839,neutral
aap4qs,teenagers,post,1546118337,neutral
a2r9gu,unpopularopinion,post,1543860825,negative
a99nah,unpopularopinion,post,1545692122,negative
a1yfpv,zelda,post,1543626332,neutral
a4zax5,Advice,post,1544472914,neutral
a6l2xd,CasualConversation,post,1544924816,neutral
abb9ah,DBZDokkanBattle,post,1546290368,positive
ab79bq,DestinyTheGame,post,1546264123,negative
a234ij,FreeKarma4U,post,1543671923,neutral
a78zv8,HistoryMemes,post,1545118915,negative
a5yewt,Ice_Poseidon,post,1544739752,neutral
a6i5e6,Ice_Poseidon,post,1544903020,neutral
a6mz6a,Ice_Poseidon,post,1544942016,neutral
a6u27w,Ice_Poseidon,post,1545002420,positive
aa4rti,Ice_Poseidon,post,1545955199,neutral
aa7cn4,Ice_Poseidon,post,1545974781,negative
aah2tp,Ice_Poseidon,post,1546050520,negative
aar43a,Ice_Poseidon,post,1546131747,neutral
a8ni0j,Ice_Poseidon,post,1545505871,neutral
a6lrl0,Ice_Poseidon,post,1544930466,neutral
ab12oq,Ice_Poseidon,post,1546212121,positive
ab8xaf,JordanPeterson,post,1546275749,neutral
a5g4ku,PewdiepieSubmissions,post,1544601194,neutral
a5gc4i,PrequelMemes,post,1544603369,neutral
a6404g,Rainbow6,post,1544786704,negative
a6fxqq,RightwingLGBT,post,1544887205,negative
a6v6jl,SantasLittleHelpers,post,1545010670,positive
aamnws,Scams,post,1546101984,negative
a8xd8k,Sneks,post,1545592269,negative
aa7nvr,TheBrewery,post,1545977459,negative
a5z6yk,TopMindsOfReddit,post,1544744948,negative
a8dlcw,bugs,post,1545421241,negative
a484rr,dankmemes,post,1544247992,negative
a37d7i,dankmemes,post,1543973827,neutral
a666nq,dankmemes,post,1544804099,neutral
a7fign,drumcorps,post,1545168829,neutral
a8upjn,facepalm,post,1545572345,negative
a9kirk,humblebundles,post,1545790347,neutral
a8y82r,memes,post,1545598271,neutral
a29wne,mildlyinfuriating,post,1543721348,negative
a30di0,mildlyinfuriating,post,1543927644,negative
a30j7u,mildlyinfuriating,post,1543928989,negative
a3g5ia,mildlyinfuriating,post,1544041275,negative
a45ss9,mildlyinfuriating,post,1544228235,neutral
a4d2xl,mildlyinfuriating,post,1544293361,negative
a4d4jr,mildlyinfuriating,post,1544293655,negative
a5lsuz,mildlyinfuriating,post,1544645408,negative
a6cksz,mildlyinfuriating,post,1544850759,negative
a6dzvy,mildlyinfuriating,post,1544866186,neutral
a6qi5c,mildlyinfuriating,post,1544978777,negative
a7cy35,mildlyinfuriating,post,1545152896,negative
a9ta61,mildlyinfuriating,post,1545864946,positive
aa0x6n,mildlyinfuriating,post,1545930174,negative
aaxb8y,mildlyinfuriating,post,1546187891,neutral
ab4q9c,mildlyinfuriating,post,1546239054,negative
ab917e,mildlyinfuriating,post,1546276414,negative
a3qejm,navyseals,post,1544119234,neutral
a7t6ob,notinteresting,post,1545271267,negative
aap4zd,notinteresting,post,1546118384,positive
a86kxa,reddeadredemption,post,1545368714,negative
a86ou2,reddeadredemption,post,1545369534,negative
a86u5k,reddeadredemption,post,1545370709,negative
a5raxb,redditrequest,post,1544685542,neutral
a8onxa,redditrequest,post,1545514089,neutral
a2mmdz,redditrequest,post,1543824065,neutral
a2akck,teenagers,post,1543727222,negative
a2diqh,teenagers,post,1543760129,negative
a3rizd,teenagers,post,1544125781,neutral
a46knd,teenagers,post,1544234405,negative
a4gubi,teenagers,post,1544319574,neutral
a4j3cx,teenagers,post,1544339931,negative
a4ns47,teenagers,post,1544383325,negative
a53dxx,teenagers,post,1544501372,neutral
a553ab,teenagers,post,1544517599,neutral
a59o1z,teenagers,post,1544554157,neutral
a5z654,teenagers,post,1544744786,neutral
a690xy,teenagers,post,1544822627,neutral
a6kzta,teenagers,post,1544924074,negative
a6lsnu,teenagers,post,1544930719,neutral
a6ryey,teenagers,post,1544988276,negative
a6ucia,teenagers,post,1545004553,neutral
a6wno1,teenagers,post,1545022304,negative
a7xid2,teenagers,post,1545309479,positive
a834q4,teenagers,post,1545343758,neutral
a8h70r,teenagers,post,1545447368,neutral
a8rev4,teenagers,post,1545535541,neutral
a8sfl0,teenagers,post,1545545229,negative
a94nn4,teenagers,post,1545655099,neutral
a9590z,teenagers,post,1545660537,negative
a96fwj,teenagers,post,1545669589,neutral
a9a91d,teenagers,post,1545696833,neutral
a9emw5,teenagers,post,1545742040,positive
a9tgxy,teenagers,post,1545866284,negative
a9v6x1,teenagers,post,1545879194,neutral
a9vynx,teenagers,post,1545885505,neutral
a9w0y8,teenagers,post,1545886036,neutral
aa2cdd,teenagers,post,1545939159,neutral
aa57j2,teenagers,post,1545958272,neutral
aacnu9,teenagers,post,1546020459,negative
aad5yv,teenagers,post,1546023664,negative
aae7rj,teenagers,post,1546030324,negative
aaeu8t,teenagers,post,1546034371,negative
aaf0sd,teenagers,post,1546035604,negative
aahw98,teenagers,post,1546056933,neutral
aaidas,teenagers,post,1546060752,neutral
aav4mw,teenagers,post,1546168598,neutral
aawj0e,teenagers,post,1546182162,neutral
ab16io,teenagers,post,1546212833,neutral
ab2zmn,teenagers,post,1546225364,neutral
ab4uvb,teenagers,post,1546240206,neutral
ab5qkp,teenagers,post,1546249339,neutral
a9ktu4,teenagers,post,1545793084,negative
a9ssxk,teenagers,post,1545861398,neutral
a328zn,travelpartners,post,1543941218,neutral
a6yz3d,trebuchetmemes,post,1545045572,negative
aa9hfq,wow,post,1545995884,negative
a8yt2e,AskReddit,post,1545602444,negative
a8z0sv,AskReddit,post,1545604009,negative
a4jeta,Drama,post,1544343598,negative
a3qtn4,FIFA,post,1544121674,positive
a3t0ro,Favors,post,1544134478,neutral
a4r9mp,FortNiteBR,post,1544407656,positive
a3ofd8,FortNiteBR,post,1544106893,neutral
a49x1a,FortNiteBR,post,1544267388,neutral
aa69f7,FortNiteBR,post,1545966169,negative
aa8c8s,Habs,post,1545983715,negative
a2bfnj,Kappa,post,1543736318,negative
a3wnl0,Metroid,post,1544158998,negative
a27tub,PrequelMemes,post,1543705293,neutral
abb60n,PurplePillDebate,post,1546289781,negative
a62ffn,SantasLittleHelpers,post,1544770148,positive
a3ffro,Showerthoughts,post,1544036935,negative
a8w6d0,TMNT,post,1545584091,positive
a2f139,UnethicalLifeProTips,post,1543771009,neutral
a4lxm8,amishadowbanned,post,1544371094,negative
a6yrgf,blogsnark,post,1545043456,positive
aamjj8,bostontrees,post,1546101108,negative
aadzmg,copypasta,post,1546028871,negative
a8c7mu,dankmemes,post,1545413214,neutral
a68hxa,dayz,post,1544819041,positive
a1zpvj,gonewild,post,1543636807,neutral
a8u4ha,help,post,1545565980,neutral
a8a5ok,playark,post,1545400202,negative
a6wzvj,redditrequest,post,1545025244,neutral
a7jyxn,redditrequest,post,1545201795,neutral
a2sf8q,redditrequest,post,1543867743,neutral
aay1ki,russia,post,1546192693,neutral
a55q1d,sfx,post,1544524592,neutral
ab6dqv,stevenuniverse,post,1546256126,neutral
a5o1vl,teenagers,post,1544660111,neutral
a96eh9,teenagers,post,1545669311,negative
a24eh1,teenagers,post,1543681939,neutral
a2ppgf,unpopularopinion,post,1543851311,negative
a9vzxf,BokuNoHeroAcademia,post,1545885790,negative
a4hrxe,Browns,post,1544327206,neutral
a31kuy,CitiesSkylines,post,1543936827,neutral
a5mlsg,CrazyIdeas,post,1544650464,neutral
a1ywnr,DeepFriedMemes,post,1543630057,positive
a5f4tx,FortNiteBR,post,1544591984,neutral
a9hjc0,FortNiteBR,post,1545766066,negative
a9hope,FortNiteBR,post,1545767156,negative
a6w0lx,Ice_Poseidon,post,1545017074,negative
a9df23,Ice_Poseidon,post,1545727118,neutral
a6vz64,Ice_Poseidon,post,1545016777,negative
aa1xfg,PSVR,post,1545936549,neutral
a2cu6i,Redskins,post,1543753747,neutral
a789jt,SaltLakeCity,post,1545112029,neutral
a4l70q,SantasLittleHelpers,post,1544364416,positive
a6cjqr,Screenwriting,post,1544850509,negative
a50r9h,TwoSentenceHorror,post,1544482228,negative
a3dw16,apolloapp,post,1544027573,neutral
a4x047,aquarium,post,1544458466,negative
a4w524,asktransgender,post,1544452394,positive
ab9fky,batman,post,1546278867,neutral
a25vz4,boston,post,1543691945,negative
a6eafq,csshelp,post,1544869895,neutral
a6fyt9,csshelp,post,1544887436,negative
a7i6q1,csshelp,post,1545187065,neutral
a9fgr0,dankmemes,post,1545750282,negative
a9uq0r,discordapp,post,1545875570,positive
a5uous,fakealbumcovers,post,1544716407,neutral
a5ampz,funny,post,1544560067,neutral
abb9on,funny,post,1546290442,neutral
a2eund,gaming,post,1543769892,neutral
a6nkv7,gaming,post,1544949322,negative
a9bq8x,gaming,post,1545709962,negative
aa0g1j,gaming,post,1545926955,negative
a5k0ex,ireland,post,1544634267,neutral
a2akf6,lgbt,post,1543727239,negative
aax3zv,madlads,post,1546186496,neutral
a67ytt,memes,post,1544815531,neutral
a8s5u0,mildlyinfuriating,post,1545542489,negative
a919ti,ravens,post,1545621761,positive
ab9imo,redditrequest,post,1546279395,neutral
a7c2c7,redditrequest,post,1545147210,neutral
a6fj8l,redditrequest,post,1544883758,neutral
a8ozzn,redditrequest,post,1545516445,neutral
a3461l,redditrequest,post,1543953158,neutral
a2htg9,redditrequest,post,1543787975,neutral
a8pz3i,roblox,post,1545523721,negative
a9etyw,soccer,post,1545744140,negative
a7b5li,teenagers,post,1545140518,neutral
a772mp,tipofmytongue,post,1545102454,neutral
a9k73k,toosoon,post,1545787519,neutral
a5kgms,unpopularopinion,post,1544637048,negative
a5qwl8,AskOuija,post,1544681878,neutral
a3fr7b,AskThe_Donald,post,1544038893,negative
a5g2su,CHIBears,post,1544600673,positive
a8xkoi,ComedyCemetery,post,1545593725,neutral
a5ze5s,Doom,post,1544746351,negative
ab2emn,DotA2,post,1546221109,positive
a2h324,Kappa,post,1543783546,neutral
a23i02,Libertarian,post,1543675117,negative
a5hy73,PewdiepieSubmissions,post,1544619804,neutral
a33lx6,Rainbow6,post,1543949750,negative
aa01an,TaylorSwift,post,1545924009,positive
a94yjn,The_Donald,post,1545657949,neutral
a5ue67,TrueChristian,post,1544714396,neutral
a4sk5s,VapePorn,post,1544417884,neutral
a9n3e0,alternativeart,post,1545814951,neutral
a6rtxp,baseball,post,1544987455,neutral
a6rhj7,essential,post,1544985161,neutral
a64rlh,memes,post,1544793714,negative
a64ru4,memes,post,1544793776,negative
a9s21l,memes,post,1545856181,negative
a2jeb7,oculusnsfw,post,1543798630,negative
a64kfi,pacers,post,1544792080,negative
a6bw1h,pacers,post,1544844666,neutral
a4wk78,r4r,post,1544455456,neutral
ab9tq7,redditrequest,post,1546281302,neutral
aa2kzg,redditrequest,post,1545940675,neutral
a5854x,redditrequest,post,1544544671,neutral
a8vwbp,redditrequest,post,1545582093,neutral
a9uxg6,rockhounds,post,1545877133,neutral
a8nsq5,teenagers,post,1545507979,neutral
aa3tlf,6thForm,post,1545948740,neutral
a962jc,AskOuija,post,1545666935,negative
a2jtu5,Battlefield,post,1543801711,neutral
a41qbd,Bitcoin,post,1544201879,negative
a4ie0p,Crossout,post,1544332878,negative
a89zd8,DataHoarder,post,1545398907,neutral
a8r3f6,FortNiteBR,post,1545532731,neutral
a47kw6,Gamingcirclejerk,post,1544243021,negative
a9wlud,Gamingcirclejerk,post,1545890967,negative
a8jywx,Ice_Poseidon,post,1545475981,negative
a7w64v,Ice_Poseidon,post,1545297402,neutral
aai1bo,JoeRogan,post,1546058058,neutral
a7v92f,KingdomHearts,post,1545287999,positive
a5zjh1,Logic_301,post,1544747350,neutral
a7bwkf,Memes_Of_The_Dank,post,1545146116,negative
a4n065,NarFFL,post,1544378361,neutral
a2sf73,PewdiepieSubmissions,post,1543867733,neutral
a5h7ny,PewdiepieSubmissions,post,1544612842,neutral
a62jdq,PewdiepieSubmissions,post,1544771158,neutral
a5yltx,PewdiepieSubmissions,post,1544740989,negative
a7grcz,Quebec,post,1545176940,neutral
a33pm5,ShingekiNoKyojin,post,1543950359,positive
a5pm1t,Twitch,post,1544671569,neutral
a6dp16,Twitch,post,1544862420,neutral
a8swc5,Warframe,post,1545550348,negative
a7inss,apolloapp,post,1545190591,negative
a23mp1,csshelp,post,1543676192,neutral
a8r2l8,dankmemes,post,1545532533,positive
a4ip7b,dankmemes,post,1544335934,neutral
aa2pms,dankmemes,post,1545941448,negative
a89gqx,dankmemes,post,1545394916,neutral
a48a4t,discordapp,post,1544249394,neutral
a4atjr,exjw,post,1544276803,neutral
a935g3,gatekeeping,post,1545638690,negative
aa67k9,niceguys,post,1545965780,negative
a5ji8o,paracord,post,1544631056,neutral
a9q8y3,pitbulls,post,1545844016,neutral
a6s26k,redditrequest,post,1544988963,neutral
a647vd,redditrequest,post,1544788868,neutral
aarnl5,redditrequest,post,1546135750,neutral
a7z1mp,runescape,post,1545320141,neutral
a8qp7b,sbubby,post,1545529464,negative
a9xp8r,survivor,post,1545901783,negative
a2x49n,teenagers,post,1543897506,negative
a8pzck,uberdrivers,post,1545523773,neutral
a9lkxk,unpopularopinion,post,1545799623,negative
a33qpr,whenitgoesin,post,1543950546,neutral
a6jyld,Battlefield,post,1544915990,negative
a4srri,CompetitiveForHonor,post,1544419686,negative
a6snb8,DeepFriedMemes,post,1544992797,neutral
a8u2mk,DeepFriedMemes,post,1545565310,neutral
a57nvv,Denton,post,1544541490,neutral
a42nsv,FIFA,post,1544207641,negative
a85qvs,FortNiteBR,post,1545361812,neutral
a44xrg,FrankOcean,post,1544222194,neutral
aav61r,FrankOcean,post,1546169032,neutral
a34put,FrankOcean,post,1543956565,neutral
a6cmv0,GenderCritical,post,1544851255,neutral
a69qaj,GiftofGames,post,1544827438,negative
a8ugsn,Guitar,post,1545569921,neutral
aakzxv,IASIP,post,1546088030,negative
a4tp2h,Ice_Poseidon,post,1544428419,neutral
a6vrmv,Ice_Poseidon,post,1545015180,neutral
a6nh5f,IgnorantImgur,post,1544948000,negative
a83kwg,KingdomHearts,post,1545346415,neutral
a86ejx,LeagueOfMeta,post,1545367235,negative
aaqfh4,Nicegirls,post,1546127113,negative
a95rbj,The_Donald,post,1545664590,negative
a3jj9b,ak47,post,1544063249,neutral
aa6dgf,cigars,post,1545967022,neutral
a2ptv0,dankmemes,post,1543852122,neutral
a4eg8w,dankmemes,post,1544302413,negative
a8zo9z,facepalm,post,1545608925,negative
a7k6bz,fatestaynight,post,1545203775,negative
abcjjg,funny,post,1546298831,negative
a3t23o,h1z1,post,1544134692,negative
abcapq,industrialmusic,post,1546297281,neutral
a95jzo,memes,post,1545662993,negative
a7h5m1,modhelp,post,1545179663,neutral
a8enmc,opiates,post,1545428144,neutral
a8p0qz,osugame,post,1545516597,negative
a83c8a,pokemontrades,post,1545344989,neutral
a3hko4,popheads,post,1544050061,neutral
a3ss4r,redditrequest,post,1544133121,neutral
a692a8,redditrequest,post,1544822876,neutral
ab5oib,redditrequest,post,1546248687,neutral
a6wzvn,redditrequest,post,1545025245,neutral
a8ksla,redditrequest,post,1545485115,neutral
a3sayy,runescape,post,1544130382,neutral
a9e8ux,soccer,post,1545737298,negative
a4mvca,unpopularopinion,post,1544377500,negative
a4mx7p,unpopularopinion,post,1544377842,negative
a4myr1,unpopularopinion,post,1544378108,negative
a98slt,unpopularopinion,post,1545685762,negative
a8djer,90DayFiance,post,1545420925,neutral
a9t4lt,AutoModerator,post,1545863780,neutral
a4d33t,ClashRoyale,post,1544293396,negative
a9tuc2,CringeAnarchy,post,1545869011,negative
a4gfut,DeepFriedMemes,post,1544316436,neutral
abcjhh,DeepFriedMemes,post,1546298822,negative
ab1g3s,FortNiteBR,post,1546214629,neutral
a41x20,FortNiteBR,post,1544202990,neutral
aa6ep1,Gamingcirclejerk,post,1545967278,negative
a74au9,LeftWithoutEdge,post,1545083073,negative
a57x6h,NoStupidQuestions,post,1544543219,neutral
a8j5eo,PeopleFuckingDying,post,1545466205,neutral
aawc9m,PewdiepieSubmissions,post,1546180639,negative
a9visa,Philippines,post,1545881753,neutral
a29fil,SBU,post,1543717334,neutral
a2jscz,SmallYTChannel,post,1543801413,negative
a9d7wn,Vaping,post,1545724794,positive
a2okfj,Warframe,post,1543843170,negative
a6cr4u,WatchPeopleDieInside,post,1544852378,negative
a4aqec,arenaofvalor,post,1544276021,neutral
a8rpok,bakchodi,post,1545538252,neutral
a9mgkm,bookclub,post,1545807676,neutral
a86wse,cassetteculture,post,1545371310,neutral
a35rm3,conspiracy,post,1543963024,neutral
a9123l,dankmemes,post,1545619974,neutral
a5btg4,dankmemes,post,1544567515,neutral
a6fs21,deadbydaylight,post,1544885913,negative
a88qv9,freefolk,post,1545388332,negative
a2k1ua,kilian,post,1543803344,negative
a68d77,natureismetal,post,1544818158,negative
a3x2e0,nba,post,1544162189,neutral
a2ks50,notinteresting,post,1543808584,neutral
a2nvys,notinteresting,post,1543837113,negative
a5ddki,notinteresting,post,1544578344,positive
a2gsw2,opiates,post,1543781870,negative
a7b0c3,redditrequest,post,1545139343,neutral
a7m3dx,redditrequest,post,1545223548,neutral
a723ek,relationship_advice,post,1545069330,neutral
a3tqzw,runescape,post,1544138938,neutral
a61l4v,supergirlTV,post,1544762834,neutral
a3cw3l,teenagers,post,1544021069,neutral
ab2gg3,3Dprinting,post,1546221472,neutral
a26ku3,DBZDokkanBattle,post,1543696738,negative
a707d1,DotA2,post,1545056476,negative
a4ahsm,DotA2,post,1544273685,negative
a83r5k,DuelLinks,post,1545347454,neutral
a6opsn,KingdomHearts,post,1544963926,positive
a4hrly,Predators,post,1544327129,neutral
a79hw6,PrequelMemes,post,1545124335,negative
a32ohn,RimWorld,post,1543943878,negative
a2oays,TrueOffMyChest,post,1543840982,negative
a3cq9x,criticalrole,post,1544019925,neutral
a7v5z5,dankmemes,post,1545287229,negative
a2x2cl,dankmemes,post,1543897109,negative
a7xxoo,dankmemes,post,1545312621,negative
a8jg9o,dankmemes,post,1545469782,neutral
a3f39j,disney,post,1544034798,neutral
a5go7n,eos,post,1544607074,negative
a9mg0a,findareddit,post,1545807513,negative
aat870,ftm,post,1546148404,neutral
a4vysw,harrypotter,post,1544451015,neutral
aavb7p,hometheater,post,1546170695,neutral
aa2z03,memes,post,1545943140,neutral
aamcnq,modhelp,post,1546099710,negative
a9dpj1,rant,post,1545730755,negative
a5k6fa,redditrequest,post,1544635279,neutral
a4po4h,redditrequest,post,1544395648,neutral
a91lo5,redditrequest,post,1545624495,neutral
a8aoe0,redditrequest,post,1545403784,neutral
aaz8q4,redditrequest,post,1546200340,neutral
aasb5f,redditrequest,post,1546140919,neutral
aa2t24,trees,post,1545942055,negative
a7taen,trees,post,1545272037,negative
a3io9x,unpopularopinion,post,1544057153,negative
aaiub7,wholesomememes,post,1546064829,neutral
a4p6sd,2007scape,post,1544392356,neutral
a4kdh1,AskReddit,post,1544355419,negative
a4m0kh,AtlantaUnited,post,1544371791,neutral
aaldhn,Draven,post,1546091681,neutral
a8lqia,EVEX,post,1545493297,neutral
a9ki9q,FixedGearBicycle,post,1545790229,positive
a7xgn6,HighQualityGifs,post,1545309098,neutral
a9c9dj,Ice_Poseidon,post,1545714867,negative
aa70bi,Ice_Poseidon,post,1545971964,negative
a21dy7,JordanPeterson,post,1543652725,neutral
a298nq,Kappa,post,1543715762,negative
a4nfsa,Memes_Of_The_Dank,post,1544381145,neutral
a6h1wu,ModSupport,post,1544895394,neutral
a9pjjl,NintendoSwitch,post,1545839009,neutral
a6iz38,PublicFreakout,post,1544908711,negative
a2gx6q,Random_Acts_Of_Pizza,post,1543782585,neutral
a2bp3b,Switzerland,post,1543739638,neutral
a2mtkw,The_Donald,post,1543826122,negative
a31eb2,The_Donald,post,1543935610,negative
a399me,The_Donald,post,1543987879,negative
a3yn3i,The_Donald,post,1544177876,negative
a3z8mq,The_Donald,post,1544184029,neutral
a4h443,The_Donald,post,1544321757,neutral
a4t1nk,The_Donald,post,1544422051,negative
a5pcje,The_Donald,post,1544669626,neutral
a6ayv5,The_Donald,post,1544836922,negative
a6b089,The_Donald,post,1544837239,negative
a6vmz2,The_Donald,post,1545014192,neutral
a6wump,The_Donald,post,1545023927,negative
a7debx,The_Donald,post,1545155701,neutral
a7etpj,The_Donald,post,1545164563,positive
a7qn0v,The_Donald,post,1545253923,negative
a86o2a,The_Donald,post,1545369369,negative
a86oil,The_Donald,post,1545369463,negative
a8mdpp,The_Donald,post,1545498014,negative
a8o5bq,The_Donald,post,1545510474,neutral
a8p9ob,The_Donald,post,1545518404,neutral
a8tav0,The_Donald,post,1545555483,neutral
a91rxj,The_Donald,post,1545625968,neutral
a91u0m,The_Donald,post,1545626470,neutral
a9blh9,The_Donald,post,1545708768,positive
a9cbu4,The_Donald,post,1545715506,positive
a9dh51,The_Donald,post,1545727851,negative
a9ewzs,The_Donald,post,1545745038,neutral
a9ex64,The_Donald,post,1545745087,neutral
a9exc0,The_Donald,post,1545745136,neutral
a9hubu,The_Donald,post,1545768346,neutral
a9qykg,The_Donald,post,1545848817,negative
a9wye0,The_Donald,post,1545894120,negative
aai05l,The_Donald,post,1546057798,negative
aajt0h,The_Donald,post,1546074756,negative
aapmya,The_Donald,post,1546121715,positive
aappx2,The_Donald,post,1546122281,neutral
aaqtmj,The_Donald,post,1546129749,negative
ab27ya,The_Donald,post,1546219801,negative
ab9z9c,The_Donald,post,1546282228,neutral
a447uh,Thunder,post,1544217541,neutral
a5aufq,Warhammer40k,post,1544561428,neutral
aa6krz,college,post,1545968588,neutral
a5g4mb,compsci,post,1544601185,negative
aaukr9,curlyhair,post,1546162145,neutral
a38lfl,danganronpa,post,1543982604,neutral
a9xs73,dankmemes,post,1545902693,negative
a9tiz3,dankmemes,post,1545866713,neutral
aa4e0c,dankmemes,post,1545952556,neutral
a687wo,dankmemes,post,1544817201,neutral
a27qx9,dankmemes,post,1543704718,negative
a46ore,discgolf,post,1544235325,neutral
a9w7ef,frugalmalefashion,post,1545887541,neutral
ab8vw5,funny,post,1546275526,neutral
a3jwnz,hamptonbrandon,post,1544065920,negative
a5xol9,help,post,1544735161,neutral
a44vy6,leagueoflegends,post,1544221871,negative
a3wmnu,marvelstudios,post,1544158819,neutral
a8nqht,modhelp,post,1545507542,neutral
a1yrpj,nfl,post,1543628965,positive
a4wrif,quityourbullshit,post,1544456870,negative
a9otcp,redditrequest,post,1545833193,neutral
a3j6tz,redditrequest,post,1544060772,neutral
a5tk0f,redditrequest,post,1544708224,negative
a4ucpl,redditsync,post,1544435658,neutral
a50yw7,unknownvideos,post,1544483673,negative
a4r99s,xxfitness,post,1544407584,neutral
a8ap1g,Anarchism,post,1545403907,neutral
a7gqk6,CHIBears,post,1545176791,positive
a3x5hq,ChicoCA,post,1544162904,negative
a5255d,DDLC,post,1544492067,neutral
a3gxdd,FortNiteBR,post,1544046066,neutral
a3sk4y,GlobalOffensive,post,1544131859,negative
ab4hmb,HermitCraft,post,1546236931,neutral
a4dx47,IdiotsInCars,post,1544298835,negative
a7zqyt,IdiotsInCars,post,1545324302,negative
a8ke34,IdiotsInCars,post,1545480991,negative
a8t4xm,IdiotsInCars,post,1545553296,negative
a3fxdp,MaddenMobileForums,post,1544039918,positive
a5cjhn,NCSU,post,1544572345,negative
a66ah5,SantasLittleHelpers,post,1544804778,positive
a96oll,ShingekiNoKyojin,post,1545671225,neutral
a7zos4,TalesFromTheFrontDesk,post,1545323962,positive
a3xkm0,compsci,post,1544166618,negative
a8oymx,dankmemes,post,1545516193,negative
a3e6yd,dankmemes,post,1544029409,negative
a8us8r,facepalm,post,1545573060,negative
a55cx9,gif,post,1544520623,negative
a5kiqd,gorillaz,post,1544637424,negative
a6q26h,metacanada,post,1544975807,positive
aa0tdz,mwo,post,1545929492,negative
a26b22,raimimemes,post,1543694842,negative
a978yt,raisedbyborderlines,post,1545675068,neutral
a9eqz9,reddevils,post,1545743251,neutral
aaik77,redditrequest,post,1546062319,neutral
a26vgz,redditrequest,post,1543698732,neutral
aaaal4,redditrequest,post,1546003586,neutral
a7otwe,redditrequest,post,1545242590,neutral
a7sxs5,redditrequest,post,1545269550,neutral
a83a3z,redditrequest,post,1545344646,neutral
a9ono1,rhettandlink,post,1545831822,neutral
a444rq,roguelikes,post,1544216987,neutral
a8oqk4,sbubby,post,1545514613,negative
a5xid9,travel,post,1544734104,neutral
a70bqe,Animemes,post,1545057410,negative
aaj6fc,AntiJokes,post,1546068001,neutral
a4gf00,BTFC,post,1544316265,neutral
a3wadn,Browns,post,1544156333,negative
a232wg,ChapoTrapHouse,post,1543671527,neutral
a7zdvk,ChoosingBeggars,post,1545322204,positive
aa8onc,Cricket,post,1545987443,negative
a4175m,Feminism,post,1544198529,negative
a7095t,Fibromyalgia,post,1545056856,neutral
a9c8ct,FortNiteBR,post,1545714612,neutral
a6sv6j,GreenBayPackers,post,1544994198,positive
a9dcyk,Ice_Poseidon,post,1545726410,negative
a2rivj,Libertarian,post,1543862395,negative
a25grv,Libertarian,post,1543689093,neutral
a8f83s,McJuggerNuggets,post,1545432007,positive
a9rbe3,actuallesbians,post,1545851232,neutral
a4t0zi,arrow,post,1544421883,positive
abc194,copypasta,post,1546295551,positive
a6t2q4,dankmemes,post,1544995559,neutral
ab422k,dankmemes,post,1546233454,neutral
a71nhy,dayz,post,1545066502,neutral
ab8ff2,funny,post,1546272610,negative
a3917g,matheducation,post,1543986055,positive
a2fbbm,memes,post,1543772773,neutral
a8z5as,modhelp,post,1545604984,neutral
a2fd95,notinteresting,post,1543773101,negative
a3sqps,physicianassistant,post,1544132895,neutral
a7yupq,raimimemes,post,1545318940,neutral
a9zpud,redditrequest,post,1545921523,neutral
a3hdal,redditrequest,post,1544048740,neutral
a8s9mc,sodapoppin,post,1545543546,negative
a58id5,thefighterandthekid,post,1544546984,negative
a6rels,unpopularopinion,post,1544984598,negative
a8ogq5,ABDL,post,1545512673,positive
a7umbn,AskReddit,post,1545282527,neutral
a4fspi,BeautyGuruChatter,post,1544311570,negative
a7s0nh,ChapoTrapHouse,post,1545263033,negative
a5ppti,Comcast_Xfinity,post,1544672274,neutral
a3b62g,DotA2,post,1544006348,negative
a6h58u,FORTnITE,post,1544896033,negative
a3fmlf,Ice_Poseidon,post,1544038114,positive
a3t8ts,Ice_Poseidon,post,1544135792,neutral
a9hwm6,Ice_Poseidon,post,1545768839,neutral
a8u4g5,Ice_Poseidon,post,1545565966,negative
a97785,IdiotsInCars,post,1545674742,neutral
a81h94,NewSkaters,post,1545334178,neutral
aaxp9o,PurplePillDebate,post,1546190451,negative
aapr24,RoastMyCar,post,1546122495,neutral
a6qozp,SantasLittleHelpers,post,1544980032,positive
a5mgx9,SuicideWatch,post,1544649623,neutral
a2h5qj,brockhampton,post,1543783993,neutral
a7mfi0,cars,post,1545226302,positive
a5cy0m,dankmemes,post,1544575251,negative
a8k466,dankmemes,post,1545477730,negative
a947p5,dankmemes,post,1545650528,negative
ab86xk,funny,post,1546271065,negative
a478d0,golf,post,1544239989,neutral
a4cunw,h3h3_productions,post,1544291812,negative
aa1y6i,hiphopheads,post,1545936680,negative
a8mghk,indonesia,post,1545498531,negative
a53yks,memes,post,1544506176,neutral
a5iah3,redditrequest,post,1544622580,neutral
a73e0j,redditrequest,post,1545077360,neutral
a26qwx,redditrequest,post,1543697904,neutral
aahrmi,teenagers,post,1546055926,neutral
a1y5f3,teenagers,post,1543624083,neutral
a3ugaf,twice,post,1544143578,neutral
a3szid,walkingwarrobots,post,1544134279,neutral
a3v0rk,2007scape,post,1544147472,negative
aasvdp,AskOuija,post,1546145423,neutral
a9w9is,AyyMD,post,1545888025,negative
a2pvn6,Battlefield,post,1543852451,negative
a365ec,Battlefield,post,1543965458,neutral
a62cwa,Battlefield,post,1544769484,neutral
aamaks,Battlefield,post,1546099273,negative
a9pilj,Braincels,post,1545838817,positive
a7fip9,DnD,post,1545168868,neutral
a5aurb,FORTnITE,post,1544561481,neutral
a3c40l,FortNiteBR,post,1544015109,negative
a2y7e9,HermitCraft,post,1543905922,neutral
a2ejfy,Ice_Poseidon,post,1543767856,negative
a2frh2,MakeupAddiction,post,1543775557,negative
aatnl1,PandR,post,1546152258,neutral
a9ksw8,PewdiepieSubmissions,post,1545792848,neutral
a45wyv,Polandballart,post,1544229103,negative
a2vkd6,PrequelMemes,post,1543886645,negative
a3fwaf,PrequelMemes,post,1544039737,neutral
a3qvjt,PrequelMemes,post,1544121983,negative
a416sw,PrequelMemes,post,1544198472,neutral
a59grb,PrequelMemes,post,1544552882,neutral
a5ji5d,PrequelMemes,post,1544631039,neutral
a6agar,PrequelMemes,post,1544832871,negative
a6scxe,PrequelMemes,post,1544990910,neutral
a73o2s,PrequelMemes,post,1545079117,negative
a7tbtj,PrequelMemes,post,1545272334,negative
a7wy09,PrequelMemes,post,1545304860,negative
a8txeu,PrequelMemes,post,1545563537,neutral
a95ak1,PrequelMemes,post,1545660875,neutral
a9br30,PrequelMemes,post,1545710179,neutral
a9hh2l,PrequelMemes,post,1545765596,negative
aavria,PrequelMemes,post,1546175506,negative
a9mqkt,RandomActsOfTf2,post,1545810662,positive
a76cpx,SantasLittleHelpers,post,1545097185,neutral
a21db4,ShadowBan,post,1543652506,neutral
a4fpr5,SmallYTChannel,post,1544310958,negative
a7u5ef,SmallYTChannel,post,1545278657,neutral
a2h46v,Socialism_101,post,1543783732,neutral
a2mngr,Warframe,post,1543824339,negative
a5iwjc,badwomensanatomy,post,1544627062,negative
a2a5pe,baseball,post,1543723561,negative
a6cba6,dank_meme,post,1544848330,negative
a4wtpy,dankmemes,post,1544457298,neutral
aa67jj,dankmemes,post,1545965776,negative
ab75p1,funny,post,1546263262,negative
a8brt1,help,post,1545410614,neutral
a65g0q,help,post,1544799045,negative
a223c3,help,post,1543660832,neutral
a8ekgg,hmmm,post,1545427558,neutral
aad59k,hoi4,post,1546023536,neutral
aaqvna,hoi4,post,1546130123,neutral
aavdqp,holdmyfries,post,1546171485,negative
a7uq6i,nukedmemes,post,1545283407,neutral
a9u9o6,redditrequest,post,1545872142,neutral
a4ncd3,redditrequest,post,1544380529,neutral
a9fak8,redditrequest,post,1545748709,neutral
a3fqqr,redditrequest,post,1544038818,neutral
aadg1c,secretsanta,post,1546025453,neutral
a2xwfb,startrekgifs,post,1543903284,negative
a39a3f,startrekgifs,post,1543987930,negative
a3lf69,startrekgifs,post,1544078063,negative
a3xjkv,startrekgifs,post,1544166370,negative
a9h2ma,trashy,post,1545762620,negative
a3sm2c,unpopularopinion,post,1544132146,negative
ab54eg,wedding,post,1546242752,neutral
a5i9q4,youtube,post,1544622409,negative
aa4icu,ADHD,post,1545953378,negative
a7mnbb,AskOuija,post,1545228061,neutral
a3qd7t,AskOuija,post,1544119026,neutral
a2rmk2,AskOuija,post,1543862994,neutral
a8buih,AskReddit,post,1545411060,positive
a6n1lr,AutoModerator,post,1544942784,neutral
a2i0wm,Battlefield,post,1543789281,negative
aaednp,BokuNoHeroAcademia,post,1546031362,negative
a6omtp,BudgetAudiophile,post,1544962916,neutral
a70d3q,DDLC,post,1545057698,negative
a6sru0,HomeDepot,post,1544993595,neutral
a3ua4b,Ice_Poseidon,post,1544142420,neutral
a5kcn6,JordanPeterson,post,1544636359,positive
a6vlbs,KingdomHearts,post,1545013840,positive
aa6dr4,KingdomHearts,post,1545967081,positive
a9tk8k,OrlandoMagic,post,1545866964,negative
a5nr7o,Scams,post,1544658014,negative
a2rcrm,Warframe,post,1543861369,negative
aazhw4,WhitePeopleTwitter,post,1546201972,negative
a3bofx,XXXTENTACION,post,1544011433,neutral
a4opbn,XXXTENTACION,post,1544389144,neutral
a5xh5z,XXXTENTACION,post,1544733910,neutral
ab564k,XXXTENTACION,post,1546243228,negative
a5vpm0,bloomington,post,1544722940,negative
aa3hht,dankchristianmemes,post,1545946514,neutral
a7eiwg,dankmemes,post,1545162653,neutral
a431qj,help,post,1544210070,neutral
a911z1,hittableFaces,post,1545619947,neutral
a4xsp3,libertarianmeme,post,1544463537,neutral
a4zhsj,libertarianmeme,post,1544474100,negative
a5jqz6,libertarianmeme,post,1544632590,neutral
a5o68j,meth,post,1544660966,neutral
a2wh9p,minnesota,post,1543892912,negative
a1z9fr,nfl,post,1543632914,neutral
a2hwpg,nrl,post,1543788549,neutral
a7n8dc,raimimemes,post,1545232266,neutral
a3eumc,redditrequest,post,1544033326,neutral
a8v7nz,redditrequest,post,1545576810,neutral
a4d1p2,smashbros,post,1544293116,negative
a8fxh7,survivor,post,1545437292,positive
aarh4q,teenagers,post,1546134406,negative
a53c8q,tennis,post,1544501013,neutral
aag9t5,AskOuija,post,1546044360,neutral
a5a1m9,AutoModerator,post,1544556467,neutral
a2pktk,BabyBumps,post,1543850440,neutral
aamhhu,BikiniBottomTwitter,post,1546100702,neutral
a7crph,CryptoCurrency,post,1545151762,positive
a9z66f,FO4mods,post,1545916839,neutral
a5kugi,Libertarian,post,1544639449,neutral
a9d9m5,MTB,post,1545725319,negative
a4iuyz,PewdiepieSubmissions,post,1544337499,neutral
a766ey,Predators,post,1545095921,neutral
a8scrs,SCJerk,post,1545544428,negative
a6jhnx,SUBREDDITNAME,post,1544912440,negative
a9jrrn,TokyoGhoul,post,1545783843,positive
a3d20s,XXXTENTACION,post,1544022206,neutral
a8t899,audible,post,1545554527,negative
a8dfrw,books,post,1545420309,neutral
a5swdk,brockhampton,post,1544702536,negative
a70z1v,classicwow,post,1545062066,negative
a79zcb,dankmemes,post,1545129446,neutral
a6jw36,dankmemes,post,1544915439,neutral
a4hzic,dankruto,post,1544329100,negative
a8y4kj,forhonor,post,1545597570,negative
abc32g,funny,post,1546295867,neutral
a5rdzq,gatekeeping,post,1544686389,negative
a2m5tv,jerma985,post,1543819729,positive
ab41ts,keto,post,1546233379,positive
a20ljv,redditrequest,post,1543644418,neutral
a7m0sa,redditrequest,post,1545222909,neutral
a8b8g6,redditrequest,post,1545407335,neutral
a6oy4q,redditrequest,post,1544966432,neutral
a9wa5q,redsox,post,1545888181,negative
a7xnk4,softwaregore,post,1545310600,neutral
a8zxjj,thebachelor,post,1545610852,neutral
aapn7w,washingtonwizards,post,1546121764,neutral
a2mjxa,Badfaketexts,post,1543823368,negative
aa2qn2,FoodPorn,post,1545941630,negative
a6cw0l,GoneMild,post,1544853695,neutral
a6cyqe,GoneMild,post,1544854411,neutral
a7cggq,Metal,post,1545149795,negative
aacmfv,Minecraft,post,1546020212,neutral
a63uek,Minecraft,post,1544785063,neutral
a8g4gj,OkCupid,post,1545438717,neutral
a5m91s,PrequelMemes,post,1544648266,neutral
a85sa4,ShitRConservativeSays,post,1545362111,negative
a33mr7,Smite,post,1543949891,neutral
a80hds,The_Donald,post,1545328433,positive
a9a45d,Wishlist,post,1545695778,neutral
aahidt,WoT,post,1546053918,neutral
a2at3z,chile,post,1543729564,neutral
a4mjgw,dankmemes,post,1544375461,neutral
a2bt5o,dankmemes,post,1543741094,negative
a9iuf1,dankmemes,post,1545776192,neutral
a64quo,dankruto,post,1544793538,negative
a43b10,dfsports,post,1544211730,neutral
aam8on,discordapp,post,1546098869,neutral
a7fg5s,kpop,post,1545168430,neutral
a7gaz2,kratom,post,1545173857,positive
a35p3o,lebanon,post,1543962597,neutral
a48aza,realmadrid,post,1544249604,neutral
a4cyz4,realmadrid,post,1544292589,negative
a9u9gf,redditrequest,post,1545872095,neutral
a7jbyk,redditrequest,post,1545196042,neutral
aaek6s,redditrequest,post,1546032534,neutral
a6s3mo,redditrequest,post,1544989225,neutral
a5ek61,teenagers,post,1544587251,positive
aanlbd,unpopularopinion,post,1546108252,negative
a9w5f6,AskOuija,post,1545887087,neutral
a7obs7,BoostForReddit,post,1545239399,neutral
a84752,Braincels,post,1545350218,negative
ab776b,CrazyIdeas,post,1546263626,neutral
a3ozzt,DarkNetMarketsNoobs,post,1544110787,negative
a2eis6,Egypt,post,1543767728,negative
a25vgp,Ice_Poseidon,post,1543691842,negative
a74uk7,Ice_Poseidon,post,1545086550,negative
a8gkxb,Ice_Poseidon,post,1545442327,negative
a4y55m,LateStageCapitalism,post,1544465701,neutral
a3x712,MechanicalKeyboards,post,1544163263,neutral
a60827,Memes_Of_The_Dank,post,1544752341,neutral
a9u18y,OakIsland,post,1545870381,neutral
a3j303,Overwatch,post,1544060024,neutral
a2kc1m,RoastMe,post,1543805370,neutral
a2kfxj,RoastMe,post,1543806129,neutral
a36kde,ShitPoliticsSays,post,1543968284,negative
a32cyi,Showerthoughts,post,1543941913,negative
a69dd0,Thetruthishere,post,1544824987,neutral
a48fxc,TwoBestFriendsPlay,post,1544250899,neutral
a2elgh,Warframe,post,1543768228,negative
a9r66l,WhitePeopleTwitter,post,1545850225,negative
a99ybz,amiibo,post,1545694515,negative
a9tw9d,confession,post,1545869406,negative
a4row8,dayz,post,1544410936,negative
a44nua,exchristian,post,1544220407,neutral
a6ko8m,fightporn,post,1544921444,neutral
a239d1,gonewild,post,1543673096,neutral
a23iux,gonewild,post,1543675317,neutral
a7yiq0,gonewild,post,1545316658,positive
a9km40,gonewild,post,1545791172,negative
aapozq,gonewild,post,1546122114,neutral
a945en,kol,post,1545649821,negative
a3cj8r,memes,post,1544018497,negative
aa1i94,memes,post,1545933930,positive
a9vfi1,mildlyinfuriating,post,1545881036,negative
a3vs55,onionhate,post,1544152730,neutral
a7ahfa,quityourbullshit,post,1545134759,neutral
a7d864,quityourbullshit,post,1545154625,negative
a7d6w6,redditrequest,post,1545154404,neutral
a41o68,redditrequest,post,1544201507,neutral
a8imit,redditrequest,post,1545460390,neutral
a6r435,redditrequest,post,1544982706,neutral
a8ctze,redditrequest,post,1545416771,neutral
a3f2co,teenagers,post,1544034645,neutral
a4m9ho,unpopularopinion,post,1544373711,negative
aab0dt,weedstocks,post,1546009324,negative
aaqgng,AskOuija,post,1546127333,neutral
a5mc2p,BokuNoHeroAcademia,post,1544648774,positive
a4pxtw,Christianity,post,1544397572,neutral
aai6ir,Comcast_Xfinity,post,1546059257,neutral
a7e5n8,Edmonton,post,1545160394,neutral
aa61as,HFY,post,1545964481,positive
a2d5c1,Kappa,post,1543756923,neutral
a2w6wv,Kappa,post,1543890967,neutral
a2zcfl,Kappa,post,1543917571,neutral
a3koaf,Kappa,post,1544071758,neutral
a5zq0x,Kappa,post,1544748629,neutral
a4j7uo,LeagueOfMeta,post,1544341294,negative
a65x1n,ModSupport,post,1544802347,negative
a632az,SantasLittleHelpers,post,1544776522,neutral
a5p8s3,The_Donald,post,1544668857,neutral
a2ajkj,Warhammer40k,post,1543727031,neutral
a4b84v,antinatalism,post,1544280198,positive
a34lq5,aww,post,1543955845,negative
a7ybvh,aww,post,1545315373,positive
a9kljt,bjj,post,1545791036,negative
a4qyi2,brasil,post,1544405294,negative
a9lfvn,confession,post,1545798406,neutral
a21xxj,dankmemes,post,1543659144,negative
a3zule,dankmemes,post,1544189200,negative
a7wmgf,dankmemes,post,1545301991,negative
a9ex43,dankmemes,post,1545745072,neutral
a6kv26,exjw,post,1544922979,neutral
abas7v,funny,post,1546287262,negative
a4n1oj,modhelp,post,1544378614,neutral
a6y15h,notinteresting,post,1545035474,negative
aa05uh,pakistan,post,1545924955,neutral
a7536p,pyrocynical,post,1545088162,neutral
a6lptd,raisedbynarcissists,post,1544930064,negative
a87etl,redditrequest,post,1545375469,neutral
a2nt0b,redditrequest,post,1543836291,neutral
a8up7j,redditrequest,post,1545572239,neutral
a6tqdx,redditrequest,post,1545000065,neutral
a7fxhm,redditrequest,post,1545171445,neutral
a5dipf,sadcringe,post,1544579406,neutral
a590lr,ssbbw,post,1544550141,negative
a3of37,wallstreetbets,post,1544106840,neutral
a72xwv,2007scape,post,1545074590,neutral
a90twl,3Dprinting,post,1545618049,neutral
a58crx,CryptoCurrency,post,1544546012,neutral
a9gm0c,CryptoCurrency,post,1545759226,negative
aa3up6,DDLC,post,1545948954,neutral
a6g2n1,DotA2,post,1544888301,negative
a20y6r,EnoughLibertarianSpam,post,1543647884,negative
a9hs83,FortNiteBR,post,1545767902,neutral
a6x3ng,Frugal,post,1545026230,neutral
a590qd,GODZILLA,post,1544550161,positive
a9rygd,GODZILLA,post,1545855526,neutral
aaxzeo,HiTMAN,post,1546192301,neutral
a4tx5s,HongKong,post,1544430829,negative
a2ehcg,Libertarian,post,1543767446,negative
a6sfry,Libertarian,post,1544991436,negative
a67pz1,MadeMeSmile,post,1544813928,neutral
ab379j,MadeMeSmile,post,1546226916,positive
a39mo5,NormMacdonald,post,1543990852,negative
aaftms,Showerthoughts,post,1546041094,negative
a8j2we,Showerthoughts,post,1545465473,neutral
a2l6wx,StarWarsBattlefront,post,1543811752,positive
a9sp61,TopMindsOfReddit,post,1545860655,negative
a2bfi9,VictoriaBC,post,1543736267,neutral
aad66b,Wellthatsucks,post,1546023700,negative
a4neya,brockhampton,post,1544380987,negative
a5w9tf,dankmemes,post,1544726424,negative
a5wb16,dankmemes,post,1544726630,neutral
a7rdz3,dankmemes,post,1545258778,neutral
a5ikru,dankmemes,post,1544624720,negative
a95x5b,dankmemes,post,1545665820,negative
a7g8ys,dankmemes,post,1545173473,negative
a9taod,dankmemes,post,1545865030,negative
a9ytqi,gaming,post,1545913519,neutral
a8ug3j,help,post,1545569717,neutral
a5l2zu,jobs,post,1544640911,negative
a353hj,keto,post,1543958881,neutral
a7p1c1,offmychest,post,1545243913,negative
a8nzrz,phish,post,1545509372,neutral
a3z637,runescape,post,1544183342,negative
a7qgk7,runescape,post,1545252812,neutral
a38zpc,stalker,post,1543985734,neutral
a8l6jo,teenagers,post,1545488785,neutral
a9q0wm,teenagers,post,1545842470,negative
a6u75k,timberwolves,post,1545003447,positive
a9xna2,toosoon,post,1545901222,neutral
a2myso,ukpolitics,post,1543827644,neutral
a2n06h,ukpolitics,post,1543828052,neutral
a2npwh,ukpolitics,post,1543835431,neutral
a40og3,ukpolitics,post,1544195073,neutral
a6p0re,ukpolitics,post,1544967182,negative
a71eue,ukpolitics,post,1545064971,neutral
a7oyqi,ukpolitics,post,1545243453,negative
a37k7v,unpopularopinion,post,1543975196,negative
ab25xz,Animemes,post,1546219437,neutral
a85bqz,Animemes,post,1545358521,neutral
a89itf,AskOuija,post,1545395384,neutral
a2nozt,Battlefield,post,1543835186,negative
a648fm,BlackPeopleTwitter,post,1544789009,neutral
a276n0,Drama,post,1543700829,negative
aahav5,ERB,post,1546052265,neutral
a6tb1b,FortNiteBR,post,1544997143,neutral
a8zjyl,Ice_Poseidon,post,1545608015,neutral
a706u5,KingdomHearts,post,1545056382,positive
aahcyi,KingdomHearts,post,1546052708,positive
a5fwyl,NBASpurs,post,1544599034,negative
a3jvzb,Overwatch,post,1544065770,negative
a3kll8,Overwatch,post,1544071147,negative
a4xgr3,Overwatch,post,1544461456,neutral
a7ndhf,Overwatch,post,1545233231,positive
a6td6r,Paladins,post,1544997556,positive
a7ruei,PewdiepieSubmissions,post,1545261817,negative
a8is9b,Philippines,post,1545462091,neutral
aawtm2,Repsneakers,post,1546184441,neutral
a7vnp8,TVDetails,post,1545291877,negative
a8zd9i,The_Donald,post,1545606603,negative
a212bp,The_Donald,post,1543649063,neutral
a4te7e,copypasta,post,1544425338,negative
a8sdrp,crash_fever,post,1545544732,neutral
a76xfz,dankmemes,post,1545101358,negative
a89goq,dankmemes,post,1545394901,negative
a2mazu,darkjokes,post,1543821019,positive
a60fux,exmormon,post,1544753955,neutral
aala1d,horror,post,1546090760,neutral
a5l0nf,ireland,post,1544640511,neutral
a27gw0,lancaster,post,1543702755,neutral
a6ugk8,libertarianmeme,post,1545005384,negative
a7dede,libertarianmeme,post,1545155708,neutral
a7fuzj,linguistics,post,1545171015,negative
a5w31s,linuxmint,post,1544725256,negative
a3z66r,malaysia,post,1544183365,neutral
ab268u,memes,post,1546219479,positive
a53kyv,montreal,post,1544502959,neutral
a4oxzr,nukedmemes,post,1544390682,negative
a7onsk,opieandanthony,post,1545241530,negative
a2edb6,orangecounty,post,1543766683,negative
a8ky01,rant,post,1545486597,negative
a9dxs6,rant,post,1545733520,negative
a7h48q,rant,post,1545179402,negative
a58y48,redditrequest,post,1544549711,neutral
a8hojk,redditrequest,post,1545451578,neutral
a2ddls,redditrequest,post,1543759016,neutral
a21wsh,redditrequest,post,1543658808,neutral
a8111n,runescape,post,1545331550,neutral
a3y0c1,runescape,post,1544171095,negative
a5m5rw,runescape,post,1544647664,neutral
a71wb6,runescape,post,1545068065,negative
a80s47,runescape,post,1545330114,negative
a87o3u,runescape,post,1545377781,negative
a8uujo,runescape,post,1545573645,neutral
a94w4w,runescape,post,1545657361,neutral
a9cjac,soccer,post,1545717525,negative
a86coo,trans,post,1545366786,negative
a8evcd,unpopularopinion,post,1545429588,negative
a8oty1,xboxone,post,1545515287,neutral
a5c62l,4Runner,post,1544569778,neutral
a2c70v,AmItheAsshole,post,1543745886,negative
a9i5rl,CasualUK,post,1545770779,negative
a5fxp8,CasualUK,post,1544599245,neutral
a34rpl,DotA2,post,1543956894,neutral
a2fznk,HistoryMemes,post,1543776941,neutral
a2z1e0,Ice_Poseidon,post,1543914290,neutral
a7gu8q,JUSTNOMIL,post,1545177481,negative
a8sr6v,KansasCityChiefs,post,1545548643,neutral
a57709,Libertarian,post,1544538073,negative
a466t5,MLS,post,1544231288,neutral
a8s7az,Minecraft,post,1545542916,neutral
a3syfm,ModSupport,post,1544134099,neutral
a3r5mw,PrequelMemes,post,1544123605,neutral
a5wmcf,SantasLittleHelpers,post,1544728612,positive
a44pjq,anime,post,1544220727,neutral
a82m3w,asstastic,post,1545340754,neutral
a3ocfb,btc,post,1544106301,negative
a9c2ml,facepalm,post,1545713144,negative
a8vffb,fatestaynight,post,1545578556,neutral
abcfgy,funny,post,1546298118,neutral
a6yg7d,gonewild,post,1545040178,neutral
a4lqd3,gonewild,post,1544369390,positive
a9255q,iamverysmart,post,1545629119,negative
a43u9l,lawschooladmissions,post,1544215115,neutral
a6i32i,memes,post,1544902558,neutral
a27qnb,modhelp,post,1543704663,neutral
a8dblc,ptcgo,post,1545419617,positive
a7k1m1,raimimemes,post,1545202520,negative
a695go,redacted,post,1544823478,negative
a9x4m5,redditrequest,post,1545895721,neutral
a7lbge,redditrequest,post,1545216032,neutral
a60joa,redditrequest,post,1544754772,neutral
a8eo38,redditrequest,post,1545428237,neutral
a22yjf,redditrequest,post,1543670372,neutral
aadyeb,secretsanta,post,1546028650,neutral
a3ckj7,sph,post,1544018750,neutral
a71w1p,stepparents,post,1545068017,neutral
a545jl,thedavidpakmanshow,post,1544507915,negative
a3ruoc,travisscott,post,1544127669,negative
a2qhvi,unpopularopinion,post,1543856283,negative
ab6iix,videography,post,1546257532,negative
aaejqt,zerocarb,post,1546032461,positive
aa3gdr,BokuNoHeroAcademia,post,1545946315,negative
a54ms2,Christianity,post,1544512578,neutral
a7h0vv,FortNiteBR,post,1545178729,negative
a5sx5a,Rainbow6,post,1544702731,negative
a5t5fd,Rainbow6,post,1544704810,negative
a387bn,Rainbow6,post,1543979709,neutral
a80g3f,SWGalaxyOfHeroes,post,1545328230,negative
a8z5u4,cowboys,post,1545605096,negative
a9187s,cowboys,post,1545621361,negative
a4kl0n,cripplingalcoholism,post,1544357840,neutral
aam0a4,dankmemes,post,1546097062,negative
a5r0cs,dankmemes,post,1544682799,negative
aac8j2,dankmemes,post,1546017739,negative
ab640n,dankmemes,post,1546253357,negative
a74u1n,dankmemes,post,1545086457,neutral
a8pxf6,ideasfortheadmins,post,1545523380,neutral
a5spi5,modclub,post,1544700663,neutral
a85wys,modhelp,post,1545363168,neutral
a7pj0z,mwo,post,1545246972,negative
a8g9oj,nfl,post,1545439836,negative
a1yqix,nfl,post,1543628702,negative
a5hi5q,nukedmemes,post,1544615851,negative
a73k0o,nyc,post,1545078403,negative
aa5ocv,quityourbullshit,post,1545961729,negative
a6j4c7,redditrequest,post,1544909740,neutral
a8bb51,redditrequest,post,1545407795,neutral
ab241h,relationship_advice,post,1546219066,neutral
a7plwn,therewasanattempt,post,1545247466,neutral
a5t3yn,2007scape,post,1544704448,neutral
a6lrnh,AskReddit,post,1544930484,neutral
a6lwvd,AskReddit,post,1544931733,neutral
a6jqex,Battlefield,post,1544914278,negative
a37u3m,Buttcoin,post,1543977150,negative
a3dnq5,Buttcoin,post,1544026162,negative
ab1pdr,Chargers,post,1546216309,negative
a5owqr,Comcast_Xfinity,post,1544666411,neutral
aa181c,Cricket,post,1545932147,neutral
ab90uu,FashionReps,post,1546276356,positive
ab3fct,FortNiteBR,post,1546228605,negative
a7ow4w,GTAV,post,1545242976,neutral
a6vrak,Ice_Poseidon,post,1545015105,negative
a6scd4,Ice_Poseidon,post,1544990805,neutral
aa1j69,Ice_Poseidon,post,1545934088,negative
a91pbk,Ice_Poseidon,post,1545625359,negative
a424m0,Ice_Poseidon,post,1544204290,positive
a5yafk,Ice_Poseidon,post,1544738972,neutral
a6jtul,Libertarian,post,1544914981,negative
a53r8t,Libertarian,post,1544504426,neutral
aa71y8,Marvel,post,1545972333,negative
a8dkk9,MurderedByWords,post,1545421115,neutral
a68ubc,Showerthoughts,post,1544821379,negative
a9tvha,The_Donald,post,1545869256,positive
a9b9gv,The_Donald,post,1545705760,negative
a47a01,Thunder,post,1544240390,neutral
a2u3oi,Warframe,post,1543877183,neutral
a6d0ou,apolloapp,post,1544854948,positive
a9bqrc,apple,post,1545710096,negative
a6aza0,btc,post,1544837018,negative
a3vk8p,ddlg,post,1544151218,neutral
abccva,funny,post,1546297662,neutral
a44upt,leagueoflegends,post,1544221638,negative
a320g4,legaladvice,post,1543939713,negative
a1z0d8,Ice_Poseidon,post,1543630876,negative
abcgco,LSD,post,1546298268,positive
aala2q,LabourUK,post,1546090770,neutral
a4icia,Libertarian,post,1544332467,neutral
a4ooir,MakeupAddiction,post,1544388994,negative
a8htpb,Memes_Of_The_Dank,post,1545452874,negative
a4q1jn,ModSupport,post,1544398339,negative
aa6uc0,Pee,post,1545970645,neutral
a2y7q7,PoliticalHumor,post,1543905998,negative
a8i2w4,PoliticalHumor,post,1545455216,negative
a8iaav,PoliticalHumor,post,1545457082,neutral
a8oy49,PoliticalHumor,post,1545516097,negative
a92eyl,PoliticalHumor,post,1545631543,negative
a92yor,PoliticalHumor,post,1545636696,negative
a93kwk,PoliticalHumor,post,1545643521,neutral
a7hg1w,SFr4r,post,1545181675,positive
a57609,SWGalaxyOfHeroes,post,1544537851,neutral
a92bza,SantasLittleHelpers,post,1545630787,neutral
a7pcdi,Showerthoughts,post,1545245857,neutral
aajry0,Testosterone,post,1546074410,neutral
a8a6bq,TooAfraidToAsk,post,1545400336,neutral
a6nv8g,Xcom,post,1544953151,neutral
a5txhe,adops,post,1544711129,neutral
a30el4,answers,post,1543927902,negative
a6alyu,asktransgender,post,1544834088,positive
a9tlri,boston,post,1545867270,neutral
a683di,dankmemes,post,1544816366,negative
a7o71u,dankmemes,post,1545238608,neutral
a2akp3,help,post,1543727309,negative
aa5c8o,help,post,1545959213,negative
a63659,help,post,1544777701,negative
a9776r,iamverysmart,post,1545674735,negative
a5jnlk,indianpeoplefacebook,post,1544631985,neutral
a3kn6k,modhelp,post,1544071504,neutral
a81igs,modpiracy,post,1545334370,neutral
a5m4y3,reactnative,post,1544647527,neutral
a9z1xn,reactnative,post,1545915767,neutral
a31hdx,redditgetsdrawn,post,1543936178,neutral
a1yoek,redditrequest,post,1543628236,neutral
a29a86,redditrequest,post,1543716109,neutral
a3610a,redditrequest,post,1543964687,neutral
aa5s20,redditrequest,post,1545962523,neutral
a4k0bu,redditrequest,post,1544351004,neutral
a1ye2t,redditrequest,post,1543625987,neutral
a1ygzf,redditrequest,post,1543626606,neutral
a1yh0j,redditrequest,post,1543626613,neutral
a1zmdu,redditrequest,post,1543635946,neutral
a1zy8y,redditrequest,post,1543638812,neutral
a20hc7,redditrequest,post,1543643361,neutral
a2220c,redditrequest,post,1543660419,neutral
a22qv6,redditrequest,post,1543668231,neutral
a24bnn,redditrequest,post,1543681368,neutral
a24rox,redditrequest,post,1543684388,neutral
a261ie,redditrequest,post,1543693019,neutral
a27hvf,redditrequest,post,1543702944,neutral
a299tr,redditrequest,post,1543716024,neutral
a2btjs,redditrequest,post,1543741241,neutral
a2gef6,redditrequest,post,1543779413,neutral
a2gjwr,redditrequest,post,1543780347,neutral
a2hfmr,redditrequest,post,1543785635,neutral
a2i0r9,redditrequest,post,1543789254,neutral
a2icn5,redditrequest,post,1543791423,neutral
a2id22,redditrequest,post,1543791508,neutral
a2infn,redditrequest,post,1543793473,neutral
a2ivke,redditrequest,post,1543795017,neutral
a2lfjb,redditrequest,post,1543813604,neutral
a2o5w4,redditrequest,post,1543839734,neutral
a2od9f,redditrequest,post,1543841528,neutral
a2ouw2,redditrequest,post,1543845457,neutral
a2wiul,redditrequest,post,1543893220,neutral
a2wt24,redditrequest,post,1543895244,neutral
a2xcf4,redditrequest,post,1543899175,neutral
a2xj34,redditrequest,post,1543900493,neutral
a2xom2,redditrequest,post,1543901549,neutral
a2y62f,redditrequest,post,1543905581,neutral
a30p9k,redditrequest,post,1543930388,neutral
a33er1,redditrequest,post,1543948490,neutral
a33rdp,redditrequest,post,1543950660,neutral
a33srs,redditrequest,post,1543950898,neutral
a33yej,redditrequest,post,1543951869,neutral
a34z8r,redditrequest,post,1543958146,neutral
a35kqx,redditrequest,post,1543961807,neutral
a35whw,redditrequest,post,1543963892,neutral
a364uq,redditrequest,post,1543965363,neutral
a36ew7,redditrequest,post,1543967229,neutral
a37zft,redditrequest,post,1543978181,neutral
a3bdoo,redditrequest,post,1544008520,neutral
a3bn0j,redditrequest,post,1544011080,neutral
a3c8vu,redditrequest,post,1544016222,neutral
a3cggn,redditrequest,post,1544017886,neutral
a3f5z1,redditrequest,post,1544035268,neutral
a3htn5,redditrequest,post,1544051621,neutral
a3i6vb,redditrequest,post,1544053976,neutral
a3ikgi,redditrequest,post,1544056441,neutral
a3m3y9,redditrequest,post,1544084724,neutral
a3opn6,redditrequest,post,1544108899,neutral
a3ot9k,redditrequest,post,1544109568,negative
a3q7a9,redditrequest,post,1544118047,neutral
a3qnyi,redditrequest,post,1544120758,neutral
a3qxd7,redditrequest,post,1544122277,neutral
a3qxs7,redditrequest,post,1544122343,neutral
a3r4o8,redditrequest,post,1544123452,neutral
a3rbem,redditrequest,post,1544124548,neutral
a3so7p,redditrequest,post,1544132483,neutral
a3t3g7,redditrequest,post,1544134912,neutral
a3tedt,redditrequest,post,1544136735,neutral
a3uhex,redditrequest,post,1544143794,neutral
a3uk21,redditrequest,post,1544144300,neutral
a3vupe,redditrequest,post,1544153245,neutral
a3xn8f,redditrequest,post,1544167279,neutral
a4115z,redditrequest,post,1544197466,neutral
a413tp,redditrequest,post,1544197939,neutral
a41z4d,redditrequest,post,1544203351,neutral
a42zom,redditrequest,post,1544209717,neutral
a44sbr,redditrequest,post,1544221209,neutral
a44wp2,redditrequest,post,1544222003,neutral
a47emh,redditrequest,post,1544241503,neutral
a4ahza,redditrequest,post,1544273740,neutral
a4dd36,redditrequest,post,1544295212,neutral
a4dtoy,redditrequest,post,1544298190,neutral
a4emam,redditrequest,post,1544303480,neutral
a4h9gq,redditrequest,post,1544322965,neutral
a4hgpv,redditrequest,post,1544324561,neutral
a4i7j6,redditrequest,post,1544331181,neutral
a4iwhj,redditrequest,post,1544337903,neutral
a4kw1n,redditrequest,post,1544361373,neutral
a4pa55,redditrequest,post,1544392980,neutral
a4r17o,redditrequest,post,1544405875,neutral
a4u6ah,redditrequest,post,1544433585,neutral
a4us4j,redditrequest,post,1544440356,neutral
a4w1e8,redditrequest,post,1544451592,neutral
a4wall,redditrequest,post,1544453563,neutral
a4wvye,redditrequest,post,1544457719,neutral
a4y685,redditrequest,post,1544465888,neutral
a4yz03,redditrequest,post,1544470835,neutral
a4yzyr,redditrequest,post,1544471012,neutral
a4zka0,redditrequest,post,1544474602,neutral
a505kc,redditrequest,post,1544478236,neutral
a50e2l,redditrequest,post,1544479775,neutral
a50om8,redditrequest,post,1544481727,neutral
a522t2,redditrequest,post,1544491604,neutral
a52nq0,redditrequest,post,1544495936,neutral
a54mfa,redditrequest,post,1544512470,neutral
a54ojm,redditrequest,post,1544513072,neutral
a565fx,redditrequest,post,1544529199,neutral
a578bf,redditrequest,post,1544538370,neutral
a59agf,redditrequest,post,1544551792,neutral
a59odn,redditrequest,post,1544554204,neutral
a5b4t6,redditrequest,post,1544563166,neutral
a5ceho,redditrequest,post,1544571363,neutral
a5cllx,redditrequest,post,1544572789,neutral
a5d64s,redditrequest,post,1544576842,neutral
a5dxlk,redditrequest,post,1544582487,neutral
a5eepo,redditrequest,post,1544586075,neutral
a5egsg,redditrequest,post,1544586514,neutral
a5fmdj,redditrequest,post,1544596252,neutral
a5ibx6,redditrequest,post,1544622917,neutral
a5jwjv,redditrequest,post,1544633599,neutral
a5lbi2,redditrequest,post,1544642343,neutral
a5lue4,redditrequest,post,1544645672,neutral
a5mff8,redditrequest,post,1544649353,neutral
a5nkjm,redditrequest,post,1544656694,neutral
a5nmc1,redditrequest,post,1544657058,neutral
a5nnni,redditrequest,post,1544657323,neutral
a5oaxw,redditrequest,post,1544661907,neutral
a5ohh8,redditrequest,post,1544663231,neutral
a5oqc7,redditrequest,post,1544665092,neutral
a5qqck,redditrequest,post,1544680324,neutral
a5qx7x,redditrequest,post,1544682038,neutral
a5rlqx,redditrequest,post,1544688657,neutral
a5rzf1,redditrequest,post,1544692890,neutral
a5s0pt,redditrequest,post,1544693290,neutral
a5sg75,redditrequest,post,1544697996,neutral
a5t3iq,redditrequest,post,1544704324,neutral
a5trn5,redditrequest,post,1544709903,neutral
a5uc80,redditrequest,post,1544714043,neutral
a5vvzm,redditrequest,post,1544724055,neutral
a5w2er,redditrequest,post,1544725145,neutral
a5xubd,redditrequest,post,1544736163,neutral
a5yzqs,redditrequest,post,1544743571,neutral
a5z3lx,redditrequest,post,1544744304,neutral
a5zpbj,redditrequest,post,1544748483,neutral
a604ey,redditrequest,post,1544751577,neutral
a623ih,redditrequest,post,1544767131,neutral
a639zj,redditrequest,post,1544778830,neutral
a64bfx,redditrequest,post,1544789817,neutral
a64vm4,redditrequest,post,1544794624,neutral
a65e3c,redditrequest,post,1544798643,neutral
a66miw,redditrequest,post,1544806929,neutral
a67bos,redditrequest,post,1544811379,neutral
a67f81,redditrequest,post,1544812016,neutral
a67p0d,redditrequest,post,1544813745,neutral
a67s61,redditrequest,post,1544814310,neutral
a67sui,redditrequest,post,1544814427,neutral
a67wo1,redditrequest,post,1544815128,neutral
a6a7ul,redditrequest,post,1544831054,neutral
a6aaku,redditrequest,post,1544831649,neutral
a6adg8,redditrequest,post,1544832288,neutral
a6b1zr,redditrequest,post,1544837640,neutral
a6bwqu,redditrequest,post,1544844820,neutral
a6c0ie,redditrequest,post,1544845727,neutral
a6cef4,redditrequest,post,1544849125,neutral
a6dd71,redditrequest,post,1544858577,neutral
a6dfqo,redditrequest,post,1544859422,neutral
a6dql2,redditrequest,post,1544862983,neutral
a6duht,redditrequest,post,1544864369,neutral
a6e3kf,redditrequest,post,1544867528,neutral
a6eth5,redditrequest,post,1544876553,neutral
a6fkgs,redditrequest,post,1544884076,neutral
a6g27l,redditrequest,post,1544888205,neutral
a6hv5d,redditrequest,post,1544901035,neutral
a6i9sv,redditrequest,post,1544903924,neutral
a6id65,redditrequest,post,1544904553,neutral
a6jphi,redditrequest,post,1544914073,neutral
a6jurt,redditrequest,post,1544915179,neutral
a6kc5o,redditrequest,post,1544918873,neutral
a6njkx,redditrequest,post,1544948869,neutral
a6oij0,redditrequest,post,1544961508,neutral
a6q1wd,redditrequest,post,1544975750,neutral
a6qase,redditrequest,post,1544977426,neutral
a6qn8x,redditrequest,post,1544979716,neutral
a6r3s3,redditrequest,post,1544982652,neutral
a6rcpz,redditrequest,post,1544984243,neutral
a6udkk,redditrequest,post,1545004760,neutral
a6vrfe,redditrequest,post,1545015136,neutral
a6vs6d,redditrequest,post,1545015300,neutral
a6wfh6,redditrequest,post,1545020400,neutral
a6wjdw,redditrequest,post,1545021310,neutral
a6x4sy,redditrequest,post,1545026514,neutral
a6xsk7,redditrequest,post,1545032837,neutral
a703pp,redditrequest,post,1545055673,neutral
a7049a,redditrequest,post,1545055790,neutral
a70mzy,redditrequest,post,1545059709,neutral
a71jbf,redditrequest,post,1545065776,neutral
a71z94,redditrequest,post,1545068585,neutral
a74g5w,redditrequest,post,1545083983,neutral
a767l2,redditrequest,post,1545096156,neutral
a76hr0,redditrequest,post,1545098190,neutral
a76xko,redditrequest,post,1545101385,neutral
a772zf,redditrequest,post,1545102529,neutral
a774ct,redditrequest,post,1545102833,neutral
a775fd,redditrequest,post,1545103065,neutral
a77fek,redditrequest,post,1545105201,neutral
a78j4b,redditrequest,post,1545114389,neutral
a7doaw,redditrequest,post,1545157387,neutral
a7fkhb,redditrequest,post,1545169160,neutral
a7fssi,redditrequest,post,1545170631,neutral
a7grx7,redditrequest,post,1545177043,neutral
a7h4h5,redditrequest,post,1545179446,neutral
a7ihfe,redditrequest,post,1545189238,neutral
a7izlu,redditrequest,post,1545193195,neutral
a7j2r7,redditrequest,post,1545193905,neutral
a7k2za,redditrequest,post,1545202887,neutral
a7ltsu,redditrequest,post,1545221156,neutral
a7lvi5,redditrequest,post,1545221584,neutral
a7mywq,redditrequest,post,1545230430,neutral
a7n5z6,redditrequest,post,1545231820,neutral
a7npaf,redditrequest,post,1545235414,neutral
a7oymk,redditrequest,post,1545243432,neutral
a7qa0u,redditrequest,post,1545251647,neutral
a7r4v6,redditrequest,post,1545257126,neutral
a7rjh7,redditrequest,post,1545259795,neutral
a7ts4o,redditrequest,post,1545275766,neutral
a7u1r7,redditrequest,post,1545277870,neutral
a7u99z,redditrequest,post,1545279500,neutral
a7v1if,redditrequest,post,1545286130,neutral
a7v7q6,redditrequest,post,1545287670,neutral
a7vhas,redditrequest,post,1545290150,neutral
a7xqhl,redditrequest,post,1545311174,neutral
a7xwq7,redditrequest,post,1545312431,neutral
a7yh52,redditrequest,post,1545316371,neutral
a7ylh9,redditrequest,post,1545317229,neutral
a7ysyk,redditrequest,post,1545318628,neutral
a7yz5o,redditrequest,post,1545319714,neutral
a80819,redditrequest,post,1545326920,neutral
a80bt8,redditrequest,post,1545327532,neutral
a80g0o,redditrequest,post,1545328218,neutral
a80rnq,redditrequest,post,1545330043,neutral
a80us0,redditrequest,post,1545330544,neutral
a8165c,redditrequest,post,1545332399,neutral
a81sfk,redditrequest,post,1545335990,neutral
a833en,redditrequest,post,1545343549,neutral
a83mii,redditrequest,post,1545346702,neutral
a84jqt,redditrequest,post,1545352544,neutral
a86smk,redditrequest,post,1545370364,neutral
a87ds6,redditrequest,post,1545375210,neutral
a87wmp,redditrequest,post,1545380091,neutral
a88jew,redditrequest,post,1545386349,neutral
a88w9q,redditrequest,post,1545389792,neutral
a890rd,redditrequest,post,1545390961,neutral
a89va1,redditrequest,post,1545398096,neutral
a8a2fl,redditrequest,post,1545399531,neutral
a8a6uu,redditrequest,post,1545400438,neutral
a8b28d,redditrequest,post,1545406281,neutral
a8bgvm,redditrequest,post,1545408779,neutral
a8bmip,redditrequest,post,1545409734,neutral
a8btcb,redditrequest,post,1545410871,neutral
a8bwsd,redditrequest,post,1545411444,neutral
a8czu6,redditrequest,post,1545417728,neutral
a8do74,redditrequest,post,1545421709,neutral
a8ezdk,redditrequest,post,1545430326,neutral
a8f8o6,redditrequest,post,1545432107,neutral
a8faz1,redditrequest,post,1545432552,neutral
a8fbhv,redditrequest,post,1545432666,neutral
a8fe0d,redditrequest,post,1545433169,neutral
a8g09y,redditrequest,post,1545437818,neutral
a8ga41,redditrequest,post,1545439930,neutral
a8jivr,redditrequest,post,1545470698,negative
a8jxvh,redditrequest,post,1545475608,neutral
a8jzg2,redditrequest,post,1545476176,neutral
a8ldvg,redditrequest,post,1545490512,neutral
a8mbaf,redditrequest,post,1545497548,neutral
a8mjji,redditrequest,post,1545499133,neutral
a8n05s,redditrequest,post,1545502360,neutral
a8nddz,redditrequest,post,1545504984,neutral
a8o8b9,redditrequest,post,1545511052,neutral
a8ooos,redditrequest,post,1545514249,neutral
a8orqc,redditrequest,post,1545514850,neutral
a8oxdh,redditrequest,post,1545515963,neutral
a8sain,redditrequest,post,1545543791,neutral
a8sl1x,redditrequest,post,1545546773,neutral
a8t5ha,redditrequest,post,1545553493,neutral
a8txr2,redditrequest,post,1545563657,neutral
a8vudy,redditrequest,post,1545581695,neutral
a8w78i,redditrequest,post,1545584268,neutral
a8xj6c,redditrequest,post,1545593439,neutral
a8z1bp,redditrequest,post,1545604114,neutral
a906lo,redditrequest,post,1545612818,neutral
a90cve,redditrequest,post,1545614192,neutral
a930mk,redditrequest,post,1545637256,neutral
a94fdj,redditrequest,post,1545652826,neutral
a94s5j,redditrequest,post,1545656380,neutral
a99afz,redditrequest,post,1545689368,neutral
a9cdla,redditrequest,post,1545715987,neutral
a9i66a,redditrequest,post,1545770865,neutral
a9igyk,redditrequest,post,1545773224,neutral
a9ipp3,redditrequest,post,1545775135,neutral
a9j6kg,redditrequest,post,1545778915,neutral
a9jwkm,redditrequest,post,1545784972,neutral
a9jyw0,redditrequest,post,1545785527,neutral
a9mpsy,redditrequest,post,1545810387,neutral
a9mrm9,redditrequest,post,1545811003,neutral
a9o3nr,redditrequest,post,1545826386,neutral
a9pf6g,redditrequest,post,1545838098,neutral
a9rbfj,redditrequest,post,1545851238,neutral
a9t11b,redditrequest,post,1545863044,neutral
a9t9zj,redditrequest,post,1545864892,neutral
a9tsa3,redditrequest,post,1545868579,neutral
a9u3q9,redditrequest,post,1545870886,neutral
a9ye2f,redditrequest,post,1545909193,neutral
a9yjw5,redditrequest,post,1545910922,neutral
a9ys53,redditrequest,post,1545913088,neutral
a9yuu9,redditrequest,post,1545913829,neutral
a9zebv,redditrequest,post,1545918860,neutral
aa0g55,redditrequest,post,1545926970,neutral
aa1989,redditrequest,post,1545932363,neutral
aa3r64,redditrequest,post,1545948293,negative
aa3ww0,redditrequest,post,1545949367,neutral
aa3zgk,redditrequest,post,1545949847,neutral
aa7g82,redditrequest,post,1545975650,neutral
aa8ftv,redditrequest,post,1545984736,neutral
aabu3p,redditrequest,post,1546015133,negative
aac9ma,redditrequest,post,1546017934,neutral
aadmk3,redditrequest,post,1546026570,neutral
aafrik,redditrequest,post,1546040683,neutral
aah16q,redditrequest,post,1546050177,neutral
aah71s,redditrequest,post,1546051432,neutral
aahkgc,redditrequest,post,1546054369,neutral
aai88i,redditrequest,post,1546059635,neutral
aairrp,redditrequest,post,1546064188,neutral
aaizxm,redditrequest,post,1546066294,neutral
aam19e,redditrequest,post,1546097282,neutral
aamjkn,redditrequest,post,1546101117,neutral
aan5cm,redditrequest,post,1546105327,neutral
aan670,redditrequest,post,1546105490,neutral
aanwbg,redditrequest,post,1546110215,neutral
aaq5k2,redditrequest,post,1546125211,neutral
aarq2j,redditrequest,post,1546136280,neutral
aas3xp,redditrequest,post,1546139312,neutral
aas4qf,redditrequest,post,1546139483,neutral
aasetd,redditrequest,post,1546141700,neutral
aashgn,redditrequest,post,1546142302,neutral
aask7h,redditrequest,post,1546142908,neutral
aasnk2,redditrequest,post,1546143664,neutral
aaua2x,redditrequest,post,1546158752,neutral
aaxl8j,redditrequest,post,1546189732,neutral
aaye23,redditrequest,post,1546194927,neutral
ab465q,redditrequest,post,1546234348,neutral
ab4gz8,redditrequest,post,1546236787,neutral
ab52z2,redditrequest,post,1546242376,neutral
ab5kry,redditrequest,post,1546247512,neutral
ab5trl,redditrequest,post,1546250351,neutral
ab71xh,redditrequest,post,1546262363,neutral
ab7il4,redditrequest,post,1546266138,neutral
ab8b2p,redditrequest,post,1546271833,neutral
ab8dl2,redditrequest,post,1546272286,neutral
ab8q1g,redditrequest,post,1546274495,neutral
ab9f6k,redditrequest,post,1546278799,neutral
aba81f,redditrequest,post,1546283717,neutral
abahec,redditrequest,post,1546285369,neutral
abap6a,redditrequest,post,1546286719,neutral
abb1sj,redditrequest,post,1546289011,neutral
abcogb,redditrequest,post,1546299686,neutral
a34tvx,redditrequest,post,1543957258,neutral
aaedmh,redditrequest,post,1546031355,neutral
a81v06,redditrequest,post,1545336406,neutral
aa1mzv,redditrequest,post,1545934736,neutral
a8vkq1,redditrequest,post,1545579713,neutral
a2wimm,teenagers,post,1543893177,negative
ab2jtl,teenagers,post,1546222149,neutral
a599bd,4chan,post,1544551604,negative
a9m255,ApplyingToCollege,post,1545803779,neutral
a3gfwb,AskTrumpSupporters,post,1544043061,neutral
a5se0a,BreadStapledToTrees,post,1544697330,neutral
a67z7r,Comcast_Xfinity,post,1544815605,neutral
a5goa4,DDLC,post,1544607090,negative
a3x9r4,Drama,post,1544163930,neutral
a25mti,Drama,post,1543690241,neutral
a3w1ix,Drama,post,1544154601,neutral
a4dkt1,Drama,post,1544296599,neutral
a4cjnz,ElectricForest,post,1544289753,positive
a7kemo,Fantasy_Football,post,1545206145,neutral
a5kofy,GlobalOffensiveTrade,post,1544638408,negative
a91geb,IndiaSpeaks,post,1545623287,negative
a4et6y,Libertarian,post,1544304713,positive
a25n4p,Libertarian,post,1543690296,negative
a7w3xh,MGTOW,post,1545296757,negative
a6d1ve,MGTOW,post,1544855298,neutral
a4w3jj,Maine,post,1544452056,neutral
a3h3kx,Nicegirls,post,1544047114,negative
a79mt9,OldSchoolCool,post,1545125802,negative
a79oye,OldSchoolCool,post,1545126474,negative
a7tf6n,PrequelMemes,post,1545273024,negative
a84tp5,PrequelMemes,post,1545354607,negative
a8i4vy,PrequelMemes,post,1545455716,negative
a3uix0,RimWorld,post,1544144077,negative
aag9kd,SantasLittleHelpers,post,1546044316,positive
a1ywm3,Sneakers,post,1543630044,neutral
a8b3wi,bakchodi,post,1545406565,negative
a5awi3,dankmemes,post,1544561791,neutral
a562g2,dankmemes,post,1544528359,neutral
a4m3v7,dankmemes,post,1544372612,negative
a9pjz0,dankmemes,post,1545839087,negative
a698y9,darkjokes,post,1544824134,negative
a4s8ae,jailbreak,post,1544415137,positive
a9g4xw,memes,post,1545755730,neutral
a3fse3,northernireland,post,1544039084,neutral
a43hk6,opieandanthony,post,1544212875,neutral
aanons,osugame,post,1546108879,neutral
a6lxba,rarepuppers,post,1544931839,negative
abavq3,redditrequest,post,1546287901,neutral
a737kt,redditrequest,post,1545076251,neutral
a7395w,redditrequest,post,1545076514,neutral
a739qa,redditrequest,post,1545076614,neutral
a73unv,redditrequest,post,1545080283,neutral
a95ydo,redditrequest,post,1545666078,neutral
a7rak4,redditrequest,post,1545258150,neutral
a9bqwf,redditrequest,post,1545710131,neutral
a97abn,secretsanta,post,1545675312,neutral
a7t006,secretsanta,post,1545269972,neutral
a9ovc6,slowcooking,post,1545833665,neutral
a8elmg,sweden,post,1545427774,neutral
a2dciy,trashy,post,1543758761,negative
a4w1lq,unpopularopinion,post,1544451637,neutral
a51l68,Art,post,1544487957,neutral
aaul2v,AskOuija,post,1546162248,neutral
a4zezj,AskOuija,post,1544473606,negative
a1yp1x,AskReddit,post,1543628382,neutral
a1zelo,AskReddit,post,1543634103,neutral
a278ph,AskReddit,post,1543701228,neutral
a2gzyp,AskReddit,post,1543783035,neutral
a2vp2g,AskReddit,post,1543887544,negative
a2z059,AskReddit,post,1543913928,neutral
a39xaz,AskReddit,post,1543993430,negative
a3a2ci,AskReddit,post,1543994742,negative
a3eay6,AskReddit,post,1544030064,neutral
a3h5y8,AskReddit,post,1544047515,neutral
a3i593,AskReddit,post,1544053677,neutral
a3pbdd,AskReddit,post,1544112754,negative
a3sdjy,AskReddit,post,1544130797,neutral
a3vbm5,AskReddit,post,1544149553,negative
a4j15t,AskReddit,post,1544339255,neutral
a514dv,AskReddit,post,1544484684,neutral
a5im0p,AskReddit,post,1544624967,neutral
a5kwey,AskReddit,post,1544639781,neutral
a5pi5f,AskReddit,post,1544670756,negative
a5sh41,AskReddit,post,1544698264,neutral
a5wovo,AskReddit,post,1544729059,negative
a5wsct,AskReddit,post,1544729664,negative
a5xy68,AskReddit,post,1544736827,neutral
a61a56,AskReddit,post,1544760366,neutral
a65wqj,AskReddit,post,1544802290,negative
a6ad1k,AskReddit,post,1544832202,neutral
a6cv2t,AskReddit,post,1544853447,negative
a6cxf4,AskReddit,post,1544854060,negative
a6cyoe,AskReddit,post,1544854398,negative
a6e5ab,AskReddit,post,1544868122,negative
a6odky,AskReddit,post,1544959750,neutral
a6on4m,AskReddit,post,1544963015,neutral
a6q7en,AskReddit,post,1544976808,neutral
a6xza1,AskReddit,post,1545034871,neutral
a70lir,AskReddit,post,1545059423,neutral
a73oiq,AskReddit,post,1545079198,negative
a7qb9u,AskReddit,post,1545251863,neutral
a7qse5,AskReddit,post,1545254896,negative
a84m58,AskReddit,post,1545353052,negative
a84m8w,AskReddit,post,1545353071,negative
a8aisg,AskReddit,post,1545402708,neutral
a8aumr,AskReddit,post,1545404933,neutral
a8obyz,AskReddit,post,1545511764,negative
a8w2t5,AskReddit,post,1545583391,positive
a8yffz,AskReddit,post,1545599696,neutral
a9bdz1,AskReddit,post,1545706889,negative
a9ict4,AskReddit,post,1545772308,positive
a9rnj5,AskReddit,post,1545853508,neutral
a9v4ri,AskReddit,post,1545878732,negative
aa30iq,AskReddit,post,1545943417,neutral
aa5wpr,AskReddit,post,1545963507,neutral
aabjsv,AskReddit,post,1546013192,negative
aac20z,AskReddit,post,1546016563,neutral
aai7uq,AskReddit,post,1546059556,neutral
aai8mx,AskReddit,post,1546059721,neutral
aai90t,AskReddit,post,1546059803,neutral
aaut4p,AskReddit,post,1546164872,neutral
ab4q4k,AskReddit,post,1546239026,neutral
a3jzgw,BannedFromThe_Donald,post,1544066486,negative
a50mdk,ChapoTrapHouse,post,1544481315,neutral
a52h5g,DDLC,post,1544494607,negative
a4ixfo,DunderMifflin,post,1544338155,neutral
aa86ws,FortNiteBR,post,1545982186,negative
ab1wyp,FortNiteBR,post,1546217730,negative
a3i9a2,GlobalOffensive,post,1544054411,neutral
a3eiko,NavyBlazer,post,1544031319,neutral
a5kbtk,NavyBlazer,post,1544636208,neutral
a7ojjn,NavyBlazer,post,1545240757,neutral
a9qi4p,NavyBlazer,post,1545845769,neutral
a46zyn,NoStupidQuestions,post,1544238002,neutral
a9248e,TickTockManitowoc,post,1545628891,positive
a5ayvv,TwoBestFriendsPlay,post,1544562181,neutral
a6vjoj,avengedsevenfold,post,1545013488,neutral
a3v9rd,books,post,1544149184,neutral
a2rp5x,britishproblems,post,1543863429,negative
a53j26,cringepics,post,1544502508,negative
a2vt70,dankmemes,post,1543888341,negative
a306kd,dankmemes,post,1543925961,neutral
a6dt2t,dankmemes,post,1544863871,negative
a9pdrq,dankmemes,post,1545837797,neutral
aaruoa,gayyoungold,post,1546137284,positive
a2dh3l,h3h3productions,post,1543759778,neutral
a4efuc,ideasfortheadmins,post,1544302341,neutral
a999fr,iosgaming,post,1545689160,neutral
ab5la6,memes,post,1546247671,neutral
a2ff67,modhelp,post,1543773432,neutral
a7x8ii,modhelp,post,1545307308,neutral
a9hwfo,redditrequest,post,1545768798,neutral
a6tv38,redditrequest,post,1545001031,neutral
ab36rp,redditrequest,post,1546226817,neutral
a6f65o,redditrequest,post,1544880266,neutral
a8wrij,redditrequest,post,1545588031,neutral
a3s30p,redditrequest,post,1544129066,neutral
aanq1u,samsung,post,1546109112,neutral
a24q76,schizophrenia,post,1543684121,positive
a5v3w2,selfharm,post,1544719093,neutral
a3xxey,southpark,post,1544170176,negative
a8mo9t,twentyonepilots,post,1545500066,negative
a4unwx,unpopularopinion,post,1544439119,negative
a6so4f,unpopularopinion,post,1544992935,negative
a7rzej,worldbuilding,post,1545262807,negative
a9bso2,40kLore,post,1545710571,positive
a34ehx,AskReddit,post,1543954601,negative
a69jdk,AskReddit,post,1544826113,neutral
a8l9bn,AskReddit,post,1545489459,neutral
a9n0ab,BokuNoHeroAcademia,post,1545813949,neutral
a5ox2x,ChapoTrapHouse,post,1544666478,neutral
a23kcv,Draven,post,1543675657,neutral
a8xkuj,FortNiteBR,post,1545593754,negative
a52c44,Gamingcirclejerk,post,1544493576,neutral
a2lsjg,Gunners,post,1543816565,negative
a7pw0w,Hucow,post,1545249254,neutral
a9wrbg,Kanye,post,1545892326,neutral
a4izv4,NoStupidQuestions,post,1544338874,neutral
a5fq89,Seattle,post,1544597243,negative
a8fwk6,ShadowBan,post,1545437082,negative
a9i45a,ShadowBan,post,1545770429,negative
aarzf9,TheoryOfReddit,post,1546138337,negative
a8e306,Twitch,post,1545424304,negative
a4abw2,TwoXChromosomes,post,1544271937,neutral
a3fs6x,WritingPrompts,post,1544039054,neutral
a7vgam,adoptareddit,post,1545289881,neutral
a6zmsp,boston,post,1545051840,negative
a8pcwh,dankmemes,post,1545519046,negative
a9039z,facepalm,post,1545612113,negative
a2rj4y,funny,post,1543862431,negative
a2k343,gatekeeping,post,1543803596,neutral
a73ncq,iRacing,post,1545078990,negative
a9d8hn,memes,post,1545724968,neutral
a9c0hk,modhelp,post,1545712575,neutral
a23fyj,modhelp,post,1543674656,neutral
a1y6um,nfl,post,1543624397,negative
a57sy9,redditrequest,post,1544542426,neutral
a45zit,redditrequest,post,1544229669,neutral
a45ovv,redditrequest,post,1544227474,neutral
a304g9,redditrequest,post,1543925442,neutral
a5nhy2,redditrequest,post,1544656224,neutral
a43efr,redditrequest,post,1544212334,neutral
aaq68a,shittyideas,post,1546125343,negative
a4fhgt,unpopularopinion,post,1544309336,negative
a85z4f,unpopularopinion,post,1545363645,neutral
a9rj8x,woooosh,post,1545852713,negative
a7oske,Advice,post,1545242375,negative
aaxzmw,Advice,post,1546192342,negative
a9orrl,Badfaketexts,post,1545832844,neutral
abbto5,BipolarSOs,post,1546294173,negative
a2a4uh,CringeAnarchy,post,1543723338,negative
a7mmxg,DeepFriedMemes,post,1545227979,negative
abcnow,FortNiteBR,post,1546299557,neutral
aa61y4,JordanPeterson,post,1545964617,neutral
a7p7yi,Libertarian,post,1545245078,negative
a6rxjw,StartledCats,post,1544988128,neutral
a9vifn,TumblrInAction,post,1545881673,negative
a260yj,bassnectar,post,1543692905,neutral
a37vdp,boottoobig,post,1543977396,negative
a2qwti,dankmemes,post,1543858778,negative
a5lma5,dankmemes,post,1544644244,negative
a22l4g,dankmemes,post,1543666477,neutral
a428c3,dankmemes,post,1544204914,negative
a9i9o9,dankmemes,post,1545771628,negative
aazqzu,dankmemes,post,1546203610,negative
a9zlbh,darkjokes,post,1545920499,neutral
a4pj84,detroitlions,post,1544394723,neutral
a335iu,grime,post,1543946761,neutral
aac6im,herpetology,post,1546017360,neutral
a5fmva,lifehacks,post,1544596371,neutral
aasi1o,modhelp,post,1546142426,neutral
a7kn20,reactiongifs,post,1545208658,negative
a1zlfi,redditrequest,post,1543635718,neutral
a20024,stevenuniverse,post,1543639287,negative
a3nfpi,stopdrinking,post,1544098624,neutral
a6trjv,teenagers,post,1545000302,negative
a5ijnq,weedstocks,post,1544624492,neutral
a2nmb3,Battlefield,post,1543834433,neutral
a6sp65,Braincels,post,1544993114,neutral
a68jhm,CasualUK,post,1544819336,positive
a6diar,ChapoTrapHouse,post,1544860267,neutral
a5u30p,DeepFriedMemes,post,1544712280,neutral
a4svks,Drama,post,1544420562,negative
a3sxpz,GlobalOffensive,post,1544133990,neutral
a6ddh5,HistoryMemes,post,1544858666,positive
a4lya4,Libertarian,post,1544371255,negative
a2k7k5,Mavericks,post,1543804494,neutral
a5hqzj,NoStupidQuestions,post,1544618060,neutral
a88eqb,OWConsole,post,1545385099,neutral
a9i3vb,OutOfTheLoop,post,1545770368,negative
ab5dsw,RoastMe,post,1546245421,negative
aam5jg,SUBREDDITNAME,post,1546098193,negative
a9ld8z,Warframe,post,1545797769,neutral
aayeam,amiibo,post,1546194969,neutral
a2rgr6,bourbon,post,1543862045,neutral
a2iygt,copypasta,post,1543795611,negative
ab3tue,dankmemes,post,1546231685,neutral
a6ndme,funny,post,1544946789,positive
a3ntnr,help,post,1544102370,neutral
a8cl58,help,post,1545415378,neutral
a2hdfs,heroesofthestorm,post,1543785269,negative
a5r55v,metacanada,post,1544684023,negative
a6qj7f,mildlyinfuriating,post,1544978966,negative
a8thvh,movies,post,1545558010,negative
a3567n,redditrequest,post,1543959353,neutral
a67hyb,redditrequest,post,1544812519,neutral
aabafq,redditrequest,post,1546011406,neutral
a3e2d5,redditrequest,post,1544028657,neutral
a75o6x,redditrequest,post,1545092180,neutral
a8v46v,redditrequest,post,1545575999,neutral
a52bv4,toastme,post,1544493517,neutral
a2xese,wallstreetbets,post,1543899681,positive
a4rmmi,AskReddit,post,1544410461,neutral
aaft9m,Braincels,post,1546041023,neutral
a7f61i,CalgaryFlames,post,1545166745,neutral
a3tjy7,ChronicPain,post,1544137664,neutral
a9fck5,Egypt,post,1545749226,negative
a32kxl,FortNiteBR,post,1543943268,neutral
a2s3ce,FortNiteBR,post,1543865773,neutral
a4bn3k,FortNiteBR,post,1544283439,negative
a76ifk,FreeKarma4U,post,1545098317,negative
a6w0nc,Ice_Poseidon,post,1545017082,negative
a83pol,Jokes,post,1545347207,negative
a4o81b,Libertarian,post,1544386107,neutral
a5n80r,MaddenUltimateTeam,post,1544654428,negative
a7o7qz,MandelaEffect,post,1545238744,neutral
aamik5,Northwestern,post,1546100917,neutral
a4yonc,OCD,post,1544469040,neutral
aazgj7,Parenting,post,1546201733,positive
a609z2,RoastMe,post,1544752733,negative
a4pouz,WritingPrompts,post,1544395788,neutral
a3aljy,XXXTENTACION,post,1544000313,negative
aah5zv,auslaw,post,1546051210,neutral
aafjdu,avengedsevenfold,post,1546039107,neutral
aazhjk,bayarea,post,1546201908,negative
a4acrz,breakingmom,post,1544272212,neutral
a680vh,conspiracy,post,1544815896,negative
a65de7,dankmemes,post,1544798489,negative
a95fo4,dankmemes,post,1545662081,negative
aayb3p,de,post,1546194402,negative
a34at5,eagles,post,1543953982,neutral
a569n3,eagles,post,1544530291,neutral
aarm7d,eurovision,post,1546135461,negative
abc6f2,funny,post,1546296494,neutral
a82tpk,grandorder,post,1545341985,neutral
a6b9ec,grimm,post,1544839394,neutral
aalhp8,help,post,1546092703,negative
a7yu9q,memes,post,1545318861,neutral
a4bwni,metacanada,post,1544285321,negative
a2vu8k,nukedmemes,post,1543888552,negative
a7aw7p,nukedmemes,post,1545138398,negative
aa8dzu,privacy,post,1545984212,negative
aabk5v,redditrequest,post,1546013260,neutral
aa2pql,redditrequest,post,1545941468,neutral
a8wlnm,redditrequest,post,1545586916,neutral
a24fnf,redditrequest,post,1543682157,neutral
a3147c,runescape,post,1543933565,neutral
a2lus9,teenagers,post,1543817064,neutral
a9s6s7,virgin,post,1545857054,neutral
a50dz8,AnthemTheGame,post,1544479761,neutral
a2gvxj,Boxing,post,1543782370,negative
a24v2h,Catloaf,post,1543685016,negative
a3blhw,Cricket,post,1544010677,neutral
a7xrtl,DeepFriedMemes,post,1545311446,negative
a8wmvc,FIFA,post,1545587157,neutral
a52nyk,Gunners,post,1544495984,neutral
a7xs9d,ImpracticalJokers,post,1545311535,negative
a34fng,Memes_Of_The_Dank,post,1543954804,positive
a88s50,ProgrammerHumor,post,1545388656,neutral
a9csx5,SCJerk,post,1545720169,neutral
a37h5h,SantasLittleHelpers,post,1543974595,neutral
a2jmwg,ShitPoliticsSays,post,1543800333,negative
a8neji,The_Donald,post,1545505212,negative
a8uh4h,amiugly,post,1545570015,neutral
a3ca9n,apple,post,1544016513,neutral
a9d9bv,dankmemes,post,1545725225,negative
abchsb,dankmemes,post,1546298523,neutral
a9c8mr,dankmemes,post,1545714682,negative
a85yft,devils,post,1545363484,neutral
a97p1h,flyfishing,post,1545678092,neutral
a8214u,iamverybadass,post,1545337417,negative
a3r0uj,leagueoflegends,post,1544122825,negative
a3s52n,memes,post,1544129410,negative
a528a7,modhelp,post,1544492763,neutral
a1yqxx,nfl,post,1543628787,negative
a1zc6z,nfl,post,1543633521,negative
a2bsp6,nfl,post,1543740930,neutral
a6wf4y,nfl,post,1545020318,negative
ab75be,opieandanthony,post,1546263171,neutral
a9xese,rant,post,1545898616,negative
a8aydy,redditrequest,post,1545405610,neutral
a84mlm,redditrequest,post,1545353152,neutral
aal1gm,redditrequest,post,1546088438,neutral
a2bgmb,sandiego,post,1543736660,neutral
a9bmqq,soccer,post,1545709074,neutral
a34vih,synology,post,1543957523,neutral
a2g6u2,teenagers,post,1543778135,neutral
a53hrv,teenagers,post,1544502220,neutral
a71zb3,unpopularopinion,post,1545068594,negative
a59rqf,walkingwarrobots,post,1544554785,neutral
a6vwk3,90DayFiance,post,1545016222,neutral
a6vznf,90DayFiance,post,1545016881,neutral
a4tbah,AskOuija,post,1544424555,negative
ab8r9j,AskReddit,post,1546274715,neutral
a42ss1,Browns,post,1544208506,negative
a42tlg,Browns,post,1544208653,negative
a47it8,Browns,post,1544242514,negative
a76ayh,Browns,post,1545096820,neutral
a8t5wb,Browns,post,1545553638,negative
a45lz8,Browns,post,1544226849,neutral
aai50q,DBZDokkanBattle,post,1546058909,neutral
aaoyot,DBZDokkanBattle,post,1546117244,positive
a4skvn,DeepFriedMemes,post,1544418045,neutral
a6sjhc,Entrepreneur,post,1544992111,neutral
a6hu0h,FortNiteBR,post,1544900812,neutral
a4nv33,FullScorpion,post,1544383878,negative
a8zel6,GameDealsMeta,post,1545606878,neutral
a3si60,Ice_Poseidon,post,1544131555,negative
a42722,Ice_Poseidon,post,1544204698,negative
a441rd,Ice_Poseidon,post,1544216459,positive
a6mqvv,Ice_Poseidon,post,1544939613,negative
aaykhf,KerbalAcademy,post,1546196085,neutral
a47zrv,Libertarian,post,1544246734,positive
a92wra,MadeMeSmile,post,1545636144,neutral
a5iy8c,Nicegirls,post,1544627369,negative
aa6dxr,Nicegirls,post,1545967122,negative
aaonze,PewdiepieSubmissions,post,1546115309,negative
a68l4l,PrequelMemes,post,1544819633,neutral
aaxydz,RealEstate,post,1546192112,negative
a82c3f,RelayForReddit,post,1545339171,neutral
a2qz38,ShadowBan,post,1543859109,negative
a9a916,StarWarsBattlefront,post,1545696831,negative
aa741v,TooAfraidToAsk,post,1545972811,neutral
aa94pc,Tronix,post,1545992199,negative
ab40hs,Wellthatsucks,post,1546233087,negative
a6d28v,aspergirls,post,1544855401,positive
a8qb0g,dankmemes,post,1545526217,neutral
a7bj62,dankmemes,post,1545143466,neutral
a8niry,gatekeeping,post,1545506018,negative
a5lo6t,grateful_dead,post,1544644584,neutral
a7j2xa,help,post,1545193944,negative
a7iv1r,kpop,post,1545192185,neutral
a8gzpy,macbookpro,post,1545445727,positive
a2luh7,madlads,post,1543816984,negative
a39191,meirl,post,1543986063,negative
a7nej9,redditrequest,post,1545233432,neutral
a8o8gj,redditrequest,post,1545511082,neutral
aa3zgr,redditrequest,post,1545949848,neutral
aa8lu6,sixers,post,1545986579,neutral
a4857f,torontoraptors,post,1544248109,neutral
a9d0vf,unpopularopinion,post,1545722547,negative
a6ufu6,AskOuija,post,1545005241,neutral
a6wuh0,AskReddit,post,1545023888,neutral
a2rrn9,Assistance,post,1543863827,neutral
a376r5,Battlefield,post,1543972547,negative
a7gvv7,CHIBears,post,1545177796,positive
a84mgp,CHIBears,post,1545353124,neutral
a4yt0x,Columbus,post,1544469782,neutral
a92nir,DBZDokkanBattle,post,1545633732,neutral
a6ux9d,EscapefromTarkov,post,1545008757,positive
aa3c2u,Ice_Poseidon,post,1545945534,negative
aao6l8,Memes_Of_The_Dank,post,1546112093,negative
a57jug,SUBREDDITNAME,post,1544540739,negative
a6y46p,Showerthoughts,post,1545036459,negative
a58iyg,Warframe,post,1544547090,neutral
aatyio,bostonceltics,post,1546155202,neutral
a2xspz,conspiracy,post,1543902395,negative
a5sryi,conspiracy,post,1544701352,negative
a2b049,dankmemes,post,1543731496,negative
a8vvl7,dankmemes,post,1545581930,negative
a8r7zq,findareddit,post,1545533822,neutral
a8box7,foxholegame,post,1545410141,negative
a38wba,hapas,post,1543985022,negative
a235dc,marvelstudios,post,1543672147,negative
a2i50o,marvelstudios,post,1543790022,negative
a2wm77,marvelstudios,post,1543893881,negative
a4r65q,marvelstudios,post,1544406947,neutral
a2mtfv,paris,post,1543826078,negative
a7ls04,rant,post,1545220709,negative
a34nti,redditrequest,post,1543956211,neutral
aafg4a,redditrequest,post,1546038487,neutral
ab4c09,redditrequest,post,1546235648,neutral
a5wl6b,redditrequest,post,1544728402,neutral
a3erno,redditrequest,post,1544032840,neutral
a78aqg,sex,post,1545112320,negative
a9cipt,soccer,post,1545717355,negative
aaetju,streetwearstartup,post,1546034232,neutral
a722pf,thebachelor,post,1545069203,neutral
a6l3jr,worldpolitics,post,1544924963,negative
a4pw2l,wowservers,post,1544397209,neutral
a9tles,ApocalypseRising,post,1545867196,neutral
a27cd1,Boxing,post,1543701896,neutral
a99fil,CODZombies,post,1545690431,negative
a2ma27,COMPLETEANARCHY,post,1543820795,negative
a5axwy,CharlotteHornets,post,1544562033,neutral
a89ffz,CitiesSkylines,post,1545394582,neutral
aaoy12,Daredevil,post,1546117126,negative
a8pi38,FortNiteBR,post,1545520146,neutral
a8pkwo,FortNiteBR,post,1545520754,negative
a2vflt,HighQualityGifs,post,1543885738,neutral
a6qxmj,Ice_Poseidon,post,1544981569,negative
a3n6mo,MGTOW,post,1544095955,neutral
a70euv,MGTOW,post,1545058060,neutral
a95n2e,MGTOW,post,1545663678,negative
a92cdj,NoStupidQuestions,post,1545630889,neutral
ab24d0,ProgrammerHumor,post,1546219119,neutral
a57uz3,RocketLeagueExchange,post,1544542805,neutral
a2pj36,XXXTENTACION,post,1543850110,negative
a40njb,classicwow,post,1544194902,negative
a5n4kp,dankmemes,post,1544653802,neutral
aakjmx,dankmemes,post,1546083002,negative
a1y1wh,dankmemes,post,1543623319,neutral
a1y6g4,dankmemes,post,1543624302,negative
a1zj0i,dankmemes,post,1543635120,negative
a1zj6d,dankmemes,post,1543635160,negative
a20gai,dankmemes,post,1543643093,negative
a20vql,dankmemes,post,1543647211,negative
a2163i,dankmemes,post,1543650224,neutral
a21ds6,dankmemes,post,1543652665,negative
a22ct7,dankmemes,post,1543663867,negative
a23bm2,dankmemes,post,1543673617,negative
a23cqd,dankmemes,post,1543673900,negative
a24fnt,dankmemes,post,1543682158,neutral
a24nz5,dankmemes,post,1543683709,negative
a24wdj,dankmemes,post,1543685263,negative
a250hu,dankmemes,post,1543686046,neutral
a2588v,dankmemes,post,1543687511,neutral
a25ry2,dankmemes,post,1543691182,negative
a25t2n,dankmemes,post,1543691392,negative
a25twz,dankmemes,post,1543691547,negative
a26726,dankmemes,post,1543694083,neutral
a267w9,dankmemes,post,1543694246,neutral
a26a5o,dankmemes,post,1543694671,neutral
a26nx1,dankmemes,post,1543697329,neutral
a26s58,dankmemes,post,1543698118,negative
a26t61,dankmemes,post,1543698312,negative
a26t63,dankmemes,post,1543698313,negative
a26tpd,dankmemes,post,1543698411,negative
a27b17,dankmemes,post,1543701660,neutral
a28szp,dankmemes,post,1543712380,neutral
a2c7bo,dankmemes,post,1543745977,negative
a2cnmk,dankmemes,post,1543751661,neutral
a2co1o,dankmemes,post,1543751794,neutral
a2d99x,dankmemes,post,1543757938,negative
a2dh43,dankmemes,post,1543759781,neutral
a2di1h,dankmemes,post,1543759977,negative
a2dkwd,dankmemes,post,1543760608,negative
a2dlw8,dankmemes,post,1543760845,negative
a2doaf,dankmemes,post,1543761374,negative
a2dpas,dankmemes,post,1543761601,negative
a2dq9d,dankmemes,post,1543761818,negative
a2dqpk,dankmemes,post,1543761912,neutral
a2dthc,dankmemes,post,1543762550,negative
a2e60m,dankmemes,post,1543765212,negative
a2elbi,dankmemes,post,1543768205,positive
a2f0fa,dankmemes,post,1543770892,negative
a2f0oa,dankmemes,post,1543770935,negative
a2f3a6,dankmemes,post,1543771395,negative
a2fb4f,dankmemes,post,1543772740,negative
a2gjvh,dankmemes,post,1543780340,negative
a2hm8q,dankmemes,post,1543786742,negative
a2hnx0,dankmemes,post,1543787039,negative
a2i07v,dankmemes,post,1543789161,neutral
a2inur,dankmemes,post,1543793554,neutral
a2j4u5,dankmemes,post,1543796790,neutral
a2jqr2,dankmemes,post,1543801099,negative
a2jynk,dankmemes,post,1543802699,negative
a2lkf4,dankmemes,post,1543814668,negative
a2m1dz,dankmemes,post,1543818620,negative
a2m38q,dankmemes,post,1543819078,negative
a2m7yo,dankmemes,post,1543820267,negative
a2m8us,dankmemes,post,1543820482,negative
a2nye6,dankmemes,post,1543837812,neutral
a2ow3g,dankmemes,post,1543845705,negative
a2q13x,dankmemes,post,1543853370,negative
a2qm7f,dankmemes,post,1543857010,negative
a2qzwf,dankmemes,post,1543859231,neutral
a2sm19,dankmemes,post,1543868881,negative
a2u53e,dankmemes,post,1543877408,negative
a2uo26,dankmemes,post,1543880544,negative
a2uuqk,dankmemes,post,1543881737,neutral
a2v86h,dankmemes,post,1543884307,negative
a2v96j,dankmemes,post,1543884503,negative
a2w2zm,dankmemes,post,1543890221,neutral
a2x15i,dankmemes,post,1543896863,negative
a2xbch,dankmemes,post,1543898967,negative
a2yc0x,dankmemes,post,1543907124,negative
a2zrxh,dankmemes,post,1543922077,negative
a2zsdv,dankmemes,post,1543922193,negative
a2ztwx,dankmemes,post,1543922624,negative
a2zwd2,dankmemes,post,1543923335,negative
a2zyw0,dankmemes,post,1543924041,neutral
a303pe,dankmemes,post,1543925265,negative
a308wa,dankmemes,post,1543926547,neutral
a30oht,dankmemes,post,1543930209,negative
a30suc,dankmemes,post,1543931171,neutral
a310v4,dankmemes,post,1543932867,neutral
a320pb,dankmemes,post,1543939757,negative
a326dy,dankmemes,post,1543940765,neutral
a32sku,dankmemes,post,1543944576,negative
a331lb,dankmemes,post,1543946100,negative
a3487z,dankmemes,post,1543953548,neutral
a34ez9,dankmemes,post,1543954686,negative
a34hoc,dankmemes,post,1543955150,negative
a34ios,dankmemes,post,1543955318,negative
a34o4c,dankmemes,post,1543956263,neutral
a353tq,dankmemes,post,1543958943,negative
a35f7p,dankmemes,post,1543960869,neutral
a35rm8,dankmemes,post,1543963025,negative
a365xj,dankmemes,post,1543965558,negative
a36cl5,dankmemes,post,1543966800,negative
a36q1t,dankmemes,post,1543969324,positive
a36ztf,dankmemes,post,1543971183,neutral
a37fy4,dankmemes,post,1543974352,neutral
a37iio,dankmemes,post,1543974865,neutral
a37tb8,dankmemes,post,1543976987,neutral
a38x2z,dankmemes,post,1543985175,negative
a38zgs,dankmemes,post,1543985673,negative
a3boh2,dankmemes,post,1544011442,negative
a3c49m,dankmemes,post,1544015165,neutral
a3cpsl,dankmemes,post,1544019827,neutral
a3d107,dankmemes,post,1544022032,neutral
a3esiw,dankmemes,post,1544032973,neutral
a3f8ki,dankmemes,post,1544035708,negative
a3favp,dankmemes,post,1544036112,negative
a3fojy,dankmemes,post,1544038428,negative
a3g07o,dankmemes,post,1544040368,negative
a3h0hm,dankmemes,post,1544046593,negative
a3ha7n,dankmemes,post,1544048236,neutral
a3ho3s,dankmemes,post,1544050679,negative
a3iutc,dankmemes,post,1544058396,neutral
a3ixlm,dankmemes,post,1544058963,negative
a3joye,dankmemes,post,1544064356,neutral
a3k0m7,dankmemes,post,1544066721,negative
a3ko3t,dankmemes,post,1544071717,negative
a3kq3j,dankmemes,post,1544072179,negative
a3kufe,dankmemes,post,1544073140,negative
a3kvpd,dankmemes,post,1544073437,negative
a3kvsm,dankmemes,post,1544073456,negative
a3lgmv,dankmemes,post,1544078449,negative
a3lx0q,dankmemes,post,1544082736,negative
a3n7s4,dankmemes,post,1544096276,negative
a3nud9,dankmemes,post,1544102517,neutral
a3nyt0,dankmemes,post,1544103465,negative
a3od2g,dankmemes,post,1544106435,neutral
a3of0x,dankmemes,post,1544106826,negative
a3ogod,dankmemes,post,1544107157,neutral
a3okt7,dankmemes,post,1544107983,negative
a3omhp,dankmemes,post,1544108311,neutral
a3ooj0,dankmemes,post,1544108683,negative
a3pbmg,dankmemes,post,1544112797,neutral
a3pki2,dankmemes,post,1544114275,negative
a3pkl5,dankmemes,post,1544114292,neutral
a3plmh,dankmemes,post,1544114447,neutral
a3pqlw,dankmemes,post,1544115267,neutral
a3pu8v,dankmemes,post,1544115869,negative
a3q5qt,dankmemes,post,1544117786,neutral
a3qbww,dankmemes,post,1544118817,neutral
a3qgcn,dankmemes,post,1544119504,negative
a3qneo,dankmemes,post,1544120666,negative
a3rwo6,dankmemes,post,1544128004,negative
a3rz6a,dankmemes,post,1544128417,neutral
a3s3w3,dankmemes,post,1544129207,neutral
a3simb,dankmemes,post,1544131629,negative
a3ssgz,dankmemes,post,1544133176,neutral
a3sytf,dankmemes,post,1544134161,negative
a3tt6y,dankmemes,post,1544139323,neutral
a3vadr,dankmemes,post,1544149311,neutral
a3vi06,dankmemes,post,1544150773,negative
a3vzmy,dankmemes,post,1544154235,neutral
a3w4hb,dankmemes,post,1544155199,negative
a3wdh6,dankmemes,post,1544156956,neutral
a3wvqx,dankmemes,post,1544160711,neutral
a3xmsd,dankmemes,post,1544167167,negative
a3xz69,dankmemes,post,1544170713,negative
a3z0wr,dankmemes,post,1544181858,neutral
a3zdla,dankmemes,post,1544185281,neutral
a3zgs7,dankmemes,post,1544186111,negative
a41dor,dankmemes,post,1544199676,negative
a4206a,dankmemes,post,1544203528,neutral
a42vyc,dankmemes,post,1544209082,negative
a43hvy,dankmemes,post,1544212923,negative
a43k2q,dankmemes,post,1544213296,negative
a43lnk,dankmemes,post,1544213589,negative
a440by,dankmemes,post,1544216210,neutral
a446hl,dankmemes,post,1544217294,negative
a4477y,dankmemes,post,1544217426,negative
a447om,dankmemes,post,1544217510,negative
a44cnv,dankmemes,post,1544218401,negative
a44v6j,dankmemes,post,1544221724,negative
a44vmx,dankmemes,post,1544221816,negative
a46pz3,dankmemes,post,1544235603,neutral
a48hgp,dankmemes,post,1544251323,positive
a48o4c,dankmemes,post,1544253177,neutral
a49sop,dankmemes,post,1544266049,neutral
a4aql3,dankmemes,post,1544276064,neutral
a4as6w,dankmemes,post,1544276460,negative
a4bqf7,dankmemes,post,1544284092,negative
a4br9i,dankmemes,post,1544284275,negative
a4h2du,dankmemes,post,1544321366,negative
a4h4p3,dankmemes,post,1544321885,neutral
a4hb0u,dankmemes,post,1544323309,negative
a4hu8s,dankmemes,post,1544327804,negative
a4i5ra,dankmemes,post,1544330694,negative
a4i9c0,dankmemes,post,1544331646,negative
a4icqv,dankmemes,post,1544332534,negative
a4ilb9,dankmemes,post,1544334868,negative
a4iltl,dankmemes,post,1544335018,negative
a4ksq2,dankmemes,post,1544360408,positive
a4l5dd,dankmemes,post,1544364015,neutral
a4lsfs,dankmemes,post,1544369928,negative
a4ltn8,dankmemes,post,1544370238,neutral
a4mbr0,dankmemes,post,1544374124,negative
a4metn,dankmemes,post,1544374683,negative
a4mhvb,dankmemes,post,1544375194,negative
a4p1yd,dankmemes,post,1544391449,neutral
a4p5k4,dankmemes,post,1544392124,neutral
a4pub8,dankmemes,post,1544396861,negative
a4qssr,dankmemes,post,1544404076,negative
a4rne0,dankmemes,post,1544410629,negative
a4tkxb,dankmemes,post,1544427198,negative
a4vjuc,dankmemes,post,1544447650,neutral
a4vkbr,dankmemes,post,1544447760,negative
a4vlfa,dankmemes,post,1544448022,neutral
a4vpgn,dankmemes,post,1544448957,negative
a4vv16,dankmemes,post,1544450203,neutral
a4vwy7,dankmemes,post,1544450630,neutral
a4wof2,dankmemes,post,1544456274,negative
a4wx74,dankmemes,post,1544457938,negative
a4x2jw,dankmemes,post,1544458901,neutral
a4xby8,dankmemes,post,1544460611,neutral
a4yfqr,dankmemes,post,1544467523,negative
a501pa,dankmemes,post,1544477560,negative
a50532,dankmemes,post,1544478155,negative
a50gbh,dankmemes,post,1544480202,negative
a50qjf,dankmemes,post,1544482091,negative
a52lr1,dankmemes,post,1544495528,negative
a52tvh,dankmemes,post,1544497196,negative
a53spj,dankmemes,post,1544504752,negative
a53yqf,dankmemes,post,1544506217,negative
a54cq6,dankmemes,post,1544509741,negative
a55j0e,dankmemes,post,1544522475,negative
a58y6p,dankmemes,post,1544549725,neutral
a5agl7,dankmemes,post,1544559033,neutral
a5azoe,dankmemes,post,1544562305,negative
a5bbz3,dankmemes,post,1544564403,neutral
a5cm13,dankmemes,post,1544572875,neutral
a5cuxv,dankmemes,post,1544574646,neutral
a5eo4q,dankmemes,post,1544588102,negative
a5haqw,dankmemes,post,1544613730,neutral
a5hdas,dankmemes,post,1544614483,neutral
a5hmxt,dankmemes,post,1544617050,negative
a5j1r8,dankmemes,post,1544628057,neutral
a5jfev,dankmemes,post,1544630572,neutral
a5jhh4,dankmemes,post,1544630919,negative
a5jonp,dankmemes,post,1544632190,negative
a5k7vg,dankmemes,post,1544635515,neutral
a5krpf,dankmemes,post,1544638975,negative
a5l74e,dankmemes,post,1544641582,negative
a5ly9p,dankmemes,post,1544646362,negative
a5m4dg,dankmemes,post,1544647423,neutral
a5muub,dankmemes,post,1544652043,neutral
a5myc8,dankmemes,post,1544652661,neutral
a5otmd,dankmemes,post,1544665775,neutral
a5pq76,dankmemes,post,1544672342,neutral
a5qb08,dankmemes,post,1544676716,negative
a5qha5,dankmemes,post,1544678113,neutral
a5r5xg,dankmemes,post,1544684231,negative
a5skck,dankmemes,post,1544699214,neutral
a5ukyp,dankmemes,post,1544715685,negative
a5um2p,dankmemes,post,1544715892,negative
a5v19p,dankmemes,post,1544718635,negative
a5vg7q,dankmemes,post,1544721276,negative
a5vizr,dankmemes,post,1544721754,negative
a5wccy,dankmemes,post,1544726867,negative
a5wlzx,dankmemes,post,1544728550,neutral
a5x9g2,dankmemes,post,1544732570,negative
a5x9ox,dankmemes,post,1544732613,negative
a5xn43,dankmemes,post,1544734921,negative
a61my7,dankmemes,post,1544763262,neutral
a61o8p,dankmemes,post,1544763570,neutral
a62ga2,dankmemes,post,1544770349,neutral
a63lsb,dankmemes,post,1544782373,negative
a63ret,dankmemes,post,1544784132,neutral
a64mmd,dankmemes,post,1544792579,negative
a65uo0,dankmemes,post,1544801900,neutral
a66bft,dankmemes,post,1544804946,neutral
a66lje,dankmemes,post,1544806766,negative
a66xag,dankmemes,post,1544808866,negative
a672d3,dankmemes,post,1544809757,positive
a67mnv,dankmemes,post,1544813354,neutral
a67wio,dankmemes,post,1544815099,neutral
a68a9j,dankmemes,post,1544817640,negative
a68jd3,dankmemes,post,1544819311,negative
a68m8v,dankmemes,post,1544819844,negative
a68r1w,dankmemes,post,1544820777,negative
a699b8,dankmemes,post,1544824205,neutral
a69aqv,dankmemes,post,1544824491,negative
a69ivq,dankmemes,post,1544826017,negative
a69tpd,dankmemes,post,1544828126,negative
a6a69o,dankmemes,post,1544830717,negative
a6book,dankmemes,post,1544842939,negative
a6c51m,dankmemes,post,1544846817,neutral
a6cd73,dankmemes,post,1544848810,neutral
a6cjr7,dankmemes,post,1544850496,negative
a6diin,dankmemes,post,1544860334,negative
a6dsox,dankmemes,post,1544863717,negative
a6dw0y,dankmemes,post,1544864872,negative
a6exup,dankmemes,post,1544877952,neutral
a6flnz,dankmemes,post,1544884381,neutral
a6gogf,dankmemes,post,1544892764,neutral
a6ha28,dankmemes,post,1544896966,negative
a6ihjd,dankmemes,post,1544905410,negative
a6jd8u,dankmemes,post,1544911533,neutral
a6juug,dankmemes,post,1544915189,negative
a6kki8,dankmemes,post,1544920631,neutral
a6klpy,dankmemes,post,1544920896,negative
a6kyeb,dankmemes,post,1544923746,neutral
a6l3t8,dankmemes,post,1544925024,negative
a6lbkn,dankmemes,post,1544926770,neutral
a6mlo3,dankmemes,post,1544938152,negative
a6mw9r,dankmemes,post,1544941142,neutral
a6n154,dankmemes,post,1544942641,negative
a6n4yi,dankmemes,post,1544943851,neutral
a6o2ik,dankmemes,post,1544955765,negative
a6o2rs,dankmemes,post,1544955854,negative
a6o33m,dankmemes,post,1544955970,neutral
a6o74c,dankmemes,post,1544957503,negative
a6otr5,dankmemes,post,1544965196,neutral
a6otyr,dankmemes,post,1544965256,negative
a6pkk4,dankmemes,post,1544972158,negative
a6pqmb,dankmemes,post,1544973464,negative
a6pstq,dankmemes,post,1544973960,negative
a6pzrp,dankmemes,post,1544975323,neutral
a6q2f6,dankmemes,post,1544975857,neutral
a6sigq,dankmemes,post,1544991933,neutral
a6ta0d,dankmemes,post,1544996927,negative
a6tmla,dankmemes,post,1544999347,negative
a6tpbg,dankmemes,post,1544999855,negative
a6tpx3,dankmemes,post,1544999971,neutral
a6trz9,dankmemes,post,1545000375,negative
a6tzpq,dankmemes,post,1545001939,neutral
a6ue83,dankmemes,post,1545004893,neutral
a6w6z4,dankmemes,post,1545018466,negative
a6wd90,dankmemes,post,1545019888,negative
a6wjz8,dankmemes,post,1545021451,negative
a6ws2c,dankmemes,post,1545023333,neutral
a6y489,dankmemes,post,1545036474,neutral
a6yvdm,dankmemes,post,1545044563,negative
a6zabo,dankmemes,post,1545048677,negative
a6zg3y,dankmemes,post,1545050196,neutral
a6zozk,dankmemes,post,1545052376,negative
a700n6,dankmemes,post,1545055018,negative
a714k8,dankmemes,post,1545063061,negative
a715ej,dankmemes,post,1545063221,negative
a730kn,dankmemes,post,1545075034,negative
a733a3,dankmemes,post,1545075510,negative
a7360h,dankmemes,post,1545075972,negative
a73m4i,dankmemes,post,1545078770,negative
a74hy7,dankmemes,post,1545084292,negative
a74rpd,dankmemes,post,1545086029,negative
a75wng,dankmemes,post,1545093951,neutral
a7658z,dankmemes,post,1545095688,neutral
a76u95,dankmemes,post,1545100704,negative
a76vg6,dankmemes,post,1545100958,negative
a78p24,dankmemes,post,1545115915,negative
a79cmv,dankmemes,post,1545122770,neutral
a79yzi,dankmemes,post,1545129333,neutral
a7agat,dankmemes,post,1545134470,negative
a7ah8y,dankmemes,post,1545134718,negative
a7ampz,dankmemes,post,1545136079,negative
a7b6zk,dankmemes,post,1545140836,negative
a7bck1,dankmemes,post,1545142047,negative
a7bsg8,dankmemes,post,1545145322,negative
a7chro,dankmemes,post,1545150036,neutral
a7cnhy,dankmemes,post,1545151033,neutral
a7cqqg,dankmemes,post,1545151593,negative
a7csd3,dankmemes,post,1545151885,negative
a7dipp,dankmemes,post,1545156422,negative
a7dipx,dankmemes,post,1545156423,negative
a7dnwn,dankmemes,post,1545157317,negative
a7ee0u,dankmemes,post,1545161831,neutral
a7efcn,dankmemes,post,1545162057,neutral
a7egr6,dankmemes,post,1545162303,neutral
a7ekfj,dankmemes,post,1545162933,negative
a7en82,dankmemes,post,1545163418,neutral
a7f1jp,dankmemes,post,1545165956,negative
a7fa77,dankmemes,post,1545167418,negative
a7fkor,dankmemes,post,1545169198,negative
a7fysb,dankmemes,post,1545171669,neutral
a7fzcd,dankmemes,post,1545171756,neutral
a7gvcb,dankmemes,post,1545177692,negative
a7hcqd,dankmemes,post,1545181044,negative
a7hcqe,dankmemes,post,1545181044,negative
a7hdjn,dankmemes,post,1545181200,neutral
a7hdph,dankmemes,post,1545181229,negative
a7hhcn,dankmemes,post,1545181930,neutral
a7i6sd,dankmemes,post,1545187080,neutral
a7j9tz,dankmemes,post,1545195577,negative
a7l9rb,dankmemes,post,1545215488,negative
a7lbnn,dankmemes,post,1545216091,negative
a7litj,dankmemes,post,1545218190,negative
a7ljee,dankmemes,post,1545218375,negative
a7lqtb,dankmemes,post,1545220381,negative
a7lyt4,dankmemes,post,1545222430,negative
a7m1s4,dankmemes,post,1545223162,positive
a7m46d,dankmemes,post,1545223730,negative
a7md7o,dankmemes,post,1545225783,neutral
a7mf5e,dankmemes,post,1545226225,negative
a7miit,dankmemes,post,1545226985,negative
a7n8fw,dankmemes,post,1545232278,neutral
a7nbq4,dankmemes,post,1545232895,negative
a7nch0,dankmemes,post,1545233039,neutral
a7np4b,dankmemes,post,1545235381,neutral
a7o9u0,dankmemes,post,1545239076,positive
a7obn1,dankmemes,post,1545239375,neutral
a7oi01,dankmemes,post,1545240476,positive
a7osyl,dankmemes,post,1545242441,negative
a7p86u,dankmemes,post,1545245117,negative
a7pyow,dankmemes,post,1545249732,negative
a7qbuc,dankmemes,post,1545251970,negative
a7qxol,dankmemes,post,1545255850,neutral
a7qxsv,dankmemes,post,1545255866,negative
a7r282,dankmemes,post,1545256658,negative
a7r62i,dankmemes,post,1545257344,neutral
a7stji,dankmemes,post,1545268704,neutral
a7tn7w,dankmemes,post,1545274737,neutral
a7tp5t,dankmemes,post,1545275126,neutral
a7u44p,dankmemes,post,1545278404,negative
a7ujk1,dankmemes,post,1545281896,negative
a7vf5m,dankmemes,post,1545289579,negative
a7wfjm,dankmemes,post,1545300199,negative
a7wy62,dankmemes,post,1545304895,negative
a7x19n,dankmemes,post,1545305674,neutral
a7x1qi,dankmemes,post,1545305779,neutral
a7x276,dankmemes,post,1545305882,neutral
a7y4yu,dankmemes,post,1545314098,negative
a7yax1,dankmemes,post,1545315200,negative
a7ybgo,dankmemes,post,1545315302,negative
a7yca7,dankmemes,post,1545315452,negative
a7ygg9,dankmemes,post,1545316241,negative
a7yk44,dankmemes,post,1545316950,neutral
a7zcpk,dankmemes,post,1545322010,negative
a7zfut,dankmemes,post,1545322529,negative
a7zkvc,dankmemes,post,1545323341,negative
a7zplk,dankmemes,post,1545324090,negative
a7zwln,dankmemes,post,1545325178,neutral
a800cu,dankmemes,post,1545325741,negative
a8076d,dankmemes,post,1545326789,negative
a80paw,dankmemes,post,1545329679,positive
a82os5,dankmemes,post,1545341178,negative
a83bpg,dankmemes,post,1545344899,negative
a85gyg,dankmemes,post,1545359647,neutral
a87tde,dankmemes,post,1545379213,neutral
a88qv8,dankmemes,post,1545388331,negative
a88ytp,dankmemes,post,1545390469,neutral
a89t0x,dankmemes,post,1545397661,negative
a8ci6s,dankmemes,post,1545414906,negative
a8cu9k,dankmemes,post,1545416813,neutral
a8czf3,dankmemes,post,1545417662,neutral
a8czgw,dankmemes,post,1545417669,neutral
a8d65o,dankmemes,post,1545418756,negative
a8dckh,dankmemes,post,1545419778,positive
a8ehh2,dankmemes,post,1545426982,negative
a8euud,dankmemes,post,1545429496,neutral
a8gkoe,dankmemes,post,1545442269,neutral
a8gm0m,dankmemes,post,1545442568,neutral
a8h6h9,dankmemes,post,1545447242,neutral
a8h7ij,dankmemes,post,1545447486,negative
a8hak6,dankmemes,post,1545448181,negative
a8hask,dankmemes,post,1545448236,negative
a8hb6n,dankmemes,post,1545448331,negative
a8i90m,dankmemes,post,1545456745,negative
a8joef,dankmemes,post,1545472567,negative
a8kfej,dankmemes,post,1545481406,negative
a8lj6z,dankmemes,post,1545491681,negative
a8lq7w,dankmemes,post,1545493234,negative
a8lw9t,dankmemes,post,1545494482,negative
a8nvdr,dankmemes,post,1545508524,negative
a8ouqq,dankmemes,post,1545515439,negative
a8ovbg,dankmemes,post,1545515555,negative
a8ovd3,dankmemes,post,1545515564,negative
a8pw1c,dankmemes,post,1545523100,negative
a8r30r,dankmemes,post,1545532632,negative
a8rs3t,dankmemes,post,1545538847,negative
a8s4np,dankmemes,post,1545542163,neutral
a8s9w3,dankmemes,post,1545543617,neutral
a8sdhu,dankmemes,post,1545544648,negative
a8sluj,dankmemes,post,1545546995,negative
a8sow9,dankmemes,post,1545547900,neutral
a8ttdi,dankmemes,post,1545562057,neutral
a8twsz,dankmemes,post,1545563317,negative
a8tzwi,dankmemes,post,1545564395,neutral
a8u25w,dankmemes,post,1545565157,negative
a8uakj,dankmemes,post,1545567973,negative
a8vg4b,dankmemes,post,1545578708,negative
a8vwhh,dankmemes,post,1545582126,negative
a8wwor,dankmemes,post,1545589000,neutral
a8wxbf,dankmemes,post,1545589128,negative
a8xhfv,dankmemes,post,1545593094,negative
a8yenb,dankmemes,post,1545599526,negative
a8zejg,dankmemes,post,1545606866,neutral
a8zes9,dankmemes,post,1545606918,neutral
a8zhk0,dankmemes,post,1545607513,neutral
a8zwka,dankmemes,post,1545610640,negative
a8zx9h,dankmemes,post,1545610791,negative
a91atg,dankmemes,post,1545621994,neutral
a92w9z,dankmemes,post,1545636018,neutral
a92y55,dankmemes,post,1545636530,negative
a92zhb,dankmemes,post,1545636911,negative
a93ymq,dankmemes,post,1545647756,negative
a94175,dankmemes,post,1545648530,negative
a94ezw,dankmemes,post,1545652716,neutral
a94iya,dankmemes,post,1545653833,neutral
a94sjg,dankmemes,post,1545656477,negative
a95ac9,dankmemes,post,1545660822,neutral
a962gy,dankmemes,post,1545666919,negative
a9669b,dankmemes,post,1545667677,neutral
a96ap8,dankmemes,post,1545668563,neutral
a96gp7,dankmemes,post,1545669744,neutral
a96ttm,dankmemes,post,1545672209,negative
a96zka,dankmemes,post,1545673300,negative
a9711b,dankmemes,post,1545673581,negative
a9785l,dankmemes,post,1545674912,negative
a97chg,dankmemes,post,1545675715,negative
a97tc8,dankmemes,post,1545678875,neutral
a98osv,dankmemes,post,1545685007,neutral
a99e07,dankmemes,post,1545690112,negative
a99fcy,dankmemes,post,1545690397,neutral
a99h4g,dankmemes,post,1545690780,neutral
a99x2y,dankmemes,post,1545694247,negative
a9aa5e,dankmemes,post,1545697096,negative
a9adig,dankmemes,post,1545697828,neutral
a9ae1r,dankmemes,post,1545697943,neutral
a9atmd,dankmemes,post,1545701706,neutral
a9bj1f,dankmemes,post,1545708170,negative
a9bonu,dankmemes,post,1545709565,negative
a9brr5,dankmemes,post,1545710348,neutral
a9bs2a,dankmemes,post,1545710424,neutral
a9c0ym,dankmemes,post,1545712695,negative
a9fv57,dankmemes,post,1545753599,neutral
a9fygu,dankmemes,post,1545754325,negative
a9ga1t,dankmemes,post,1545756815,neutral
a9gw2s,dankmemes,post,1545761238,neutral
a9gyhu,dankmemes,post,1545761740,neutral
a9h4tr,dankmemes,post,1545763061,negative
a9hwhl,dankmemes,post,1545768809,neutral
a9ials,dankmemes,post,1545771830,negative
a9iwjn,dankmemes,post,1545776664,negative
a9j7cx,dankmemes,post,1545779092,negative
a9jczq,dankmemes,post,1545780412,negative
a9jp75,dankmemes,post,1545783268,neutral
a9kri2,dankmemes,post,1545792505,neutral
a9l68q,dankmemes,post,1545796076,negative
a9m64a,dankmemes,post,1545804779,neutral
a9mjrv,dankmemes,post,1545808571,negative
a9n1xj,dankmemes,post,1545814468,negative
a9n6iq,dankmemes,post,1545815986,negative
a9n72s,dankmemes,post,1545816160,negative
a9ne5f,dankmemes,post,1545818473,neutral
a9nza1,dankmemes,post,1545825094,neutral
a9o7bv,dankmemes,post,1545827454,negative
a9of8x,dankmemes,post,1545829625,neutral
a9onax,dankmemes,post,1545831731,negative
a9ostt,dankmemes,post,1545833077,negative
a9p3n2,dankmemes,post,1545835622,neutral
a9pa5k,dankmemes,post,1545837021,negative
a9pk97,dankmemes,post,1545839135,neutral
a9pnnm,dankmemes,post,1545839831,neutral
a9pqhr,dankmemes,post,1545840376,negative
a9pzam,dankmemes,post,1545842142,negative
a9r3fa,dankmemes,post,1545849728,neutral
a9rrfb,dankmemes,post,1545854238,negative
a9ryt0,dankmemes,post,1545855594,negative
a9s130,dankmemes,post,1545856004,negative
a9si3i,dankmemes,post,1545859204,negative
a9sjgw,dankmemes,post,1545859493,neutral
a9smg3,dankmemes,post,1545860113,neutral
a9srf2,dankmemes,post,1545861108,negative
a9tcsm,dankmemes,post,1545865465,negative
a9tdx4,dankmemes,post,1545865691,negative
a9tly3,dankmemes,post,1545867314,negative
a9tm2p,dankmemes,post,1545867339,negative
a9ttyx,dankmemes,post,1545868932,negative
a9voc7,dankmemes,post,1545882993,neutral
a9xmhf,dankmemes,post,1545900970,negative
a9yhgh,dankmemes,post,1545910214,neutral
a9yxyk,dankmemes,post,1545914717,negative
a9zatu,dankmemes,post,1545918025,negative
a9zbkv,dankmemes,post,1545918214,negative
aa03tb,dankmemes,post,1545924531,neutral
aa04aw,dankmemes,post,1545924631,negative
aa06rx,dankmemes,post,1545925140,negative
aa0od7,dankmemes,post,1545928546,negative
aa0yh5,dankmemes,post,1545930398,negative
aa1egf,dankmemes,post,1545933275,neutral
aa1f57,dankmemes,post,1545933389,neutral
aa2kwt,dankmemes,post,1545940660,neutral
aa2og7,dankmemes,post,1545941263,negative
aa3njr,dankmemes,post,1545947635,negative
aa4x98,dankmemes,post,1545956213,neutral
aa5mjf,dankmemes,post,1545961343,neutral
aa6bsx,dankmemes,post,1545966673,negative
aa7396,dankmemes,post,1545972630,negative
aa92t7,dankmemes,post,1545991666,negative
aa940b,dankmemes,post,1545992001,negative
aa9tni,dankmemes,post,1545999245,negative
aaac60,dankmemes,post,1546003969,neutral
aaaene,dankmemes,post,1546004541,neutral
aaatmu,dankmemes,post,1546007938,neutral
aaaz28,dankmemes,post,1546009056,negative
aab09b,dankmemes,post,1546009298,negative
aab0fa,dankmemes,post,1546009333,negative
aab1si,dankmemes,post,1546009616,negative
aac5ci,dankmemes,post,1546017154,positive
aadqyo,dankmemes,post,1546027344,negative
aadya6,dankmemes,post,1546028629,negative
aae0pa,dankmemes,post,1546029063,negative
aaebux,dankmemes,post,1546031037,negative
aaecu2,dankmemes,post,1546031213,neutral
aaeh2n,dankmemes,post,1546031982,neutral
aaexuc,dankmemes,post,1546035033,neutral
aafbhg,dankmemes,post,1546037597,neutral
aafccg,dankmemes,post,1546037771,neutral
aafgbh,dankmemes,post,1546038526,negative
aafi8w,dankmemes,post,1546038895,positive
aafivt,dankmemes,post,1546039015,positive
aafjum,dankmemes,post,1546039205,negative
aafmjn,dankmemes,post,1546039723,neutral
aagcrm,dankmemes,post,1546044968,negative
aahgf3,dankmemes,post,1546053476,neutral
aai93b,dankmemes,post,1546059816,negative
aaiawo,dankmemes,post,1546060226,neutral
aak2ki,dankmemes,post,1546077701,negative
aak2ro,dankmemes,post,1546077767,negative
aak2ta,dankmemes,post,1546077784,negative
aal2m1,dankmemes,post,1546088746,negative
aalba7,dankmemes,post,1546091092,neutral
aalo5o,dankmemes,post,1546094296,neutral
aamu7v,dankmemes,post,1546103186,negative
aaop5y,dankmemes,post,1546115508,negative
aapf68,dankmemes,post,1546120274,negative
aapfyh,dankmemes,post,1546120415,negative
aaplql,dankmemes,post,1546121485,neutral
aapysu,dankmemes,post,1546123944,negative
aaq2ey,dankmemes,post,1546124625,negative
aaro9t,dankmemes,post,1546135895,negative
aas1cq,dankmemes,post,1546138782,negative
aasrwz,dankmemes,post,1546144645,neutral
aastj4,dankmemes,post,1546145004,neutral
aau8cg,dankmemes,post,1546158190,neutral
aauzc6,dankmemes,post,1546166895,negative
aavfc0,dankmemes,post,1546171963,neutral
aavmoj,dankmemes,post,1546174177,negative
aaw2c1,dankmemes,post,1546178298,negative
aaw48r,dankmemes,post,1546178755,negative
aawbhn,dankmemes,post,1546180460,neutral
aawufw,dankmemes,post,1546184629,negative
aaxv8n,dankmemes,post,1546191527,neutral
aaxwz1,dankmemes,post,1546191859,negative
aayea5,dankmemes,post,1546194987,neutral
aayolu,dankmemes,post,1546196805,negative
aaz025,dankmemes,post,1546198846,negative
aazesq,dankmemes,post,1546201425,negative
aazinq,dankmemes,post,1546202108,negative
aazrqr,dankmemes,post,1546203742,negative
ab0c5p,dankmemes,post,1546207297,neutral
ab17d5,dankmemes,post,1546212978,neutral
ab1arw,dankmemes,post,1546213623,neutral
ab1c0i,dankmemes,post,1546213849,negative
ab1dx9,dankmemes,post,1546214209,negative
ab3zsz,dankmemes,post,1546232939,negative
ab4rz9,dankmemes,post,1546239479,negative
ab5ker,dankmemes,post,1546247398,neutral
ab5kki,dankmemes,post,1546247450,negative
ab5pto,dankmemes,post,1546249110,neutral
ab6lza,dankmemes,post,1546258456,neutral
ab6ydn,dankmemes,post,1546261564,positive
ab7gqw,dankmemes,post,1546265751,negative
ab7n04,dankmemes,post,1546267102,negative
ab7n7g,dankmemes,post,1546267147,neutral
ab7odd,dankmemes,post,1546267394,neutral
ab7pnp,dankmemes,post,1546267665,neutral
ab94fb,dankmemes,post,1546276992,negative
ab9i8w,dankmemes,post,1546279330,negative
abacir,dankmemes,post,1546284506,neutral
abahkb,dankmemes,post,1546285399,negative
abakir,dankmemes,post,1546285913,neutral
abb5x6,dankmemes,post,1546289765,negative
abc240,dankmemes,post,1546295695,neutral
abc2zc,dankmemes,post,1546295851,negative
abcihx,dankmemes,post,1546298646,neutral
a7tbj1,dankmemes,post,1545272276,negative
a2o02p,darkjokes,post,1543838257,negative
a25eqm,forsen,post,1543688747,neutral
a7qua1,gofundme,post,1545255234,negative
a4zaot,help,post,1544472872,neutral
a7zhjx,help,post,1545322809,neutral
a6cd5k,lgbt,post,1544848796,neutral
a2ccsy,marinebiology,post,1543747954,neutral
a80yq7,mildlyinfuriating,post,1545331181,negative
ab32w8,mildlyinfuriating,post,1546226033,negative
a3t3d3,modhelp,post,1544134897,neutral
a6bqhl,nem,post,1544843367,negative
a6jj9m,raimimemes,post,1544912777,neutral
a91ezf,raimimemes,post,1545622957,positive
aarup7,reddevils,post,1546137289,neutral
a2og1c,redditrequest,post,1543842196,neutral
a8emh7,redditrequest,post,1545427938,neutral
a9sy57,redditrequest,post,1545862456,neutral
a4ytdm,stopdrinking,post,1544469839,positive
a4r6mo,teenagers,post,1544407043,positive
a2nm7w,teenagers,post,1543834408,negative
a40qv8,ukpolitics,post,1544195550,neutral
a3h8k0,ApplyingToCollege,post,1544047956,neutral
a9kgna,ApplyingToCollege,post,1545789829,neutral
a9r6oc,AskHistorians,post,1545850329,neutral
aatuk0,AskOuija,post,1546154091,neutral
a918ji,AskReddit,post,1545621443,negative
a6low3,AskReddit,post,1544929855,neutral
a35c6r,BestOfReports,post,1543960356,neutral
a6al1b,BikiniBottomTwitter,post,1544833883,positive
a20un8,Chargers,post,1543646905,positive
a4dm01,ChoosingBeggars,post,1544296818,negative
abcq75,Christianity,post,1546299997,neutral
a325np,Drugs,post,1543940641,negative
a71ylw,Eugene,post,1545068472,negative
a9xee2,GradeAUnderA,post,1545898503,negative
a9lboq,Gunpla,post,1545797394,neutral
aavfcn,Idubbbz,post,1546171967,negative
a73dhj,MassiveCock,post,1545077273,neutral
a8owyz,NoStupidQuestions,post,1545515879,neutral
a559u0,OCPoetry,post,1544519622,positive
a7cfpm,PewdiepieSubmissions,post,1545149645,negative
a7ch24,PewdiepieSubmissions,post,1545149899,negative
a7citp,PewdiepieSubmissions,post,1545150222,negative
a203cw,Tinder,post,1543640092,neutral
a972pf,Tinder,post,1545673907,neutral
a2xx6b,TwoXChromosomes,post,1543903442,neutral
a8xp4c,WorldOfWarships,post,1545594581,neutral
aannmv,dankmemes,post,1546108683,negative
a2buzg,dankmemes,post,1543741701,neutral
a2t9x1,ems,post,1543872657,neutral
abcre4,funny,post,1546300223,neutral
a793ur,funny,post,1545120093,neutral
aa5foa,gorillaz,post,1545959909,negative
ab02xv,litecoin,post,1546205661,negative
a3lfgw,modhelp,post,1544078138,neutral
aahyfb,moviescirclejerk,post,1546057406,negative
a74181,reddeadredemption,post,1545081373,neutral
a3la78,redditrequest,post,1544076806,neutral
a5f11d,southafrica,post,1544591102,negative
a31rhq,stopdrinking,post,1543938089,positive
a3rhal,teenagers,post,1544125509,negative
a2f2f2,terrariums,post,1543771245,neutral
a4or4u,unpopularopinion,post,1544389451,negative
aab0sf,unpopularopinion,post,1546009403,negative
a3ygot,vaxxhappened,post,1544176064,neutral
a5yuhp,AgainstHateSubreddits,post,1544742572,positive
aas8nc,AskOuija,post,1546140357,negative
ab2y84,AskReddit,post,1546225084,neutral
ab3eka,AskReddit,post,1546228443,negative
a9evek,AtlantaHawks,post,1545744564,neutral
a4wxb0,Browns,post,1544457959,neutral
a3d08t,CubeWorld,post,1544021886,neutral
a3uo5m,Drama,post,1544145035,negative
a5dm9v,JonTron,post,1544580125,neutral
a6oq2h,JustCause,post,1544964018,negative
aa2mj5,Knife_Swap,post,1545940938,neutral
a75a5p,LateStageCapitalism,post,1545089500,negative
a4gesm,Libertarian,post,1544316222,neutral
a3sg6t,Libertarian,post,1544131231,neutral
a8feoe,ModSupport,post,1545433300,neutral
a6l665,ROTC,post,1544925561,negative
a4dzxz,SantasLittleHelpers,post,1544299337,neutral
a4fy5f,Teachers,post,1544312718,neutral
a4rmkn,Wellthatsucks,post,1544410449,negative
a763gr,argentina,post,1545095327,neutral
a8xaex,copypasta,post,1545591717,negative
a9l4k1,copypasta,post,1545795658,negative
a76gel,dankmemes,post,1545097916,negative
a92jsu,dankmemes,post,1545632786,negative
a85ft0,dankmemes,post,1545359404,neutral
a8js7s,dankmemes,post,1545473810,negative
a8ut1h,dankmemes,post,1545573265,negative
a86eyx,drumcorps,post,1545367338,negative
a8d2xa,drumcorps,post,1545418221,neutral
a85vna,drunk,post,1545362864,neutral
a9y114,drunk,post,1545905362,negative
a8c7ai,fnv,post,1545413158,negative
a3pspu,funny,post,1544115617,neutral
a2ekax,gmod,post,1543768019,positive
a89edd,grandorder,post,1545394322,neutral
a45vkh,grateful_dead,post,1544228820,neutral
a2bkv2,hapas,post,1543738149,neutral
aa7qky,legaladvice,post,1545978093,negative
a8z52v,madlads,post,1545604940,negative
a9kpnk,nba,post,1545792034,negative
a3b1u7,notinteresting,post,1544005111,neutral
a3vp2c,pics,post,1544152131,negative
a9c1df,pics,post,1545712810,neutral
a9ccnz,pics,post,1545715740,negative
aa8ee5,pics,post,1545984322,negative
ab32xz,pics,post,1546226044,neutral
a1y3gb,pyrocynical,post,1543623652,neutral
aahkj1,rage,post,1546054387,negative
a3y4qd,raisedbyborderlines,post,1544172470,positive
a7xog4,redditrequest,post,1545310780,neutral
a7yscv,redditrequest,post,1545318520,neutral
a6zsrs,redditrequest,post,1545053261,neutral
a6yzla,redditrequest,post,1545045724,neutral
a7v9yl,redditrequest,post,1545288220,neutral
a7c5df,redditrequest,post,1545147787,neutral
a963n2,stunfisk,post,1545667164,neutral
a33ykv,test,post,1543951896,neutral
aar03l,toastme,post,1546130967,neutral
a7swjo,travisscott,post,1545269319,neutral
a95td3,CFL,post,1545665042,positive
aaxp7g,CapitalismVSocialism,post,1546190439,neutral
a9jojh,Cricket,post,1545783115,neutral
a2rvh0,GenderCritical,post,1543864462,negative
a6adzx,HistoryMemes,post,1544832407,neutral
a4lhg0,Libertarian,post,1544367289,negative
a24l93,Libertarian,post,1543683199,negative
a6rb7b,Memes_Of_The_Dank,post,1544983950,negative
a7qbod,PewdiepieSubmissions,post,1545251941,negative
a7d6bh,Saints,post,1545154308,neutral
a25je9,SantasLittleHelpers,post,1543689594,neutral
a4wz01,TheGoodPlace,post,1544458276,neutral
a7ubd6,The_Donald,post,1545279986,neutral
a690aa,The_Donald,post,1544822508,negative
a7rkyu,The_Donald,post,1545260077,negative
a4xecl,Warframe,post,1544461052,negative
a8t5we,assholedesign,post,1545553638,negative
a4yy9v,atheism,post,1544470707,neutral
a8v4aw,darkjokes,post,1545576024,negative
a62gt1,gaming,post,1544770486,neutral
a7epz7,grandorder,post,1545163917,positive
a8xj73,greentext,post,1545593442,neutral
a8pzeb,lyftdrivers,post,1545523780,neutral
a35y1y,memes,post,1543964181,negative
aa7jcw,memes,post,1545976394,neutral
a5ulbh,needadvice,post,1544715758,negative
a5alue,outside,post,1544559908,neutral
a9dt9k,peloton,post,1545732020,negative
a5z8mp,popheads,post,1544745264,negative
a91uji,raimimemes,post,1545626595,neutral
a5497w,redditrequest,post,1544508830,neutral
a7qrny,redditrequest,post,1545254754,neutral
a6y09x,redditrequest,post,1545035181,neutral
a3ci4z,redditrequest,post,1544018254,neutral
a84pe1,runescape,post,1545353723,negative
a32vg8,steroids,post,1543945064,neutral
a6l7xy,suns,post,1544925943,neutral
a5scmh,tezos,post,1544696910,positive
a8stxc,travisscott,post,1545549526,neutral
a46vr5,vexillology,post,1544236963,neutral
a3rhct,Comcast_Xfinity,post,1544125519,neutral
a26qf0,DeepFriedMemes,post,1543697807,neutral
a35k1x,DestinyTheGame,post,1543961693,neutral
a4da6a,HistoryMemes,post,1544294671,neutral
ab1503,Ice_Poseidon,post,1546212551,negative
a7ubg8,IdeasForAskreddit,post,1545280008,negative
a2afrt,Mario,post,1543726084,neutral
a3izfn,MemeEconomy,post,1544059315,negative
a94xfn,ModSupport,post,1545657686,neutral
aaxsle,NHLHUT,post,1546191059,neutral
a5pwi7,PrequelMemes,post,1544673598,neutral
a7l497,Showerthoughts,post,1545213869,neutral
aavh4b,SlyGifs,post,1546172520,negative
a6zl77,TechnoProduction,post,1545051458,neutral
a2h4fd,The_Donald,post,1543783768,negative
a7s6d0,airplanes,post,1545264139,negative
a9zj9x,csgo,post,1545920016,neutral
ab4te9,danganronpa,post,1546239835,neutral
a6hpj9,flatearth,post,1544899928,neutral
a97co7,flatearth,post,1545675749,negative
aa95q0,foxholegame,post,1545992505,negative
a4foo6,funny,post,1544310741,neutral
a9qr1u,gmod,post,1545847454,neutral
aamngt,gmod,post,1546101900,neutral
a2wby8,marvelstudios,post,1543891919,neutral
a81441,redditrequest,post,1545332061,neutral
a4qmnw,redditrequest,post,1544402756,neutral
a5d6at,redditrequest,post,1544576876,neutral
a297j8,redditrequest,post,1543715497,neutral
aacf22,redditrequest,post,1546018924,neutral
a3gcjm,redditrequest,post,1544042480,neutral
a9pefh,redditrequest,post,1545837933,neutral
a4bvpy,shittyrobots,post,1544285131,neutral
a2vm6j,unpopularopinion,post,1543886987,negative
a5gz9b,2007scape,post,1544610349,neutral
a4hxl7,CFB,post,1544328630,negative
a7g4s0,CamilleMains,post,1545172716,negative
a6p76p,ChapoTrapHouse,post,1544968882,negative
a27770,Drama,post,1543700936,negative
a66atu,FortNiteBR,post,1544804840,negative
a66bup,FortNiteBR,post,1544805021,negative
a7tafg,HomeDepot,post,1545272043,positive
a2tz5c,Hypothyroidism,post,1543876512,negative
a6l1m2,Ice_Poseidon,post,1544924517,neutral
a6lv02,Ice_Poseidon,post,1544931277,neutral
a3gtzd,NegativeWithGold,post,1544045477,negative
a3gxh0,NegativeWithGold,post,1544046085,negative
a3h1d1,NegativeWithGold,post,1544046739,negative
a3ff2y,NoStupidQuestions,post,1544036821,negative
a7v7ia,Philippines,post,1545287617,neutral
abc8zm,PurplePillDebate,post,1546296976,negative
a3dvf6,SantasLittleHelpers,post,1544027465,neutral
a89v1w,ShittyLifeProTips,post,1545398048,negative
a90xt9,SquaredCircle,post,1545618970,negative
a6nv00,TooAfraidToAsk,post,1544953073,negative
a310vp,WatchRedditDie,post,1543932870,negative
a44wp8,WatchRedditDie,post,1544222003,negative
a4m78i,WatchRedditDie,post,1544373284,negative
a66uql,WatchRedditDie,post,1544808405,negative
a51mog,WorldOfWarships,post,1544488264,neutral
a2f2zs,astrophysics,post,1543771345,positive
ab044k,breakingmom,post,1546205877,positive
a5qmek,brockhampton,post,1544679333,negative
a98jpc,dankmemes,post,1545683981,negative
a7pybx,dankmemes,post,1545249672,neutral
a47c6f,dating,post,1544240913,neutral
a3c9ju,dfsports,post,1544016361,negative
a5iohu,funny,post,1544625473,negative
abcl6f,funny,post,1546299117,neutral
a5lsgt,geopolitics,post,1544645334,negative
a377o4,help,post,1543972720,negative
a3m4jm,memes,post,1544084896,negative
a2xxj0,rant,post,1543903524,negative
a4a34c,reddeadredemption,post,1544269277,positive
aa7nk4,redditrequest,post,1545977383,neutral
a2pei7,redditrequest,post,1543849277,neutral
a6ezv4,redditrequest,post,1544878560,neutral
a5w96c,redditrequest,post,1544726316,neutral
ab4l7x,shittyfoodporn,post,1546237797,negative
a9e17y,soccer,post,1545734680,neutral
a332vw,sugarlifestyleforum,post,1543946326,neutral
a53aqn,traaaaaaannnnnnnnnns,post,1544500718,negative
a25ujq,unpopularopinion,post,1543691675,negative
a9fc2l,AskModerators,post,1545749102,negative
a5sqdr,AskOuija,post,1544700909,neutral
a9c4v0,AskReddit,post,1545713725,neutral
a4jqoi,Assistance,post,1544347727,neutral
a8mrlp,AtlantaHawks,post,1545500737,neutral
a4x69u,AtlantaHawks,post,1544459597,negative
a9fu91,AtlantaHawks,post,1545753395,neutral
ab4ry7,Braincels,post,1546239471,neutral
a2y32g,Comcast_Xfinity,post,1543904839,negative
a6l3hl,EliteDangerous,post,1544924949,negative
a2ril8,ExpandDong,post,1543862342,neutral
a7vn2o,Ice_Poseidon,post,1545291760,neutral
a83p0n,Ice_Poseidon,post,1545347100,negative
a8615n,Ice_Poseidon,post,1545364126,negative
aasfep,JizzedToThis,post,1546141837,positive
a9355y,Kappa,post,1545638603,negative
a3vej2,LeagueOfMeta,post,1544150097,negative
a6h9br,MortalKombat,post,1544896832,neutral
a49eta,NoStupidQuestions,post,1544261622,neutral
a6ji0v,ShitPoliticsSays,post,1544912516,negative
a74hac,The_Donald,post,1545084181,positive
a8z9zi,Tucson,post,1545605952,negative
a4inhj,anime,post,1544335464,negative
a9gnel,conspiracy,post,1545759513,neutral
a746yv,dankchristianmemes,post,1545082394,negative
a20ur3,dankmemes,post,1543646935,neutral
aaphdf,dankmemes,post,1546120673,negative
aa1pvb,dankmemes,post,1545935248,neutral
aahe53,gorillaz,post,1546052959,negative
aa6al3,memes,post,1545966413,negative
a5nt8l,memes,post,1544658405,negative
a8vp53,modhelp,post,1545580659,neutral
a86521,nfl,post,1545364998,neutral
a2rlxb,opieandanthony,post,1543862895,positive
a5ivg4,radiohead,post,1544626873,neutral
a272h4,sixers,post,1543700048,neutral
a9xdkj,toosoon,post,1545898270,negative
a35vml,unpopularopinion,post,1543963735,negative
a3uskg,wallstreetbets,post,1544145865,neutral
a6ciqx,Animemes,post,1544850232,positive
a6ik9t,Barcelona,post,1544905936,positive
aa0k1a,BokuNoHeroAcademia,post,1545927727,neutral
a49ltt,CryptoCurrency,post,1544263860,negative
a6kjg0,DestructiveReaders,post,1544920397,positive
a9iisg,DunderMifflin,post,1545773626,neutral
a6ki4n,EnoughLibertarianSpam,post,1544920112,negative
a4hmj6,FORTnITE,post,1544325905,neutral
a4bjfu,FortNiteBR,post,1544282676,neutral
a4bjqp,FortNiteBR,post,1544282741,neutral
a4wuum,IBO,post,1544457520,positive
a1zpk9,Ice_Poseidon,post,1543636727,negative
a7jqkw,Memes_Of_The_Dank,post,1545199615,negative
a7czqa,NYYankees,post,1545153171,neutral
a94uei,PhonesAreBad,post,1545656951,neutral
a4zlpv,Rainbow6,post,1544474820,negative
a4cvab,SUBREDDITNAME,post,1544291923,neutral
a7erfp,TheLastAirbender,post,1545164169,negative
a8sbuj,TownofSalemgame,post,1545544162,neutral
a5tag1,Warframe,post,1544706064,negative
a4ciwd,Warframe,post,1544289608,neutral
a353gq,Waxpen,post,1543958878,neutral
a494ha,censorship,post,1544258357,negative
a1zfdc,dankmemes,post,1543634270,neutral
a4fby0,dankmemes,post,1544308256,negative
a90bgk,facepalm,post,1545613869,negative
a5shv8,geopolitics,post,1544698482,negative
a5m8iz,gofundme,post,1544648176,neutral
a5clyo,iphonehelp,post,1544572861,negative
a9kkyt,lgbt,post,1545790893,negative
a3btfx,redditrequest,post,1544012629,neutral
ab4yfb,redditrequest,post,1546241138,neutral
a41wvt,redditrequest,post,1544202964,neutral
aa9v3y,redditrequest,post,1545999624,neutral
aa6ix6,redditrequest,post,1545968192,neutral
a70l9c,2007scape,post,1545059368,neutral
a77jcq,3Dprinting,post,1545106047,neutral
aaqmim,AppleWatch,post,1546128470,negative
a330c8,AsiansGoneWild,post,1543945885,positive
a4vdjw,Dell,post,1544446167,negative
a9jmvg,Ice_Poseidon,post,1545782758,negative
a9jozg,Ice_Poseidon,post,1545783215,negative
a99a2h,IdiotsInCars,post,1545689290,neutral
a6nkh4,KingdomHearts,post,1544949183,positive
a82slh,Libertarian,post,1545341788,neutral
a9j50q,MineralPorn,post,1545778563,negative
a4nz88,Norway,post,1544384577,neutral
a2jbi5,Patriots,post,1543798077,neutral
a8ada4,SantasLittleHelpers,post,1545401675,positive
a8akzt,SantasLittleHelpers,post,1545403134,positive
a9lypt,SantasLittleHelpers,post,1545802946,positive
a3zb7c,ShingekiNoKyojin,post,1544184680,negative
a6ag1l,Supernatural,post,1544832812,neutral
a55uvk,Teachers,post,1544526091,neutral
a2oe0k,Warframe,post,1543841731,neutral
a2ogso,Warframe,post,1543842355,negative
a7760r,WatchRedditDie,post,1545103194,negative
a993ja,dankmemes,post,1545687969,negative
a69g59,dankmemes,post,1544825498,negative
a78tj8,dankmemes,post,1545117147,negative
a78uo5,dankmemes,post,1545117440,negative
a85i6j,dankmemes,post,1545359904,neutral
aaolz4,dankmemes,post,1546114925,neutral
a9fubu,edmproduction,post,1545753413,neutral
a2xiwt,falcons,post,1543900459,negative
a4yt0r,furry,post,1544469780,neutral
abb3t1,memes,post,1546289378,neutral
ab2rp4,reddevils,post,1546223769,neutral
a8uwly,redditrequest,post,1545574133,neutral
aal5yw,redditrequest,post,1546089655,neutral
aaza76,redditrequest,post,1546200596,neutral
a2h50x,redditrequest,post,1543783869,neutral
a4nc4v,redditrequest,post,1544380487,neutral
aauif6,redditrequest,post,1546161374,neutral
a49kpa,roosterteeth,post,1544263523,neutral
a6m8yn,runescape,post,1544934774,neutral
a5opir,scifi,post,1544664918,neutral
a5lm96,washingtondc,post,1544644238,neutral
a438gx,AskReddit,post,1544211267,neutral
a438w3,AskReddit,post,1544211342,neutral
ab0z0e,Cumtown,post,1546211444,neutral
a6nu8m,EscapefromTarkov,post,1544952795,neutral
a9qoyt,FUTMobile,post,1545847074,neutral
a5s8sm,FortNiteBR,post,1544695753,negative
a2ltdw,HeroesofNewerth,post,1543816756,negative
a56r06,JustUnsubbed,post,1544534523,negative
aaopdm,LateStageCapitalism,post,1546115551,negative
a4nywa,LivestreamFail,post,1544384522,positive
aamqrv,MaddenUltimateTeam,post,1546102546,negative
a2sgr7,ModSupport,post,1543867998,neutral
aa16xs,MtF,post,1545931953,neutral
a7osns,Paladins,post,1545242393,neutral
a36hzp,PoliticalHumor,post,1543967823,negative
a820ni,Random_Acts_Of_Pizza,post,1545337334,neutral
a68r66,Sat,post,1544820797,neutral
a5fsr7,Seattle,post,1544597918,negative
a48j2u,TheGoodPlace,post,1544251768,negative
a5ftwt,TheGoodPlace,post,1544598202,neutral
a2wx0q,TwoBestFriendsPlay,post,1543896039,neutral
a2vus3,bisexual,post,1543888666,positive
a29v4j,dankmemes,post,1543720960,neutral
aagojy,darkjokes,post,1546047439,neutral
a91sp2,eu4,post,1545626155,negative
a96k9v,eu4,post,1545670402,negative
a9wdhf,freefolk,post,1545888972,negative
a3tzbn,gamindustri,post,1544140406,neutral
aa2l60,kratom,post,1545940707,positive
aa9jr9,mildlyinfuriating,post,1545996527,negative
aa4vgq,newjersey,post,1545955895,negative
a7h3lt,newreddits,post,1545179272,negative
a8wgw0,raimimemes,post,1545586039,neutral
a23kak,rant,post,1543675645,negative
a8an9f,redditrequest,post,1545403578,neutral
a74q24,redditrequest,post,1545085732,neutral
a9iyrt,redditrequest,post,1545777171,neutral
aao12r,redditrequest,post,1546111085,neutral
a2due5,stopdrinking,post,1543762772,neutral
a2y21u,stopsmoking,post,1543904583,positive
a9iyl3,teenagers,post,1545777125,neutral
a2m0np,teenagers,post,1543818443,neutral
a6rbt3,vegetarian,post,1544984065,neutral
a9s1h1,AtlantaHawks,post,1545856078,negative
a3hix8,AutoModerator,post,1544049745,neutral
a21bu5,Calgary,post,1543652046,negative
a6l63o,ClashRoyale,post,1544925550,negative
a7254g,ClashRoyale,post,1545069631,negative
a9jfa0,ClashRoyale,post,1545780974,negative
a61kqw,Colts,post,1544762739,neutral
a7hmwu,Drama,post,1545183046,neutral
a4u7ju,Eminem,post,1544433987,negative
a5vv82,FortNiteBR,post,1544723920,negative
a3i457,GlobalOffensive,post,1544053498,neutral
a8hejy,Ice_Poseidon,post,1545449164,negative
a2ic4d,JonTron,post,1543791325,negative
a4ga9z,JonTron,post,1544315274,negative
abc0fu,JonTron,post,1546295408,negative
a82e44,Libertarian,post,1545339488,neutral
a8ab6d,Memes_Of_The_Dank,post,1545401280,negative
a464rf,OnOff,post,1544230830,neutral
a8fexe,PUBGXboxOne,post,1545433347,neutral
a2ns3y,PewdiepieSubmissions,post,1543836033,neutral
a38v3t,SantasLittleHelpers,post,1543984751,neutral
a42oxj,Warframe,post,1544207838,negative
a5zxzx,Xiaomi,post,1544750263,neutral
aamshu,analog,post,1546102868,neutral
a39gw9,brisbane,post,1543989530,neutral
a6gqxp,brockhampton,post,1544893266,negative
a3vnyv,brockhampton,post,1544151933,neutral
a4nak8,canucks,post,1544380215,negative
a40zju,churningcanada,post,1544197179,negative
a32s1j,circlejerk,post,1543944488,negative
a4dsbz,computerscience,post,1544297940,negative
a9pdkc,dank_meme,post,1545837754,neutral
aaor8b,dankmemes,post,1546115894,negative
aaozl5,dankmemes,post,1546117392,negative
a6sfpu,dankmemes,post,1544991426,neutral
a33lgu,dankmemes,post,1543949673,negative
a2i8n8,eczema,post,1543790674,neutral
a8hujm,help,post,1545453091,neutral
a44ra4,leagueoflegends,post,1544221026,negative
a2jse0,lifx,post,1543801420,negative
a2i0wz,me_irl,post,1543789283,negative
a353hf,me_irl,post,1543958881,neutral
a4w3b4,me_irl,post,1544452015,neutral
a7igqf,me_irl,post,1545189100,negative
a8nrzn,me_irl,post,1545507833,neutral
a8yp31,me_irl,post,1545601625,neutral
aan7od,me_irl,post,1546105766,neutral
a9be6s,mildlyinfuriating,post,1545706939,negative
a82hrn,mypartneristrans,post,1545340049,neutral
a73ae8,nyc,post,1545076746,negative
a2bsho,offmychest,post,1543740863,negative
a2tgiv,pcmasterrace,post,1543873672,negative
a454ml,prisonarchitect,post,1544223461,neutral
a8q5hj,redditgetsdrawn,post,1545525029,neutral
a8q6vp,redditgetsdrawn,post,1545525318,neutral
a4a44a,redditrequest,post,1544269598,neutral
a9kvui,redditrequest,post,1545793545,neutral
a7dh2y,rugbyunion,post,1545156156,neutral
a8afw7,starwarsspeculation,post,1545402186,negative
abapr9,trashy,post,1546286826,neutral
a8gttf,9anime,post,1545444375,negative
a4xcdf,Addons4Kodi,post,1544460686,negative
a932ls,Advice,post,1545637819,neutral
a6m7gc,AsiansGoneWild,post,1544934388,neutral
aaso66,AskWomen,post,1546143798,negative
a5r1xy,Games,post,1544683191,neutral
a41h2t,Handwriting,post,1544200261,neutral
a54sbg,Ice_Poseidon,post,1544514205,negative
a6j91g,LoveNikki,post,1544910684,neutral
a6javg,LoveNikki,post,1544911057,neutral
a8zcs2,MGTOW,post,1545606508,positive
aba6u8,Mid_Century,post,1546283518,neutral
a9dzfg,SSBM,post,1545734082,negative
a9e67x,SSBM,post,1545736350,negative
a47603,SantasLittleHelpers,post,1544239419,positive
a8e0b7,Showerthoughts,post,1545423779,neutral
a8e3so,Showerthoughts,post,1545424451,neutral
a898qt,StopGaming,post,1545392958,neutral
a1z7iq,battlefield_4,post,1543632481,positive
a2c1kw,conspiracy,post,1543744005,negative
aal3yy,dankmemes,post,1546089117,neutral
a4duyl,facepalm,post,1544298424,negative
a7drbx,facepalm,post,1545157918,negative
a77jof,help,post,1545106116,negative
a1zf6q,leagueoflegends,post,1543634226,negative
a3hms1,leagueoflegends,post,1544050434,negative
a44csk,leagueoflegends,post,1544218427,negative
a44mfl,leagueoflegends,post,1544220163,negative
a4lbrk,leagueoflegends,post,1544365713,neutral
a9e5ab,leagueoflegends,post,1545736040,negative
a9e5wo,leagueoflegends,post,1545736244,negative
ab6424,leagueoflegends,post,1546253366,neutral
aarw3p,meirl,post,1546137606,negative
a27osc,rant,post,1543704303,negative
a36h82,rant,post,1543967673,negative
a3zvse,rant,post,1544189455,negative
a50ztu,rant,post,1544483842,negative
a53otu,rant,post,1544503861,negative
a56qps,rant,post,1544534458,negative
a5nxt8,rant,post,1544659306,negative
a6vm6d,rant,post,1545014027,negative
a9irjj,rant,post,1545775533,negative
a9ljbt,rant,post,1545799246,negative
a9sxnz,rant,post,1545862352,negative
a9uea6,rant,post,1545873104,negative
aan5w7,rant,post,1546105436,negative
a20vt1,reddeadredemption,post,1543647226,negative
a2az84,reddeadredemption,post,1543731227,negative
a2ve3u,reddeadredemption,post,1543885447,neutral
a42f38,reddeadredemption,post,1544206112,neutral
a45el1,reddeadredemption,post,1544225353,negative
a462pc,reddeadredemption,post,1544230364,negative
a46efj,reddeadredemption,post,1544232987,neutral
a4h2u7,reddeadredemption,post,1544321469,neutral
a4hamg,reddeadredemption,post,1544323225,neutral
a5xzyu,reddeadredemption,post,1544737142,positive
a65fwn,reddeadredemption,post,1544799021,negative
a6ovej,reddeadredemption,post,1544965663,neutral
a7vfmp,reddeadredemption,post,1545289730,negative
a7zxbi,reddeadredemption,post,1545325283,neutral
a80ics,reddeadredemption,post,1545328595,negative
a89cyf,reddeadredemption,post,1545393983,neutral
a8fgiv,reddeadredemption,post,1545433675,neutral
a8kco0,reddeadredemption,post,1545480533,negative
a9gdtn,reddeadredemption,post,1545757593,neutral
aainyz,reddeadredemption,post,1546063259,neutral
a69jny,redditrequest,post,1544826162,neutral
a9aejw,redditrequest,post,1545698053,neutral
a3cgbd,redditrequest,post,1544017853,neutral
a9gx3s,rickandmorty,post,1545761456,neutral
a201lx,stlouisblues,post,1543639669,positive
a9l3er,twentyonepilots,post,1545795382,neutral
a3ulx6,unpopularopinion,post,1544144627,negative
aaw5k3,youngjustice,post,1546179080,neutral
a9i3ab,AskReddit,post,1545770240,negative
a9avy3,Cricket,post,1545702306,positive
ab9gv0,CryptoCurrency,post,1546279094,negative
a88zwy,DDLC,post,1545390756,neutral
a1z9qi,Drama,post,1543632984,positive
a65oaa,FortNiteBR,post,1544800666,negative
aa8xl5,Gamingcirclejerk,post,1545990144,negative
a928v0,GenderCritical,post,1545630000,neutral
a72m2m,HalfLife,post,1545072551,negative
a4i45t,Ice_Poseidon,post,1544330269,neutral
a8h6bb,Ice_Poseidon,post,1545447205,negative
a21vxa,Libertarian,post,1543658525,neutral
a6cb4x,Memes_Of_The_Dank,post,1544848295,neutral
a32ale,Memes_Of_The_Dank,post,1543941504,neutral
a36bnq,Memes_Of_The_Dank,post,1543966623,neutral
a7g24g,OpiatesRecovery,post,1545172245,neutral
a3kyxh,PewdiepieSubmissions,post,1544074191,neutral
a5or74,RWBY,post,1544665270,positive
a9aoa2,Romania,post,1545700368,neutral
a3ikii,SantasLittleHelpers,post,1544056449,positive
a7ikr4,StarWarsBattlefront,post,1545189952,neutral
a43n9x,Stellaris,post,1544213878,neutral
a3tyfg,Warframe,post,1544140251,negative
a8jv65,bugs,post,1545474742,neutral
a4tx21,changemyview,post,1544430800,negative
a8ran7,chess,post,1545534440,positive
a6wrdu,dankmemes,post,1545023181,negative
a9dfln,dankmemes,post,1545727312,neutral
a5ceai,dankmemes,post,1544571323,neutral
a2lm0u,gaming,post,1543815043,negative
a63d13,ketchuphate,post,1544779719,negative
ab6mow,kpop,post,1546258643,neutral
aau39h,meme,post,1546156618,negative
a7ktn5,photography,post,1545210723,neutral
a2stt5,redditrequest,post,1543870170,neutral
a3bcjk,redditrequest,post,1544008206,neutral
a46plg,redditrequest,post,1544235505,neutral
a3r0rm,redditrequest,post,1544122814,negative
aaiz3m,redditrequest,post,1546066081,neutral
a38z4m,spiders,post,1543985597,positive
aa3c3g,3DS,post,1545945536,negative
aabmb8,AskReddit,post,1546013659,neutral
a1z62y,BitcoinAll,post,1543632145,neutral
a3ocgm,BitcoinAll,post,1544106309,negative
a6azbg,BitcoinAll,post,1544837025,neutral
aazvcs,Blizzard,post,1546204344,negative
a2fp0a,CODZombies,post,1543775122,neutral
a4uhzi,ChoosingBeggars,post,1544437231,neutral
a7fnxy,Comcast_Xfinity,post,1545169786,neutral
a21hek,FortNiteBR,post,1543653880,negative
a236ge,FortNiteBR,post,1543672422,negative
a263u4,FortNiteBR,post,1543693458,negative
a26z7b,FortNiteBR,post,1543699433,negative
a274m7,FortNiteBR,post,1543700455,negative
a2790l,FortNiteBR,post,1543701283,negative
a2g3p2,FortNiteBR,post,1543777619,negative
a2guv3,FortNiteBR,post,1543782202,negative
a2prr6,FortNiteBR,post,1543851734,neutral
a2zp0z,FortNiteBR,post,1543921294,positive
a2zrmw,FortNiteBR,post,1543921997,positive
a33zft,FortNiteBR,post,1543952049,negative
a3496x,FortNiteBR,post,1543953710,negative
a39kvy,FortNiteBR,post,1543990438,negative
a39lou,FortNiteBR,post,1543990617,negative
a39meb,FortNiteBR,post,1543990788,negative
a39ptc,FortNiteBR,post,1543991634,negative
a39qwo,FortNiteBR,post,1543991906,negative
a39upr,FortNiteBR,post,1543992835,neutral
a3a9bq,FortNiteBR,post,1543996655,neutral
a3esf2,FortNiteBR,post,1544032956,negative
a3kkcj,FortNiteBR,post,1544070876,neutral
a3nn5a,FortNiteBR,post,1544100975,neutral
a3p5g7,FortNiteBR,post,1544111748,negative
a3r8qu,FortNiteBR,post,1544124100,negative
a3sm5s,FortNiteBR,post,1544132201,neutral
a3ua8r,FortNiteBR,post,1544142445,neutral
a3w2hl,FortNiteBR,post,1544154795,negative
a3ykxt,FortNiteBR,post,1544177270,neutral
a3zwe0,FortNiteBR,post,1544189577,negative
a4fla5,FortNiteBR,post,1544310072,negative
a4nx7w,FortNiteBR,post,1544384228,negative
a4oagt,FortNiteBR,post,1544386538,negative
a4r7ok,FortNiteBR,post,1544407256,negative
a4scrx,FortNiteBR,post,1544416161,neutral
a4vnj8,FortNiteBR,post,1544448509,neutral
a4vnpi,FortNiteBR,post,1544448556,negative
a4whsg,FortNiteBR,post,1544454980,negative
a4wlcu,FortNiteBR,post,1544455676,negative
a4wxwp,FortNiteBR,post,1544458069,negative
a587oo,FortNiteBR,post,1544545136,negative
a5b3cp,FortNiteBR,post,1544562929,negative
a5bx8h,FortNiteBR,post,1544568322,negative
a5j0mx,FortNiteBR,post,1544627841,negative
a5qroo,FortNiteBR,post,1544680655,neutral
a5uvq8,FortNiteBR,post,1544717640,positive
a5x0gx,FortNiteBR,post,1544731068,negative
a62xqu,FortNiteBR,post,1544775153,negative
a658gd,FortNiteBR,post,1544797456,negative
a65iwu,FortNiteBR,post,1544799647,negative
a6659c,FortNiteBR,post,1544803836,negative
a66bnb,FortNiteBR,post,1544804983,negative
a69aeg,FortNiteBR,post,1544824421,neutral
a6b937,FortNiteBR,post,1544839323,negative
a6hfgw,FortNiteBR,post,1544897982,neutral
a6j0lt,FortNiteBR,post,1544909007,negative
a7blsi,FortNiteBR,post,1545144006,neutral
a7gwh2,FortNiteBR,post,1545177920,neutral
a7jog8,FortNiteBR,post,1545199102,negative
a7lorf,FortNiteBR,post,1545219823,negative
a7n6fx,FortNiteBR,post,1545231915,negative
a7n8e6,FortNiteBR,post,1545232269,neutral
a7nooh,FortNiteBR,post,1545235301,negative
a7qoy9,FortNiteBR,post,1545254257,negative
a7ywma,FortNiteBR,post,1545319273,neutral
a7z7zo,FortNiteBR,post,1545321228,positive
a7zjrt,FortNiteBR,post,1545323169,negative
a8426p,FortNiteBR,post,1545349366,neutral
a8rbec,FortNiteBR,post,1545534627,negative
a90fx2,FortNiteBR,post,1545614916,neutral
a92x03,FortNiteBR,post,1545636214,negative
a96tdj,FortNiteBR,post,1545672132,neutral
a9a8q6,FortNiteBR,post,1545696768,negative
a9cm4e,FortNiteBR,post,1545718274,neutral
a9d6mg,FortNiteBR,post,1545724365,negative
a9gqfj,FortNiteBR,post,1545760217,negative
a9hg6h,FortNiteBR,post,1545765399,negative
a9rzfg,FortNiteBR,post,1545855708,neutral
a9sf5l,FortNiteBR,post,1545858618,negative
a9vgwo,FortNiteBR,post,1545881339,negative
aae35c,FortNiteBR,post,1546029493,negative
aaekq6,FortNiteBR,post,1546032626,neutral
aag8jo,FortNiteBR,post,1546044125,negative
aag95o,FortNiteBR,post,1546044237,negative
aak47r,FortNiteBR,post,1546078220,neutral
aazd0d,FortNiteBR,post,1546201086,neutral
aazjul,FortNiteBR,post,1546202318,negative
aazl85,FortNiteBR,post,1546202566,negative
aazlss,FortNiteBR,post,1546202665,negative
ab3pfe,FortNiteBR,post,1546230733,negative
ab3wgm,FortNiteBR,post,1546232251,negative
ab3wmw,FortNiteBR,post,1546232288,neutral
ab42b5,FortNiteBR,post,1546233494,neutral
ab59zh,FortNiteBR,post,1546244271,negative
ab76vo,FortNiteBR,post,1546263612,negative
ab7xtp,FortNiteBR,post,1546269325,negative
ab8nnw,FortNiteBR,post,1546274057,neutral
ab9q7z,FortNiteBR,post,1546280707,neutral
abbz7j,FortNiteBR,post,1546295189,neutral
a8dhz1,GenderCritical,post,1545420685,negative
a2g8yr,HistoryMemes,post,1543778496,neutral
a4ib83,Libertarian,post,1544332128,positive
a3gy56,Memes_Of_The_Dank,post,1544046194,negative
a70kmo,ModSupport,post,1545059249,neutral
a6s6hm,Nepal,post,1544989758,neutral
a7pw0s,Overwatch,post,1545249254,negative
aajt0s,PSVR,post,1546074759,neutral
a4p829,Patriots,post,1544392604,negative
a6z0yc,PrequelMemes,post,1545046123,negative
abbtgf,Random_Acts_Of_Pizza,post,1546294139,negative
a2vqzn,Shitstatistssay,post,1543887912,negative
a6xfdr,Tennesseetitans,post,1545029177,neutral
a8op3x,Tennesseetitans,post,1545514328,negative
abbgxr,TrueOffMyChest,post,1546291799,negative
a9em2b,angry,post,1545741775,negative
a3gzu8,conspiracy,post,1544046481,neutral
aba3ct,conspiracy,post,1546282928,negative
a7d026,dankmemes,post,1545153227,negative
a2qv4k,dankmemes,post,1543858574,neutral
aahrp6,finlandConspiracy,post,1546055942,negative
a8gjzi,forhonor,post,1545442118,neutral
a2rnrd,heat,post,1543863195,positive
a9ddno,perfectloops,post,1545726645,negative
aaba1r,reddeadredemption,post,1546011328,neutral
a6q7ar,redditrequest,post,1544976791,neutral
a4fkcl,redditrequest,post,1544309894,neutral
a55xcj,redditrequest,post,1544526809,neutral
a3pihr,redditrequest,post,1544113951,neutral
a3pnc2,redditrequest,post,1544114721,neutral
a5tl28,redditrequest,post,1544708464,neutral
aa183x,redditrequest,post,1545932161,neutral
a6qadv,redditrequest,post,1544977350,neutral
a6iebh,traaaaaaannnnnnnnnns,post,1544904785,negative
a73rfh,walkingwarrobots,post,1545079702,neutral
a65oiw,whiskey,post,1544800716,negative
aamcsb,2007scape,post,1546099736,negative
a66rc9,350z,post,1544807790,neutral
a7uoxz,AM2R,post,1545283126,neutral
a9522m,AskOuija,post,1545658834,neutral
a5prbq,Electroneum,post,1544672545,positive
a6lvb1,Ice_Poseidon,post,1544931349,neutral
a6lw0u,Ice_Poseidon,post,1544931523,negative
a76jv1,Ice_Poseidon,post,1545098595,negative
a77u5a,Ice_Poseidon,post,1545108392,neutral
ab06h6,Ice_Poseidon,post,1546206288,negative
a4d4xt,IndiaSpeaks,post,1544293728,negative
a5si4b,IndiaSpeaks,post,1544698560,negative
a2rix4,JoeRogan,post,1543862401,negative
a3rox3,Kanye,post,1544126728,neutral
a2wa31,Libertarian,post,1543891569,neutral
a9xf6w,MemeEconomy,post,1545898733,negative
aaph7p,PewdiepieSubmissions,post,1546120641,negative
aaa5ic,PrequelMemes,post,1546002358,neutral
a52x7d,ShitPoliticsSays,post,1544497869,negative
aa5h6x,TankPorn,post,1545960217,neutral
aame1i,TopMindsOfReddit,post,1546099994,negative
a3z3n2,TributeMe,post,1544182629,negative
a9214i,Twitch,post,1545628149,negative
a71n75,TwoBestFriendsPlay,post,1545066448,neutral
a3mkop,Warframe,post,1544089660,negative
a3ydlk,Warframe,post,1544175186,negative
a2cm6d,Warframe,post,1543751161,negative
a2hfr3,Warframe,post,1543785657,negative
a2vv5b,Warframe,post,1543888734,neutral
a2w1ca,Warframe,post,1543889909,neutral
a3h68g,Warframe,post,1544047565,negative
a3q9sn,Warframe,post,1544118453,neutral
a4cys1,Warframe,post,1544292554,negative
a9ako6,Warframe,post,1545699537,positive
a498eu,dankmemes,post,1544259647,negative
a91upx,dankmemes,post,1545626639,neutral
abc312,dankmemes,post,1546295860,neutral
a5n22e,dankmemes,post,1544653339,negative
a1y8wq,gaming,post,1543624843,neutral
a2g720,gonewild,post,1543778171,neutral
a8q79r,redditrequest,post,1545525396,neutral
a7o0kj,redditrequest,post,1545237468,neutral
a4i84k,redditrequest,post,1544331336,neutral
a77ic8,redditrequest,post,1545105818,neutral
a2s9xv,redditrequest,post,1543866864,negative
a6tjyh,redditrequest,post,1544998845,neutral
a99ghd,redditrequest,post,1545690637,neutral
a7sbpn,runescape,post,1545265163,neutral
a30ewz,saskatoon,post,1543927985,positive
a3zimg,slavelabour,post,1544186563,neutral
a9cwtu,totallynotrobots,post,1545721313,neutral
ab1rtt,unpopularopinion,post,1546216766,negative
ab44x0,vinyl,post,1546234085,negative
a5l8t3,wow,post,1544641872,positive
a27rlm,AccidentalRenaissance,post,1543704858,negative
a1z1aw,AskReddit,post,1543631081,neutral
a3zoth,Browns,post,1544187991,negative
aa5iio,CasualConversation,post,1545960493,neutral
a4f19b,FantasyPL,post,1544306210,neutral
a59kfp,Gender_Critical,post,1544553536,negative
a6fs8f,KingdomHearts,post,1544885955,positive
a75col,KingdomHearts,post,1545089963,positive
a7gr96,KingdomHearts,post,1545176920,positive
a2l7e9,LivestreamFail,post,1543811856,negative
a3gd36,LivestreamFail,post,1544042579,neutral
a62pmi,LivestreamFail,post,1544772825,neutral
aagprn,LivestreamFail,post,1546047714,negative
a7u4ya,NarcissisticAbuse,post,1545278571,negative
aaaqoc,Negareddit,post,1546007282,positive
a71dj5,PrequelMemes,post,1545064739,negative
a9bh4o,SantasLittleHelpers,post,1545707686,positive
ab0zwg,Showerthoughts,post,1546211611,negative
a78bvk,Showerthoughts,post,1545112606,negative
a7gooh,The_Donald,post,1545176442,negative
a6ewub,TopMindsOfReddit,post,1544877628,negative
a8ltu4,Waxpen,post,1545494000,neutral
a4lxf5,WayOfTheBern,post,1544371054,neutral
aape88,europe,post,1546120093,negative
a2wz5b,gaybros,post,1543896448,negative
aax1y4,ireland,post,1546186127,neutral
a9ogsc,kindafunny,post,1545830002,neutral
a8m2ds,modhelp,post,1545495732,neutral
a9omyv,modhelp,post,1545831642,neutral
ab5bmr,modhelp,post,1546244752,neutral
ab6qsy,modhelp,post,1546259728,neutral
ab9pyp,modhelp,post,1546280664,neutral
a8w0fg,oculus,post,1545582920,negative
a8in00,raisedbynarcissists,post,1545460528,positive
a565pk,redditrequest,post,1544529277,neutral
a24jew,redditrequest,post,1543682853,neutral
a3rtkl,redditrequest,post,1544127484,neutral
a4rooc,runescape,post,1544410891,neutral
a7hlgh,sexover30,post,1545182753,positive
a6ralm,soccer,post,1544983840,negative
a1yijj,softwaregore,post,1543626939,negative
a6w8ud,tumblr,post,1545018883,neutral
aargyq,unpopularopinion,post,1546134369,negative
a59ckf,unpopularopinion,post,1544552143,negative
a2nk23,wholesomememes,post,1543833779,neutral
a8zfrc,AskReddit,post,1545607129,neutral
a8co9m,ChoosingBeggars,post,1545415880,neutral
a3qd3v,CryptoCurrency,post,1544119010,neutral
a4cmk6,DIY,post,1544290291,negative
aaevjd,FreeSpeech,post,1546034606,negative
a6l1jd,Ice_Poseidon,post,1544924497,neutral
a9poib,ImGoingToHellForThis,post,1545840002,neutral
a9rxam,JustCause,post,1545855317,neutral
a22u6j,LiverpoolFC,post,1543669225,neutral
a46n24,Maine,post,1544234931,positive
a38035,Parenting,post,1543978316,neutral
a38efg,SantasLittleHelpers,post,1543981170,positive
a9faw4,Showerthoughts,post,1545748796,neutral
a45mw9,Showerthoughts,post,1544227036,negative
a40z41,Warthunder,post,1544197098,positive
a6kq8v,Warthunder,post,1544921921,positive
a6sp20,WhitePeopleTwitter,post,1544993096,negative
a4xcow,apolloapp,post,1544460747,neutral
a68ni5,forhonorknights,post,1544820090,negative
a62yzk,investing,post,1544775513,negative
a5joa7,libertarianmeme,post,1544632115,neutral
a6ufy2,libertarianmeme,post,1545005274,negative
a4jjuy,Libertarian,post,1544345376,neutral
a92txu,MTB,post,1545635389,negative
ab9qn4,ModSupport,post,1546280781,negative
a5pwy8,Paramore,post,1544673694,neutral
ab5l1y,PewdiepieSubmissions,post,1546247595,neutral
ab7e1b,SUBREDDITNAME,post,1546265156,negative
ab3x8n,StarWarsBattlefront,post,1546232422,neutral
a7yzsv,TrueReddit,post,1545319826,negative
aan1vq,Warthunder,post,1546104648,negative
a6w3m1,bonehurtingjuice,post,1545017715,neutral
a3or5g,characterdrawing,post,1544109173,neutral
a2j796,dankmemes,post,1543797263,negative
a29w0c,fantasyfootball,post,1543721176,negative
a7e9ct,fantasyfootball,post,1545161041,negative
a992uh,fantasyfootball,post,1545687834,negative
ab8l40,funny,post,1546273601,neutral
a3yivb,malaysia,post,1544176696,positive
a8c2qj,memes,post,1545412398,neutral
a95b50,nashville,post,1545661026,negative
a5uvwn,personalfinance,post,1544717671,negative
aayouf,personalfinance,post,1546196848,neutral
ab7h1i,personalfinance,post,1546265807,negative
a64gjj,redditrequest,post,1544791113,neutral
a76opt,redditrequest,post,1545099581,neutral
a6tt61,redditrequest,post,1545000622,neutral
a6y28p,redditrequest,post,1545035833,neutral
a5cejh,redditrequest,post,1544571373,neutral
a3l8iw,redditrequest,post,1544076422,neutral
a718yo,redditrequest,post,1545063887,neutral
a758jv,redditrequest,post,1545089192,neutral
a8otvv,teenagers,post,1545515274,neutral
a6ebia,twinpeaks,post,1544870298,neutral
a5d0h9,youngjustice,post,1544575736,positive
a79uc4,AQW,post,1545127978,negative
a4l288,AskReddit,post,1544363099,neutral
a73ry8,AskReddit,post,1545079802,negative
a93g8g,AskReddit,post,1545642043,neutral
a3mj82,Assistance,post,1544089215,neutral
a6c5y0,DataHoarder,post,1544847030,neutral
a7in2e,DeepFriedMemes,post,1545190445,neutral
a7izr3,FACEITcom,post,1545193227,neutral
a90o2o,FRC,post,1545616712,negative
ab4s8e,FortNiteBR,post,1546239544,neutral
a43za6,Ice_Poseidon,post,1544216022,neutral
a48wjf,SCJerk,post,1544255821,negative
a7a8ik,Ubuntu,post,1545132255,negative
a7pv1q,bugs,post,1545249070,neutral
a95liy,dankmemes,post,1545663336,neutral
a9w77m,dankmemes,post,1545887492,negative
a626gv,dankmemes,post,1544767853,negative
aatmqp,dankmemes,post,1546152036,neutral
a7sc31,dankmemes,post,1545265239,neutral
a7laoa,dankmemes,post,1545215778,negative
a92vof,dankmemes,post,1545635855,negative
a6vuyo,dfsports,post,1545015893,positive
aanm03,eatsandwiches,post,1546108377,neutral
a87wf5,freefolk,post,1545380023,negative
a4xobf,howardstern,post,1544462770,neutral
a4i62g,listentothis,post,1544330776,neutral
a9iarc,loltyler1,post,1545771864,negative
a3gyno,meme,post,1544046277,negative
a3nq5e,memes,post,1544101605,negative
a44hfz,modhelp,post,1544219264,neutral
a8k4kc,redditrequest,post,1545477876,neutral
a2csjr,redditrequest,post,1543753213,neutral
a3b2o6,redditrequest,post,1544005339,neutral
a7t3fh,redditrequest,post,1545270605,neutral
a7w52s,redditrequest,post,1545297083,neutral
a8eptk,rollercoasters,post,1545428576,negative
a3v3l0,summonerswar,post,1544148013,negative
a6yua9,summonerswar,post,1545044263,neutral
a7yxwn,winnipegjets,post,1545319485,positive
a9jmmc,Bitcoin,post,1545782697,negative
a4hmef,Braincels,post,1544325875,neutral
a9w24a,Braincels,post,1545886319,negative
a9ta8x,Braincels,post,1545864941,positive
a3z0on,Brawlstars,post,1544181795,neutral
a6byus,Libertarian,post,1544845328,negative
a22pa5,Libertarian,post,1543667734,negative
a232gh,Libertarian,post,1543671419,negative
aaucib,Marvel,post,1546159515,neutral
a4xxrl,MensRights,post,1544464438,neutral
a30dx5,NintendoSwitch,post,1543927746,negative
a7rh6g,NintendoSwitch,post,1545259369,negative
abbit7,NintendoSwitch,post,1546292154,neutral
a73lc2,The_Donald,post,1545078639,neutral
a62qfx,TrueOffMyChest,post,1544773056,negative
a9lnut,WorldOfWarships,post,1545800317,neutral
a6my0f,antiMLM,post,1544941686,negative
aaxr3k,bertstrips,post,1546190787,neutral
a2ojuu,cocaine,post,1543843039,neutral
a2bxu4,conspiracy,post,1543742713,negative
a68qtu,conspiracy,post,1544820731,negative
a7i1o4,conspiracy,post,1545186044,neutral
a9jx4a,conspiracy,post,1545785098,negative
a9jz1n,conspiracy,post,1545785568,neutral
ab9ngv,conspiracy,post,1546280224,negative
abaipd,conspiracy,post,1546285590,negative
a383pu,dank_meme,post,1543979026,negative
a8a88l,dank_meme,post,1545400720,negative
a8qhm3,dank_meme,post,1545527682,negative
aa9fcy,dank_meme,post,1545995332,neutral
aaneqj,dankmemes,post,1546107043,negative
ab3nhw,dankmemes,post,1546230330,negative
aa53tn,dogs,post,1545957522,positive
a8si7v,facepalm,post,1545545959,negative
a6k97p,heroesofthestorm,post,1544918260,neutral
ab0d70,mac,post,1546207472,neutral
a6xvkz,natureismetal,post,1545033753,negative
a224jt,pics,post,1543661244,neutral
a3la9s,redditrequest,post,1544076827,neutral
a4z64k,redditrequest,post,1544472093,neutral
a6xo2f,redditrequest,post,1545031518,neutral
a9zapa,redditrequest,post,1545917995,neutral
a7iobr,redditrequest,post,1545190704,neutral
a80osv,snackexchange,post,1545329601,positive
a5hxjo,snapchat,post,1544619662,neutral
a9vgq4,teenagers,post,1545881298,positive
a9sq3j,teenagers,post,1545860838,neutral
a9eik5,worldofpvp,post,1545740598,negative
a3fdcg,AskReddit,post,1544036530,positive
a72m01,EscapefromTarkov,post,1545072536,negative
a50bxj,Fitness,post,1544479395,negative
a6xhlk,FortNiteBR,post,1545029792,negative
a6v2pf,FortNiteBR,post,1545009863,negative
a7lq7a,FortNiteBR,post,1545220217,negative
a7lvd4,FortNiteBR,post,1545221559,negative
a40lta,LeagueOfMeta,post,1544194570,negative
a40pma,LeagueOfMeta,post,1544195303,negative
a3o6rl,Logic_301,post,1544105121,neutral
a45on9,MkeBucks,post,1544227422,neutral
a52xy0,MkeBucks,post,1544498018,negative
a6vgzv,RPGdesign,post,1545012907,positive
a3l1yp,Random_Acts_Of_Pizza,post,1544074883,neutral
a3m399,Random_Acts_Of_Pizza,post,1544084504,positive
a2rzyp,Rateme,post,1543865216,negative
a3t05g,SCJerk,post,1544134383,neutral
a2cgrw,Steam,post,1543749304,neutral
a2ckuo,Steam,post,1543750693,negative
a2uryu,SubredditDrama,post,1543881249,neutral
a5293m,Swingers,post,1544492944,neutral
a4ry95,UCalgary,post,1544412977,neutral
a73bnj,UCalgary,post,1545076958,neutral
a4usv7,answers,post,1544440559,neutral
a7qycs,aspergirls,post,1545255965,neutral
a847jl,boardgames,post,1545350286,neutral
a3tgfl,brockhampton,post,1544137080,neutral
a46ett,dank_meme,post,1544233076,neutral
a4bv7r,dankmemes,post,1544285036,negative
a8tyin,dankmemes,post,1545563917,neutral
a7lhvz,dankmemes,post,1545217923,neutral
aar9me,fresno,post,1546132897,negative
a9yf8e,gonewild,post,1545909537,positive
aad1gs,ireland,post,1546022857,neutral
aadm5y,ireland,post,1546026506,neutral
a3xpxg,linux,post,1544168006,neutral
a6epkl,memes,post,1544875255,neutral
a6au98,pinkfloyd,post,1544835885,neutral
a41w0l,redditrequest,post,1544202813,neutral
a4s5xg,redditrequest,post,1544414640,neutral
a4kwbt,redditrequest,post,1544361452,neutral
a7b4wo,redditrequest,post,1545140369,neutral
a35lrc,redditrequest,post,1543961994,neutral
a94wc5,redditrequest,post,1545657406,neutral
a2k4au,salty,post,1543803832,neutral
a7gdkq,sugarlifestyleforum,post,1545174326,neutral
aa77mn,teenagers,post,1545973621,negative
a483ts,BethesdaSoftworks,post,1544247756,negative
a96e2p,CHIBears,post,1545669233,neutral
a500vv,Clemson,post,1544477425,neutral
a2uzog,CryptoCurrencies,post,1543882651,neutral
a8by6d,DebateAnAtheist,post,1545411667,negative
a3iz84,Ice_Poseidon,post,1544059276,negative
a4ljdv,Jaguars,post,1544367757,neutral
a4x5c3,Libertarian,post,1544459427,neutral
a2bd8g,Libertarian,post,1543735505,neutral
a39zdt,Libertarian,post,1543993959,neutral
aame02,Overwatch_Memes,post,1546099987,neutral
a5lo13,PS4,post,1544644557,neutral
a2jm3a,RocketLeagueExchange,post,1543800179,positive
a6v1g2,SantasLittleHelpers,post,1545009610,positive
a9wnub,Showerthoughts,post,1545891447,neutral
a53tzw,TheDickShow,post,1544505049,negative
a5kkkr,TopMindsOfReddit,post,1544637744,neutral
a7frb6,TwoBestFriendsPlay,post,1545170380,neutral
a2paun,Warframe,post,1543848609,negative
a8umn2,WayOfTheBern,post,1545571540,negative
aat6yz,assholedesign,post,1546148111,negative
a6qnkc,chelseafc,post,1544979769,positive
a6a0m2,cincinnati,post,1544829528,neutral
a1zx0k,dadjokes,post,1543638511,positive
a4hv0x,dankmemes,post,1544328001,negative
a595wi,dankmemes,post,1544551051,neutral
aa7dna,findareddit,post,1545975027,neutral
a5fvl3,gaming,post,1544598648,neutral
a3c2z7,gonewild,post,1544014873,neutral
a3c33w,gonewild,post,1544014900,neutral
a3c39r,gonewild,post,1544014933,neutral
a3c6el,gonewild,post,1544015652,neutral
a3c8hl,gonewild,post,1544016137,neutral
a2qie2,gonewild,post,1543856375,neutral
a2522k,leagueoflegends,post,1543686339,negative
a9oekh,memes,post,1545829444,neutral
a64ue9,normalnudes,post,1544794345,negative
a3cilm,notinteresting,post,1544018363,negative
a3cy2v,pyrocynical,post,1544021462,negative
a44fcm,redditrequest,post,1544218892,neutral
a510tu,redditrequest,post,1544484024,neutral
a8qqp4,teenagers,post,1545529819,neutral
a8r6k6,teenagers,post,1545533485,neutral
a6arix,tressless,post,1544835285,neutral
a73yo6,woooosh,post,1545080952,neutral
aa13lh,ADHD,post,1545931335,neutral
a5coh1,ChapoTrapHouse,post,1544573376,neutral
a2efxm,Comcast_Xfinity,post,1543767185,neutral
a8rzvi,DunderMifflin,post,1545540899,negative
a9f6wf,Elite_Dangerous,post,1545747719,negative
a9koo6,Epilepsy,post,1545791793,neutral
aa34dw,FalloutMods,post,1545944157,neutral
a4oxlj,FortNiteBR,post,1544390609,neutral
ababx2,JordanPeterson,post,1546284403,neutral
abagto,JusticeServed,post,1546285271,negative
a7bgj9,MapleStory2,post,1545142900,negative
a96kw6,Memes_Of_The_Dank,post,1545670527,negative
a3f4eq,Scams,post,1544034986,negative
a5d83p,ShadowBanned,post,1544577241,negative
a5znvg,ShitPoliticsSays,post,1544748207,negative
a2kmdq,Showerthoughts,post,1543807417,neutral
a6r6v3,asktrp,post,1544983199,neutral
a6dquj,brockhampton,post,1544863080,negative
aa3oss,btc,post,1545947865,negative
a4vity,copypasta,post,1544447412,negative
a4lukr,dankmemes,post,1544370420,neutral
a55so0,dankmemes,post,1544525384,neutral
a249uj,dankmemes,post,1543680995,neutral
a24xq2,dankmemes,post,1543685521,neutral
a4c1vv,darkjokes,post,1544286314,neutral
a94s5k,exmuslim,post,1545656380,negative
abc4iu,funny,post,1546296146,negative
a265nz,gaming,post,1543693819,negative
a99ci4,investing,post,1545689798,neutral
a5cwn4,madlads,post,1544574982,neutral
a7ubth,marijuanaenthusiasts,post,1545280090,negative
a530hu,nukedmemes,post,1544498536,negative
a5jqx7,portugal,post,1544632582,negative
a6hp8q,reddevils,post,1544899876,negative
a6g3yv,redditrequest,post,1544888586,neutral
a5uz9q,redditrequest,post,1544718261,neutral
a92zzs,redditrequest,post,1545637058,neutral
a2x2yg,redditrequest,post,1543897233,neutral
a59hpg,snackexchange,post,1544553058,neutral
a5iy5x,tf2,post,1544627359,negative
a855kq,travisscott,post,1545357174,negative
a5qeg2,utdallas,post,1544677463,neutral
a7wcnh,warmane,post,1545299345,negative
a5ebky,wow,post,1544585419,positive
a2os1z,ASU,post,1543844841,negative
aacmap,AskOuija,post,1546020192,negative
a28ngs,Browns,post,1543711261,neutral
ab9oz3,CrappyDesign,post,1546280491,neutral
a5x8dj,DestinyTheGame,post,1544732378,negative
a38qwi,DunderMifflin,post,1543983816,neutral
a7kquw,EarthPorn,post,1545209862,negative
a7l59o,EarthPorn,post,1545214159,neutral
a9wwgj,EarthPorn,post,1545893635,negative
ab0nq7,Emo,post,1546209375,positive
a65qn2,HistoryMemes,post,1544801223,neutral
a24tkl,Libertarian,post,1543684728,negative
a5m33h,MaliciousCompliance,post,1544647206,negative
a6ts24,Memes_Of_The_Dank,post,1545000390,neutral
a4d80j,MensLib,post,1544294296,neutral
a5adao,MensRights,post,1544558487,negative
a2luhc,ShitLiberalsSay,post,1543816986,negative
a3640f,ShitLiberalsSay,post,1543965214,negative
aavh8g,SuddenlyGay,post,1546172557,neutral
a347vn,The_Donald,post,1543953487,negative
aamygn,Untappd,post,1546104003,negative
a3ta6y,Warframe,post,1544136016,neutral
a4nu1c,Yogscast,post,1544383665,negative
a9c8ng,admincraft,post,1545714686,neutral
a702ce,changemyview,post,1545055383,neutral
a509gn,classicalmusic,post,1544478941,neutral
a458o4,dankmemes,post,1544224197,neutral
aaamn2,dankmemes,post,1546006380,negative
a7ie2d,dankmemes,post,1545188548,neutral
a8tdqg,evilbuildings,post,1545556528,neutral
a5imgv,evilbuildings,post,1544625064,negative
a9bfq2,memes,post,1545707319,negative
a8g21c,mildlyinfuriating,post,1545438186,negative
a38j8a,modhelp,post,1543982148,neutral
a3dqdf,notinteresting,post,1544026613,neutral
a4x706,redditrequest,post,1544459734,neutral
ab0vfu,redditrequest,post,1546210787,neutral
aa4g8l,restofthefuckingowl,post,1545952985,negative
a7uhej,rutgers,post,1545281388,negative
a8hlpj,short,post,1545450899,neutral
a4tn1q,tabletopsimulator,post,1544427811,positive
a5qtn0,typewriters,post,1544681123,neutral
a9z6pj,yiff,post,1545916959,negative
a50h38,AboveandBeyond,post,1544480339,positive
aa02gu,BlackPeopleTwitter,post,1545924257,neutral
a53xq3,Christianity,post,1544505972,neutral
a3s2aq,DestinyTheGame,post,1544128940,neutral
a3t1or,EscapefromTarkov,post,1544134618,neutral
a36cu3,FortNiteBR,post,1543966844,negative
a32ivv,FortNiteBR,post,1543942932,negative
a6spbg,HistoryMemes,post,1544993140,negative
a7in0z,HistoryMemes,post,1545190438,negative
a6vq5b,Ice_Poseidon,post,1545014863,negative
a8dsr3,Ice_Poseidon,post,1545422473,negative
a8omul,Ice_Poseidon,post,1545513872,neutral
a509sj,LoveNikki,post,1544478997,neutral
a6161c,Metal,post,1544759492,neutral
a6kcsn,ModSupport,post,1544918988,negative
a5ce6t,NoStupidQuestions,post,1544571304,neutral
a3l3h5,NoStupidQuestions,post,1544075239,negative
a3gfao,PS4,post,1544042957,neutral
a8hmk1,PS4,post,1545451115,neutral
aabebw,PS4,post,1546012167,negative
a7vf0g,PrequelMemes,post,1545289543,negative
a9m81n,SantasLittleHelpers,post,1545805300,positive
a6sb8n,The_Donald,post,1544990607,neutral
a68wd9,TopMindsOfReddit,post,1544821767,negative
a7ckuv,Wellthatsucks,post,1545150582,neutral
a9yike,Wellthatsucks,post,1545910529,negative
aa6ha5,Wellthatsucks,post,1545967848,negative
a5u1mj,Wishlist,post,1544711991,neutral
a6ub1x,conspiracy,post,1545004248,negative
a2xj56,dankmemes,post,1543900506,neutral
a5gti3,dankmemes,post,1544608707,negative
a8vupu,firstworldanarchists,post,1545581754,neutral
a93qy0,flyfishing,post,1545645407,neutral
a7h8gm,happy,post,1545180211,negative
a7j0kk,help,post,1545193422,negative
a42t0e,iamverysmart,post,1544208549,positive
a5jecz,ireland,post,1544630397,negative
a79nfm,mildlypenis,post,1545125998,positive
a1z02b,modhelp,post,1543630799,neutral
a8ob00,modhelp,post,1545511589,neutral
a6a0zo,quityourbullshit,post,1544829604,negative
a92md2,reddevils,post,1545633437,neutral
aaf7nt,redditrequest,post,1546036892,neutral
a3wgdh,redditrequest,post,1544157528,neutral
a8elvt,redditrequest,post,1545427824,neutral
a3rwga,redditrequest,post,1544127965,neutral
a6dl3q,redditrequest,post,1544861180,neutral
a8mf11,redditrequest,post,1545498251,neutral
a8jnv4,runescape,post,1545472376,negative
a6rxuq,self,post,1544988175,negative
a2axyu,teenagers,post,1543730889,negative
ab3xyz,unpopularopinion,post,1546232561,negative
a6cnep,Animemes,post,1544851396,neutral
a2thgc,AskReddit,post,1543873819,neutral
a6zd5k,Braincels,post,1545049422,negative
a409r8,Browns,post,1544192239,neutral
a4if97,Browns,post,1544333211,negative
a76bgc,Browns,post,1545096924,neutral
a9pm3r,Browns,post,1545839522,positive
aarddg,Drama,post,1546133645,negative
a8u4m0,Esperanto,post,1545566026,negative
a3n7pp,FortNiteBR,post,1544096255,negative
a7r9jg,GamerGhazi,post,1545257968,neutral
a9ttb4,Ice_Poseidon,post,1545868797,negative
a2e0a6,Kappa,post,1543763976,negative
a91kln,PewdiepieSubmissions,post,1545624254,negative
a78p7q,PrequelMemes,post,1545115954,negative
aa0vfy,RightwingLGBT,post,1545929874,negative
aa8cv1,SeattleWA,post,1545983899,neutral
a7q16c,Steam,post,1545250152,negative
a9qcqa,Steam,post,1545844713,neutral
a46j35,The_Donald,post,1544234045,positive
a8yfmq,User_Simulator,post,1545599731,negative
a2vew6,Warframe,post,1543885605,neutral
a9yfmq,berserklejerk,post,1545909662,negative
a5mzy5,boottoobig,post,1544652949,neutral
a3y1yb,dankmemes,post,1544171598,negative
a72vsd,dankmemes,post,1545074216,neutral
ab5ozg,dankmemes,post,1546248839,negative
aafwrn,explainlikeimfive,post,1546041738,negative
a2f0l4,fakehistoryporn,post,1543770920,neutral
a2db9d,fantanoforever,post,1543758432,negative
a7f97g,giantbomb,post,1545167268,neutral
ab7vux,gonenatural,post,1546268934,positive
aafg16,ideasfortheadmins,post,1546038470,neutral
aae135,jailbreak,post,1546029128,neutral
a3fyg6,mildlyinfuriating,post,1544040093,neutral
a8k9jx,nba,post,1545479527,neutral
a4xzs0,needamod,post,1544464790,neutral
a2dr49,redditrequest,post,1543761996,neutral
a4e9of,redditrequest,post,1544301153,neutral
a3muv1,redditrequest,post,1544092675,neutral
a7tjsx,virtualreality,post,1545274029,neutral
a34fet,wallstreetbets,post,1543954759,neutral
a86vsi,Aleague,post,1545371078,neutral
a6f3m1,Animemes,post,1544879568,neutral
aa50me,AntiTrumpAlliance,post,1545956881,neutral
a802cj,AskHistorians,post,1545326047,neutral
a7fql8,AskMen,post,1545170248,positive
a8wrfi,AskReddit,post,1545588014,negative
a8gcv6,AskReddit,post,1545440550,negative
a8gfmf,AskReddit,post,1545441148,negative
a43dw0,Fallout,post,1544212232,negative
a3l8te,FlashTV,post,1544076485,neutral
a9eawu,FortNiteBR,post,1545737980,neutral
a5d2zc,Gamingcirclejerk,post,1544576225,neutral
a655f9,Ice_Poseidon,post,1544796798,negative
a6lrxa,Ice_Poseidon,post,1544930548,neutral
a92f3z,IndianEnts,post,1545631580,neutral
ab3xxd,JordanPeterson,post,1546232552,neutral
a20u0h,Libertarian,post,1543646720,positive
a754zq,MW2,post,1545088500,neutral
a61zrl,PewdiepieSubmissions,post,1544766250,negative
a5ol4f,PrequelMemes,post,1544663998,neutral
a6huw2,Showerthoughts,post,1544900981,negative
a4yu4a,The_Donald,post,1544469974,negative
a5hs01,Yogscast,post,1544618305,negative
a2vd60,actuallesbians,post,1543885275,positive
a3yi4s,coaxedintoasnafu,post,1544176478,negative
a2etb1,copypasta,post,1543769648,negative
a2rzxe,cringepics,post,1543865208,neutral
aakfjr,dankmemes,post,1546081720,negative
a7dfnv,dankmemes,post,1545155925,negative
a6xlv2,dankmemes,post,1545030909,negative
a1ysll,depression,post,1543629191,neutral
a8yuh3,facepalm,post,1545602712,negative
a6h813,hamptonbrandon,post,1544896581,neutral
aav9eo,hamptonbrandon,post,1546170116,negative
a88ank,iamverysmart,post,1545384007,negative
a6600c,ideasfortheadmins,post,1544802893,negative
abb8sl,itookapicture,post,1546290276,negative
a5tgzb,lego,post,1544707525,neutral
aazcxw,lgbt,post,1546201071,negative
a8mo1v,marvelstudios,post,1545500022,neutral
a5aksl,playrust,post,1544559727,neutral
a62lm0,pyrocynical,post,1544771728,negative
a795dl,rant,post,1545120538,negative
a72b0w,redditrequest,post,1545070619,neutral
a8wsbn,redditrequest,post,1545588178,neutral
a7lbni,redditrequest,post,1545216089,neutral
a2h02n,self,post,1543783051,negative
a7wi24,selfharm,post,1545300899,neutral
a9dnnm,soccer,post,1545730101,negative
a8d0vu,2007scape,post,1545417895,neutral
a3k4nj,BannedFrom4chan,post,1544067546,negative
aau1zw,Catloaf,post,1546156234,negative
a3n2dq,CryptoCurrency,post,1544094785,negative
a3svpi,DarkNetMarketsNoobs,post,1544133694,negative
a25wj9,Fallout,post,1543692053,negative
a2bpcl,Fallout,post,1543739727,negative
a3toaa,Fallout,post,1544138445,negative
a5o4h1,Fallout,post,1544660613,neutral
a931or,Fallout,post,1545637549,neutral
ab3kzg,Fallout,post,1546229787,neutral
a4tpcd,Ice_Poseidon,post,1544428500,negative
a2ai4i,Ice_Poseidon,post,1543726678,negative
a8kg1j,IdiotsInCars,post,1545481592,negative
a20fwm,Libertarian,post,1543642994,neutral
a217vu,Libertarian,post,1543650794,negative
a976lh,LucidDreaming,post,1545674630,neutral
a3m75o,NewTubers,post,1544085656,positive
a3kog5,Pmsforsale,post,1544071794,neutral
a57qlq,RocketLeague,post,1544542005,neutral
a456ym,SCJerk,post,1544223880,neutral
a7xngc,ShitLiberalsSay,post,1545310578,negative
a7w3fe,Stellaris,post,1545296596,neutral
a912zi,TopMindsOfReddit,post,1545620173,negative
aa471h,Vent,post,1545951236,negative
a5zbtp,Winnipeg,post,1544745912,negative
a5zg1p,canes,post,1544746704,neutral
a4hhw9,chicagobulls,post,1544324840,neutral
a5idkm,copypasta,post,1544623286,neutral
a604lq,dankmemes,post,1544751615,negative
a2vk9y,dankmemes,post,1543886626,negative
a4f40k,dankmemes,post,1544306706,neutral
a8rrgm,darkjokes,post,1545538680,neutral
a8kqgs,eroticauthors,post,1545484529,neutral
a915r9,gamegrumps,post,1545620778,negative
a90rd8,memes,post,1545617447,negative
a6gici,modpiracy,post,1544891579,neutral
a5uu3f,notinteresting,post,1544717343,neutral
a7gbnf,pinkfloyd,post,1545173982,neutral
a7gqnt,reddeadredemption,post,1545176809,negative
a4uwpg,redditrequest,post,1544441644,neutral
a2kulp,redditrequest,post,1543809095,neutral
a8by5j,soccer,post,1545411664,neutral
a9cb9d,soccer,post,1545715356,neutral
a86x57,starterpacks,post,1545371399,negative
a7nyb6,todayilearned,post,1545237045,negative
aa6b4y,youseeingthisshit,post,1545966523,negative
a29jdv,2007scape,post,1543718245,negative
a7fw6d,4chan,post,1545171219,negative
a89j3v,AVoid5,post,1545395454,neutral
a9wlp8,AskOuija,post,1545890936,negative
a97anc,CFB,post,1545675369,positive
a2qovz,CollegeBasketball,post,1543857454,neutral
a63nvp,DBZDokkanBattle,post,1544783022,neutral
a7tq81,Destiny,post,1545275351,neutral
a71oqt,EscapefromTarkov,post,1545066731,negative
a457cz,FreeKarma4U,post,1544223953,neutral
aag6q6,GenderCritical,post,1546043746,neutral
a3i0mr,GlobalOffensive,post,1544052860,positive
a9dhpi,HistoryPorn,post,1545728044,neutral
a3q3t8,Ice_Poseidon,post,1544117458,negative
a72c9d,Kappa,post,1545070835,negative
a25sat,Libertarian,post,1543691250,negative
aanfds,Mavericks,post,1546107179,negative
a5avcu,NewOrleans,post,1544561591,neutral
a362xh,PinkOmega,post,1543965025,negative
a9lh47,Piracy,post,1545798730,neutral
a5f8r9,Stims,post,1544592873,negative
a4z77d,TheWaterLew,post,1544472282,neutral
aauxvt,The_Donald,post,1546166409,neutral
a3pwsi,Warframe,post,1544116284,negative
a4gpsx,dankmemes,post,1544318580,neutral
a59n6z,dankmemes,post,1544554002,neutral
a59nkb,dankmemes,post,1544554068,negative
a8prql,dankmemes,post,1545522157,negative
aa9yna,dankmemes,post,1546000601,neutral
a6hazy,dankmemes,post,1544897132,negative
a4fzak,facepalm,post,1544312959,negative
a8x0ec,fantasybball,post,1545589747,neutral
abc3ob,funny,post,1546295983,negative
a9pv40,gatekeeping,post,1545841323,negative
a6we7i,hockey,post,1545020098,negative
a6wibt,hockey,post,1545021069,negative
a6wjtt,hockey,post,1545021420,negative
a6wndv,hockey,post,1545022237,negative
a1ylup,nfl,post,1543627665,negative
a9cwzx,razorbacks,post,1545721359,positive
a3jviy,redditrequest,post,1544065677,neutral
a3ibhb,redditrequest,post,1544054815,neutral
a5hwxh,redditrequest,post,1544619512,neutral
a9t9au,redditrequest,post,1545864748,neutral
a9vi6y,singedmains,post,1545881615,neutral
a4nu7n,thatHappened,post,1544383700,negative
a4p7bg,thebachelor,post,1544392460,neutral
a76mzv,unpopularopinion,post,1545099221,negative
a8dvdj,wallstreetbets,post,1545422896,neutral
a3ph7x,worldpolitics,post,1544113745,negative
a5tyw4,2007scape,post,1544711437,neutral
a35fex,6thForm,post,1543960900,negative
a79grr,AskReddit,post,1545124018,negative
a4sr8w,AutoModerator,post,1544419559,neutral
a5bvjd,AutoModerator,post,1544567988,neutral
a9jzgv,Bitcoin,post,1545785664,negative
a6ao0m,Brawlstars,post,1544834536,neutral
a7nrui,DunderMifflin,post,1545235877,positive
a9p8ig,EscapefromTarkov,post,1545836681,negative
a2jhz3,FortNiteBR,post,1543799346,negative
a6pcso,HistoryMemes,post,1544970268,neutral
a7jnce,IASIP,post,1545198830,negative
a8ch34,IdeasForAskreddit,post,1545414716,neutral
a5o7j4,KotakuInAction,post,1544661214,negative
aa6y9w,NASCAR,post,1545971497,neutral
a75qkg,NeverBeGameOver,post,1545092670,negative
a5owzt,NoStupidQuestions,post,1544666461,neutral
a2nmyx,Warframe,post,1543834630,negative
a6nxjp,WatchRedditDie,post,1544954009,negative
aa3li1,actuallesbians,post,1545947251,neutral
a98d3u,amishadowbanned,post,1545682671,neutral
a95jtw,breakingmom,post,1545662960,neutral
a26h31,btc,post,1543696016,neutral
a7d854,bulletjournal,post,1545154620,positive
a8rdpr,evilbuildings,post,1545535232,negative
a4uflp,ireland,post,1544436525,negative
a2l1ds,madlads,post,1543810533,negative
aapfzl,memes,post,1546120420,negative
a8fria,nightvale,post,1545436000,negative
a3qtjo,raisedbynarcissists,post,1544121660,negative
a70xfu,redditrequest,post,1545061768,neutral
a5v5ez,redditrequest,post,1544719374,negative
a3am8w,redditrequest,post,1544000526,neutral
aacdyj,redditrequest,post,1546018718,neutral
ab9u2h,redditrequest,post,1546281364,neutral
a3dw6k,unpopularopinion,post,1544027599,neutral
aa42gn,2007scape,post,1545950395,neutral
aaoy1m,AntiAntiJokes,post,1546117128,negative
a7dt5u,AskTrumpSupporters,post,1545158226,neutral
a8l8nl,AtlantaHawks,post,1545489314,neutral
a8umiu,EndlessWar,post,1545571508,negative
a351hp,FellowKids,post,1543958542,neutral
a5nyoa,HistoryMemes,post,1544659490,neutral
a97w2m,HunterXHunter,post,1545679397,negative
a97xi2,HunterXHunter,post,1545679681,negative
a5or9e,Ice_Poseidon,post,1544665280,neutral
a450h2,IndianCountry,post,1544222699,neutral
a27zov,Libertarian,post,1543706421,neutral
a8i7s2,LoveNikki,post,1545456439,neutral
a9anzi,Monitors,post,1545700301,neutral
a6js27,Overwatch,post,1544914638,negative
a9wcyx,PennStateUniversity,post,1545888849,neutral
a7c7gr,PewdiepieSubmissions,post,1545148180,negative
a3gsd8,Vent,post,1544045202,negative
a6f4yy,customhearthstone,post,1544879953,neutral
a2jo7o,diablo3,post,1543800603,negative
a7dubd,grandorder,post,1545158426,positive
a4et8u,guineapigs,post,1544304722,neutral
a4eqai,leagueoflegends,post,1544304184,negative
a3zlj3,marvelstudios,post,1544187272,positive
a6wfyr,nfl,post,1545020514,neutral
a1ypzg,nfl,post,1543628585,positive
a2wm0s,redditrequest,post,1543893844,neutral
aagyr3,redditrequest,post,1546049656,neutral
a4xdkv,redditrequest,post,1544460911,neutral
a5curk,redditrequest,post,1544574613,neutral
a9o84c,redditrequest,post,1545827658,neutral
a7pogn,redditrequest,post,1545247915,neutral
a5w3wy,redditrequest,post,1544725416,neutral
a71nas,redditrequest,post,1545066465,neutral
a7l4i1,redditrequest,post,1545213939,neutral
a9y795,redditrequest,post,1545907197,neutral
a736j9,slowcooking,post,1545076064,neutral
a3tpiq,sugarlifestyleforum,post,1544138671,neutral
aa5kxr,suns,post,1545961010,neutral
a9ki0c,theratio,post,1545790163,neutral
a6n4hb,tylerthecreator,post,1544943699,neutral
a9p4hc,virgin,post,1545835818,negative
a5ijb0,washingtondc,post,1544624419,negative
a2032o,Braincels,post,1543640030,negative
a41z95,Braincels,post,1544203375,neutral
a4bb0q,Braincels,post,1544280831,negative
a4ervq,Braincels,post,1544304473,neutral
a51ucx,Braincels,post,1544489854,negative
a7cxdx,Braincels,post,1545152775,neutral
a7fdpb,Braincels,post,1545168024,negative
a7gsii,Braincels,post,1545177154,neutral
a7i7y2,Braincels,post,1545187314,negative
a7nngb,Braincels,post,1545235086,negative
a8tbry,Braincels,post,1545555813,negative
aauo69,Braincels,post,1546163245,negative
ab7e9b,Braincels,post,1546265204,negative
a6utag,Browns,post,1545007946,neutral
ab1g5x,ChapoTrapHouse,post,1546214641,neutral
a25hug,Fallout,post,1543689303,negative
a9dt2o,FortNiteBR,post,1545731963,negative
a51n8y,GreenBayPackers,post,1544488372,neutral
a6rx5s,Ice_Poseidon,post,1544988050,neutral
a4q92w,Libertarian,post,1544399907,negative
a4i6s1,Libertarian,post,1544330977,neutral
a8goo7,Lisk,post,1545443197,negative
a5ng4z,MaddenUltimateTeam,post,1544655894,negative
a2e9w3,PKA,post,1543766006,neutral
a9uy3r,TankPorn,post,1545877273,negative
a5cd9d,TheGoodPlace,post,1544571127,neutral
a4ptr9,Warthunder,post,1544396753,neutral
aa2kdc,assholedesign,post,1545940562,positive
a50a7b,astrophysics,post,1544479080,negative
aaeytu,aww,post,1546035226,negative
a9sbge,coldshowers,post,1545857925,negative
a4kvre,dankmemes,post,1544361295,negative
a4netr,dankmemes,post,1544380964,neutral
a4njht,dankmemes,post,1544381813,neutral
a6nc14,iamverybadass,post,1544946227,negative
a9wkbp,jesuschristreddit,post,1545890603,negative
a9zn0j,madlads,post,1545920876,neutral
a5o4lc,newreddits,post,1544660640,positive
a7qjow,nfl,post,1545253354,negative
aagm9z,niceguys,post,1546046955,negative
a7nxxd,redditrequest,post,1545236976,neutral
a85bc7,redditrequest,post,1545358411,neutral
a5ll39,redditrequest,post,1544644017,neutral
a4pppe,thefighterandthekid,post,1544395948,neutral
a34vm1,thewalkingdead,post,1543957540,neutral
a9mhav,woooosh,post,1545807877,neutral
a53135,Animemes,post,1544498664,neutral
a53214,Animemes,post,1544498858,negative
aalucz,Animemes,post,1546095754,negative
a6andy,ApplyingToCollege,post,1544834400,neutral
a9b2sr,AskReddit,post,1545704041,neutral
a8e9xa,AskReddit,post,1545425586,negative
ab8qqn,BeautyGuruChatter,post,1546274622,positive
aaqpir,Brawlstars,post,1546128981,negative
a78lkr,Calgary,post,1545115018,neutral
a71t7n,Eugene,post,1545067525,negative
a30nku,FortNiteBR,post,1543930008,neutral
a5ehzo,FortNiteBR,post,1544586780,neutral
a6svm5,GreenBayPackers,post,1544994277,negative
a50sqp,Iowa,post,1544482516,negative
a50tjt,Iowa,post,1544482663,negative
a50tuk,Iowa,post,1544482720,negative
a4zunl,Libertarian,post,1544476323,negative
a9yz34,PewdiepieSubmissions,post,1545915017,neutral
a2f77b,Saints,post,1543772088,neutral
a9s9il,Scams,post,1545857567,neutral
a7aej6,ShadowBan,post,1545133976,neutral
a2v4eu,Tinder,post,1543883567,negative
aavch1,iamverybadass,post,1546171117,negative
a6n6zk,magicthecirclejerking,post,1544944524,negative
aakxmk,memes,post,1546087373,neutral
a9ddgm,modelmakers,post,1545726577,positive
a5cseq,modhelp,post,1544574139,neutral
aahlzm,modhelp,post,1546054692,neutral
a79y5o,reactiongifs,post,1545129089,negative
ab0hjo,reddevils,post,1546208260,neutral
a3ywcj,redditrequest,post,1544180577,neutral
a4yoyu,redditrequest,post,1544469086,neutral
a75axm,sewing,post,1545089630,negative
a9p3cw,stopdrinking,post,1545835557,positive
a5kfa6,ttcafterloss,post,1544636811,neutral
a4bc9o,ufc,post,1544281117,neutral
abagfh,whatisthisthing,post,1546285193,negative
a9qmnh,2007scape,post,1545846635,negative
a9566g,AskReddit,post,1545659884,neutral
a548go,Bitcoin,post,1544508631,negative
a4nx8k,BreadStapledToTrees,post,1544384231,negative
a9exs4,Chattanooga,post,1545745262,positive
a3gidj,Christianity,post,1544043482,neutral
a2uezq,DecidingToBeBetter,post,1543878999,negative
a390of,DippingTobacco,post,1543985946,neutral
a3hp7u,GlobalOffensive,post,1544050881,neutral
a3i4f6,GlobalOffensive,post,1544053543,neutral
a3jrga,GlobalOffensive,post,1544064852,neutral
a3s8je,GlobalOffensive,post,1544129980,positive
a478pg,GlobalOffensive,post,1544240068,neutral
a4stni,GlobalOffensive,post,1544420110,neutral
a68wmq,GlobalOffensive,post,1544821818,negative
a68zta,GlobalOffensive,post,1544822419,negative
aalssd,GlobalOffensive,post,1546095400,neutral
a5c1rw,Ice_Poseidon,post,1544569014,negative
a6lwpn,Ice_Poseidon,post,1544931694,negative
a2fx2e,LeagueOfMeta,post,1543776512,negative
a3i04g,PenmanshipPorn,post,1544052772,neutral
a4y2xf,PenmanshipPorn,post,1544465318,neutral
a7motp,PrequelMemes,post,1545228362,neutral
a3il9d,Showerthoughts,post,1544056582,negative
a5mhr0,Swingers,post,1544649772,neutral
aasg9p,The_Donald,post,1546142026,negative
a537gk,bangtan,post,1544500002,positive
a8s7b1,copypasta,post,1545542916,negative
a2nqs9,dankchristianmemes,post,1543835663,neutral
a43bb9,dankmemes,post,1544211781,negative
a6pu7x,gaming,post,1544974241,negative
a6en64,ireland,post,1544874394,neutral
a4rvq1,jailbreak,post,1544412428,positive
a3yy1u,raisedbynarcissists,post,1544181053,neutral
a3u2wu,redditrequest,post,1544141088,neutral
a9z8k2,redditrequest,post,1545917442,neutral
a9khkr,redditrequest,post,1545790055,neutral
a231rf,redditrequest,post,1543671229,negative
a6fg4o,sciencefiction,post,1544882953,negative
a9hdji,soccer,post,1545764851,neutral
a4o0vk,unpopularopinion,post,1544384870,negative
a9vh2v,unpopularopinion,post,1545881372,negative
a1y3ry,2007scape,post,1543623723,negative
a5a4vf,ABCDesis,post,1544557026,neutral
a68bow,AskReddit,post,1544817889,neutral
a30iat,AskReddit,post,1543928776,negative
a8j26d,Braincels,post,1545465221,negative
a390zd,ClashOfClans,post,1543986010,neutral
a9mrvx,ClashOfClans,post,1545811102,neutral
a9sajo,ClashOfClans,post,1545857751,negative
ab3xab,Cornell,post,1546232430,neutral
a5j414,CrazyIdeas,post,1544628483,neutral
a5o6x4,DDLC,post,1544661102,neutral
a8msr6,DDLC,post,1545500963,neutral
a9doqa,DDLC,post,1545730479,negative
a9f0kx,DDLC,post,1545746055,negative
a5exud,DankMemesFromSite19,post,1544590380,neutral
a71hmp,FortNiteBR,post,1545065465,negative
a65u7n,NoStupidQuestions,post,1544801805,neutral
a9o3jj,Showerthoughts,post,1545826349,neutral
a59s9y,SouthParkPhone,post,1544554879,negative
a2t2jx,TopMindsOfReddit,post,1543871526,neutral
a385ug,TopMindsOfReddit,post,1543979427,negative
a8w6ww,TopMindsOfReddit,post,1545584196,negative
a96xon,TopMindsOfReddit,post,1545672948,negative
a9kn7p,TopMindsOfReddit,post,1545791466,negative
a3217o,aspergers,post,1543939847,neutral
abc57b,bonehurtingjuice,post,1546296272,neutral
a53k0q,dankmemes,post,1544502731,negative
a8iipd,dankmemes,post,1545459282,neutral
a7i65j,funkopop,post,1545186938,neutral
abcmni,funny,post,1546299370,neutral
a6sqtx,hearthstone,post,1544993411,neutral
a4w9hg,magicthecirclejerking,post,1544453337,neutral
a4oxga,memes,post,1544390584,neutral
a23x27,mylittlepony,post,1543678424,neutral
a2izu2,nfl,post,1543795855,neutral
a9fxxd,raimimemes,post,1545754204,neutral
aa84in,redditrequest,post,1545981563,neutral
a8vr7m,redditrequest,post,1545581068,neutral
a26ms9,redditrequest,post,1543697112,neutral
a6njvs,redditrequest,post,1544948980,neutral
a7e1vs,redditrequest,post,1545159770,neutral
ab1u6h,roblox,post,1546217200,negative
a2blty,vexillology,post,1543738480,negative
a9f8rq,ABCDesis,post,1545748229,negative
aajrw8,Animemes,post,1546074394,neutral
aan8p9,Animemes,post,1546105956,negative
a9fud9,AskWomen,post,1545753421,neutral
aa4oxw,AyyMD,post,1545954635,positive
a6lsl5,BabyBumps,post,1544930706,neutral
a5mxyx,CFB,post,1544652595,negative
ab3w2g,ChapoTrapHouse,post,1546232169,neutral
aaf5zn,Darts,post,1546036583,neutral
ab8g2i,Ebay,post,1546272716,negative
ab9npi,FortNiteBR,post,1546280264,negative
ab9r7o,FortNiteBR,post,1546280880,negative
a7gg41,FortNiteBR,post,1545174794,negative
ab6veg,KingdomHearts,post,1546260857,positive
a902ve,Mavericks,post,1545612025,negative
a5xvjt,NoStupidQuestions,post,1544736376,neutral
aaozrn,OldSchoolCool,post,1546117419,neutral
a2gs09,OutOfTheLoop,post,1543781718,neutral
a2azmm,Outlander,post,1543731351,neutral
a2azok,Outlander,post,1543731365,positive
a4i4zq,Outlander,post,1544330485,neutral
a4i52a,Outlander,post,1544330506,positive
a8rwkq,Outlander,post,1545540036,positive
aasq0m,Outlander,post,1546144215,neutral
aasq4w,Outlander,post,1546144239,positive
a66wny,PoppyTea,post,1544808750,negative
a5wnfy,RobinHood,post,1544728804,negative
a57pir,SantasLittleHelpers,post,1544541799,positive
a2q14t,ShitAmericansSay,post,1543853372,negative
a5hngg,TheGoodPlace,post,1544617194,neutral
a3218x,WatchRedditDie,post,1543939855,negative
a6vpku,WhitePeopleTwitter,post,1545014749,negative
a3yrin,comics,post,1544179182,neutral
a290xg,dankmemes,post,1543714052,negative
a3bi6s,dankmemes,post,1544009753,negative
a6x4n8,dankmemes,post,1545026475,negative
a3tgsw,dayz,post,1544137144,neutral
abcgef,funny,post,1546298278,negative
ab8hj3,gonenatural,post,1546272968,negative
a8m5eu,hearthstone,post,1545496344,neutral
ab1da5,help,post,1546214081,neutral
a5l62j,ireland,post,1544641419,neutral
a41ggy,marvelstudios,post,1544200153,positive
a2jq5a,memes,post,1543800977,neutral
aazk6v,memes,post,1546202376,neutral
a5xqdg,metacanada,post,1544735475,negative
a1yr3t,nfl,post,1543628827,neutral
a1ygc2,redditrequest,post,1543626461,neutral
a62y6f,redditrequest,post,1544775282,neutral
a35t97,redditrequest,post,1543963320,neutral
a7ank1,redditrequest,post,1545136287,neutral
a5mp33,redditrequest,post,1544651063,neutral
a3vmzd,redditrequest,post,1544151756,neutral
a36jky,redditrequest,post,1543968132,neutral
a76z8v,tesdcares,post,1545101728,negative
a7j3l8,therewasanattempt,post,1545194089,negative
a68me7,unpopularopinion,post,1544819874,negative
a98fwj,xboxone,post,1545683234,negative
ab8qf1,AskOuija,post,1546274563,neutral
a2segp,AutoModerator,post,1543867619,neutral
a8ttar,FreeKarma4U,post,1545562032,neutral
a27x07,Libertarian,post,1543705884,neutral
aac91u,PrequelMemes,post,1546017834,neutral
a9kc6n,Wordpress,post,1545788759,neutral
aarp70,adventuretime,post,1546136098,positive
a3bay1,confession,post,1544007771,neutral
a9lbz9,confession,post,1545797463,negative
aah6e1,confession,post,1546051288,negative
a3k1na,dankmemes,post,1544066927,neutral
a4g6xy,dankmemes,post,1544314578,neutral
a669iq,dankmemes,post,1544804604,neutral
ab21dr,hearthstone,post,1546218568,negative
a7lpn5,ireland,post,1545220061,neutral
a5aqop,islam,post,1544560778,negative
a8jaeb,lastfm,post,1545467864,neutral
a3v206,latterdaysaints,post,1544147716,positive
a58o33,memes,post,1544547970,negative
a6psoq,mildlyinfuriating,post,1544973926,neutral
a5rb5z,reddeadredemption,post,1544685614,negative
a5q1tu,redditrequest,post,1544674689,neutral
a5cgte,unpopularopinion,post,1544571822,negative
a5psdq,2007scape,post,1544672761,positive
a2nqia,2007scape,post,1543835588,neutral
a238g5,AskOuija,post,1543672900,neutral
a3ga1u,AskReddit,post,1544042042,negative
a2tj8x,DeepFriedMemes,post,1543874087,negative
a7otzd,FortNiteBR,post,1545242605,neutral
a3ncm9,FortNiteBR,post,1544097544,neutral
a7sq1a,Ice_Poseidon,post,1545268016,negative
ab053q,KansasCityChiefs,post,1546206056,neutral
aa827i,Liberal,post,1545980981,neutral
a83psa,MaddenUltimateTeam,post,1545347224,neutral
a3if1z,NUFC,post,1544055442,negative
aabdj7,OnePiece,post,1546012009,neutral
a6ij0m,RelayForReddit,post,1544905693,neutral
a9lbfj,RoastMe,post,1545797331,neutral
a3403t,UnethicalLifeProTips,post,1543952162,negative
a8kjf2,coloringcorruptions,post,1545482588,neutral
a20b2m,dankmemes,post,1543641826,neutral
a8uuwc,dankmemes,post,1545573720,negative
a8x0fj,dankmemes,post,1545589757,negative
a2anec,dankmemes,post,1543728011,neutral
a3eyhr,facepalm,post,1544033978,negative
a5xa6h,geopolitics,post,1544732703,negative
aaclmf,granturismo,post,1546020080,negative
a53sz0,india,post,1544504811,negative
a5rqv5,memes,post,1544690243,neutral
a23jrv,memes,post,1543675526,neutral
a8jcaw,mildlyinteresting,post,1545468478,negative
a9qu2j,nba,post,1545847995,negative
ab448x,phish,post,1546233932,negative
a2diug,rawdenim,post,1543760156,neutral
a6x7yv,redditrequest,post,1545027285,neutral
a77o5k,redditrequest,post,1545107072,neutral
a2l7nl,redditrequest,post,1543811912,neutral
a20tyx,redditrequest,post,1543646711,neutral
a7ichd,redditrequest,post,1545188232,neutral
a579we,redditrequest,post,1544538704,neutral
aalb2i,teenagers,post,1546091037,neutral
a5pns8,wallstreetbets,post,1544671934,neutral
a4wy1x,women,post,1544458097,neutral
a2jwzf,Braincels,post,1543802369,negative
a7ty46,Calgary,post,1545277081,negative
a9bo2s,ComedyCemetery,post,1545709411,negative
a659bc,Drizzy,post,1544797639,negative
a50m9l,LGBTeens,post,1544481293,negative
a9jrp6,PS4,post,1545783825,negative
a95fiq,Retconned,post,1545662045,neutral
a7cdxw,TokyoGhoul,post,1545149320,neutral
a6d819,Tulpas,post,1544857066,neutral
a9apg8,amiibo,post,1545700652,negative
a503s1,armoredwomen,post,1544477919,negative
a9svdx,bugs,post,1545861875,neutral
a90mkt,dankmemes,post,1545616383,negative
aa63d8,dankmemes,post,1545964928,negative
a3u493,dankmemes,post,1544141339,negative
a98udv,dankmemes,post,1545686114,negative
aagltr,dragonballfighterz,post,1546046856,neutral
a96ebs,gatekeeping,post,1545669280,negative
ab82qw,hearthstonecirclejerk,post,1546270278,negative
aapwfc,memes,post,1546123506,negative
a2a2ts,opieandanthony,post,1543722856,positive
a8hsg5,opieandanthony,post,1545452558,neutral
aa6pw9,opieandanthony,post,1545969679,negative
a799yu,redditrequest,post,1545121951,neutral
a2z1t7,redditrequest,post,1543914418,neutral
a32wor,redditrequest,post,1543945285,neutral
a8wwmu,redditrequest,post,1545588988,neutral
a75zu1,rutgers,post,1545094614,neutral
a8y7vp,socialanxiety,post,1545598236,neutral
a4nyax,thatHappened,post,1544384415,negative
ab1t5c,unpopularopinion,post,1546216999,negative
a7g6f9,unpopularopinion,post,1545172994,negative
a7bn5t,AnthemTheGame,post,1545144287,positive
a9qnre,AsianLadyboners,post,1545846843,negative
a3j7aw,CFL,post,1544060863,neutral
a7zuhc,ChapoTrapHouse,post,1545324846,negative
ab9vtq,ChapoTrapHouse,post,1546281654,negative
ab9yyf,ChapoTrapHouse,post,1546282177,neutral
aagcch,EscapefromTarkov,post,1546044882,neutral
a5tvs1,FortNiteBR,post,1544710793,neutral
a2kc10,GenderCritical,post,1543805366,negative
aagn8f,Harmontown,post,1546047154,negative
a5pnye,HistoryMemes,post,1544671961,neutral
a6u4mg,Ice_Poseidon,post,1545002940,neutral
a6uaa0,Ice_Poseidon,post,1545004082,negative
a4stir,Ice_Poseidon,post,1544420082,neutral
a6wgm3,KingdomHearts,post,1545020657,neutral
abamco,Kings_Raid,post,1546286233,neutral
aao1ao,MGTOW,post,1546111125,positive
aanwmy,NoStupidQuestions,post,1546110270,negative
a62qbj,ScottishFootball,post,1544773026,positive
a3vxzj,TEFL,post,1544153900,positive
a2kexk,bostonr4r,post,1543805947,neutral
a40mfj,classicwow,post,1544194689,negative
a4eoyk,classicwow,post,1544303940,neutral
a6enbp,classicwow,post,1544874453,negative
a6epoq,classicwow,post,1544875288,neutral
a2lbgb,dankmemes,post,1543812738,neutral
a36z3s,exmormon,post,1543971046,negative
a82tbs,grandorder,post,1545341909,neutral
a4rmxv,hearthstone,post,1544410533,negative
a4rskv,hearthstone,post,1544411725,negative
a95ytc,mildlyinfuriating,post,1545666177,negative
aaplkg,movingtojapan,post,1546121455,negative
a90g03,nba,post,1545614935,neutral
a27bcy,notinteresting,post,1543701711,negative
a55bvi,pcgaming,post,1544520296,neutral
a8imjh,redditrequest,post,1545460393,neutral
aaiwfh,redditrequest,post,1546065372,neutral
a9cdur,redditrequest,post,1545716051,neutral
a4zcv3,redditrequest,post,1544473242,neutral
a3enk7,redditrequest,post,1544032146,neutral
aag1x4,shittysuperpowers,post,1546042738,neutral
a469by,torontoraptors,post,1544231833,neutral
a5gq1u,tressless,post,1544607658,neutral
a91xr9,unpopularopinion,post,1545627377,negative
a8y7tq,worldpolitics,post,1545598225,negative
aba8vk,ABoringDystopia,post,1546283867,negative
a3f396,AVoid5,post,1544034796,negative
a6jc5d,Animemes,post,1544911300,positive
a48aa9,AskOuija,post,1544249430,neutral
ab9pqk,AutoModerator,post,1546280624,neutral
a4zqjv,Braincels,post,1544475612,negative
a21alq,COsnow,post,1543651648,neutral
aaz7hp,DeepFriedMemes,post,1546200132,negative
a7k5xh,EliteDangerous,post,1545203669,neutral
aa5tow,EliteDangerous,post,1545962872,neutral
a61vik,FortNiteBR,post,1544765207,neutral
a65i25,HistoryMemes,post,1544799472,neutral
a2ad09,Kaiserreich,post,1543725374,negative
a6bvrd,Libertarian,post,1544844595,negative
a8prjw,MURICA,post,1545522119,negative
a9eduk,MapsWithoutNZ,post,1545738981,neutral
aaeoi7,ModSupport,post,1546033308,neutral
ab1rzv,PewdiepieSubmissions,post,1546216795,neutral
a6j6i7,RoastMe,post,1544910170,neutral
a2mixd,SandersForPresident,post,1543823090,negative
a4r0ru,The_Donald,post,1544405782,neutral
aa0v0p,TooAfraidToAsk,post,1545929788,neutral
a7ot3s,Vent,post,1545242461,negative
a6pfna,Vermintide,post,1544970987,neutral
a4pexw,angry,post,1544393873,negative
a3m80p,arcticmonkeys,post,1544085929,neutral
a98hgt,bih,post,1545683552,negative
a7dfe5,dankmemes,post,1545155878,negative
a8tjht,denvernuggets,post,1545558604,positive
a2av9c,fragrance,post,1543730147,negative
a4109o,gaming,post,1544197317,negative
a7xe02,help,post,1545308498,neutral
a73evb,hockey,post,1545077514,neutral
a2ft2p,memes,post,1543775830,neutral
a7857z,overlord,post,1545110975,neutral
a7s1yb,raimimemes,post,1545263278,neutral
a2yubg,rant,post,1543912171,negative
a7wb15,reddeadredemption,post,1545298863,negative
aapec5,redditrequest,post,1546120114,neutral
aad4qy,redditrequest,post,1546023446,neutral
a7t6ei,runescape,post,1545271213,positive
a38d98,secretsanta,post,1543980921,neutral
a356sw,stopdrinking,post,1543959460,neutral
a65e5k,teenagers,post,1544798657,negative
a2wqfv,BenignExistence,post,1543894716,neutral
a307nq,BethesdaSoftworks,post,1543926238,negative
a6b35a,CrazyIdeas,post,1544837916,neutral
a1zke0,DDLC,post,1543635449,neutral
a2zsof,FortNiteBR,post,1543922276,positive
a2wqny,Frugal_Jerk,post,1543894762,neutral
a323l1,HalfLife,post,1543940286,negative
a6ljrl,HistoryMemes,post,1544928666,neutral
a48332,Ice_Poseidon,post,1544247564,positive
a2e37z,Kappa,post,1543764612,neutral
a2e64w,Kappa,post,1543765239,neutral
a6tcea,MLBTheShow,post,1544997414,negative
ab0scf,MaddenUltimateTeam,post,1546210203,negative
a6khjw,MensRants,post,1544919988,neutral
a8b7yw,SantasLittleHelpers,post,1545407250,neutral
a2pie6,Warframe,post,1543849980,neutral
a32qbs,changemyview,post,1543944197,negative
a5otmi,comicbooks,post,1544665775,neutral
a7aocs,dankmemes,post,1545136485,neutral
ab2g9u,dankmemes,post,1546221442,neutral
a2hzzf,detroitlions,post,1543789121,neutral
aa4s7d,help,post,1545955265,negative
a2c8t1,im14andthisisdeep,post,1543746485,negative
a9wb4f,jesuschristreddit,post,1545888406,negative
a9wg7o,jesuschristreddit,post,1545889619,negative
aayjq4,madlads,post,1546195953,neutral
aa0y8v,morbidquestions,post,1545930360,neutral
a6weo1,nfl,post,1545020212,negative
a66jca,pakistan,post,1544806362,neutral
aaxs5u,playstation,post,1546190979,neutral
a57kbo,redditrequest,post,1544540823,neutral
a6xr9r,redditrequest,post,1545032460,neutral
a9kdmc,redditrequest,post,1545789105,neutral
a9kg83,redditrequest,post,1545789727,neutral
a4955y,teenagers,post,1544258577,negative
a8yz2u,thedonald,post,1545603642,neutral
aay2ld,thedonald,post,1546192873,neutral
a91e9k,trashy,post,1545622785,negative
ab3pm2,unpopularopinion,post,1546230770,negative
a1yg2v,wow,post,1543626411,positive
a7ka95,zelda,post,1545204868,negative
aa3oak,2healthbars,post,1545947772,negative
a6k57w,AskMen,post,1544917377,neutral
a6u6j2,Braincels,post,1545003312,neutral
a87vu9,CFB,post,1545379851,neutral
a9m4t1,CODZombies,post,1545804447,neutral
a7k1mt,Competitiveoverwatch,post,1545202573,negative
a4d32b,Drugs,post,1544293388,negative
a668sp,Drugs,post,1544804472,neutral
a3jkhj,FashionReps,post,1544063494,neutral
aakmn1,Mavericks,post,1546083981,positive
ab0el3,MtvChallenge,post,1546207732,neutral
aaf8kc,MurderedByWords,post,1546037058,neutral
a3v5mq,NoStupidQuestions,post,1544148394,neutral
a5algz,NoStupidQuestions,post,1544559845,neutral
a640yu,SkincareAddictionUK,post,1544786950,positive
a5rlbo,SuicideWatch,post,1544688527,negative
a3b4ra,The_Donald,post,1544005973,positive
a9t0im,ToolBand,post,1545862933,negative
a5djxs,TrollXChromosomes,post,1544579647,negative
a9dyv6,Wellthatsucks,post,1545733895,negative
a3oz9c,airsoft,post,1544110655,neutral
a74zsi,bostonceltics,post,1545087537,negative
a6e4nd,conspiracy,post,1544867908,negative
a8yskk,dankmemes,post,1545602351,neutral
a3fpd1,dankmemes,post,1544038572,negative
a2xsln,dankmemes,post,1543902372,neutral
a41n4p,dankmemes,post,1544201312,neutral
a2hzam,dankmemes,post,1543789000,negative
a2iu1v,dankmemes,post,1543794723,negative
a2s3wr,exmormon,post,1543865863,neutral
a4efhw,leagueoflegends,post,1544302279,negative
ab6uf5,lotro,post,1546260620,negative
a3z7oh,mildlyinfuriating,post,1544183773,negative
aat865,nba,post,1546148398,neutral
a8ka3v,nba,post,1545479719,neutral
a99va3,reddeadredemption,post,1545693844,negative
a5y9yb,redditrequest,post,1544738885,neutral
a4mz0v,redditrequest,post,1544378155,neutral
a2fh79,redditrequest,post,1543773777,neutral
a92gpr,redditrequest,post,1545631985,neutral
a7bq73,redditrequest,post,1545144899,neutral
aaq3yf,shittyama,post,1546124911,neutral
a4xxcn,space,post,1544464365,neutral
a32a58,startups,post,1543941424,neutral
a92jz1,unpopularopinion,post,1545632834,negative
aaf9h5,wallstreetbets,post,1546037215,neutral
ab4b23,AdmiralBulldog,post,1546235423,neutral
a99zst,Animemes,post,1545694828,neutral
a3dnat,BannedFromThe_Donald,post,1544026091,negative
aauq71,Browns,post,1546163939,positive
a2f1ru,CasualConversation,post,1543771130,positive
a316yi,CasualConversation,post,1543934130,neutral
a8qq0c,ChapoTrapHouse,post,1545529662,negative
aajfcb,ComedyCemetery,post,1546070527,negative
ab0c2u,DoesAnybodyElse,post,1546207282,negative
a5d8aq,Embroidery,post,1544577278,neutral
a4ipsx,FORTnITE,post,1544336102,negative
ab511u,FortNiteBR,post,1546241848,negative
a68fwi,HistoryMemes,post,1544818653,positive
a6xqzw,Ice_Poseidon,post,1545032380,negative
a6xrfy,Ice_Poseidon,post,1545032506,negative
a6xs1b,Ice_Poseidon,post,1545032675,negative
a2kl55,Ice_Poseidon,post,1543807156,negative
a72ibb,Juve,post,1545071898,neutral
a9pr82,Juve,post,1545840529,negative
ab4s5y,Memes_Of_The_Dank,post,1546239528,negative
a40hxp,ModSupport,post,1544193837,neutral
a4ja7o,PartneredYoutube,post,1544342083,neutral
a2l7bl,RightwingLGBT,post,1543811838,negative
aahem9,ShadowBanned,post,1546053066,neutral
aa2iyr,Showerthoughts,post,1545940322,negative
a3frh6,TopMindsOfReddit,post,1544038944,negative
a2fou9,apolloapp,post,1543775092,neutral
a6ssxz,canada,post,1544993806,neutral
a9d6bb,copypasta,post,1545724265,neutral
a9zpot,csgo,post,1545921492,neutral
a91b72,dankmemes,post,1545622089,positive
a5111y,dankmemes,post,1544484069,neutral
a2z0zc,dankmemes,post,1543914160,positive
a3i7j7,dankmemes,post,1544054102,negative
a3iavg,dankmemes,post,1544054700,negative
a8gtj8,dankmemes,post,1545444309,neutral
a91n1p,eu4,post,1545624819,negative
abcn25,funny,post,1546299440,neutral
a5loe2,funny,post,1544644625,neutral
a2sgda,golang,post,1543867933,neutral
a7y82o,investing,post,1545314681,neutral
a7c9ro,redditrequest,post,1545148599,neutral
a6x9s1,redditrequest,post,1545027736,neutral
a2x0xw,redditrequest,post,1543896813,neutral
a7dq19,redditrequest,post,1545157687,neutral
a2w8n3,screenshots,post,1543891297,negative
a4z2x9,teenagers,post,1544471536,negative
a8x5td,titlegore,post,1545590806,negative
a8nrgn,trashy,post,1545507729,neutral
a62ry6,Battlefield,post,1544773495,neutral
a5y4mo,Comcast_Xfinity,post,1544737945,neutral
a6dt5t,Conservative,post,1544863897,neutral
aamofl,DDLC,post,1546102086,neutral
a2p1pn,DnD,post,1543846815,neutral
aa41yi,EngineeringStudents,post,1545950301,neutral
a6mnij,FortNiteBR,post,1544938650,negative
a68i7o,LabourUK,post,1544819100,negative
a6n032,MapleStory2,post,1544942304,neutral
a9x6b4,NASCAR,post,1545896184,neutral
a3usic,PvZGardenWarfare,post,1544145856,positive
a5vzwz,SantasLittleHelpers,post,1544724703,positive
a9t0s4,Showerthoughts,post,1545862987,neutral
a9t27n,Showerthoughts,post,1545863302,neutral
a81xve,The_Donald,post,1545336888,neutral
a66qxt,UrbanHell,post,1544807721,neutral
a6u2ii,UrbanHell,post,1545002484,negative
a3qx5k,blackmagicfuckery,post,1544122245,negative
a3mcy1,boottoobig,post,1544087388,negative
a77kr2,boottoobig,post,1545106350,neutral
a77ksp,boottoobig,post,1545106359,neutral
a77kxr,boottoobig,post,1545106390,neutral
a85qj5,boottoobig,post,1545361736,negative
a9cuhb,boottoobig,post,1545720634,negative
a9mtqu,boottoobig,post,1545811694,neutral
a9hwpf,coaxedintoasnafu,post,1545768856,neutral
a2az7f,copypasta,post,1543731216,neutral
aav2dz,dankmemes,post,1546167895,negative
a7i3jn,dankmemes,post,1545186418,neutral
a70ejn,dankmemes,post,1545057997,neutral
a254q1,hydro,post,1543686869,neutral
a7tzpb,madlads,post,1545277425,negative
a9bimh,mildlyinteresting,post,1545708063,negative
a9i5fs,nothingeverhappens,post,1545770712,neutral
a6ff89,onewordeach,post,1544882734,negative
a70blg,onewordeach,post,1545057381,neutral
a5y170,personalfinance,post,1544737360,neutral
a7ov2k,raisedbyborderlines,post,1545242792,positive
a326d0,reactiongifs,post,1543940771,negative
a71i0z,reactiongifs,post,1545065541,negative
a7zt6a,reactiongifs,post,1545324644,neutral
a29nzm,reddeadredemption,post,1543719288,neutral
a3w67c,techsupport,post,1544155524,negative
a9teyj,unpopularopinion,post,1545865899,negative
a8s4iw,2007scape,post,1545542128,negative
a5uxnr,Animemes,post,1544717975,neutral
aaqe93,AskReddit,post,1546126870,neutral
a9a9qm,AskReddit,post,1545697004,positive
a73v85,BethesdaSoftworks,post,1545080381,negative
a3tujt,CK2GameOfthrones,post,1544139568,neutral
a65lze,CruciblePlaybook,post,1544800223,neutral
a21txq,EnoughTrumpSpam,post,1543657933,negative
a6puen,FantasyPL,post,1544974281,negative
a4nx1j,Ice_Poseidon,post,1544384195,negative
a6lw2g,Ice_Poseidon,post,1544931532,negative
a7vot2,Ice_Poseidon,post,1545292156,neutral
a7xz50,JUSTNOMIL,post,1545312900,negative
a1ykim,Jokes,post,1543627372,neutral
a2b1kb,Jokes,post,1543731910,negative
a3nfwl,Jokes,post,1544098790,neutral
a700uo,Jokes,post,1545055068,neutral
aa7phz,Jokes,post,1545977832,negative
aaussh,Jokes,post,1546164761,neutral
a4gp95,KingdomHearts,post,1544318456,neutral
a4inkm,Libertarian,post,1544335489,negative
a5ogzm,MaddenUltimateTeam,post,1544663137,negative
a896sy,MakeNewFriendsHere,post,1545392477,negative
aaud1o,MarchForNetNeutrality,post,1546159685,negative
a9vg62,MechanicalKeyboards,post,1545881182,neutral
a7s2eg,SCP,post,1545263367,neutral
a6rquv,TwoBestFriendsPlay,post,1544986900,positive
a7i5s5,comiccon,post,1545186866,negative
a2p08a,dankmemes,post,1543846508,neutral
a2cdh4,depression,post,1543748193,neutral
a68nnv,hockeyjerseys,post,1544820125,neutral
a65ikc,ketchuphate,post,1544799582,neutral
a9rk32,labrador,post,1545852866,negative
a31ssn,lego,post,1543938337,negative
a2nfcy,opieandanthony,post,1543832401,negative
a5frfo,opieandanthony,post,1544597559,negative
aax3oi,opieandanthony,post,1546186435,negative
aa8ssw,reddevils,post,1545988657,neutral
aa3o3f,redditrequest,post,1545947732,neutral
a9sg8w,redditrequest,post,1545858836,neutral
a3448k,redditrequest,post,1543952850,neutral
a3rgu8,redditrequest,post,1544125439,neutral
a6h28v,redditrequest,post,1544895465,neutral
a7c99g,runescape,post,1545148510,neutral
a7cexx,runescape,post,1545149506,neutral
a7d3n5,runescape,post,1545153845,neutral
a4fvzl,selfie,post,1544312238,positive
a22qdj,stopdrinking,post,1543668077,positive
a31svl,totalwar,post,1543938350,neutral
a5n9e7,totalwar,post,1544654678,negative
a8vvaf,totalwar,post,1545581870,neutral
a8cq0u,trees,post,1545416152,negative
a9p7r0,unpopularopinion,post,1545836519,negative
a744x0,unpopularopinion,post,1545082014,negative
abactp,wallstreetbets,post,1546284560,neutral
a4ivek,AskReddit,post,1544337612,neutral
a2enbm,AskWomen,post,1543768574,neutral
a4hujb,Braves,post,1544327876,negative
a4idmn,BravoRealHousewives,post,1544332773,negative
a71b68,Catholicism,post,1545064297,neutral
a740vw,Catholicism,post,1545081318,positive
a8eo2y,DunderMifflin,post,1545428236,negative
a8y3np,Guildwars2,post,1545597395,neutral
a4ptsm,JUSTNOMIL,post,1544396761,neutral
a8stk3,Kikpals,post,1545549404,neutral
a296p2,Kirby,post,1543715309,neutral
a2oyol,NBAForums,post,1543846194,neutral
a6xxnr,NatureIsFuckingLit,post,1545034360,negative
a1z79t,Nerf,post,1543632423,negative
a2f2yj,NoStupidQuestions,post,1543771339,neutral
a7mgxo,ShitLiberalsSay,post,1545226619,negative
a5xkc1,The_Donald,post,1544734448,negative
a4rwx4,antiMLM,post,1544412675,negative
a5a19r,askgaybros,post,1544556407,neutral
a387rf,dank_meme,post,1543979821,negative
a4nem8,dank_meme,post,1544380923,neutral
a58dx9,dankmemes,post,1544546221,negative
aadztl,dankmemes,post,1546028908,positive
abccx0,funny,post,1546297670,neutral
a9wirc,ideasfortheadmins,post,1545890226,negative
a9uv8d,lgbt,post,1545876659,neutral
a991l1,memes,post,1545687572,neutral
a2pc6d,oculusnsfw,post,1543848838,negative
a7z1pn,opensource,post,1545320157,neutral
aal92r,rage,post,1546090516,negative
a5dvfw,rant,post,1544582045,negative
a89f52,redditrequest,post,1545394515,neutral
a8fyt1,redditrequest,post,1545437530,neutral
a8t94d,redditrequest,post,1545554839,neutral
a8bt1n,redditrequest,post,1545410822,neutral
aapyht,redditrequest,post,1546123882,neutral
a44lxh,stopdrinking,post,1544220077,neutral
a7s778,swtor,post,1545264322,neutral
a8v68s,teenagers,post,1545576481,neutral
a3t4y3,walkingwarrobots,post,1544135159,negative
a8io12,AbandonedPorn,post,1545460824,negative
a5l4wa,AskSocialScience,post,1544641236,negative
a9u57z,Christianity,post,1545871205,neutral
a3x3tw,DeathStranding,post,1544162535,positive
a9wbmj,DebateAChristian,post,1545888526,neutral
a24rm2,FemdomCommunity,post,1543684374,positive
a63pgs,FortNiteBR,post,1544783511,neutral
a4avqw,FortNiteBR,post,1544277364,negative
a3qtd0,FrankOcean,post,1544121630,neutral
a2ck91,Nerf,post,1543750486,negative
aa1ugm,PS4Planetside2,post,1545936064,neutral
a9ofvs,PSVR,post,1545829778,positive
a2ak8b,PandR,post,1543727189,neutral
a5uoqs,SantasLittleHelpers,post,1544716388,positive
a5utfi,SantasLittleHelpers,post,1544717223,positive
a4zhfi,bostonceltics,post,1544474036,positive
a4ncxy,dankmemes,post,1544380636,neutral
a2ds1z,dankmemes,post,1543762221,neutral
a985tk,dankmemes,post,1545681293,neutral
a8boeu,dankmemes,post,1545410052,negative
a3mw3k,dankmemes,post,1544093002,neutral
a31sd9,darkestdungeon,post,1543938264,neutral
a6olis,darkjokes,post,1544962486,negative
a3ejxe,forsen,post,1544031546,negative
a68zdb,politics,post,1544822335,negative
a9g7eg,politics,post,1545756253,negative
a5tlwm,redditmobile,post,1544708648,neutral
abca0q,redditrequest,post,1546297172,neutral
ab22th,redditrequest,post,1546218839,neutral
aau0gz,redditrequest,post,1546155760,neutral
aau2fq,redditrequest,post,1546156360,neutral
a65jna,redditrequest,post,1544799773,neutral
ab4r7d,redditrequest,post,1546239293,neutral
a9gdow,soccer,post,1545757568,negative
a6iqua,softwaregore,post,1544907163,neutral
a9x15m,toosoon,post,1545894809,negative
a98mx5,unpopularopinion,post,1545684633,negative
a59wdc,watercooling,post,1544555582,negative
a8ztcn,youtube,post,1545610001,neutral
a89rna,AskMen,post,1545397382,negative
aa8jhm,AskReddit,post,1545985858,negative
aa8joe,AskReddit,post,1545985906,negative
a2ilz6,AskReddit,post,1543793202,neutral
a2lswd,AskReddit,post,1543816641,neutral
a468zb,AskReddit,post,1544231758,neutral
ab09a2,Birmingham,post,1546206791,neutral
a24ig4,BleachBraveSouls,post,1543682686,neutral
a6a3v0,BleachBraveSouls,post,1544830206,neutral
a4i87m,Braincels,post,1544331355,negative
abc2ye,ChapoTrapHouse,post,1546295845,negative
a9zcsz,CringeAnarchy,post,1545918505,negative
a79nsn,DotA2,post,1545126115,neutral
a68gng,GERD,post,1544818792,neutral
a6pwz8,HistoryMemes,post,1544974775,neutral
aaaree,Memes_Of_The_Dank,post,1546007446,negative
a37etf,ModSupport,post,1543974130,neutral
ab39p4,Physics,post,1546227428,negative
a6x2rg,TwoBestFriendsPlay,post,1545025990,neutral
a285gc,Xiaomi,post,1543707575,negative
a326tv,braceface,post,1543940839,neutral
a6xs32,dankmemes,post,1545032693,neutral
a76trw,dankmemes,post,1545100603,neutral
a1zlxb,evilbuildings,post,1543635835,negative
aa5yo2,festivals,post,1545963928,neutral
a9spde,fireemblem,post,1545860700,negative
a4ih0y,formula1,post,1544333693,neutral
a4fk1g,itsaunixsystem,post,1544309837,negative
a7u6to,madlads,post,1545278968,negative
a98bp0,memes,post,1545682407,negative
a30jsu,needamod,post,1543929120,neutral
a6kuml,needamod,post,1544922873,neutral
a7ypd6,redditrequest,post,1545317994,neutral
a9kmno,redditrequest,post,1545791309,neutral
a6m44h,relationship_advice,post,1544933545,neutral
a8791n,saskatoon,post,1545374066,positive
a899qe,secretsanta,post,1545393213,neutral
a9d5u7,soccer,post,1545724114,negative
a5elyn,streetwear,post,1544587630,neutral
aayf8p,teenagers,post,1546195144,neutral
a3h3rd,2007scape,post,1544047149,neutral
a600o8,Animemes,post,1544750823,positive
a8e6uo,AskReddit,post,1545425018,neutral
a2gcf7,AskReddit,post,1543779079,neutral
a3hy1f,Brawlhalla,post,1544052407,neutral
a8acbj,Breath_of_the_Wild,post,1545401497,neutral
a4x3j1,CasualUK,post,1544459086,neutral
a9036c,ChapoTrapHouse,post,1545612092,negative
a7g068,CollegeBasketball,post,1545171900,neutral
a8g9yw,Defcon,post,1545439899,neutral
a377ou,Firearms,post,1543972723,negative
aau33h,FortNiteBR,post,1546156562,negative
a650ij,FortNiteBR,post,1544795756,positive
a650vq,FortNiteBR,post,1544795835,positive
a5dxso,HistoryMemes,post,1544582530,neutral
a6fz07,HistoryMemes,post,1544887479,neutral
a6s586,HistoryMemes,post,1544989525,neutral
a6se0r,HistoryMemes,post,1544991111,neutral
a5p1px,Ice_Poseidon,post,1544667400,neutral
a2y7sy,Ice_Poseidon,post,1543906018,negative
a26bah,Libertarian,post,1543694887,negative
abb632,LiverpoolFC,post,1546289791,negative
abb696,LiverpoolFC,post,1546289828,negative
abc1ty,LiverpoolFC,post,1546295648,negative
abc41q,LiverpoolFC,post,1546296054,negative
a6kyxe,MouseReview,post,1544923871,neutral
a7jnny,MouseReview,post,1545198906,neutral
a5f3cr,PrequelMemes,post,1544591643,neutral
aaly56,RedditCensors,post,1546096597,negative
a9ptzq,Showerthoughts,post,1545841089,neutral
aaoexc,dankmemes,post,1546113628,neutral
a3gbdm,dankmemes,post,1544042275,neutral
aba9m4,dankmemes,post,1546284001,negative
a7o2tv,dankmemes,post,1545237859,negative
aaz8ya,darksouls,post,1546200381,negative
abbxb6,funny,post,1546294837,neutral
a3qv7z,leagueoflegends,post,1544121929,negative
a2i0gn,magicthecirclejerking,post,1543789204,negative
a35thu,marvelstudios,post,1543963362,neutral
aa1rls,mildlyinfuriating,post,1545935556,negative
aa2gzc,mildlyinfuriating,post,1545939952,neutral
a5dc4l,reddeadredemption,post,1544578060,neutral
a5p20o,reddeadredemption,post,1544667466,neutral
a5yhhr,reddeadredemption,post,1544740209,positive
a9emv4,redditrequest,post,1545742034,neutral
a3tajm,redditrequest,post,1544136075,neutral
aav6jj,redditrequest,post,1546169186,neutral
a7jafa,redditrequest,post,1545195706,neutral
a8sg1i,redditrequest,post,1545545357,neutral
a56z35,sadboys,post,1544536379,negative
aaumt2,teenagers,post,1546162789,neutral
a3jhdf,teslamotors,post,1544062878,neutral
a4m4br,unpopularopinion,post,1544372699,negative
a338qk,2007scape,post,1543947516,neutral
a6i3tv,2007scape,post,1544902706,negative
ab6hdi,4chan,post,1546257195,neutral
a5wjku,Animemes,post,1544728118,negative
a9xlk9,Cricket,post,1545900681,neutral
a4ftqe,CringeAnarchy,post,1544311785,neutral
a9dyza,DDLC,post,1545733933,positive
a3akhm,DestinyTheGame,post,1543999978,neutral
a3aljw,DestinyTheGame,post,1544000313,neutral
a2t9dl,DevilMayCry,post,1543872579,neutral
a5epx6,DevilMayCry,post,1544588524,neutral
a7qn9b,DevilMayCry,post,1545253964,neutral
a8rhwu,FortNiteBR,post,1545536312,neutral
a7vp1q,Ice_Poseidon,post,1545292223,neutral
a6vvso,Ice_Poseidon,post,1545016071,negative
a2jlh9,JonTron,post,1543800049,neutral
a2b46e,Showerthoughts,post,1543732680,negative
ab23pe,Smite,post,1546219004,negative
a8i52c,TotalWarArena,post,1545455765,negative
a2nwbx,UtahJazz,post,1543837223,neutral
a3cap6,bakchodi,post,1544016618,neutral
a2btya,chess,post,1543741365,neutral
aa05up,csshelp,post,1545924956,neutral
a5fnye,dankmemes,post,1544596648,negative
a5fruw,dankmemes,post,1544597677,negative
a3126a,dankmemes,post,1543933156,negative
a3ilx0,facepalm,post,1544056709,negative
a1zs8u,madlads,post,1543637361,neutral
a2hdjf,madlads,post,1543785284,negative
a4gewg,madlads,post,1544316247,negative
a4kamq,madlads,post,1544354488,neutral
a5eias,madlads,post,1544586851,negative
a5j23r,madlads,post,1544628119,negative
a60am1,madlads,post,1544752858,neutral
aasq5m,madlads,post,1546144244,neutral
a856vg,raisedbynarcissists,post,1545357455,neutral
a2p3xk,redditrequest,post,1543847269,neutral
a2hlb2,runescape,post,1543786582,neutral
a4ozi2,soccer,post,1544390962,neutral
a7x2ut,soccer,post,1545306041,negative
a85rio,soccer,post,1545361948,neutral
a9ayij,soccer,post,1545702950,negative
a9az8f,soccer,post,1545703140,negative
a9b1pz,soccer,post,1545703762,negative
a9b207,soccer,post,1545703834,negative
a9b34b,soccer,post,1545704126,negative
a9b4yx,soccer,post,1545704603,negative
a9b90g,soccer,post,1545705643,negative
a9b9rb,soccer,post,1545705840,neutral
a9bb75,soccer,post,1545706217,neutral
a9bbm3,soccer,post,1545706319,negative
a9be0s,soccer,post,1545706899,neutral
a9bg17,soccer,post,1545707401,negative
a9bj5l,soccer,post,1545708197,neutral
a9bm3v,soccer,post,1545708933,negative
a9bmpg,soccer,post,1545709062,negative
a9by79,soccer,post,1545711965,neutral
a9c0pb,soccer,post,1545712631,negative
a9c3l9,soccer,post,1545713389,negative
a9c4cw,soccer,post,1545713584,negative
a9c88x,soccer,post,1545714585,negative
a9cava,soccer,post,1545715261,neutral
a9ccmq,soccer,post,1545715733,negative
a9ccr1,soccer,post,1545715765,negative
a9cgqo,soccer,post,1545716810,negative
a9cmio,soccer,post,1545718382,negative
a9cnhr,soccer,post,1545718659,negative
a9cq91,soccer,post,1545719452,negative
a9ctnm,soccer,post,1545720375,neutral
a9cx69,soccer,post,1545721414,neutral
a9d1lv,soccer,post,1545722776,negative
a9db2d,soccer,post,1545725795,negative
a9db8j,soccer,post,1545725847,negative
a9dbje,soccer,post,1545725943,negative
a9dbpi,soccer,post,1545726002,negative
a9dch5,soccer,post,1545726260,negative
a9dcsw,soccer,post,1545726359,neutral
a9dct7,soccer,post,1545726362,negative
a9de31,soccer,post,1545726793,neutral
a9dg9t,soccer,post,1545727542,negative
a9dmzc,soccer,post,1545729866,neutral
a9dqlf,soccer,post,1545731133,neutral
a9dxpb,soccer,post,1545733503,neutral
a9dy24,soccer,post,1545733627,neutral
a9dy6o,soccer,post,1545733666,neutral
a9e08a,soccer,post,1545734350,negative
a9e1va,soccer,post,1545734894,negative
a9e273,soccer,post,1545735015,neutral
a9e27d,soccer,post,1545735019,neutral
a9e2xj,soccer,post,1545735273,neutral
a9e3q5,soccer,post,1545735548,neutral
a9e5u9,soccer,post,1545736223,negative
a9e7q5,soccer,post,1545736889,negative
a9e9ma,soccer,post,1545737562,negative
a9eaw0,soccer,post,1545737971,neutral
a9ebm9,soccer,post,1545738224,neutral
a9ebu0,soccer,post,1545738303,neutral
a9ec0k,soccer,post,1545738365,neutral
a9elgb,soccer,post,1545741569,neutral
a9emma,soccer,post,1545741952,neutral
a9emtj,soccer,post,1545742020,neutral
a9eosi,soccer,post,1545742632,neutral
a9eowp,soccer,post,1545742665,neutral
a9ep5b,soccer,post,1545742741,neutral
a9erkg,soccer,post,1545743434,positive
a9ersb,soccer,post,1545743497,neutral
a9erzh,soccer,post,1545743550,neutral
a9evnk,soccer,post,1545744639,negative
a9evz6,soccer,post,1545744727,neutral
a9ezk8,soccer,post,1545745775,negative
a9f2w2,soccer,post,1545746657,positive
a9f4tu,soccer,post,1545747156,neutral
a9f6g5,soccer,post,1545747596,negative
a9fg39,soccer,post,1545750128,neutral
a9fhvt,soccer,post,1545750558,neutral
a9fm9n,soccer,post,1545751583,negative
a9fn30,soccer,post,1545751779,negative
a9fqdp,soccer,post,1545752526,negative
a9g3x2,soccer,post,1545755509,negative
a9g6q4,soccer,post,1545756112,neutral
a9gb60,soccer,post,1545757063,negative
a9gcz2,soccer,post,1545757413,negative
a9gd8n,soccer,post,1545757471,negative
a9gf5m,soccer,post,1545757855,neutral
a9gf7e,soccer,post,1545757866,negative
a9ggxn,soccer,post,1545758202,negative
a9gsi7,soccer,post,1545760541,negative
a9gtox,soccer,post,1545760787,neutral
a9guf8,soccer,post,1545760922,neutral
a9gxlh,soccer,post,1545761559,neutral
a9h1v0,soccer,post,1545762440,neutral
a9h98b,soccer,post,1545763960,positive
a9h9s2,soccer,post,1545764084,neutral
a9hdgz,soccer,post,1545764845,neutral
a9hghh,soccer,post,1545765462,neutral
a9hihk,soccer,post,1545765906,neutral
a9hkcf,soccer,post,1545766277,neutral
a9hn54,soccer,post,1545766843,neutral
a9hnil,soccer,post,1545766919,neutral
a9hudt,soccer,post,1545768360,neutral
a9huys,soccer,post,1545768481,negative
a9i4av,soccer,post,1545770465,positive
a9i4gp,soccer,post,1545770500,negative
a9i6a5,soccer,post,1545770888,positive
a9i8vq,soccer,post,1545771457,negative
a9ifwq,soccer,post,1545772993,neutral
a9iz46,soccer,post,1545777250,negative
a9kcbg,soccer,post,1545788788,negative
a6rkv6,teenagers,post,1544985788,neutral
a4xucw,teenagers,post,1544463828,negative
a7tzua,whiteknighting,post,1545277454,negative
a8bk45,AskOuija,post,1545409335,neutral
a5c06l,Calgary,post,1544568712,neutral
a7d01q,Chargers,post,1545153226,neutral
a6srul,Colts,post,1544993597,neutral
a9tal9,Conservative,post,1545865011,neutral
a9vhp3,DeepFriedMemes,post,1545881505,negative
a9rfrq,Flipping,post,1545852061,neutral
ab2e4w,HailCorporate,post,1546221011,negative
a6we7t,Ice_Poseidon,post,1545020099,negative
a9c958,Ice_Poseidon,post,1545714804,neutral
a9c92s,Ice_Poseidon,post,1545714787,negative
a6mpip,Ice_Poseidon,post,1544939217,neutral
a87rm5,Kanye,post,1545378731,negative
a4s22c,Libertarian,post,1544413811,negative
a3hfsl,MaddenMobileForums,post,1544049180,positive
a3ipqf,MaddenMobileForums,post,1544057432,neutral
a3jcok,MaddenMobileForums,post,1544061930,positive
a3lglz,MaddenMobileForums,post,1544078443,positive
a3y1cc,MakeNewFriendsHere,post,1544171417,neutral
a5setq,MemeEconomy,post,1544697591,neutral
a85anl,NBA2k,post,1545358269,negative
a5tucr,PUBGXboxOne,post,1544710477,negative
a9cxwc,RWBY,post,1545721624,positive
a9zse6,Rateme,post,1545922118,neutral
a7w5q4,Scrubs,post,1545297282,negative
a9q3ee,SuicideWatch,post,1545842968,neutral
a85v9h,TrueChristian,post,1545362779,negative
a42pgg,TrueOffMyChest,post,1544207931,negative
a7qtiu,TrueOffMyChest,post,1545255097,neutral
a49khl,Warframe,post,1544263459,neutral
a87k5n,ableton,post,1545376768,neutral
a4alkx,actuallesbians,post,1544274721,neutral
a8zzuu,dankmemes,post,1545611368,negative
a74ws3,dankmemes,post,1545086964,neutral
a3i9tt,findareddit,post,1544054509,negative
a1y63f,iranian,post,1543624231,neutral
a9biv1,madlads,post,1545708121,neutral
a3f3fv,nbacirclejerk,post,1544034824,negative
a4383x,pakistan,post,1544211206,neutral
a6c0hv,redditrequest,post,1544845724,neutral
a97vqj,redditrequest,post,1545679335,neutral
ab15ne,redditrequest,post,1546212671,neutral
a8cugm,relationships,post,1545416841,neutral
ab2zp5,researchchemicals,post,1546225378,negative
a7itnm,unpopularopinion,post,1545191886,negative
a8ojm8,unpopularopinion,post,1545513245,negative
a7uxsv,2007scape,post,1545285233,neutral
a24e9r,AVoid5,post,1543681899,neutral
ab80ji,AskReddit,post,1546269845,negative
a29lny,AskReddit,post,1543718765,neutral
a46zib,AskWomen,post,1544237891,neutral
a67c3d,AskWomen,post,1544811448,negative
a28pm5,CFB,post,1543711695,negative
a7r0ic,COMPLETEANARCHY,post,1545256357,neutral
a2mz60,ClashRoyale,post,1543827754,positive
aagrbh,CryptoCurrency,post,1546048045,negative
a5k68r,DeepFriedMemes,post,1544635248,negative
a31qqm,DestinyTheGame,post,1543937954,neutral
a9y58n,FrankOcean,post,1545906617,negative
a6w42i,KingdomHearts,post,1545017816,positive
a4f99b,Libertarian,post,1544307738,negative
a7wn5o,MGTOW,post,1545302171,neutral
a3hzzb,Memes_Of_The_Dank,post,1544052745,negative
a6t4pg,Memes_Of_The_Dank,post,1544995937,negative
a75ylg,Memes_Of_The_Dank,post,1545094368,neutral
a9zjo6,Memes_Of_The_Dank,post,1545920122,neutral
a5g02a,MensRights,post,1544599906,neutral
a5ukyz,SaltLakeCity,post,1544715686,neutral
a5xm5m,SaltLakeCity,post,1544734771,negative
ab3ky0,WhyWereTheyFilming,post,1546229777,neutral
aabrsk,columbia,post,1546014699,neutral
a7hydg,dankmemes,post,1545185386,negative
a74ujm,dankmemes,post,1545086547,negative
a2jt2i,nanowrimo,post,1543801551,neutral
aaf68e,pcmasterrace,post,1546036624,negative
a4r42u,redditrequest,post,1544406481,neutral
a5znll,redditrequest,post,1544748150,neutral
a527g0,redditrequest,post,1544492569,neutral
a45vk9,redditrequest,post,1544228819,neutral
a9q5wn,redditrequest,post,1545843458,neutral
a5ihel,starcitizen,post,1544624022,neutral
a9c0s6,tf2,post,1545712646,negative
a9wuku,toosoon,post,1545893146,negative
aas1de,unpopularopinion,post,1546138785,neutral
a6etfq,unsw,post,1544876540,neutral
a5upnp,AgainstHateSubreddits,post,1544716562,negative
a84gv0,AskReddit,post,1545351936,neutral
a2ka4z,CHIBears,post,1543805011,negative
a5dneb,CringeAnarchy,post,1544580360,neutral
a7uuqa,FIFA,post,1545284475,neutral
a59a2v,FortNiteBR,post,1544551730,neutral
a708of,HermitCraft,post,1545056760,neutral
a47cye,Ice_Poseidon,post,1544241099,negative
a47dx9,Ice_Poseidon,post,1544241333,neutral
a9ec3s,Ice_Poseidon,post,1545738395,negative
a759d3,IncelTears,post,1545089345,neutral
a85o8e,KingdomHearts,post,1545361243,positive
a85pu3,KingdomHearts,post,1545361577,positive
a21bvo,Libertarian,post,1543652058,negative
a5dbr6,LosAngelesRams,post,1544577985,neutral
a9l96a,Memes_Of_The_Dank,post,1545796790,negative
aa8rdl,MortalKombat,post,1545988228,neutral
aarqhp,PewdiepieSubmissions,post,1546136376,neutral
a376s8,SantasLittleHelpers,post,1543972552,neutral
a4xnrw,SantasLittleHelpers,post,1544462675,positive
a57lyg,SantasLittleHelpers,post,1544541124,positive
a37ooi,SweatyPalms,post,1543976075,negative
a8bgr6,TheGoodPlace,post,1545408757,neutral
a385gx,The_Donald,post,1543979358,neutral
a9t5c0,WatchRedditDie,post,1545863927,negative
a95ljb,YasuoMains,post,1545663338,negative
a2mm3x,amibeingdetained,post,1543823995,neutral
a2mmks,anime,post,1543824107,neutral
a3evyf,askdrugs,post,1544033547,positive
a3blno,copypasta,post,1544010718,neutral
a8bod0,dankmemes,post,1545410043,negative
a6cjkf,dankmemes,post,1544850448,neutral
a90iho,facepalm,post,1545615485,negative
a24boj,help,post,1543681375,neutral
a2kv9y,help,post,1543809231,negative
a2mb7l,help,post,1543821071,negative
a2mnww,help,post,1543824464,negative
a2s4y5,help,post,1543866035,neutral
a3ghy0,help,post,1544043406,neutral
a3s334,help,post,1544129080,neutral
a3s4my,help,post,1544129333,neutral
a4c39b,help,post,1544286572,neutral
a51ysy,help,post,1544490761,negative
a5o8sl,help,post,1544661471,negative
a6welk,help,post,1545020196,neutral
a75ju9,help,post,1545091308,neutral
a8f778,help,post,1545431836,negative
a8z8i2,help,post,1545605645,negative
a9kna2,help,post,1545791478,negative
aaq7da,help,post,1546125552,negative
a8kup0,opieandanthony,post,1545485680,neutral
a5z0ch,redditrequest,post,1544743679,neutral
a43nss,redditrequest,post,1544213972,neutral
a6nfod,runescape,post,1544947480,neutral
aa2645,shrooms,post,1545938048,neutral
a7ex95,skyrimmods,post,1545165196,neutral
a4v3ou,softwaregore,post,1544443630,neutral
a56gdy,vegan,post,1544531989,neutral
a7w8eb,youtube,post,1545298096,neutral
a9t9y3,youtube,post,1545864882,negative
a3l91t,AlbumArtPorn,post,1544076538,negative
aanwo2,Assistance,post,1546110276,neutral
aat2gh,CFB,post,1546147026,neutral
a3sv4q,DestinyTheGame,post,1544133604,negative
a2cvtw,DunderMifflin,post,1543754276,neutral
a5plcj,Firearms,post,1544671422,neutral
a7xn10,FortNiteBR,post,1545310483,negative
a6medh,Gamingcirclejerk,post,1544936186,negative
a37ghc,Memes_Of_The_Dank,post,1543974460,neutral
a4fzh9,Naruto,post,1544312994,negative
a4d2iy,Parenting,post,1544293278,neutral
a9hrn2,TagPro,post,1545767780,negative
a23t2p,Yogscast,post,1543677556,neutral
a72kjm,Yogscast,post,1545072294,neutral
a5vb3k,conspiracy,post,1544720406,positive
a8ygmf,dankmemes,post,1545599928,negative
aaejhz,dankmemes,post,1546032415,negative
a7hirc,dankmemes,post,1545182207,neutral
a2hi2o,detroitlions,post,1543786048,negative
a5m9t2,drawing,post,1544648407,neutral
aa846i,heroesofthestorm,post,1545981472,neutral
a3qiie,modhelp,post,1544119860,neutral
aa7jwf,modhelp,post,1545976516,neutral
a9lzpj,neoliberal,post,1545803181,neutral
a8a818,pyrocynical,post,1545400676,negative
a8d7vz,raisedbynarcissists,post,1545419020,neutral
a921gn,redditrequest,post,1545628227,neutral
a2av0o,redditrequest,post,1543730077,neutral
aaixia,redditrequest,post,1546065660,neutral
a8rhgv,redditrequest,post,1545536193,neutral
a3hdld,redditrequest,post,1544048789,neutral
a3grmr,self,post,1544045070,negative
a5nw97,self,post,1544658991,positive
a6mkgj,self,post,1544937815,neutral
a3v9u9,selfie,post,1544149201,neutral
a2imjb,twentyonepilots,post,1543793303,positive
a6ktlv,whatsthisplant,post,1544922631,neutral
a4ne1f,BikiniBottomTwitter,post,1544380826,neutral
a6jk0o,Braincels,post,1544912928,negative
a5cauu,DDLC,post,1544570677,neutral
a85rd7,DeepFriedMemes,post,1545361915,neutral
a3b1vk,DunderMifflin,post,1544005125,negative
a36drk,FortNiteBR,post,1543967017,negative
a7rsmg,FrankOcean,post,1545261467,neutral
a5zxjh,GenderCynical,post,1544750166,negative
a4lie4,GreenBayPackers,post,1544367553,neutral
a5vbd4,Habs,post,1544720445,neutral
a7nyvk,Habs,post,1545237156,neutral
a2flyk,ITRPCommunity,post,1543774587,neutral
aa4nbb,Ice_Poseidon,post,1545954329,negative
a484ia,JoeRogan,post,1544247920,neutral
a2f2to,Kappa,post,1543771319,neutral
aa3vfd,NBA2k,post,1545949092,negative
a5wt97,Planetside,post,1544729826,neutral
a8d19b,SantasLittleHelpers,post,1545417953,positive
a4x28v,TagPro,post,1544458844,neutral
a265k2,TopMindsOfReddit,post,1543693796,negative
a36uxe,Tronix,post,1543970248,positive
a362xn,animation,post,1543965027,neutral
a3jqx6,brockhampton,post,1544064744,negative
a2cm65,btc,post,1543751158,negative
a8i9gd,dankmemes,post,1545456866,neutral
a8jm9o,dankmemes,post,1545471821,negative
a7jsne,dankmemes,post,1545200140,negative
a55dgw,gifs,post,1544520784,negative
a7qkvx,iamverybadass,post,1545253566,positive
a88pgn,mildlyinfuriating,post,1545387961,negative
a1yfgh,nba,post,1543626272,negative
a20ksl,nba,post,1543644226,negative
a2yb97,nba,post,1543906902,neutral
a9ialu,nba,post,1545771831,neutral
a9jdvv,nba,post,1545780640,neutral
a9mrnx,nba,post,1545811019,negative
aaidhc,nba,post,1546060794,neutral
a4i9tq,pics,post,1544331767,negative
a7mt6p,rant,post,1545229254,negative
a5252s,rant,post,1544492056,negative
ab0wrk,redditrequest,post,1546211029,neutral
a354gv,redditrequest,post,1543959040,neutral
a930m6,redditrequest,post,1545637251,neutral
a7ek21,rule34,post,1545162869,negative
a3usns,runescape,post,1544145886,neutral
a22kbj,screenshots,post,1543666233,neutral
a4cqzt,sex,post,1544291119,neutral
a9dxp6,soccer,post,1545733501,negative
a2aw3q,tabletopsimulator,post,1543730390,negative
ab4ldu,teenagers,post,1546237837,negative
aaxhw4,ukpolitics,post,1546189129,negative
a8w4w7,wow,post,1545583807,negative
a5gap0,AskModerators,post,1544602913,negative
a8s7j3,AskModerators,post,1545542984,negative
a9tasy,AskModerators,post,1545865055,negative
a2vp51,ChapoTrapHouse,post,1543887557,negative
a2vswo,ChapoTrapHouse,post,1543888284,neutral
a4dzif,ChapoTrapHouse,post,1544299266,neutral
a56r42,ChapoTrapHouse,post,1544534542,negative
a5oxda,ChapoTrapHouse,post,1544666520,negative
a6b5hk,ChapoTrapHouse,post,1544838471,negative
a84fo1,ChapoTrapHouse,post,1545351692,neutral
a9madw,ChapoTrapHouse,post,1545805931,neutral
a31t4b,Drama,post,1543938388,negative
a6j4mj,Drama,post,1544909798,negative
a5tn46,DungeonsAndDragons,post,1544708920,neutral
a7iob0,FortNiteBR,post,1545190699,neutral
a2540d,FortNiteBR,post,1543686724,negative
a4522f,HelpMeFind,post,1544222994,neutral
a5wo0s,HistoryMemes,post,1544728908,neutral
a6l1tf,Ice_Poseidon,post,1544924565,neutral
a6lhx8,Ice_Poseidon,post,1544928232,neutral
a6w5ef,Ice_Poseidon,post,1545018122,neutral
ab3j60,Ice_Poseidon,post,1546229405,negative
a2fy86,Kappa,post,1543776699,neutral
a38v1y,Libertarian,post,1543984739,negative
a5vl2d,Libertarian,post,1544722129,neutral
a904sg,LiverpoolFC,post,1545612441,positive
a59kay,MakeupAddiction,post,1544553510,negative
a3du1n,NewTubers,post,1544027239,negative
a8z18s,Perfectfit,post,1545604096,negative
a5dd0i,Petscop,post,1544578244,neutral
a3ovaw,PurplePillDebate,post,1544109954,neutral
a5vxid,RocketLeague,post,1544724310,negative
a6vcmz,Socialism_101,post,1545012003,neutral
a653nx,Voltron,post,1544796412,neutral
a7s2h0,dankmemes,post,1545263382,neutral
a7y12x,dankmemes,post,1545313315,neutral
a8thvl,dankmemes,post,1545558011,neutral
a9568i,dankmemes,post,1545659896,neutral
a9en1c,dankmemes,post,1545742088,neutral
a8bc1p,dankmemes,post,1545407955,neutral
aaliew,dbxv,post,1546093026,positive
ab73w7,horseracing,post,1546262836,neutral
a9v5jn,modhelp,post,1545878911,neutral
a6wg0h,nfl,post,1545020525,neutral
a78ixr,panthers,post,1545114355,neutral
a6qx1l,redditrequest,post,1544981470,neutral
a20pss,redditrequest,post,1543645547,neutral
a3s8a8,startrek,post,1544129934,negative
a23un7,teenagers,post,1543677910,negative
a27bdt,Art,post,1543701717,negative
a44wvj,AskReddit,post,1544222038,negative
a6kbvk,AutoModerator,post,1544918805,neutral
a5uj08,Brawlhalla,post,1544715316,neutral
a76fwy,Brawlhalla,post,1545097819,negative
a9czwk,CasualConversation,post,1545722231,neutral
aa5weh,DoesAnybodyElse,post,1545963442,negative
a42f0z,FIFA,post,1544206102,neutral
a42i7n,FIFA,post,1544206663,negative
a349hq,FortNiteBR,post,1543953763,negative
a9h2p1,FreeKarma4U,post,1545762624,positive
a9fve0,Gunners,post,1545753652,neutral
a6nhd5,HistoryMemes,post,1544948105,neutral
a68g99,LGBTeensGoneMild,post,1544818723,neutral
a84ri0,MGTOW,post,1545354150,neutral
a8lx9w,MGTOW,post,1545494678,neutral
a4zmxe,ShadowBan,post,1544474994,neutral
a444wk,TheWire,post,1544217011,neutral
a8dn36,WayOfTheBern,post,1545421529,negative
a2e3gj,apolloapp,post,1543764666,neutral
a8zd5f,dankmemes,post,1545606582,negative
abco87,funny,post,1546299650,negative
aaznjs,gayyoungold,post,1546202972,positive
a8kmof,jordan,post,1545483510,negative
aaenvy,literature,post,1546033198,negative
a8otsi,memes,post,1545515255,negative
a3fesv,movies,post,1544036776,neutral
a45bi8,newreddits,post,1544224749,neutral
a1ziu0,redditmobile,post,1543635076,neutral
a5nzwd,redditrequest,post,1544659750,neutral
a5z7xz,redditrequest,post,1544745138,neutral
a23dbj,rupaulsdragrace,post,1543674039,neutral
a2hm0l,sanantonio,post,1543786703,neutral
a98jk2,snowboarding,post,1545683953,positive
a9fzaq,soccer,post,1545754512,negative
aab5sc,vegan,post,1546010432,positive
a3huff,Anarcho_Capitalism,post,1544051761,neutral
a1z6rk,AskOuija,post,1543632303,neutral
a8i9wz,AtlantaUnited,post,1545456982,neutral
a4i7jj,CrazyIdeas,post,1544331183,neutral
a44rrt,Cumtown,post,1544221110,negative
a27bcz,DeepFriedMemes,post,1543701711,neutral
a7gw56,IPTV,post,1545177850,negative
a732mn,JoeRogan,post,1545075390,negative
a4udro,LiverpoolFC,post,1544436004,neutral
a7ph74,MapsWithoutNZ,post,1545246679,neutral
a8x00f,NBA2k,post,1545589673,negative
a5tw4i,WatchRedditDie,post,1544710844,negative
ab3vs7,antiMLM,post,1546232107,negative
ab46c4,antiMLM,post,1546234388,neutral
aangiz,dankmemes,post,1546107388,negative
a7nq9y,dankmemes,post,1545235585,negative
a8baoa,dankmemes,post,1545407714,negative
a8y9uc,detroitlions,post,1545598623,negative
a8yd9s,detroitlions,post,1545599261,negative
a775me,kreiswichs,post,1545103105,neutral
a7zq1q,me_irl,post,1545324159,neutral
a55twc,modhelp,post,1544525782,neutral
a5qx1l,nba,post,1544681992,neutral
a99a13,paris,post,1545689280,negative
a9dv5j,peloton,post,1545732619,neutral
a8we3r,pornfree,post,1545585519,neutral
a4owyp,ravens,post,1544390491,negative
a9igrc,redditrequest,post,1545773180,neutral
a4x7ji,redditrequest,post,1544459833,neutral
a7tq05,redditrequest,post,1545275300,neutral
a329gh,redditrequest,post,1543941299,neutral
a8a33j,rugbyunion,post,1545399670,positive
a2af6q,teenagers,post,1543725926,neutral
a6u4us,thick,post,1545002982,positive
aap1pn,unpopularopinion,post,1546117776,positive
a5dswi,AskOuija,post,1544581525,neutral
a2cj7z,AskReddit,post,1543750145,negative
a4g2fu,ChoosingBeggars,post,1544313635,negative
a4g2pw,ChoosingBeggars,post,1544313692,neutral
a7tved,ChoosingBeggars,post,1545276481,neutral
abbh9j,ChoosingBeggars,post,1546291860,neutral
a3erti,Drugs,post,1544032864,positive
a47on7,FrankOcean,post,1544243947,neutral
aau2tf,IndianGaming,post,1546156473,neutral
a21qek,LucidDreaming,post,1543656783,negative
a4pj2y,Morrowind,post,1544394694,neutral
a6njyl,MyChemicalRomance,post,1544949007,positive
a80sz5,NoStupidQuestions,post,1545330252,negative
a3ctw4,NorthCarolina,post,1544020643,neutral
a9tkuw,PewdiepieSubmissions,post,1545867090,neutral
aa5xgi,SCP,post,1545963677,neutral
a7c7ke,Showerthoughts,post,1545148196,negative
a6kajr,Showerthoughts,post,1544918531,neutral
a54r0x,SkincareAddiction,post,1544513821,negative
a5vbam,TopChef,post,1544720436,negative
a5xtp6,TopChef,post,1544736051,negative
aa2vta,TopChef,post,1545942564,negative
a3s13v,WTF,post,1544128741,neutral
a58njp,Watches,post,1544547877,positive
a7hfwj,aspergers,post,1545181646,negative
a9bgmt,churning,post,1545707562,neutral
a45yde,clevelandcavs,post,1544229409,neutral
a8vpgn,europe,post,1545580730,negative
abcnsh,nba,post,1546299574,neutral
a8f19p,nyc,post,1545430679,neutral
a5o8dk,redditrequest,post,1544661390,neutral
a7soua,redditrequest,post,1545267777,neutral
a2sgdx,redditrequest,post,1543867936,negative
ab48x5,redditrequest,post,1546234948,neutral
aahs2y,sadboys,post,1546056022,neutral
a3x4k8,shittysuperpowers,post,1544162687,neutral
a39f4p,sixwordstories,post,1543989096,neutral
a8u89z,youseeingthisshit,post,1545567197,negative
a7qpj4,2007scape,post,1545254361,negative
a37m3t,AskReddit,post,1543975566,negative
a2l0ex,ColoradoAvalanche,post,1543810329,negative
aa4qko,Comcast_Xfinity,post,1545954958,neutral
a3q08u,Conservative,post,1544116862,neutral
a5bzvz,Conservative,post,1544568659,neutral
a7wi89,Conservative,post,1545300956,neutral
a9ksca,CringeAnarchy,post,1545792714,negative
a2oc5r,DeepFriedMemes,post,1543841253,negative
a29way,DeepFriedMemes,post,1543721257,negative
a98h1z,EscapefromTarkov,post,1545683477,negative
a3wtki,FORTnITE,post,1544160233,negative
a4gw0t,FanFiction,post,1544319963,neutral
a4czn9,FrankOcean,post,1544292725,neutral
a50uhv,FullScorpion,post,1544482838,negative
a6g3gk,HistoryMemes,post,1544888477,negative
a6dlfr,JohnMayer,post,1544861277,neutral
ab3mvv,MGTOW,post,1546230191,neutral
a3g95k,MaddenMobileForums,post,1544041886,positive
a3ieaq,Memes_Of_The_Dank,post,1544055305,negative
a3v0k9,Memes_Of_The_Dank,post,1544147428,negative
aapq96,NewYorkIslanders,post,1546122337,positive
a3ssfu,NoStupidQuestions,post,1544133169,neutral
a98jef,Showerthoughts,post,1545683919,negative
a6reue,WayOfTheBern,post,1544984643,neutral
a8h041,apolloapp,post,1545445816,negative
a4qcnr,beetlejuicing,post,1544400669,neutral
a883yy,copypasta,post,1545382180,negative
a6fk26,dankmemes,post,1544883967,neutral
a79ezz,dankmemes,post,1545123516,negative
a2o5fn,dankmemes,post,1543839611,neutral
a5m1la,dankmemes,post,1544646934,neutral
a2dd42,dankmemes,post,1543758901,negative
a8xhmi,dankmemes,post,1545593130,negative
a9dcbo,dankmemes,post,1545726205,neutral
aacwo1,furry,post,1546022020,negative
a42p25,marvelstudios,post,1544207858,neutral
aa41q3,miraculousladybug,post,1545950259,neutral
a9laz1,nba,post,1545797222,negative
a8v3ma,nrl,post,1545575859,negative
a1yyy4,penis,post,1543630556,neutral
a8d91h,redditrequest,post,1545419207,neutral
a8mxx7,redditrequest,post,1545501940,neutral
aaiv3a,thedonald,post,1546065024,negative
aazvhz,wallstreetbets,post,1546204367,neutral
a5o1h0,2007scape,post,1544660031,negative
a3xex8,4chan,post,1544165227,negative
aaczvr,ANormalDayInRussia,post,1546022590,positive
a7v3go,AVoid5,post,1545286600,neutral
a7d56z,AmItheAsshole,post,1545154122,neutral
a9kraj,AskReddit,post,1545792452,neutral
abba4e,CasualUK,post,1546290521,neutral
a9fnhm,CringeAnarchy,post,1545751875,negative
a9jcta,DeepFriedMemes,post,1545780367,neutral
a3njm2,FortNiteBR,post,1544100222,negative
a7ezlf,Fuckthealtright,post,1545165617,negative
a6dhnl,MakeupRehab,post,1544860054,neutral
a4bkra,MemeEconomy,post,1544282973,negative
a4o0ea,Redskins,post,1544384784,negative
a24mqg,modhelp,post,1543683483,neutral
a2ii92,modhelp,post,1543792486,neutral
a3gxzv,modhelp,post,1544046168,negative
a5kmnd,modhelp,post,1544638096,neutral
a6gv4e,modhelp,post,1544894055,neutral
a6w7yi,modhelp,post,1545018685,neutral
a9sl8a,modhelp,post,1545859861,negative
a9w02t,modhelp,post,1545885826,neutral
aaqkl5,modhelp,post,1546128102,neutral
a728b4,modhelp,post,1545070154,neutral
aav84s,pyrocynical,post,1546169696,negative
ab1kxj,redditrequest,post,1546215462,neutral
a80z8e,redditrequest,post,1545331264,neutral
a22j1o,rupaulsdragrace,post,1543665881,neutral
a37fd8,sixers,post,1543974240,negative
a9clbe,soccer,post,1545718059,negative
a517ki,trees,post,1544485284,neutral
a9nns8,videos,post,1545821521,negative
a2wcdv,BadDragon,post,1543892002,neutral
a33i40,Comcast_Xfinity,post,1543949095,neutral
a5qefo,Deathmetal,post,1544677461,negative
a6sd58,Feminism,post,1544990950,negative
a6ccdd,Flyers,post,1544848595,negative
a658v1,FortNiteBR,post,1544797540,neutral
a7ev2q,FortNiteBR,post,1545164803,neutral
a6vrd1,Ice_Poseidon,post,1545015122,negative
a6vtjy,Ice_Poseidon,post,1545015599,negative
a9e3pi,LiverpoolFC,post,1545735542,neutral
a9sfqb,MtvChallenge,post,1545858736,neutral
a4vxns,NoStupidQuestions,post,1544450769,neutral
a34r5q,NoStupidQuestions,post,1543956797,neutral
a3ozit,NoStupidQuestions,post,1544110703,neutral
a4nmjx,NoStupidQuestions,post,1544382346,negative
a4on6s,NoStupidQuestions,post,1544388770,neutral
a5ar4g,NoStupidQuestions,post,1544560856,neutral
a66j2q,NoStupidQuestions,post,1544806312,neutral
a85i9b,NoStupidQuestions,post,1545359919,neutral
a8k73u,NoStupidQuestions,post,1545478727,negative
a97bbl,NoStupidQuestions,post,1545675495,neutral
a9js7g,NoStupidQuestions,post,1545783948,negative
aacvv3,NoStupidQuestions,post,1546021870,neutral
aaebpt,NoStupidQuestions,post,1546031015,negative
a9dfzo,Showerthoughts,post,1545727449,negative
a8w663,Showerthoughts,post,1545584055,negative
a8w6dj,Showerthoughts,post,1545584093,negative
a9e6vk,Wishlist,post,1545736589,positive
aaqjm5,blues,post,1546127912,neutral
a3vvan,dankmemes,post,1544153365,neutral
a2t6g7,findaleague,post,1543872142,negative
abcelu,funny,post,1546297969,negative
a34r0u,gifs,post,1543956775,negative
a5o7ab,marvelstudios,post,1544661173,negative
a2gg9o,meirl,post,1543779709,neutral
abc8j0,memes,post,1546296890,negative
a6ax0r,politics,post,1544836503,neutral
a6wctz,r4r,post,1545019804,neutral
a7k6w9,raimimemes,post,1545203937,neutral
a7uksw,raimimemes,post,1545282167,neutral
a7935i,redditrequest,post,1545119878,neutral
a7u6s8,redditrequest,post,1545278959,neutral
aag4rc,redditrequest,post,1546043341,neutral
a8hb9u,runescape,post,1545448354,neutral
aa4yzr,swordartonline,post,1545956555,neutral
a63th6,therewasanattempt,post,1544784780,neutral
a8or81,Animemes,post,1545514746,positive
a2vm9h,Bitcoin,post,1543887002,neutral
a6hw6c,CanadaPolitics,post,1544901249,neutral
a1zcvj,ClashOfClans,post,1543633682,negative
a1xxt1,FIFA,post,1543622477,neutral
aavwrm,Fitness,post,1546176882,negative
a64l7a,Kerala,post,1544792272,neutral
a2qr9c,ModSupport,post,1543857843,neutral
a6tyb8,The_Donald,post,1545001666,neutral
a7mqe9,The_Donald,post,1545228689,negative
aa5hm4,bapeheads,post,1545960300,neutral
abaofx,bestoflegaladvice,post,1546286599,negative
a2g5x3,birdswitharms,post,1543777984,positive
a2wuan,chicago,post,1543895483,neutral
a87mvp,dankmemes,post,1545377470,negative
a7pktc,dankmemes,post,1545247266,negative
a6ax2h,dankmemes,post,1544836515,negative
a90qcd,facepalm,post,1545617215,neutral
a7iu0i,fakehistoryporn,post,1545191971,neutral
a8ctwv,funhaus,post,1545416762,negative
a72s7e,funkopop,post,1545073596,neutral
a3ve7i,greentext,post,1544150037,negative
a5dvyq,help,post,1544582161,neutral
a5qcfm,india,post,1544677039,positive
a4kur2,malaysia,post,1544361003,neutral
a6fm5h,nba,post,1544884504,neutral
a8u7vi,nostalgia,post,1545567065,neutral
a7rm4f,raimimemes,post,1545260288,negative
a5kpjm,redditrequest,post,1544638596,neutral
a64pf1,redditrequest,post,1544793204,neutral
a3f98q,redditrequest,post,1544035829,neutral
a9yy3n,redditrequest,post,1545914756,neutral
a27y05,self,post,1543706079,neutral
a7dg2m,unpopularopinion,post,1545155994,neutral
a4yqua,unpopularopinion,post,1544469404,negative
a53chd,worldpowers,post,1544501067,neutral
a91ah0,Aquariums,post,1545621914,neutral
a20s6j,AskModerators,post,1543646202,neutral
a5968m,AskReddit,post,1544551114,neutral
a931nj,AskWomen,post,1545637535,positive
a4n5po,Bitcoin,post,1544379329,neutral
a574hd,Drama,post,1544537522,negative
a5r33e,GlobalOffensive,post,1544683476,negative
aaqhbu,KingdomHearts,post,1546127469,neutral
a2fkj5,Libertarian,post,1543774341,negative
a1ztvc,Libertarian,post,1543637734,negative
a8j1ot,Memes_Of_The_Dank,post,1545465069,negative
a35z1w,NoStupidQuestions,post,1543964362,neutral
a775co,SantasLittleHelpers,post,1545103051,positive
a9i5x2,SantasLittleHelpers,post,1545770811,positive
aagw6v,Stellaris,post,1546049097,neutral
a57ppj,TheSilphRoad,post,1544541838,positive
a37lnm,apolloapp,post,1543975473,negative
a8wm5i,copypasta,post,1545587023,negative
a9fklu,copypasta,post,1545751207,negative
a7gyzc,dankmemes,post,1545178372,negative
a64tik,deadbydaylight,post,1544794161,neutral
ab9e47,dvdcollection,post,1546278620,positive
a51bdi,fantasyfootball,post,1544486006,negative
abcnb7,funny,post,1546299484,neutral
a92rj3,funny,post,1545634766,positive
abcly9,funny,post,1546299245,negative
a72j33,howardstern,post,1545072044,positive
a6sp3m,memes,post,1544993103,negative
a9eb1w,newzealand,post,1545738031,positive
a3s8kv,norge,post,1544129989,neutral
a4k51g,offmychest,post,1544352650,positive
a7qua2,redditrequest,post,1545255234,neutral
a50ol9,redditrequest,post,1544481723,neutral
a8dxso,redditrequest,post,1545423313,neutral
a3w18s,redditrequest,post,1544154542,neutral
a79kzs,redditrequest,post,1545125263,neutral
a3sh7r,spain,post,1544131397,neutral
aaddcb,survivor,post,1546024972,positive
aaknr5,teenagers,post,1546084364,negative
a4oxtq,thedavidpakmanshow,post,1544390647,neutral
aa4xv7,trashy,post,1545956332,negative
a2msu2,trashy,post,1543825886,negative
a3m9j0,trashy,post,1544086390,negative
a5us4h,trashy,post,1544716996,negative
a9wa19,trashy,post,1545888148,negative
a9xx1u,trashy,post,1545904169,negative
aacrqi,trashy,post,1546021131,negative
aaike4,trashy,post,1546062364,negative
a3f84x,wholesomememes,post,1544035632,neutral
a6onp4,AskReddit,post,1544963203,negative
a2kij9,Boise,post,1543806644,neutral
a3jm5s,DeepFriedMemes,post,1544063811,negative
a5txwd,Drama,post,1544711217,neutral
a42bf0,FIFA,post,1544205485,negative
a42hq4,FIFA,post,1544206579,negative
a2yhdb,JustUnsubbed,post,1543908457,negative
a24mc1,Libertarian,post,1543683403,negative
a4euon,Libertarian,post,1544304975,neutral
a6oufp,LifeProTips,post,1544965389,negative
a4tkud,Philippines,post,1544427169,neutral
a7imr8,PrequelMemes,post,1545190380,neutral
a4b2lk,SantasLittleHelpers,post,1544278911,positive
a8ozcb,SantasLittleHelpers,post,1545516319,positive
a77kzh,SantasLittleHelpers,post,1545106398,positive
a2svov,SantasLittleHelpers,post,1543870463,positive
a3he8o,SantasLittleHelpers,post,1544048901,positive
a4boge,SantasLittleHelpers,post,1544283711,positive
a5egaa,SantasLittleHelpers,post,1544586398,positive
a2fixc,Stellar,post,1543774068,negative
a26txh,assassinscreed,post,1543698446,neutral
a2god9,conspiracy,post,1543781101,neutral
a4ow1j,dankmemes,post,1544390314,positive
aa7itj,dankmemes,post,1545976264,neutral
a8t98h,dankmemes,post,1545554879,neutral
a470qf,discordapp,post,1544238173,neutral
a77tdu,explainlikeimfive,post,1545108223,negative
a24fw8,help,post,1543682204,neutral
a3qus8,help,post,1544121860,negative
a62tse,history,post,1544774016,positive
a92z23,lastfm,post,1545636796,negative
a51321,malehairadvice,post,1544484444,neutral
a8hb60,memes,post,1545448327,negative
a73be3,memes,post,1545076913,neutral
a248f9,nba,post,1543680724,negative
a7w7z0,pathofexile,post,1545297962,neutral
a7ati8,pokemon,post,1545137759,negative
a84yz8,pussypassdenied,post,1545355758,positive
a3u2u6,redditrequest,post,1544141075,neutral
a35o1r,redditrequest,post,1543962406,neutral
a9kj42,redditrequest,post,1545790432,neutral
a9xibt,redditrequest,post,1545899700,neutral
a66899,redditrequest,post,1544804376,neutral
a4186b,redditrequest,post,1544198699,neutral
a9doma,soccer,post,1545730451,neutral
aax5bg,teenagers,post,1546186744,negative
a2na4g,teenagers,post,1543830924,neutral
a5za5u,teenagers,post,1544745574,positive
a67bbb,unpopularopinion,post,1544811313,negative
a8qzv0,wichita,post,1545531881,neutral
a2ogdb,worldpolitics,post,1543842263,negative
a2lt78,AskOuija,post,1543816712,neutral
a2trd5,AskOuija,post,1543875327,negative
a3whfj,AskOuija,post,1544157749,neutral
a49tfe,AskOuija,post,1544266283,neutral
a4cyei,AskOuija,post,1544292491,negative
a4hdea,AskOuija,post,1544323829,neutral
a5qqz9,AskOuija,post,1544680475,neutral
a5shpa,AskOuija,post,1544698435,negative
a691xl,AskOuija,post,1544822808,neutral
a7861e,AskOuija,post,1545111167,negative
a7j2lk,AskOuija,post,1545193871,negative
a8pkj2,AskOuija,post,1545520670,neutral
a8uts9,AskOuija,post,1545573464,negative
aa1h2s,AskOuija,post,1545933727,neutral
aafjqv,AskOuija,post,1546039182,negative
aahj6z,AskOuija,post,1546054098,neutral
aakvcc,AskOuija,post,1546086691,neutral
aase1n,AskOuija,post,1546141540,negative
a50ndd,AutoModerator,post,1544481503,neutral
a2pt2k,AutoModerator,post,1543851971,neutral
a5xviq,AwesomeCarMods,post,1544736372,positive
aanpbc,Brawlstars,post,1546108995,neutral
a4554h,ChapoTrapHouse,post,1544223557,neutral
a7tynn,ChoosingBeggars,post,1545277195,negative
a8nuft,DDLC,post,1545508335,positive
a51bxn,DDLC,post,1544486118,neutral
a5ok38,Destiny,post,1544663771,negative
a7yo2u,Epilepsy,post,1545317740,neutral
ab0oub,FortNiteBR,post,1546209579,negative
a2tcub,GameTheorists,post,1543873103,neutral
a9fl34,Gunners,post,1545751313,neutral
a2nq1c,PewdiepieSubmissions,post,1543835468,neutral
aankey,RimWorld,post,1546108098,neutral
a2cjec,SJEarthquakes,post,1543750197,negative
a45c2o,SWGalaxyOfHeroes,post,1544224864,negative
a6cfku,Showerthoughts,post,1544849427,neutral
a5dwno,Sneakers,post,1544582308,neutral
aa6b82,TankPorn,post,1545966543,neutral
a52vz8,TwoXChromosomes,post,1544497609,neutral
aa3ir2,Volkswagen,post,1545946743,neutral
a9dc9g,amiibo,post,1545726189,neutral
a5ve0x,bugs,post,1544720889,negative
a31vkd,dankmemes,post,1543938857,neutral
a34scc,dankmemes,post,1543956994,negative
a8o3eh,darkjokes,post,1545510090,negative
a3kuzr,discordapp,post,1544073268,neutral
a9a6l3,facepalm,post,1545696315,negative
a8wplh,gay,post,1545587661,negative
a30fz4,grammar,post,1543928238,positive
ab8gxv,im14andthisisdeep,post,1546272865,neutral
a2hofi,memes,post,1543787121,neutral
a6qp35,raisedbynarcissists,post,1544980050,negative
a5uqkv,redditrequest,post,1544716732,neutral
a5w6pv,redditrequest,post,1544725904,neutral
aa3p4m,redditrequest,post,1545947927,neutral
a6rb6w,redditrequest,post,1544983948,neutral
a3o4pi,redditrequest,post,1544104707,neutral
a9t4bn,redditrequest,post,1545863727,neutral
aaguc8,teenagers,post,1546048706,neutral
a8x29c,titlegore,post,1545590122,negative
a6xx5y,traaaaaaannnnnnnnnns,post,1545034210,neutral
a557qk,videos,post,1544518963,neutral
a80pg3,2007scape,post,1545329703,neutral
a9ozmf,2007scape,post,1545834693,neutral
aahiar,AmItheAsshole,post,1546053900,positive
a8ldhu,AskHistorians,post,1545490430,positive
a3ja25,AskReddit,post,1544061419,neutral
a2uql5,BabyBumps,post,1543880988,positive
a4zjox,Battlefield,post,1544474471,neutral
a94bou,DeepFriedMemes,post,1545651724,negative
a94dpu,DeepFriedMemes,post,1545652326,negative
a2ji2y,EscapefromTarkov,post,1543799368,negative
a6arrn,EscapefromTarkov,post,1544835339,negative
a84c63,EscapefromTarkov,post,1545351178,neutral
a8bp6m,EscapefromTarkov,post,1545410188,negative
a4ly4v,FIFA,post,1544371226,negative
a6i75g,FreeSpeech,post,1544903365,negative
a4g28y,Ice_Poseidon,post,1544313598,negative
a2u1pa,KansasCityChiefs,post,1543876894,neutral
a3rjsm,KotakuInAction,post,1544125911,negative
a8qtei,LeagueOfMeta,post,1545530429,neutral
a4flmn,Libertarian,post,1544310133,negative
a4fm99,Libertarian,post,1544310259,negative
a4iqo1,Libertarian,post,1544336329,negative
a4pxj4,Libertarian,post,1544397511,negative
a71ofj,Libertarian,post,1545066670,negative
a25t1l,MaddenUltimateTeam,post,1543691387,neutral
aaclzk,MaddenUltimateTeam,post,1546020142,negative
a92omh,MkeBucks,post,1545634013,neutral
a6v6q8,PewdiepieSubmissions,post,1545010707,neutral
a67l5g,PewdiepieSubmissions,post,1544813086,neutral
a2ud5z,Rateme,post,1543878703,neutral
a20ntt,WayOfTheBern,post,1543644986,neutral
a23kp8,WayOfTheBern,post,1543675746,negative
a6lnpp,WayOfTheBern,post,1544929584,negative
a5gtls,beetlejuicing,post,1544608743,negative
a34cek,billiards,post,1543954258,neutral
a4n63a,criticalrole,post,1544379392,neutral
a8pwzs,gonewild,post,1545523293,positive
a2mz3q,india,post,1543827735,negative
a90i0m,madlads,post,1545615381,neutral
a6nngm,manga,post,1544950282,neutral
a2nmck,marijuanaenthusiasts,post,1543834446,negative
a3u303,mildlyinfuriating,post,1544141105,negative
a3z0fo,mildlyinfuriating,post,1544181718,negative
a7k0e3,redditrequest,post,1545202187,neutral
a7f8kg,redditrequest,post,1545167161,neutral
a4868h,redditrequest,post,1544248390,neutral
a5e8kr,redditrequest,post,1544584776,neutral
a5y27o,shamelessplug,post,1544737528,neutral
a6az99,shamelessplug,post,1544837014,neutral
a3edxf,torrents,post,1544030544,neutral
a8a3ow,AskModerators,post,1545399789,neutral
a8ux2y,AskReddit,post,1545574260,neutral
a96hhr,AskReddit,post,1545669877,negative
a9b7lv,BokuNoHeroAcademia,post,1545705288,neutral
a7ug29,CODZombies,post,1545281109,negative
a68adj,ChapoTrapHouse,post,1544817656,neutral
a218ay,CringeAnarchy,post,1543650933,negative
a4a9ea,CringeAnarchy,post,1544271185,negative
a4kudx,CringeAnarchy,post,1544360905,neutral
a4maup,CringeAnarchy,post,1544373954,neutral
a90pz8,CringeAnarchy,post,1545617128,neutral
a9l6ws,CringeAnarchy,post,1545796238,neutral
ab2ep4,CringeAnarchy,post,1546221122,negative
ab85g1,CringeAnarchy,post,1546270782,negative
a4oxh7,FullScorpion,post,1544390587,negative
a4qfk6,FullScorpion,post,1544401267,negative
a52jot,FullScorpion,post,1544495123,negative
a2bdhb,JustUnsubbed,post,1543735591,negative
a2bijy,JustUnsubbed,post,1543737372,negative
a9ly86,JustUnsubbed,post,1545802825,negative
a8yodn,LAGalaxy,post,1545601485,positive
a8i1hc,RWBY,post,1545454866,neutral
a9xycx,RandomKindness,post,1545904587,neutral
a688wr,RelayForReddit,post,1544817389,negative
a50w7h,SantasLittleHelpers,post,1544483145,positive
a38075,Twitch,post,1543978339,neutral
a8wqbl,dank_meme,post,1545587802,neutral
a520tw,dankmemes,post,1544491191,neutral
a26t7a,dankmemes,post,1543698319,negative
a9i3kx,dankmemes,post,1545770305,positive
a73ewm,dankmemes,post,1545077519,negative
a6itoc,gorillaz,post,1544907684,neutral
a4w80o,lawschooladmissions,post,1544453037,neutral
a96ga6,neoliberal,post,1545669665,neutral
a2bvu5,noisygifs,post,1543742029,negative
a89wht,questions,post,1545398335,negative
a6lt7e,raisedbynarcissists,post,1544930858,neutral
a3vy2y,rant,post,1544153919,negative
a7vgr9,redditrequest,post,1545290007,neutral
a71xnx,redditrequest,post,1545068296,neutral
a7mvwz,redditrequest,post,1545229815,neutral
a42fzq,redditrequest,post,1544206268,neutral
a6y2jz,2007scape,post,1545035945,negative
a4q95r,AccidentalComedy,post,1544399929,neutral
a7u3as,ApplyingToCollege,post,1545278225,neutral
a8dlli,FortNiteBR,post,1545421280,negative
a6erm2,HistoryMemes,post,1544875928,neutral
a5vq1z,HistoryMemes,post,1544723016,neutral
a7pagw,HistoryMemes,post,1545245519,negative
a5qxkw,Ice_Poseidon,post,1544682123,neutral
ab2w38,Ice_Poseidon,post,1546224642,negative
a9ir95,SantasLittleHelpers,post,1545775470,positive
a5nv7e,SantasLittleHelpers,post,1544658787,positive
a9m8u0,SantasLittleHelpers,post,1545805514,positive
a4c5xz,ShingekiNoKyojin,post,1544287100,positive
ab7r5x,Steam,post,1546268000,negative
a6jmv7,Telegram,post,1544913498,negative
a6hl4m,TheoryOfReddit,post,1544899101,negative
a3mry4,Tools,post,1544091807,neutral
a3grsr,TwoXChromosomes,post,1544045096,negative
a32xbv,answers,post,1543945399,negative
a340fj,apple,post,1543952213,neutral
aaj8sh,bertstrips,post,1546068639,neutral
a58wkb,brockhampton,post,1544549446,negative
a40vjr,dankmemes,post,1544196446,neutral
a6eu76,dankmemes,post,1544876783,neutral
ab5h33,freefolk,post,1546246404,positive
a8jivo,india,post,1545470698,negative
a4h3hm,indianapolis,post,1544321617,neutral
aanpte,legaladvice,post,1546109070,negative
a86cn6,letsplay,post,1545366778,neutral
a4i3iz,melbourne,post,1544330114,negative
a9gsn5,memes,post,1545760570,neutral
a394vd,redditrequest,post,1543986805,neutral
a3stj1,redditrequest,post,1544133338,neutral
a5v8ou,redditrequest,post,1544719971,neutral
a1zaqz,redditrequest,post,1543633214,neutral
a79ine,redditrequest,post,1545124564,neutral
a56wbr,redditrequest,post,1544535752,neutral
a5tpot,shittysuperpowers,post,1544709496,neutral
a4tuyz,spreading,post,1544430142,negative
a1za2s,Amd,post,1543633066,negative
a6wn5s,AskOuija,post,1545022186,negative
a7tkqc,AskOuija,post,1545274226,neutral
a2tm9j,Comcast_Xfinity,post,1543874563,neutral
a36ij7,KingdomHearts,post,1543967932,positive
a8l9mh,MGTOW,post,1545489532,positive
a2msat,NFA,post,1543825742,neutral
aadpp4,SpaceXMasterrace,post,1546027121,positive
a4qp66,WatchRedditDie,post,1544403304,negative
a9axw0,WatchRedditDie,post,1545702796,negative
a20pat,curledfeetsies,post,1543645412,negative
a3nblj,dankmemes,post,1544097284,negative
ab2bb9,deathgrips,post,1546220462,neutral
a8fyab,gonewild,post,1545437437,neutral
a65gxo,horror,post,1544799238,positive
a2igt9,mildlyinfuriating,post,1543792195,negative
a21o10,opieandanthony,post,1543655981,negative
aa9q3e,patientgamers,post,1545998311,neutral
a6n5e8,redditrequest,post,1544944000,neutral
a3hf0a,redditrequest,post,1544049038,neutral
a8r92j,redditrequest,post,1545534062,neutral
a8i5f7,redditrequest,post,1545455838,neutral
a64xl9,redditrequest,post,1544795083,neutral
a6jogl,suns,post,1544913845,neutral
a8rc56,teenagers,post,1545534818,neutral
aak8hl,tennis,post,1546079494,neutral
a97nbu,the1975,post,1545677778,neutral
a2q566,wallstreetbets,post,1543854089,negative
a4v1t3,2007scape,post,1544443105,negative
a6eh5o,AnthemTheGame,post,1544872306,neutral
a5l0sf,AskReddit,post,1544640537,neutral
a5l7lh,AskReddit,post,1544641658,negative
a7un5f,ChapoTrapHouse,post,1545282708,negative
a6s6zy,CryptoCurrency,post,1544989856,negative
a5ahal,DDLC,post,1544559146,neutral
a6r4hz,DeepFriedMemes,post,1544982776,neutral
ab7u7n,DenverBroncos,post,1546268623,neutral
a2efb4,FORTnITE,post,1543767066,negative
a5o46x,FortNiteBR,post,1544660557,negative
a8828x,German,post,1545381671,neutral
a71ejo,Madden,post,1545064924,neutral
ab7c2v,PrequelMemes,post,1546264741,neutral
a44cj7,Reformed,post,1544218380,neutral
a8h1bk,RocketLeagueExchange,post,1545446083,neutral
ab95pg,Showerthoughts,post,1546277215,negative
a8ix3q,The_Donald,post,1545463592,neutral
a3g42t,TownofSalemgame,post,1544041034,neutral
a27y5v,WeWantPlates,post,1543706118,neutral
a7q66c,adventuretime,post,1545251003,negative
aa29l5,collapse,post,1545938664,neutral
a66mbo,copypasta,post,1544806896,neutral
a64yp0,dayz,post,1544795340,negative
aams1y,funkopop,post,1546102791,neutral
a6l9xu,gatekeeping,post,1544926404,negative
a6occu,gatekeeping,post,1544959313,negative
a7tdt2,gatekeeping,post,1545272743,negative
aa4rvk,gorillaz,post,1545955208,negative
a6caxq,help,post,1544848249,negative
a3qklh,lesdom,post,1544120202,negative
a84rex,memes,post,1545354136,neutral
a916m2,nfl,post,1545620981,negative
ab2vq7,reddevils,post,1546224563,neutral
a90vmc,redditrequest,post,1545618449,neutral
a3546g,redditrequest,post,1543958995,neutral
a3gpap,redditrequest,post,1544044666,neutral
a8dglz,redditrequest,post,1545420451,neutral
aafc3w,redditrequest,post,1546037722,neutral
a74nd0,redditrequest,post,1545085253,neutral
a218cg,sissyhypno,post,1543650948,neutral
a9h25c,soccer,post,1545762504,neutral
a36i76,soccercirclejerk,post,1543967859,negative
a60cb3,unpopularopinion,post,1544753184,negative
a9jxb4,AbandonedPorn,post,1545785139,neutral
a2255s,DunderMifflin,post,1543661451,negative
a31fcx,DunderMifflin,post,1543935800,neutral
a53nm4,DunderMifflin,post,1544503577,negative
a5g5x9,DunderMifflin,post,1544601554,negative
a61kd0,DunderMifflin,post,1544762654,negative
a7jb6s,DunderMifflin,post,1545195871,neutral
a8hros,DunderMifflin,post,1545452363,neutral
a9y9vv,DunderMifflin,post,1545907982,negative
a7o8e9,EscapefromTarkov,post,1545238847,neutral
a5i3vd,FFBraveExvius,post,1544621106,neutral
a6j2m9,FortNiteBR,post,1544909394,negative
a6p0kz,FortNiteBR,post,1544967134,negative
a8dp9u,FortNiteBR,post,1545421893,neutral
aa1l87,GTAV_Mods,post,1545934435,neutral
a5m1he,HistoryMemes,post,1544646919,neutral
a3so5s,Ice_Poseidon,post,1544132478,negative
a8yzn8,Ice_Poseidon,post,1545603773,neutral
aaf3x6,Ice_Poseidon,post,1546036200,neutral
a606h4,LAClippers,post,1544752012,negative
a25ft1,Libertarian,post,1543688918,negative
a82sqv,MGTOW,post,1545341811,negative
a6kk78,MensRights,post,1544920565,neutral
a51klm,MortalKombat,post,1544487839,neutral
a37a1f,NoSleepOOC,post,1543973204,neutral
ab8qfl,PewdiepieSubmissions,post,1546274566,neutral
aa5rsa,SoulCalibur,post,1545962468,negative
a26h0z,Spintires,post,1543696003,neutral
a4ywae,boottoobig,post,1544470347,negative
a53acd,brockhampton,post,1544500630,negative
a6im9g,dankmemes,post,1544906299,neutral
a7tkls,gamegrumps,post,1545274202,negative
a5p6ez,guns,post,1544668378,neutral
a88zq3,jordan,post,1545390705,negative
a43zd0,quityourbullshit,post,1544216035,negative
a7c8oe,quityourbullshit,post,1545148402,negative
a9huo2,reddeadredemption,post,1545768420,neutral
a7s32n,redditrequest,post,1545263498,neutral
aaimzs,redditrequest,post,1546063014,neutral
a7b3wx,tax,post,1545140148,neutral
a5ce2c,teenagers,post,1544571279,neutral
a9491n,traps,post,1545650926,neutral
ab5cyt,traps,post,1546245172,neutral
a8q3a0,trashy,post,1545524545,neutral
aa0p0d,unpopularopinion,post,1545928676,negative
a251h6,2007scape,post,1543686231,positive
aapjoc,AskOuija,post,1546121095,neutral
a6cw29,AskOuija,post,1544853707,neutral
a3lvw2,Austin,post,1544082409,negative
a48gxf,CCJ2,post,1544251175,negative
a2xkfj,ComedyCemetery,post,1543900746,negative
ab3dg4,DBZDokkanBattle,post,1546228235,negative
a6e34a,FormulaE,post,1544867352,neutral
a6kvhv,HistoryMemes,post,1544923074,negative
a6pe5x,PewdiepieSubmissions,post,1544970624,neutral
a3g7yu,PrequelMemes,post,1544041674,negative
a9942w,SBU,post,1545688080,negative
a4mi8e,SUBREDDITNAME,post,1544375251,negative
a69iur,TheGoodPlace,post,1544826012,positive
a9du4v,assassinscreed,post,1545732299,neutral
a4gzet,aww,post,1544320707,neutral
a5jhsh,bindingofisaac,post,1544630975,neutral
a5jkuh,bindingofisaac,post,1544631511,neutral
a23o36,bowhunting,post,1543676501,neutral
a9n070,GradSchool,post,1545813922,positive
a9jerw,HighQualityGifs,post,1545780853,neutral
a46kd6,Kings_Raid,post,1544234338,negative
a9kpgm,Kings_Raid,post,1545791990,neutral
abalo1,Kings_Raid,post,1546286109,neutral
a5coey,LeagueOfMeta,post,1544573366,negative
a235qc,Libertarian,post,1543672236,negative
a2bv2j,Libertarian,post,1543741728,positive
a4pv8l,Libertarian,post,1544397041,neutral
a3fikh,NoStupidQuestions,post,1544037418,neutral
a9snvx,PowerMetal,post,1545860393,negative
a90wtf,Prematurecelebration,post,1545618735,negative
a7k6ha,PrequelMemes,post,1545203809,neutral
a7kw0c,TwoBestFriendsPlay,post,1545211421,positive
ab6nef,atletico,post,1546258828,positive
a3yxzf,belgium,post,1544181032,negative
a53lcj,circlejerk,post,1544503041,negative
a2xbig,dankmemes,post,1543899004,neutral
abbokm,funny,post,1546293239,negative
a8ehck,hearthstone,post,1545426957,neutral
a8el36,hearthstone,post,1545427674,neutral
a8njrq,hearthstone,post,1545506217,neutral
aatuu0,hearthstone,post,1546154153,neutral
a37i0c,milwaukee,post,1543974763,negative
a9boj6,redditrequest,post,1545709530,neutral
a3u60q,redditrequest,post,1544141654,neutral
a6ispw,secretsanta,post,1544907506,positive
a5nd41,self,post,1544655346,negative
a9gz12,soccer,post,1545761854,neutral
a9oaa1,stopdrinking,post,1545828243,positive
a3om1l,teenagers,post,1544108220,neutral
a3ps6m,teenagers,post,1544115524,neutral
a4zr1u,tf2,post,1544475701,neutral
a5dmwg,trashy,post,1544580261,neutral
aamm4b,unpopularopinion,post,1546101634,negative
a5ynke,6thForm,post,1544741310,neutral
aar3v6,AppleWatch,post,1546131708,neutral
aaulh2,AppleWatch,post,1546162375,negative
a3lvgp,AskReddit,post,1544082287,neutral
a6l5en,Battlefield,post,1544925404,negative
a6l8cg,Battlefield,post,1544926033,negative
a6pek1,Battlefield,post,1544970720,negative
a6r7dx,Battlefield,post,1544983289,negative
a74cfz,DDLC,post,1545083344,neutral
a290lq,DeepFriedMemes,post,1543713977,neutral
a2ae9z,Drama,post,1543725686,negative
ab69l0,FortNiteBR,post,1546254922,neutral
a3drc6,FortNiteBR,post,1544026782,neutral
a4yts6,Ice_Poseidon,post,1544469911,negative
a3bvcd,Jazz,post,1544013107,neutral
a2ee2j,Kappa,post,1543766825,neutral
a8orea,MapleStory2,post,1545514777,positive
a9tw5m,Repsneakers,post,1545869387,neutral
a8ukei,amiugly,post,1545570899,neutral
a8tde5,auckland,post,1545556401,neutral
a2cn3v,bakchodi,post,1543751478,neutral
a62c8g,childfree,post,1544769315,neutral
a7bqyz,eurovision,post,1545145050,negative
a6u270,facepalm,post,1545002416,neutral
a4gnm2,furry_irl,post,1544318093,neutral
a58i71,gonewild,post,1544546954,positive
a3s9k9,hockey,post,1544130148,negative
a4pldn,paydaytheheist,post,1544395132,neutral
a6hijj,redditrequest,post,1544898588,neutral
a75qyk,redditrequest,post,1545092753,neutral
aav7wa,redditrequest,post,1546169615,neutral
a34bry,redditrequest,post,1543954152,neutral
a3luee,redditrequest,post,1544081995,neutral
a6qtrp,redditrequest,post,1544980888,neutral
aak4nw,redditrequest,post,1546078347,neutral
a7qthu,runescape,post,1545255090,positive
a9hypl,soccer,post,1545769270,negative
a9hz9s,soccer,post,1545769397,negative
a9i35b,soccer,post,1545770212,neutral
a96jwl,stopdrinking,post,1545670331,negative
a61jdo,stopdrinking,post,1544762425,positive
a3qjdg,teenagers,post,1544120004,negative
a3eujt,40kLore,post,1544033311,neutral
abc45w,CPTSD,post,1546296080,neutral
a9vch6,CringeAnarchy,post,1545880379,positive
a4exi3,DDLC,post,1544305491,neutral
a5v7d7,DeepFriedMemes,post,1544719721,negative
a3kj92,DotA2,post,1544070643,positive
a87eks,Drama,post,1545375412,positive
a6ykun,Ice_Poseidon,post,1545041581,negative
aankg1,IndianFood,post,1546108103,neutral
a4jf84,Libertarian,post,1544343728,positive
a1z3cz,SantasLittleHelpers,post,1543631528,positive
a3tzj2,ShokugekiNoSoma,post,1544140446,positive
a5xjtw,TheRedPill,post,1544734365,neutral
a2vl9b,ainbow,post,1543886814,neutral
a60wql,asexuality,post,1544757532,neutral
a9ciqo,dankchristianmemes,post,1545717361,neutral
a4ezid,dankmemes,post,1544305868,negative
a7zcat,ethereum,post,1545321941,neutral
a82bh4,harrypotter,post,1545339078,neutral
a31xd4,help,post,1543939196,negative
a291v0,modhelp,post,1543714254,negative
a654js,pics,post,1544796609,neutral
a8xoc5,raisedbynarcissists,post,1545594426,neutral
a5i0c2,redditrequest,post,1544620317,neutral
aat2y2,redditrequest,post,1546147136,neutral
a77men,redditrequest,post,1545106707,neutral
a8gvew,redditrequest,post,1545444735,negative
a24g98,saskatoon,post,1543682274,positive
a9haxz,soccer,post,1545764314,neutral
a66foy,summonerswar,post,1544805715,neutral
a7fvui,theydidthefuckyou,post,1545171159,negative
a2al1s,unpopularopinion,post,1543727395,negative
a63t1p,unpopularopinion,post,1544784648,negative
a71v5u,unpopularopinion,post,1545067863,negative
a3klt9,AskReddit,post,1544071200,neutral
a9psbq,AutoModerator,post,1545840747,neutral
a4uxyb,CautiousBB,post,1544441994,neutral
a4cshn,Christianity,post,1544291406,negative
a56l0t,FortNiteBR,post,1544533193,neutral
aah2zs,FrankOcean,post,1546050557,neutral
a5d9cr,HaggardGarage,post,1544577493,neutral
a2iaph,Ice_Poseidon,post,1543791064,neutral
a5q10t,Ice_Poseidon,post,1544674516,positive
a37x9t,JustUnsubbed,post,1543977766,neutral
a8tnyn,LeagueOfMeta,post,1545560109,negative
a8ttuy,LeagueOfMeta,post,1545562261,negative
a96ck7,MTB,post,1545668937,negative
a7r4sp,Memes_Of_The_Dank,post,1545257117,neutral
a4kczj,NoSleepOOC,post,1544355262,negative
a9bhd4,PSVR,post,1545707740,positive
a6mibh,Showerthoughts,post,1544937268,negative
a48w5a,SquaredCircle,post,1544255681,negative
a6hsze,Tekken,post,1544900591,negative
a8l9mq,TrueReddit,post,1545489534,negative
a8lamv,TrueReddit,post,1545489763,negative
a8lbix,TrueReddit,post,1545489971,negative
a8lfnu,TrueReddit,post,1545490909,negative
a8li9u,TrueReddit,post,1545491482,negative
a8lid7,TrueReddit,post,1545491502,negative
a8linm,TrueReddit,post,1545491564,negative
a8liqi,TrueReddit,post,1545491580,negative
a8lj7x,TrueReddit,post,1545491688,negative
a8ljbw,TrueReddit,post,1545491711,negative
a8ljga,TrueReddit,post,1545491737,negative
a8ljmm,TrueReddit,post,1545491778,negative
a8ljp9,TrueReddit,post,1545491791,negative
a8ljua,TrueReddit,post,1545491828,negative
a8lk7k,TrueReddit,post,1545491908,negative
a8lkfv,TrueReddit,post,1545491960,negative
a8ln9q,TrueReddit,post,1545492595,negative
a8lndf,TrueReddit,post,1545492619,negative
a8lngy,TrueReddit,post,1545492639,negative
a8lnkg,TrueReddit,post,1545492659,negative
a8lnn8,TrueReddit,post,1545492675,negative
a8lnqm,TrueReddit,post,1545492693,negative
a8lntw,TrueReddit,post,1545492718,negative
a8lo7e,TrueReddit,post,1545492799,negative
a8lol2,TrueReddit,post,1545492875,negative
a8lonp,TrueReddit,post,1545492891,negative
a8loq2,TrueReddit,post,1545492904,negative
a8lp0c,TrueReddit,post,1545492967,negative
a8lp2x,TrueReddit,post,1545492983,negative
a8lpkf,TrueReddit,post,1545493086,negative
a8lpmf,TrueReddit,post,1545493099,negative
a8lpow,TrueReddit,post,1545493113,negative
a8lprd,TrueReddit,post,1545493128,negative
a8lpub,TrueReddit,post,1545493149,negative
a8lpxv,TrueReddit,post,1545493171,negative
a8lq1b,TrueReddit,post,1545493192,negative
a8lqbp,TrueReddit,post,1545493259,negative
a8lqi5,TrueReddit,post,1545493296,negative
a8lqk9,TrueReddit,post,1545493313,negative
a8lqt3,TrueReddit,post,1545493365,negative
a8lqv5,TrueReddit,post,1545493380,negative
a8lqxm,TrueReddit,post,1545493393,negative
a8lr1n,TrueReddit,post,1545493414,negative
a8lr4p,TrueReddit,post,1545493433,negative
a8lr71,TrueReddit,post,1545493448,negative
a8lrsa,TrueReddit,post,1545493575,negative
a8ls0z,TrueReddit,post,1545493624,negative
aa6vl8,assholedesign,post,1545970904,negative
a7yryl,balisong,post,1545318474,neutral
a62zzx,dankmemes,post,1544775817,negative
aa3r6v,dankmemes,post,1545948298,negative
a27wtf,dankmemes,post,1543705847,neutral
a4ef0k,dankmemes,post,1544302179,negative
a50jg8,destiny2,post,1544480767,negative
a3exkt,doctorwho,post,1544033823,neutral
aaq85i,electricdaisycarnival,post,1546125689,neutral
a6c7e3,ffxiv,post,1544847351,negative
a3a3nx,gamindustri,post,1543995099,positive
a4wgol,ihavesex,post,1544454762,neutral
a21cs8,insurgency,post,1543652339,neutral
aac73k,modhelp,post,1546017467,neutral
aat5xw,nba,post,1546147862,negative
ab6w20,redditrequest,post,1546261015,neutral
a5ukrf,redditrequest,post,1544715646,neutral
aazl3q,redditrequest,post,1546202546,neutral
a7ojk5,redditrequest,post,1545240760,neutral
a519lv,redditrequest,post,1544485677,neutral
a8nn4o,redditrequest,post,1545506890,neutral
a4vrr6,redditrequest,post,1544449480,neutral
a7rp27,runescape,post,1545260805,neutral
a5i7vl,shittyaskscience,post,1544622001,neutral
aaan4r,technews,post,1546006484,negative
a5jotg,ukpolitics,post,1544632224,negative
aam1hy,ukpolitics,post,1546097333,neutral
a7w23a,unpopularopinion,post,1545296196,negative
a34mni,woooosh,post,1543956010,neutral
a2v63k,AtlantaHawks,post,1543883905,negative
a6ht9d,Braincels,post,1544900651,positive
a96t2d,DBZDokkanBattle,post,1545672075,negative
a2qcr4,FireEmblemHeroes,post,1543855383,negative
a852ia,Fitness,post,1545356500,neutral
a64iqz,FortNiteBR,post,1544791651,neutral
aaczjo,Gamingcirclejerk,post,1546022530,neutral
a9277d,KingOfTheHill,post,1545629592,negative
a2dpxt,NoFap,post,1543761743,neutral
a3tn53,NoFap,post,1544138230,negative
a2e7ns,NoStupidQuestions,post,1543765560,neutral
a9netv,PewdiepieSubmissions,post,1545818664,neutral
a6vvj2,PrequelMemes,post,1545016016,neutral
a4ss95,PublicFreakout,post,1544419809,negative
aaq43m,SSBM,post,1546124940,negative
a82pg9,Warthunder,post,1545341289,negative
a69gq5,WritingPrompts,post,1544825605,neutral
a4k977,dubai,post,1544354009,neutral
abbv3o,funny,post,1546294436,negative
a5gbm2,help,post,1544603199,neutral
a9o1z5,japan,post,1545825879,neutral
a9curj,rant,post,1545720716,negative
a42og3,redditmobile,post,1544207755,neutral
a8dzlm,redditrequest,post,1545423647,neutral
a39rlk,redditrequest,post,1543992075,neutral
a3fbut,redditrequest,post,1544036281,neutral
a9ohpa,redditrequest,post,1545830240,neutral
a82xte,redditrequest,post,1545342649,neutral
a525qx,redditrequest,post,1544492189,neutral
a4wnv8,statistics,post,1544456168,neutral
aa023g,sugarlifestyleforum,post,1545924178,positive
a9w06t,supergirlTV,post,1545885855,negative
a989wp,teenagers,post,1545682069,neutral
abaskl,tf2,post,1546287327,negative
a6l64q,toosoon,post,1544925555,negative
a6c378,unpopularopinion,post,1544846371,neutral
a5c0lb,wallstreetbets,post,1544568794,negative
ab0rir,wholesomememes,post,1546210047,neutral
a2zl3t,2007scape,post,1543920122,neutral
a4s4qd,Animemes,post,1544414386,negative
a5nwqz,AskOuija,post,1544659088,negative
a91dyj,Assistance,post,1545622714,neutral
a2jy1o,AutoModerator,post,1543802580,neutral
a9jcrc,Bossfight,post,1545780355,negative
a2l6lc,CFB,post,1543811682,neutral
a9esg5,Cricket,post,1545743683,negative
a4zo3j,DeepFriedMemes,post,1544475194,negative
a3buyt,DestinyTheGame,post,1544013015,negative
a4ag1y,DestinyTheGame,post,1544273175,negative
a90jnk,DetroitPistons,post,1545615731,neutral
a3ogd6,Drama,post,1544107096,neutral
a8ctmp,DynastyFF,post,1545416716,neutral
a1zb7x,FIFA,post,1543633312,negative
a235fa,FreeKarma4You,post,1543672161,neutral
a45kte,FreeKarma4You,post,1544226621,neutral
a3jvdv,Games,post,1544065648,negative
a3k30m,Games,post,1544067212,negative
a8dckz,Games,post,1545419781,neutral
a8ddq3,Games,post,1545419967,neutral
a6ad9k,LeagueOfMeta,post,1544832253,neutral
a4o7fw,Libertarian,post,1544386006,neutral
a2r6a8,Warframe,post,1543860283,negative
a4t5f7,WeAreTheMusicMakers,post,1544422981,neutral
a9jmav,aww,post,1545782622,negative
aamrrm,bostontrees,post,1546102738,negative
a82jd6,dankmemes,post,1545340305,neutral
aazz8l,dankmemes,post,1546205004,negative
a6uhyp,donaldglover,post,1545005652,neutral
a98gmi,firefox,post,1545683387,neutral
a4vzsm,happy,post,1544451236,positive
a626nn,leagueoflegends,post,1544767902,negative
a41chd,malefashionadvice,post,1544199460,neutral
ab97w2,mildlyinfuriating,post,1546277587,negative
a2q938,notinteresting,post,1543854752,neutral
a8z75y,opiates,post,1545605367,neutral
a8oxx6,pacers,post,1545516060,neutral
a8kn88,raisedbynarcissists,post,1545483654,neutral
aa0li0,redditrequest,post,1545927999,neutral
a7qz8z,sanantonio,post,1545256129,neutral
aaqvcg,streetphotography,post,1546130065,neutral
a3k6rr,unpopularopinion,post,1544067985,positive
a3jr7o,winnipegjets,post,1544064805,negative
a5n6gl,2007scape,post,1544654152,neutral
a4et8o,AskReddit,post,1544304722,neutral
aaghrn,BPD,post,1546045994,neutral
a2opmf,Braincels,post,1543844300,negative
a6olvk,CPTSD,post,1544962595,positive
a4zhov,DeepFriedMemes,post,1544474081,negative
a2cnxz,DeepFriedMemes,post,1543751762,neutral
a84gvd,EscapefromTarkov,post,1545351973,neutral
ab89ty,MakingaMurderer,post,1546271606,positive
aarofr,PrequelMemes,post,1546135931,neutral
a1ywtr,ShotBow,post,1543630096,neutral
ab60yj,The_Donald,post,1546252415,negative
a4mttd,Warthunder,post,1544377232,neutral
a7ema5,WeAreTheMusicMakers,post,1545163258,neutral
a7h4r4,army,post,1545179496,negative
a99jz2,asktransgender,post,1545691404,neutral
abbqw9,asktrp,post,1546293672,negative
a65p1m,changemyview,post,1544800816,negative
aahqw3,conspiracy,post,1546055764,negative
a8kfks,dankmemes,post,1545481453,negative
a29rup,dankmemes,post,1543720192,neutral
a5lm9f,dankmemes,post,1544644239,neutral
a7zmiw,fitnesscirclejerk,post,1545323597,neutral
a555hj,indianpeoplefacebook,post,1544518262,negative
a33l52,kpop,post,1543949614,neutral
a74dv8,madlads,post,1545083583,neutral
abbx97,me_irl,post,1546294827,neutral
aaebox,memes,post,1546031011,neutral
a9brf2,mildlyinfuriating,post,1545710261,negative
a8wo5u,nba,post,1545587391,neutral
a3fobb,niceguys,post,1544038387,negative
a594fl,niceguys,post,1544550796,negative
a9iqci,opieandanthony,post,1545775273,negative
a6bag0,promote,post,1544839631,neutral
a7kava,raimimemes,post,1545205042,neutral
a7lhdp,raimimemes,post,1545217775,neutral
a7pqvb,raimimemes,post,1545248331,neutral
a97lgq,raimimemes,post,1545677425,neutral
a98q1w,raimimemes,post,1545685259,neutral
ab8vr9,raimimemes,post,1546275498,neutral
a6lk79,reddeadredemption,post,1544928768,negative
a94ia3,redditrequest,post,1545653647,neutral
a7inyr,redditrequest,post,1545190627,neutral
a35iiw,redditrequest,post,1543961428,neutral
a68s9w,redditrequest,post,1544820999,neutral
a24ha5,redditrequest,post,1543682463,neutral
a2nvrh,redditrequest,post,1543837052,neutral
a9gub8,samsung,post,1545760901,negative
a3s42e,secretsanta,post,1544129237,neutral
a4ny78,smashbros,post,1544384397,negative
a9c0us,survivinginfidelity,post,1545712666,neutral
aaumzo,teenagers,post,1546162843,neutral
a2t02z,unpopularopinion,post,1543871134,neutral
a25rlm,unpopularopinion,post,1543691114,negative
a2c41u,xboxone,post,1543744889,positive
a5b0n0,AskReddit,post,1544562456,neutral
a9qwq5,ChapoTrapHouse,post,1545848483,negative
a48u9i,CrazyIdeas,post,1544255080,neutral
a4daa1,CrazyIdeas,post,1544294689,neutral
a5kpmt,CrazyIdeas,post,1544638609,neutral
a81j61,CrazyIdeas,post,1545334479,neutral
a9afkw,Drama,post,1545698303,neutral
aat113,DunderMifflin,post,1546146696,neutral
a2c7qr,F1Game,post,1543746119,neutral
a431lq,FIFA,post,1544210046,negative
a2t158,FortNiteBR,post,1543871300,negative
a7ob7l,FortNiteBR,post,1545239303,negative
a3xofu,HistoryMemes,post,1544167591,negative
a7s7q2,Ice_Poseidon,post,1545264435,negative
a2ebyw,Libertarian,post,1543766436,negative
a6bre5,OttawaSenators,post,1544843581,neutral
aa3dum,Songwriters,post,1545945845,neutral
aa47r9,SpaceXLounge,post,1545951376,positive
a2l4gk,SwagBucks,post,1543811211,negative
a6bbpk,army,post,1544839915,neutral
a71290,beholdthemasterrace,post,1545062653,neutral
a49gqs,dankmemes,post,1544262259,neutral
a8yprb,darkjokes,post,1545601758,neutral
a8yx6s,darkjokes,post,1545603247,neutral
a8z1nk,darkjokes,post,1545604192,neutral
a8z5oo,darkjokes,post,1545605066,neutral
a8vfc2,madlads,post,1545578536,neutral
a98y13,memes,post,1545686844,negative
a8u1zr,misanthropy,post,1545565092,neutral
a9tlyt,modhelp,post,1545867318,neutral
a38sml,nba,post,1543984196,negative
a8rryy,pacers,post,1545538809,neutral
a9q762,pacers,post,1545843694,positive
a5mqvu,redditrequest,post,1544651357,neutral
a2qs0a,steinsgate,post,1543857975,positive
a6s8n6,unpopularopinion,post,1544990166,negative
a6sc5w,unpopularopinion,post,1544990767,negative
ab9b2t,whatisthisthing,post,1546278123,negative
a2alek,worldpolitics,post,1543727488,negative
a4pfgr,100yearsago,post,1544393978,neutral
a7jpj9,AMA,post,1545199365,neutral
a2h77k,AutoModerator,post,1543784242,neutral
aaopb6,GTAV,post,1546115538,neutral
a4qsga,Ice_Poseidon,post,1544404002,neutral
a64xtk,Memes_Of_The_Dank,post,1544795138,positive
a6zj20,NUFC,post,1545050930,neutral
a63a7e,PrequelMemes,post,1544778901,neutral
a1zbx9,PrequelMemes,post,1543633457,negative
a3tuco,PurplePillDebate,post,1544139535,neutral
a90g65,Repsneakers,post,1545614971,neutral
a3ph2o,baseball,post,1544113721,negative
a7i8qf,bertstrips,post,1545187471,negative
a29bld,bostonceltics,post,1543716414,neutral
aaftiw,btc,post,1546041073,negative
abbclr,canucks,post,1546291000,neutral
a5cynl,dankmemes,post,1544575375,neutral
a2ain7,leafs,post,1543726817,neutral
a8eyhd,madlads,post,1545430154,negative
a4keuc,memes,post,1544355892,neutral
a9ysk0,nukedmemes,post,1545913201,negative
a2e217,opieandanthony,post,1543764351,negative
a94cld,redditrequest,post,1545651987,neutral
aacw33,redditrequest,post,1546021911,negative
a4h607,redditrequest,post,1544322189,neutral
a4cm50,sexover30,post,1544290210,neutral
a2sgi0,skyrimmods,post,1543867954,neutral
a62fj8,skyrimmods,post,1544770169,neutral
a77zy2,skyrimmods,post,1545109717,neutral
a7h6an,skyrimmods,post,1545179797,neutral
a90glp,skyrimmods,post,1545615063,neutral
a5xw4d,smalldickproblems,post,1544736484,negative
a3prbn,ssbbw,post,1544115381,negative
a6xp9c,swg,post,1545031876,neutral
aam9z6,wow,post,1546099150,negative
a77eix,49ers,post,1545105011,neutral
a3tj3q,Animemes,post,1544137520,neutral
a4m9vd,AskScienceFiction,post,1544373778,neutral
a58uqn,AtlantaHawks,post,1544549124,neutral
a9mu5y,Drama,post,1545811827,negative
a37k7m,Eyebleach,post,1543975195,negative
a2xjay,FortNiteBR,post,1543900534,negative
a6gtm2,GlobalOffensive,post,1544893769,negative
a3gw9g,GlobalOffensive,post,1544045883,neutral
a26esp,Libertarian,post,1543695562,negative
aanvv2,MaddenUltimateTeam,post,1546110130,negative
a5g96q,Music,post,1544602456,neutral
a5cjyb,Overwatch,post,1544572437,negative
a8p6em,Screenwriting,post,1545517748,neutral
a735yx,Showerthoughts,post,1545075963,negative
a56ixh,Showerthoughts,post,1544532649,positive
a3ovmu,TheRedPill,post,1544110017,neutral
a6b3bc,WTF,post,1544837957,negative
a7we5c,WTF,post,1545299785,neutral
aau9y3,WTF,post,1546158718,negative
a46c90,Warframe,post,1544232528,negative
a77hmp,chrome,post,1545105671,neutral
a7ucmw,copypasta,post,1545280277,negative
a3jjbb,copypasta,post,1544063260,negative
aabcqs,dankmemes,post,1546011856,negative
a9r9e7,dankmemes,post,1545850852,neutral
a3y30f,discordapp,post,1544171935,neutral
a6szvy,exmormon,post,1544995046,neutral
a9nf8v,kindafunny,post,1545818787,neutral
a542w5,melbourne,post,1544507248,negative
a7a5wu,modhelp,post,1545131511,neutral
a4p3rw,modhelp,post,1544391797,neutral
a8hweo,pussy,post,1545453567,negative
a5uzs5,quityourbullshit,post,1544718360,neutral
aa2rbw,redditrequest,post,1545941752,neutral
a8zrqx,redditrequest,post,1545609653,neutral
a5l24v,redditrequest,post,1544640759,neutral
a5vn5c,roblox,post,1544722503,negative
a9dq9k,soccer,post,1545731023,neutral
a4odoz,starcitizen,post,1544387099,neutral
a2lhr5,swdestiny,post,1543814067,neutral
a3usvt,teenagers,post,1544145927,negative
a5alm3,ukpolitics,post,1544559869,neutral
a8ildm,AskReddit,post,1545460053,neutral
a2kq3q,AskReddit,post,1543808169,neutral
a4963m,AskReddit,post,1544258877,neutral
a496eg,AskReddit,post,1544258973,neutral
a50etc,Christianity,post,1544479919,neutral
a3p0oc,Christianity,post,1544110917,negative
a4bgrj,JohnMayer,post,1544282110,neutral
a31tvv,Kappa,post,1543938535,negative
a6akmd,NFL_Draft,post,1544833795,neutral
aajnri,PublicFreakout,post,1546073066,neutral
a2wvoz,RandomKindness,post,1543895764,neutral
a7ibv5,RoastMe,post,1545188106,negative
aampaz,RoastMe,post,1546102260,neutral
a7usdd,RocketLeague,post,1545283932,negative
a62kmf,SantasLittleHelpers,post,1544771477,positive
aa20vc,rust,post,1545937133,negative
a3e59z,sleep,post,1544029144,negative
a6mxao,unpopularopinion,post,1544941452,negative
aas7vi,worldpolitics,post,1546140194,negative
aa09gs,2007scape,post,1545925680,neutral
a2p2h3,AutoModerator,post,1543846966,neutral
a96jvp,Braincels,post,1545670325,negative
a4a2j9,ChapoTrapHouse,post,1544269101,neutral
a8i9p3,ChapoTrapHouse,post,1545456928,neutral
a8zx9b,ChapoTrapHouse,post,1545610790,neutral
a90572,ChapoTrapHouse,post,1545612533,neutral
a3sjaw,CryptoCurrency,post,1544131748,negative
abbwvi,DBZDokkanBattle,post,1546294759,neutral
a46oq6,DataHoarder,post,1544235317,neutral
a5rijq,HalfLife,post,1544687737,neutral
a46jau,HistoryMemes,post,1544234095,negative
a45zmc,Ice_Poseidon,post,1544229688,neutral
ab3txs,Ice_Poseidon,post,1546231706,negative
a5ab8v,LSD,post,1544558128,neutral
a7w9ud,PrequelMemes,post,1545298514,neutral
a2qbml,RocketLeagueExchange,post,1543855185,negative
abbqff,RocketLeagueExchange,post,1546293588,neutral
a86771,The_Donald,post,1545365494,negative
a86dmv,The_Donald,post,1545367012,negative
a6g6hd,XXXTENTACION,post,1544889146,negative
a9wzmp,autism,post,1545894435,neutral
a9xbje,autism,post,1545897669,neutral
a9xee0,autism,post,1545898502,negative
a562aa,copypasta,post,1544528309,negative
aabcu2,dankmemes,post,1546011872,neutral
aabh2e,dankmemes,post,1546012685,neutral
a31h49,dankmemes,post,1543936130,negative
a3ns9t,france,post,1544102058,negative
a7rn84,france,post,1545260477,negative
a6h1dy,madlads,post,1544895292,neutral
a4iphr,memes,post,1544336014,neutral
a8i0iy,mwo,post,1545454625,negative
a521an,netflix,post,1544491290,negative
a426l3,outside,post,1544204626,negative
a9x6sx,redditrequest,post,1545896323,neutral
a34z01,redditrequest,post,1543958101,neutral
a5u9xk,redditrequest,post,1544713612,neutral
aaoj7e,redditrequest,post,1546114414,neutral
a9f93x,soccer,post,1545748319,neutral
a3kmyv,softwaregore,post,1544071455,negative
a5n65d,softwaregore,post,1544654094,neutral
aa7o2f,stopdrinking,post,1545977499,neutral
aap6kg,timberwolves,post,1546118680,negative
ab3ceo,unpopularopinion,post,1546227990,negative
a2zxkn,volleyball,post,1543923677,neutral
a6gtdx,AskReddit,post,1544893724,neutral
a8g4f3,BostonBruins,post,1545438706,neutral
a3w1ua,CatTaps,post,1544154687,neutral
ab3n59,FORTnITE,post,1546230251,neutral
a6crh2,GoneMild,post,1544852467,neutral
a81dnk,GoneMild,post,1545333590,neutral
a9hlk2,GoneMild,post,1545766522,positive
a2iq2g,IASIP,post,1543793979,positive
a91x6d,Ice_Poseidon,post,1545627238,negative
a8unkb,IdleHeroes,post,1545571788,neutral
a4xxv8,Libertarian,post,1544464455,negative
a3nrzj,Memes_Of_The_Dank,post,1544101995,negative
a73j99,RequestABot,post,1545078272,neutral
a9f40z,Seahawks,post,1545746946,positive
a5nhob,ShadowBan,post,1544656173,neutral
aa9u8i,Showerthoughts,post,1545999392,negative
a26c9o,The_Donald,post,1543695065,negative
a9lugh,The_Donald,post,1545801906,neutral
a6livd,XXXTENTACION,post,1544928462,negative
a27rzn,dankmemes,post,1543704931,negative
a5tjz2,dankmemes,post,1544708214,negative
a8t7la,dankmemes,post,1545554278,negative
a8vkxk,dankmemes,post,1545579753,negative
a3prm7,dankmemes,post,1544115426,negative
aacy6c,detroitlions,post,1546022291,neutral
a58sxs,help,post,1544548816,negative
a77f1s,india,post,1545105124,positive
a9ae7m,lakers,post,1545697980,neutral
a5f77o,mildlyinfuriating,post,1544592534,negative
a9poya,raimimemes,post,1545840077,neutral
a6v905,reddeadredemption,post,1545011231,negative
a48847,redditrequest,post,1544248897,neutral
a5k0o0,redditrequest,post,1544634304,neutral
aa32ou,stalker,post,1545943811,neutral
a3nhwx,teenagers,post,1544099829,negative
a5mvp2,AgainstHateSubreddits,post,1544652191,negative
a2fe4q,Baking,post,1543773259,neutral
a20f8s,CFB,post,1543642821,neutral
a7gaks,Drama,post,1545173781,neutral
a6mkwd,FloridaPanthers,post,1544937934,neutral
a6mlrs,FloridaPanthers,post,1544938183,neutral
a8casf,FortNiteBR,post,1545413706,neutral
a5qic0,HistoryMemes,post,1544678348,neutral
a3kyoi,Kappa,post,1544074134,negative
a4p6sm,NoStupidQuestions,post,1544392357,negative
a4dk2o,NoStupidQuestions,post,1544296462,neutral
a3xkbe,SEO,post,1544166549,neutral
a2awph,Showerthoughts,post,1543730533,negative
a4u4mq,androiddev,post,1544433082,positive
a7ub4t,canucks,post,1545279936,negative
a30rxc,cripplingalcoholism,post,1543930971,neutral
a62cc4,cripplingalcoholism,post,1544769342,negative
a7kaea,cripplingalcoholism,post,1545204916,neutral
a2vbvp,happy,post,1543885031,positive
a248tq,india,post,1543680806,neutral
a7wx05,redditrequest,post,1545304619,neutral
a4jxfc,redditrequest,post,1544349998,neutral
a43ki9,redditrequest,post,1544213378,neutral
a9w643,redditrequest,post,1545887242,neutral
a6wimj,redditrequest,post,1545021136,neutral
a6x0e4,unpopularopinion,post,1545025378,negative
a6x1g4,unpopularopinion,post,1545025643,negative
a9pera,2007scape,post,1545838005,negative
a5gnqq,China,post,1544606943,negative
a99etl,Cricket,post,1545690285,neutral
a35oea,FortNiteBR,post,1543962468,negative
a4oms3,FortNiteBR,post,1544388701,neutral
aba1o5,FortNiteBR,post,1546282646,negative
a4cj22,FortNiteBR,post,1544289639,negative
a3s74g,GlobalOffensive,post,1544129741,neutral
a4sfmd,LGBTeens,post,1544416811,negative
a8zdud,NintendoSwitch,post,1545606722,neutral
a4ykuh,Yosemite,post,1544468404,positive
a8agr2,funny,post,1545402328,negative
a8500g,hamptonbrandon,post,1545355980,negative
a51hyf,iamverybadass,post,1544487292,neutral
a21d0j,insurgency,post,1543652413,neutral
a5xtti,legaladvice,post,1544736075,neutral
aa207d,lotro,post,1545937018,negative
a6la02,newzealand,post,1544926420,neutral
a9pgib,phish,post,1545838382,positive
a29tig,raisedbynarcissists,post,1543720577,neutral
a3guls,runescape,post,1544045587,positive
a7j9ht,subnautica,post,1545195499,neutral
aalfmc,technology,post,1546092201,negative
aaf5va,teenagers,post,1546036560,negative
a92g9r,torontoraptors,post,1545631879,negative
a8ld0e,AmItheAsshole,post,1545490320,negative
aan5ht,CPTSD,post,1546105353,neutral
a4xc2e,CringeAnarchy,post,1544460629,negative
a256nb,CringeAnarchy,post,1543687225,negative
a53nhb,DeepFriedMemes,post,1544503550,neutral
a2bbm0,DeepFriedMemes,post,1543734982,neutral
a7er3u,DeepFriedMemes,post,1545164108,negative
a251j5,FIFA,post,1543686239,negative
a27k4c,FIFA,post,1543703380,neutral
a35j5l,FIFA,post,1543961537,neutral
a3cyt8,FIFA,post,1544021599,neutral
a3czb0,FIFA,post,1544021697,positive
a3q26r,FIFA,post,1544117191,neutral
a3uw0a,FIFA,post,1544146517,negative
a4c2tz,FIFA,post,1544286494,neutral
a4d6n4,FIFA,post,1544294044,neutral
a4dcpl,FIFA,post,1544295142,neutral
a4e0m3,FIFA,post,1544299461,neutral
a4m4tx,FIFA,post,1544372801,neutral
a5226o,FIFA,post,1544491474,negative
a5e6xg,FIFA,post,1544584440,negative
a5k2pa,FIFA,post,1544634638,neutral
a65ap3,FIFA,post,1544797927,negative
a69et8,FIFA,post,1544825251,negative
a6hbsp,FIFA,post,1544897275,neutral
a6ry7r,FIFA,post,1544988239,negative
a85il8,FIFA,post,1545359993,negative
a8q8c0,FIFA,post,1545525630,negative
a97tge,FIFA,post,1545678899,negative
a9f1kz,FIFA,post,1545746317,negative
ab9idg,FIFA,post,1546279351,negative
ab9ina,FIFA,post,1546279398,negative
a5c4w2,GreenBayPackers,post,1544569554,neutral
a2c41h,Ice_Poseidon,post,1543744884,negative
a7sryw,Ice_Poseidon,post,1545268404,neutral
a7vn0s,Ice_Poseidon,post,1545291749,neutral
aastp7,IdeasForAskreddit,post,1546145047,neutral
a9g92l,Knife_Swap,post,1545756604,positive
a2um2x,Libertarian,post,1543880195,positive
a63q8b,Memes_Of_The_Dank,post,1544783749,negative
a3uwe2,ModSupport,post,1544146586,neutral
a671j4,SantasLittleHelpers,post,1544809608,positive
a4ewfr,ShadowBan,post,1544305279,neutral
a7s12v,Showerthoughts,post,1545263113,negative
a7uat7,SwagBucks,post,1545279868,negative
a497pu,The_Donald,post,1544259422,negative
a77fid,arenaofvalor,post,1545105220,neutral
a9w0hm,brooklynninenine,post,1545885929,neutral
a55eoo,dank_meme,post,1544521166,negative
aaemsv,dankmemes,post,1546032998,neutral
a6k3sa,dankmemes,post,1544917064,negative
a4qbfy,dankmemes,post,1544400429,negative
a86jkg,dankmemes,post,1545368436,negative
a742mi,iRacing,post,1545081621,neutral
a38gkz,iamverybadass,post,1543981603,negative
a5jx8h,legaladvice,post,1544633727,neutral
a3u5ok,memes,post,1544141588,neutral
a9rw3j,memes,post,1545855091,neutral
a4x9oa,modhelp,post,1544460206,neutral
aat2tv,nba,post,1546147110,neutral
a8nkk1,orangecounty,post,1545506376,neutral
a5k5hr,raisedbynarcissists,post,1544635111,negative
a93uv9,rantgrumps,post,1545646600,negative
a7ng0u,redditrequest,post,1545233688,neutral
aa4jr6,redditrequest,post,1545953651,neutral
a6ohmd,snackexchange,post,1544961192,neutral
a9fiwx,soccer,post,1545750800,neutral
a6a8ts,teenagers,post,1544831253,neutral
a6ac1q,teenagers,post,1544831980,neutral
a6sn73,teenagers,post,1544992774,negative
a4isos,tf2,post,1544336884,negative
aaepmb,thebachelor,post,1546033509,neutral
a1zy0f,thingsforants,post,1543638757,negative
ab4yrj,toastme,post,1546241234,neutral
a4xicm,unpopularopinion,post,1544461730,negative
a9jmfs,wallstreetbets,post,1545782653,negative
a1y5jf,2007scape,post,1543624112,negative
a3lutf,2007scape,post,1544082112,negative
a3uwef,2007scape,post,1544146588,negative
a4o7gb,2007scape,post,1544386008,neutral
a53hyw,2007scape,post,1544502266,neutral
a5dseo,2007scape,post,1544581415,neutral
a5lesp,2007scape,post,1544642922,neutral
a5o5r4,2007scape,post,1544660875,neutral
a5onfq,2007scape,post,1544664474,negative
a5oslq,2007scape,post,1544665568,positive
a5v8m1,2007scape,post,1544719956,neutral
a64pps,2007scape,post,1544793276,neutral
a65bi0,2007scape,post,1544798106,neutral
a6vn98,2007scape,post,1545014249,negative
a6yp4u,2007scape,post,1545042858,negative
a73q2k,2007scape,post,1545079465,neutral
a7kw14,2007scape,post,1545211426,positive
a8mza2,2007scape,post,1545502192,positive
a9268u,2007scape,post,1545629396,neutral
a9px7o,2007scape,post,1545841759,negative
a9qhvx,2007scape,post,1545845719,negative
a9w254,2007scape,post,1545886324,neutral
aadw6x,2007scape,post,1546028266,neutral
aaoeud,2007scape,post,1546113614,neutral
a42ywz,AgainstHateSubreddits,post,1544209592,negative
a9pfvn,AgainstHateSubreddits,post,1545838244,negative
a9kfrh,AskOuija,post,1545789625,neutral
a28143,AskOuija,post,1543706706,neutral
a57soq,ChoosingBeggars,post,1544542374,positive
a8dtt6,Christianity,post,1545422645,negative
a8sj58,Christianity,post,1545546240,negative
a95yko,Christianity,post,1545666125,negative
a9ek0j,Christianity,post,1545741095,negative
a2j3c3,DeepFriedMemes,post,1543796515,neutral
a2sdt7,DeepFriedMemes,post,1543867511,neutral
a3j3iv,DeepFriedMemes,post,1544060127,neutral
a3kdkt,DeepFriedMemes,post,1544069431,positive
a3q0xv,DeepFriedMemes,post,1544116982,negative
a3ru0v,DeepFriedMemes,post,1544127563,negative
a47n4p,DeepFriedMemes,post,1544243589,negative
a4l577,DeepFriedMemes,post,1544363968,neutral
a4oq5v,DeepFriedMemes,post,1544389282,neutral
a5ppki,DeepFriedMemes,post,1544672226,neutral
a6oh7p,DeepFriedMemes,post,1544961048,negative
a7dsfe,DeepFriedMemes,post,1545158105,neutral
a856ri,DeepFriedMemes,post,1545357431,neutral
a8i2cj,DeepFriedMemes,post,1545455088,negative
a8kyc4,DeepFriedMemes,post,1545486696,neutral
a8mss9,DeepFriedMemes,post,1545500971,negative
a9xvjr,DeepFriedMemes,post,1545903723,negative
aa53x9,DeepFriedMemes,post,1545957542,negative
aa8gje,DeepFriedMemes,post,1545984948,negative
aaoyq9,DeepFriedMemes,post,1546117251,negative
aaxx6i,DeepFriedMemes,post,1546191899,neutral
aaz70p,DeepFriedMemes,post,1546200053,negative
ab5vrn,DeepFriedMemes,post,1546250921,negative
abcfb7,DeepFriedMemes,post,1546298093,negative
a860a3,Kanye,post,1545363912,neutral
a96dc2,LGBTeens,post,1545669086,neutral
a264kl,Libertarian,post,1543693598,negative
a9yo0w,Memes_Of_The_Dank,post,1545912010,neutral
a9w9q4,PeopleBeingJerks,post,1545888076,negative
a7uqec,PrequelMemes,post,1545283463,neutral
a8q59d,Tennesseetitans,post,1545524983,neutral
a9pnfz,The_Donald,post,1545839786,neutral
a4j4ym,TheoryOfReddit,post,1544340420,negative
a6snc6,TheoryOfReddit,post,1544992802,negative
a8hprx,TheoryOfReddit,post,1545451892,neutral
a9h99m,TheoryOfReddit,post,1545763968,neutral
a6lyhl,Wilmington,post,1544932141,neutral
a77kun,boottoobig,post,1545106373,neutral
a29zhh,brooklynninenine,post,1543722034,neutral
aafwfy,buccaneers,post,1546041674,neutral
a7hkr9,dankmemes,post,1545182614,positive
a8amh3,dankmemes,post,1545403421,negative
abc36w,funny,post,1546295892,negative
a27h4f,help,post,1543702797,negative
a7vf56,jailbreak,post,1545289575,negative
a32c63,jambands,post,1543941776,neutral
a7879x,latterdaysaints,post,1545111461,neutral
aajbjv,legaladvice,post,1546069405,neutral
a6w9lu,manga,post,1545019055,neutral
a4is89,pathofexile,post,1544336764,neutral
a65q0l,redditrequest,post,1544801006,neutral
a3s9mt,redditrequest,post,1544130158,neutral
a31eim,shiba,post,1543935648,neutral
a4gqtq,smashbros,post,1544318805,neutral
a4xiex,smashbros,post,1544461744,negative
a5qjdv,stopdrinking,post,1544678606,neutral
a2absq,ufl,post,1543725069,negative
a6c8nw,unpopularopinion,post,1544847673,neutral
aa8hhl,AskOuija,post,1545985231,neutral
a9n3sd,Christianity,post,1545815075,negative
a4m0dg,Comcast_Xfinity,post,1544371733,neutral
a8nacr,FashionReps,post,1545504391,neutral
a4cq6u,FashionReps,post,1544290965,neutral
a6vpjf,Ice_Poseidon,post,1545014739,negative
a6vyg9,Ice_Poseidon,post,1545016626,negative
a6qhay,Ice_Poseidon,post,1544978623,neutral
a2d8xc,Libertarian,post,1543757846,negative
a7p6w3,Libertarian,post,1545244881,negative
a6qvyt,MGTOW,post,1544981286,negative
a999q7,Memes_Of_The_Dank,post,1545689219,neutral
a7q8uz,NewOrleans,post,1545251456,neutral
aau3ff,RedvsBlue,post,1546156674,negative
aa3lo8,RimWorld,post,1545947283,negative
aa7605,RimWorld,post,1545973261,negative
a6j1xm,Seaofthieves,post,1544909261,negative
a38we4,SeattleWA,post,1543985041,neutral
a7719v,StudentNurse,post,1545102169,neutral
a3189l,Vaping,post,1543934398,positive
a2v8mp,Vent,post,1543884391,negative
a99zz0,asktransgender,post,1545694867,neutral
a3ur45,brockhampton,post,1544145594,negative
aa85s0,dankmemes,post,1545981885,negative
a83zg7,dankmemes,post,1545348866,negative
a9x12m,evilbuildings,post,1545894789,negative
a9x59j,evilbuildings,post,1545895906,negative
aagdag,funny,post,1546045082,neutral
ab4qof,lgbt,post,1546239158,positive
a4vbf0,ottawa,post,1544445616,positive
a59u93,redditrequest,post,1544555217,neutral
aaew4r,redditrequest,post,1546034713,neutral
a6jmo6,redditrequest,post,1544913460,neutral
a3daig,redditrequest,post,1544023799,neutral
a4iymy,redditrequest,post,1544338516,neutral
a8h1k7,stopdrinking,post,1545446132,positive
a5pdqw,washingtonwizards,post,1544669861,neutral
a9fhha,Barca,post,1545750462,negative
aa5bxo,Bestbuy,post,1545959153,neutral
a349ov,CoDCompetitive,post,1543953794,negative
a6fuul,DeepFriedMemes,post,1544886532,neutral
a5fs2f,HistoryMemes,post,1544597730,neutral
a6lhb1,Ice_Poseidon,post,1544928093,negative
a6vpwc,Ice_Poseidon,post,1545014812,negative
a7szlt,Ice_Poseidon,post,1545269899,negative
aayhpt,SantasLittleHelpers,post,1546195602,positive
a3yvs5,ShingekiNoKyojin,post,1544180420,negative
a93fj5,Showerthoughts,post,1545641843,negative
a75lqz,bangtan,post,1545091722,neutral
a70uaa,dank_meme,post,1545061167,neutral
a7hluk,dankmemes,post,1545182837,neutral
a7twfb,dankmemes,post,1545276705,negative
a68k1q,dankmemes,post,1544819444,negative
a9wt5w,dirtykikpals,post,1545892773,neutral
a88jhi,exmuslim,post,1545386371,neutral
a9nce7,exmuslim,post,1545817915,neutral
a4t0kr,gonewild,post,1544421787,negative
a6rfbw,grammar,post,1544984734,positive
ab606m,latterdaysaints,post,1546252198,neutral
a5wlc2,me_irl,post,1544728431,neutral
a65s9g,mildlyinfuriating,post,1544801440,negative
a42hgy,modhelp,post,1544206535,neutral
aac9h9,modhelp,post,1546017911,neutral
a36hzc,musicians,post,1543967821,neutral
a4qlai,nyjets,post,1544402455,negative
a5ojjz,redditmobile,post,1544663669,negative
a7qwwg,redditrequest,post,1545255713,neutral
a4lxk9,redditrequest,post,1544371086,neutral
a2sqwu,redditrequest,post,1543869691,neutral
a3r4nz,redditrequest,post,1544123451,neutral
a7ci1b,selfies,post,1545150084,neutral
a9ccud,soccer,post,1545715792,negative
aagag5,teenagers,post,1546044484,negative
aawuz9,uspolitics,post,1546184734,negative
a6mnuu,3DS,post,1544938748,negative
a925o2,3DS,post,1545629243,negative
a9cvdm,3DS,post,1545720890,negative
a4q4nx,BattleRite,post,1544398987,neutral
a3kdhi,Drama,post,1544069410,neutral
a8gu2c,Drugs,post,1545444434,neutral
a53pny,FlashTV,post,1544504062,positive
a5mhh9,FortNiteBR,post,1544649725,negative
aaolrd,GlobalOffensiveTrade,post,1546114884,positive
a2qk2k,Gunners,post,1543856650,neutral
a96ocs,KingdomHearts,post,1545671175,negative
a7ree0,LegalAdviceUK,post,1545258855,neutral
a2rnes,Libertarian,post,1543863139,neutral
a295yu,Libertarian,post,1543715141,neutral
a6jtw3,PSVR,post,1544914988,neutral
ab0mr3,PhantomForces,post,1546209199,neutral
ab14vx,PhantomForces,post,1546212531,neutral
a3btzw,PrequelMemes,post,1544012770,neutral
a4tlni,SantasLittleHelpers,post,1544427409,neutral
a9hzjm,The_Donald,post,1545769452,neutral
aar22l,UtahJazz,post,1546131352,negative
a37orh,Warframe,post,1543976092,negative
aa2mf2,audiophile,post,1545940920,neutral
a67827,bigdickproblems,post,1544810732,neutral
a6784m,bigdickproblems,post,1544810744,neutral
a3pk0u,canucks,post,1544114200,negative
a596ve,dankmemes,post,1544551222,neutral
a5e8ez,dankmemes,post,1544584745,neutral
a72li6,dankmemes,post,1545072454,neutral
a7lcnl,dankmemes,post,1545216405,negative
aayafy,dankmemes,post,1546194291,negative
a8pqc0,help,post,1545521853,neutral
a23hi4,needamod,post,1543674998,neutral
a59c0d,opiates,post,1544552043,negative
aa4ak6,ravens,post,1545951895,neutral
a4pzmc,redditrequest,post,1544397936,neutral
a6g1va,redditrequest,post,1544888123,neutral
a9aenk,redditrequest,post,1545698077,neutral
aa8ziq,redditrequest,post,1545990677,neutral
a5y2s3,sugarlifestyleforum,post,1544737616,neutral
a31bsa,wallstreetbets,post,1543935106,negative
a31cyx,wallstreetbets,post,1543935347,negative
a6fs72,2007scape,post,1544885949,negative
a7a2nw,Braincels,post,1545130514,neutral
ab4eld,Cricket,post,1546236246,negative
a3hp26,DBZDokkanBattle,post,1544050856,negative
a4s7ax,DungeonsAndDragons,post,1544414925,negative
a2b7ui,KHUx,post,1543733785,neutral
a21e9n,Libertarian,post,1543652831,negative
a662r7,PrequelMemes,post,1544803393,neutral
a2b4zt,RotMG,post,1543732932,negative
a7otfl,The_Donald,post,1545242513,neutral
a20sbp,VACsucks,post,1543646245,positive
a2a3r4,apple,post,1543723086,negative
a4qe9l,cscareerquestions,post,1544400998,neutral
a8xql8,dankmemes,post,1545594865,negative
a2nsx4,dankmemes,post,1543836262,positive
a9e5uv,dankmemes,post,1545736229,neutral
a3jgec,dankmemes,post,1544062676,negative
a6a780,electronicmusic,post,1544830929,positive
a27qke,entp,post,1543704650,positive
a4foig,entp,post,1544310711,neutral
ab70ab,funny,post,1546261998,neutral
a8x8u0,giantbomb,post,1545591408,negative
a34j3c,gifs,post,1543955395,negative
a91qcw,just_post,post,1545625593,negative
a5sxot,madlads,post,1544702874,negative
a9gs93,malefashionadvice,post,1545760494,negative
a2lx2l,pcmasterrace,post,1543817597,negative
a42fxe,rape,post,1544206257,negative
a7vikj,reddeadredemption,post,1545290526,negative
a264r8,redditrequest,post,1543693636,neutral
aba74w,redditrequest,post,1546283566,neutral
a6ifrq,redditrequest,post,1544905075,neutral
a9xut8,sbubby,post,1545903499,neutral
a5or54,secretsanta,post,1544665257,neutral
a57lhz,shrooms,post,1544541038,neutral
a9v0rl,teenagers,post,1545877853,negative
a6r8yt,unpopularopinion,post,1544983550,negative
aa44ac,whatisthisthing,post,1545950730,negative
a4269a,AskHistorians,post,1544204571,neutral
aa2umu,CAguns,post,1545942347,negative
a2a7pd,CringeAnarchy,post,1543724042,negative
a6duvp,HistoryMemes,post,1544864502,neutral
a6j4wt,HistoryMemes,post,1544909849,negative
ab3rn2,KansasCityChiefs,post,1546231199,negative
a2tqsn,MurderedByWords,post,1543875242,negative
a8d1rq,NEO,post,1545418034,neutral
a55df1,NegativeWithGold,post,1544520765,negative
a4ioth,Nepal,post,1544335829,negative
a2x5wr,Overwatch,post,1543897840,neutral
a98w5k,Perfectfit,post,1545686474,negative
a8odsu,Portland,post,1545512135,neutral
a8jc2d,PrequelMemes,post,1545468400,negative
aaxsp1,RealGirls,post,1546191075,negative
a46yt6,SantasLittleHelpers,post,1544237712,positive
a7ha29,SquaredCircle,post,1545180524,negative
a6hkkp,Texans,post,1544898994,neutral
a80wit,The_Donald,post,1545330815,neutral
a6tmz9,Twitch,post,1544999425,neutral
a4r034,askwomenadvice,post,1544405634,neutral
a2z636,dankmemes,post,1543915672,negative
a6suzf,dankmemes,post,1544994161,neutral
a7f01d,dankmemes,post,1545165695,negative
a4sqtv,linuxmasterrace,post,1544419458,positive
a70kbw,photography,post,1545059192,neutral
ab4x7q,redditrequest,post,1546240805,neutral
a74mod,redditrequest,post,1545085122,neutral
a74dqg,redditrequest,post,1545083559,neutral
a3muz2,sadboys,post,1544092702,neutral
a9iehn,soccer,post,1545772688,neutral
a9if6t,soccer,post,1545772845,neutral
a8pipq,softwaregore,post,1545520280,positive
a79b1l,streetwear,post,1545122296,neutral
a7inmu,teenagers,post,1545190557,neutral
a6u28i,thebachelor,post,1545002423,neutral
a6kmfj,Animemes,post,1544921055,neutral
a4w1if,FortNiteBR,post,1544451617,negative
a6bsd9,FortNiteBR,post,1544843794,negative
a41eil,HistoryMemes,post,1544199819,neutral
a53tjt,HouseOfCards,post,1544504939,negative
a5nd0f,Ice_Poseidon,post,1544655328,neutral
a4uhcr,Jokes,post,1544437040,negative
a946hh,NOLAPelicans,post,1545650137,neutral
a8odra,Showerthoughts,post,1545512128,neutral
a2lnj6,SoulCalibur,post,1543815382,neutral
a45fde,SquaredCircle,post,1544225512,negative
a5e02t,SquaredCircle,post,1544582982,negative
a5v53e,SquaredCircle,post,1544719317,negative
a8d14f,SquaredCircle,post,1545417931,negative
a8m5qn,SquaredCircle,post,1545496409,neutral
a9cqy0,SquaredCircle,post,1545719642,negative
a9hqvy,SquaredCircle,post,1545767616,negative
aasw1a,SquaredCircle,post,1546145568,negative
a5zzxk,SwordOrSheath,post,1544750673,negative
a7luwp,TrueOffMyChest,post,1545221431,negative
a8k42t,Twitch,post,1545477694,negative
a9q074,ableton,post,1545842330,neutral
a50pwt,arenaofvalor,post,1544481978,neutral
aa8f4e,batman,post,1545984524,neutral
a2vpaf,chemicalreactiongifs,post,1543887585,negative
a9ofpq,dankmemes,post,1545829736,negative
a4ps7d,dankmemes,post,1544396444,negative
a684u4,facepalm,post,1544816641,negative
a5kzys,forza,post,1544640392,neutral
abbm82,funny,post,1546292793,neutral
a92x6b,gatekeeping,post,1545636263,negative
a3fc5a,greece,post,1544036332,neutral
a8w9ch,help,post,1545584642,neutral
a8xvuq,islam,post,1545595874,neutral
aa8q9f,islam,post,1545987911,positive
a31564,memes,post,1543933771,negative
a832lp,memes,post,1545343412,neutral
a81hw2,osugame,post,1545334284,neutral
a7uvt1,overlord,post,1545284737,neutral
a2wfdf,radiohead,post,1543892556,neutral
a2x5wg,redditrequest,post,1543897838,neutral
a93s3a,redditrequest,post,1545645759,neutral
aa57gt,redditrequest,post,1545958260,neutral
aao0h7,redditrequest,post,1546110972,neutral
a9i0ud,soccer,post,1545769719,positive
a9i116,soccer,post,1545769761,positive
a9i3d7,soccer,post,1545770255,neutral
a9i332,soccer,post,1545770196,neutral
a33zvl,socialjustice101,post,1543952128,neutral
a6th1o,videogamedunkey,post,1544998266,positive
a7har6,videos,post,1545180656,neutral
aa9sas,wholesomememes,post,1545998881,neutral
aaq4yf,AskReddit,post,1546125099,negative
a9cup5,Badfaketexts,post,1545720695,negative
a4akx6,Brawlstars,post,1544274531,negative
a3ihrf,Eminem,post,1544055940,neutral
a3jc0q,Eminem,post,1544061801,neutral
a3k5zp,Eminem,post,1544067830,neutral
a69b1t,FortNiteBR,post,1544824544,neutral
a5bppq,FortNiteBR,post,1544566845,negative
a5not4,Huskers,post,1544657544,positive
a9esf2,Ice_Poseidon,post,1545743673,neutral
a4ywhh,Libertarian,post,1544470385,negative
a57cn2,Libertarian,post,1544539281,neutral
a3vuj1,Memes_Of_The_Dank,post,1544153206,negative
a4f5jm,Rainbow6,post,1544307014,neutral
a9ixdp,SuicideWatch,post,1545776851,neutral
a5yr44,autism,post,1544741970,negative
a9414w,dankmemes,post,1545648511,neutral
a6ciuo,fakehistoryporn,post,1544850262,negative
a462sb,help,post,1544230385,negative
a8hcr3,instantkarma,post,1545448716,negative
aaeppy,me_irl,post,1546033524,negative
a5uc2v,modhelp,post,1544714015,neutral
a2g80g,popping,post,1543778334,negative
a8yijf,rant,post,1545600293,negative
a5e2cp,redditrequest,post,1544583466,neutral
a8y3mv,redditrequest,post,1545597391,neutral
a5hxon,redditrequest,post,1544619694,neutral
aac6i5,redditrequest,post,1546017358,neutral
a77f3a,redditrequest,post,1545105132,neutral
a5n63j,redditrequest,post,1544654084,neutral
a9fcly,soccer,post,1545749241,neutral
a80kd5,softwaregore,post,1545328907,neutral
a7jl9y,sydney,post,1545198300,neutral
aaqwml,unpopularopinion,post,1546130311,negative
a9b8hb,wichita,post,1545705509,negative
a4b2jm,woooosh,post,1544278898,negative
a5q7gs,2007scape,post,1544675928,negative
a2aw8f,AdviceAnimals,post,1543730417,negative
a90wvw,Berserk,post,1545618752,neutral
a7t11k,ChapoTrapHouse,post,1545270162,negative
a72rnb,FFBraveExvius,post,1545073497,neutral
a4d86y,IndiaSpeaks,post,1544294328,negative
a2b49j,JapanTravel,post,1543732707,negative
ab3u54,Jokes,post,1546231750,neutral
a2kyiy,JonTron,post,1543809932,neutral
a60biy,JordanPeterson,post,1544753039,neutral
aaq9up,Kikpals,post,1546126023,negative
a8uj4t,PrequelMemes,post,1545570564,negative
a2hecq,RequestABot,post,1543785413,neutral
a4hgju,The_Donald,post,1544324530,neutral
a38a3i,alcohol,post,1543980275,negative
a800rl,dankmemes,post,1545325806,negative
a9vihl,dankmemes,post,1545881686,neutral
a6hqb2,fitnesscirclejerk,post,1544900071,negative
ab9saa,fitnesscirclejerk,post,1546281060,negative
a92j57,fivenightsatfreddys,post,1545632607,neutral
a97cjz,forsen,post,1545675729,negative
aa2w0j,forsen,post,1545942602,neutral
a6le5l,hockey,post,1544927368,negative
a1yqei,nfl,post,1543628673,neutral
a97mwi,redditrequest,post,1545677699,neutral
a80hdx,redditrequest,post,1545328434,neutral
a2d3e3,redditrequest,post,1543756400,neutral
a24ic9,soccercirclejerk,post,1543682672,negative
a7qf81,softwaregore,post,1545252571,neutral
a6xk9f,teenagers,post,1545030497,neutral
a3p33w,timberwolves,post,1544111347,neutral
a2inrf,AskReddit,post,1543793536,negative
a5486e,AskReddit,post,1544508563,negative
a93sp0,BeautyGuruChatter,post,1545645950,positive
a37ibj,Cockatrice,post,1543974825,neutral
a8yezc,Comcast_Xfinity,post,1545599593,neutral
a2dzfh,FortNiteBR,post,1543763790,neutral
a5bpg9,Ice_Poseidon,post,1544566795,negative
a7e06b,Ice_Poseidon,post,1545159486,neutral
a2y8sy,JonTron,post,1543906272,neutral
a7dv3q,LeagueOfMeta,post,1545158567,negative
a6p403,MapPorn,post,1544968050,negative
a52vc9,NYGiants,post,1544497483,neutral
a5mfi1,OrlandoMagic,post,1544649364,negative
a97jxa,PewdiepieSubmissions,post,1545677130,negative
ab13nh,Showerthoughts,post,1546212300,negative
a92e7u,SweatyPalms,post,1545631357,negative
a2vmu1,TooAfraidToAsk,post,1543887112,negative
a3p5lu,TooAfraidToAsk,post,1544111778,neutral
aaeyzl,TooAfraidToAsk,post,1546035258,neutral
ab2ju8,TooAfraidToAsk,post,1546222152,neutral
aavyep,UFOs,post,1546177297,negative
a9la9w,WritingPrompts,post,1545797056,neutral
a9diez,funny,post,1545728297,neutral
a7s39h,gaming,post,1545263536,neutral
aaz86j,hockeyplayers,post,1546200245,neutral
a2asy8,im14andthisisdeep,post,1543729527,negative
a654bc,memes,post,1544796555,negative
a9a74e,playrust,post,1545696449,neutral
aamaww,raisedbynarcissists,post,1546099342,neutral
a41i26,redditrequest,post,1544200427,neutral
a7z1fr,technology,post,1545320105,neutral
a77t2k,torontoraptors,post,1545108152,neutral
a2x5kz,ucf,post,1543897779,negative
a21d44,unpopularopinion,post,1543652449,negative
a4knh4,vegan,post,1544358712,negative
a8umq7,vegan,post,1545571565,negative
a2gdjl,worldpolitics,post,1543779265,negative
a9906v,wow,post,1545687289,neutral
a235j2,AnthemTheGame,post,1543672186,negative
a8v09q,BikiniBottomTwitter,post,1545575049,neutral
aa4kob,Brawlstars,post,1545953823,neutral
a64y99,CasualConversation,post,1544795239,negative
a65w4t,CasualConversation,post,1544802186,negative
a6fl5t,DBZDokkanBattle,post,1544884257,negative
a3wrsa,DeepFriedMemes,post,1544159849,negative
a9wfqe,DeepIntoYouTube,post,1545889506,negative
a9d6u1,FortNiteBR,post,1545724429,neutral
a91cn9,FreeKarma4U,post,1545622413,negative
a769wm,FurryArtSchool,post,1545096614,neutral
a5v0nv,HistoryMemes,post,1544718521,negative
a6vrxg,Ice_Poseidon,post,1545015246,negative
aasbm9,Ice_Poseidon,post,1546141016,negative
a8dw1h,KingdomHearts,post,1545423014,neutral
a2513g,Libertarian,post,1543686159,neutral
ab3wcb,MaddenUltimateTeam,post,1546232224,negative
a5gh94,RoastMyCar,post,1544605017,negative
a2dqnz,SantasLittleHelpers,post,1543761903,positive
a5eyt0,ShadowBan,post,1544590602,negative
a3vjyp,TheRedPill,post,1544151168,neutral
a2nve2,UtahJazz,post,1543836951,neutral
a5j00a,australia,post,1544627719,negative
a6hl1c,censorship,post,1544899085,negative
aag97b,chicago,post,1546044246,neutral
a2q84v,circlejerk,post,1543854596,negative
a2qwzm,circlejerk,post,1543858801,negative
a8959h,circlejerk,post,1545392112,negative
a9a38u,dankmemes,post,1545695579,neutral
a2iywd,dankmemes,post,1543795692,neutral
a9kf3a,dankmemes,post,1545789457,negative
a96qmc,dankmemes,post,1545671607,neutral
aanlcf,dankmemes,post,1546108257,neutral
a32mzr,discordapp,post,1543943623,negative
aaq60f,funny,post,1546125303,negative
a3ydk3,help,post,1544175170,negative
a7p1jf,iRacing,post,1545243946,neutral
aalm3i,ladybonersgw,post,1546093807,neutral
a9tmoe,memes,post,1545867451,negative
a2ykfr,pacers,post,1543909287,negative
a2vwlu,pyrocynical,post,1543889002,neutral
a5mjrk,redditrequest,post,1544650122,neutral
a8cy0n,redditrequest,post,1545417430,neutral
a9ss18,redditrequest,post,1545861221,neutral
a5v5c6,redditrequest,post,1544719357,neutral
a9bed0,thatHappened,post,1545706982,negative
a2w5oa,trees,post,1543890741,negative
a8aj24,unpopularopinion,post,1545402754,negative
aaf8f9,unpopularopinion,post,1546037037,negative
a9b2t5,wichita,post,1545704044,neutral
a2czbf,BokuNoHeroAcademia,post,1543755329,positive
aaknu6,BokuNoHeroAcademia,post,1546084391,neutral
a4ybd0,FortNiteBR,post,1544466773,negative
aba746,Ice_Poseidon,post,1546283562,negative
a99nzp,Ice_Poseidon,post,1545692284,negative
a4ig54,Libertarian,post,1544333447,neutral
a7cvbk,Memes_Of_The_Dank,post,1545152428,negative
a3o9ed,MrRobot,post,1544105650,neutral
aau9x1,Nepal,post,1546158697,negative
a7xxej,OutOfTheLoop,post,1545312562,negative
a4jqvu,PewdiepieSubmissions,post,1544347803,negative
a41q1u,SCJerk,post,1544201833,negative
a8tub4,Showerthoughts,post,1545562428,neutral
a23n3j,Showerthoughts,post,1543676284,negative
a23nw0,Showerthoughts,post,1543676460,negative
a256ca,Showerthoughts,post,1543687171,negative
a256tg,Showerthoughts,post,1543687249,negative
a2577k,Showerthoughts,post,1543687318,negative
a2fbpc,Showerthoughts,post,1543772837,negative
a2zjoz,Showerthoughts,post,1543919715,negative
a36gfl,Showerthoughts,post,1543967528,negative
a371z1,Showerthoughts,post,1543971603,negative
a3afrp,Showerthoughts,post,1543998530,negative
a3lrgs,Showerthoughts,post,1544081196,negative
a3lw1n,Showerthoughts,post,1544082453,negative
a428yg,Showerthoughts,post,1544205029,negative
a467th,Showerthoughts,post,1544231497,neutral
a4hz8u,Showerthoughts,post,1544329028,negative
a4j82a,Showerthoughts,post,1544341360,neutral
a55g49,Showerthoughts,post,1544521587,negative
a6pi3j,Showerthoughts,post,1544971564,negative
a71rkc,Showerthoughts,post,1545067227,negative
a7j3ss,Showerthoughts,post,1545194141,negative
a7j5d8,Showerthoughts,post,1545194538,negative
a7m3hx,Showerthoughts,post,1545223573,negative
a7sroj,Showerthoughts,post,1545268345,negative
a7tjdp,Showerthoughts,post,1545273942,negative
a7tm9c,Showerthoughts,post,1545274541,neutral
a82544,Showerthoughts,post,1545338056,neutral
a84ofx,Showerthoughts,post,1545353524,negative
a8asxc,Showerthoughts,post,1545404631,negative
a8d6up,Showerthoughts,post,1545418860,neutral
a8enxj,Showerthoughts,post,1545428206,negative
a8exxi,Showerthoughts,post,1545430051,negative
a8p9b2,Showerthoughts,post,1545518328,negative
a8pqoh,Showerthoughts,post,1545521923,negative
a93kpq,Showerthoughts,post,1545643466,negative
a98o7h,Showerthoughts,post,1545684891,negative
a9dtcw,Showerthoughts,post,1545732044,negative
a9dufd,Showerthoughts,post,1545732393,negative
a9ifum,Showerthoughts,post,1545772979,negative
a9t6mp,Showerthoughts,post,1545864197,negative
a9vtuv,Showerthoughts,post,1545884216,negative
aa269a,Showerthoughts,post,1545938074,negative
aa2kt5,Showerthoughts,post,1545940641,negative
aahky3,Showerthoughts,post,1546054474,neutral
aasakr,Showerthoughts,post,1546140796,negative
aasx9t,Showerthoughts,post,1546145859,negative
ab1df0,Showerthoughts,post,1546214107,positive
ab4bx6,Showerthoughts,post,1546235629,neutral
a3og0d,Sneakers,post,1544107025,neutral
a6r3u2,SquaredCircle,post,1544982662,neutral
a3ziqi,SquaredCircle,post,1544186595,negative
a5eccj,The_Donald,post,1544585573,neutral
a7f7kx,The_Donald,post,1545166995,neutral
aahbjm,The_Donald,post,1546052410,positive
abcony,The_Mueller,post,1546299724,positive
a8boel,XXXTENTACION,post,1545410051,positive
a2if63,beta,post,1543791887,neutral
a7gn14,conspiracy,post,1545176121,neutral
a9ddtz,dankmemes,post,1545726706,negative
a6vfz6,dankmemes,post,1545012684,negative
a6yrdg,dankmemes,post,1545043434,negative
a7ejny,dragonballfighterz,post,1545162801,neutral
a64t38,eu4,post,1544794062,neutral
a271ou,femalefashionadvice,post,1543699903,neutral
a5nuxp,memes,post,1544658734,negative
a6wg8t,nfl,post,1545020574,negative
a5yl5w,redditrequest,post,1544740870,neutral
a7z2a0,redditrequest,post,1545320255,neutral
a8rp8i,redditrequest,post,1545538145,neutral
a54uw3,redditrequest,post,1544515004,neutral
a3h6vh,redditrequest,post,1544047674,neutral
a9mq3t,rescuedogs,post,1545810489,neutral
a4qggc,smashbros,post,1544401452,negative
a33nme,unpopularopinion,post,1543950029,negative
a1yw8m,unpopularopinion,post,1543629975,negative
a2bfzi,unpopularopinion,post,1543736438,negative
a2i4n2,unpopularopinion,post,1543789951,negative
a2joea,unpopularopinion,post,1543800637,negative
a2jpjy,unpopularopinion,post,1543800854,negative
a33e4s,unpopularopinion,post,1543948396,negative
a3lr3m,unpopularopinion,post,1544081094,neutral
a3mrcu,unpopularopinion,post,1544091645,negative
a3n9ru,unpopularopinion,post,1544096810,negative
a3wxyw,unpopularopinion,post,1544161189,negative
a4gqs9,unpopularopinion,post,1544318794,negative
a53sbc,unpopularopinion,post,1544504661,negative
a5rzh2,unpopularopinion,post,1544692913,negative
a60f89,unpopularopinion,post,1544753820,negative
a635od,unpopularopinion,post,1544777544,negative
a63gbi,unpopularopinion,post,1544780740,positive
a66pve,unpopularopinion,post,1544807524,negative
a66qsd,unpopularopinion,post,1544807698,positive
a6byjj,unpopularopinion,post,1544845250,neutral
a6l7dh,unpopularopinion,post,1544925811,negative
a6lg31,unpopularopinion,post,1544927805,negative
a6lhf2,unpopularopinion,post,1544928120,negative
a6ssve,unpopularopinion,post,1544993792,negative
a7p7i0,unpopularopinion,post,1545244996,negative
a7tb64,unpopularopinion,post,1545272198,negative
a7tbui,unpopularopinion,post,1545272342,negative
a8jp24,unpopularopinion,post,1545472789,negative
a8lxqi,unpopularopinion,post,1545494771,positive
a4gtfc,dankmemes,post,1544319373,negative
a5511f,dankmemes,post,1544516879,negative
a5512s,dankmemes,post,1544516889,negative
a6qr71,ehlersdanlos,post,1544980423,neutral
ab99vi,funny,post,1546277929,neutral
abaclg,funny,post,1546284518,neutral
a4llzu,ideasfortheadmins,post,1544368306,neutral
a54u5s,indieheads,post,1544514770,neutral
a311bv,redditrequest,post,1543932969,neutral
a9dbo0,soccer,post,1545725983,neutral
a9dccv,soccer,post,1545726214,neutral
a9dcmn,soccer,post,1545726308,negative
aaravd,AustralianPolitics,post,1546133155,neutral
a8jkdo,Bossfight,post,1545471198,negative
aarx7k,ChapoTrapHouse,post,1546137843,negative
a6ycz4,DMAcademy,post,1545039204,neutral
a8lzez,FortNiteBR,post,1545495111,negative
a8n5q8,NASCAR,post,1545503463,positive
a5vyut,Petscop,post,1544724532,neutral
a2yf0c,RocketLeague,post,1543907838,positive
a4zs7k,SCJerk,post,1544475902,negative
a6dg2q,SantasLittleHelpers,post,1544859533,neutral
a3ize4,Warframe,post,1544059307,negative
a3u00w,apolloapp,post,1544140535,neutral
a8ezo6,apolloapp,post,1545430379,negative
a9ukzq,brasil,post,1545874530,negative
a6mbqy,dankmemes,post,1544935501,negative
ab7597,dankmemes,post,1546263153,negative
a66eiu,dankmemes,post,1544805495,negative
a4x1c3,ghibli,post,1544458670,neutral
aaj4d6,jewelry,post,1546067447,neutral
a9a8gt,metroidvania,post,1545696715,neutral
a25usk,nukedmemes,post,1543691723,negative
ab67ms,oaklandraiders,post,1546254386,neutral
aaxmsp,realasians,post,1546190004,negative
a9h5d9,redditrequest,post,1545763169,positive
a99m0m,redditrequest,post,1545691831,neutral
a5l812,redditrequest,post,1544641730,neutral
a8dacj,redditrequest,post,1545419417,neutral
a6ln22,relationship_advice,post,1544929425,neutral
a8kahj,teenagers,post,1545479845,positive
a6ahok,thatHappened,post,1544833166,negative
aav1c6,trans,post,1546167566,negative
a4lb04,Advice,post,1544365518,neutral
a4ry8j,BostonU,post,1544412973,negative
a2h7pz,CHIBears,post,1543784328,neutral
a9825i,CoinBase,post,1545680597,neutral
a4fwka,DeepFriedMemes,post,1544312364,negative
a85ulf,DestinyTheGame,post,1545362632,neutral
aag58n,FortNiteBR,post,1546043444,neutral
a3jso7,Games,post,1544065097,negative
a9uhca,Ice_Poseidon,post,1545873756,negative
ab25c0,Images,post,1546219308,negative
a27uky,LSD,post,1543705425,negative
a46cvd,MaddenUltimateTeam,post,1544232658,negative
aamqq9,MarchAgainstTrump,post,1546102537,neutral
a8e7mf,NoStupidQuestions,post,1545425161,neutral
a45ghk,SantasLittleHelpers,post,1544225735,positive
a7me7z,Sissies,post,1545226017,neutral
a7vh2q,UtahJazz,post,1545290095,negative
a2xqlw,botsrights,post,1543901937,negative
a4oow9,dirtykikpals,post,1544389068,neutral
aa736z,drunk,post,1545972616,negative
abc745,funny,post,1546296626,negative
abcbxq,funny,post,1546297490,negative
a3wsq9,funny,post,1544160055,neutral
a61m47,funny,post,1544763066,neutral
a61qgd,funny,post,1544764045,negative
a748d2,funny,post,1545082647,neutral
a7stfc,funny,post,1545268703,neutral
a8ib92,funny,post,1545457316,neutral
a93p53,funny,post,1545644842,neutral
a9huwt,funny,post,1545768470,neutral
a9mfrv,funny,post,1545807449,negative
aaik9l,funny,post,1546062336,negative
aayf3f,funny,post,1546195136,neutral
ab77g6,funny,post,1546263696,negative
abatn8,funny,post,1546287505,neutral
abbtfg,funny,post,1546294134,negative
abc1e3,funny,post,1546295574,negative
abc35c,funny,post,1546295883,negative
abc4ya,funny,post,1546296224,negative
abc5fo,funny,post,1546296318,negative
abcc0b,funny,post,1546297504,neutral
abcdxj,funny,post,1546297854,neutral
abchbv,funny,post,1546298444,negative
abck3v,funny,post,1546298932,negative
abcmw4,funny,post,1546299413,negative
abcpzh,funny,post,1546299955,negative
abcspv,funny,post,1546300469,negative
a2d3xr,im14andthisisdeep,post,1543756554,negative
a64tjy,im14andthisisdeep,post,1544794190,negative
a71ms7,im14andthisisdeep,post,1545066373,negative
a7nyz9,lawschooladmissions,post,1545237174,neutral
a58b5o,madlads,post,1544545734,negative
a6lnbr,manga,post,1544929492,neutral
a4g2n4,osugame,post,1544313674,negative
a56yq6,redditrequest,post,1544536293,neutral
a7n98k,redditrequest,post,1545232425,neutral
a81zr7,runescape,post,1545337187,neutral
a3xv4w,southpark,post,1544169497,negative
a7v4nf,techsupport,post,1545286899,negative
a4v5eo,trees,post,1544444082,negative
a6mjtj,trees,post,1544937641,neutral
a728xp,trees,post,1545070256,negative
a79iyu,trees,post,1545124662,negative
a7xgo0,trees,post,1545309104,negative
a9cg4w,trees,post,1545716649,negative
a9x7x5,Animemes,post,1545896645,neutral
ab1gmx,Blackfellas,post,1546214725,neutral
a36q37,Brewers,post,1543969331,neutral
aaqanq,CPTSD,post,1546126173,neutral
a4hro6,DunderMifflin,post,1544327140,neutral
a587zf,FortNiteBR,post,1544545192,negative
a6j8py,HistoryMemes,post,1544910623,neutral
a610ee,HistoryMemes,post,1544758326,negative
a9x92v,Tennesseetitans,post,1545896976,neutral
a4dufn,The_Donald,post,1544298325,neutral
a6eaht,WorldOfWarships,post,1544869918,positive
a5dswt,beetlejuicing,post,1544581527,neutral
a9weu6,beetlejuicing,post,1545889282,negative
a841ih,books,post,1545349221,neutral
a7c4fc,chicago,post,1545147608,negative
a7r1g8,dankmemes,post,1545256517,neutral
a2e3os,dankmemes,post,1543764713,negative
a833nq,discordapp,post,1545343586,negative
a4im1o,gaming,post,1544335082,negative
abbphd,gonewild,post,1546293414,positive
aasy4d,iamverybadass,post,1546146047,negative
a2sncm,kilian,post,1543869102,negative
a8sozy,netflix,post,1545547931,neutral
a91elr,newzealand,post,1545622863,negative
ab1wxn,portugaltheman,post,1546217724,neutral
a45e0q,redditrequest,post,1544225233,neutral
a34f1v,redditrequest,post,1543954700,neutral
a2bkkc,redditrequest,post,1543738046,neutral
a3e0o8,shamelessplug,post,1544028377,neutral
a386lz,shittyaskscience,post,1543979573,neutral
a4f1ro,tipofmytongue,post,1544306312,negative
a59jpd,unpopularopinion,post,1544553404,negative
a87ek8,AskOuija,post,1545375408,neutral
a87hdr,AskOuija,post,1545376089,neutral
a6ztc9,Browns,post,1545053400,positive
a674sf,CringeAnarchy,post,1544810172,negative
a34l1r,Firearms,post,1543955731,neutral
a36a31,Ice_Poseidon,post,1543966321,negative
a6gwm4,Libertarian,post,1544894342,neutral
a81745,PrequelMemes,post,1545332541,neutral
a9dst1,Robocraft,post,1545731886,negative
a6mwuc,Showerthoughts,post,1544941318,negative
aau1jl,SubredditDrama,post,1546156092,negative
a9cr78,TankPorn,post,1545719713,negative
a7xnm0,The_Donald,post,1545310613,neutral
aawzcq,TryingForABaby,post,1546185635,neutral
a6oxun,UnethicalLifeProTips,post,1544966355,negative
a35duh,assholedesign,post,1543960640,neutral
a6v4pf,assholedesign,post,1545010281,negative
a7tgnz,assholedesign,post,1545273348,negative
a7qvf0,dankchristianmemes,post,1545255436,neutral
aawu10,dankmemes,post,1546184533,negative
a922y8,darkjokes,post,1545628578,neutral
a6eq62,deadbydaylight,post,1544875442,neutral
a5eic1,facepalm,post,1544586858,negative
a5vwpj,findareddit,post,1544724176,neutral
a4p7l9,findareddit,post,1544392514,negative
aawney,findareddit,post,1546183122,neutral
a6fyl4,firewater,post,1544887389,neutral
a7jtif,raimimemes,post,1545200367,neutral
aamyq1,redditrequest,post,1546104055,neutral
a2jcik,redditrequest,post,1543798275,neutral
a2l859,redditrequest,post,1543812016,neutral
a4h4af,smashbros,post,1544321791,positive
a9irvq,teenagers,post,1545775608,negative
a3gru4,teenagers,post,1544045104,neutral
a3sxio,teenmom,post,1544133957,neutral
a4ycmx,tipofmypenis,post,1544466988,neutral
a9sz30,wallstreetbets,post,1545862647,negative
a49u2e,wholesomememes,post,1544266494,neutral
a8tjmc,wholesomememes,post,1545558646,neutral
aanqam,wholesomememes,post,1546109151,positive
aanr3j,wholesomememes,post,1546109295,positive
a9ulkp,woooosh,post,1545874653,negative
a3avc1,xboxone,post,1544003289,neutral
a96k30,2007scape,post,1545670363,neutral
ab79c9,AskHR,post,1546264127,neutral
a7dxlj,AskReddit,post,1545159022,neutral
a5affa,Assistance,post,1544558823,positive
a54bh5,Bitcoin,post,1544509411,negative
a8s658,BreadStapledToTrees,post,1545542585,negative
a6919n,Catholicism,post,1544822683,neutral
aa3p6g,Ice_Poseidon,post,1545947939,neutral
a8tfor,IndiaSpeaks,post,1545557186,neutral
a23jcc,MGTOW,post,1543675428,negative
a8gs70,MaddenUltimateTeam,post,1545444016,negative
a34ufo,NYYankees,post,1543957341,neutral
aarz8a,Neverbrokeabone,post,1546138294,negative
aajn77,Rainbow6,post,1546072884,negative
a64aeq,Rainbow6,post,1544789537,negative
a8vcd5,adoptareddit,post,1545577873,neutral
a3rvla,assholedesign,post,1544127820,neutral
a45tce,assholedesign,post,1544228350,neutral
a5zrv8,assholedesign,post,1544749003,neutral
a66h6x,dankmemes,post,1544805973,negative
a2mg05,dankmemes,post,1543822289,neutral
ab2y50,dankmemes,post,1546225064,neutral
a7thqi,europe,post,1545273587,negative
a80boj,europe,post,1545327513,neutral
a5ce8d,help,post,1544571312,neutral
aak0az,lakers,post,1546077009,negative
aam0pk,rapbattles,post,1546097153,negative
a9slp3,redditrequest,post,1545859954,neutral
aax33d,redditrequest,post,1546186332,neutral
a4pbmk,teenagers,post,1544393255,neutral
aau9w1,unpopularopinion,post,1546158686,negative
a3ln2a,unpopularopinion,post,1544080044,negative
a6dpy0,unpopularopinion,post,1544862741,negative
a2b26c,AntiJokes,post,1543732076,negative
a2hbj3,AskMen,post,1543784956,neutral
a4ofrf,AskMen,post,1544387476,negative
a8sw4r,BikiniBottomTwitter,post,1545550275,negative
a929ew,BikiniBottomTwitter,post,1545630158,negative
a21nao,ChapoTrapHouse,post,1543655757,positive
a3xxyt,ComedyNecrophilia,post,1544170337,positive
a3uxtg,CryptoCurrency,post,1544146874,negative
a62kkn,Drama,post,1544771464,negative
a2axnu,Drama,post,1543730801,negative
a2s5sn,FellowKids,post,1543866176,neutral
a58tjb,FortNiteBR,post,1544548944,negative
a53xiw,FortNiteBR,post,1544505926,positive
a47mr7,Good_Cop_Free_Donut,post,1544243499,positive
a7hck4,GrandTheftAutoV_PC,post,1545181008,neutral
aar0cj,IASIP,post,1546131018,negative
a9riys,JusticeServed,post,1545852657,neutral
aa1giy,JusticeServed,post,1545933636,neutral
a9bycf,Louisiana,post,1545712002,neutral
a9lp05,Maplestory,post,1545800571,neutral
a585it,MapsWithoutNZ,post,1544544739,negative
a5iuew,Nicegirls,post,1544626662,negative
a4gqvm,Spore,post,1544318816,neutral
a3vw4q,StarWarsBattlefront,post,1544153530,neutral
a2waye,Whatcouldgowrong,post,1543891729,negative
a4jpce,bakchodi,post,1544347260,neutral
a78ev6,conspiracy,post,1545113319,neutral
a5fawh,dogpictures,post,1544593390,negative
aaeyon,ekkomains,post,1546035198,positive
a9rnwl,freefolk,post,1545853573,negative
a9cedh,gorillaz,post,1545716204,negative
aaeh2b,iamverysmart,post,1546031981,negative
a8800m,ideasfortheadmins,post,1545381026,neutral
a4roz4,joinsquad,post,1544410954,negative
a69f2e,kratom,post,1544825294,neutral
a69jey,kratom,post,1544826120,negative
a7jofs,kratom,post,1545199097,negative
a3kiax,redditrequest,post,1544070432,neutral
a4pfyy,redditrequest,post,1544394080,neutral
a2ap9g,redditrequest,post,1543728525,neutral
a9b62g,redditrequest,post,1545704901,neutral
a7eiya,selfies,post,1545162663,neutral
a7embo,selfies,post,1545163264,neutral
a9bh7r,shitpost,post,1545707708,negative
a5zfnu,smashbros,post,1544746632,negative
a7h6eb,socialjustice101,post,1545179821,neutral
a8g93b,teenagers,post,1545439708,neutral
a5c6ns,witcher,post,1544569885,neutral
a38pkq,Braincels,post,1543983520,negative
a9m5k9,Fantasy,post,1545804628,positive
a970l3,FortNiteBR,post,1545673500,negative
a4ffht,Libertarian,post,1544308956,negative
a8mnpz,OneyPlays,post,1545499958,negative
a6zbds,Perfectfit,post,1545048964,negative
a8l2o5,PewdiepieSubmissions,post,1545487812,negative
a80xnp,PewdiepieSubmissions,post,1545330999,positive
a2z0f7,ShokugekiNoSoma,post,1543914007,negative
a86gor,aussievapers,post,1545367750,neutral
a5g7pm,bonehurtingjuice,post,1544602033,negative
aacln5,cakeday,post,1546020083,neutral
a7tr2m,cybersecurity,post,1545275535,neutral
a7weki,dankmemes,post,1545299924,negative
a9ms5g,dankmemes,post,1545811195,neutral
a7ttwz,dankmemes,post,1545276160,negative
a58jx4,funny,post,1544547266,neutral
aag3z4,hamptonbrandon,post,1546043168,negative
a37jsi,penguins,post,1543975110,neutral
aam8vo,raisedbynarcissists,post,1546098908,neutral
a87gbc,runescape,post,1545375823,positive
a2hpxw,salty,post,1543787375,neutral
a9btl6,soccer,post,1545710796,negative
a5tebv,trees,post,1544706929,negative
a4gzgy,truetf2,post,1544320720,negative
aa9k7k,unpopularopinion,post,1545996658,negative
a2jzm6,woooosh,post,1543802883,neutral
a78p04,Advice,post,1545115904,negative
a83kr6,AskDocs,post,1545346391,neutral
a8p8dz,AskOuija,post,1545518145,neutral
a4npr9,AutoModerator,post,1544382913,neutral
a6masv,DenverBroncos,post,1544935251,negative
a94c7q,Draven,post,1545651879,negative
a5q2u6,Eminem,post,1544674912,neutral
aazyf8,FortNiteBR,post,1546204866,neutral
a7qjty,FreeKarma4U,post,1545253382,negative
a853z2,FreeKarma4U,post,1545356810,neutral
a8sqcs,FreeKarma4U,post,1545548376,neutral
a2afy3,HaggardGarage,post,1543726130,negative
a8ohst,Ice_Poseidon,post,1545512891,neutral
a309v4,Libertarian,post,1543926789,neutral
a5wthu,ModSupport,post,1544729866,neutral
a2w4xh,SantasLittleHelpers,post,1543890598,positive
a59tlv,SantasLittleHelpers,post,1544555101,negative
a8jeja,Shave_Bazaar,post,1545469231,neutral
a44zed,Simulated,post,1544222500,negative
a26kxj,Sneakers,post,1543696755,neutral
a4hzl7,TheGoodPlace,post,1544329120,neutral
aaqsuq,The_Donald,post,1546129603,negative
a7z7v1,dankmemes,post,1545321207,neutral
ab680i,dankmemes,post,1546254484,neutral
a26cxn,dankmemes,post,1543695198,neutral
aa829w,dankmemes,post,1545980998,negative
a7hgaj,dankmemes,post,1545181722,neutral
a5nevz,dankmemes,post,1544655663,neutral
a5gftg,deadbydaylight,post,1544604545,negative
a5gp1t,deadbydaylight,post,1544607335,negative
abc1nq,funny,post,1546295618,negative
a9fpku,funny,post,1545752342,negative
a6exin,gonewild,post,1544877843,neutral
a4aiea,modhelp,post,1544273867,neutral
a2ehkp,nfl,post,1543767495,neutral
a8m75a,redditrequest,post,1545496709,neutral
aaqrnh,redditrequest,post,1546129376,neutral
a6esu6,secretsanta,post,1544876333,neutral
a8xau8,starterpacks,post,1545591799,positive
a9rt4b,AskFeminists,post,1545854550,negative
a7kmnt,AskOuija,post,1545208531,neutral
aakxkr,AskOuija,post,1546087357,neutral
aam5rl,AskOuija,post,1546098248,neutral
a7cmpg,AskReddit,post,1545150898,neutral
a2azor,Chargers,post,1543731366,neutral
a5bahg,Destiny,post,1544564148,neutral
a7bfra,DrDisrespectLive,post,1545142731,negative
a50rmv,Fantasy,post,1544482296,neutral
a8ujwb,FormulaE,post,1545570766,negative
a9lokz,GradeAUnderA,post,1545800478,neutral
aa1sop,Ice_Poseidon,post,1545935746,positive
a2ctnm,KansasCityChiefs,post,1543753578,negative
a2cvnh,KansasCityChiefs,post,1543754217,negative
a5xi7p,LetsNotMeet,post,1544734078,neutral
a4j2dt,Libertarian,post,1544339630,negative
a7iwj3,NoStupidQuestions,post,1545192505,negative
a3qgzc,NotMyJob,post,1544119608,negative
aaouyp,PersonalFinanceCanada,post,1546116566,neutral
aa0qud,PrequelMemes,post,1545929021,positive
a3mtrr,Warframe,post,1544092351,negative
a452sx,Warframe,post,1544223120,positive
a5wqgf,apolloapp,post,1544729349,neutral
a2r1bx,aww,post,1543859473,negative
a6jmgv,blackladies,post,1544913420,negative
a5b8kl,dankmemes,post,1544563829,neutral
a5b8zs,dankmemes,post,1544563897,neutral
a8qmbb,dankmemes,post,1545528784,neutral
aa2zbo,dankmemes,post,1545943202,neutral
aaovj6,dankmemes,post,1546116671,negative
a7a6mq,hearthstone,post,1545131732,negative
a7bvp3,marvelstudios,post,1545145941,negative
a9uhnr,memes,post,1545873827,negative
aaqkyz,memes,post,1546128178,negative
ab729y,philadelphia,post,1546262444,neutral
a45jo9,premed,post,1544226379,neutral
a6xe7j,raimimemes,post,1545028864,negative
a89fd5,reddeadredemption,post,1545394565,neutral
ab2qmq,redditrequest,post,1546223563,neutral
a319nz,redditrequest,post,1543934675,neutral
a6nn03,teenagers,post,1544950099,negative
a8eiv3,tesdcares,post,1545427255,neutral
a5rgpi,trebuchetmemes,post,1544687183,negative
a8mc5d,unpopularopinion,post,1545497713,negative
a2pisw,wallstreetbets,post,1543850055,negative
a4cmkw,wallstreetbets,post,1544290294,negative
a8dp5d,wallstreetbets,post,1545421871,neutral
a8s0kf,wallstreetbets,post,1545541086,neutral
aa2dg1,wallstreetbets,post,1545939339,neutral
aajj80,washingtonwizards,post,1546071679,negative
a4jjlp,worldpolitics,post,1544345265,negative
a9ruzh,Assistance,post,1545854881,positive
a5xrv9,AutoModerator,post,1544735736,neutral
a7gimw,Braincels,post,1545175280,neutral
a9t6n9,Braincels,post,1545864199,negative
a21bgu,CringeAnarchy,post,1543651926,negative
a6mlb0,DesignPorn,post,1544938052,negative
aakhkm,DesignPorn,post,1546082352,negative
a2xw40,DotA2,post,1543903211,neutral
a33zue,DotA2,post,1543952125,neutral
a3tr42,DotA2,post,1544138959,neutral
a64ue6,DotA2,post,1544794345,negative
aa2n0b,DotA2,post,1545941017,negative
ab50tq,Drama,post,1546241787,negative
a6gfvs,HistoryMemes,post,1544891140,positive
a6dlal,Ice_Poseidon,post,1544861237,negative
a2kfzg,JonTron,post,1543806138,positive
a2sot8,Libertarian,post,1543869350,negative
a92x9f,Metal,post,1545636288,negative
a26mcw,MouseReview,post,1543697036,negative
a9mmva,Nootropics,post,1545809481,neutral
aa0gme,PersonalFinanceCanada,post,1545927067,neutral
a9etqw,PewdiepieSubmissions,post,1545744075,negative
a7tsa9,Showerthoughts,post,1545275799,negative
a616tx,TeenMomOGandTeenMom2,post,1544759657,negative
a2t1id,TheWeeknd,post,1543871358,neutral
aalug8,UrbanHell,post,1546095771,negative
a9342i,assholedesign,post,1545638275,negative
a3l0ge,leafs,post,1544074534,positive
a6i6ax,marvelstudios,post,1544903204,neutral
a9s6w4,meme,post,1545857070,negative
abab4y,memes,post,1546284267,neutral
a80czu,reddeadredemption,post,1545327726,neutral
a4gswl,redditrequest,post,1544319258,neutral
a2le0i,redditrequest,post,1543813279,neutral
a7f20f,redditrequest,post,1545166037,neutral
a3cx5p,sixwordstories,post,1544021278,neutral
aabj0a,starcitizen,post,1546013037,neutral
aa6x5s,teenagers,post,1545971239,negative
aaelgg,teenagers,post,1546032757,negative
a71cla,unpopularopinion,post,1545064564,negative
aacq45,vaxxhappened,post,1546020854,neutral
a7he2f,videos,post,1545181287,negative
a9hdrf,videos,post,1545764899,neutral
a9hhob,videos,post,1545765730,neutral
a2j2er,worldpolitics,post,1543796338,negative
a6ejbh,Christianity,post,1544873041,negative
a9iyx2,Gunners,post,1545777204,neutral
a1yjix,HistoryMemes,post,1543627154,neutral
a5huwt,HistoryMemes,post,1544619023,negative
a5i9zu,HistoryMemes,post,1544622471,neutral
a5lo3m,HistoryMemes,post,1544644569,negative
a5m15m,HistoryMemes,post,1544646864,negative
a5skr2,HistoryMemes,post,1544699338,negative
a5xq4o,HistoryMemes,post,1544735428,negative
a6g2ic,HistoryMemes,post,1544888271,negative
a6g2yz,HistoryMemes,post,1544888376,negative
a6gk9e,HistoryMemes,post,1544891962,neutral
a6k39p,HistoryMemes,post,1544916956,neutral
a6woeq,HistoryMemes,post,1545022477,neutral
a9th29,HistoryMemes,post,1545866306,negative
a6mg3c,Ice_Poseidon,post,1544936663,negative
a2vpes,JordanPeterson,post,1543887607,neutral
a2bz4a,Kappa,post,1543743168,neutral
ab46oi,KotakuInAction,post,1546234460,negative
a6fx0r,LeagueOfMeta,post,1544887040,negative
a7e2v4,LeagueOfMeta,post,1545159931,negative
a6qik2,Libertarian,post,1544978849,positive
a5i77r,MapsWithoutNZ,post,1544621846,negative
a5qg4g,Negareddit,post,1544677850,negative
a6sma5,PornhubComments,post,1544992606,negative
a92m2v,Shitty_Car_Mods,post,1545633362,negative
a981ve,Slipknot,post,1545680544,negative
ab0s35,Warthunder,post,1546210154,negative
a5xq5a,WatchRedditDie,post,1544735432,negative
a2yk2s,badlegaladvice,post,1543909195,neutral
aa4709,burstcoin,post,1545951230,neutral
a8zsv2,dankmemes,post,1545609892,negative
a7q6hp,dankmemes,post,1545251053,negative
a1zznh,dankmemes,post,1543639187,negative
a6a28r,help,post,1544829871,neutral
a6ea7i,help,post,1544869827,neutral
a27to8,memes,post,1543705261,negative
a7v3p9,mildlyinfuriating,post,1545286657,negative
a2p5g5,opieandanthony,post,1543847566,negative
aanvm0,reactiongifs,post,1546110092,negative
a6b1mx,redditrequest,post,1544837565,neutral
a5xt1c,redditrequest,post,1544735932,neutral
a6zinq,redditrequest,post,1545050828,neutral
a2lfui,redditrequest,post,1543813664,neutral
a5ma1g,runescape,post,1544648444,neutral
a30bfz,secretsanta,post,1543927148,neutral
a90z0o,teenagers,post,1545619264,neutral
a9kux3,teenagers,post,1545793327,neutral
a9vd70,teenagers,post,1545880535,neutral
a7d84q,unpopularopinion,post,1545154619,negative
a2iafm,woooosh,post,1543791015,negative
a4x0o1,woooosh,post,1544458558,neutral
a8e67y,woooosh,post,1545424906,negative
a95625,woooosh,post,1545659850,negative
a7vm76,AskReddit,post,1545291535,negative
a7vvca,AskReddit,post,1545294079,negative
a5rz8g,AskReddit,post,1544692836,neutral
a9xksa,ChapoTrapHouse,post,1545900436,negative
a5b2ua,ChoosingBeggars,post,1544562844,negative
aag2lp,Draven,post,1546042891,negative
a6yreg,EscapefromTarkov,post,1545043442,neutral
a5p2fm,Hunting,post,1544667557,neutral
a9bp6r,Ice_Poseidon,post,1545709700,negative
a6ml3y,Ice_Poseidon,post,1544937993,negative
aa5r5o,Ice_Poseidon,post,1545962343,negative
a8r8yp,MapsWithoutNZ,post,1545534041,negative
a460fy,Meditation,post,1544229868,neutral
a9c86y,ModSupport,post,1545714570,neutral
a97q0a,NoStupidQuestions,post,1545678267,neutral
aaueta,OldSchoolCool,post,1546160271,neutral
aayxwi,OrthodoxChristianity,post,1546198466,neutral
a5i58t,PrequelMemes,post,1544621404,neutral
a7utp9,PrequelMemes,post,1545284234,negative
a27k6n,SWGalaxyOfHeroes,post,1543703393,neutral
a2jskm,SantasLittleHelpers,post,1543801459,positive
a2qjr2,SantasLittleHelpers,post,1543856595,positive
a4xtz7,SantasLittleHelpers,post,1544463764,neutral
a6v4xn,SantasLittleHelpers,post,1545010332,neutral
a6xrzl,SantasLittleHelpers,post,1545032659,neutral
a84tx5,SantasLittleHelpers,post,1545354656,neutral
aa1i9w,SantasLittleHelpers,post,1545933933,negative
a68u3a,SantasLittleHelpers,post,1544821337,positive
a8gcvo,Showerthoughts,post,1545440553,negative
a9qua2,WeAreTheMusicMakers,post,1545848032,positive
a8kohu,amazonecho,post,1545483989,neutral
aaroi2,asktransgender,post,1546135945,neutral
a8kyj2,assholedesign,post,1545486746,negative
abbkat,benzodiazepines,post,1546292438,neutral
a7tqef,circlejerk,post,1545275386,neutral
a885wa,dankmemes,post,1545382754,neutral
a50lhy,dankmemes,post,1544481152,negative
aaq9ym,dankmemes,post,1546126043,neutral
a86rp6,dankmemes,post,1545370158,neutral
a5wrb5,deadbydaylight,post,1544729490,negative
a2ha2v,memes,post,1543784716,negative
a2p82s,memes,post,1543848091,negative
a2v2k3,memes,post,1543883211,negative
a2ydfs,memes,post,1543907477,negative
a2ykfy,memes,post,1543909288,negative
a30f72,memes,post,1543928052,negative
a3bizh,memes,post,1544009971,neutral
a3cb15,memes,post,1544016689,neutral
a3crio,memes,post,1544020174,negative
a3ev1f,memes,post,1544033389,neutral
a3ifu3,memes,post,1544055579,negative
a3s6rk,memes,post,1544129684,negative
a43h8d,memes,post,1544212821,negative
a4dgw3,memes,post,1544295907,neutral
a4qgv4,memes,post,1544401533,neutral
a4qjkw,memes,post,1544402105,negative
a4qs12,memes,post,1544403910,neutral
a4qsia,memes,post,1544404015,negative
a4rr57,memes,post,1544411402,negative
a4wybn,memes,post,1544458152,negative
a4xp2o,memes,post,1544462900,neutral
a53z0n,memes,post,1544506275,negative
a55lgv,memes,post,1544523189,negative
a5dbja,memes,post,1544577940,positive
a5oxvc,memes,post,1544666617,neutral
a5p8kx,memes,post,1544668816,negative
a63wnf,memes,post,1544785679,negative
a650zw,memes,post,1544795862,negative
a671k6,memes,post,1544809614,neutral
a68wo8,memes,post,1544821824,neutral
a6q4cr,memes,post,1544976221,neutral
a6tewc,memes,post,1544997853,negative
a6w7my,memes,post,1545018609,negative
a6z952,memes,post,1545048362,negative
a76lt7,memes,post,1545098985,negative
a79edp,memes,post,1545123315,negative
a79ggm,memes,post,1545123929,negative
a7ahu5,memes,post,1545134861,negative
a7e647,memes,post,1545160476,neutral
a7hf7p,memes,post,1545181514,negative
a7hlau,memes,post,1545182720,negative
a7p2go,memes,post,1545244106,negative
a7s28r,memes,post,1545263337,neutral
a7st07,memes,post,1545268602,neutral
a817ue,memes,post,1545332660,negative
a83dvk,memes,post,1545345263,negative
a88yor,memes,post,1545390434,neutral
a89009,memes,post,1545390779,neutral
a8bxdy,memes,post,1545411548,neutral
a8golo,memes,post,1545443182,neutral
a8hvcx,memes,post,1545453295,neutral
a8mr8p,memes,post,1545500671,neutral
a8qwuc,memes,post,1545531178,negative
a8upye,memes,post,1545572453,neutral
a8w18l,memes,post,1545583081,negative
a8x05p,memes,post,1545589700,negative
a92djg,memes,post,1545631197,neutral
a92f1l,memes,post,1545631563,negative
a94ekc,memes,post,1545652581,neutral
a94mn5,memes,post,1545654830,neutral
a96ote,memes,post,1545671259,neutral
a9ee4q,memes,post,1545739077,neutral
a9kaqg,memes,post,1545788420,neutral
a9kb9q,memes,post,1545788552,neutral
a9kupf,memes,post,1545793283,neutral
a9vbsr,memes,post,1545880229,neutral
a9xqd8,memes,post,1545902125,negative
aaacd3,memes,post,1546004015,neutral
aad2tz,memes,post,1546023097,negative
aad3x4,memes,post,1546023303,negative
aadiv3,memes,post,1546025925,negative
aak3lw,memes,post,1546078027,neutral
aase6x,memes,post,1546141570,neutral
aavfez,memes,post,1546171982,neutral
ab3o83,memes,post,1546230478,negative
ab3prs,memes,post,1546230800,negative
ab719e,memes,post,1546262213,neutral
ab9cny,memes,post,1546278386,negative
a7dhlz,modhelp,post,1545156244,neutral
a34no3,opieandanthony,post,1543956186,negative
a3bxme,opieandanthony,post,1544013664,negative
a59ioc,pitbulls,post,1544553231,neutral
a80tgf,raimimemes,post,1545330325,neutral
a9rg05,raimimemes,post,1545852108,neutral
a7r7yk,reddevils,post,1545257682,neutral
ab4dqs,redditrequest,post,1546236061,neutral
abadzp,redditrequest,post,1546284768,neutral
a7qm9o,redditrequest,post,1545253804,neutral
a9vt7u,redditrequest,post,1545884075,neutral
a9vvxa,redditrequest,post,1545884684,neutral
a4m8jj,redditrequest,post,1544373548,neutral
a37ki7,researchchemicals,post,1543975254,negative
a8384v,runescape,post,1545344319,negative
a84dyv,wow,post,1545351383,negative
a43z79,AnaheimDucks,post,1544216007,neutral
aafcgx,AskOuija,post,1546037791,neutral
a5xa6f,AskReddit,post,1544732703,negative
a2aa3q,CrazyIdeas,post,1543724646,negative
a7mxn7,Cryptozoology,post,1545230174,neutral
a2943k,DarkNetMarketsNoobs,post,1543714742,negative
a294hw,DarkNetMarketsNoobs,post,1543714835,negative
a5a33m,FortNiteBR,post,1544556723,negative
aagdyn,GTAorRussia,post,1546045217,negative
a3jo1o,Games,post,1544064186,negative
a2hafv,Gamingcirclejerk,post,1543784774,negative
a2iyho,GreenBayPackers,post,1543795615,neutral
a2iyzi,GreenBayPackers,post,1543795706,neutral
a2e0w2,Gunners,post,1543764110,negative
a5kw9u,HistoryMemes,post,1544639759,negative
a7tltc,Ice_Poseidon,post,1545274453,positive
a86p11,Ice_Poseidon,post,1545369581,negative
a404o8,LeagueOfMeta,post,1544191276,neutral
a5reon,OopsDidntMeanTo,post,1544686575,negative
a75v8d,SantasLittleHelpers,post,1545093656,positive
a3ox5t,alberta,post,1544110287,negative
a9f1fb,blogsnark,post,1545746274,positive
a8cwnc,dankmemes,post,1545417196,negative
a60kcq,gonewild,post,1544754923,neutral
a8mhfc,indonesia,post,1545498709,negative
a2uuna,juul,post,1543881722,negative
a82odt,madlads,post,1545341114,neutral
a4zttv,muacirclejerk,post,1544476173,neutral
a7sx2d,nbacirclejerk,post,1545269420,neutral
a434yo,ptcgo,post,1544210656,positive
a2hudk,reddeadredemption,post,1543788130,neutral
a51edj,redditrequest,post,1544486616,neutral
a6g6o6,redditrequest,post,1544889184,neutral
a7u01i,redditrequest,post,1545277501,neutral
a9t40v,redditrequest,post,1545863667,neutral
a74jx7,redditrequest,post,1545084639,neutral
a7c4qg,redditrequest,post,1545147663,neutral
a3g4nm,secretsanta,post,1544041138,neutral
a8r4k5,starterpacks,post,1545533011,negative
a62ymx,ukpolitics,post,1544775412,neutral
a6kgjh,unpopularopinion,post,1544919780,negative
a3eu8d,2007scape,post,1544033257,neutral
a6q7qw,Animemes,post,1544976876,negative
a8mr62,Animemes,post,1545500659,negative
ab0jho,Animemes,post,1546208611,negative
ab76dy,AskOuija,post,1546263431,negative
a2h90j,BikiniBottomTwitter,post,1543784538,negative
a91vex,BikiniBottomTwitter,post,1545626804,negative
a3ybk7,Bitcoin,post,1544174566,neutral
a79mr4,Braincels,post,1545125782,negative
a7ga26,Braincels,post,1545173681,positive
a25uim,CFL,post,1543691668,neutral
a2dxag,CFL,post,1543763347,negative
a2q60u,CFL,post,1543854232,negative
a32i2n,CFL,post,1543942809,neutral
a3dbfc,CFL,post,1544023961,negative
a3r417,CFL,post,1544123347,neutral
a41cvj,CFL,post,1544199531,negative
a4csgl,CFL,post,1544291398,neutral
a4m84w,CFL,post,1544373465,negative
a4vlrm,CFL,post,1544448105,negative
a5912f,CFL,post,1544550222,neutral
a5kaz3,CFL,post,1544636058,negative
a5v21k,CFL,post,1544718759,negative
a6g2rn,CFL,post,1544888330,neutral
a6sf4p,CFL,post,1544991315,negative
a71l3a,CFL,post,1545066082,negative
a7d3wm,CFL,post,1545153892,negative
a7nqrs,CFL,post,1545235676,neutral
a829rp,CFL,post,1545338797,negative
a8nmr9,CFL,post,1545506814,negative
a91lwe,CFL,post,1545624550,neutral
a97t7p,CFL,post,1545678849,neutral
a9co8y,CFL,post,1545718894,negative
ab8v4h,Drama,post,1546275386,negative
a1y0r1,FortNiteBR,post,1543623097,neutral
a2ffp3,Gunners,post,1543773529,neutral
a6vrmn,Ice_Poseidon,post,1545015180,neutral
a1yh64,Ice_Poseidon,post,1543626641,negative
a1z0d5,Ice_Poseidon,post,1543630875,neutral
a1z0l4,Ice_Poseidon,post,1543630926,negative
a1z177,Ice_Poseidon,post,1543631058,negative
a1z2a5,Ice_Poseidon,post,1543631294,neutral
a1z5cw,Ice_Poseidon,post,1543631983,negative
a22x1z,Ice_Poseidon,post,1543669988,negative
a23g9h,Ice_Poseidon,post,1543674721,negative
a25x4t,Ice_Poseidon,post,1543692177,negative
a2690u,Ice_Poseidon,post,1543694462,negative
a279db,Ice_Poseidon,post,1543701349,negative
a2aj4i,Ice_Poseidon,post,1543726923,negative
a2c22k,Ice_Poseidon,post,1543744194,negative
a2c9ib,Ice_Poseidon,post,1543746731,neutral
a2j9ql,Ice_Poseidon,post,1543797748,negative
a2qwbw,Ice_Poseidon,post,1543858718,negative
a2qzpu,Ice_Poseidon,post,1543859203,neutral
a2r3ak,Ice_Poseidon,post,1543859806,neutral
a2utds,Ice_Poseidon,post,1543881501,negative
a2z5nu,Ice_Poseidon,post,1543915536,negative
a303ws,Ice_Poseidon,post,1543925317,neutral
a333ow,Ice_Poseidon,post,1543946461,negative
a334xf,Ice_Poseidon,post,1543946664,negative
a35ylj,Ice_Poseidon,post,1543964280,negative
a37b9e,Ice_Poseidon,post,1543973447,negative
a38o2h,Ice_Poseidon,post,1543983197,neutral
a3lh1f,Ice_Poseidon,post,1544078549,negative
a3wlt7,Ice_Poseidon,post,1544158642,negative
a3wpuh,Ice_Poseidon,post,1544159439,negative
a42710,Ice_Poseidon,post,1544204694,neutral
a42kdd,Ice_Poseidon,post,1544207034,negative
a42vyv,Ice_Poseidon,post,1544209086,negative
a43a7q,Ice_Poseidon,post,1544211590,negative
a43w41,Ice_Poseidon,post,1544215457,negative
a43ynl,Ice_Poseidon,post,1544215905,positive
a466wa,Ice_Poseidon,post,1544231309,positive
a48tje,Ice_Poseidon,post,1544254843,negative
a4fjw6,Ice_Poseidon,post,1544309814,negative
a4fjzx,Ice_Poseidon,post,1544309831,negative
a4hmj8,Ice_Poseidon,post,1544325905,neutral
a4ranq,Ice_Poseidon,post,1544407884,negative
a4t6by,Ice_Poseidon,post,1544423206,negative
a4t6or,Ice_Poseidon,post,1544423314,negative
a51lya,Ice_Poseidon,post,1544488115,negative
a5drab,Ice_Poseidon,post,1544581170,neutral
a5p4m3,Ice_Poseidon,post,1544668011,neutral
a5q5b7,Ice_Poseidon,post,1544675473,negative
a5y5mz,Ice_Poseidon,post,1544738125,negative
a6amv3,Ice_Poseidon,post,1544834294,negative
a6an6h,Ice_Poseidon,post,1544834357,negative
a6c6he,Ice_Poseidon,post,1544847149,negative
a6cfbr,Ice_Poseidon,post,1544849359,negative
a6k5rm,Ice_Poseidon,post,1544917497,negative
a6ktuk,Ice_Poseidon,post,1544922683,negative
a6l51a,Ice_Poseidon,post,1544925314,negative
a6lhb2,Ice_Poseidon,post,1544928093,negative
a6lhiu,Ice_Poseidon,post,1544928141,negative
a6li9w,Ice_Poseidon,post,1544928313,negative
a6lw40,Ice_Poseidon,post,1544931542,negative
a6n702,Ice_Poseidon,post,1544944527,neutral
a6od8d,Ice_Poseidon,post,1544959631,negative
a6rdpb,Ice_Poseidon,post,1544984426,neutral
a6retn,Ice_Poseidon,post,1544984639,neutral
a6rgrq,Ice_Poseidon,post,1544985017,neutral
a6sz1u,Ice_Poseidon,post,1544994891,negative
a6vs1g,Ice_Poseidon,post,1545015269,positive
a6w07a,Ice_Poseidon,post,1545016997,negative
a6w8cf,Ice_Poseidon,post,1545018768,negative
a6yimb,Ice_Poseidon,post,1545040917,neutral
a715zm,Ice_Poseidon,post,1545063328,negative
a74xsy,Ice_Poseidon,post,1545087153,negative
a74xtk,Ice_Poseidon,post,1545087156,negative
a7c0ct,Ice_Poseidon,post,1545146849,negative
a7f8v1,Ice_Poseidon,post,1545167213,negative
a7gl25,Ice_Poseidon,post,1545175756,negative
a7hcti,Ice_Poseidon,post,1545181059,negative
a7hua3,Ice_Poseidon,post,1545184563,positive
a7hy3z,Ice_Poseidon,post,1545185328,neutral
a7jgkj,Ice_Poseidon,post,1545197165,negative
a7kiic,Ice_Poseidon,post,1545207282,negative
a7kirc,Ice_Poseidon,post,1545207354,negative
a7kkxf,Ice_Poseidon,post,1545208010,negative
a7l0j9,Ice_Poseidon,post,1545212809,negative
a7l376,Ice_Poseidon,post,1545213576,negative
a7mwi2,Ice_Poseidon,post,1545229934,negative
a7qcov,Ice_Poseidon,post,1545252127,neutral
a7s79q,Ice_Poseidon,post,1545264335,negative
a7tqzm,Ice_Poseidon,post,1545275514,positive
a7vtfm,Ice_Poseidon,post,1545293500,neutral
a824fz,Ice_Poseidon,post,1545337938,negative
a82gjh,Ice_Poseidon,post,1545339855,neutral
a83ms7,Ice_Poseidon,post,1545346748,negative
a857ue,Ice_Poseidon,post,1545357659,neutral
a85i2x,Ice_Poseidon,post,1545359883,negative
a85tnf,Ice_Poseidon,post,1545362418,neutral
a8h72v,Ice_Poseidon,post,1545447383,negative
a8maqt,Ice_Poseidon,post,1545497438,negative
a8p57n,Ice_Poseidon,post,1545517509,negative
a8rbr8,Ice_Poseidon,post,1545534719,neutral
a8sdf1,Ice_Poseidon,post,1545544625,negative
a91lbc,Ice_Poseidon,post,1545624415,negative
a94a5w,Ice_Poseidon,post,1545651257,negative
a954f2,Ice_Poseidon,post,1545659446,negative
a96arh,Ice_Poseidon,post,1545668580,negative
a96b6i,Ice_Poseidon,post,1545668658,negative
a97i77,Ice_Poseidon,post,1545676798,negative
a980pr,Ice_Poseidon,post,1545680328,negative
a9c2me,Ice_Poseidon,post,1545713143,negative
a9c37q,Ice_Poseidon,post,1545713291,neutral
a9cbf9,Ice_Poseidon,post,1545715395,neutral
a9d4dj,Ice_Poseidon,post,1545723661,negative
a9jfsy,Ice_Poseidon,post,1545781095,negative
a9jk61,Ice_Poseidon,post,1545782120,negative
a9jmmy,Ice_Poseidon,post,1545782702,negative
a9uxl1,Ice_Poseidon,post,1545877160,negative
a9wub4,Ice_Poseidon,post,1545893066,negative
a9wugx,Ice_Poseidon,post,1545893113,negative
a9x1o9,Ice_Poseidon,post,1545894945,positive
aa2koe,Ice_Poseidon,post,1545940618,neutral
aa50xx,Ice_Poseidon,post,1545956943,positive
aa5ytv,Ice_Poseidon,post,1545963965,negative
aa63pi,Ice_Poseidon,post,1545964994,neutral
aaarj9,Ice_Poseidon,post,1546007479,positive
aabtwa,Ice_Poseidon,post,1546015095,negative
aacwdb,Ice_Poseidon,post,1546021962,negative
aag1ra,Ice_Poseidon,post,1546042706,negative
aap9ig,Ice_Poseidon,post,1546119221,negative
aaph7s,Ice_Poseidon,post,1546120641,neutral
aapqwh,Ice_Poseidon,post,1546122464,neutral
aapwto,Ice_Poseidon,post,1546123580,neutral
aatey0,Ice_Poseidon,post,1546150082,positive
aav8t3,Ice_Poseidon,post,1546169928,neutral
aayypm,Ice_Poseidon,post,1546198610,negative
ab1wl0,Ice_Poseidon,post,1546217655,negative
ab2147,Ice_Poseidon,post,1546218517,negative
ab3qqz,Ice_Poseidon,post,1546231005,negative
ab444o,Ice_Poseidon,post,1546233906,negative
ab5aja,Ice_Poseidon,post,1546244429,negative
ab5v5q,Ice_Poseidon,post,1546250747,negative
abc6nu,Ice_Poseidon,post,1546296537,neutral
a29w6w,Kappa,post,1543721227,neutral
a6k6v9,KotakuInAction,post,1544917741,negative
a46ega,LSD,post,1544232992,neutral
a9p1r9,LateStageCapitalism,post,1545835199,negative
a5gi9a,MapsWithoutNZ,post,1544605321,negative
a5ioma,MapsWithoutNZ,post,1544625497,negative
a5jsi7,MapsWithoutNZ,post,1544632854,negative
a6jtt6,MapsWithoutNZ,post,1544914973,neutral
a7vcjm,PrequelMemes,post,1545288898,neutral
a63smp,Sat,post,1544784520,negative
a9irje,Showerthoughts,post,1545775532,negative
a8dt6s,SuddenlyGay,post,1545422540,neutral
a7y83c,Teachers,post,1545314685,negative
a47sm1,Twitch,post,1544244959,negative
a74bd1,Twitch,post,1545083162,negative
a7l4bf,Twitch,post,1545213886,negative
a8xgnw,Twitch,post,1545592941,neutral
a33c2s,apple,post,1543948056,neutral
a6kd1h,auslaw,post,1544919035,neutral
a8akbi,breastfeeding,post,1545403001,neutral
a5hep1,criticalrole,post,1544614886,neutral
aazqdb,dankmemes,post,1546203495,neutral
a92c8z,justneckbeardthings,post,1545630855,negative
a6nvtm,mildlyinfuriating,post,1544953370,negative
a7g7vp,modhelp,post,1545173261,neutral
a9aumc,modhelp,post,1545701965,neutral
a9pn4x,normalnudes,post,1545839722,neutral
ab3b00,rant,post,1546227710,negative
ab5439,redditrequest,post,1546242679,neutral
a3jm1e,redditrequest,post,1544063790,neutral
aanp5n,redditrequest,post,1546108964,neutral
a3i1lr,sixwordstories,post,1544053033,negative
a3srq6,traaaaaaannnnnnnnnns,post,1544133057,negative
a9akb8,Android,post,1545699448,neutral
a9y25q,ApplyingToCollege,post,1545905685,neutral
a3u4xk,FortNiteBR,post,1544141452,neutral
aam6fs,HermitCraft,post,1546098389,positive
a1xxjt,HistoryMemes,post,1543622425,negative
a4z5ra,INTP,post,1544472029,neutral
a2aqtj,Kappa,post,1543728945,negative
a41das,NoStupidQuestions,post,1544199610,negative
a3o74d,SantasLittleHelpers,post,1544105186,positive
a5ob3j,SantasLittleHelpers,post,1544661938,neutral
a6z4iy,SantasLittleHelpers,post,1545047127,neutral
a4u617,SantasLittleHelpers,post,1544433505,neutral
a7pxx2,Showerthoughts,post,1545249603,negative
a8mhq5,Socialism_101,post,1545498772,neutral
a6vuzo,TwoBestFriendsPlay,post,1545015899,neutral
a6wt2w,bonehurtingjuice,post,1545023563,negative
a7tzon,dankmemes,post,1545277421,negative
a79kji,de,post,1545125125,negative
ab7lgi,de,post,1546266769,neutral
a4ewvl,facepalm,post,1544305366,negative
a8rcps,facepalm,post,1545534976,negative
a8uvol,facepalm,post,1545573909,negative
a8uwod,facepalm,post,1545574151,negative
a8ux7p,facepalm,post,1545574287,negative
a8ypex,facepalm,post,1545601689,negative
a8yxrp,facepalm,post,1545603367,neutral
a9c35w,facepalm,post,1545713278,negative
a9f3nd,facepalm,post,1545746847,neutral
a9r1v8,facepalm,post,1545849430,neutral
aa5ll1,facepalm,post,1545961141,negative
a1yw0p,gaming,post,1543629924,neutral
a29l8r,ironscape,post,1543718678,negative
a6oxfv,manga,post,1544966232,negative
a696ho,natureismetal,post,1544823673,negative
a5d0ph,redditrequest,post,1544575785,neutral
a2l03t,redditrequest,post,1543810267,neutral
a97mr5,redditrequest,post,1545677674,neutral
a9pckz,redditrequest,post,1545837560,neutral
a5ygkj,redditrequest,post,1544740035,neutral
a4om6n,redditrequest,post,1544388591,neutral
a9a9nu,teenagers,post,1545696984,neutral
a2fzla,teenagers,post,1543776929,neutral
a4yxqp,teenagers,post,1544470615,neutral
a9kew5,todayilearned,post,1545789409,negative
a6utkh,unpopularopinion,post,1545008000,positive
a5w5l7,unpopularopinion,post,1544725715,negative
a7vh7d,vegancirclejerk,post,1545290127,neutral
a6x71n,Adelaide,post,1545027057,neutral
a3lp91,AnimalsBeingDerps,post,1544080601,neutral
ab2i88,CasualUK,post,1546221817,negative
a5cqsw,ChapoTrapHouse,post,1544573806,neutral
aa2nbv,CrazyIdeas,post,1545941072,neutral
a9f4i3,DBZDokkanBattle,post,1545747072,positive
a5xfi1,HistoryMemes,post,1544733635,neutral
a8idxe,Kirby,post,1545458014,neutral
aazepx,KnightsOfPineapple,post,1546201409,negative
a8j95x,PewdiepieSubmissions,post,1545467437,positive
a8k7b8,SantasLittleHelpers,post,1545478791,neutral
a1z41k,brockhampton,post,1543631686,neutral
a5dube,brockhampton,post,1544581822,negative
a6gu24,brockhampton,post,1544893857,negative
a6kjfr,brockhampton,post,1544920395,negative
a20wl0,dankmemes,post,1543647445,negative
a8e2aa,dankmemes,post,1545424163,negative
a8qpcx,dankmemes,post,1545529499,neutral
a4zuz3,magicthecirclejerking,post,1544476373,negative
a1ynh6,nfl,post,1543628025,negative
a8rvu7,notinteresting,post,1545539841,neutral
a375jw,redditrequest,post,1543972308,neutral
a47y5b,redditrequest,post,1544246328,neutral
a727fi,redditrequest,post,1545070020,neutral
a2mf3d,redditrequest,post,1543822046,neutral
a8vmol,redditrequest,post,1545580124,neutral
a5qeip,walmart,post,1544677481,neutral
a2lcwh,Animemes,post,1543813043,negative
a6cwi6,Animemes,post,1544853821,neutral
a6wx1e,Animemes,post,1545024517,neutral
a7ibys,Animemes,post,1545188126,neutral
a851re,Animemes,post,1545356349,negative
a8m49p,Animemes,post,1545496111,positive
a9rf68,Animemes,post,1545851939,negative
aaelh7,Animemes,post,1546032759,neutral
a5wvu6,AskReddit,post,1544730264,negative
a44pbt,Assistance,post,1544220686,neutral
a9yvn0,Catholicism,post,1545914046,neutral
a7gvjd,FORTnITE,post,1545177732,negative
a9t2vf,FortNiteBR,post,1545863441,negative
a7k9i8,IndianEnts,post,1545204653,negative
a7zv6p,IndianEnts,post,1545324951,neutral
a5mp8a,JordanPeterson,post,1544651085,neutral
a3ty23,NinjaSexParty,post,1544140192,neutral
a1yj7u,PewdiepieSubmissions,post,1543627081,neutral
a23hm3,PewdiepieSubmissions,post,1543675021,neutral
a2mfvf,PewdiepieSubmissions,post,1543822254,positive
a316kt,PewdiepieSubmissions,post,1543934053,negative
a4b9c8,PewdiepieSubmissions,post,1544280459,positive
a5hhzj,PewdiepieSubmissions,post,1544615804,neutral
a5xsd6,PewdiepieSubmissions,post,1544735816,positive
a5yj30,PewdiepieSubmissions,post,1544740501,negative
a64t74,PewdiepieSubmissions,post,1544794091,neutral
a6765c,PewdiepieSubmissions,post,1544810412,neutral
a6pbyl,PewdiepieSubmissions,post,1544970061,neutral
a6pl69,PewdiepieSubmissions,post,1544972300,neutral
a70283,PewdiepieSubmissions,post,1545055357,neutral
a7btap,PewdiepieSubmissions,post,1545145487,negative
a92ema,PewdiepieSubmissions,post,1545631453,negative
a9az1i,PewdiepieSubmissions,post,1545703092,neutral
a9lbpe,PewdiepieSubmissions,post,1545797398,negative
aa5kle,PewdiepieSubmissions,post,1545960934,negative
aaftqi,PewdiepieSubmissions,post,1546041115,neutral
aartj5,PewdiepieSubmissions,post,1546137042,neutral
aavu7i,PewdiepieSubmissions,post,1546176327,neutral
aazcym,PewdiepieSubmissions,post,1546201076,negative
aazfk1,PewdiepieSubmissions,post,1546201557,negative
ab4rwr,PewdiepieSubmissions,post,1546239476,negative
ab4t34,PewdiepieSubmissions,post,1546239765,negative
ab86b2,PewdiepieSubmissions,post,1546270940,negative
ab87gd,PewdiepieSubmissions,post,1546271170,negative
aba34t,PewdiepieSubmissions,post,1546282893,negative
abcmln,PewdiepieSubmissions,post,1546299362,positive
a2qi6i,Showerthoughts,post,1543856337,neutral
a563nl,Twitch,post,1544528685,negative
aa39sg,blackmirror,post,1545945106,neutral
a8t8fn,dankmemes,post,1545554591,negative
a25dk2,dankmemes,post,1543688528,neutral
a26vzh,dankmemes,post,1543698826,neutral
a5smg3,dankmemes,post,1544699809,negative
a3ofja,dankmemes,post,1544106928,negative
a7gx67,dankmemes,post,1545178076,neutral
aai3k8,dankmemes,post,1546058583,negative
a6vu24,drumcorps,post,1545015695,positive
abcd8h,funny,post,1546297732,neutral
aba3gi,funny,post,1546282943,neutral
a2awxs,help,post,1543730592,neutral
a8m0u4,mildlyinfuriating,post,1545495402,negative
a5vigp,minnesotavikings,post,1544721666,negative
a5lpfz,modhelp,post,1544644823,neutral
a4rh86,ramen,post,1544409290,negative
a8nq64,redditrequest,post,1545507473,neutral
a7tffy,redditrequest,post,1545273079,neutral
a43c3b,redditrequest,post,1544211926,neutral
a3jcln,redditrequest,post,1544061917,neutral
aaa2vi,space,post,1546001708,negative
a929i5,teenagers,post,1545630165,neutral
a2573x,teenagers,post,1543687302,neutral
a2bhfv,teenagers,post,1543736958,positive
a6kcqr,teenagers,post,1544918978,neutral
a7v69u,teenagers,post,1545287304,negative
a66i1y,unpopularopinion,post,1544806131,negative
a3ofi3,xboxone,post,1544106923,neutral
a5z0aq,1200isjerky,post,1544743668,neutral
a2tc0t,2007scape,post,1543872980,neutral
a6i770,Animemes,post,1544903373,neutral
a9hnpg,AskReddit,post,1545766960,neutral
aavmd9,CPTSD,post,1546174083,neutral
a7c7ho,DeepFriedMemes,post,1545148185,neutral
a74vgt,DestinyTheGame,post,1545086724,neutral
a5iswh,EnoughLibertarianSpam,post,1544626360,negative
a75txi,FIFA,post,1545093371,neutral
a9spz3,FortNiteBR,post,1545860816,negative
a4m618,FullScorpion,post,1544373052,negative
a3pevu,GradSchool,post,1544113370,neutral
a4hz1n,GradSchool,post,1544328979,positive
a7s6po,ModSupport,post,1545264216,negative
a4b385,OnePiece,post,1544279048,neutral
a40w44,ProjectFi,post,1544196549,negative
a2lcb6,Random_Acts_Of_Pizza,post,1543812920,positive
a4o4vi,Redskins,post,1544385561,negative
a9gax0,stopdrinking,post,1545757007,neutral
a3o6be,teenagers,post,1544105034,negative
a7ve6f,todayilearned,post,1545289329,neutral
a6jm3l,2007scape,post,1544913345,negative
a2cazt,AutoModerator,post,1543747272,neutral
a2rc0e,AutoModerator,post,1543861254,neutral
a3jijj,AutoModerator,post,1544063105,neutral
a47s56,AutoModerator,post,1544244849,neutral
a49b25,AutoModerator,post,1544260479,neutral
a4ekyq,AutoModerator,post,1544303250,neutral
a4zh8e,AutoModerator,post,1544474000,neutral
a5ixza,AutoModerator,post,1544627322,neutral
a60uah,AutoModerator,post,1544757028,neutral
a60yc6,AutoModerator,post,1544757873,neutral
a77074,AutoModerator,post,1545101939,neutral
a7j10c,AutoModerator,post,1545193522,neutral
a99a6o,AutoModerator,post,1545689313,neutral
a9ho5l,AutoModerator,post,1545767047,neutral
aag2c7,AutoModerator,post,1546042836,neutral
aanmto,AutoModerator,post,1546108530,neutral
a5juhb,DAE,post,1544633211,negative
a5liro,FIFA,post,1544643617,negative
abciko,GTAV,post,1546298659,neutral
a7w0xa,HailCorporate,post,1545295826,negative
a67fid,Hiphopcirclejerk,post,1544812066,negative
a6lsyf,KingdomHearts,post,1544930795,neutral
a27ri8,Meditation,post,1543704836,neutral
a5x0sg,Planetside,post,1544731125,neutral
aazexz,Random_Acts_Of_Amazon,post,1546201451,positive
a7mt1i,Random_Acts_Of_Pizza,post,1545229226,neutral
a95i4b,Showerthoughts,post,1545662614,neutral
a7vswy,StarWarsBattlefront,post,1545293353,negative
a7l93d,askgaybros,post,1545215282,negative
a52klm,aznidentity,post,1544495301,negative
ab4ruy,bertstrips,post,1546239450,neutral
a78q8s,buildapc,post,1545116252,negative
a3fvfu,canada,post,1544039602,negative
a3fwga,canada,post,1544039765,neutral
a3g4jr,canada,post,1544041119,negative
a86arm,canada,post,1545366345,negative
aacvb5,canada,post,1546021768,neutral
a8ms4o,dankmemes,post,1545500839,negative
a6pstc,gatekeeping,post,1544973958,negative
aasxzy,iamverybadass,post,1546146023,negative
a7kzek,netflix,post,1545212456,neutral
abcgjm,redditrequest,post,1546298301,neutral
a7b86v,redditrequest,post,1545141104,neutral
a5cthm,ssbbw,post,1544574359,neutral
aa8dvn,technology,post,1545984177,negative
aasd32,AccidentalRenaissance,post,1546141336,neutral
a4uchf,AskOuija,post,1544435587,neutral
a5j4il,DDLC,post,1544628572,neutral
ab0n19,ExpandDong,post,1546209248,negative
a4bg6r,FortNiteBR,post,1544281981,negative
a9sl67,FortNiteBR,post,1545859851,negative
a7d9bw,LateStageCapitalism,post,1545154824,negative
a7sv9d,LeftWithoutEdge,post,1545269054,positive
a49jr2,Libertarian,post,1544263248,negative
a8lsxj,MGTOW,post,1545493817,neutral
ab76tu,OttawaSenators,post,1546263546,neutral
a3hmuc,ShittyLifeProTips,post,1544050445,negative
a6gwat,ShittyLifeProTips,post,1544894280,negative
a80bto,The_Donald,post,1545327535,negative
ab82jx,The_Donald,post,1546270238,negative
ab198g,Vaping,post,1546213332,negative
a5j8ll,bakchodi,post,1544629338,neutral
aahf0u,blackmirror,post,1546053156,neutral
a3eek0,communism,post,1544030649,negative
a93cct,confusing_perspective,post,1545640851,neutral
a5hcmp,criticalrole,post,1544614284,neutral
a7uaab,darknet,post,1545279745,negative
ab7yvg,dirtypenpals,post,1546269523,neutral
a7dppl,facepalm,post,1545157634,neutral
a3a1fo,memes,post,1543994492,neutral
a9tet8,mildlyinfuriating,post,1545865868,negative
abattq,modhelp,post,1546287540,neutral
a52a8f,nba,post,1544493172,negative
a49cu8,pacers,post,1544261038,negative
aaoyga,pcmasterrace,post,1546117204,neutral
a7tqwz,raimimemes,post,1545275499,positive
a47s8s,redditrequest,post,1544244872,neutral
a5ycii,redditrequest,post,1544739336,neutral
aa569v,rockets,post,1545958011,neutral
a63edu,secretsanta,post,1544780142,positive
a2fcmb,steampunk,post,1543772991,neutral
a9f5ey,steelers,post,1545747312,neutral
a3qt5n,thinkpad,post,1544121596,neutral
abc9ex,uwo,post,1546297051,positive
aa0e12,ApplyingToCollege,post,1545926584,neutral
a5kl4k,AskOuija,post,1544637836,neutral
a9vvvz,AskReddit,post,1545884672,neutral
a96exm,Badfaketexts,post,1545669395,negative
a7fnpv,Brawlstars,post,1545169746,neutral
aaeac7,CPTSD,post,1546030785,negative
a2kyow,DDLC,post,1543809967,neutral
a2yfl4,Denmark,post,1543907977,negative
a613nn,Enough_Sanders_Spam,post,1544759001,negative
a7iaqd,GenderCritical,post,1545187881,neutral
aa1efh,Ice_Poseidon,post,1545933271,neutral
a6lh84,Ice_Poseidon,post,1544928072,neutral
a29er3,Libertarian,post,1543717143,negative
a2bw47,Libertarian,post,1543742093,negative
a4rlr3,Libertarian,post,1544410269,negative
a4onyt,NBA2k,post,1544388923,neutral
a4hx0s,NintendoSwitch,post,1544328485,negative
a4bgo8,PewdiepieSubmissions,post,1544282089,negative
a4fizx,Portland,post,1544309636,neutral
a3jsdd,SquaredCircle,post,1544065033,neutral
a7ck0m,StudentLoans,post,1545150434,positive
ab99ps,Teachers,post,1546277901,positive
a5zoq1,australia,post,1544748367,neutral
ab84cu,dankmemes,post,1546270582,neutral
a3rmxl,dankmemes,post,1544126424,neutral
a1yzj3,discordapp,post,1543630683,neutral
a49ymu,discordapp,post,1544267883,negative
a9owao,discordapp,post,1545833908,neutral
a5ushy,dubai,post,1544717057,neutral
ab6phx,funny,post,1546259392,neutral
a3xtg9,lifeisstrange,post,1544169011,neutral
a5xcht,lostgeneration,post,1544733115,neutral
a4m6xo,mildlyinfuriating,post,1544373225,negative
a71e3h,penguins,post,1545064844,neutral
aah5ip,project1999,post,1546051103,neutral
a6wa5r,redditrequest,post,1545019191,neutral
a5whm9,redditrequest,post,1544727788,neutral
a8s3b1,redditrequest,post,1545541808,neutral
a9ea5c,redditrequest,post,1545737739,neutral
a5vffo,redditrequest,post,1544721130,neutral
a2w7l5,teenagers,post,1543891096,negative
aagegj,teenagers,post,1546045311,negative
a69pet,thedivision,post,1544827268,negative
a5k68w,whooties,post,1544635248,neutral
a7spge,AskVet,post,1545267897,neutral
a2ijij,Battlefield,post,1543792719,negative
a72cwi,Christianity,post,1545070954,neutral
a2os7a,Denmark,post,1543844874,neutral
a6wp0t,HistoryMemes,post,1545022635,neutral
aa7xll,Ice_Poseidon,post,1545979793,negative
a6ouli,Juve,post,1544965434,negative
a7jqdn,Juve,post,1545199571,neutral
a2f4n7,Nerf,post,1543771639,neutral
a2ld63,Nerf,post,1543813104,positive
a31wab,PewdiepieSubmissions,post,1543938983,neutral
a6r4f3,Screenwriting,post,1544982763,neutral
a71awr,Screenwriting,post,1545064247,positive
a2pg3n,btc,post,1543849553,neutral
a9s2b0,dankmemes,post,1545856230,negative
aa8ndp,dankmemes,post,1545987040,neutral
a9ai8y,dankmemes,post,1545698933,neutral
a7e4ig,editors,post,1545160210,negative
a8jqn7,heroesofthestorm,post,1545473299,neutral
aahwc2,jerma985,post,1546056946,neutral
a47who,jesuschristreddit,post,1544245904,neutral
a3673j,memes,post,1543965774,negative
aapcth,memes,post,1546119819,negative
a7zrgf,minecraftsuggestions,post,1545324374,neutral
a8cu4q,mtgfinance,post,1545416792,neutral
a6bex8,nba,post,1544840680,negative
ab52an,parrots,post,1546242186,negative
a3elv4,pittsburgh,post,1544031874,neutral
a9ti7d,redditrequest,post,1545866554,neutral
a7o2e6,redditrequest,post,1545237784,neutral
a7t6x3,redditrequest,post,1545271311,neutral
a65hlr,redditrequest,post,1544799375,neutral
a9pk77,schizophrenia,post,1545839127,neutral
a9frr7,soccer,post,1545752830,neutral
aa8luw,teenagers,post,1545986588,neutral
a53tfw,unpopularopinion,post,1544504918,negative
a57z4s,vlog,post,1544543579,positive
a9atns,Anarcho_Capitalism,post,1545701714,neutral
a3bumd,ClashRoyale,post,1544012921,negative
aat2at,DeepFriedMemes,post,1546146990,negative
a5zsop,FortNiteBR,post,1544749181,neutral
a44w8i,FortNiteBR,post,1544221917,negative
a2x2ue,Ice_Poseidon,post,1543897211,negative
a2y15u,Ice_Poseidon,post,1543904371,negative
a2y3sd,Ice_Poseidon,post,1543905022,negative
a8npfz,Ice_Poseidon,post,1545507327,negative
a2lyuj,JonTron,post,1543817998,negative
a6do2e,JordanPeterson,post,1544862083,neutral
a22rl7,Libertarian,post,1543668438,negative
a328cy,Memes_Of_The_Dank,post,1543941106,negative
a22cuq,PewdiepieSubmissions,post,1543663877,neutral
aatudn,SCP,post,1546154046,positive
abbwg7,The_Donald,post,1546294678,neutral
a77338,dankmemes,post,1545102549,neutral
a68q3g,dankmemes,post,1544820591,negative
a2sh8c,dankmemes,post,1543868080,negative
a9xxhd,dankmemes,post,1545904309,negative
a20ku9,forhonor,post,1543644241,neutral
a8j8s6,hentai,post,1545467315,negative
a8jrlc,hentai,post,1545473608,negative
aat3mk,pakistan,post,1546147305,neutral
aanbzs,redditrequest,post,1546106555,neutral
a21mqr,redditrequest,post,1543655592,neutral
aao9jr,rubberducks,post,1546112649,negative
a21zh8,samharris,post,1543659614,neutral
a51314,sbubby,post,1544484441,neutral
a2gm9q,secretsanta,post,1543780755,neutral
a7cprk,secretsanta,post,1545151428,negative
a8wy67,secretsanta,post,1545589306,positive
a9pbp0,survivor,post,1545837360,neutral
a8gcjf,teenagers,post,1545440479,neutral
aas2mz,unpopularopinion,post,1546139038,negative
a47s8c,AskReddit,post,1544244870,negative
a2woyt,BPD,post,1543894415,neutral
a4vtol,Chargers,post,1544449895,neutral
a9bdm4,DBZDokkanBattle,post,1545706806,positive
a8pe5l,DotA2,post,1545519311,neutral
a65s17,Drama,post,1544801399,negative
a73art,GameSale,post,1545076813,neutral
a9vbou,InstrumentPorn,post,1545880207,negative
a6xmn6,Libertarian,post,1545031124,negative
a2vedy,Memes_Of_The_Dank,post,1543885498,negative
a3294j,Memes_Of_The_Dank,post,1543941241,negative
a813jo,ModSupport,post,1545331959,neutral
a8iyza,NoStupidQuestions,post,1545464193,neutral
a91g23,PewdiepieSubmissions,post,1545623211,negative
a2ij4d,PrequelMemes,post,1543792644,neutral
a7vaq4,PrequelMemes,post,1545288417,neutral
a65w10,ShitPoliticsSays,post,1544802163,negative
a463ij,Showerthoughts,post,1544230543,negative
a9ioe7,Showerthoughts,post,1545774848,negative
a8xsb6,blackladies,post,1545595198,neutral
a91h07,conspiracy,post,1545623417,negative
a5pfyw,copypasta,post,1544670316,negative
a4doe4,dankmemes,post,1544297245,neutral
a4du0o,dankmemes,post,1544298250,neutral
ab8fmy,dankmemes,post,1546272648,neutral
ab2okd,gay_irl,post,1546223135,neutral
aauwy0,gayincest,post,1546166105,neutral
a3ve0y,melbourne,post,1544150003,neutral
a50vpc,overlord,post,1544483054,positive
a7kskx,raimimemes,post,1545210394,neutral
a7pnun,raimimemes,post,1545247803,neutral
a75qrl,redditrequest,post,1545092713,neutral
a75xtv,redditrequest,post,1545094202,neutral
aat1dp,redditrequest,post,1546146777,neutral
a4ytfo,redditrequest,post,1544469847,neutral
a72d12,redditrequest,post,1545070982,neutral
ab7pap,redditrequest,post,1546267585,neutral
a4zjt1,researchchemicals,post,1544474496,neutral
a9dkxf,soccer,post,1545729149,negative
a3orh9,steelers,post,1544109236,neutral
a78qtf,thedivision,post,1545116413,neutral
a7ti6z,unpopularopinion,post,1545273686,negative
a3l6rs,AndroidTV,post,1544076012,negative
aaby0r,Browns,post,1546015838,neutral
a56rta,COMPLETEANARCHY,post,1544534682,neutral
a7z5zg,Christianity,post,1545320888,neutral
a7xz88,DC_Cinematic,post,1545312919,negative
a6mhd4,DeadBedrooms,post,1544936997,neutral
a9a874,FortNiteBR,post,1545696663,negative
a7loc4,FreeKarma4U,post,1545219716,negative
aahjhi,GTAorRussia,post,1546054164,negative
a85gcq,GlobalOffensive,post,1545359524,neutral
a73k31,GlobalOffensive,post,1545078414,neutral
aa7js3,Ice_Poseidon,post,1545976491,negative
a8r561,PrequelMemes,post,1545533156,neutral
a4b7q1,SCJerk,post,1544280103,negative
a4gcpq,confessions,post,1544315780,neutral
aacl0p,cookingforbeginners,post,1546019980,negative
aabbvf,dankmemes,post,1546011680,neutral
a8agbh,dankmemes,post,1545402254,negative
a4bgys,gopro,post,1544282152,positive
aa5k5h,memes,post,1545960832,neutral
a250zf,mexico,post,1543686139,negative
a6bzv4,redditrequest,post,1544845564,neutral
a2mmzh,redditrequest,post,1543824212,neutral
a979w9,redditrequest,post,1545675232,neutral
a81812,runescape,post,1545332685,neutral
aaxkmr,sanfrancisco,post,1546189624,negative
aaxy31,sanfrancisco,post,1546192060,negative
aatir0,tylerthecreator,post,1546151007,negative
a21wmw,unpopularopinion,post,1543658757,neutral
a31aj8,vexillology,post,1543934844,neutral
a43ker,wallstreetbets,post,1544213359,neutral
a2kzxe,AskReddit,post,1543810226,neutral
a33m3n,Comcast_Xfinity,post,1543949781,neutral
a2j51f,FORTnITE,post,1543796833,negative
a3qxhf,FortNiteBR,post,1544122298,negative
a8mk2t,GarlicBreadMemes,post,1545499241,negative
a4bnl1,Green,post,1544283541,negative
a6sx0y,Green,post,1544994533,negative
a2i4mj,GreenBayPackers,post,1543789948,negative
ab4v0a,GreenBayPackers,post,1546240237,negative
a6rhb6,Ice_Poseidon,post,1544985121,positive
a6y97e,Ice_Poseidon,post,1545038015,positive
a7skkm,Ice_Poseidon,post,1545266931,neutral
a8mmmr,Ice_Poseidon,post,1545499738,neutral
a8napl,Ice_Poseidon,post,1545504461,neutral
a9p9f4,NLSSCircleJerk,post,1545836866,neutral
aaodc1,Rainbow6,post,1546113346,neutral
a4syj1,UWMadison,post,1544421292,neutral
a7w59p,ask_transgender,post,1545297147,negative
aahwbd,bigboye,post,1546056942,negative
a72d64,dankchristianmemes,post,1545071007,negative
a77pi5,dankchristianmemes,post,1545107369,neutral
a502hi,dankmemes,post,1544477697,negative
ab18es,dankmemes,post,1546213178,neutral
aa2vem,dankmemes,post,1545942490,neutral
a4ux0h,dirtykikpals,post,1544441727,neutral
a7t7ud,disneyvacation,post,1545271499,negative
a964wf,hiphopheads,post,1545667409,neutral
a9rw9q,hiphopheads,post,1545855128,neutral
a9rwlz,hiphopheads,post,1545855191,neutral
aac2ke,hiphopheads,post,1546016660,neutral
a6x9vs,hiphopheads,post,1545027763,negative
a258gm,modhelp,post,1543687557,neutral
a33o5m,needamod,post,1543950115,neutral
a6whz0,nfl,post,1545020985,neutral
a5yd8b,redditrequest,post,1544739453,neutral
a2bs5t,redditrequest,post,1543740756,neutral
aadagp,redditrequest,post,1546024450,neutral
a308l4,redditrequest,post,1543926467,neutral
a5p9vt,redditrequest,post,1544669074,neutral
a8ht7i,rock,post,1545452752,negative
a8wobj,truechildfree,post,1545587422,negative
a324xj,unpopularopinion,post,1543940523,negative
a9dbzu,ChapoTrapHouse,post,1545726094,neutral
a52prj,DDLC,post,1544496361,neutral
a535b9,DDLC,post,1544499543,neutral
a58rgq,DDLC,post,1544548551,negative
a5954i,DDLC,post,1544550916,positive
a77an9,DeepFriedMemes,post,1545104196,neutral
a3t2k0,Drama,post,1544134770,negative
a9yso6,Drama,post,1545913227,negative
aadasz,FIFA,post,1546024514,negative
ab9muz,FIFA,post,1546280123,negative
a6gas8,FortNiteBR,post,1544890047,neutral
a9d896,Ice_Poseidon,post,1545724893,negative
a9dcay,Ice_Poseidon,post,1545726200,neutral
a9c9g8,Ice_Poseidon,post,1545714885,neutral
aaca2j,Kaiserreich,post,1546018015,negative
a6ghti,KingdomHearts,post,1544891476,positive
a6nfi5,KingdomHearts,post,1544947428,neutral
a9lmhx,KingdomHearts,post,1545800001,neutral
a3rash,Memes_Of_The_Dank,post,1544124443,negative
a486z1,Persona5,post,1544248581,neutral
a489ct,Persona5,post,1544249192,neutral
a639iw,RimWorld,post,1544778700,neutral
a8iknj,SantasLittleHelpers,post,1545459849,positive
a4168k,Showerthoughts,post,1544198370,negative
a4dngb,TheWalkingDeadGame,post,1544297073,neutral
a46wyl,TopMindsOfReddit,post,1544237243,negative
aaznwe,WhitePeopleTwitter,post,1546203041,negative
a7d9fz,WorldOfWarships,post,1545154836,neutral
a4p34i,XXXTENTACION,post,1544391675,neutral
aaqym2,copypasta,post,1546130686,neutral
a7g0bi,copypasta,post,1545171922,neutral
a32tzy,eagles,post,1543944815,neutral
a93r6d,guro,post,1545645478,neutral
a54x5w,help,post,1544515655,neutral
a7p0ap,help,post,1545243740,neutral
a735x6,nyc,post,1545075952,negative
abb7jx,redditrequest,post,1546290060,neutral
a5wmsv,redditrequest,post,1544728688,neutral
a9iosj,teenagers,post,1545774933,neutral
a7m0zw,tf2,post,1545222964,positive
a7m3h4,tf2,post,1545223567,neutral
a7u95o,tf2,post,1545279475,negative
a9oasv,translator,post,1545828379,positive
a8n4hy,whiteknighting,post,1545503210,neutral
a252hr,AskOuija,post,1543686421,negative
a3ltpc,Austin,post,1544081805,neutral
a3luzo,Austin,post,1544082158,neutral
a6woqx,BadMtgCombos,post,1545022571,neutral
a6us7w,BostonBruins,post,1545007726,negative
a2x6rp,ComedyCemetery,post,1543898006,negative
a3ra0q,ComedyCemetery,post,1544124331,negative
a3u1ty,DallasStars,post,1544140881,neutral
a54gwm,Ice_Poseidon,post,1544510903,negative
a3q3xc,Ice_Poseidon,post,1544117478,negative
a603im,Jazz,post,1544751394,neutral
a64559,LeagueOfMeta,post,1544788087,negative
a48w0z,NoStupidQuestions,post,1544255641,negative
ab3twh,OrthodoxChristianity,post,1546231699,positive
a25fti,PewdiepieSubmissions,post,1543688922,negative
a9cvex,PewdiepieSubmissions,post,1545720901,neutral
a8qr4n,PoliticalHumor,post,1545529913,neutral
a3xjne,Rainbow6,post,1544166386,negative
a22r7a,The_Donald,post,1543668332,neutral
a6yjct,The_Donald,post,1545041137,neutral
a8krg6,The_Donald,post,1545484807,neutral
a9m0rl,TownofSalemgame,post,1545803441,negative
aarknz,Wishlist,post,1546135147,positive
a9gbit,aww,post,1545757135,neutral
aay4pl,cripplingalcoholism,post,1546193233,positive
a2avf3,dankmemes,post,1543730189,neutral
a2i2mg,dankmemes,post,1543789584,negative
a9tgsg,dankmemes,post,1545866249,negative
a9iql6,lostgeneration,post,1545775329,positive
a6yjce,manga,post,1545041134,neutral
a8c7fh,marvelstudios,post,1545413180,negative
a6m6lt,memes,post,1544934173,neutral
a9i7xd,memes,post,1545771253,neutral
a47osq,nashville,post,1544243991,neutral
a39h0v,newzealand,post,1543989559,negative
a9mwmz,nfl,post,1545812680,neutral
a58asu,nukedmemes,post,1544545676,negative
a6ia6p,nukedmemes,post,1544904005,negative
a3z01u,redditrequest,post,1544181603,neutral
a5kebm,redditrequest,post,1544636641,neutral
aatjz4,redditrequest,post,1546151310,neutral
a3hg55,redditrequest,post,1544049247,neutral
aaqluv,redditrequest,post,1546128347,neutral
a6qs9r,redditrequest,post,1544980615,neutral
a6xbct,relationship_advice,post,1545028129,neutral
a7lb5v,schizophrenia,post,1545215943,positive
a5j57q,splatoon,post,1544628694,neutral
a21ml8,stopdrinking,post,1543655547,positive
a5y6jj,teenagers,post,1544738291,neutral
a52lpz,tressless,post,1544495522,neutral
a3ix7d,unpopularopinion,post,1544058878,negative
a2l0yp,AZCardinals,post,1543810452,positive
a9icao,AskReddit,post,1545772192,neutral
a4f4yz,Cornell,post,1544306896,neutral
a5tip7,Cornell,post,1544707905,neutral
a2de8y,Draven,post,1543759165,positive
aavu3l,Draven,post,1546176194,positive
a43k2e,DunderMifflin,post,1544213296,neutral
a2kkvc,Fallout,post,1543807107,neutral
a592yd,MakeupRehab,post,1544550552,neutral
ab8qul,PrequelMemes,post,1546274644,negative
a6d2e0,RPDRDRAMA,post,1544855439,negative
a7ei4j,SquaredCircle,post,1545162525,negative
a8zsnu,StarWarsLeaks,post,1545609851,neutral
a5nv73,TheGoodPlace,post,1544658786,neutral
a75f87,UrbanHell,post,1545090442,negative
aaksc6,UrbanHell,post,1546085777,negative
a3vk8y,conspiracy,post,1544151220,negative
a7gepa,dankmemes,post,1545174549,negative
a5dlpd,dankmemes,post,1544580015,negative
aai6kg,dankmemes,post,1546059268,neutral
a3huui,furry_irl,post,1544051838,neutral
a6v47u,jailbreak,post,1545010175,neutral
a608sh,marvelstudios,post,1544752493,neutral
a84gl1,memes,post,1545351878,neutral
a6xavx,mildlyinfuriating,post,1545028015,negative
a3p5s8,movies,post,1544111805,neutral
a3pbd3,movies,post,1544112753,neutral
a5a5n2,nfl,post,1544557165,neutral
aaq286,pcmasterrace,post,1546124590,positive
a5n9ur,rant,post,1544654754,negative
a20h85,redditrequest,post,1543643342,neutral
aaf0bq,redditrequest,post,1546035510,neutral
a6nmzz,redditrequest,post,1544950099,neutral
a6nuqx,redditrequest,post,1544952982,neutral
a2x33d,redditrequest,post,1543897260,neutral
a34ck3,redditrequest,post,1543954286,neutral
a869w4,runescape,post,1545366140,neutral
a4z4x8,trashy,post,1544471886,neutral
a50erk,ukpolitics,post,1544479909,negative
a2gdqm,unpopularopinion,post,1543779298,negative
a4zo8o,wowservers,post,1544475221,negative
