id,subreddit,kind,timestamp,sentiment_wrt_mods
cdhnlc,AskAnthropology,post,1563198334,neutral
cgiet5,BikiniBottomTwitter,post,1563826739,neutral
cg6j1p,FORTnITE,post,1563756917,negative
cgwdf4,FORTnITE,post,1563906242,negative
cjnfl7,GoneWildSmiles,post,1564465856,negative
cbldhn,HIMYM,post,1562787625,neutral
ccb5xl,MakeupAddiction,post,1562939759,neutral
cfggd2,MakeupAddiction,post,1563588362,neutral
chqb4h,MakeupAddiction,post,1564073582,neutral
ci9l4l,MakeupAddiction,post,1564180572,neutral
cjiu2y,MakeupAddiction,post,1564440772,negative
cjjz66,MakeupAddiction,post,1564446488,neutral
cdqgv0,PCOS,post,1563240523,neutral
cdi57r,ShitPoliticsSays,post,1563200956,negative
c7stes,SweatyPalms,post,1561989060,negative
cgridl,askgaybros,post,1563882054,negative
c8uge0,dankmemes,post,1562192019,neutral
ccjsks,dankmemes,post,1562983072,neutral
cdumrq,dankmemes,post,1563268347,negative
c80vd4,dankmemes,post,1562018802,neutral
c7t9z5,dankmemes,post,1561991513,negative
c7yl6a,dankmemes,post,1562008640,neutral
ciye7t,dragonballfighterz,post,1564333723,neutral
ce9ygd,help,post,1563351326,neutral
ck8u1y,indonesia,post,1564581407,negative
cdsgjc,memes,post,1563252292,neutral
cfo6pr,memes,post,1563642705,neutral
chdywx,redditrequest,post,1564002188,neutral
cftgbn,redditrequest,post,1563671827,neutral
chudgt,redditrequest,post,1564092870,neutral
cjfdj9,redditrequest,post,1564425441,neutral
cio6s4,teenagers,post,1564268080,negative
c9fe5s,teenagers,post,1562329713,neutral
cd5tmd,teenagers,post,1563126146,negative
c7riq7,teenagers,post,1561981225,negative
cdqxmj,teenagers,post,1563243120,neutral
cfff83,traps,post,1563582046,neutral
ch66fk,woooosh,post,1563962288,negative
ca2b7s,worldpolitics,post,1562469297,negative
cdgge8,worldpolitics,post,1563191259,negative
ceobrl,worldpolitics,post,1563427828,neutral
cfkkuq,AskMen,post,1563620045,neutral
cer6es,AskReddit,post,1563448789,neutral
cerbqy,AskReddit,post,1563449759,neutral
cerisb,AskReddit,post,1563450967,neutral
cehszs,CasualUK,post,1563392941,neutral
caduvx,ChapoTrapHouse,post,1562544032,neutral
cgz3fu,EDC,post,1563918854,neutral
cfnfbl,GODZILLA,post,1563638663,neutral
cgk33q,Gunners,post,1563834626,neutral
cbnx5s,Letterkenny,post,1562800095,positive
capij6,Metal,post,1562613385,neutral
chcn8h,Miniworlds,post,1563996035,negative
c9bhc6,PewdiepieSubmissions,post,1562299503,negative
cfv86i,PoliticalHumor,post,1563683731,negative
c9r4xp,Rainbow6,post,1562399950,negative
c9r56s,Rainbow6,post,1562400007,negative
c9r8pm,Rainbow6,post,1562400856,negative
cf5mi9,Rainbow6,post,1563530113,neutral
cfn6n6,Rainbow6,post,1563637375,neutral
cac3or,Showerthoughts,post,1562534193,negative
cad64k,Showerthoughts,post,1562540052,negative
c85pvc,StarVStheForcesofEvil,post,1562048359,neutral
chnrew,StarVStheForcesofEvil,post,1564061842,neutral
cdwv3n,WatchRedditDie,post,1563282753,positive
cf0hpx,badphilosophy,post,1563495491,neutral
ca5v3s,cactus,post,1562498988,negative
cfjocs,dankmemes,post,1563612393,neutral
ch4tww,dankmemes,post,1563952115,negative
cbvq30,dankmemes,post,1562851893,neutral
cj8qwo,dankmemes,post,1564391426,negative
cbmt7q,dankmemes,post,1562794461,negative
cev2us,dankmemes,post,1563468983,negative
cjsf48,dankmemes,post,1564496423,negative
c9l8yj,diabetes,post,1562360863,negative
cg4muv,dxm,post,1563746090,negative
cgc7vw,japan,post,1563796273,neutral
cixpa0,mildlyinfuriating,post,1564330354,negative
cbivh5,modhelp,post,1562776042,neutral
chf1tk,mopeio,post,1564007145,negative
cb2y5b,redditrequest,post,1562688876,negative
c9uyso,redditrequest,post,1562427800,neutral
ccymqt,redditrequest,post,1563076563,neutral
cgywx1,sabaton,post,1563917973,neutral
ciglit,subredditcancer,post,1564228286,negative
cji9uv,survivor,post,1564438123,neutral
ceww12,teenagers,post,1563477475,positive
ca69v4,teenagers,post,1562502241,neutral
c7ys9t,teenagers,post,1562009225,positive
cixm9j,thebachelor,post,1564329949,negative
cd7pcs,unpopularopinion,post,1563135582,negative
ci3z51,unpopularopinion,post,1564153427,negative
ci8h8l,vancouver,post,1564175027,neutral
cg6kzh,vlog,post,1563757254,neutral
cf1qi5,2007scape,post,1563502614,negative
cgxccr,AskReddit,post,1563910680,neutral
ccfsxw,AskThe_Donald,post,1562961471,neutral
chj2a0,BigBrother,post,1564029686,positive
ck10jc,BobsBurgers,post,1564534445,neutral
cgt7km,ChapoTrapHouse,post,1563891652,neutral
c7yu48,EtikaRedditNetwork,post,1562009364,positive
caug2m,Flipping,post,1562637881,neutral
ckev1x,FortNiteBR,post,1564609044,neutral
cf4zv6,JusticeServed,post,1563525065,negative
cgzdei,ModSupport,post,1563920162,neutral
c7x0be,ModSupport,post,1562004055,negative
ccxx4x,NoStupidQuestions,post,1563071983,negative
c8ff5p,Paladins,post,1562103405,neutral
cj7no0,Philippines,post,1564383361,neutral
c8cq9l,PhillyUnion,post,1562091640,neutral
cb781t,RLFashionAdvice,post,1562707984,neutral
c8dhqd,RedditCensors,post,1562095050,negative
ce4nq0,RequestABot,post,1563318845,neutral
cee7kz,Slipknot,post,1563376651,negative
ck8f0t,TheExpanse,post,1564579202,neutral
ce8abo,TheHandmaidsTale,post,1563339475,negative
c8iw4c,TheHandmaidsTale,post,1562123282,neutral
cimklc,The_Donald,post,1564259572,positive
cdmee5,WatchRedditDie,post,1563219901,negative
cdordr,WorkOnline,post,1563231131,neutral
cbw610,anarchy,post,1562854895,neutral
c9xaac,bugs,post,1562439832,neutral
ccp1pq,bugs,post,1563022634,neutral
cjd21r,bugs,post,1564415458,negative
cf24b3,bugs,post,1563504940,negative
cf73of,creepyPMs,post,1563540260,negative
cadvom,cripplingalcoholism,post,1562544172,neutral
cb3vfw,dankmemes,post,1562693029,neutral
c7s3xk,dankmemes,post,1561984989,negative
ce7ucr,dankmemes,post,1563336639,negative
cen9se,dankmemes,post,1563421148,positive
cc0a9e,funny,post,1562874276,neutral
c8w4xp,leaves,post,1562201672,positive
cboa3d,malefashionadvice,post,1562801991,negative
ckar3x,metacanada,post,1564590522,negative
cf8ijc,modhelp,post,1563548014,neutral
chjdny,needamod,post,1564031712,neutral
cgq8so,nukedmemes,post,1563873209,negative
ci9pgg,pitbulls,post,1564181202,neutral
c891rt,prochoice,post,1562073082,neutral
cg1l0a,redditrequest,post,1563730202,neutral
c7snlf,redditrequest,post,1561988183,neutral
cis982,redditrequest,post,1564292819,neutral
cakunh,redditrequest,post,1562591523,neutral
caj2ee,redditrequest,post,1562579693,neutral
ck81av,redditrequest,post,1564577124,neutral
cd43yl,redditrequest,post,1563117322,neutral
cfdula,redditrequest,post,1563573635,neutral
ccae0w,relationships,post,1562935526,negative
c93kdh,shittyaskreddit,post,1562252470,negative
cj5h8k,teenagers,post,1564369494,neutral
c9dawi,teenagers,post,1562313266,neutral
c9b38g,teenagers,post,1562296691,negative
cbobou,texas,post,1562802213,neutral
cdwv82,texas,post,1563282774,neutral
ca3h9h,unpopularopinion,post,1562477713,negative
chehwv,wallstreetbets,post,1564004562,positive
chwl8j,AmItheAsshole,post,1564105176,neutral
chx3rb,AmItheAsshole,post,1564108203,neutral
c8nhmf,AskReddit,post,1562156874,negative
ccl7kf,Brawlstars,post,1562992111,neutral
ccp07r,Brawlstars,post,1563022336,negative
ce5pq7,DC_Cinematic,post,1563324448,neutral
cghjn0,Dirtbikes,post,1563822711,neutral
cbz43q,EdmontonOilers,post,1562868933,neutral
cg7bu2,EggsInc,post,1563761749,negative
c9syj4,FIFA,post,1562415340,negative
ci5c3d,KotakuInAction,post,1564159883,positive
c9ecm8,NYKnicks,post,1562321884,neutral
ccvjfj,OaklandAthletics,post,1563057671,neutral
cfljw8,Petscop,post,1563627648,neutral
ca1ull,RandomActsOfBlowJob,post,1562466227,positive
caj4ou,SquaredCircle,post,1562580174,negative
cidds0,Thetruthishere,post,1564203406,neutral
ca9489,WeddingPhotography,post,1562519199,neutral
ceqf40,WhyWereTheyFilming,post,1563443572,neutral
c90mwd,confessions,post,1562233105,neutral
ch5aqc,copypasta,post,1563955518,negative
ccb81p,dankmemes,post,1562940079,positive
c9b1ei,dankmemes,post,1562296310,neutral
cg8d1b,dankmemes,post,1563768143,neutral
c7vc0e,dankmemes,post,1561999249,neutral
ci2j46,dankmemes,post,1564145806,negative
cj51g9,dankmemes,post,1564366998,negative
c8vm7k,dankmemes,post,1562198538,neutral
cef5gk,dankmemes,post,1563380869,negative
c7myqi,discordapp,post,1561948209,neutral
cdf5rr,discordapp,post,1563181706,neutral
cdivnq,dragonballfighterz,post,1563204599,negative
ci4f4v,drugscirclejerk,post,1564155521,neutral
cdgh1g,fitnesscirclejerk,post,1563191379,neutral
chqnbj,germany,post,1564075130,neutral
cf6unn,me_irl,post,1563538760,neutral
ckene8,memes,post,1564608019,neutral
c9gj7y,minnesotaunited,post,1562336703,neutral
cj25wo,modhelp,post,1564351597,neutral
cdn3eb,muacirclejerk,post,1563223034,neutral
c8v331,nba,post,1562195394,neutral
cgcj9r,raisedbynarcissists,post,1563798245,neutral
ccfx0i,redditrequest,post,1562961990,neutral
cek29f,redditrequest,post,1563403372,neutral
cefufw,runescape,post,1563384002,negative
cdhk7p,secretsanta,post,1563197812,neutral
c87t3m,teenagers,post,1562064750,neutral
chqv4z,teenagers,post,1564076150,neutral
cahf9r,teenagers,post,1562566869,neutral
cfhik2,teenagers,post,1563595262,negative
cfp9c4,teenagers,post,1563648183,negative
c9uhfv,torontoraptors,post,1562425145,neutral
chjic8,whatisthisthing,post,1564032614,negative
c7oc8c,writing,post,1561956929,positive
cjjtqs,AskNetsec,post,1564445706,neutral
cglmjr,AskThe_Donald,post,1563842755,neutral
cjly0g,AutoModerator,post,1564456856,neutral
ce2r6s,BDSMAdvice,post,1563309818,neutral
cgiz1r,BDSMAdvice,post,1563829390,negative
cf17tq,Braincels,post,1563499558,negative
ce4k98,ChapoTrapHouse,post,1563318348,neutral
cfst7u,DBZDokkanBattle,post,1563667838,negative
c9qu2f,FreeKarma4U,post,1562397457,negative
c88lf9,IndianCountry,post,1562070249,neutral
cewl5q,MovieDetails,post,1563476044,neutral
cav5tn,SCP,post,1562641825,neutral
cctez4,Showerthoughts,post,1563046448,negative
c9c3p1,Sidehugs,post,1562304115,negative
c9xa89,StudentNurse,post,1562439824,neutral
cjte46,bakchodi,post,1564500758,neutral
cj2rtv,baseball,post,1564354711,negative
chdq59,beta,post,1564001056,neutral
cch4mh,dankmemes,post,1562967981,neutral
cbf4gs,dankmemes,post,1562755257,negative
cbf86z,dankmemes,post,1562755998,negative
cey638,destiny2,post,1563483545,negative
cevicf,gtaonline,post,1563470970,neutral
cjkcq5,madlads,post,1564448412,negative
c7lv1m,nba,post,1561941462,neutral
c9ruzu,nba,post,1562406341,neutral
cffbvt,nintendo,post,1563581521,negative
cfo664,rant,post,1563642615,negative
ce4zs9,redditrequest,post,1563320530,neutral
c7owzr,redditrequest,post,1561961006,neutral
c7n6ee,redditrequest,post,1561949529,neutral
cbz4vq,rock,post,1562869029,negative
cig856,rupaulsdragrace,post,1564225470,negative
cdtttn,teenagers,post,1563261951,neutral
ciriox,teenagers,post,1564287647,positive
cfay81,teenagers,post,1563559606,neutral
c9qnj9,unpopularopinion,post,1562396054,positive
c9quoc,unpopularopinion,post,1562397572,negative
cfum2e,2007scape,post,1563679390,negative
cjocy0,2007scape,post,1564471982,neutral
c8jtmr,2007scape,post,1562129245,neutral
cglwv9,AgainstHateSubreddits,post,1563844378,negative
cjr6cn,AskALiberal,post,1564490297,negative
cfsc11,AskReddit,post,1563664908,neutral
ciycto,BestOfReports,post,1564333534,neutral
c9hif7,Braincels,post,1562341857,negative
cd19vq,Braincels,post,1563097669,negative
cdqnyt,Braincels,post,1563241617,negative
cdu1c6,Braincels,post,1563263533,negative
ciarfe,ChapoTrapHouse,post,1564186845,negative
cf7vd4,Charcuterie,post,1563544642,neutral
cf7wc1,Charcuterie,post,1563544791,neutral
cf7xpp,Charcuterie,post,1563544998,neutral
cg7eea,Comcast_Xfinity,post,1563762173,neutral
ca9rb9,Comcast_Xfinity,post,1562522400,neutral
cbsrj5,Drama,post,1562829891,negative
cbt382,Drugs,post,1562832513,neutral
ccq4aq,Flyers,post,1563029202,neutral
c8gve2,FortNiteBR,post,1562111094,negative
c8hsf0,FortNiteBR,post,1562116535,negative
cdwwl0,Jokes,post,1563282967,negative
cbz8mj,MLBTheShow,post,1562869517,neutral
ca3cmd,MMA,post,1562476689,neutral
c8pqvt,Metallica,post,1562169228,neutral
c7qpqg,ModSupport,post,1561975268,negative
chxwbr,NarutoBlazing,post,1564113064,negative
cerfne,NoStupidQuestions,post,1563450432,neutral
cg5vad,NoStupidQuestions,post,1563753037,neutral
ci3trv,PhotoshopRequest,post,1564152712,neutral
ciz160,PhotoshopRequest,post,1564336767,neutral
chpzj4,SchoolIdolFestival,post,1564072063,neutral
c9tzmh,Tinder,post,1562422265,neutral
ch4omc,ToolBand,post,1563951090,neutral
ce2nik,WatchRedditDie,post,1563309358,negative
c8cx7v,WatchRedditDie,post,1562092554,negative
cgxtrd,bisco,post,1563912904,neutral
c871j5,bostonceltics,post,1562058909,negative
cdqo7g,dankmemes,post,1563241659,negative
caq81f,dankmemes,post,1562616606,negative
ccw08o,dankmemes,post,1563060310,negative
cc4trr,dankmemes,post,1562897759,negative
cgmwc9,gonewild30plus,post,1563849985,neutral
ci6oix,help,post,1564166301,negative
cdlmdq,ketamine,post,1563216568,neutral
ci7dsy,memes,post,1564169727,positive
cj35k5,muacirclejerk,post,1564356655,negative
c8xrwy,nba,post,1562212077,positive
cfajcp,nba,post,1563557705,negative
cceefs,redditrequest,post,1562954926,neutral
c9utg9,redditrequest,post,1562427004,neutral
cjusom,redditrequest,post,1564506670,negative
cj49zj,redditrequest,post,1564362726,neutral
cbwbft,redditrequest,post,1562855901,neutral
ck0l7d,redditrequest,post,1564532280,neutral
cavx2v,redditrequest,post,1562646309,neutral
ckdw5m,redditrequest,post,1564604608,neutral
cbupdz,redditrequest,post,1562845105,neutral
c9y198,redditrequest,post,1562443819,neutral
ce1vxz,redditrequest,post,1563305861,neutral
c9gdom,selfharm,post,1562335855,neutral
cb3132,selfie,post,1562689246,neutral
cb3r7l,selfie,post,1562692511,neutral
cj0far,selfie,post,1564343288,negative
chaxab,snackexchange,post,1563988061,neutral
c8ppz2,teenagers,post,1562169094,neutral
cex4wv,teenagers,post,1563478671,positive
cex9rh,teenagers,post,1563479310,neutral
cdjzcm,timetravel,post,1563209723,neutral
cc1uo5,totallynotrobots,post,1562881692,neutral
cac2js,2007scape,post,1562534025,neutral
c9i1xc,2007scape,post,1562344628,positive
cipt9f,AskReddit,post,1564277100,negative
cb6t1i,AskReddit,post,1562706076,negative
cb6u98,AskReddit,post,1562706216,negative
cc4ff8,Blep,post,1562895448,negative
cgyidj,Braincels,post,1563916067,negative
ch2i6r,Brawlstars,post,1563937188,negative
cb17te,ChapoTrapHouse,post,1562680671,negative
chs78p,DunderMifflin,post,1564082368,neutral
c8bekr,FortNiteBR,post,1562085337,negative
c8efww,FortNiteBR,post,1562098610,negative
c8ouix,MortalKombat,post,1562164639,neutral
cdesdo,MortalKombat,post,1563178650,neutral
c9rq4a,PewdiepieSubmissions,post,1562405112,neutral
caxgzh,Polska,post,1562656448,positive
ci41mz,Robocraft,post,1564153746,neutral
cka4a3,Robocraft,post,1564587751,negative
cd7koc,Thunder,post,1563134949,neutral
cgoaoa,beta,post,1563858699,neutral
cesm5c,conspiracy,post,1563457156,negative
cixlvd,coys,post,1564329900,positive
cbnkz7,dankmemes,post,1562798333,negative
cb3szv,dankmemes,post,1562692717,negative
cb3tju,dankmemes,post,1562692784,positive
c83ff6,dankmemes,post,1562033377,negative
cf2f3b,datingoverthirty,post,1563506774,neutral
caehwx,depression,post,1562547863,negative
cbmf6a,futurama,post,1562792595,neutral
ciogv4,gifs,post,1564269605,negative
chnqu6,help,post,1564061755,neutral
ci3vqw,lockpicking,post,1564152982,negative
c85so4,miamidolphins,post,1562048949,positive
cbnofx,modhelp,post,1562798829,neutral
cbg4wo,needamod,post,1562761921,neutral
cgsia5,pewdiepie,post,1563887944,neutral
caazou,pokemonshowdown,post,1562528559,negative
cfbo16,privacytoolsIO,post,1563562970,negative
ccvzbv,redditrequest,post,1563060167,neutral
cj57to,redditrequest,post,1564368000,neutral
ciwx90,redditrequest,post,1564326609,neutral
cfwqcv,redditrequest,post,1563696099,neutral
caothv,redditrequest,post,1562610328,neutral
cgwdwm,teenagers,post,1563906301,neutral
ci9m8a,teenagers,post,1564180738,negative
ce7ag1,teenagers,post,1563333317,negative
cd5jqe,ufl,post,1563124733,neutral
cb4hv2,uwaterloo,post,1562695768,neutral
cb4in3,uwaterloo,post,1562695868,neutral
ci4t3i,witchcraft,post,1564157334,positive
cc16vo,AskHistorians,post,1562878504,negative
cj5goa,AskHistorians,post,1564369405,negative
cc5p7d,AskOuija,post,1562902946,negative
chkpu0,AskReddit,post,1564041293,negative
cdgxue,Browns,post,1563194297,neutral
c9jsol,ChapoTrapHouse,post,1562353406,positive
ce6v0s,Comcast_Xfinity,post,1563330835,positive
cbcj7s,Fibromyalgia,post,1562736244,negative
cfqnbk,FortNiteBR,post,1563655492,positive
cf6dur,GirlGamers,post,1563535751,positive
ce0fcc,IASIP,post,1563299333,neutral
cf4q33,MGTOW,post,1563522810,negative
ckbdef,MapsWithoutNZ,post,1564593190,negative
ca9xcm,MtF,post,1562523222,neutral
cbp4k8,NeutralPolitics,post,1562806600,neutral
cgqftc,Overwatch,post,1563874661,negative
ce36mh,SequelMemes,post,1563311774,negative
cdbnkw,SeriousConversation,post,1563157187,negative
cak7td,SquaredCircle,post,1562587720,negative
ck8cpr,StardewValley,post,1564578871,negative
cjm69t,bipolar,post,1564458162,neutral
chggvy,cakeday,post,1564014539,neutral
ca22ob,castiron,post,1562467707,neutral
cdc7je,cowboys,post,1563160530,neutral
cfjgjz,dancarlin,post,1563610392,neutral
cjdnd5,dankmemes,post,1564418036,neutral
cazup8,dankmemes,post,1562673131,negative
c84jy6,dankmemes,post,1562040314,neutral
c7tqwh,dankmemes,post,1561993888,neutral
cbrm7f,dankmemes,post,1562821712,negative
cbx5s2,dankmemes,post,1562860009,negative
cbx6c2,dankmemes,post,1562860076,negative
cc5y7w,dankmemes,post,1562904510,negative
ccljtz,dankmemes,post,1562994492,negative
cg2ck2,dankmemes,post,1563734109,neutral
cap9km,dankmemes,post,1562612282,neutral
cbp2nv,datascience,post,1562806301,neutral
cfadw4,exjw,post,1563557017,positive
cfn3a7,freefolk,post,1563636850,negative
cg1u2b,help,post,1563731486,neutral
ceps5o,holdmyredbull,post,1563438668,negative
cg541o,investing,post,1563748704,negative
ckf6uj,ladyladyboners,post,1564610616,neutral
cjg7oo,likeus,post,1564429055,negative
cdfrgs,needamod,post,1563186359,neutral
cf4tcu,playarkservers,post,1563523535,neutral
ccuoka,redditrequest,post,1563052964,neutral
ced4e2,redditrequest,post,1563371544,neutral
caog4l,redditrequest,post,1562608741,neutral
cbiiby,redditrequest,post,1562774339,neutral
cb63yd,slideforreddit,post,1562702922,neutral
cfgh0r,teenagers,post,1563588477,positive
cge5di,thelastofus,post,1563806959,negative
ce9lzc,unpopularopinion,post,1563348581,negative
ccyfys,unpopularopinion,post,1563075307,negative
cjlha9,unpopularopinion,post,1564454307,negative
cgp5i1,AskReddit,post,1563864658,neutral
cgl4sh,AskReddit,post,1563839999,neutral
cbijai,Bitcoin,post,1562774467,negative
ckbt3h,ChapoTrapHouse,post,1564595135,negative
cbx2oe,Cumtown,post,1562859605,negative
cbz4wt,Cumtown,post,1562869032,negative
cg6f1c,Greyhounds,post,1563756263,negative
c9izun,Home,post,1562349306,neutral
ccmapc,INTP,post,1563000157,negative
ck0i0c,JustUnsubbed,post,1564531846,negative
cipf8s,KGATLW,post,1564274927,negative
c7u9hy,MGTOW,post,1561996141,neutral
c8dfb6,MemeEconomy,post,1562094873,negative
cdfy3t,MemeEconomy,post,1563187761,neutral
cho5d0,Overwatch,post,1564063785,negative
c9d3th,Showerthoughts,post,1562311629,negative
c9d40x,Showerthoughts,post,1562311671,neutral
c9d4fy,Showerthoughts,post,1562311761,negative
c961xl,SmallYTChannel,post,1562265435,neutral
cahkkp,SquaredCircle,post,1562567966,negative
cdfzia,SquaredCircle,post,1563188041,neutral
cej1xp,Thunder,post,1563398487,neutral
cgkp9r,TrueOffMyChest,post,1563837729,negative
ceia9e,Yogscast,post,1563395097,positive
c91fjw,chelseafc,post,1562239217,neutral
cjml94,copypasta,post,1564460590,positive
ce8ytl,dankmemes,post,1563344015,neutral
ceo7rv,dankmemes,post,1563427074,negative
chr7oh,dankmemes,post,1564077755,neutral
cculoj,exmormon,post,1563052537,neutral
cg6u9x,freefolk,post,1563758794,negative
celkry,gay,post,1563411386,neutral
c7rnu3,help,post,1561982188,neutral
cedqgz,help,post,1563374458,neutral
cbaice,ladybonersgw,post,1562724602,neutral
cfyw09,ladybonersgw,post,1563715028,negative
ci6hih,ladybonersgw,post,1564165361,negative
c7yzqn,memes,post,1562009837,negative
cjj1ob,mildlyinfuriating,post,1564441799,negative
cjz0b2,needamod,post,1564524744,neutral
ccv4uk,news,post,1563055435,negative
cba756,nukedmemes,post,1562722916,neutral
cbx5jw,redditrequest,post,1562859979,neutral
cf7k97,redditrequest,post,1563542913,neutral
cfv11s,redditrequest,post,1563682268,neutral
cgjo3o,soccercirclejerk,post,1563832610,negative
cifsec,teenagers,post,1564221939,negative
ck2eqv,thebachelor,post,1564541738,neutral
cg7uiu,4Runner,post,1563764918,negative
cd6ohk,AgainstHateSubreddits,post,1563130498,negative
cdsloh,AnimalCrossing,post,1563253266,negative
ch5vxs,AskReddit,post,1563960101,neutral
cf5kfv,Braincels,post,1563529654,negative
c7o2ff,ChapoTrapHouse,post,1561955094,positive
cc5pmk,ChapoTrapHouse,post,1562903015,negative
ce3wxa,ChapoTrapHouse,post,1563315184,neutral
ci75yg,EtikaRedditNetwork,post,1564168659,neutral
cjdjb8,FortNiteBR,post,1564417529,negative
cirbv7,FreeCompliments,post,1564286434,neutral
c7tl9n,GoNets,post,1561993127,positive
cdr153,Habs,post,1563243654,neutral
cd34x3,JustUnsubbed,post,1563111699,negative
cas479,NewOrleans,post,1562625581,neutral
carj4i,OSU,post,1562622743,neutral
ci6su1,Random_Acts_Of_Pizza,post,1564166883,neutral
c9y52l,RimWorld,post,1562444399,neutral
c9811q,SampleSize,post,1562276238,positive
cf313x,TagPro,post,1563510624,negative
cdygl4,The_Donald,post,1563290516,neutral
cizqj5,TrueOffMyChest,post,1564340072,negative
cjym08,dankmemes,post,1564522988,neutral
chcnma,dankmemes,post,1563996085,neutral
cgd0v1,dankmemes,post,1563801097,negative
cf043h,dankmemes,post,1563493347,neutral
c7yoru,freefolk,post,1562008927,neutral
c7zdal,freefolk,post,1562011391,neutral
c80k7m,freefolk,post,1562017240,positive
c92yzn,freefolk,post,1562249107,negative
c9ugg3,freefolk,post,1562424995,negative
ccpdx7,freefolk,post,1563024824,neutral
ccpj5j,freefolk,post,1563025726,neutral
cdxt5o,freefolk,post,1563287569,positive
cdyc2j,freefolk,post,1563289965,positive
cf5etg,freefolk,post,1563528404,negative
cfiynh,freefolk,post,1563606045,negative
cfq5sd,freefolk,post,1563652893,neutral
cgs5se,freefolk,post,1563885979,negative
c82xke,hacking,post,1562030461,negative
caol8u,hacking,post,1562609338,negative
caoqi4,hacking,post,1562609970,negative
cbmbla,hacking,post,1562792113,negative
chsrtu,hacking,post,1564085095,neutral
cdtcqj,l4d2,post,1563258603,negative
cg06y2,languagelearning,post,1563722921,positive
ca2fb0,memes,post,1562470061,negative
chpnn2,northdakota,post,1564070542,positive
cj5p33,prolife,post,1564370738,negative
ck40pv,r4r,post,1564550888,negative
cjybyu,redditrequest,post,1564521808,neutral
cjqj3k,redditrequest,post,1564486775,neutral
cj379a,runescape,post,1564356895,negative
cd9jt7,samharris,post,1563145137,neutral
c9cu5h,subredditcancer,post,1562309585,negative
cboi9e,tacobell,post,1562803197,negative
cc0nxi,tacobell,post,1562876028,negative
cc20g9,tacobell,post,1562882486,negative
cdrtqz,tacobell,post,1563248265,negative
cic9js,techtheatre,post,1564195917,neutral
ck52m1,teenagers,post,1564557765,neutral
ceoi6d,teenagers,post,1563429063,neutral
c8grxz,thebachelor,post,1562110536,neutral
cicfru,unpopularopinion,post,1564197025,negative
cfm4a3,AskReddit,post,1563631288,negative
cbsxxa,DotA2,post,1562831303,neutral
c8prq1,Gamingcirclejerk,post,1562169346,negative
c9wj96,SubredditDrama,post,1562435995,neutral
c9a9ez,SubredditDrama,post,1562290723,negative
ca7wr7,SubredditDrama,post,1562512643,negative
ca81g0,SubredditDrama,post,1562513392,negative
cbwura,SubredditDrama,post,1562858546,negative
ceccoc,SubredditDrama,post,1563367467,negative
cfdnn0,TooAfraidToAsk,post,1563572693,neutral
cghzsd,TooAfraidToAsk,post,1563824802,neutral
cbjh90,WWE,post,1562778885,positive
c7pwtz,Wizard101,post,1561968634,negative
cbrrdg,askgaybros,post,1562822713,negative
c884zi,cardfightvanguard,post,1562067168,neutral
c81vu7,confession,post,1562024340,negative
circya,conspiracy,post,1564286613,negative
cihho5,cyberpunkgame,post,1564234022,negative
cjbwhc,dankmemes,post,1564410164,negative
c8k1it,dankmemes,post,1562130775,negative
cemjtr,dankmemes,post,1563416925,neutral
cbjfu4,dankmemes,post,1562778712,negative
cce1m1,dankmemes,post,1562953306,neutral
cjw11e,insurgency,post,1564511839,neutral
c7v7s3,legaladvice,post,1561998912,neutral
cgthyx,nba,post,1563893091,neutral
cawhbw,redditrequest,post,1562649814,neutral
cbj4x4,redditrequest,post,1562777308,neutral
c9jqnh,subredditcancer,post,1562353119,negative
cfduht,trans,post,1563573621,negative
cdzopl,unpopularopinion,post,1563296055,negative
cir829,4PanelCringe,post,1564285730,neutral
cir8jj,4PanelCringe,post,1564285818,neutral
c7x07n,Animemes,post,1562004046,neutral
ce98y6,ApplyingToCollege,post,1563346008,neutral
cf1b7v,AskReddit,post,1563500104,neutral
c9ytso,AskReddit,post,1562448016,neutral
cbo19q,CrappyDesign,post,1562800710,negative
ccvstf,CrappyDesign,post,1563059132,neutral
cd1dtj,Drama,post,1563098629,neutral
ca9j5c,Ice_Poseidon,post,1562521276,negative
c86r8f,LateStageCapitalism,post,1562056571,neutral
cffij9,NoStupidQuestions,post,1563582577,neutral
cbap7z,Padres,post,1562725635,neutral
c838kn,Psychonaut,post,1562032254,neutral
c89psf,RWBY,post,1562076842,neutral
cdp9so,WatchRedditDie,post,1563233851,negative
cf6948,WatchRedditDie,post,1563534851,negative
cbfnoc,WatchRedditDie,post,1562758888,negative
cb7y7b,Wizard101,post,1562711360,negative
cgupxx,bicycling,post,1563898805,negative
c9jhgk,comedyhomicide,post,1562351783,negative
c8fbwv,copypasta,post,1562102934,negative
c9rv9m,dankmemes,post,1562406397,neutral
cizxhm,dankmemes,post,1564340976,negative
cbb86o,dankmemes,post,1562728570,neutral
cfn2da,dankmemes,post,1563636721,negative
cb2gx7,dankmemes,post,1562686694,neutral
cb4503,dankmemes,post,1562694204,negative
chianr,destiny2,post,1564024890,negative
ces96f,haikyuu,post,1563455238,neutral
cbdrh9,help,post,1562744692,neutral
cfsp27,languagelearning,post,1563667118,neutral
c9jy6v,modhelp,post,1562354189,neutral
c8xr2p,nrl,post,1562211922,neutral
ci2tmj,personalfinance,post,1564147453,neutral
cfu0nn,redditrequest,post,1563675432,neutral
c9cvr9,redditrequest,post,1562309918,neutral
cinuwh,russia,post,1564266272,negative
cb25pi,stepparents,post,1562685225,neutral
cai9u5,teenagers,post,1562573388,neutral
ccr75v,teenagers,post,1563035120,neutral
cczpoz,teenagers,post,1563084330,negative
cawyu1,titanfall,post,1562653029,neutral
cdzxsf,uscg,post,1563297174,positive
ce28o0,woooosh,post,1563307478,neutral
cehg9d,4chan,post,1563391368,negative
cdl8fm,AutoModerator,post,1563214936,neutral
c7z7sf,AutoModerator,post,1562010684,neutral
ci455r,Blink182,post,1564154207,neutral
c8g1sw,ChapoTrapHouse,post,1562106644,neutral
c8wm6h,ChapoTrapHouse,post,1562204649,positive
c9080n,ChapoTrapHouse,post,1562229716,neutral
caltmr,ChapoTrapHouse,post,1562596580,neutral
cez82q,DeepFriedMemes,post,1563488686,negative
cferoy,FortNiteBR,post,1563578311,negative
ccd82q,FortNiteBR,post,1562949593,negative
c8e2ke,FreeSpeech,post,1562096800,negative
chfhlo,MMA,post,1564009317,negative
chfkn1,MMA,post,1564009750,neutral
c81yw8,MakeNewFriendsHere,post,1562024840,neutral
cdo1xo,Monstercat,post,1563227587,neutral
cfue92,OverwatchUniversity,post,1563677922,negative
cbyzdg,PewdiepieSubmissions,post,1562868330,neutral
cgyb4k,RoastMe,post,1563915146,neutral
ciooi0,Showerthoughts,post,1564270777,neutral
cb8q0k,WatchRedditDie,post,1562715158,negative
ck01vp,WatchRedditDie,post,1564529587,negative
c8wbf0,WritingPrompts,post,1562202797,neutral
c804lz,dank_meme,post,1562015066,neutral
ci20f4,dankmemes,post,1564142683,negative
cfy2yh,dankmemes,post,1563708831,neutral
cep7w0,dankmemes,post,1563434273,neutral
ch0ssl,dankmemes,post,1563927558,negative
ce99s9,dankmemes,post,1563346169,negative
c8w2vj,farmingsimulator,post,1562201316,neutral
c9g1au,farmingsimulator,post,1562333809,neutral
c9ymkt,farmingsimulator,post,1562446967,neutral
ccq36a,farmingsimulator,post,1563029040,neutral
cbhk5e,labrats,post,1562769789,positive
chsa44,marvelstudios,post,1564082742,neutral
cdfqkp,memes,post,1563186173,negative
cdfs3w,memes,post,1563186506,negative
cdhifc,memes,post,1563197529,negative
cdpp98,memes,post,1563236197,negative
c9qtc9,nba,post,1562397302,negative
ciuyex,redditrequest,post,1564314739,neutral
chwme5,redditrequest,post,1564105360,neutral
c7v7gv,redditrequest,post,1561998885,neutral
cci38e,redditrequest,post,1562973018,neutral
cf2z3j,redditrequest,post,1563510271,neutral
cddzl9,redditrequest,post,1563172521,neutral
c7t57o,subredditcancer,post,1561990785,negative
c7nx3n,teenagers,post,1561954189,negative
cf1ryq,timbers,post,1563502852,negative
cgs3a9,unpopularopinion,post,1563885563,negative
cd3dou,vzla,post,1563113212,positive
cjv7i0,AmItheAsshole,post,1564508392,negative
chmstu,AskHistorians,post,1564056381,neutral
cimfrq,FORTnITE,post,1564258894,neutral
cas3f0,HalfLife,post,1562625470,negative
cck4w2,JustBootThings,post,1562985238,neutral
ci6mjb,ModSupport,post,1564166049,neutral
cjqg3e,MovieDetails,post,1564486301,negative
casut9,RandomActsofCards,post,1562629332,positive
c8xa8n,The_Donald,post,1562208926,neutral
ca8fud,The_Donald,post,1562515594,neutral
cixzit,baseball,post,1564331748,neutral
cf94li,canada,post,1563551025,negative
c80agq,churning,post,1562015863,neutral
cg0qj1,dankmemes,post,1563725846,negative
cje2ks,europe,post,1564419847,negative
cgt717,gonewild30plus,post,1563891579,neutral
ca18xc,help,post,1562462257,neutral
c82lqp,lakers,post,1562028524,neutral
c8ow9e,maninthehighcastle,post,1562164899,positive
cbazff,memes,post,1562727230,neutral
cckxkg,modhelp,post,1562990301,neutral
ck0gzm,quityourbullshit,post,1564531727,neutral
ccq07a,rangers,post,1563028558,neutral
cfwndx,redditrequest,post,1563695311,neutral
ci83gs,redditrequest,post,1564173161,neutral
cjlrbq,redditrequest,post,1564455831,neutral
ci6y6b,redditrequest,post,1564167612,neutral
cgt2ov,redditrequest,post,1563890952,neutral
ccux2d,redditrequest,post,1563054256,neutral
cbx07u,redditrequest,post,1562859282,neutral
ccztdr,short,post,1563085165,negative
ce5ai0,short,post,1563322171,neutral
cgt4h3,sixwordstories,post,1563891216,negative
cg3c8l,teenagers,post,1563739247,neutral
cbqn1k,teenagers,post,1562815423,negative
ckfpu4,teenagers,post,1564613167,negative
c8krea,torontoraptors,post,1562136028,neutral
catfuk,walmart,post,1562632413,neutral
cft3r3,2007scape,post,1563669648,neutral
cb7kvv,2007scape,post,1562709631,neutral
ci49sr,Animemes,post,1564154822,neutral
c9da76,AskReddit,post,1562313093,neutral
c8iinx,BPD,post,1562120986,neutral
ci2oz0,COMPLETEANARCHY,post,1564146726,neutral
ccau5l,ChapoTrapHouse,post,1562938023,negative
cd847i,Cricket,post,1563137636,positive
cioq1r,DoesAnybodyElse,post,1564271026,neutral
cjckjq,Emo,post,1564413246,negative
c8s5fc,GenderCritical,post,1562180764,negative
cjv2wx,Kenya,post,1564507863,neutral
ccvev6,Mariners,post,1563056949,neutral
ccq34c,ModSupport,post,1563029028,neutral
cdum1e,Rainbow6,post,1563268194,negative
c7narp,SuddenlyGay,post,1561950274,neutral
ccvoy8,TexasRangers,post,1563058517,neutral
ck0nvi,The_Donald,post,1564532658,neutral
cbb9u3,Thunder,post,1562728827,neutral
cigo2x,WatchRedditDie,post,1564228779,negative
cb6kb3,Yogscast,post,1562704966,neutral
cfix1s,Yogscast,post,1563605667,neutral
cj1uqi,billsimmons,post,1564350090,neutral
cdsvpg,cscareerquestions,post,1563255213,neutral
cba1am,dankmemes,post,1562722027,neutral
cbkxpm,dankmemes,post,1562785577,neutral
ci49up,dankmemes,post,1564154830,negative
c9diq5,geometrydash,post,1562315156,neutral
ccsb7x,hockey,post,1563040901,neutral
c8d6gj,lakers,post,1562093757,neutral
c8jgue,lakers,post,1562126911,negative
c8ypey,legaladvice,post,1562218278,neutral
cj2y1d,needamod,post,1564355586,neutral
cj7swo,needamod,post,1564384354,neutral
cc4c8w,onionhate,post,1562894938,neutral
ce1x97,onionhate,post,1563306032,neutral
c7nv45,pakistan,post,1561953837,neutral
c8cmf0,pakistan,post,1562091129,negative
cc1n7l,pussypassdenied,post,1562880688,neutral
caoopj,redditrequest,post,1562609750,neutral
cjetyl,redditrequest,post,1564423113,neutral
ccmhb0,redditrequest,post,1563001671,neutral
chic9e,teenagers,post,1564025171,neutral
cawy42,teenagers,post,1562652895,negative
cb8bzj,unpopularopinion,post,1562713186,negative
ci6lfr,urbanexploration,post,1564165905,positive
cdx0ds,weezer,post,1563283515,neutral
cb85k7,AFL,post,1562712319,positive
cc7bmi,AskReddit,post,1562913732,neutral
ch1725,ChapoTrapHouse,post,1563929752,neutral
chmxij,ChemicalEngineering,post,1564057160,negative
cdym1u,Cricket,post,1563291225,neutral
cfixiq,FortNiteBR,post,1563605783,neutral
cdhizu,LAClippers,post,1563197621,neutral
c7um79,LeagueOfMeta,post,1561997165,negative
cctf4k,Libertarian,post,1563046468,negative
cfstyv,Libertarian,post,1563667950,negative
c9b6p2,NoFap,post,1562297394,neutral
c8kdjw,NoStupidQuestions,post,1562133140,positive
cf4gmv,NoStupidQuestions,post,1563520762,neutral
cj705m,OldSchoolCool,post,1564378895,neutral
cdx6o2,Redskins,post,1563284442,neutral
c8btjk,ScenesFromAHat,post,1562087305,neutral
cbykyd,ShitPoliticsSays,post,1562866512,negative
cero16,betternews,post,1563451848,negative
cflqfu,betternews,post,1563628865,neutral
c7z9le,breastfeeding,post,1562010910,positive
cg6m82,brockhampton,post,1563757448,neutral
ch8cr9,circlejerk,post,1563975800,neutral
cb68sy,dankmemes,post,1562703515,positive
cesf43,dankmemes,post,1563456125,negative
ccm6kv,dankmemes,post,1562999255,neutral
calh3b,dankmemes,post,1562594836,negative
c97pw1,darkjokes,post,1562274469,neutral
ca5bl0,darkjokes,post,1562494252,neutral
capk8h,darkjokes,post,1562613592,neutral
cb3nnq,darkjokes,post,1562692070,negative
ceczwu,darkjokes,post,1563370895,negative
cfsfwo,darkjokes,post,1563665556,neutral
cfwp5u,darkjokes,post,1563695772,neutral
cgozqi,darkjokes,post,1563863501,neutral
cgozr2,darkjokes,post,1563863504,neutral
chjq49,darkjokes,post,1564034104,neutral
c8jdxa,detroitlions,post,1562126400,positive
ce6uda,detroitlions,post,1563330734,positive
c82q73,exmuslim,post,1562029256,neutral
cdy653,golf,post,1563289269,neutral
car7dv,holdmybeer,post,1562621201,negative
ciymca,lgbt,post,1564334804,neutral
ccq8mn,memes,post,1563029896,neutral
c89bg9,mildlyinfuriating,post,1562074603,neutral
cbrbuw,nba,post,1562819777,neutral
ci6bak,pussypassdenied,post,1564164520,neutral
cg9f7g,redditrequest,post,1563775386,neutral
cdyod8,redditrequest,post,1563291527,neutral
cjzjp6,redditrequest,post,1564527218,neutral
cjmi2n,redditrequest,post,1564460074,neutral
ca4zl2,self,post,1562491178,neutral
cj5x3b,subnautica,post,1564372083,neutral
c9pipq,teenagers,post,1562387742,negative
cc4j2u,teenagers,post,1562896032,positive
cc4pkd,teenagers,post,1562897062,negative
ccxxnf,teenagers,post,1563072076,negative
cf12kc,teenagers,post,1563498749,negative
ciese4,teenagers,post,1564213773,neutral
cif1d9,teenagers,post,1564215786,negative
ciq7la,teenagers,post,1564279413,negative
ciujv5,teenagers,post,1564311601,neutral
ciuwrt,teenagers,post,1564314387,neutral
cegrlx,teenagers,post,1563388206,positive
civcoy,teenagers,post,1564317544,negative
cavcqv,teenagers,post,1562642927,neutral
cixmcv,teenagers,post,1564329958,negative
c8z03n,unpopularopinion,post,1562220297,negative
c8n96h,unpopularopinion,post,1562155382,negative
cjjolc,unpopularopinion,post,1564444955,negative
cj8xo5,2007scape,post,1564392758,negative
ccm4uc,AbandonedPorn,post,1562998876,negative
c7nove,Braincels,post,1561952704,negative
cciu5x,ChapoTrapHouse,post,1562977240,neutral
ccghx4,ChapoTrapHouse,post,1562964814,neutral
c8xmou,DBZDokkanBattle,post,1562211113,negative
cavjwm,DBZDokkanBattle,post,1562644124,neutral
cbwrjc,DBZDokkanBattle,post,1562858120,positive
ccrlhg,DBZDokkanBattle,post,1563037230,negative
cbbqbi,DDLC,post,1562731426,neutral
cg4ofi,ForeverAlone,post,1563746329,negative
cgopkg,GenderCritical,post,1563861511,neutral
cbvq89,IndiansGoneWild,post,1562851916,neutral
cc48ad,IndiansGoneWild,post,1562894286,neutral
cig8hu,Kappa,post,1564225542,neutral
c9spkt,MGTOW,post,1562413485,neutral
c9za0b,Minecraft,post,1562450474,neutral
cc3m7k,ModSupport,post,1562890840,neutral
cbgn7x,NBASpurs,post,1562764914,neutral
cf15zx,PewdiepieSubmissions,post,1563499275,positive
cabowe,PrequelMemes,post,1562532093,neutral
cawofa,PrequelMemes,post,1562651101,neutral
cb30pf,PrequelMemes,post,1562689202,neutral
cc6lbz,SUBREDDITNAME,post,1562908719,positive
c91k2l,WatchRedditDie,post,1562240136,negative
c7n018,WatchRedditDie,post,1561948424,negative
cg3v4x,WatchRedditDie,post,1563741982,negative
caqrao,atheism,post,1562619106,neutral
c8t1sk,brockhampton,post,1562185058,neutral
c7sxar,cambodia,post,1561989642,neutral
ci3rlh,cscareerquestions,post,1564152423,neutral
c8lzn2,dankmemes,post,1562146101,negative
ci60ju,dankmemes,post,1564163108,negative
cbl441,dankmemes,post,1562786393,neutral
cjj1r8,dankmemes,post,1564441811,positive
cd2eq3,dankmemes,post,1563106902,negative
c8szi6,dankmemes,post,1562184745,negative
cagprv,darkjokes,post,1562561745,neutral
c87o0p,discordapp,post,1562063730,negative
cca3zp,fatlogic,post,1562933834,negative
ciuiqv,killingfloor,post,1564311341,negative
c853pt,lakers,post,1562043912,negative
c8be9u,lakers,post,1562085300,neutral
cfjeaf,madlads,post,1563609813,neutral
cfbk42,memes,post,1563562449,negative
c9owx0,milwaukee,post,1562383134,neutral
c7mb26,nba,post,1561944229,negative
ciqxc7,nukedmemes,post,1564283816,negative
cb6tow,nukedmemes,post,1562706153,neutral
cexjkz,quityourbullshit,post,1563480571,negative
cde9rv,reactiongifs,post,1563174673,negative
cbloli,redditrequest,post,1562789035,neutral
cg6d5x,redditrequest,post,1563755952,neutral
c91nex,redditrequest,post,1562240818,neutral
ch8l0a,washingtondc,post,1563977014,neutral
cbf31j,AskReddit,post,1562754945,neutral
cd3q0c,CHICubs,post,1563115193,neutral
cbk4hb,COMPLETEANARCHY,post,1562781889,negative
ccm1yx,ChapoTrapHouse,post,1562998267,neutral
c9yzrs,GBA4iOS,post,1562448900,neutral
cbs5wd,ModSupport,post,1562825556,neutral
cb1urc,Piracy,post,1562683792,negative
c9gios,SS13,post,1562336619,negative
cfgguq,Smite,post,1563588451,negative
c7nfqn,The_Donald,post,1561951124,positive
c9jll0,WorldofTanks,post,1562352369,neutral
cdoggg,cats,post,1563229582,neutral
cb5bb8,dankmemes,post,1562699368,negative
c8oj17,dankmemes,post,1562162935,neutral
cb0s9v,dankmemes,post,1562678371,negative
ciwpc1,dankmemes,post,1564325493,negative
ccibqy,evangelion,post,1562974317,neutral
ccmtco,help,post,1563004513,neutral
ch4oed,help,post,1563951046,neutral
ck8rjw,legaladvice,post,1564581050,negative
cchtdq,madlads,post,1562971556,positive
cj0kvf,meme,post,1564343996,negative
ci700q,mildlyinfuriating,post,1564167862,negative
c9bnxn,nba,post,1562300822,negative
ck147v,oddlysatisfying,post,1564534953,negative
cjglbw,rawdenim,post,1564430690,neutral
c7v9hy,redditrequest,post,1561999045,neutral
c9oazo,redditrequest,post,1562379167,neutral
cj3vaf,redditrequest,post,1564360518,neutral
c7sb9q,redditrequest,post,1561986220,neutral
cexo1z,redditrequest,post,1563481172,neutral
cffpfa,redditrequest,post,1563583736,neutral
ca7kn0,soccercirclejerk,post,1562510718,neutral
c9o2cx,teenagers,post,1562377640,negative
c9rtqw,teenagers,post,1562406039,neutral
chvmb6,unpopularopinion,post,1564099649,negative
cj1lt0,youseeingthisshit,post,1564348803,negative
cdn799,2007scape,post,1563223524,neutral
cbwqs9,AskOuija,post,1562858024,neutral
cbjibl,AskReddit,post,1562779029,neutral
c7otbf,AskReddit,post,1561960289,neutral
cj3iio,AusFinance,post,1564358574,negative
cc4yg5,Catholicism,post,1562898534,negative
cir8b2,Catholicism,post,1564285770,positive
cjsgdx,Catholicism,post,1564496598,neutral
cdj5te,Christianity,post,1563205976,negative
c9kv04,Drama,post,1562358872,neutral
cfx6r9,Eminem,post,1563700578,neutral
cg54tm,IWantOut,post,1563748824,neutral
ca6ugh,JustUnsubbed,post,1562506258,negative
c956ku,KingdomHearts,post,1562260995,neutral
cbt4kf,LabourUK,post,1562832824,neutral
c9s17b,ModSupport,post,1562407854,negative
cgqyas,OpiatesRecovery,post,1563878273,positive
c942qj,Showerthoughts,post,1562255194,negative
c92j7t,SquaredCircle,post,1562246509,neutral
ccfsim,The_Donald,post,1562961411,neutral
ce4xqc,atheism,post,1563320234,neutral
ci38ai,dankmemes,post,1564149684,neutral
ce3lbx,dankmemes,post,1563313691,neutral
cc8fi6,ffxiv,post,1562922268,neutral
cb890r,help,post,1562712777,negative
c8yo0a,hiphopheads,post,1562218005,negative
ck7qps,macdemarco,post,1564575514,negative
ccyp4j,mildlyinfuriating,post,1563076982,neutral
cdo8bx,modhelp,post,1563228428,neutral
cgfsau,needamod,post,1563814696,neutral
cekg7b,pokemonshowdown,post,1563405359,negative
c8pk60,pokemontrades,post,1562168262,negative
cgpixw,redditrequest,post,1563867417,neutral
caenvh,redditrequest,post,1562548871,neutral
ch0qto,redditrequest,post,1563927239,neutral
ck6qbh,redditrequest,post,1564569523,neutral
ci1c19,soccer,post,1564138150,negative
ch7ads,softwaregore,post,1563969770,neutral
ce7ndq,softwaregore,post,1563335445,negative
cfj9i3,subredditcancer,post,1563608602,negative
ccgl0v,suns,post,1562965253,neutral
cef7mn,traaaaaaannnnnnnnnns,post,1563381143,neutral
ckfcgm,traaaaaaannnnnnnnnns,post,1564611351,negative
cax1mp,trashy,post,1562653565,negative
cajah0,tressless,post,1562581320,neutral
cdw571,videos,post,1563278683,neutral
cavqf4,warriors,post,1562645181,positive
cdwicn,AtlantaHawks,post,1563280810,neutral
cf6kjy,Braincels,post,1563537029,negative
cbibue,ChapoTrapHouse,post,1562773469,neutral
ccxw6j,ChapoTrapHouse,post,1563071815,neutral
cgedsm,ChapoTrapHouse,post,1563808091,negative
cjcrjw,ChapoTrapHouse,post,1564414140,negative
cexmcd,ClashRoyale,post,1563480935,neutral
ch72te,ComedyNecrophilia,post,1563968480,negative
c8yhm1,ComedyNecrophilia,post,1562216792,negative
chou3a,CryptoCurrency,post,1564066875,negative
catlw0,ForFashion,post,1562633331,neutral
ceslax,GoForGold,post,1563457023,neutral
cbjdk5,LabourUK,post,1562778420,neutral
ck82ws,Prematurecelebration,post,1564577382,negative
cgxjee,RoastMe,post,1563911581,neutral
cbb1eg,Showerthoughts,post,1562727535,negative
c89e8g,Showerthoughts,post,1562075054,negative
cgip7y,SouthParkPhone,post,1563828114,neutral
chuc7f,SouthParkPhone,post,1564092696,neutral
cbchek,Thunder,post,1562735925,positive
c8yvzt,WatchRedditDie,post,1562219528,negative
c8edvt,WatchRedditDie,post,1562098318,negative
cgg1mh,canada,post,1563815860,negative
cettbb,christmas,post,1563463107,negative
c934sb,climbing,post,1562250021,neutral
c87ash,dankmemes,post,1562060973,negative
cjx3t7,dankmemes,post,1564516465,negative
cbwxpb,dankmemes,post,1562858934,neutral
cbwz5l,dankmemes,post,1562859135,neutral
ci9kcd,dankmemes,post,1564180466,neutral
cc94on,engrish,post,1562927335,negative
cglnsg,fireemblem,post,1563842956,neutral
c860ci,lakers,post,1562050535,negative
chmwzp,memes,post,1564057071,negative
ciywyr,memes,post,1564336207,neutral
cfnt5f,rant,post,1563640697,negative
ciqipg,redditrequest,post,1564281298,neutral
c8su7y,redditrequest,post,1562184042,neutral
ceubn9,redditrequest,post,1563465507,neutral
cec3zz,redditrequest,post,1563366102,neutral
cdne8d,redditrequest,post,1563224427,neutral
ch6aau,singapore,post,1563963042,negative
c863a3,teenagers,post,1562051122,negative
cbd3v5,teenagers,post,1562740104,positive
ccvpzn,teenagers,post,1563058692,negative
ccg2y5,teenagers,post,1562962786,neutral
cfn3a1,teenagers,post,1563636850,negative
ce1q5u,thebachelor,post,1563305125,neutral
cff2wj,ufc,post,1563580057,negative
cha887,2007scape,post,1563984843,positive
ce7gkd,ChanceTheRapper,post,1563334325,neutral
ca76lx,ChapoTrapHouse,post,1562508430,negative
cjd6a2,ChapoTrapHouse,post,1564415977,negative
c94nmc,NoStupidQuestions,post,1562258293,neutral
cgd2ml,PewdiepieSubmissions,post,1563801360,neutral
cbd6fk,Planetside,post,1562740621,negative
cfdqwx,Planetside,post,1563573131,negative
chef0s,Planetside,post,1564004177,neutral
cdubbp,StarWarsBattlefront,post,1563265778,neutral
c9yive,StarWarsBattlefront,post,1562446420,negative
cglepw,StudentNurse,post,1563841530,neutral
cg2fqg,WatchRedditDie,post,1563734583,negative
cc9v5f,answers,post,1562932336,negative
c9rzej,atheism,post,1562407425,neutral
ck4h2l,brisbane,post,1564553810,neutral
ckdkl0,coins,post,1564603179,neutral
caje6s,dankmemes,post,1562582065,negative
cdnqxo,dankmemes,post,1563226087,neutral
c7zg24,freefolk,post,1562011748,neutral
c80zjq,heat,post,1562019389,neutral
cjtrfh,help,post,1564502337,neutral
c9r95q,lakers,post,1562400969,neutral
c9e7v4,memes,post,1562320822,negative
ce5esv,memes,post,1563322773,neutral
c816vp,memes,post,1562020507,negative
c9u6kh,offmychest,post,1562423410,negative
cf5ytq,offmychest,post,1563532726,negative
cirln0,offmychest,post,1564288189,negative
cjj799,offmychest,post,1564442547,positive
cjkw1s,offmychest,post,1564451192,negative
ck5ta3,opiates,post,1564563216,positive
cclcsp,redditrequest,post,1562993119,neutral
ce86ls,redditrequest,post,1563338794,neutral
c9or7v,redditrequest,post,1562382131,neutral
cev746,redditrequest,post,1563469527,neutral
cjx3op,redditrequest,post,1564516449,neutral
c92dqz,runescape,post,1562245590,neutral
c9hl33,teenagers,post,1562342229,negative
cf2klk,teenagers,post,1563507728,neutral
c8abil,teenagers,post,1562079925,neutral
chh1oa,trains,post,1564017807,negative
cd8cuk,BokuNoHeroAcademia,post,1563138844,neutral
cimyxw,Braincels,post,1564261620,negative
c8uuqj,Braves,post,1562194095,neutral
cbidnb,ChapoTrapHouse,post,1562773706,negative
ck1mfi,Comcast_Xfinity,post,1564537586,neutral
cdgn3p,Cricket,post,1563192450,neutral
ca96t0,FIFA,post,1562519550,negative
cig4pg,ForFashion,post,1564224716,negative
c8uczf,FortNiteBR,post,1562191549,neutral
c8v6cr,FortNiteBR,post,1562195905,neutral
ccwb5b,GenderCritical,post,1563062076,negative
ciw3n4,HailCorporate,post,1564322234,negative
cc65g5,HelpMeFind,post,1562905805,neutral
c8siqp,MensRights,post,1562182543,neutral
cix7yf,NBAForums,post,1564328063,negative
chbhf4,NYYankees,post,1563990609,positive
cdwqia,OrlandoMagic,post,1563282092,neutral
cg1los,PrequelMemes,post,1563730309,neutral
cdr6a2,bdsm,post,1563244475,positive
c8iosp,brockhampton,post,1562122043,neutral
ciwmyb,craftit,post,1564325150,neutral
ccu5pn,cutenoobs,post,1563050251,neutral
cjnc8b,dankmemes,post,1564465243,negative
ca084g,dankmemes,post,1562455964,negative
cdb1oo,dankmemes,post,1563153672,negative
ca9kg6,dankmemes,post,1562521457,positive
ckbd97,facepalm,post,1564593171,neutral
ck5naa,gatekeeping,post,1564561949,negative
caw71j,nukedmemes,post,1562648004,negative
c94r5z,nukedmemes,post,1562258812,negative
cfbzw8,redditrequest,post,1563564566,neutral
c9aid7,redditrequest,post,1562292503,neutral
ck7ub9,redditrequest,post,1564576071,neutral
cek7k6,redditrequest,post,1563404121,neutral
cfgcmf,rocksmith,post,1563587698,neutral
c9yq34,rugbyunion,post,1562447460,neutral
cj0073,sbubby,post,1564341338,neutral
cbpven,schizophrenia,post,1562810843,neutral
c9som3,secretsanta,post,1562413287,neutral
cfnjf2,spaceengine,post,1563639258,neutral
cd5jl3,stopdrinking,post,1563124711,positive
ci1qjn,teenagers,post,1564140901,negative
ccku7l,teenagers,post,1562989682,neutral
cd4cjo,teenagers,post,1563118604,negative
cdxhwm,teenagers,post,1563286045,neutral
cfj82m,teenagers,post,1563608258,neutral
cgaor6,teenagers,post,1563785271,negative
c9ku3f,teenagers,post,1562358741,negative
cguifc,uberdrivers,post,1563897856,neutral
cin9b4,weekendgunnit,post,1564263159,negative
ccazbq,AskReddit,post,1562938820,neutral
c8tuc1,AskReddit,post,1562188951,neutral
cjxc8o,Braincels,post,1564517475,negative
c9e54y,FUTMobile,post,1562320205,negative
ccaz1m,FUTMobile,post,1562938779,neutral
cex8aq,FortNiteBR,post,1563479118,negative
cf9oh9,FullScorpion,post,1563553683,negative
c9poei,HistoryMemes,post,1562388859,neutral
c9pohv,HistoryMemes,post,1562388879,neutral
cg8nj6,ImmigrationCanada,post,1563770026,negative
cggj73,Libertarian,post,1563818072,negative
chkpb9,Maplestory,post,1564041189,neutral
ckaqmh,NoStupidQuestions,post,1564590462,negative
c7p7ej,PewdiepieSubmissions,post,1561963138,neutral
cb0eua,PrequelMemes,post,1562676389,neutral
c8sg27,ShingekiNoKyojin,post,1562182192,neutral
cg24vh,Sprint,post,1563733014,neutral
cf4tfs,Starcitizen_trades,post,1563523548,positive
ci3ci2,StardewValley,post,1564150260,negative
chutxr,WatchRedditDie,post,1564095256,negative
ckdr5r,baseball,post,1564603980,negative
cexu2k,circlejerk,post,1563481975,negative
cb2rzn,communism101,post,1562688117,negative
chiqcq,dankmemes,post,1564027566,neutral
c85gfm,dankmemes,post,1562046435,neutral
ciijnt,dankmemes,post,1564239898,neutral
cgdwhb,dankmemes,post,1563805742,negative
chuhry,dankmemes,post,1564093479,neutral
cdhd3o,darkjokes,post,1563196680,negative
c9ssjy,discordapp,post,1562414131,neutral
c8efm7,ferrets,post,1562098566,neutral
cd53e4,ferrets,post,1563122498,neutral
cgwfll,ferrets,post,1563906523,neutral
cfepxh,fivenightsatfreddys,post,1563578040,neutral
cc1w4p,geometrydash,post,1562881886,neutral
c8m6qy,help,post,1562147667,neutral
c86c67,mildlyinfuriating,post,1562053035,negative
cbzut4,mildlyinteresting,post,1562872338,neutral
cc00l7,mildlyinteresting,post,1562873061,neutral
cia8vq,mildlypenis,post,1564184033,neutral
ck1hy4,nukedmemes,post,1564536921,neutral
cbmg3i,pokemon,post,1562792716,negative
ccsar3,pokemon,post,1563040840,neutral
ccsips,pokemon,post,1563041925,neutral
cfi0kx,redditrequest,post,1563598657,neutral
chacf5,redditrequest,post,1563985385,neutral
cft22x,redditrequest,post,1563669360,neutral
cel7vx,redditrequest,post,1563409396,neutral
c9ipmr,redditrequest,post,1562347887,neutral
cdqyae,survivor,post,1563243218,negative
casqai,teenagers,post,1562628686,neutral
cdsifr,teenagers,post,1563252640,neutral
cc0tzb,teenagers,post,1562876826,neutral
chemo5,teenagers,post,1564005157,negative
cj4f17,teenagers,post,1564363515,neutral
c8lbti,unpopularopinion,post,1562140443,negative
capdop,userexperience,post,1562612775,neutral
cizoeb,weed,post,1564339791,neutral
cd66xz,whatsthisplant,post,1563128027,negative
cfp2x3,ComedyCemetery,post,1563647249,positive
cgs5rm,Fibromyalgia,post,1563885974,neutral
caf491,FiestaST,post,1562551619,positive
ceorem,FortNiteBR,post,1563430888,neutral
c7z46w,NASCAR,post,1562010232,positive
cimsd2,NSFWFunny,post,1564260689,negative
c8f5v8,NoStupidQuestions,post,1562102089,negative
ck07wm,RotMG,post,1564530414,neutral
cfb4sz,SUBREDDITNAME,post,1563560461,negative
ccq1ac,ShitPoliticsSays,post,1563028730,negative
cjgfza,WaltDisneyWorld,post,1564430054,negative
cdiyz8,WatchRedditDie,post,1563205045,negative
cei1gb,WatchRedditDie,post,1563393969,negative
ckeobd,aww,post,1564608142,negative
cdwmh0,churningcanada,post,1563281467,positive
cgrbvb,communism,post,1563880859,neutral
c8hjfg,dankmemes,post,1562115041,positive
cjznh7,dankmemes,post,1564527697,neutral
cipbxi,dankmemes,post,1564274409,negative
cgmalm,dankmemes,post,1563846519,negative
camj2p,firefox,post,1562599969,neutral
cdpelm,hockey,post,1563234568,neutral
cdpffh,hockey,post,1563234690,neutral
cfdu8m,hockey,post,1563573581,negative
cckgqg,madlads,post,1562987302,neutral
ckd9ub,memes,post,1564601803,neutral
c9zpv7,memes,post,1562452983,neutral
cixmi4,needamod,post,1564329984,neutral
c8xoom,perth,post,1562211485,neutral
cjxcs0,pokemmo,post,1564517543,negative
c9zv5d,raisedbyborderlines,post,1562453851,neutral
c84i22,redditrequest,post,1562039986,neutral
cg6n0y,redditrequest,post,1563757580,neutral
cg6qnh,redditrequest,post,1563758184,neutral
cf6i1o,redditrequest,post,1563536537,neutral
cihd78,redditrequest,post,1564233287,neutral
cbl0fl,redditrequest,post,1562785920,neutral
ckg214,redditrequest,post,1564614840,neutral
ce1akj,sixers,post,1563303175,neutral
calbud,teenagers,post,1562594106,neutral
c9bfhr,thefighterandthekid,post,1562299142,neutral
cgg9w8,zelda,post,1563816884,neutral
chgmmp,BadDragon,post,1564015438,neutral
c7zocj,BikiniBottomTwitter,post,1562012843,negative
c82dma,BikiniBottomTwitter,post,1562027176,negative
cg38m8,Braincels,post,1563738733,neutral
chwddg,CineShots,post,1564103886,neutral
chq4oy,Colorado,post,1564072743,neutral
cegitw,Drama,post,1563387091,neutral
ca0c3t,DungeonsAndDragons,post,1562456619,neutral
cbbxg9,EnterTheGungeon,post,1562732567,neutral
cf17kr,MedicalGore,post,1563499522,neutral
c9sd46,NoStupidQuestions,post,1562410717,negative
cj3z8f,RWBY,post,1564361121,neutral
camdkx,Showerthoughts,post,1562599238,negative
cfg84i,Smite,post,1563586926,negative
c7v93x,SquaredCircle,post,1561999014,negative
c7z3df,StarVStheForcesofEvil,post,1562010133,neutral
cfrgbs,StardustCrusaders,post,1563659873,neutral
cgqyo1,SuicideWatch,post,1563878343,negative
cb3btr,classicwow,post,1562690607,neutral
cb3ft6,classicwow,post,1562691113,neutral
cb3ggj,classicwow,post,1562691197,neutral
cb3h8g,classicwow,post,1562691292,neutral
cf72t4,conspiracy,post,1563540124,negative
chorwb,crossfit,post,1564066598,neutral
cfntfo,dankmemes,post,1563640741,negative
ciiyfe,dankmemes,post,1564242035,negative
cex5hw,freshalbumart,post,1563478749,positive
chycyy,help,post,1564115928,neutral
cexazb,latin,post,1563479472,neutral
c9jd8a,memes,post,1562351169,negative
cenyz8,memes,post,1563425449,neutral
c8x5jy,mensa,post,1562208080,negative
c7q88g,mildlyinfuriating,post,1561971363,negative
c804ol,mildlyinfuriating,post,1562015076,negative
c97v9v,mildlyinfuriating,post,1562275315,positive
cc1vrg,mildlyinfuriating,post,1562881839,negative
cedmqc,mildlyinfuriating,post,1563373974,negative
celco8,mildlyinfuriating,post,1563410120,negative
cf23lx,mildlyinfuriating,post,1563504821,negative
cf4ao6,mildlyinfuriating,post,1563519507,neutral
cf8nr4,mildlyinfuriating,post,1563548747,negative
cfqof3,mildlyinfuriating,post,1563655651,negative
cghb10,mildlyinfuriating,post,1563821600,negative
chbdxp,mildlyinfuriating,post,1563990165,negative
ci8zpt,mildlyinfuriating,post,1564177578,negative
cjgl51,mildlyinfuriating,post,1564430662,negative
c80mkw,nba,post,1562017571,negative
c80n9v,nba,post,1562017673,negative
ceywe5,pregnant,post,1563487087,negative
cefdza,rant,post,1563381923,negative
cgwq8x,rant,post,1563907871,negative
ci84gx,redditrequest,post,1564173294,neutral
cfj6dq,redditrequest,post,1563607854,neutral
ccbucv,singapore,post,1562943143,neutral
cj0jba,sonos,post,1564343802,positive
cd0e87,teenagers,post,1563090007,neutral
c7liwy,teenagers,post,1561939491,neutral
c7og9m,teenagers,post,1561957706,negative
c7p7s2,teenagers,post,1561963217,neutral
c7qft7,teenagers,post,1561973041,neutral
c7u2hf,teenagers,post,1561995441,neutral
c7uszw,teenagers,post,1561997714,negative
c7vcec,teenagers,post,1561999281,negative
c84wj0,teenagers,post,1562042558,neutral
c8igf9,teenagers,post,1562120606,negative
c8iuu8,teenagers,post,1562123058,negative
c8ki2n,teenagers,post,1562134074,neutral
c8kxhz,teenagers,post,1562137315,neutral
c8qihj,teenagers,post,1562172992,neutral
c8v6ss,teenagers,post,1562195978,negative
c8vvik,teenagers,post,1562200076,neutral
c8x4m9,teenagers,post,1562207905,negative
c8xlcb,teenagers,post,1562210858,neutral
c8ymta,teenagers,post,1562217773,neutral
c94ziy,teenagers,post,1562260003,neutral
c99g5v,teenagers,post,1562285000,negative
c99xv8,teenagers,post,1562288406,neutral
c99z42,teenagers,post,1562288642,negative
c9bmi7,teenagers,post,1562300523,neutral
c9bn66,teenagers,post,1562300660,neutral
c9dwct,teenagers,post,1562318285,neutral
c9hhdj,teenagers,post,1562341702,neutral
c9hzx8,teenagers,post,1562344356,neutral
c9i28o,teenagers,post,1562344674,neutral
c9o1lu,teenagers,post,1562377495,neutral
c9obuc,teenagers,post,1562379327,negative
c9p3kc,teenagers,post,1562384609,negative
c9q2b0,teenagers,post,1562391687,negative
c9r5nj,teenagers,post,1562400117,negative
c9u1rn,teenagers,post,1562422627,neutral
c9u6s6,teenagers,post,1562423447,negative
c9urq8,teenagers,post,1562426734,neutral
c9vngu,teenagers,post,1562431424,neutral
c9xtiz,teenagers,post,1562442682,negative
ca0ord,teenagers,post,1562458707,neutral
ca0xkf,teenagers,post,1562460240,neutral
ca3a75,teenagers,post,1562476183,neutral
ca3ndu,teenagers,post,1562479068,negative
ca4bl3,teenagers,post,1562484904,neutral
ca5dco,teenagers,post,1562494667,neutral
cabppj,teenagers,post,1562532207,neutral
cac804,teenagers,post,1562534837,positive
cae6lo,teenagers,post,1562545953,negative
cae6n6,teenagers,post,1562545959,negative
cae6o5,teenagers,post,1562545963,negative
cae6s6,teenagers,post,1562545980,negative
cae6sj,teenagers,post,1562545981,negative
cae7dn,teenagers,post,1562546080,negative
cae7e3,teenagers,post,1562546082,neutral
cae7ei,teenagers,post,1562546083,neutral
cae7er,teenagers,post,1562546084,neutral
cae7ey,teenagers,post,1562546085,negative
cae7f5,teenagers,post,1562546086,neutral
cae7fg,teenagers,post,1562546088,negative
cae7ft,teenagers,post,1562546089,neutral
cae7fy,teenagers,post,1562546090,neutral
cae7gg,teenagers,post,1562546091,neutral
cae7gr,teenagers,post,1562546092,neutral
cae7h9,teenagers,post,1562546094,negative
cae7hm,teenagers,post,1562546096,negative
caebae,teenagers,post,1562546727,negative
caexwz,teenagers,post,1562550579,negative
caf9np,teenagers,post,1562552524,negative
cagai4,teenagers,post,1562558885,negative
cahhi2,teenagers,post,1562567328,negative
cahp98,teenagers,post,1562568932,negative
caous4,teenagers,post,1562610475,positive
cart7q,teenagers,post,1562624060,neutral
casfav,teenagers,post,1562627133,negative
cavvse,teenagers,post,1562646078,negative
caw7r8,teenagers,post,1562648126,negative
cawxbn,teenagers,post,1562652745,neutral
cb19d8,teenagers,post,1562680891,negative
cbgp82,teenagers,post,1562765228,neutral
cbnotc,teenagers,post,1562798887,negative
cbnxan,teenagers,post,1562800116,neutral
cbput3,teenagers,post,1562810742,negative
cbtr4z,teenagers,post,1562838054,negative
cbwzup,teenagers,post,1562859231,negative
cbz60r,teenagers,post,1562869181,neutral
cbzq40,teenagers,post,1562871758,negative
cc4ete,teenagers,post,1562895354,neutral
cc4pkc,teenagers,post,1562897062,neutral
cc4wkr,teenagers,post,1562898215,neutral
cc4wv9,teenagers,post,1562898265,neutral
cc4xd6,teenagers,post,1562898341,neutral
cc4xlm,teenagers,post,1562898382,neutral
cc4ymu,teenagers,post,1562898562,neutral
cc4zd9,teenagers,post,1562898676,negative
cc5056,teenagers,post,1562898798,neutral
cc5296,teenagers,post,1562899142,neutral
cc5z4r,teenagers,post,1562904674,negative
cc750m,teenagers,post,1562912466,neutral
cc7mxz,teenagers,post,1562915934,neutral
ccfmkf,teenagers,post,1562960621,neutral
ccfxtg,teenagers,post,1562962099,neutral
ccopbo,teenagers,post,1563020170,negative
ccr64l,teenagers,post,1563034968,neutral
ccr6e8,teenagers,post,1563035011,neutral
ccw7ye,teenagers,post,1563061564,neutral
ccw8fe,teenagers,post,1563061645,neutral
ccx4qv,teenagers,post,1563067015,neutral
cczvbd,teenagers,post,1563085614,negative
cd1p26,teenagers,post,1563101284,negative
cd3535,teenagers,post,1563111729,neutral
cd64vg,teenagers,post,1563127742,neutral
cdd396,teenagers,post,1563166231,neutral
cde44j,teenagers,post,1563173482,negative
cde5x3,teenagers,post,1563173879,neutral
cdegl4,teenagers,post,1563176072,neutral
cdfewb,teenagers,post,1563183672,neutral
cdhab7,teenagers,post,1563196237,neutral
cdi4y6,teenagers,post,1563200916,neutral
cdqddb,teenagers,post,1563239990,neutral
cdtl3u,teenagers,post,1563260278,neutral
ce18vh,teenagers,post,1563302967,neutral
ce225m,teenagers,post,1563306642,neutral
ce3i44,teenagers,post,1563313268,neutral
ce70j8,teenagers,post,1563331716,neutral
ce7tto,teenagers,post,1563336546,neutral
ceiwxp,teenagers,post,1563397852,neutral
ceklcr,teenagers,post,1563406110,neutral
cemhz4,teenagers,post,1563416629,negative
ceo7bl,teenagers,post,1563426995,neutral
ceofo4,teenagers,post,1563428574,neutral
cesub3,teenagers,post,1563458351,negative
cetcvz,teenagers,post,1563460930,positive
cexhmv,teenagers,post,1563480330,negative
cf0d9n,teenagers,post,1563494827,neutral
cf0szj,teenagers,post,1563497279,neutral
cf1s0a,teenagers,post,1563502860,neutral
cf2avy,teenagers,post,1563506055,neutral
cf2v5t,teenagers,post,1563509563,positive
cf5rn6,teenagers,post,1563531217,negative
cf7d3l,teenagers,post,1563541798,neutral
cf9fzo,teenagers,post,1563552558,neutral
cf9l7t,teenagers,post,1563553236,positive
cfbg8v,teenagers,post,1563561940,negative
cfbga4,teenagers,post,1563561945,neutral
cfepod,teenagers,post,1563578004,neutral
cfg73h,teenagers,post,1563586754,negative
cfge5z,teenagers,post,1563587975,negative
cfi07c,teenagers,post,1563598576,neutral
cfi0kc,teenagers,post,1563598654,neutral
cfike9,teenagers,post,1563602783,neutral
cfj47y,teenagers,post,1563607336,negative
cfjmi9,teenagers,post,1563611908,negative
cfjwvw,teenagers,post,1563614483,neutral
cfl1vw,teenagers,post,1563623970,negative
cfmlds,teenagers,post,1563634076,negative
cfmovn,teenagers,post,1563634639,negative
cfrzkd,teenagers,post,1563662916,negative
cftuec,teenagers,post,1563674294,negative
cfuuqr,teenagers,post,1563681059,negative
cfwg6o,teenagers,post,1563693414,neutral
cfxc2t,teenagers,post,1563702022,neutral
cfxd44,teenagers,post,1563702285,neutral
cfzlaj,teenagers,post,1563719501,neutral
cg39s0,teenagers,post,1563738888,neutral
cg3gpa,teenagers,post,1563739898,neutral
cg3h0w,teenagers,post,1563739946,neutral
cg4fos,teenagers,post,1563744996,negative
cg8qej,teenagers,post,1563770602,negative
cg8vle,teenagers,post,1563771590,negative
cg98hi,teenagers,post,1563774053,neutral
cg9cuz,teenagers,post,1563774910,neutral
cg9j5f,teenagers,post,1563776175,neutral
cg9nto,teenagers,post,1563777122,neutral
cg9o7c,teenagers,post,1563777194,neutral
cgaq8t,teenagers,post,1563785612,negative
cgbz1e,teenagers,post,1563794635,negative
cgdr00,teenagers,post,1563804975,neutral
cgedy2,teenagers,post,1563808110,neutral
cggq2u,teenagers,post,1563818926,neutral
cgm3x6,teenagers,post,1563845474,neutral
cgmdf9,teenagers,post,1563846966,neutral
cgnufx,teenagers,post,1563855732,neutral
cgo26c,teenagers,post,1563857122,neutral
cgtc65,teenagers,post,1563892294,neutral
cgtrx9,teenagers,post,1563894411,negative
cgx2qj,teenagers,post,1563909447,neutral
ch0ryf,teenagers,post,1563927418,neutral
ch0y0m,teenagers,post,1563928364,neutral
ch2k6i,teenagers,post,1563937511,neutral
ch2oyr,teenagers,post,1563938284,neutral
ch3dp8,teenagers,post,1563942436,negative
ch9h7r,teenagers,post,1563981374,neutral
chp4wx,teenagers,post,1564068135,neutral
chq8mm,teenagers,post,1564073258,neutral
chs6lc,teenagers,post,1564082283,negative
chvxxy,teenagers,post,1564101460,neutral
ci86x7,teenagers,post,1564173624,negative
ci8tgx,teenagers,post,1564176710,negative
cia1oh,teenagers,post,1564182939,neutral
ciayjz,teenagers,post,1564187974,negative
cib924,teenagers,post,1564189692,negative
cicuaz,teenagers,post,1564199718,negative
cif1bb,teenagers,post,1564215769,negative
cihegi,teenagers,post,1564233498,negative
cii72o,teenagers,post,1564238063,neutral
cijs7o,teenagers,post,1564246078,neutral
ciol4t,teenagers,post,1564270257,negative
ciq9jg,teenagers,post,1564279729,neutral
cirbo7,teenagers,post,1564286399,negative
cirzxu,teenagers,post,1564290941,neutral
cisj94,teenagers,post,1564294879,neutral
cisj9x,teenagers,post,1564294883,neutral
ciskxx,teenagers,post,1564295216,negative
cismtc,teenagers,post,1564295612,neutral
cisn1t,teenagers,post,1564295663,negative
ciwp4u,teenagers,post,1564325466,neutral
ciwydu,teenagers,post,1564326763,neutral
ciyv1f,teenagers,post,1564335961,neutral
cizxpu,teenagers,post,1564341008,negative
cj3t7a,teenagers,post,1564360195,neutral
cjdvyt,teenagers,post,1564419063,negative
cje96c,teenagers,post,1564420643,neutral
cjh0ow,teenagers,post,1564432550,negative
cjo6ps,teenagers,post,1564470815,neutral
cjot8h,teenagers,post,1564475290,neutral
cjqqcl,teenagers,post,1564487952,neutral
cju89k,teenagers,post,1564504279,neutral
cjyd0n,teenagers,post,1564521932,neutral
ck1w0k,teenagers,post,1564538971,neutral
ck2luz,teenagers,post,1564542798,negative
ck4p9o,teenagers,post,1564555291,negative
ck4zby,teenagers,post,1564557162,negative
ck9r0f,teenagers,post,1564585804,negative
ck9y5i,teenagers,post,1564586816,negative
ckas2f,teenagers,post,1564590634,negative
ckf6ja,teenagers,post,1564610578,negative
c8s1d3,teenagers,post,1562180228,neutral
cdtkhx,thebachelor,post,1563260160,neutral
cbhec5,worldpolitics,post,1562768940,positive
chtqy6,2007scape,post,1564089750,negative
cd0aib,ApplyingToCollege,post,1563089091,neutral
cb7l2v,AskOuija,post,1562709655,negative
c9n41i,Assistance,post,1562371573,neutral
cdbp0a,CasualConversation,post,1563157411,negative
cjb4yt,ChapoTrapHouse,post,1564406331,neutral
cc2nnw,DebateAnAtheist,post,1562885739,neutral
chugz5,Drama,post,1564093364,neutral
cc9s5k,FloridaMan,post,1562931768,negative
cbqdyj,Gamingcirclejerk,post,1562813928,negative
cgb28x,ImGoingToHellForThis,post,1563788159,neutral
cd8k93,IndiaSpeaks,post,1563139876,neutral
ce0uv6,KCRoyals,post,1563301218,neutral
cf71hr,LiverpoolFC,post,1563539911,neutral
ch4ej2,ModSupport,post,1563949129,negative
cheolv,NoStupidQuestions,post,1564005405,neutral
ccdg7j,PewdiepieSubmissions,post,1562950616,neutral
cbza6z,PewdiepieSubmissions,post,1562869722,positive
cg93qc,ProRevenge,post,1563773097,negative
cctcaq,Showerthoughts,post,1563046067,negative
c97sdj,Sidehugs,post,1562274853,negative
cay6a4,TooAfraidToAsk,post,1562661568,negative
cbnxbq,Warthunder,post,1562800121,neutral
cj0edr,WeAreTheMusicMakers,post,1564343175,negative
cbprmf,dankmemes,post,1562810228,neutral
ce10zt,dankmemes,post,1563301982,negative
ce5ohb,dankmemes,post,1563324257,negative
c7tf7z,dankmemes,post,1561992265,negative
ccf3vq,dankmemes,post,1562958180,negative
cbnvxf,dankmemes,post,1562799918,negative
caiadg,dirtyr4r,post,1562573512,negative
cb5xxb,help,post,1562702181,neutral
cadns7,help,post,1562542852,neutral
chgw5k,modhelp,post,1564016922,neutral
ccg2mg,modhelp,post,1562962741,negative
chipry,redditrequest,post,1564027471,neutral
chgdhe,redditrequest,post,1564014000,neutral
cj44ra,redditrequest,post,1564361943,neutral
cgula1,redditrequest,post,1563898223,neutral
cc0jbo,redditrequest,post,1562875443,neutral
cin0jb,redditrequest,post,1564261867,neutral
ca6pyk,redditrequest,post,1562505394,neutral
c8eyhz,redditrequest,post,1562101144,neutral
cepldo,redsox,post,1563437157,neutral
cheuzb,rugbyunion,post,1564006229,neutral
cj819v,sbubby,post,1564386012,neutral
cj68eb,slavelabour,post,1564373969,neutral
cejc1n,stevenuniverse,post,1563399784,neutral
ceji6t,stevenuniverse,post,1563400617,neutral
cf17y2,teenagers,post,1563499578,negative
c7pf25,teenagers,post,1561964726,neutral
c9hdj0,teenagers,post,1562341158,negative
c9i2lb,teenagers,post,1562344718,positive
cht5wy,worstof,post,1564086978,negative
c9ci90,Cinemagraphs,post,1562307078,negative
cd9dt0,Colts,post,1563144210,neutral
cihgrx,CryptoCurrency,post,1564233885,neutral
cjwkea,FCCincinnati,post,1564514150,negative
ca7sny,MensRights,post,1562512007,negative
cdy7g7,Minneapolis,post,1563289414,neutral
cbis6i,ModSupport,post,1562775605,neutral
caalua,MuayThai,post,1562526637,positive
cboyx8,PewdiepieSubmissions,post,1562805712,neutral
ca5pdj,PokemonGoSpoofing,post,1562497612,neutral
cdga97,SSBM,post,1563190101,negative
cjvc8v,The_Donald,post,1564508959,negative
cd6t4i,Tinder,post,1563131140,negative
cdoo92,WatchRedditDie,post,1563230688,negative
cfaf1g,WatchRedditDie,post,1563557155,negative
cj0i9c,bakchodi,post,1564343671,neutral
ccegrc,conspiracy,post,1562955217,positive
cd3s74,dankmemes,post,1563115532,neutral
cbmhmq,dankmemes,post,1562792915,negative
cik4on,dankmemes,post,1564247775,neutral
cbto7i,dankmemes,post,1562837407,negative
c91nhr,dankmemes,post,1562240834,neutral
c8c2ss,dankmemes,post,1562088538,neutral
cdlfdf,europe,post,1563215763,negative
cfyo0i,findareddit,post,1563713483,negative
cdp6fh,foxholegame,post,1563233350,neutral
cbpgyy,ft86,post,1562808526,neutral
c9a3zi,gaming,post,1562289618,negative
chl3kf,gaming,post,1564044366,negative
cf66dv,infp,post,1563534288,neutral
c9r5iw,lakers,post,1562400085,neutral
c9r49y,leagueoflegends,post,1562399784,negative
cihvnz,lgbt,post,1564236292,negative
cjvs0f,magicTCG,post,1564510799,neutral
ci2eny,modhelp,post,1564145083,neutral
cad6ya,needamod,post,1562540175,neutral
c7x99c,redditrequest,post,1562004767,neutral
c940dp,redditrequest,post,1562254838,neutral
c9wi8t,redditrequest,post,1562435851,neutral
c8ts97,redditrequest,post,1562188652,neutral
chawms,rickandmorty,post,1563987981,neutral
c8n1ee,singapore,post,1562153890,neutral
c8u42r,teenagers,post,1562190323,neutral
c7pyh3,unpopularopinion,post,1561968997,negative
ca9isa,AmItheAsshole,post,1562521223,neutral
c9aa4l,AmItheAsshole,post,1562290870,negative
cg9fcv,AskReddit,post,1563775415,neutral
cj290t,AskReddit,post,1564352027,negative
cj2nd2,AskReddit,post,1564354080,neutral
c96fkv,AskThe_Donald,post,1562267433,negative
ck7taf,AutoModerator,post,1564575906,negative
cjqk5u,AyyMD,post,1564486959,neutral
c8f441,Braincels,post,1562101850,negative
cb176d,DBZDokkanBattle,post,1562680577,neutral
c9uvvo,GolfClash,post,1562427370,negative
cgjsmu,Gunners,post,1563833208,negative
cfhhr6,OWConsole,post,1563595111,negative
cbgwvk,Showerthoughts,post,1562766440,negative
cccu48,TagPro,post,1562947793,neutral
cc51wc,TheSilphRoad,post,1562899082,negative
c7n23s,The_Donald,post,1561948785,neutral
c9t9pr,TrueChristian,post,1562417556,negative
ccyxgj,VapePorn,post,1563078527,neutral
ck2cow,baseball,post,1564541438,negative
cgxt95,boxoffice,post,1563912843,neutral
c8486w,dankmemes,post,1562038209,negative
c9oec4,dankmemes,post,1562379785,negative
cce9t1,dankmemes,post,1562954356,neutral
cimixp,dankmemes,post,1564259338,negative
cif4na,dcuonline,post,1564216524,negative
cju9ok,dogs,post,1564504437,neutral
cixalv,dragonballfighterz,post,1564328425,neutral
ca42mf,me_irl,post,1562482692,negative
c83ijf,nba,post,1562033883,negative
chybil,newzealand,post,1564115670,neutral
cgf1n6,r4r,post,1563811226,neutral
chvbks,redditrequest,post,1564097926,neutral
c7s3b4,runescape,post,1561984881,neutral
c9p8g5,softwaregore,post,1562385541,neutral
c983bj,unpopularopinion,post,1562276602,negative
ccx7is,unpopularopinion,post,1563067510,neutral
cj0xo0,unpopularopinion,post,1564345671,neutral
chkqh9,ApplyingToCollege,post,1564041447,positive
cjih2c,AskMen,post,1564439046,negative
cda19j,ColoradoRockies,post,1563147860,neutral
cclq6i,Gamingcirclejerk,post,1562995796,negative
cdw6q8,Gamingcirclejerk,post,1563278936,neutral
cie17l,Granblue_en,post,1564208057,negative
caaxm4,JoeRogan,post,1562528268,negative
cbhta8,JoeRogan,post,1562771021,negative
cf9dds,JoeRogan,post,1563552218,neutral
cc67st,MarioMaker,post,1562906225,negative
ca1d9s,ModSupport,post,1562463057,neutral
cfhw7p,NoStupidQuestions,post,1563597796,negative
ckaf30,PoliticalHumor,post,1564589135,neutral
c7yth7,The_Donald,post,1562009314,negative
c8d39f,WatchRedditDie,post,1562093336,negative
cb4rmv,dankmemes,post,1562696953,neutral
cdmh8l,dankmemes,post,1563220250,negative
cj5w4z,dankmemes,post,1564371930,negative
ckcnm8,dankmemes,post,1564598948,negative
cj0ecg,dankmemes,post,1564343171,neutral
cj0if2,dankmemes,post,1564343693,neutral
c8qb27,dankmemes,post,1562171997,negative
cbesfl,dankmemes,post,1562752735,negative
c8386m,dauntless,post,1562032181,negative
cehidc,fantasyhockey,post,1563391628,neutral
cg38gt,freefolk,post,1563738711,positive
ca0m3l,insanepeoplefacebook,post,1562458281,negative
cba4sc,lostgeneration,post,1562722558,negative
cf2yfs,mlem,post,1563510159,neutral
c8hncq,nba,post,1562115686,neutral
c8p9fn,redditrequest,post,1562166789,neutral
ch1lrv,redditrequest,post,1563932032,neutral
c9bpx0,redditrequest,post,1562301238,neutral
c86ase,redditrequest,post,1562052722,neutral
cen7qo,redditrequest,post,1563420819,neutral
cjgvmt,redditrequest,post,1564431936,neutral
c7sast,teenagers,post,1561986150,negative
c9o2e4,teenagers,post,1562377647,negative
ca7kjs,teenagers,post,1562510706,neutral
cfbtpc,teenagers,post,1563563741,negative
cg0kob,unpopularopinion,post,1563724993,negative
citjr6,unpopularopinion,post,1564303226,negative
cgh4or,unpopularopinion,post,1563820776,negative
cbq1ig,waltonchain,post,1562811831,negative
ca7klo,Braincels,post,1562510713,negative
cdcap4,ChapoTrapHouse,post,1563161076,neutral
cjxh90,ChapoTrapHouse,post,1564518090,neutral
ciyoe0,Detroit,post,1564335077,negative
ccfbyp,Enough_Sanders_Spam,post,1562959220,positive
c9hc12,GameTheorists,post,1562340958,neutral
cj7ujf,JustUnsubbed,post,1564384652,negative
c80b8i,MLBTheShow,post,1562015969,neutral
ch99s5,NewMexico,post,1563980398,neutral
ci61k4,PacificCrestTrail,post,1564163246,negative
cdurro,RocketLeague,post,1563269418,neutral
cehafs,RocketLeagueCoaching,post,1563390621,negative
cga5e9,WatchRedditDie,post,1563780823,negative
cjmhij,WatchRedditDie,post,1564459975,negative
c8na74,dankmemes,post,1562155564,negative
cgltlb,dankmemes,post,1563843858,neutral
c9lt6q,dankmemes,post,1562363916,negative
c9onou,dankmemes,post,1562381476,negative
cfc06b,dirtykikpals,post,1563564604,neutral
cdxdhu,eagles,post,1563285444,neutral
ck796w,gmod,post,1564572772,neutral
c9pzq6,lakers,post,1562391130,neutral
c9b1c9,madlads,post,1562296298,neutral
cg3s94,memes,post,1563741550,neutral
cjc9bo,memes,post,1564411879,neutral
cjq0ir,mildlyinfuriating,post,1564483643,negative
ca0gp1,needamod,post,1562457381,neutral
c8ex3m,pokemontrades,post,1562100957,negative
c8ige4,pokemontrades,post,1562120603,negative
c8jqfw,pokemontrades,post,1562128645,negative
c8jv3d,pokemontrades,post,1562129521,negative
ccerua,pokemontrades,post,1562956651,negative
cav3x2,redditrequest,post,1562641532,neutral
cimzn8,redditrequest,post,1564261721,neutral
cezc5o,redditrequest,post,1563489259,neutral
cffv3g,redditrequest,post,1563584688,neutral
cin5b2,redditrequest,post,1564262556,neutral
c8fe6v,redditrequest,post,1562103265,neutral
cclxvm,redditrequest,post,1562997415,neutral
cf2pvs,redditrequest,post,1563508673,neutral
cad7vu,subredditcancer,post,1562540314,negative
cc7ccr,teenagers,post,1562913883,negative
c8y3j3,teenagers,post,1562214169,neutral
c9aqmx,teenagers,post,1562294189,positive
cbe9co,teenagers,post,1562748695,negative
cg42ks,teenagers,post,1563743052,negative
cgm701,teenagers,post,1563845963,negative
c7xsxs,unpopularopinion,post,1562006372,negative
ce6fkn,youtube,post,1563328422,negative
cj90z2,2007scape,post,1564393379,neutral
ch9x31,Braincels,post,1563983463,negative
c97cl5,DebateAnAtheist,post,1562272409,negative
cf3j69,DynastyFF,post,1563513974,neutral
cbccb8,FortniteBattleRoyale,post,1562735052,neutral
cemdmb,FortniteBattleRoyale,post,1563415917,neutral
cjeewj,GenderCritical,post,1564421327,negative
cjwwbz,LSD,post,1564515578,neutral
ce9c23,LivestreamFail,post,1563346614,neutral
cd3spp,POLITIC,post,1563115608,negative
cjagv4,RWBY,post,1564402617,neutral
cabfed,Showerthoughts,post,1562530755,neutral
c8kpvf,bugs,post,1562135706,negative
cdzchf,clevelandcavs,post,1563294524,neutral
cdyia3,dankmemes,post,1563290720,negative
ck253s,emetophobia,post,1564540328,neutral
c86c6o,lakers,post,1562053039,neutral
calxny,mentalhealth,post,1562597119,positive
ca9pdj,navy,post,1562522130,neutral
ccrz1u,navy,post,1563039193,neutral
c9a9l3,nba,post,1562290756,negative
cb9r30,notinteresting,post,1562720491,negative
cfv7nh,notinteresting,post,1563683629,negative
chuqq0,notinteresting,post,1564094770,neutral
ciuyrr,notinteresting,post,1564314813,negative
cfjumu,pokemonduel,post,1563613952,neutral
ci8kga,redditrequest,post,1564175463,neutral
cij1n4,redditrequest,post,1564242471,neutral
cil6ws,redditrequest,post,1564252816,neutral
cao6y0,redditrequest,post,1562607609,neutral
ciqcrr,teenagers,post,1564280270,negative
ck1frf,teenagers,post,1564536600,neutral
ccn7pr,thesims,post,1563008011,neutral
cjl42l,unpopularopinion,post,1564452370,negative
c9e7hj,unpopularopinion,post,1562320729,negative
c9e8bz,unpopularopinion,post,1562320927,negative
ce0h3o,whitesox,post,1563299549,neutral
cjdob2,AskReddit,post,1564418148,neutral
cdpwk6,Denver,post,1563237345,neutral
cc7n58,E30,post,1562915968,neutral
cbdeto,GoneWildTube,post,1562742223,neutral
cbphzz,LSAT,post,1562808692,neutral
ciap1x,TagPro,post,1564186450,negative
caghcx,TooAfraidToAsk,post,1562560155,neutral
cd6viy,UofT,post,1563131477,neutral
ch1x27,UofT,post,1563933782,negative
c9mywo,Wellthatsucks,post,1562370665,negative
cejukp,Winnipeg,post,1563402311,negative
ch1map,breathinginformation,post,1563932120,negative
c83s3i,brockhampton,post,1562035466,positive
cf8cxq,canes,post,1563547194,neutral
cb3449,communism101,post,1562689632,negative
cd1j5a,conspiracy,post,1563099916,negative
cc286g,custommagic,post,1562883534,neutral
ch88tr,dankmemes,post,1563975212,neutral
cb3upo,dankmemes,post,1562692931,negative
cjlopm,dankmemes,post,1564455442,negative
cbw4o1,dankmemes,post,1562854644,neutral
cbhez2,ethtrader,post,1562769035,positive
cf1vwj,gonewild,post,1563503536,neutral
caou6v,jobs,post,1562610406,neutral
chzeds,joinsquad,post,1564123190,neutral
cjjcza,memes,post,1564443316,negative
c99inb,memes,post,1562285451,negative
ci1v0f,modhelp,post,1564141743,neutral
c85q4j,nba,post,1562048417,neutral
ccyg0c,osugame,post,1563075313,negative
ce2dhp,redditrequest,post,1563308085,neutral
cfvssa,redditrequest,post,1563688102,neutral
cc93zz,redditrequest,post,1562927192,neutral
cdueqr,redditrequest,post,1563266537,neutral
chkhgv,redditrequest,post,1564039553,neutral
c9jmds,redditrequest,post,1562352494,neutral
c97eas,redditrequest,post,1562272678,neutral
ca59hu,redditrequest,post,1562493738,neutral
ciujat,teenagers,post,1564311460,neutral
ciummd,teenagers,post,1564312191,neutral
cau3cx,teenagers,post,1562636001,neutral
c7mfym,teenagers,post,1561945062,neutral
c7msu7,teenagers,post,1561947214,neutral
c7n9h3,teenagers,post,1561950054,negative
cfgjzy,teenagers,post,1563589006,negative
c9iso1,trashy,post,1562348304,negative
cbnbpr,unpopularopinion,post,1562797017,negative
chgadz,worldpolitics,post,1564013524,negative
cino7r,Audi,post,1564265276,neutral
cismp8,CasualUK,post,1564295594,neutral
cc7gus,DBZDokkanBattle,post,1562914762,neutral
cgw7so,JUSTNOFAMILY,post,1563905535,neutral
cahsjv,MemeEconomy,post,1562569620,positive
cfhvxp,NASCAR,post,1563597746,negative
ci41pq,NBA2k,post,1564153756,negative
cbj4iq,NoSleepOOC,post,1562777256,neutral
cdcl4r,NoStupidQuestions,post,1563162952,negative
cbnj2c,NoStupidQuestions,post,1562798051,neutral
cdks2p,OttawaSenators,post,1563213025,neutral
cb1q6k,PewdiepieSubmissions,post,1562683178,neutral
ccpg9k,PewdiepieSubmissions,post,1563025237,neutral
cinsvj,ProgrammerHumor,post,1564265968,negative
cjxszj,Robocraft,post,1564519506,negative
cc1c8o,Showerthoughts,post,1562879203,negative
cf1i30,The_Donald,post,1563501219,negative
c7zpjy,The_Donald,post,1562013010,negative
c8qhhu,The_Donald,post,1562172859,neutral
c93kbd,The_Donald,post,1562252460,neutral
c97axr,The_Donald,post,1562272149,neutral
c97m7u,The_Donald,post,1562273897,neutral
c9gycd,The_Donald,post,1562338997,negative
c9pdvg,The_Donald,post,1562386812,negative
ca2aw7,The_Donald,post,1562469230,neutral
caqkfu,The_Donald,post,1562618209,neutral
caqshb,The_Donald,post,1562619266,neutral
cb47pq,The_Donald,post,1562694542,negative
cbfcre,The_Donald,post,1562756892,neutral
cc2suh,The_Donald,post,1562886493,negative
ccgvjg,The_Donald,post,1562966679,neutral
ccrhub,The_Donald,post,1563036685,negative
ccx487,The_Donald,post,1563066923,negative
cd88hv,The_Donald,post,1563138227,negative
ce3vgt,The_Donald,post,1563314994,negative
cfdtu3,The_Donald,post,1563573525,neutral
cfiabq,The_Donald,post,1563600588,negative
cfjh7x,The_Donald,post,1563610556,negative
cgh3io,The_Donald,post,1563820624,negative
cgr1zg,The_Donald,post,1563878998,negative
ch9mku,The_Donald,post,1563982083,negative
chx56u,The_Donald,post,1564108456,positive
ciwkoq,The_Donald,post,1564324811,neutral
cj0ctz,The_Donald,post,1564342970,negative
cj2rdp,The_Donald,post,1564354652,negative
ck1os4,The_Donald,post,1564537931,neutral
ckfnya,The_Donald,post,1564612911,negative
ce7fh6,buccos,post,1563334147,neutral
cblf0b,classicwow,post,1562787813,neutral
ca102t,dankmemes,post,1562460705,negative
cad2ug,destiny2,post,1562539516,neutral
cadjfc,destiny2,post,1562542156,negative
ccx973,fallenlondon,post,1563067816,negative
chxtmx,fo4,post,1564112583,neutral
chxx1b,fo4,post,1564113182,neutral
cb4sdi,graphicnovels,post,1562697039,neutral
c7ltev,help,post,1561941184,neutral
c867bu,lakers,post,1562051967,neutral
cb1amd,memes,post,1562681065,neutral
c7uau8,memes,post,1561996246,neutral
cbsbsd,modhelp,post,1562826714,neutral
ciekjw,modhelp,post,1564212074,neutral
c93k96,privacy,post,1562252450,negative
c9bans,quityourbullshit,post,1562298200,neutral
c8xktj,redditrequest,post,1562210768,neutral
cckfdk,redditrequest,post,1562987060,neutral
cittm1,redditrequest,post,1564305575,neutral
cjnvpr,redditrequest,post,1564468809,neutral
c811b1,redditrequest,post,1562019643,neutral
cjkhpa,redditrequest,post,1564449090,neutral
cd95x0,redditrequest,post,1563143023,neutral
cdpft5,teenagers,post,1563234749,neutral
cffxfc,teenagers,post,1563585089,neutral
cix752,teenagers,post,1564327950,neutral
cdwg8t,thebachelor,post,1563280460,neutral
cjm1pr,thebachelor,post,1564457439,neutral
cabbp8,Anticonsumption,post,1562530237,negative
cj54q0,IdiotsInCars,post,1564367511,negative
ce6emn,LearnJapanese,post,1563328272,neutral
ch31ni,MGTOW,post,1563940406,neutral
chpkvz,Maplestory,post,1564070184,negative
cdg2yk,MemeEconomy,post,1563188742,neutral
cdvjq3,NatureIsFuckingLit,post,1563275025,positive
cidhpw,Portland,post,1564204153,negative
ccvnqg,PrequelMemes,post,1563058334,neutral
cd9icw,SkincareAddiction,post,1563144907,negative
ccpsw7,The_Donald,post,1563027365,negative
c7nqlu,Twitch,post,1561953019,neutral
chocp0,WTF,post,1564064732,neutral
cin860,barstoolsports,post,1564262983,negative
cd2kwg,communism,post,1563108097,negative
c7pbxz,cringe,post,1561964074,neutral
c82l00,dankmemes,post,1562028401,positive
cca60e,dankmemes,post,1562934165,negative
cisot3,dankmemes,post,1564296059,neutral
ca486t,dankmemes,post,1562484035,negative
ca4w55,dankmemes,post,1562490291,negative
ca2opa,dankmemes,post,1562471841,negative
cj2abe,gaybrosgonemild,post,1564352212,negative
cfvjb9,islam,post,1563686060,neutral
c85xjw,lakers,post,1562049950,negative
cas62m,madlads,post,1562625853,neutral
cbmcqc,madlads,post,1562792266,neutral
c8gua5,memes,post,1562110911,neutral
cg7k80,metacanada,post,1563763155,negative
cgg8mf,metacanada,post,1563816729,negative
che0br,metacanada,post,1564002372,negative
cih8mc,metacanada,post,1564232548,neutral
cjedot,metacanada,post,1564421177,negative
cjeeng,metacanada,post,1564421297,negative
c9a46b,modhelp,post,1562289661,neutral
ce9o78,modhelp,post,1563349058,neutral
ce06il,phr4r,post,1563298233,neutral
caf0fw,redditrequest,post,1562550988,neutral
cda384,redditrequest,post,1563148179,neutral
c7w2af,redditrequest,post,1562001359,neutral
c93akq,teenagers,post,1562250931,neutral
cgzumb,teenagers,post,1563922566,neutral
cb3ai9,teenagers,post,1562690444,neutral
cc4uah,teenagers,post,1562897844,negative
cc6pfq,teenagers,post,1562909503,negative
ceg34h,teenagers,post,1563385114,neutral
cfj8b0,teenagers,post,1563608316,negative
cgtcic,unpopularopinion,post,1563892341,negative
c9eo2k,wholesomememes,post,1562324476,positive
c80r7o,2007scape,post,1562018236,negative
cakwoc,AdviceAnimals,post,1562591833,neutral
cj2oh2,AskReddit,post,1564354240,neutral
cfii1y,AskReddit,post,1563602257,negative
ccw5cq,CalgaryFlames,post,1563061128,neutral
cbqips,ChapoTrapHouse,post,1562814716,neutral
ch0sfl,DDLC,post,1563927498,negative
c7lu2s,DeepFriedMemes,post,1561941299,neutral
cjhriz,Dyslexia,post,1564435858,neutral
cht226,EscapefromTarkov,post,1564086472,negative
cfql69,EscapefromTarkov,post,1563655178,negative
cj8vw3,FrankOcean,post,1564392388,negative
ci7qcu,Kanye,post,1564171460,neutral
caqu7r,MaladaptiveDreaming,post,1562619492,neutral
ciylkb,PS4,post,1564334700,negative
cans72,ProtectAndServe,post,1562605772,negative
c8f0oo,Showerthoughts,post,1562101412,negative
cj6w43,StarWars,post,1564378149,positive
cg7imz,The_Donald,post,1563762894,negative
cflr53,Yogscast,post,1563628990,positive
chaohn,dankmemes,post,1563986933,neutral
cb5w9t,dankmemes,post,1562701977,positive
c8i47w,dankmemes,post,1562118539,negative
cbti4f,dankmemes,post,1562836018,neutral
c9fwah,dankmemes,post,1562332922,negative
c9x31e,help,post,1562438811,neutral
cd2utt,help,post,1563109860,negative
ck2qsr,homelab,post,1564543568,neutral
cim19n,hsp,post,1564256890,neutral
c9mzxj,im14andthisisdeep,post,1562370839,negative
c8zuh1,lakers,post,1562226536,negative
cd0rr6,legaladvice,post,1563093269,neutral
ckd89c,memes,post,1564601607,negative
ccpglx,miamidolphins,post,1563025297,neutral
cg1mxg,mildlyinfuriating,post,1563730484,neutral
cgsp3r,modhelp,post,1563888973,neutral
c9pt87,nba,post,1562389773,neutral
cjx25u,popheads,post,1564516269,negative
cek3o6,r4r,post,1563403579,negative
ccm0y4,redditrequest,post,1562998054,neutral
ch55wi,redditrequest,post,1563954452,neutral
cf7ycw,redditrequest,post,1563545087,neutral
cdgn94,redditrequest,post,1563192474,neutral
cafboy,redditrequest,post,1562552864,neutral
catp03,redditrequest,post,1562633824,neutral
cd3mmy,redditrequest,post,1563114654,neutral
cb892v,redditrequest,post,1562712787,neutral
cfkhxn,redditrequest,post,1563619372,neutral
chwr20,redditrequest,post,1564106123,neutral
ck13xu,rule34,post,1564534915,neutral
c8e5h2,stopdrinking,post,1562097190,negative
ci5z5y,teenagers,post,1564162930,neutral
cibwps,tf2,post,1564193657,neutral
ck9ho3,worldpolitics,post,1564584626,negative
cc18ow,AskModerators,post,1562878737,neutral
cb6v4t,BicyclingCirclejerk,post,1562706324,negative
cg5edf,Braincels,post,1563750317,negative
cewsil,DDLC,post,1563477003,neutral
cemnad,HealSluts,post,1563417484,neutral
ck17u0,NewSkaters,post,1564535450,positive
cjpjoe,REDDITORSINRECOVERY,post,1564480610,positive
ckf0me,The_Donald,post,1564609771,negative
ciosbf,Turkey,post,1564271396,neutral
c7qeou,Warframe,post,1561972801,negative
cgjmp9,WatchRedditDie,post,1563832432,neutral
ckca86,WorkOnline,post,1564597246,neutral
cjhb89,asexuality,post,1564433825,positive
cgmye6,bicycling,post,1563850334,neutral
cbjp9u,dankmemes,post,1562779940,neutral
c940qh,dankmemes,post,1562254889,neutral
c9i33h,duckduckgo,post,1562344789,negative
cgj1xr,esports,post,1563829754,negative
c8q1b3,giftcardexchange,post,1562170665,negative
c8q64e,giftcardexchange,post,1562171338,negative
c8zgv3,iamverybadass,post,1562223631,negative
chmb5c,ireland,post,1564053216,negative
cbk7b2,moviescirclejerk,post,1562782247,neutral
caw4pm,nba,post,1562647599,neutral
c8671h,nba,post,1562051899,neutral
cddbl2,redditrequest,post,1563167739,neutral
ce1zeg,redditrequest,post,1563306295,neutral
cfe7ky,redditrequest,post,1563575428,neutral
caxr5p,redditrequest,post,1562658477,neutral
cfqetd,redditrequest,post,1563654231,neutral
cgcop4,redditrequest,post,1563799131,neutral
c8wbt0,teenagers,post,1562202857,negative
cc7exm,teenagers,post,1562914391,negative
ceyj7o,udub,post,1563485291,neutral
c9b105,AskReddit,post,1562296230,neutral
chthqq,AskReddit,post,1564088510,negative
cau4wr,AutoModerator,post,1562636242,neutral
ccigpn,AutoModerator,post,1562975093,neutral
caaf8h,ChapoTrapHouse,post,1562525727,negative
cce9eh,ChapoTrapHouse,post,1562954306,neutral
cdkau9,ClashOfClans,post,1563211050,negative
cclbxc,Dota2Trade,post,1562992943,neutral
chou8c,FortNiteBR,post,1564066890,neutral
ceay2v,JRPG,post,1563358673,negative
ck3wj0,Jewdank,post,1564550172,neutral
cghzaw,JustEngaged,post,1563824732,neutral
c7zpbf,MensRights,post,1562012977,negative
chftgx,MensRights,post,1564010996,positive
chsti3,ModSupport,post,1564085314,negative
caaq1o,PrequelMemes,post,1562527218,neutral
cbmwha,PrequelMemes,post,1562794894,negative
ccq197,PrequelMemes,post,1563028724,neutral
ccqgdj,PrequelMemes,post,1563031066,neutral
ccknqg,PrequelMemes,post,1562988522,neutral
c8wkg9,Showerthoughts,post,1562204357,neutral
cb9z22,VAGuns,post,1562721686,positive
ci3mur,apolloapp,post,1564151761,neutral
cf2kln,autism,post,1563507729,neutral
ceyunj,bjj,post,1563486843,neutral
c81j6h,dankmemes,post,1562022370,neutral
cj8x05,discordapp,post,1564392623,negative
ccfsqj,ffxiv,post,1562961445,positive
cfafem,freefolk,post,1563557206,negative
c7xbvq,funny,post,1562004983,negative
c8tbbk,gay_irl,post,1562186331,neutral
c9mt2z,gonewild30plus,post,1562369690,neutral
ca0c78,gonewild30plus,post,1562456635,negative
c8hbg7,hoi4,post,1562113695,negative
citowt,holdmyfries,post,1564304456,negative
cgjg2v,jobs,post,1563831584,neutral
cify6y,memes,post,1564223235,neutral
c8scs9,pokemontrades,post,1562181752,negative
c8shuy,pokemontrades,post,1562182432,negative
c8tuw2,pokemontrades,post,1562189028,negative
c95h56,pokemontrades,post,1562262473,negative
cgot88,rant,post,1563862251,negative
cdjy2i,rant,post,1563209575,negative
caxy2t,reddevils,post,1562659883,neutral
c8z23d,redditrequest,post,1562220681,neutral
chd7o4,redditrequest,post,1563998706,neutral
cjij64,redditrequest,post,1564439326,neutral
cjvfpu,redditrequest,post,1564509361,neutral
ce3rxd,redditrequest,post,1563314554,neutral
c9q1c9,redditrequest,post,1562391473,neutral
c8ao05,redditrequest,post,1562081681,neutral
ce3wqk,redditrequest,post,1563315158,neutral
caibaw,runescape,post,1562573741,neutral
cchro5,startrekgifs,post,1562971294,negative
ccrocw,teenagers,post,1563037639,neutral
cdznew,2007scape,post,1563295888,negative
cau1t0,AnimalCollective,post,1562635776,neutral
catds7,BeautyBoxes,post,1562632113,negative
cd9et9,Gamingcirclejerk,post,1563144367,positive
cauejo,IncelTears,post,1562637669,negative
cdto87,ModSupport,post,1563260871,negative
ce6nqb,NYKnicks,post,1563329679,neutral
c8hif5,Psychonaut,post,1562114877,positive
cfeozi,Rainbow6,post,1563577912,negative
choncx,RoversMorningGlory,post,1564066049,positive
cec85m,Seahawks,post,1563366753,neutral
cepo1z,Showerthoughts,post,1563437737,neutral
cbyuip,TrueOffMyChest,post,1562867733,negative
ca8302,WatchRedditDie,post,1562513634,negative
cdythb,XXXTENTACION,post,1563292186,negative
cgztqk,XXXTENTACION,post,1563922438,negative
cgzv12,XXXTENTACION,post,1563922624,negative
cgzvw2,XXXTENTACION,post,1563922752,negative
ch53gr,XXXTENTACION,post,1563953954,neutral
cjhx4j,XXXTENTACION,post,1564436541,negative
c800o8,badphilosophy,post,1562014534,neutral
cjsg5r,boxoffice,post,1564496567,positive
cisstc,dankmemes,post,1564296949,neutral
cjsozx,dankmemes,post,1564497700,negative
ci0ubl,dankmemes,post,1564134538,neutral
ccrtqf,dankmemes,post,1563038426,negative
c97smd,dankmemes,post,1562274891,negative
c7n7yz,dankmemes,post,1561949796,neutral
cdi8ai,dankmemes,post,1563201389,neutral
ca73sj,dankmemes,post,1562507940,negative
ca78g7,dankmemes,post,1562508751,negative
cfia3o,ffxiv,post,1563600541,neutral
citge0,help,post,1564302405,neutral
ca0stz,hentai,post,1562459430,neutral
ceygia,metacanada,post,1563484926,negative
ca3b5l,modhelp,post,1562476376,neutral
cdhly0,moviescirclejerk,post,1563198086,negative
ch9i9c,nba,post,1563981516,neutral
cbqtrm,njpw,post,1562816587,neutral
cgclvj,njpw,post,1563798669,neutral
cd732w,pathofdiablo,post,1563132515,neutral
cdr4se,personalfinance,post,1563244241,neutral
cerzw2,ps2,post,1563453821,neutral
cdda4b,redditrequest,post,1563167472,neutral
cdzspb,redditrequest,post,1563296555,neutral
cila5h,redditrequest,post,1564253233,neutral
cef5ng,redditrequest,post,1563380895,neutral
chwmms,redditrequest,post,1564105399,neutral
chw0zw,redditrequest,post,1564101936,neutral
cakrbl,redditrequest,post,1562591000,neutral
ck3iqb,redditrequest,post,1564547937,neutral
cchl08,teenagers,post,1562970299,neutral
ch3hb2,teenagers,post,1563943055,negative
cfpnno,teenagers,post,1563650244,neutral
cglii6,tennis,post,1563842121,negative
cglj9d,tennis,post,1563842235,neutral
c9wupq,touhou,post,1562437640,negative
cigcup,wallstreetbets,post,1564226478,neutral
ccly6r,walmart,post,1562997483,negative
c9a0b5,Animemes,post,1562288878,positive
cab4n1,Borderlands,post,1562529260,positive
cjrnep,ChapoTrapHouse,post,1564492712,negative
chvled,Competitiveoverwatch,post,1564099497,negative
cduwys,DotA2,post,1563270564,neutral
c9y1ks,ElPaso,post,1562443866,negative
cgxwc8,LosAngeles,post,1563913234,neutral
cjrp90,Marvel,post,1564492958,neutral
cdb54j,NoStupidQuestions,post,1563154232,neutral
cbxzzp,PewdiepieSubmissions,post,1562863944,positive
cdyah1,Predators,post,1563289770,neutral
cj8khr,PrequelMemes,post,1564390060,neutral
cfp5g9,RandomActsofCards,post,1563647615,positive
cfxex7,RandomActsofCards,post,1563702778,positive
cgb9z6,RandomActsofCards,post,1563789750,positive
cgdlse,RandomActsofCards,post,1563804245,positive
cgude6,RandomActsofCards,post,1563897220,positive
cdnfvf,SwagBucks,post,1563224641,neutral
c89tj0,The_Donald,post,1562077370,negative
cevlrv,WatchRedditDie,post,1563471411,negative
chi8jd,Watches,post,1564024551,neutral
cbn7da,algotrading,post,1562796416,negative
cg9jdf,beetlejuicing,post,1563776224,negative
cjsm9j,dankmemes,post,1564497348,negative
chavku,dankmemes,post,1563987860,negative
c88f29,dankmemes,post,1562069117,negative
cfbngs,dankmemes,post,1563562895,neutral
cd770o,denvernuggets,post,1563133048,neutral
c8s4gk,howardstern,post,1562180634,neutral
cbgjmj,ireland,post,1562764365,negative
c8knsu,lakers,post,1562135279,neutral
c8yh0f,lakers,post,1562216676,negative
c9chms,lakers,post,1562306947,neutral
cb7n76,leafs,post,1562709914,neutral
cfp2h0,mildlyinfuriating,post,1563647188,negative
cfbn9j,modhelp,post,1563562868,neutral
chbaqd,offmychest,post,1563989751,negative
cg0nc3,poker,post,1563725363,negative
ch1cyr,redditrequest,post,1563930653,neutral
ca0l9w,redditrequest,post,1562458155,neutral
ci7pdq,redditrequest,post,1564171328,neutral
ch2sjz,redditrequest,post,1563938880,neutral
cjvoj4,teenagers,post,1564510393,neutral
c7svtl,teenagers,post,1561989425,negative
chx8qw,teenagers,post,1564109046,neutral
cc4y51,teenagers,post,1562898475,negative
cc4yxd,teenagers,post,1562898610,negative
cd4w4f,teenagers,post,1563121445,neutral
cirhoe,teenagers,post,1564287469,negative
cduvm7,teenagers,post,1563270253,neutral
cd5msj,test,post,1563125168,neutral
c9j6qu,thebachelor,post,1562350232,neutral
c7xy8r,tressless,post,1562006806,negative
ch1v8l,unpopularopinion,post,1563933507,negative
cio5il,wallstreetbets,post,1564267895,negative
cewx7f,weed,post,1563477630,negative
cex5ee,2007scape,post,1563478734,neutral
cboki5,AskHistorians,post,1562803549,neutral
ccfksd,AskReddit,post,1562960383,neutral
c9r8ac,Astronomy,post,1562400751,negative
cgdrjr,BlueJackets,post,1563805062,neutral
ccxhlq,ChapoTrapHouse,post,1563069299,neutral
cgpmih,China,post,1563868189,neutral
ccw7zm,CrazyIdeas,post,1563061572,neutral
cd2c93,FalloutMods,post,1563106385,neutral
ck2v8e,FoodPorn,post,1564544253,negative
camr3q,Forex,post,1562601019,negative
cdoplr,HistoryMemes,post,1563230880,neutral
ci8068,HistoryMemes,post,1564172726,negative
cc3vgv,IndoorGarden,post,1562892302,neutral
caq1gk,MLBTheShow,post,1562615787,negative
ci7q3x,Screenwriting,post,1564171427,neutral
ck9ahh,ShinyPokemon,post,1564583661,neutral
c9f7f7,StrangerThings,post,1562328416,negative
ca65tu,StrangerThings,post,1562501367,negative
caawh9,StrangerThings,post,1562528115,negative
cazm65,StrangerThings,post,1562671593,negative
cef6bp,StrangerThings,post,1563380978,neutral
cfpu36,StrangerThings,post,1563651188,neutral
ch80ok,TuberSimulator,post,1563973932,positive
cf31wj,UBreddit,post,1563510768,negative
cj0dbq,WatchRedditDie,post,1564343031,negative
cf25j4,bassnectar,post,1563505156,neutral
c9hxgp,dankmemes,post,1562344001,negative
ccpsd7,devils,post,1563027279,neutral
cjfggd,devils,post,1564425799,neutral
c9kypd,hiphopheads,post,1562359401,negative
ck3wnb,islam,post,1564550194,neutral
c93aor,java,post,1562250948,negative
ccgcv8,lebanon,post,1562964132,negative
ci8opt,memes,post,1564176044,neutral
cbm9l0,mildlyinfuriating,post,1562791841,negative
cepf1e,muacirclejerk,post,1563435764,neutral
cavr22,nukedmemes,post,1562645286,negative
chxeao,nukedmemes,post,1564109968,negative
c8fxod,redditrequest,post,1562106042,neutral
ce40ru,redditrequest,post,1563315680,neutral
cif5eg,redditrequest,post,1564216715,neutral
cc0w04,redditrequest,post,1562877102,neutral
cjoyfj,redditrequest,post,1564476369,neutral
cign7v,redditrequest,post,1564228605,neutral
ciw8s5,redditrequest,post,1564323033,neutral
cebjzg,redditrequest,post,1563362761,negative
cgugnr,redditrequest,post,1563897640,neutral
cfftj2,teenagers,post,1563584420,neutral
ca7boz,teenagers,post,1562509287,positive
c7o7zd,teenagers,post,1561956132,neutral
c80shj,teenagers,post,1562018414,neutral
cew39l,teenagers,post,1563473681,negative
ccno81,tf2,post,1563011982,negative
c8097n,washingtonwizards,post,1562015688,neutral
cgqhvt,Brawlstars,post,1563875099,negative
che1nt,ChapoTrapHouse,post,1564002551,neutral
cjoyf3,ChapoTrapHouse,post,1564476366,negative
ceg6p3,CompetitiveWoW,post,1563385556,neutral
c8on3v,DeepFriedMemes,post,1562163542,neutral
cg2unn,Feminism,post,1563736740,positive
cfm9d3,FreeKarma4U,post,1563632115,neutral
ch2nvm,HowToHack,post,1563938102,negative
chsl0t,HowToHack,post,1564084222,neutral
c9nrjm,Ice_Poseidon,post,1562375704,negative
cbyl2v,JoeRogan,post,1562866526,neutral
cc4t38,MarioMaker,post,1562897645,positive
cgbw20,MechanicalKeyboards,post,1563794070,negative
cgbwla,MechanicalKeyboards,post,1563794174,negative
cftki7,NLTP,post,1563672561,negative
chfymo,OopsDidntMeanTo,post,1564011756,negative
chqnp6,Pets,post,1564075173,neutral
cglm3p,PrequelMemes,post,1563842682,neutral
cjkvpr,RWBY,post,1564451140,neutral
chikef,Showerthoughts,post,1564026557,neutral
c7xh0r,StarWarsBattlefront,post,1562005381,negative
cg9crt,TuberSimulator,post,1563774891,neutral
ci02ob,WatchRedditDie,post,1564128404,negative
cinqm0,confessions,post,1564265629,negative
chjusz,conspiracy,post,1564035009,negative
cfuddl,dankmemes,post,1563677768,neutral
cfuhjt,dankmemes,post,1563678536,negative
ckd7h0,darknet,post,1564601510,neutral
c8c8jh,gonewild,post,1562089297,positive
cajaii,gonewild,post,1562581329,negative
cb10h6,gonewild,post,1562679599,positive
cb8e3v,gonewild,post,1562713481,neutral
ccj9jk,gonewild,post,1562979801,negative
cexiic,gonewild,post,1563480432,neutral
cf1uop,gonewild,post,1563503312,neutral
cfy9v4,gonewild,post,1563710454,neutral
ch8f6d,gonewild,post,1563976162,negative
chjsy5,gonewild,post,1564034641,negative
chk0u3,gonewild,post,1564036229,negative
cj6t9w,gonewild,post,1564377627,positive
cjm6hx,gonewild,post,1564458199,neutral
cgn11j,hawks,post,1563850779,neutral
cbvc8l,help,post,1562849217,neutral
cbjovk,indianapolis,post,1562779887,negative
ceu6si,keto,post,1563464859,neutral
cg143y,languagelearning,post,1563727830,neutral
ccwd27,losangeleskings,post,1563062403,neutral
c7z9v7,madlads,post,1562010947,neutral
c8u4qj,memes,post,1562190424,negative
ck3c9q,muacjdiscussion,post,1564546887,neutral
ca35ew,nukedmemes,post,1562475190,negative
cglgbo,rant,post,1563841780,negative
c82cpb,redditrequest,post,1562027029,neutral
ccs9vc,redditrequest,post,1563040722,neutral
ccfvcr,redditrequest,post,1562961792,negative
chlv3h,teenagers,post,1564050106,neutral
cjkgmp,unpopularopinion,post,1564448926,negative
cfj2mf,woooosh,post,1563606963,negative
cgi7rr,AskOuija,post,1563825829,neutral
ccpo2p,BlueJackets,post,1563026581,neutral
caipi1,Borderporn,post,1562576986,negative
cgmowp,DC_Cinematic,post,1563848800,negative
cbcu1z,DeepFriedMemes,post,1562738213,negative
cd8diq,GoForGold,post,1563138942,neutral
chvr6r,GoNets,post,1564100393,neutral
cdg05h,JoeRogan,post,1563188169,negative
cbi888,Kappa,post,1562773000,neutral
cjogyb,Kappa,post,1564472778,negative
c7y9u5,Rainbow6,post,1562007733,neutral
cef13b,The_Donald,post,1563380332,neutral
cgc0n3,Tokyo,post,1563794926,neutral
cgc3wf,Tokyo,post,1563795550,neutral
cdxu0t,Turkey,post,1563287677,neutral
ceyxgl,UIUC,post,1563487236,neutral
cfemw2,Vinesauce,post,1563577598,negative
c8l04a,birthcontrol,post,1562137862,neutral
ccrhbk,childfree,post,1563036604,negative
cii92y,dankmemes,post,1564238374,neutral
cg25a2,hearthstone,post,1563733070,negative
c8gij2,hearthstone,post,1562109070,negative
ccirp7,ios,post,1562976835,negative
ci9rde,memes,post,1564181454,negative
ci9s4n,memes,post,1564181559,neutral
cac5en,needamod,post,1562534450,neutral
ccyvsc,redditrequest,post,1563078207,neutral
cawc7t,redditrequest,post,1562648903,neutral
cgq756,redditrequest,post,1563872878,neutral
ch9fhd,redditrequest,post,1563981139,neutral
ca6vfi,redditrequest,post,1562506431,neutral
cd3yq9,runescape,post,1563116541,neutral
c9gmb6,sadcringe,post,1562337189,negative
ci64d1,sadcringe,post,1564163630,neutral
ck0mur,secretsanta,post,1564532516,neutral
cddob7,shittysuperpowers,post,1563170227,neutral
cadm35,streetwear,post,1562542579,neutral
chow2f,teenagers,post,1564067098,neutral
cfhgh1,teenagers,post,1563594861,neutral
c8ewc8,teenagers,post,1562100854,positive
c8hjtj,teenagers,post,1562115103,negative
cehl35,teenagers,post,1563391977,neutral
cahu3t,teenagers,post,1562569933,negative
cdyfme,wildhockey,post,1563290397,neutral
cgkmkt,195,post,1563837339,negative
cg2elw,AutoModerator,post,1563734411,neutral
c917w6,BokuNoHeroAcademia,post,1562237615,neutral
cjdb2p,ChapoTrapHouse,post,1564416571,negative
cjdk5q,ChapoTrapHouse,post,1564417643,neutral
c9vj4p,ChapoTrapHouse,post,1562430799,positive
cce3mv,CryptoCurrency,post,1562953558,negative
ch9rtr,CryptoCurrency,post,1563982777,negative
chspur,CryptoCurrency,post,1564084851,negative
ca25jh,Judaism,post,1562468241,negative
ca7hir,KotakuInAction,post,1562510230,positive
cingkl,NBAlive,post,1564264186,neutral
cghc0u,NoStupidQuestions,post,1563821735,neutral
cb81tc,Terraria,post,1562711832,neutral
c7n34i,The_Donald,post,1561948960,neutral
cedjom,WatchRedditDie,post,1563373572,negative
chrgxj,WatchRedditDie,post,1564078935,negative
ciogam,asoiafcirclejerk,post,1564269520,negative
caxnj5,bugs,post,1562657752,neutral
cacasw,censorship,post,1562535246,negative
cctmkd,chile,post,1563047513,positive
cejurv,criterion,post,1563402337,neutral
c9b0wz,fo4,post,1562296212,neutral
cfmqen,ftm,post,1563634879,positive
ccqbu6,funny,post,1563030376,neutral
c7sub3,giftcardexchange,post,1561989196,neutral
c9lm64,help,post,1562362841,neutral
cg3cdm,hinduism,post,1563739268,positive
chj93j,india,post,1564030909,negative
cd7d36,modhelp,post,1563133901,neutral
cfyim1,modhelp,post,1563712345,neutral
c8wfmt,nba,post,1562203536,neutral
cham8x,newhampshire,post,1563986638,neutral
caf3cw,newzealand,post,1562551462,negative
cjilo5,nothingeverhappens,post,1564439664,neutral
cg9xvg,outside,post,1563779230,neutral
cctet3,redditrequest,post,1563046424,neutral
c9q1jf,redditrequest,post,1562391514,neutral
cak1ni,redditrequest,post,1562586624,neutral
cfxcqb,redditrequest,post,1563702190,negative
cbkc6v,redditrequest,post,1562782863,neutral
cfitqn,redditrequest,post,1563604879,neutral
cih349,rupaulsdragrace,post,1564231592,neutral
ca7646,space,post,1562508344,neutral
ch9rcw,teenagers,post,1563982713,negative
c9sh3n,ukpolitics,post,1562411617,negative
c9uinb,ukpolitics,post,1562425327,positive
cbnt8b,unpopularopinion,post,1562799532,neutral
cjinn8,unpopularopinion,post,1564439909,neutral
cd3bh2,youtube,post,1563112857,negative
c97vpl,AskReddit,post,1562275382,neutral
cech3q,AskReddit,post,1563368163,neutral
cflhx6,BigBrother,post,1563627264,positive
cferlm,Christianity,post,1563578299,neutral
c9jtmh,Drama,post,1562353536,negative
cf7l06,EtikaRedditNetwork,post,1563543031,positive
cbio5i,Eve,post,1562775080,neutral
ccdm3m,Hair,post,1562951367,neutral
cen2xb,IowaCity,post,1563420029,neutral
cdggi9,Kappa,post,1563191284,neutral
ch7q0s,Nepal,post,1563972305,neutral
cacy3c,Overwatch,post,1562538780,neutral
chs74y,Paladins,post,1564082354,negative
cfvd5o,PhantomForces,post,1563684785,neutral
ckg66h,PlusSize,post,1564615426,positive
cazl06,Showerthoughts,post,1562671384,negative
cjmifv,VHS,post,1564460128,neutral
ck2mgi,Wrasslin,post,1564542888,neutral
cgvjuq,ambien,post,1563902534,negative
ck09r4,boottoobig,post,1564530663,negative
cbhai7,conspiracy,post,1562768397,negative
cfnh8j,dankmemes,post,1563638945,neutral
c7rh3z,dankmemes,post,1561980914,negative
c800dg,dankmemes,post,1562014490,neutral
c9oi37,dankmemes,post,1562380466,negative
c9zpt9,harrypotter,post,1562452975,neutral
c9ftu7,ireland,post,1562332493,negative
cbsna7,ireland,post,1562829013,negative
ceii98,ireland,post,1563396060,neutral
chccfu,ireland,post,1563994635,negative
chd12a,ireland,post,1563997847,negative
chmytx,memes,post,1564057389,negative
chmzym,memes,post,1564057570,negative
c9c2do,memes,post,1562303838,neutral
chegwx,modhelp,post,1564004427,neutral
c7rh3l,moviescirclejerk,post,1561980912,neutral
cbw86d,nukedmemes,post,1562855293,negative
cgqpfj,podcasting,post,1563876556,neutral
c9t7wn,raidsecrets,post,1562417210,positive
cefn0r,redditrequest,post,1563383068,neutral
c9me1f,redditrequest,post,1562367184,neutral
cgmq3a,redditrequest,post,1563848986,neutral
cb8h0p,redditrequest,post,1562713872,neutral
cdr9mo,redditrequest,post,1563245010,neutral
c80x16,redditrequest,post,1562019035,neutral
cevz0i,redditrequest,post,1563473125,neutral
cffsyx,redditrequest,post,1563584324,neutral
ca3v50,runescape,post,1562480867,neutral
cj3697,runescape,post,1564356759,negative
chz8ge,sex,post,1564121998,neutral
cg02i6,teenagers,post,1563722245,neutral
cew9z3,teenagers,post,1563474561,neutral
c9zpdg,teenagers,post,1562452903,negative
c8xydm,unpopularopinion,post,1562213246,negative
ce8ugg,ADHD,post,1563343206,positive
cc4mts,AskReddit,post,1562896638,neutral
cecz1x,Braincels,post,1563370768,negative
cd8ulu,CompetitiveForHonor,post,1563141381,neutral
cdrqt2,DDLC,post,1563247789,positive
c8ta11,DanLeBatardShow,post,1562186161,neutral
cdzcaa,EliteDangerous,post,1563294502,neutral
cf79fm,FreeKarma4U,post,1563541216,neutral
cdg9ui,Gamingcirclejerk,post,1563190031,negative
c8aas3,JoeRogan,post,1562079826,negative
cacnsw,Minecraft,post,1562537223,neutral
caw8r6,Minecraft,post,1562648305,neutral
ccl5x9,Minecraft,post,1562991800,neutral
ccnrm9,Minecraft,post,1563012803,neutral
ccu6r5,Minecraft,post,1563050399,negative
cdghz6,Minecraft,post,1563191556,neutral
cdrckr,Minecraft,post,1563245478,neutral
cel3uh,Minecraft,post,1563408784,neutral
cfl7it,Minecraft,post,1563625131,neutral
cg3203,Minecraft,post,1563737784,neutral
cgkvs7,Minecraft,post,1563838671,neutral
ch9wgt,Minecraft,post,1563983392,neutral
chkde9,Minecraft,post,1564038728,neutral
chots2,Minecraft,post,1564066833,neutral
chour2,Minecraft,post,1564066950,neutral
ci3uft,Minecraft,post,1564152802,neutral
cka3ve,Minecraft,post,1564587698,neutral
ci3vgz,ModSupport,post,1564152945,neutral
caux7k,SDSU,post,1562640502,neutral
c846ef,SquaredCircle,post,1562037897,negative
chve49,StarVStheForcesofEvil,post,1564098315,neutral
c8x76z,ants,post,1562208372,neutral
chm8e4,cassetteculture,post,1564052697,neutral
ccfn4b,circlejerk,post,1562960685,negative
c7thar,conspiracy,post,1561992565,negative
ch56jx,dankmemes,post,1563954607,negative
c8bukn,dankmemes,post,1562087431,neutral
ccwmvh,dankmemes,post,1563063962,negative
ccwnbh,dankmemes,post,1563064038,negative
c7o2s3,dankmemes,post,1561955153,neutral
chn4ea,dauntless,post,1564058312,neutral
cg3wc0,ecommerce,post,1563742150,neutral
cc74bc,hamburg,post,1562912338,neutral
ca6oec,iamverysmart,post,1562505103,negative
cbn6pv,iamverysmart,post,1562796326,negative
cbnffu,iamverysmart,post,1562797532,negative
cd1an3,iamverysmart,post,1563097866,neutral
ci0ejg,iamverysmart,post,1564131146,negative
cihgcq,insanepeoplefacebook,post,1564233810,negative
c7nl8k,iphone,post,1561952058,neutral
c8ncdp,lakers,post,1562155962,negative
c85rcv,lakers,post,1562048668,neutral
ca04gl,lgbt,post,1562455357,negative
ceo2nk,moviescirclejerk,post,1563426137,negative
ccq88n,penguins,post,1563029832,neutral
ciyhzu,reddevils,post,1564334216,neutral
cdsqha,redditrequest,post,1563254198,neutral
cglo9j,redditrequest,post,1563843033,neutral
ci6x93,redditrequest,post,1564167494,neutral
cfxdou,seduction,post,1563702440,negative
c8kos4,self,post,1562135482,negative
cb7y5l,self,post,1562711352,negative
cf49fs,self,post,1563519252,negative
chxhez,self,post,1564110486,negative
ch2opn,southpark,post,1563938240,neutral
ce7cs2,subway,post,1563333704,neutral
cc5q62,thesopranos,post,1562903116,negative
cdq2he,unpopularopinion,post,1563238283,negative
c94mms,2007scape,post,1562258153,positive
c8ascd,Animemes,post,1562082288,neutral
cc51j1,AskOuija,post,1562899019,neutral
c8j926,BanjoKazooie,post,1562125552,neutral
cal61z,Damnthatsinteresting,post,1562593270,negative
cferf6,FashionRepsBST,post,1563578270,neutral
cfq07f,JohnMayer,post,1563652068,neutral
cfnypn,ModSupport,post,1563641538,negative
c7ocgu,NintendoSwitchDeals,post,1561956972,neutral
chv2a4,NoStupidQuestions,post,1564096491,neutral
cfbvbe,NoStupidQuestions,post,1563563958,negative
cima85,Rivenmains,post,1564258103,neutral
cjm99f,Rivenmains,post,1564458643,neutral
cfmvff,Showerthoughts,post,1563635660,negative
cee8et,TheHandmaidsTale,post,1563376755,negative
ceec6c,TheHandmaidsTale,post,1563377229,negative
c975o1,WatchRedditDie,post,1562271337,negative
c8ounk,WatchRedditDie,post,1562164657,negative
ccwn5j,canucks,post,1563064007,neutral
c7mq1w,dankmemes,post,1561946755,negative
cb6tc7,dankmemes,post,1562706111,negative
ch3ntd,help,post,1563944213,neutral
cabq0u,lakers,post,1562532254,neutral
c8kwj6,lakers,post,1562137117,neutral
c8kz6o,lakers,post,1562137657,negative
cb62m2,nfl,post,1562702747,negative
ccpgq4,puns,post,1563025317,negative
cfdnnk,reddeadredemption,post,1563572695,negative
cbrfu1,redditrequest,post,1562820521,neutral
cfvlj4,redditrequest,post,1563686527,neutral
ca716s,redditrequest,post,1562507469,neutral
ced24b,redditrequest,post,1563371208,neutral
c7zn46,redditrequest,post,1562012680,neutral
cgik1x,redditrequest,post,1563827432,neutral
c9oe0y,shitpost,post,1562379727,negative
cfj9di,teenagers,post,1563608566,neutral
ci1yl9,teenagers,post,1564142383,negative
cg8f3g,teenagers,post,1563768492,negative
cgwc61,vaporents,post,1563906081,negative
ci84xj,ATBGE,post,1564173356,negative
cesx5x,Amd,post,1563458751,positive
c9ddgx,Animemes,post,1562313877,neutral
cf14nf,AskReddit,post,1563499064,neutral
cke9bi,Catholicism,post,1564606259,neutral
chy3by,ChanceTheRapper,post,1564114237,negative
cf1lx8,DBZDokkanBattle,post,1563501845,neutral
cjuiuy,FoodPorn,post,1564505523,neutral
cdw4dg,KotakuInAction,post,1563278559,neutral
cddwty,MealPrepSunday,post,1563171942,neutral
c88o27,MurderedByWords,post,1562070727,neutral
cehvtl,MurderedByWords,post,1563393282,neutral
cfppml,PewdiepieSubmissions,post,1563650541,neutral
cbjj16,PewdiepieSubmissions,post,1562779119,neutral
ca6g8u,PrequelMemes,post,1562503557,negative
ccl10z,PrequelMemes,post,1562990911,neutral
c9gjl4,RandomActsofCards,post,1562336767,positive
c8hvi9,Silverbugs,post,1562117055,neutral
cektah,Sims4,post,1563407248,negative
ca1zu0,TheLastAirbender,post,1562467193,negative
caua76,The_Donald,post,1562637034,neutral
ccj9fd,WatchRedditDie,post,1562979781,negative
cd5ihn,adultery,post,1563124565,neutral
cf4z6e,cork,post,1563524902,neutral
c7t684,dankmemes,post,1561990936,neutral
c8aeio,dankmemes,post,1562080348,negative
cdx70k,drones,post,1563284491,neutral
celeg7,explainlikeimfive,post,1563410382,negative
c9hxhn,explainlikeimfive,post,1562344005,negative
ca9eaw,explainlikeimfive,post,1562520624,negative
cjsjkj,ideasfortheadmins,post,1564497011,neutral
ca03ye,lakers,post,1562455275,positive
c8ja1q,nba,post,1562125727,negative
cbpi8z,redditrequest,post,1562808728,neutral
canf0l,redditrequest,post,1562604103,neutral
c9n4jw,redditrequest,post,1562371663,negative
c8e6ub,redditrequest,post,1562097377,neutral
ccau2y,redditrequest,post,1562938011,neutral
cg5w58,sadboys,post,1563753183,negative
cal5ur,trashpandas,post,1562593239,neutral
ciqbnp,unpopularopinion,post,1564280092,neutral
ccgujg,unpopularopinion,post,1562966541,negative
chk3j1,wallstreetbets,post,1564036781,neutral
c8qzpa,2007scape,post,1562175246,negative
cd671r,AskALiberal,post,1563128040,neutral
ccyutq,AskOuija,post,1563078022,neutral
c9ggha,ChapoTrapHouse,post,1562336279,neutral
cadluj,ChapoTrapHouse,post,1562542540,neutral
cijfmd,DebateReligion,post,1564244368,neutral
c8fc48,Drama,post,1562102967,negative
ca1kwf,Drama,post,1562464447,negative
ca42k8,Drama,post,1562482678,negative
catvcm,Drama,post,1562634772,neutral
cazl3z,Drama,post,1562671406,neutral
cb5hat,Drama,post,1562700118,neutral
cds38u,Drama,post,1563249915,negative
ceggg0,Drama,post,1563386783,neutral
cf7ais,Drama,post,1563541390,negative
chtrwy,Drama,post,1564089885,negative
ci18ws,Drama,post,1564137504,neutral
ci87fr,Drama,post,1564173695,neutral
ck1mto,Drama,post,1564537648,negative
ck3cb2,Drama,post,1564546891,negative
ceewic,Drugs,post,1563379766,positive
ci4ric,Drugs,post,1564157135,positive
ch0sd1,Drugs,post,1563927486,positive
cg4lhx,Minecraft,post,1563745884,neutral
cevi44,Munich,post,1563470944,neutral
capi4g,PublicFreakout,post,1562613335,neutral
ch9pzh,PublicFreakout,post,1563982534,negative
c98f4a,The_Donald,post,1562278496,negative
cbkish,Twitch,post,1562783716,negative
cc9ise,WatchRedditDie,post,1562930042,negative
cdtxs6,actuallesbians,post,1563262765,neutral
c9fdz0,dankmemes,post,1562329678,negative
cjfkkd,dankmemes,post,1564426319,negative
chhzmv,facepalm,post,1564023130,neutral
caaho1,freefolk,post,1562526067,neutral
cg8x5j,help,post,1563771881,negative
ccyxm0,ideasfortheadmins,post,1563078554,neutral
caou5e,lawofattraction,post,1562610400,neutral
ce79si,metacanada,post,1563333210,negative
ce0p9j,minnesotatwins,post,1563300529,neutral
cag6p1,raisedbynarcissists,post,1562558232,positive
cht68p,redditrequest,post,1564087015,neutral
cinfqp,redditrequest,post,1564264059,neutral
cc81cl,redditrequest,post,1562919055,neutral
ce0vpw,redditrequest,post,1563301322,neutral
cjfneu,redditrequest,post,1564426658,neutral
cd04nq,redditrequest,post,1563087721,neutral
ccgkjm,redditrequest,post,1562965189,neutral
ci10ol,teefies,post,1564135802,neutral
cizmoz,teenagers,post,1564339564,neutral
cehxyq,teenagers,post,1563393538,neutral
cgm7az,teenagers,post,1563846012,neutral
chntr7,teenagers,post,1564062196,negative
ckc4eb,unpopularopinion,post,1564596530,negative
c8pf3q,unpopularopinion,post,1562167580,negative
cior4t,untrustworthypoptarts,post,1564271201,negative
cfpqe2,2007scape,post,1563650647,negative
c96da0,APStudents,post,1562267100,neutral
cdrajz,AskReddit,post,1563245157,neutral
ccfvo5,AskReddit,post,1562961832,negative
ccg50d,AskReddit,post,1562963069,negative
cf6vff,ButtsAndBareFeet,post,1563538893,neutral
ceiu7u,HelpMeFind,post,1563397512,neutral
c9u85b,IdeasForAskreddit,post,1562423672,negative
ck2lg3,KingOfTheHill,post,1564542729,negative
ca2v9n,ModSupport,post,1562473109,neutral
cajje2,ModSupport,post,1562583115,neutral
cbjfsm,ModSupport,post,1562778707,neutral
cdwzxr,NYGiants,post,1563283446,neutral
cc37m6,PewdiepieSubmissions,post,1562888648,neutral
c7p3m1,PoliticalHumor,post,1561962338,neutral
c8dyht,PoliticalHumor,post,1562096390,negative
cfn6ro,PoliticalHumor,post,1563637393,neutral
cgtjhj,PoliticalHumor,post,1563893307,neutral
cdvnib,WatchRedditDie,post,1563275679,negative
causvi,WatchRedditDie,post,1562639842,negative
cjnpvo,asmr,post,1564467748,positive
cjgtal,aznidentity,post,1564431667,neutral
c8772p,circlejerk,post,1562060161,negative
cdb8y2,dankmemes,post,1563154855,neutral
ccqsr2,fcbayern,post,1563032961,positive
cd4338,formula1,post,1563117192,negative
cg78wm,freefolk,post,1563761263,positive
c9sfhz,interestingasfuck,post,1562411253,negative
c8a1go,leagueoflegends,post,1562078520,neutral
c8a234,leagueoflegends,post,1562078613,neutral
ce6cid,memes,post,1563327940,neutral
cjwdls,memes,post,1564513364,neutral
cb99tj,memes,post,1562717984,neutral
cgmpf2,modhelp,post,1563848883,neutral
cgk6kv,redditrequest,post,1563835100,neutral
c7lwp2,redditrequest,post,1561941762,negative
c7nl7v,redditrequest,post,1561952055,negative
c7nlyx,redditrequest,post,1561952180,neutral
c7nu19,redditrequest,post,1561953653,neutral
c7pe5r,redditrequest,post,1561964534,neutral
c7pedl,redditrequest,post,1561964575,neutral
c7puu8,redditrequest,post,1561968187,neutral
c7ri5x,redditrequest,post,1561981117,neutral
c7typc,redditrequest,post,1561994942,neutral
c7vop1,redditrequest,post,1562000277,neutral
c7vveu,redditrequest,post,1562000802,negative
c7wipq,redditrequest,post,1562002689,neutral
c7y88t,redditrequest,post,1562007600,negative
c7yg2q,redditrequest,post,1562008228,neutral
c7z1na,redditrequest,post,1562009982,neutral
c80cya,redditrequest,post,1562016201,neutral
c818du,redditrequest,post,1562020716,neutral
c81iqp,redditrequest,post,1562022305,neutral
c834zj,redditrequest,post,1562031666,neutral
c86yep,redditrequest,post,1562058242,neutral
c88qv1,redditrequest,post,1562071232,neutral
c8an3z,redditrequest,post,1562081559,neutral
c8bzz7,redditrequest,post,1562088153,neutral
c8dlhq,redditrequest,post,1562095328,neutral
c8ejjz,redditrequest,post,1562099085,neutral
c8fuar,redditrequest,post,1562105544,neutral
c8iv20,redditrequest,post,1562123095,neutral
c8l3t1,redditrequest,post,1562138620,neutral
c8lkck,redditrequest,post,1562142525,neutral
c8m6j1,redditrequest,post,1562147616,neutral
c8p8h6,redditrequest,post,1562166659,neutral
c8qia8,redditrequest,post,1562172967,neutral
c8rze1,redditrequest,post,1562179959,neutral
c8s5gm,redditrequest,post,1562180768,neutral
c8sg3x,redditrequest,post,1562182198,neutral
c8sluo,redditrequest,post,1562182963,neutral
c8sp3b,redditrequest,post,1562183386,neutral
c8sqav,redditrequest,post,1562183537,neutral
c8t1ro,redditrequest,post,1562185054,neutral
c8t8k4,redditrequest,post,1562185967,neutral
c8tlqg,redditrequest,post,1562187756,neutral
c8tr1y,redditrequest,post,1562188482,neutral
c8tts3,redditrequest,post,1562188873,neutral
c8u0ca,redditrequest,post,1562189804,neutral
c8u5vn,redditrequest,post,1562190590,neutral
c8ujbj,redditrequest,post,1562192440,neutral
c8v6u9,redditrequest,post,1562195985,neutral
c8wmmy,redditrequest,post,1562204729,neutral
c8wvzl,redditrequest,post,1562206361,neutral
c8yeb1,redditrequest,post,1562216180,neutral
c8yfx1,redditrequest,post,1562216478,neutral
c8yyy5,redditrequest,post,1562220089,neutral
c90qee,redditrequest,post,1562233861,neutral
c90smu,redditrequest,post,1562234344,neutral
c9254n,redditrequest,post,1562244071,neutral
c92xu9,redditrequest,post,1562248944,neutral
c9345y,redditrequest,post,1562249918,neutral
c944mu,redditrequest,post,1562255481,neutral
c948nz,redditrequest,post,1562256106,neutral
c94htc,redditrequest,post,1562257432,neutral
c94nx7,redditrequest,post,1562258335,neutral
c94r5l,redditrequest,post,1562258810,neutral
c95cin,redditrequest,post,1562261825,neutral
c97snv,redditrequest,post,1562274899,neutral
c97zdi,redditrequest,post,1562275968,neutral
c99pb3,redditrequest,post,1562286714,neutral
c99tj6,redditrequest,post,1562287529,neutral
c9ax2g,redditrequest,post,1562295464,neutral
c9ayzx,redditrequest,post,1562295840,neutral
c9cc2a,redditrequest,post,1562305819,neutral
c9cfxs,redditrequest,post,1562306585,neutral
c9d2wg,redditrequest,post,1562311422,neutral
c9e0pu,redditrequest,post,1562319230,neutral
c9em1l,redditrequest,post,1562324047,neutral
c9haof,redditrequest,post,1562340763,neutral
c9hatk,redditrequest,post,1562340782,neutral
c9hsgo,redditrequest,post,1562343268,neutral
c9i4rm,redditrequest,post,1562345005,neutral
c9j8gy,redditrequest,post,1562350483,neutral
c9jzmb,redditrequest,post,1562354387,neutral
c9khfr,redditrequest,post,1562356935,neutral
c9lz6p,redditrequest,post,1562364820,neutral
c9ml6d,redditrequest,post,1562368348,neutral
c9no2f,redditrequest,post,1562375084,neutral
c9rj2h,redditrequest,post,1562403410,neutral
c9rj2s,redditrequest,post,1562403413,neutral
c9t579,redditrequest,post,1562416662,neutral
c9ttxu,redditrequest,post,1562421280,neutral
c9ttzn,redditrequest,post,1562421290,neutral
c9v3xn,redditrequest,post,1562428562,neutral
c9wbsw,redditrequest,post,1562434939,neutral
c9wbud,redditrequest,post,1562434945,neutral
c9yn49,redditrequest,post,1562447047,neutral
ca02n7,redditrequest,post,1562455065,neutral
ca03v9,redditrequest,post,1562455259,neutral
ca0nj4,redditrequest,post,1562458511,neutral
ca2vnr,redditrequest,post,1562473193,neutral
ca2z71,redditrequest,post,1562473892,neutral
ca4wtc,redditrequest,post,1562490462,neutral
ca5u3l,redditrequest,post,1562498758,neutral
ca6teg,redditrequest,post,1562506057,neutral
ca8wzx,redditrequest,post,1562518183,negative
ca97p1,redditrequest,post,1562519677,neutral
caa2hg,redditrequest,post,1562523940,neutral
cab82o,redditrequest,post,1562529727,neutral
cabmzu,redditrequest,post,1562531824,neutral
cac4pn,redditrequest,post,1562534343,neutral
cacdko,redditrequest,post,1562535671,neutral
cade8z,redditrequest,post,1562541337,neutral
caemr4,redditrequest,post,1562548669,neutral
caevfp,redditrequest,post,1562550142,neutral
cai6xx,redditrequest,post,1562572712,neutral
caij2u,redditrequest,post,1562575564,neutral
cait73,redditrequest,post,1562577765,neutral
caix65,redditrequest,post,1562578597,neutral
cajdzl,redditrequest,post,1562582029,neutral
cajqkj,redditrequest,post,1562584531,neutral
cak49r,redditrequest,post,1562587096,neutral
cal147,redditrequest,post,1562592522,neutral
camllg,redditrequest,post,1562600300,neutral
camvtu,redditrequest,post,1562601639,neutral
can01q,redditrequest,post,1562602174,neutral
canf66,redditrequest,post,1562604130,neutral
canjm3,redditrequest,post,1562604699,neutral
cannue,redditrequest,post,1562605236,neutral
cap8xw,redditrequest,post,1562612203,neutral
capb5y,redditrequest,post,1562612479,neutral
caqe8s,redditrequest,post,1562617409,neutral
caslue,redditrequest,post,1562628045,neutral
cavhrl,redditrequest,post,1562643757,neutral
cavhth,redditrequest,post,1562643767,negative
cavmsg,redditrequest,post,1562644593,neutral
caw6hb,redditrequest,post,1562647902,neutral
cax7g1,redditrequest,post,1562654649,neutral
caxdhi,redditrequest,post,1562655811,neutral
cb1z65,redditrequest,post,1562684375,neutral
cb5rk8,redditrequest,post,1562701389,neutral
cb5td9,redditrequest,post,1562701611,neutral
cbapma,redditrequest,post,1562725694,neutral
cbay5u,redditrequest,post,1562727038,neutral
cbckm0,redditrequest,post,1562736483,neutral
cbemqs,redditrequest,post,1562751546,neutral
cbevl0,redditrequest,post,1562753366,neutral
cbeylj,redditrequest,post,1562753993,neutral
cbgj7z,redditrequest,post,1562764303,neutral
cbhte3,redditrequest,post,1562771033,neutral
cbionp,redditrequest,post,1562775146,neutral
cbjfgk,redditrequest,post,1562778669,neutral
cbjgb6,redditrequest,post,1562778772,negative
cbjsh2,redditrequest,post,1562780343,neutral
cbjxrp,redditrequest,post,1562781043,neutral
cbl63w,redditrequest,post,1562786656,neutral
cblku5,redditrequest,post,1562788542,neutral
cbmn10,redditrequest,post,1562793635,neutral
cbnfon,redditrequest,post,1562797566,neutral
cbozzq,redditrequest,post,1562805883,neutral
cbpf29,redditrequest,post,1562808235,neutral
cbqocw,redditrequest,post,1562815657,neutral
cbrdwt,redditrequest,post,1562820157,neutral
cbrkcy,redditrequest,post,1562821357,neutral
cbsaxt,redditrequest,post,1562826548,neutral
cbvddq,redditrequest,post,1562849411,neutral
cbwvfc,redditrequest,post,1562858629,neutral
cbx305,redditrequest,post,1562859647,neutral
cbx9wo,redditrequest,post,1562860538,neutral
cbyycl,redditrequest,post,1562868211,neutral
cbzkxn,redditrequest,post,1562871094,neutral
cc0en9,redditrequest,post,1562874836,neutral
cc0tpi,redditrequest,post,1562876788,neutral
cc15gw,redditrequest,post,1562878319,neutral
cc22pa,redditrequest,post,1562882778,neutral
cc24di,redditrequest,post,1562883009,neutral
cc7u7f,redditrequest,post,1562917429,neutral
cc99g1,redditrequest,post,1562928273,neutral
ccbm76,redditrequest,post,1562942042,neutral
cccblr,redditrequest,post,1562945372,neutral
cccbx4,redditrequest,post,1562945413,neutral
ccdbab,redditrequest,post,1562950000,neutral
ccfst4,redditrequest,post,1562961454,neutral
ccg3yn,redditrequest,post,1562962930,neutral
cck00f,redditrequest,post,1562984370,neutral
cclgz6,redditrequest,post,1562993928,neutral
ccmuzr,redditrequest,post,1563004908,neutral
ccnzlu,redditrequest,post,1563014661,neutral
ccoe49,redditrequest,post,1563017933,neutral
ccok43,redditrequest,post,1563019187,neutral
ccoqfw,redditrequest,post,1563020381,neutral
ccptd0,redditrequest,post,1563027442,neutral
ccqut2,redditrequest,post,1563033271,neutral
ccrcqz,redditrequest,post,1563035938,neutral
ccsben,redditrequest,post,1563040925,neutral
ccujil,redditrequest,post,1563052224,neutral
ccuo4w,redditrequest,post,1563052895,neutral
ccw685,redditrequest,post,1563061276,neutral
ccyg44,redditrequest,post,1563075331,neutral
ccymfx,redditrequest,post,1563076512,neutral
ccypvw,redditrequest,post,1563077126,neutral
ccyvxg,redditrequest,post,1563078235,neutral
cd08z1,redditrequest,post,1563088718,neutral
cd0v3k,redditrequest,post,1563094068,neutral
cd16sm,redditrequest,post,1563096916,neutral
cd1vq9,redditrequest,post,1563102834,neutral
cd4r0d,redditrequest,post,1563120726,neutral
cd83gc,redditrequest,post,1563137529,neutral
cd97mz,redditrequest,post,1563143288,neutral
cdajzs,redditrequest,post,1563150782,neutral
cdamgz,redditrequest,post,1563151193,neutral
cdcd7o,redditrequest,post,1563161522,neutral
cdfk5p,redditrequest,post,1563184812,neutral
cdfqkn,redditrequest,post,1563186173,neutral
cdg3jk,redditrequest,post,1563188847,neutral
cdhysv,redditrequest,post,1563200023,neutral
cdja4r,redditrequest,post,1563206527,neutral
cdkft3,redditrequest,post,1563211613,neutral
cdkltg,redditrequest,post,1563212299,neutral
cdm1h5,redditrequest,post,1563218348,neutral
cdmks7,redditrequest,post,1563220681,neutral
cdr8i6,redditrequest,post,1563244826,neutral
cdsruo,redditrequest,post,1563254462,neutral
cdtbcv,redditrequest,post,1563258325,neutral
cdty5i,redditrequest,post,1563262843,neutral
cdy0af,redditrequest,post,1563288512,neutral
cdyi09,redditrequest,post,1563290683,neutral
cdyz0b,redditrequest,post,1563292884,neutral
cdzqga,redditrequest,post,1563296275,neutral
ce0qmg,redditrequest,post,1563300696,neutral
ce25if,redditrequest,post,1563307085,neutral
ce45kg,redditrequest,post,1563316321,neutral
ce4qxp,redditrequest,post,1563319291,neutral
ce5i5t,redditrequest,post,1563323301,neutral
ce5m6k,redditrequest,post,1563323904,neutral
ce5qjy,redditrequest,post,1563324573,neutral
ce6gss,redditrequest,post,1563328604,neutral
ce76se,redditrequest,post,1563332724,neutral
ce83a1,redditrequest,post,1563338191,neutral
ce8dyd,redditrequest,post,1563340109,neutral
ce9ynr,redditrequest,post,1563351369,neutral
cealhq,redditrequest,post,1563356201,neutral
ceb1om,redditrequest,post,1563359368,neutral
cecbw5,redditrequest,post,1563367342,neutral
ceevg6,redditrequest,post,1563379635,neutral
ceexuk,redditrequest,post,1563379935,neutral
cef8dt,redditrequest,post,1563381234,neutral
ceff2t,redditrequest,post,1563382070,neutral
ceg8el,redditrequest,post,1563385771,neutral
cegkbr,redditrequest,post,1563387276,neutral
cegus3,redditrequest,post,1563388599,neutral
cehq7k,redditrequest,post,1563392600,neutral
ceix6d,redditrequest,post,1563397881,neutral
cej2vi,redditrequest,post,1563398613,neutral
cekahp,redditrequest,post,1563404551,neutral
cel15r,redditrequest,post,1563408419,neutral
cel3t9,redditrequest,post,1563408778,neutral
celwkd,redditrequest,post,1563413223,neutral
cembgq,redditrequest,post,1563415568,neutral
cemhq3,redditrequest,post,1563416592,neutral
cemql2,redditrequest,post,1563418025,neutral
cemy6t,redditrequest,post,1563419260,neutral
cesc4f,redditrequest,post,1563455679,neutral
ceud8z,redditrequest,post,1563465718,neutral
cexjbj,redditrequest,post,1563480534,neutral
cez1jp,redditrequest,post,1563487789,neutral
cez3t6,redditrequest,post,1563488106,neutral
cf38al,redditrequest,post,1563511940,neutral
cf3tfy,redditrequest,post,1563515981,neutral
cf48ri,redditrequest,post,1563519128,neutral
cf4yg2,redditrequest,post,1563524736,neutral
cf6xnz,redditrequest,post,1563539288,neutral
cf7j7w,redditrequest,post,1563542746,neutral
cf7wfi,redditrequest,post,1563544805,neutral
cf8dlw,redditrequest,post,1563547291,neutral
cf8vtk,redditrequest,post,1563549855,neutral
cf8wli,redditrequest,post,1563549959,neutral
cf945b,redditrequest,post,1563550963,neutral
cfiplz,redditrequest,post,1563603969,neutral
cfiy7d,redditrequest,post,1563605940,neutral
cfjs7f,redditrequest,post,1563613356,neutral
cfkdo3,redditrequest,post,1563618371,neutral
cfmkah,redditrequest,post,1563633900,neutral
cfmx6u,redditrequest,post,1563635933,neutral
cfn45z,redditrequest,post,1563636985,neutral
cfotb6,redditrequest,post,1563645900,neutral
cfqvly,redditrequest,post,1563656688,neutral
cfr75v,redditrequest,post,1563658455,neutral
cfsy90,redditrequest,post,1563668719,neutral
cft46k,redditrequest,post,1563669726,neutral
cft83e,redditrequest,post,1563670395,neutral
cfui5q,redditrequest,post,1563678650,neutral
cfv1u5,redditrequest,post,1563682421,neutral
cfv6ed,redditrequest,post,1563683359,neutral
cfwjdt,redditrequest,post,1563694255,neutral
cfwv3k,redditrequest,post,1563697394,neutral
cfy1wp,redditrequest,post,1563708567,neutral
cfzfbj,redditrequest,post,1563718483,neutral
cg0sem,redditrequest,post,1563726115,neutral
cg26ml,redditrequest,post,1563733257,neutral
cg2r7g,redditrequest,post,1563736235,neutral
cg3rcd,redditrequest,post,1563741420,neutral
cg4j3r,redditrequest,post,1563745517,neutral
cg5nmc,redditrequest,post,1563751798,neutral
cg63nn,redditrequest,post,1563754401,neutral
cg75dj,redditrequest,post,1563760673,neutral
cg8dcd,redditrequest,post,1563768196,neutral
cg9kw0,redditrequest,post,1563776528,neutral
cg9rj4,redditrequest,post,1563777884,neutral
cga38y,redditrequest,post,1563780333,neutral
cgafot,redditrequest,post,1563783143,neutral
cgau0s,redditrequest,post,1563786449,neutral
cgbpwz,redditrequest,post,1563792930,neutral
cgc3xh,redditrequest,post,1563795558,neutral
cgcmg1,redditrequest,post,1563798763,neutral
cge14u,redditrequest,post,1563806360,neutral
cgf78q,redditrequest,post,1563811936,neutral
cgfdrj,redditrequest,post,1563812806,neutral
cgg75w,redditrequest,post,1563816558,neutral
cggy5g,redditrequest,post,1563819937,neutral
cghijr,redditrequest,post,1563822571,neutral
cghywa,redditrequest,post,1563824680,neutral
cgi78r,redditrequest,post,1563825761,neutral
cgip0s,redditrequest,post,1563828085,neutral
cgkidt,redditrequest,post,1563836738,neutral
cgmut0,redditrequest,post,1563849736,neutral
cgqnrv,redditrequest,post,1563876246,neutral
cgr10f,redditrequest,post,1563878804,neutral
cgrv8f,redditrequest,post,1563884248,neutral
cgs0kh,redditrequest,post,1563885130,neutral
cgvdoo,redditrequest,post,1563901751,neutral
cgx4j0,redditrequest,post,1563909670,neutral
cgxn6n,redditrequest,post,1563912053,neutral
cgxy63,redditrequest,post,1563913481,neutral
cgyff9,redditrequest,post,1563915697,neutral
cgyt14,redditrequest,post,1563917448,neutral
ch02gl,redditrequest,post,1563923679,neutral
ch18k9,redditrequest,post,1563929988,neutral
ch2ssz,redditrequest,post,1563938923,neutral
ch4dyy,redditrequest,post,1563949027,neutral
ch4g1i,redditrequest,post,1563949407,neutral
ch6xs8,redditrequest,post,1563967572,neutral
ch8arv,redditrequest,post,1563975502,neutral
ch8ebn,redditrequest,post,1563976033,neutral
ch8hc7,redditrequest,post,1563976476,neutral
ch8whg,redditrequest,post,1563978605,neutral
ch93zi,redditrequest,post,1563979619,neutral
ch98ib,redditrequest,post,1563980221,neutral
chdk4z,redditrequest,post,1564000309,neutral
chdx5g,redditrequest,post,1564001969,neutral
cheioh,redditrequest,post,1564004657,neutral
chelrv,redditrequest,post,1564005047,neutral
chhykk,redditrequest,post,1564022958,neutral
chl6cu,redditrequest,post,1564044998,neutral
chmlxt,redditrequest,post,1564055163,neutral
chmqto,redditrequest,post,1564056049,neutral
cho9yd,redditrequest,post,1564064379,neutral
chp73w,redditrequest,post,1564068407,neutral
chpg39,redditrequest,post,1564069566,neutral
chpi24,redditrequest,post,1564069824,neutral
chqk6b,redditrequest,post,1564074732,neutral
chrc84,redditrequest,post,1564078335,neutral
cht6m8,redditrequest,post,1564087066,neutral
chw5iy,redditrequest,post,1564102652,neutral
chw7jp,redditrequest,post,1564102967,neutral
chwpfa,redditrequest,post,1564105858,neutral
chx2gm,redditrequest,post,1564107981,neutral
chx71i,redditrequest,post,1564108770,neutral
chymoq,redditrequest,post,1564117727,neutral
chyszt,redditrequest,post,1564118921,neutral
chzgq1,redditrequest,post,1564123666,neutral
ci027b,redditrequest,post,1564128294,neutral
ci0i1h,redditrequest,post,1564131894,neutral
ci1tkq,redditrequest,post,1564141463,neutral
ci20qg,redditrequest,post,1564142729,neutral
ci27uv,redditrequest,post,1564143948,neutral
ci39tj,redditrequest,post,1564149889,neutral
ci3rb8,redditrequest,post,1564152384,neutral
ci7faf,redditrequest,post,1564169938,negative
ci7or6,redditrequest,post,1564171247,neutral
ci88ca,redditrequest,post,1564173810,neutral
ci8dhv,redditrequest,post,1564174508,neutral
ci8pky,redditrequest,post,1564176163,neutral
ci9gkv,redditrequest,post,1564179916,neutral
cib2oc,redditrequest,post,1564188643,neutral
cibzeh,redditrequest,post,1564194126,neutral
cickef,redditrequest,post,1564197872,neutral
cickxq,redditrequest,post,1564197976,neutral
cidmli,redditrequest,post,1564205100,neutral
ciej76,redditrequest,post,1564211792,neutral
cieyd4,redditrequest,post,1564215081,neutral
cihdy5,redditrequest,post,1564233417,neutral
cihwir,redditrequest,post,1564236424,neutral
ciiykf,redditrequest,post,1564242054,neutral
cikcbi,redditrequest,post,1564248753,neutral
cikfex,redditrequest,post,1564249155,neutral
ciku3l,redditrequest,post,1564251122,neutral
cim6qg,redditrequest,post,1564257639,neutral
cimvrz,redditrequest,post,1564261185,neutral
cingcu,redditrequest,post,1564264151,neutral
cinsjo,redditrequest,post,1564265913,neutral
ciqsrt,redditrequest,post,1564283041,neutral
ciqu0e,redditrequest,post,1564283245,neutral
ciscqk,redditrequest,post,1564293536,neutral
cit8b2,redditrequest,post,1564300510,neutral
ciwi27,redditrequest,post,1564324428,neutral
cj07if,redditrequest,post,1564342287,neutral
cj1l9i,redditrequest,post,1564348729,neutral
cj26e3,redditrequest,post,1564351662,neutral
cj4ged,redditrequest,post,1564363745,neutral
cj5bnf,redditrequest,post,1564368638,neutral
cj64a4,redditrequest,post,1564373282,neutral
cj899f,redditrequest,post,1564387665,neutral
cjaval,redditrequest,post,1564404875,neutral
cjazx1,redditrequest,post,1564405574,neutral
cjb4gp,redditrequest,post,1564406251,neutral
cjc1ne,redditrequest,post,1564410881,negative
cjeite,redditrequest,post,1564421796,neutral
cjg7xn,redditrequest,post,1564429088,neutral
cjihdj,redditrequest,post,1564439083,neutral
cjiy1w,redditrequest,post,1564441322,neutral
cjks40,redditrequest,post,1564450603,neutral
cjljz4,redditrequest,post,1564454711,neutral
cjn0lf,redditrequest,post,1564463212,neutral
cjn5fx,redditrequest,post,1564464044,negative
cjsuov,redditrequest,post,1564498396,neutral
cjtoqe,redditrequest,post,1564502026,neutral
cjtztr,redditrequest,post,1564503287,neutral
cju18o,redditrequest,post,1564503473,neutral
cjz1u2,redditrequest,post,1564524930,neutral
ck18oo,redditrequest,post,1564535579,neutral
ck1otz,redditrequest,post,1564537937,neutral
ck2qdu,redditrequest,post,1564543499,neutral
ck3jdj,redditrequest,post,1564548046,neutral
ck3pt9,redditrequest,post,1564549079,neutral
ck4t24,redditrequest,post,1564556030,neutral
ck4ucs,redditrequest,post,1564556261,neutral
cka6vp,redditrequest,post,1564588152,neutral
ckavhq,redditrequest,post,1564591048,neutral
ckc8nf,redditrequest,post,1564597058,neutral
ckd8jb,redditrequest,post,1564601642,neutral
cke9sl,redditrequest,post,1564606317,neutral
ckf8e7,redditrequest,post,1564610810,neutral
ckf93o,redditrequest,post,1564610893,neutral
ckfyr8,redditrequest,post,1564614385,neutral
cahsk1,redditrequest,post,1562569620,neutral
cd7748,redditrequest,post,1563133062,neutral
ch7j5d,spikes,post,1563971179,positive
cavjlt,teenagers,post,1562644070,neutral
cf2mp1,teenagers,post,1563508112,negative
cgx32l,teenagers,post,1563909487,negative
cimh5d,teenagers,post,1564259076,negative
c8311d,torontoraptors,post,1562031030,neutral
ce1613,90daysgoal,post,1563302612,neutral
cgtsb9,90daysgoal,post,1563894459,neutral
cg8omi,AskReddit,post,1563770243,negative
c9rz5o,AyyMD,post,1562407366,neutral
ciyxol,DunderMifflin,post,1564336303,negative
cbno2z,Eminem,post,1562798780,negative
chq5vp,Hiphopcirclejerk,post,1564072906,neutral
cj77yd,Hiphopcirclejerk,post,1564380341,neutral
cillnr,OldSchoolCool,post,1564254745,neutral
cj4v4i,OldSchoolCool,post,1564366027,negative
cj4w2u,OldSchoolCool,post,1564366163,negative
cj58dd,OldSchoolCool,post,1564368090,negative
cj9dke,OldSchoolCool,post,1564395707,negative
cgmh9m,PewdiepieSubmissions,post,1563847566,neutral
cgmsnp,PewdiepieSubmissions,post,1563849384,neutral
cbpods,PrequelMemes,post,1562809704,neutral
cbc9z6,The_Donald,post,1562734652,positive
c9tydk,WatchRedditDie,post,1562422065,negative
cidg1c,WatchRedditDie,post,1564203830,positive
c8ur1v,anime,post,1562193544,negative
ccfn3c,dankmemes,post,1562960681,neutral
ciuc61,dankmemes,post,1564309868,positive
cft63e,dankmemes,post,1563670066,negative
cjidin,dankmemes,post,1564438606,negative
ccc04j,dankmemes,post,1562943900,negative
ch5fk1,dankmemes,post,1563956575,negative
c9ov50,dankmemes,post,1562382818,negative
cdq59g,dankmemes,post,1563238727,negative
cd23pg,facepalm,post,1563104626,neutral
c9di0a,findareddit,post,1562314987,negative
ck0yah,fireemblem,post,1564534134,negative
cfeqne,foxholegame,post,1563578151,negative
cd56u4,gatekeeping,post,1563122972,neutral
c865dg,lakers,post,1562051546,negative
c8kikt,lakers,post,1562134173,neutral
ci7z9d,madisonwi,post,1564172614,negative
ckbcwz,memes,post,1564593131,neutral
cjna9f,metacanada,post,1564464886,negative
cj64ad,mildlyinfuriating,post,1564373283,neutral
cj68ah,muacirclejerk,post,1564373953,neutral
cc4uia,nba,post,1562897877,negative
ciyi08,quityourbullshit,post,1564334218,negative
cglvj3,redditrequest,post,1563844159,neutral
cdg2n6,redditrequest,post,1563188680,neutral
cjkjm5,redditrequest,post,1564449382,neutral
cd3fsp,redditrequest,post,1563113559,neutral
cd7bca,ripcity,post,1563133657,neutral
cfefte,teenagers,post,1563576596,neutral
ceq0sp,teenagers,post,1563440600,negative
c9zbrt,teenagers,post,1562450745,negative
chn9s1,thinkpad,post,1564059164,neutral
cbz6xz,AmIFreeToGo,post,1562869306,neutral
c9rb85,AskReddit,post,1562401468,neutral
ca1mec,AskReddit,post,1562464724,neutral
c7lvyt,AskReddit,post,1561941625,neutral
c7nex4,AskReddit,post,1561950988,neutral
c7ul8s,AskReddit,post,1561997088,neutral
c7zwja,AskReddit,post,1562013959,neutral
c80g7f,AskReddit,post,1562016667,neutral
c80nm3,AskReddit,post,1562017722,negative
c80nzx,AskReddit,post,1562017781,negative
c8ei9a,AskReddit,post,1562098920,negative
c8f12f,AskReddit,post,1562101459,neutral
c8fpy3,AskReddit,post,1562104937,negative
c8l278,AskReddit,post,1562138287,negative
c8qano,AskReddit,post,1562171942,neutral
c8qvqk,AskReddit,post,1562174725,neutral
c8v2x1,AskReddit,post,1562195371,negative
c8zygc,AskReddit,post,1562227432,negative
c93stq,AskReddit,post,1562253701,neutral
c9bud3,AskReddit,post,1562302183,neutral
c9ecle,AskReddit,post,1562321878,neutral
c9faf9,AskReddit,post,1562329003,neutral
c9t8e0,AskReddit,post,1562417305,negative
c9t9an,AskReddit,post,1562417471,negative
c9txt5,AskReddit,post,1562421968,negative
c9tye4,AskReddit,post,1562422068,negative
c9tyh2,AskReddit,post,1562422082,negative
c9tyix,AskReddit,post,1562422090,negative
c9tyl5,AskReddit,post,1562422097,negative
c9tyn2,AskReddit,post,1562422105,negative
c9typs,AskReddit,post,1562422112,negative
c9tzhs,AskReddit,post,1562422246,negative
c9tzj9,AskReddit,post,1562422252,negative
c9tzkp,AskReddit,post,1562422258,negative
c9tzlw,AskReddit,post,1562422264,negative
c9tznd,AskReddit,post,1562422271,negative
c9u2d7,AskReddit,post,1562422722,negative
c9u2e3,AskReddit,post,1562422728,negative
c9u2ff,AskReddit,post,1562422734,negative
c9u2ga,AskReddit,post,1562422739,negative
c9u2hn,AskReddit,post,1562422745,negative
c9u2j5,AskReddit,post,1562422751,negative
c9u2lg,AskReddit,post,1562422761,negative
c9u2n1,AskReddit,post,1562422769,negative
c9u2oo,AskReddit,post,1562422776,negative
c9u2q3,AskReddit,post,1562422783,negative
c9u2rb,AskReddit,post,1562422789,negative
c9u2sz,AskReddit,post,1562422796,negative
c9u2ul,AskReddit,post,1562422803,negative
c9u2wn,AskReddit,post,1562422813,negative
c9u2yg,AskReddit,post,1562422819,negative
ca3mb5,AskReddit,post,1562478819,negative
cadljr,AskReddit,post,1562542497,negative
can5rx,AskReddit,post,1562602890,negative
caoxzh,AskReddit,post,1562610871,neutral
caq3d1,AskReddit,post,1562616026,neutral
cascvb,AskReddit,post,1562626792,neutral
casib9,AskReddit,post,1562627544,neutral
cawavx,AskReddit,post,1562648676,neutral
cb7ky1,AskReddit,post,1562709638,neutral
cbcjjp,AskReddit,post,1562736303,negative
cbcsu2,AskReddit,post,1562737977,neutral
cc9caz,AskReddit,post,1562928834,neutral
ccaac5,AskReddit,post,1562934924,negative
ccb9wv,AskReddit,post,1562940329,negative
cccqfj,AskReddit,post,1562947328,negative
ccqlnj,AskReddit,post,1563031869,negative
ccrhgs,AskReddit,post,1563036626,neutral
ccrhn1,AskReddit,post,1563036656,neutral
ccskko,AskReddit,post,1563042184,neutral
cdb18u,AskReddit,post,1563153613,negative
cdc65e,AskReddit,post,1563160298,neutral
cdi3un,AskReddit,post,1563200764,neutral
cdi7vd,AskReddit,post,1563201334,neutral
cdsccy,AskReddit,post,1563251496,neutral
ce4qhq,AskReddit,post,1563319226,neutral
ce611q,AskReddit,post,1563326166,neutral
ce8udb,AskReddit,post,1563343186,negative
cehg1r,AskReddit,post,1563391344,negative
ceii4w,AskReddit,post,1563396042,negative
cesvuw,AskReddit,post,1563458571,neutral
cf2bjt,AskReddit,post,1563506163,neutral
cfcrkl,AskReddit,post,1563568356,negative
cfnhj4,AskReddit,post,1563638986,neutral
cfv55a,AskReddit,post,1563683096,negative
cfzdvl,AskReddit,post,1563718234,neutral
cg2nbg,AskReddit,post,1563735694,neutral
cg7xis,AskReddit,post,1563765448,neutral
cgcoti,AskReddit,post,1563799151,neutral
cge53l,AskReddit,post,1563806918,neutral
cgjska,AskReddit,post,1563833198,neutral
ch1cm0,AskReddit,post,1563930601,negative
ch47wq,AskReddit,post,1563947891,negative
chpt3k,AskReddit,post,1564071235,negative
chqjkz,AskReddit,post,1564074648,negative
ci6ml2,AskReddit,post,1564166054,neutral
cibl9g,AskReddit,post,1564191691,negative
cic648,AskReddit,post,1564195324,neutral
cigf1s,AskReddit,post,1564226942,negative
cil91y,AskReddit,post,1564253084,negative
cilxyk,AskReddit,post,1564256436,neutral
cimzop,AskReddit,post,1564261727,neutral
cin7ns,AskReddit,post,1564262901,negative
cj5n6o,AskReddit,post,1564370433,neutral
cjfwqs,AskReddit,post,1564427746,neutral
cjfy0q,AskReddit,post,1564427894,neutral
cjfyy2,AskReddit,post,1564428009,neutral
cji0x4,AskReddit,post,1564437013,negative
cjkrj8,AskReddit,post,1564450528,neutral
cjtm4q,AskReddit,post,1564501705,neutral
cjx0cd,AskReddit,post,1564516052,negative
ck23vf,AskReddit,post,1564540137,neutral
ckawu2,AskReddit,post,1564591199,negative
ckdiic,AskReddit,post,1564602919,neutral
cerlw2,Braincels,post,1563451491,negative
cd58xj,COMPLETEANARCHY,post,1563123274,negative
cehiq0,Comcast_Xfinity,post,1563391672,neutral
cdjm9t,IndiaSpeaks,post,1563208130,neutral
cawlt1,JustUnsubbed,post,1562650619,negative
cdrxu5,NonBinary,post,1563248962,neutral
cjl99s,Overwatch,post,1564453131,neutral
cbvfnj,PewdiepieSubmissions,post,1562849819,negative
ceqn4a,Rainbow6,post,1563445127,neutral
c9sd05,Rengarmains,post,1562410690,neutral
chq3ni,ShadowBan,post,1564072597,negative
cc4ogj,The_Donald,post,1562896899,negative
caqdqw,Wales,post,1562617342,negative
c8eqmt,WatchRedditDie,post,1562100058,negative
cjnxso,WayOfTheBern,post,1564469213,negative
cf0nzr,boottoobig,post,1563496492,positive
ci4xp9,conspiracy,post,1564157952,neutral
ck7ub0,dankmemes,post,1564576070,neutral
cfir84,dankmemes,post,1563604332,negative
ci0qo9,freelanceWriters,post,1564133755,negative
ccs3id,hamptonbrandon,post,1563039838,negative
cbw018,meme,post,1562853804,negative
cehp0y,memes,post,1563392454,negative
cjj9un,niceguys,post,1564442891,negative
c8r5m0,printSF,post,1562176042,neutral
cgpq0u,redditrequest,post,1563868968,neutral
ckbpgt,redditrequest,post,1564594670,neutral
casp3h,redditrequest,post,1562628499,neutral
cgznjn,redditrequest,post,1563921564,neutral
cg2u1u,redditrequest,post,1563736653,neutral
cdcmsk,redditrequest,post,1563163273,neutral
ckfujh,redditrequest,post,1564613795,neutral
cinro2,russia,post,1564265791,negative
c8rb03,shittyama,post,1562176757,neutral
c9m3qn,shittyama,post,1562365514,neutral
cfn4s6,softwaregore,post,1563637083,negative
ca9r1h,teenagers,post,1562522363,negative
cahd6v,teenagers,post,1562566459,negative
cen3ja,teenagers,post,1563420135,negative
cf0st1,teenagers,post,1563497254,neutral
cf17cs,teenagers,post,1563499489,neutral
cjrg5v,unpopularopinion,post,1564491730,negative
cavcpr,whatsthisbird,post,1562642921,neutral
ca8nfk,2007scape,post,1562516746,neutral
cg9onr,AFL,post,1563777281,negative
cdf1ng,AskReddit,post,1563180795,neutral
ccyivm,ChapoTrapHouse,post,1563075847,negative
cjq3mx,ChapoTrapHouse,post,1564484188,negative
ccgri3,Coachella,post,1562966137,neutral
c8hqai,FireEmblemHeroes,post,1562116165,negative
c7pi8p,FortNiteBR,post,1561965383,neutral
chy624,GenderCritical,post,1564114686,negative
cke0gp,HistoryMemes,post,1564605160,negative
cke5kz,HistoryMemes,post,1564605791,neutral
ccfzrd,HistoryMemes,post,1562962350,negative
cemweh,LSD,post,1563418981,neutral
chrrfr,Libraries,post,1564080304,neutral
chlelt,Minecraft,post,1564046752,neutral
cea6u3,NoFap,post,1563353193,neutral
c8lv34,NoStupidQuestions,post,1562145063,negative
chmmek,PurplePillDebate,post,1564055260,neutral
cc1y8i,Python,post,1562882189,negative
cclwd0,SamandTolki,post,1562997086,negative
cemaxn,Showerthoughts,post,1563415480,negative
c9yj5e,SkyrimTogether,post,1562446464,neutral
cfpwhz,The_Donald,post,1563651533,neutral
chhi3w,Twitter,post,1564020364,negative
cb8wyp,WatchRedditDie,post,1562716164,negative
cb5jza,WatchRedditDie,post,1562700437,negative
ckcyzg,albiononline,post,1564600428,neutral
ckg8to,billsimmons,post,1564615802,neutral
c8npxo,cringe,post,1562158322,negative
chdsxb,dankmemes,post,1564001418,neutral
cbcjhp,dankmemes,post,1562736291,positive
cbh2we,dankmemes,post,1562767324,positive
ch4uzh,dankmemes,post,1563952307,negative
ci5yea,dankmemes,post,1564162823,negative
c80brd,enfj,post,1562016040,neutral
c9m3d0,enfj,post,1562365451,positive
ceusqz,fayetteville,post,1563467676,neutral
cijbya,hearthstone,post,1564243862,positive
c7nq9v,lakers,post,1561952958,positive
cijts7,paydaytheheist,post,1564246302,neutral
cfvtik,realmadrid,post,1563688267,neutral
cipueg,redditrequest,post,1564277291,neutral
ccmj9j,redditrequest,post,1563002132,neutral
choamb,redditrequest,post,1564064464,neutral
cdlzqn,redditrequest,post,1563218137,neutral
cb9noj,redditrequest,post,1562719993,neutral
chnhg7,rickygervais,post,1564060360,neutral
cj8xhp,runescape,post,1564392723,neutral
chnbbm,teenagers,post,1564059414,negative
ciqseo,teenagers,post,1564282974,negative
c9l4io,teenagers,post,1562360239,negative
chf9ko,tf2memes,post,1564008189,neutral
c7vfhq,tifu,post,1561999535,neutral
c7vnqw,tifu,post,1562000200,neutral
ceh29q,unpopularopinion,post,1563389559,negative
c7oby9,washingtonwizards,post,1561956869,neutral
cf0vrc,washingtonwizards,post,1563497704,negative
cepmdy,witcher,post,1563437369,neutral
cdeug1,2007scape,post,1563179131,neutral
ci7bcb,Advice,post,1564169396,negative
cbph5l,AskHistorians,post,1562808558,negative
c9e98x,AskMen,post,1562321119,neutral
caz6ed,BPD,post,1562668670,negative
cc64vl,CFL,post,1562905697,positive
cgr27h,Construction,post,1563879044,neutral
chgsx1,Herpes,post,1564016426,positive
cjrthw,INEEEEDIT,post,1564493554,positive
cayr8s,NewOrleans,post,1562665798,negative
cft0d2,NoStupidQuestions,post,1563669077,neutral
cjzufr,PrequelMemes,post,1564528575,positive
cc70we,SkincareAddiction,post,1562911674,neutral
cfr3zy,Terraria,post,1563657966,neutral
cgqnez,Truckers,post,1563876186,neutral
celksc,coaxedintoasnafu,post,1563411388,negative
cf7ouk,dankmemes,post,1563543635,negative
cf8y1v,dankmemes,post,1563550158,negative
cfdi79,dankmemes,post,1563571996,negative
cffmfi,dankmemes,post,1563583219,negative
cfo5le,dankmemes,post,1563642532,negative
cb5o91,dankmemes,post,1562700973,neutral
ci7pq2,dankmemes,post,1564171372,neutral
ch05fe,dankmemes,post,1563924103,negative
cjwhat,dankmemes,post,1564513768,neutral
c8cxzg,dyinglight,post,1562092651,neutral
ciprgu,magicthecirclejerking,post,1564276825,neutral
c8zifi,memes,post,1562223946,neutral
cgviw6,pittsburgh,post,1563902408,neutral
cjqgsz,redditrequest,post,1564486417,neutral
civ6ed,redditrequest,post,1564316325,neutral
ccdhwg,redditrequest,post,1562950842,neutral
cgv5is,redditrequest,post,1563900747,neutral
c7uunu,redditrequest,post,1561997846,neutral
ce1vrk,redditrequest,post,1563305841,neutral
cjh5j9,redditrequest,post,1564433154,neutral
c8xco5,redditrequest,post,1562209342,neutral
cdyfhh,rollerderby,post,1563290380,neutral
cd8vku,roosterteeth,post,1563141524,neutral
c9pe53,selfharm,post,1562386860,neutral
cb5i3j,stevenuniverse,post,1562700204,neutral
ceb65i,teenagers,post,1563360259,negative
cejna8,teenagers,post,1563401298,positive
ceomfu,teenagers,post,1563429901,neutral
ccjbns,thalassophobia,post,1562980144,neutral
cd5fve,traaaaaaannnnnnnnnns,post,1563124209,positive
cbeoec,2007scape,post,1562751934,negative
c95auj,2007scape,post,1562261599,negative
cfwq8o,AcademicBiblical,post,1563696070,neutral
cfb8u6,AmItheAsshole,post,1563560984,neutral
cdsq45,AskReddit,post,1563254127,neutral
ccvasm,Astros,post,1563056333,neutral
cgm28b,BoostForReddit,post,1563845202,neutral
cdvum2,ChapoTrapHouse,post,1563276901,negative
cee6yk,FORTnITE,post,1563376577,positive
c9pma5,Feminism,post,1562388445,negative
cjk6bp,FortNiteBR,post,1564447494,negative
c9yqm1,FreeKarma4You,post,1562447537,neutral
cjybfu,HeistTeams,post,1564521744,neutral
cdoaoe,NOLAPelicans,post,1563228757,neutral
cdim24,NintendoSwitch,post,1563203291,neutral
cdidir,TampaBayLightning,post,1563202123,neutral
ci34k6,The_Donald,post,1564149125,neutral
chjrkv,TrueOffMyChest,post,1564034384,positive
cbajat,audiobooks,post,1562724741,neutral
ci1mm8,bonehurtingjuice,post,1564140166,negative
c8vydf,churning,post,1562200559,positive
ca3e1k,copypasta,post,1562476998,negative
cc2i3l,dankmemes,post,1562884955,neutral
cifsjl,dankmemes,post,1564221970,negative
ca9jlb,dirtykikpals,post,1562521341,neutral
cads5c,dirtykikpals,post,1562543580,neutral
cb2uo3,femalehairadvice,post,1562688454,neutral
ccwzdt,ffxiv,post,1563066113,neutral
cdc0hl,flatearth,post,1563159324,negative
cekzo9,freefolk,post,1563408183,neutral
cbmkwy,funny,post,1562793352,neutral
cjltlz,greentext,post,1564456166,neutral
cf4yp5,memes,post,1563524791,negative
caez4o,movies,post,1562550777,negative
cd48c3,movies,post,1563117977,negative
cgexcz,porninfifteenseconds,post,1563810662,neutral
ce4k2j,redditrequest,post,1563318330,negative
cjjxyc,redditrequest,post,1564446308,neutral
c9or9o,redditrequest,post,1562382139,neutral
cig9xs,redditrequest,post,1564225852,neutral
cilvn6,redditrequest,post,1564256112,neutral
cbqtdd,redditrequest,post,1562816518,neutral
cingdu,redditrequest,post,1564264156,neutral
ciawwf,redditrequest,post,1564187711,neutral
cdn9vb,teenagers,post,1563223863,positive
cg4xzs,teenagers,post,1563747792,neutral
ccdrln,transgenderUK,post,1562952048,neutral
cby8cg,tressless,post,1562864974,negative
chrxw0,unpopularopinion,post,1564081142,negative
ccpci7,walmart,post,1563024569,negative
cg79nn,Amd,post,1563761384,negative
cbqqw1,AskHistorians,post,1562816084,negative
ca4owm,AskHistorians,post,1562488410,positive
c8ewv8,Braincels,post,1562100924,positive
cb1um8,Braincels,post,1562683771,negative
cbw622,ClashRoyale,post,1562854899,neutral
cesql4,CrazyIdeas,post,1563457812,neutral
cazu25,DeepFriedMemes,post,1562673016,neutral
chttn2,DeepFriedMemes,post,1564090128,neutral
c8whvp,DeepFriedMemes,post,1562203912,neutral
cg93f2,FrankOcean,post,1563773036,positive
c91mwg,Israel,post,1562240714,negative
cdzb0c,Kanye,post,1563294340,neutral
cfq079,NintendoSwitch,post,1563652066,negative
chqw6k,OutOfTheLoop,post,1564076278,neutral
cibquj,PUBGXboxOne,post,1564192654,neutral
c9ldgp,Pets,post,1562361509,negative
cd7lni,PewdiepieSubmissions,post,1563135086,neutral
cjmwst,RWBY,post,1564462579,negative
ch0qmz,Random_Acts_Of_Amazon,post,1563927212,positive
cfgsc3,Smite,post,1563590464,negative
cj04p6,SubredditDrama,post,1564341920,neutral
cdg20u,The_Donald,post,1563188561,negative
cec5sv,WatchRedditDie,post,1563366390,negative
ci00rb,XXXTENTACION,post,1564127957,negative
cg55st,atheism,post,1563748974,negative
chykca,brasil,post,1564117296,negative
c8315x,dankmemes,post,1562031049,negative
ckfvyw,dankmemes,post,1564614003,negative
cduh0a,elderscrollsonline,post,1563267062,neutral
c8400u,findareddit,post,1562036801,negative
cjw254,help,post,1564511970,neutral
ch4ygb,memes,post,1563952972,neutral
c8r8k3,modhelp,post,1562176430,neutral
cabo0g,movies,post,1562531966,negative
celtwq,nba,post,1563412820,neutral
c7nw76,nukedmemes,post,1561954026,negative
c9lhj1,nukedmemes,post,1562362141,negative
cafk4m,nukedmemes,post,1562554299,negative
cavq5i,nukedmemes,post,1562645142,negative
cc13tk,nukedmemes,post,1562878104,negative
cf0pzg,nukedmemes,post,1563496809,negative
c9jsb9,raisedbyborderlines,post,1562353357,negative
ch4agg,redditrequest,post,1563948352,neutral
ch1cin,redditrequest,post,1563930585,neutral
cgsdqc,redditrequest,post,1563887238,neutral
cduksv,redditrequest,post,1563267923,neutral
c7m20w,relationships,post,1561942669,negative
ciq5b7,simracing,post,1564279038,neutral
cgg2bq,socialism,post,1563815945,neutral
cdiv5z,teenagers,post,1563204530,neutral
cc6x4n,transformers,post,1562910961,negative
cc3md9,unpopularopinion,post,1562890862,neutral
c821rs,unpopularopinion,post,1562025289,negative
cg84mf,2healthbars,post,1563766656,negative
cjeuqx,AskReddit,post,1564423208,negative
cizqp7,AskReddit,post,1564340093,neutral
cb038h,Autoflowers,post,1562674555,positive
c7w79u,Cricket,post,1562001759,neutral
c7w8ih,Cricket,post,1562001865,neutral
c8688u,Cricket,post,1562052164,negative
cgixj6,Cumtown,post,1563829207,negative
cb1efe,FreeKarma4U,post,1562681585,negative
cf8b8l,GlobalOffensiveTrade,post,1563546949,neutral
cgza70,Guildwars2,post,1563919724,negative
cfd6u5,IDontWorkHereLady,post,1563570465,negative
cbpu4w,JustUnsubbed,post,1562810630,negative
c84fdt,JustUnsubbed,post,1562039488,negative
ccxl8b,PewdiepieSubmissions,post,1563069931,neutral
ca2g13,PrequelMemes,post,1562470196,neutral
cfqzl2,ProgrammerHumor,post,1563657286,negative
c8bsr5,ShitPoliticsSays,post,1562087205,negative
cfkkxz,Tarantino,post,1563620063,neutral
ciar7y,TeamSESH,post,1564186811,neutral
cgbq2t,VXJunkies,post,1563792956,neutral
cemx1r,atheism,post,1563419082,neutral
c8a748,childfree,post,1562079327,neutral
cbjt4p,dankmemes,post,1562780432,negative
c8gubj,dankmemes,post,1562110918,negative
cbvfz6,dankmemes,post,1562849881,negative
cfclib,dankmemes,post,1563567495,negative
caes9w,dankmemes,post,1562549623,negative
c8jmxb,dankmemes,post,1562128001,negative
cjylxq,dankmemes,post,1564522978,neutral
c9447o,evejobs,post,1562255417,negative
capzf1,footballhighlights,post,1562615523,positive
ck1p4b,gtaonline,post,1564537979,negative
cfps47,iran,post,1563650903,negative
cffrve,lewronggeneration,post,1563584137,negative
cf6axl,memes,post,1563535195,positive
cf22ta,mildlyinfuriating,post,1563504683,positive
c9rjv2,nba,post,1562403609,neutral
cb7fj2,nfl,post,1562708941,negative
cevt6p,nfl,post,1563472377,neutral
c94dqg,raisedbynarcissists,post,1562256820,negative
cdbhqf,redditrequest,post,1563156249,neutral
cd00z4,redditrequest,post,1563086893,negative
chy06g,redditrequest,post,1564113727,neutral
c7tvmu,teenagers,post,1561994530,neutral
c89h4d,tf2,post,1562075524,negative
ca4kas,tf2,post,1562487188,neutral
cfrnwc,tf2,post,1563661062,negative
ce88gu,traaaaaaannnnnnnnnns,post,1563339134,positive
c9htob,unpopularopinion,post,1562343452,neutral
ci8z9f,90DayFiance,post,1564177522,negative
cjw2mw,BicyclingCirclejerk,post,1564512031,negative
ck7mam,Browns,post,1564574805,neutral
chdc92,CPTSD,post,1563999289,negative
c99sax,Calgary,post,1562287291,neutral
cbkvoe,Calgary,post,1562785340,neutral
cekzql,CasualConversation,post,1563408193,negative
ck5tte,Gamingcirclejerk,post,1564563325,neutral
cjggbh,Glocks,post,1564430096,neutral
cgr4x8,Kentucky,post,1563879584,neutral
cd4s8u,NYYankees,post,1563120899,neutral
chcj2z,Nebraska,post,1563995477,neutral
caedks,Nicegirls,post,1562547121,neutral
caik9e,PrequelMemes,post,1562575831,positive
cecrtp,Romania,post,1563369732,negative
cfadnq,Slipknot,post,1563556988,neutral
c7pdno,The_Donald,post,1561964435,positive
c9ahjn,The_Donald,post,1562292339,neutral
cd3oki,WatchRedditDie,post,1563114959,negative
cbm7q0,aves,post,1562791588,negative
cd9iws,classicwow,post,1563144993,negative
cbgo54,dankmemes,post,1562765055,positive
cgwffq,dankmemes,post,1563906503,neutral
ckarvp,dankmemes,post,1564590607,negative
cgto5b,dankmemes,post,1563893924,neutral
cgv5v8,dankmemes,post,1563900786,negative
cjoltd,forhonor,post,1564473769,negative
cb5857,freefolk,post,1562698978,negative
ckack2,gonewild,post,1564588865,positive
c9juj7,help,post,1562353662,neutral
cd9mmf,jailbreak,post,1563145561,neutral
c8ai38,lakers,post,1562080860,positive
ces2r0,lockpicking,post,1563454259,neutral
cd3ni9,phillies,post,1563114793,positive
chbvf1,redditrequest,post,1563992418,neutral
cf6hoi,redditrequest,post,1563536466,negative
c96boa,redditrequest,post,1562266865,neutral
c9iudz,redditrequest,post,1562348551,neutral
c818b4,redditrequest,post,1562020706,neutral
cj92pf,redditrequest,post,1564393730,neutral
cjv8i2,redditrequest,post,1564508512,neutral
ccfwpe,rit,post,1562961949,neutral
cid1an,teenagers,post,1564201027,neutral
c7oyed,teenagers,post,1561961303,neutral
cc46yh,teenagers,post,1562894093,neutral
c9h3a2,teenagers,post,1562339701,positive
c9huj4,teenagers,post,1562343576,negative
cc85as,teenagers,post,1562919981,negative
cdn4f4,thedonald,post,1563223163,negative
ce2e93,thedonald,post,1563308186,negative
c81zez,torontoraptors,post,1562024915,negative
c865te,torontoraptors,post,1562051642,negative
c8qpgm,torontoraptors,post,1562173897,neutral
c8s82g,torontoraptors,post,1562181100,neutral
c9qcwx,torontoraptors,post,1562393869,neutral
cb5uce,torontoraptors,post,1562701730,neutral
cg69mk,torontoraptors,post,1563755382,negative
chk9vu,ApplyingToCollege,post,1564038019,neutral
cil97t,AskNetsec,post,1564253108,negative
c82uux,Assistance,post,1562030012,negative
cb8e85,AutoModerator,post,1562713498,neutral
cb5wni,Braincels,post,1562702022,negative
c8qcgl,Chameleons,post,1562172188,negative
c9ndv7,ChapoTrapHouse,post,1562373236,neutral
cgzao8,ChapoTrapHouse,post,1563919785,neutral
cbs3ln,ComedyNecrophilia,post,1562825121,neutral
ccrsme,DarkAngels,post,1563038271,negative
cehx9l,FearTheWalkingDead,post,1563393451,negative
cfbwon,FortNiteBR,post,1563564134,neutral
cd6omw,Gunners,post,1563130520,neutral
cetgow,Gunners,post,1563461444,neutral
cf80xc,HongKong,post,1563545454,neutral
cic3t9,IndiaSpeaks,post,1564194918,neutral
ckf39t,LateStageCapitalism,post,1564610132,negative
c87kc0,Minecraft,post,1562062963,neutral
cj1pwo,RWBY,post,1564349355,neutral
cg4gx3,RandomActsofCards,post,1563745183,positive
cag5gs,SquaredCircle,post,1562558008,negative
ccsgkl,baseball,post,1563041630,neutral
ce1iwp,bostonceltics,post,1563304213,neutral
cjfkrj,dontdeadopeninside,post,1564426344,neutral
casmlg,kindafunny,post,1562628155,neutral
c8xer1,marvelstudios,post,1562209708,positive
cet3ps,marvelstudios,post,1563459657,negative
cgtddj,marvelstudios,post,1563892458,negative
cispzu,marvelstudios,post,1564296299,negative
cjdivn,marvelstudios,post,1564417478,neutral
cgiqcp,memes,post,1563828259,negative
ccxach,AmItheAsshole,post,1563068030,negative
cf8pb1,AmItheAsshole,post,1563548955,neutral
cdjqm0,Braincels,post,1563208686,negative
cahmrb,Cricket,post,1562568433,neutral
cgdl72,DeepFriedMemes,post,1563804164,neutral
chyp9p,Disneyland,post,1564118210,neutral
cfgvm8,DunderMifflin,post,1563591034,negative
cexdgn,KotakuInAction,post,1563479795,neutral
cfmfxp,KotakuInAction,post,1563633185,neutral
cetstq,MMORPG,post,1563463041,neutral
c96f83,ModSupport,post,1562267381,neutral
cdo466,MuayThai,post,1563227900,negative
cb7vfv,PrequelMemes,post,1562710985,neutral
cb7yj9,PrequelMemes,post,1562711402,neutral
cj88rp,PrequelMemes,post,1564387571,neutral
cb53s7,RandomActsofCards,post,1562698456,positive
cc4rlq,SexWorkers,post,1562897395,neutral
cgycb0,Shave_Bazaar,post,1563915288,neutral
cbgatz,bangalore,post,1562762946,neutral
cgoz02,bassnectar,post,1563863350,positive
cacmxt,classicalmusic,post,1562537099,positive
cbj5wq,dankmemes,post,1562777440,negative
cbjqkk,dankmemes,post,1562780100,negative
cc68oe,dbxv,post,1562906374,neutral
cd4h2r,environment,post,1563119273,neutral
cdq0yi,findareddit,post,1563238044,neutral
cfp3uf,freefolk,post,1563647385,negative
cga00u,freefolk,post,1563779673,negative
ch75k3,hittableFaces,post,1563968936,negative
cirze8,hittableFaces,post,1564290830,neutral
ccftl2,madlads,post,1562961554,neutral
c7v34t,madlads,post,1561998530,neutral
cfwmni,metacanada,post,1563695108,negative
cgd342,needamod,post,1563801434,neutral
cinvxh,redditrequest,post,1564266423,neutral
ce5wgq,redditrequest,post,1563325468,neutral
cbam6g,redditrequest,post,1562725175,neutral
cf0qt7,redditrequest,post,1563496935,neutral
c82re1,teenagers,post,1562029446,neutral
cdn68d,tennis,post,1563223403,neutral
cjna3k,theydidthemath,post,1564464859,negative
cjixus,usenet,post,1564441298,negative
cbnp2k,whatisthisthing,post,1562798926,negative
cesxoc,AskReddit,post,1563458814,neutral
cg83yg,CanadaPolitics,post,1563766543,neutral
c84r8o,Catholicism,post,1562041610,neutral
cawqvy,CharlotteHornets,post,1562651576,neutral
c7uu0n,ClashRoyale,post,1561997798,negative
cddj2u,Doom,post,1563169174,neutral
c9lpnx,DotA2,post,1562363383,neutral
chy3lx,ExpandDong,post,1564114280,neutral
ci3tfb,ExpandDong,post,1564152662,neutral
ci4151,ExpandDong,post,1564153681,negative
cd0jhj,FashionReps,post,1563091285,positive
cjjtyo,FreeKarma4U,post,1564445741,neutral
cc2b2v,Hardcore,post,1562883933,neutral
c7xv2n,MaddenUltimateTeam,post,1562006546,neutral
c8zn0g,MaddenUltimateTeam,post,1562224881,negative
cjd8gr,MaddenUltimateTeam,post,1564416256,negative
cjnj19,MaddenUltimateTeam,post,1564466516,neutral
cezi0i,NSFW_Snapchat,post,1563490088,negative
cbvd09,NeckbeardNests,post,1562849345,negative
cc05ft,PKA,post,1562873682,neutral
cggb3y,RWBY,post,1563817028,neutral
ce3gf0,RoastMe,post,1563313047,neutral
c7t1yz,c137,post,1561990310,neutral
cdaqea,chelseafc,post,1563151850,neutral
cfb6yc,copypasta,post,1563560733,neutral
cjz71w,dankmemes,post,1564525596,negative
c7mgd4,dankmemes,post,1561945124,negative
c7mq2c,dankmemes,post,1561946759,negative
c7n09k,dankmemes,post,1561948462,negative
c7o28p,dankmemes,post,1561955058,neutral
c7qrkw,dankmemes,post,1561975667,neutral
c7r9yv,dankmemes,post,1561979533,neutral
c7rbhh,dankmemes,post,1561979822,negative
c7sm96,dankmemes,post,1561987977,neutral
c7thbt,dankmemes,post,1561992570,negative
c7tlqj,dankmemes,post,1561993192,negative
c7tuj1,dankmemes,post,1561994385,neutral
c7u8ve,dankmemes,post,1561996094,negative
c7v5uc,dankmemes,post,1561998750,neutral
c7w9n2,dankmemes,post,1562001957,negative
c7wakx,dankmemes,post,1562002032,negative
c7yryb,dankmemes,post,1562009200,negative
c7yseu,dankmemes,post,1562009236,neutral
c7z9hm,dankmemes,post,1562010895,neutral
c7zjx4,dankmemes,post,1562012253,negative
c7zl8h,dankmemes,post,1562012429,negative
c7zqo8,dankmemes,post,1562013164,negative
c802pi,dankmemes,post,1562014810,negative
c80o6c,dankmemes,post,1562017807,neutral
c80uqz,dankmemes,post,1562018721,negative
c810dk,dankmemes,post,1562019514,neutral
c81wyf,dankmemes,post,1562024521,negative
c82jrl,dankmemes,post,1562028198,neutral
c82zj2,dankmemes,post,1562030785,negative
c830nt,dankmemes,post,1562030965,negative
c83xbu,dankmemes,post,1562036351,negative
c847tj,dankmemes,post,1562038142,negative
c860kl,dankmemes,post,1562050576,negative
c86ieq,dankmemes,post,1562054434,neutral
c86w8m,dankmemes,post,1562057746,negative
c875i3,dankmemes,post,1562059809,negative
c8869e,dankmemes,post,1562067414,neutral
c88bz1,dankmemes,post,1562068536,neutral
c88vrr,dankmemes,post,1562072090,neutral
c892j4,dankmemes,post,1562073205,negative
c89mr4,dankmemes,post,1562076395,negative
c89quj,dankmemes,post,1562076987,neutral
c89ryn,dankmemes,post,1562077149,neutral
c8a95g,dankmemes,post,1562079612,neutral
c8axzq,dankmemes,post,1562083078,neutral
c8b8fa,dankmemes,post,1562084489,neutral
c8bc2v,dankmemes,post,1562084998,negative
c8bf4a,dankmemes,post,1562085417,positive
c8c432,dankmemes,post,1562088720,negative
c8ctbu,dankmemes,post,1562092041,negative
c8ed0q,dankmemes,post,1562098204,negative
c8eoza,dankmemes,post,1562099828,neutral
c8eufh,dankmemes,post,1562100580,negative
c8gops,dankmemes,post,1562110028,negative
c8hdb2,dankmemes,post,1562114010,neutral
c8il30,dankmemes,post,1562121398,positive
c8kv2j,dankmemes,post,1562136807,negative
c8nkbh,dankmemes,post,1562157350,neutral
c8nkqa,dankmemes,post,1562157422,negative
c8ny9q,dankmemes,post,1562159665,neutral
c8o854,dankmemes,post,1562161258,neutral
c8rvox,dankmemes,post,1562179474,negative
c8s076,dankmemes,post,1562180069,negative
c8s6ae,dankmemes,post,1562180869,negative
c8swrm,dankmemes,post,1562184385,negative
c8unvx,dankmemes,post,1562193078,negative
c8vp1j,dankmemes,post,1562199019,negative
c925bd,dankmemes,post,1562244105,negative
c92yu1,dankmemes,post,1562249085,negative
c93m55,dankmemes,post,1562252706,neutral
c99s2e,dankmemes,post,1562287241,neutral
c99y4i,dankmemes,post,1562288454,negative
c99yhx,dankmemes,post,1562288528,negative
c9aenm,dankmemes,post,1562291771,neutral
c9dkce,dankmemes,post,1562315552,negative
c9g4wb,dankmemes,post,1562334426,neutral
c9mn86,dankmemes,post,1562368692,neutral
c9moy6,dankmemes,post,1562368978,negative
c9otvw,dankmemes,post,1562382592,negative
c9p1vr,dankmemes,post,1562384290,neutral
c9p3wg,dankmemes,post,1562384672,neutral
c9qd7q,dankmemes,post,1562393921,negative
c9tlkk,dankmemes,post,1562419775,negative
c9tv5z,dankmemes,post,1562421515,neutral
c9u69q,dankmemes,post,1562423360,negative
c9vk14,dankmemes,post,1562430936,negative
c9wc6p,dankmemes,post,1562434991,negative
c9xbe4,dankmemes,post,1562439992,neutral
c9y0zx,dankmemes,post,1562443778,neutral
c9yf3q,dankmemes,post,1562445869,negative
ca0cjw,dankmemes,post,1562456694,neutral
ca1alg,dankmemes,post,1562462560,negative
ca8565,dankmemes,post,1562513958,negative
caakl3,dankmemes,post,1562526464,negative
caay39,dankmemes,post,1562528331,neutral
cac7au,dankmemes,post,1562534730,negative
cacd8c,dankmemes,post,1562535617,negative
cactet,dankmemes,post,1562538061,negative
cadzvy,dankmemes,post,1562544843,neutral
cai7c2,dankmemes,post,1562572813,negative
calbte,dankmemes,post,1562594103,negative
calncw,dankmemes,post,1562595714,neutral
caod0w,dankmemes,post,1562608348,positive
caoe3h,dankmemes,post,1562608483,negative
cap2d0,dankmemes,post,1562611394,neutral
caqgk9,dankmemes,post,1562617716,negative
caukcz,dankmemes,post,1562638529,neutral
cb1nin,dankmemes,post,1562682833,neutral
cb1nu5,dankmemes,post,1562682876,negative
cb1qx7,dankmemes,post,1562683281,neutral
cb1rxo,dankmemes,post,1562683413,negative
cb1v71,dankmemes,post,1562683854,negative
cb1xe4,dankmemes,post,1562684143,negative
cb21l9,dankmemes,post,1562684676,negative
cb22lr,dankmemes,post,1562684804,neutral
cb25l4,dankmemes,post,1562685209,negative
cb34y8,dankmemes,post,1562689734,neutral
cb3591,dankmemes,post,1562689770,neutral
cb35i2,dankmemes,post,1562689804,neutral
cb35ov,dankmemes,post,1562689830,neutral
cb35wo,dankmemes,post,1562689856,neutral
cb36g6,dankmemes,post,1562689927,neutral
cb46m6,dankmemes,post,1562694404,negative
cb4kxa,dankmemes,post,1562696134,negative
cb57r5,dankmemes,post,1562698936,neutral
cb591m,dankmemes,post,1562699085,neutral
cb7f6z,dankmemes,post,1562708897,neutral
cb8bsi,dankmemes,post,1562713159,neutral
cb95za,dankmemes,post,1562717453,neutral
cb9du9,dankmemes,post,1562718583,neutral
cbazqp,dankmemes,post,1562727277,positive
cbcdyl,dankmemes,post,1562735336,positive
cbcx5w,dankmemes,post,1562738809,negative
cbfnsx,dankmemes,post,1562758906,negative
cbfo8o,dankmemes,post,1562758985,negative
cbfp3k,dankmemes,post,1562759147,neutral
cbhx1z,dankmemes,post,1562771527,negative
cbhyfp,dankmemes,post,1562771708,negative
cbi1r0,dankmemes,post,1562772141,neutral
cbi2bh,dankmemes,post,1562772213,neutral
cbi3qf,dankmemes,post,1562772398,negative
cbjkmh,dankmemes,post,1562779337,negative
cbnhg6,dankmemes,post,1562797821,negative
cbnt06,dankmemes,post,1562799496,negative
cboa12,dankmemes,post,1562801981,negative
cbr7w3,dankmemes,post,1562819050,negative
cbsm1k,dankmemes,post,1562828767,negative
cbsp6u,dankmemes,post,1562829388,negative
cbtcwo,dankmemes,post,1562834815,neutral
cbtvx6,dankmemes,post,1562839125,negative
cbugff,dankmemes,post,1562843384,neutral
cburq7,dankmemes,post,1562845523,positive
cbv0l2,dankmemes,post,1562847136,neutral
cbvzrt,dankmemes,post,1562853761,neutral
cbw93a,dankmemes,post,1562855469,negative
cbwwxs,dankmemes,post,1562858829,negative
cbxuri,dankmemes,post,1562863225,neutral
cbxv4a,dankmemes,post,1562863272,negative
cbxvbl,dankmemes,post,1562863296,neutral
cbxvnw,dankmemes,post,1562863346,negative
cbz6lq,dankmemes,post,1562869261,neutral
cc0t1x,dankmemes,post,1562876703,negative
cc1dpa,dankmemes,post,1562879401,neutral
cc3kt6,dankmemes,post,1562890619,negative
ccb663,dankmemes,post,1562939794,negative
ccb741,dankmemes,post,1562939940,positive
ccbjwf,dankmemes,post,1562941717,negative
ccc8fc,dankmemes,post,1562944956,negative
ccdb29,dankmemes,post,1562949972,negative
ccejj0,dankmemes,post,1562955567,negative
ccesks,dankmemes,post,1562956748,negative
ccfo0r,dankmemes,post,1562960811,neutral
ccg8na,dankmemes,post,1562963576,negative
ccg8qa,dankmemes,post,1562963587,negative
ccgf0s,dankmemes,post,1562964416,negative
ccn1hr,dankmemes,post,1563006461,negative
ccnwe2,dankmemes,post,1563013926,negative
ccpbe5,dankmemes,post,1563024364,negative
ccpg01,dankmemes,post,1563025195,neutral
ccq1aj,dankmemes,post,1563028731,negative
ccq6bq,dankmemes,post,1563029522,neutral
ccseaz,dankmemes,post,1563041315,neutral
ccsl99,dankmemes,post,1563042278,negative
ccutzx,dankmemes,post,1563053788,negative
ccxzc8,dankmemes,post,1563072379,negative
ccyndb,dankmemes,post,1563076672,neutral
ccz15n,dankmemes,post,1563079220,neutral
cczkxa,dankmemes,post,1563083273,negative
cczm7l,dankmemes,post,1563083553,negative
cd0thm,dankmemes,post,1563093687,positive
cd0ylr,dankmemes,post,1563094936,negative
cd2h52,dankmemes,post,1563107368,neutral
cd2na3,dankmemes,post,1563108510,negative
cd42io,dankmemes,post,1563117102,negative
cd49vw,dankmemes,post,1563118220,neutral
cd5a6x,dankmemes,post,1563123440,neutral
cd7qzp,dankmemes,post,1563135807,neutral
cdamfq,dankmemes,post,1563151186,negative
cdb3yk,dankmemes,post,1563154043,negative
cdbzrl,dankmemes,post,1563159202,negative
cdi4dr,dankmemes,post,1563200838,neutral
cdj941,dankmemes,post,1563206397,negative
cdkx9m,dankmemes,post,1563213633,negative
cdlirz,dankmemes,post,1563216159,neutral
cdm6vv,dankmemes,post,1563218998,neutral
cdso5o,dankmemes,post,1563253737,neutral
cdt3qw,dankmemes,post,1563256787,negative
cdu5f8,dankmemes,post,1563264440,negative
cdvdwy,dankmemes,post,1563273938,neutral
cdwaii,dankmemes,post,1563279511,negative
cdx4tm,dankmemes,post,1563284178,negative
ce0d2s,dankmemes,post,1563299050,negative
ce2lxb,dankmemes,post,1563309175,negative
ce2spx,dankmemes,post,1563310008,negative
ce3146,dankmemes,post,1563311070,negative
ce31vy,dankmemes,post,1563311164,negative
ce62f7,dankmemes,post,1563326374,neutral
ce69uu,dankmemes,post,1563327515,negative
ce8b0v,dankmemes,post,1563339604,neutral
ceenwl,dankmemes,post,1563378709,negative
cef2ab,dankmemes,post,1563380477,neutral
cefktl,dankmemes,post,1563382802,negative
cehnbe,dankmemes,post,1563392245,neutral
cenatx,dankmemes,post,1563421314,positive
cerfv8,dankmemes,post,1563450465,negative
ces2un,dankmemes,post,1563454276,neutral
cexgdk,dankmemes,post,1563480177,negative
cextx0,dankmemes,post,1563481953,neutral
ceyf1i,dankmemes,post,1563484729,negative
ceys9x,dankmemes,post,1563486514,negative
cf2747,dankmemes,post,1563505423,negative
cf2k3x,dankmemes,post,1563507644,neutral
cf2l3y,dankmemes,post,1563507817,neutral
cf3q6w,dankmemes,post,1563515324,negative
cf4v64,dankmemes,post,1563523953,negative
cf78lh,dankmemes,post,1563541074,negative
cf8k22,dankmemes,post,1563548228,negative
cfeztg,dankmemes,post,1563579566,negative
cff9ou,dankmemes,post,1563581181,neutral
cfh4qu,dankmemes,post,1563592694,neutral
cfh9sf,dankmemes,post,1563593619,negative
cfkx9y,dankmemes,post,1563622973,neutral
cfncao,dankmemes,post,1563638224,neutral
cfnvpa,dankmemes,post,1563641089,negative
cfodkv,dankmemes,post,1563643706,negative
cfoo1a,dankmemes,post,1563645141,neutral
cfp1bw,dankmemes,post,1563647024,neutral
cfpkhh,dankmemes,post,1563649791,negative
cfsnm0,dankmemes,post,1563666861,negative
cfvmxn,dankmemes,post,1563686843,negative
cg0pzr,dankmemes,post,1563725766,negative
cg1253,dankmemes,post,1563727539,negative
cg1mye,dankmemes,post,1563730488,negative
cg5g8e,dankmemes,post,1563750611,negative
cga8qd,dankmemes,post,1563781554,neutral
cgcg68,dankmemes,post,1563797713,negative
cgepgi,dankmemes,post,1563809639,negative
cgjfib,dankmemes,post,1563831507,negative
cgof33,dankmemes,post,1563859512,negative
cgp5zs,dankmemes,post,1563864755,neutral
cgq2yd,dankmemes,post,1563871971,positive
cgq39c,dankmemes,post,1563872033,positive
cgqc4r,dankmemes,post,1563873879,negative
cgs6kr,dankmemes,post,1563886121,negative
cgs81b,dankmemes,post,1563886354,negative
cgtg3a,dankmemes,post,1563892831,negative
cgtkjw,dankmemes,post,1563893449,negative
cgum0v,dankmemes,post,1563898313,negative
cgw57c,dankmemes,post,1563905219,neutral
ch0fqp,dankmemes,post,1563925633,negative
ch0npm,dankmemes,post,1563926809,negative
ch0vo5,dankmemes,post,1563927991,neutral
ch1r36,dankmemes,post,1563932850,neutral
ch5bwh,dankmemes,post,1563955764,negative
ch5y8r,dankmemes,post,1563960589,neutral
ch6bxh,dankmemes,post,1563963385,neutral
ch74wj,dankmemes,post,1563968825,negative
chazr3,dankmemes,post,1563988367,positive
chbjcu,dankmemes,post,1563990864,negative
chenn1,dankmemes,post,1564005283,neutral
chesc3,dankmemes,post,1564005883,neutral
chfnhq,dankmemes,post,1564010155,neutral
chl5ir,dankmemes,post,1564044808,neutral
chlaam,dankmemes,post,1564045838,negative
chqcol,dankmemes,post,1564073775,negative
chrgh5,dankmemes,post,1564078876,neutral
chtf1f,dankmemes,post,1564088142,negative
chusr5,dankmemes,post,1564095080,neutral
chvmsl,dankmemes,post,1564099734,negative
chwray,dankmemes,post,1564106168,negative
ci2s5k,dankmemes,post,1564147218,neutral
ci3ayl,dankmemes,post,1564150044,neutral
ci5670,dankmemes,post,1564159083,negative
ci56mx,dankmemes,post,1564159145,negative
ci6gg7,dankmemes,post,1564165219,negative
ci70gx,dankmemes,post,1564167916,neutral
ci8bwc,dankmemes,post,1564174288,negative
ci924f,dankmemes,post,1564177911,neutral
ci9jq3,dankmemes,post,1564180384,negative
cidxtp,dankmemes,post,1564207370,negative
cigkdn,dankmemes,post,1564228059,negative
cijh0m,dankmemes,post,1564244559,neutral
cim8wc,dankmemes,post,1564257921,negative
cimh08,dankmemes,post,1564259060,positive
cimiww,dankmemes,post,1564259336,negative
cirxag,dankmemes,post,1564290427,neutral
ciu4tq,dankmemes,post,1564308176,positive
ciuh1d,dankmemes,post,1564310969,negative
ciwulm,dankmemes,post,1564326244,negative
cix4pt,dankmemes,post,1564327626,negative
cizsea,dankmemes,post,1564340319,negative
cizxwf,dankmemes,post,1564341030,neutral
cj16gd,dankmemes,post,1564346804,neutral
cj1hhz,dankmemes,post,1564348252,neutral
cj1us3,dankmemes,post,1564350097,negative
cj33hi,dankmemes,post,1564356351,neutral
cj7crx,dankmemes,post,1564381236,negative
cjehiu,dankmemes,post,1564421647,positive
cjfz6p,dankmemes,post,1564428038,neutral
cjgccp,dankmemes,post,1564429621,negative
cjh1f6,dankmemes,post,1564432637,negative
cjhqwq,dankmemes,post,1564435776,neutral
cjjxji,dankmemes,post,1564446246,negative
cjowls,dankmemes,post,1564475966,negative
cjp9uz,dankmemes,post,1564478661,neutral
cjq3x8,dankmemes,post,1564484242,negative
cjr9ba,dankmemes,post,1564490726,negative
cjsl63,dankmemes,post,1564497212,negative
cjukb6,dankmemes,post,1564505687,negative
cjuqur,dankmemes,post,1564506458,negative
cjv8sj,dankmemes,post,1564508548,neutral
cjxlhn,dankmemes,post,1564518600,negative
cjxydv,dankmemes,post,1564520157,neutral
cjyfv9,dankmemes,post,1564522271,negative
ck3oe7,dankmemes,post,1564548855,negative
ck44vg,dankmemes,post,1564551619,negative
ck53ms,dankmemes,post,1564557959,negative
ck7w32,dankmemes,post,1564576345,neutral
ck967a,dankmemes,post,1564583052,neutral
ck9sh0,dankmemes,post,1564585990,negative
ck9sqs,dankmemes,post,1564586026,neutral
ckar4r,dankmemes,post,1564590524,negative
ckatrx,dankmemes,post,1564590835,neutral
ckblsq,dankmemes,post,1564594223,negative
ckck02,dankmemes,post,1564598485,negative
ckcnbe,dankmemes,post,1564598909,negative
ckcqeg,dankmemes,post,1564599343,negative
ckcwhg,dankmemes,post,1564600120,negative
ckdh9u,dankmemes,post,1564602757,neutral
cke53c,dankmemes,post,1564605731,negative
ckf5ym,dankmemes,post,1564610502,negative
ckfegl,dankmemes,post,1564611622,neutral
ckfqvf,dankmemes,post,1564613302,negative
ckfwj3,dankmemes,post,1564614081,negative
cfph44,dankmemes,post,1563649314,negative
cfpkun,dankmemes,post,1563649842,negative
c81yrd,dankmemes,post,1562024818,neutral
cbjlf0,ehlersdanlos,post,1562779437,neutral
c9j9m7,im14andthisisdeep,post,1562350654,negative
cbe9q0,mildlyinfuriating,post,1562748783,negative
c7o10c,mildlyinteresting,post,1561954839,neutral
cf468y,muacirclejerk,post,1563518596,negative
cjt5jf,muacirclejerk,post,1564499703,positive
caii9z,redditrequest,post,1562575368,neutral
cdge7m,redditrequest,post,1563190854,neutral
cemqgg,redditrequest,post,1563418003,neutral
cc012c,tacobell,post,1562873120,negative
cdkfs7,teenagers,post,1563211610,neutral
cj3cyd,teenagers,post,1564357727,neutral
cj43p5,teenagers,post,1564361802,neutral
c9scc3,ApplyingToCollege,post,1562410528,neutral
cdobww,ApplyingToCollege,post,1563228938,neutral
cgnl5e,ApplyingToCollege,post,1563854168,neutral
cit5al,ApplyingToCollege,post,1564299768,neutral
cj2yn4,ApplyingToCollege,post,1564355666,negative
cj8l0g,ApplyingToCollege,post,1564390182,negative
cj8ol9,ApplyingToCollege,post,1564390952,neutral
ck3z46,ApplyingToCollege,post,1564550605,neutral
ck71hw,ApplyingToCollege,post,1564571478,neutral
ccn56l,AskReddit,post,1563007375,positive
c7tht3,BPD,post,1561992640,neutral
c7n8rx,ChubbyDudes,post,1561949931,neutral
ciob0v,DID,post,1564268714,neutral
chwdwq,Destiny,post,1564103970,positive
cjhne0,Music,post,1564435336,neutral
c9yoet,RocketLeagueExchange,post,1562447225,negative
ck8psh,SUBREDDITNAME,post,1564580796,negative
cfh09e,Smite,post,1563591872,negative
c91bcf,bakchodi,post,1562238361,neutral
c84cg9,dankmemes,post,1562038974,neutral
c8am3q,dankmemes,post,1562081413,neutral
ckb1r7,dankmemes,post,1564591811,neutral
ckb66t,dankmemes,post,1564592350,neutral
c97x56,dankmemes,post,1562275608,neutral
c8b7m3,dankmemes,post,1562084378,neutral
c83k83,dankmemes,post,1562034174,negative
c83ql1,dankmemes,post,1562035214,negative
c8cllt,dankmemes,post,1562091021,neutral
c7rldo,getdisciplined,post,1561981715,neutral
cgwiur,iamverybadass,post,1563906927,negative
cfifd3,memes,post,1563601674,negative
c86ha8,nba,post,1562054163,neutral
cerxmt,oldpeoplefacebook,post,1563453447,neutral
cdj6r0,racism,post,1563206092,neutral
ce79w6,rangers,post,1563333228,negative
cjcadq,rant,post,1564412001,negative
cirl5p,redditrequest,post,1564288092,neutral
cggpeg,redditrequest,post,1563818843,neutral
cgh1rc,redditrequest,post,1563820394,neutral
c8fhbu,redditrequest,post,1562103712,neutral
cbq9qs,redditrequest,post,1562813209,neutral
c8r97r,teenagers,post,1562176518,neutral
c8rb6e,teenagers,post,1562176778,neutral
cgmcos,teenagers,post,1563846849,neutral
cfp659,teenagers,post,1563647712,negative
cahy2z,ukpolitics,post,1562570728,neutral
chabhe,unpopularopinion,post,1563985256,negative
cglo8u,unpopularopinion,post,1563843029,neutral
c99toh,2007scape,post,1562287558,negative
c8el0p,Animemes,post,1562099287,neutral
c7tmxg,AskMen,post,1561993349,positive
ciz70f,AskReddit,post,1564337514,neutral
c8752i,AutoModerator,post,1562059707,negative
ciotho,DaystromInstitute,post,1564271573,neutral
cawq1c,Entrepreneur,post,1562651413,neutral
ccthxp,FORTnITE,post,1563046865,neutral
c921h3,FUTMobile,post,1562243442,negative
ccs9se,FanTheories,post,1563040711,negative
c7qeg1,FantasyPL,post,1561972750,neutral
cbcgyn,GODZILLA,post,1562735850,negative
ck7oi4,HistoryMemes,post,1564575167,negative
caax16,Justrolledintotheshop,post,1562528190,negative
cf20w3,LifeProTips,post,1563504360,negative
cdmnxx,NobodyAsked,post,1563221047,negative
cffm0g,PrequelMemes,post,1563583146,negative
cj02l8,Rainbow6,post,1564341652,negative
c93ft9,StrangerThings,post,1562251759,negative
cf8wra,TopMindsOfReddit,post,1563549984,negative
cij5pq,WatchRedditDie,post,1564243030,negative
c9eypb,apolloapp,post,1562326697,neutral
ciyyb4,apolloapp,post,1564336388,neutral
cdrbeb,bald,post,1563245285,neutral
cb2yur,bonehurtingjuice,post,1562688969,negative
c7wsf3,copypasta,post,1562003438,negative
c90894,copypasta,post,1562229765,neutral
c9cyw4,copypasta,post,1562310577,negative
cac0f7,copypasta,post,1562533717,negative
cdeb4z,copypasta,post,1563174960,negative
chjldg,copypasta,post,1564033197,negative
ci0p00,copypasta,post,1564133386,negative
cj107p,danganronpa,post,1564345992,neutral
ccqhf1,dankmemes,post,1563031223,neutral
cbihsf,dankmemes,post,1562774265,neutral
cbiqhz,dankmemes,post,1562775387,neutral
cdboym,dankmemes,post,1563157406,negative
ca8r9i,help,post,1562517325,neutral
c83ee1,kings,post,1562033208,neutral
cff4u6,nukedmemes,post,1563580379,negative
c8w7se,pics,post,1562202163,neutral
cf8pof,pics,post,1563549009,neutral
cjjiqw,redditrequest,post,1564444114,neutral
cb5re7,redditrequest,post,1562701368,neutral
ck64qn,redditrequest,post,1564565447,neutral
cf97zk,redditrequest,post,1563551486,neutral
ceui2n,redditrequest,post,1563466324,neutral
c9hcy9,redditrequest,post,1562341084,neutral
cj6qgr,relationship_advice,post,1564377133,neutral
cfwm6z,rolex,post,1563694988,neutral
chks3c,runescape,post,1564041778,neutral
cib7o4,sugarlifestyleforum,post,1564189469,neutral
cgh6jl,teenagers,post,1563821022,neutral
cgxpkg,teenagers,post,1563912355,neutral
ccolht,teenagers,post,1563019446,neutral
cgv2yl,teenagers,post,1563900440,neutral
cge27e,unpopularopinion,post,1563806510,neutral
cafoxn,walmart,post,1562555123,negative
cbyruy,walmart,post,1562867385,negative
ccwamv,walmart,post,1563061993,negative
cemgdv,whiteknighting,post,1563416374,neutral
cbud5d,woooosh,post,1562842757,negative
cgbnl7,2007scape,post,1563792485,negative
cbgddm,AskReddit,post,1562763372,negative
cclrpl,Braincels,post,1562996113,positive
cblip3,Comcast_Xfinity,post,1562788280,negative
cfhgr6,EVEX,post,1563594915,positive
c7oafm,HistoryMemes,post,1561956578,neutral
c8tpb4,IASIP,post,1562188247,negative
cjxcou,LeagueOfMeta,post,1564517532,neutral
ca4fd5,Letterkenny,post,1562485904,negative
ca0ebh,MMORPG,post,1562456980,negative
ca14h7,MMORPG,post,1562461471,negative
cc1wfu,MakeNewFriendsHere,post,1562881933,positive
cjuit4,Minecraft,post,1564505517,neutral
c8jide,OkCupid,post,1562127176,negative
ck77ax,PoliticalHumor,post,1564572455,negative
ci7u5o,PoliticalHumor,post,1564171949,neutral
ca0ib8,SBU,post,1562457644,neutral
chcqho,Supernatural,post,1563996448,neutral
cemxkh,TheHandmaidsTale,post,1563419166,negative
chj2r5,WatchRedditDie,post,1564029768,neutral
cc2s0x,cakeday,post,1562886372,neutral
cj46ag,chanceme,post,1564362176,neutral
cb9h4d,dankmemes,post,1562719078,neutral
c7qo2s,dankmemes,post,1561974913,neutral
ci5vh6,dankmemes,post,1564162452,neutral
cg40wg,dankmemes,post,1563742813,neutral
ceqx4m,deadbydaylight,post,1563447064,negative
c95rj7,discordapp,post,1562263927,neutral
cf0vnm,foreignservice,post,1563497690,neutral
cg5j6k,freefolk,post,1563751082,neutral
c932z3,giantbomb,post,1562249741,neutral
cbwgbm,hearthstone,post,1562856632,neutral
ccy3j9,houseplants,post,1563073138,negative
ch68gf,memes,post,1563962683,neutral
ce435e,memphisgrizzlies,post,1563315988,neutral
ceydir,modhelp,post,1563484523,negative
c9u0vg,nba,post,1562422473,neutral
ci1d1e,nukedmemes,post,1564138348,negative
c9usl2,promote,post,1562426873,positive
c8m9lv,redditrequest,post,1562148242,neutral
cfzwoa,redditrequest,post,1563721325,neutral
ccbrtd,redditrequest,post,1562942799,neutral
chdun3,redditrequest,post,1564001632,neutral
cgo15o,redditrequest,post,1563856942,neutral
ca3ses,subredditcancer,post,1562480211,negative
cd9172,teenagers,post,1563142313,negative
cf3xfx,teenagers,post,1563516779,negative
ccidq8,teenagers,post,1562974629,negative
chv733,unpopularopinion,post,1564097223,negative
chupuf,unpopularopinion,post,1564094645,negative
ck2zqb,Animemes,post,1564544946,neutral
chnel8,Austria,post,1564059909,neutral
ccfxbq,ChapoTrapHouse,post,1562962031,neutral
cch0ql,ChapoTrapHouse,post,1562967415,negative
cciss0,ChapoTrapHouse,post,1562977007,neutral
cg3ce0,ChapoTrapHouse,post,1563739269,neutral
ck2ftd,ChapoTrapHouse,post,1564541890,neutral
cdx329,ChoosingBeggars,post,1563283920,negative
cfib4v,DDLC,post,1563600765,neutral
cdavmw,Dodgers,post,1563152689,neutral
cj27tz,Drama,post,1564351866,negative
cgn218,HunterXHunter,post,1563850939,neutral
cb473e,NoFap,post,1562694463,neutral
cdlqk9,PrequelMemes,post,1563217054,neutral
ca7n1e,RocketLeague,post,1562511118,neutral
cazjj7,ShadowBanned,post,1562671107,neutral
ck7eqc,SuicideWatch,post,1564573653,positive
ccphxf,The_Donald,post,1563025521,negative
ccxavx,The_Donald,post,1563068128,negative
cd4q6b,The_Donald,post,1563120604,neutral
cbcet9,Vent,post,1562735478,negative
ca2ti3,WatchRedditDie,post,1562472766,negative
cff4xm,WatchRedditDie,post,1563580398,negative
cj086r,asktransgender,post,1564342368,neutral
ck671e,dankmemes,post,1564565899,neutral
chgxvx,dankmemes,post,1564017195,negative
ck9df2,forsen,post,1564584053,negative
cig0yw,gifs,post,1564223856,neutral
chlvxc,holdmybeer,post,1564050279,neutral
cg7xy6,lakers,post,1563765518,negative
cg8zci,lakers,post,1563772281,negative
c8yvut,lakers,post,1562219502,negative
c8z5ea,lakers,post,1562221323,negative
ck8388,memes,post,1564577440,neutral
cbdav1,memes,post,1562741459,negative
cd9bww,minnesota,post,1563143920,neutral
ccutye,modhelp,post,1563053782,neutral
cb3nsw,moviescirclejerk,post,1562692088,negative
cdjq3v,moviescirclejerk,post,1563208621,negative
cj5bw0,moviescirclejerk,post,1564368677,neutral
cj7iqi,moviescirclejerk,post,1564382396,neutral
c94h5x,pathofexile,post,1562257334,neutral
cdzdk3,redditrequest,post,1563294657,neutral
cetmg5,redditrequest,post,1563462217,neutral
cabqic,redditrequest,post,1562532328,neutral
cczxaw,redditrequest,post,1563086070,neutral
c80a02,redditrequest,post,1562015796,neutral
c99fhh,redditrequest,post,1562284867,neutral
ca21pw,roosterteeth,post,1562467536,negative
c7nt7r,samharris,post,1561953502,negative
cikxho,specializedtools,post,1564251567,negative
cgx17f,surgery,post,1563909246,neutral
cf9nkv,teenagers,post,1563553552,neutral
cb319p,teenagers,post,1562689269,negative
c8sfcn,teenagers,post,1562182092,negative
cdg520,tf2,post,1563189131,negative
cjpi9k,tf2,post,1564480314,positive
cijadx,thinkpad,post,1564243640,neutral
cfsr1r,toddlers,post,1563667473,positive
cfyvp1,witcher,post,1563714965,neutral
chfxe0,Advice,post,1564011571,negative
cf31no,AskReddit,post,1563510725,neutral
cdyzkv,ColoradoAvalanche,post,1563292948,neutral
cbj6tk,Cricket,post,1562777559,positive
cg7uf5,Cricket,post,1563764901,positive
cbtvha,FreeKarma4U,post,1562839035,neutral
c8sl5v,GuysFromBehind,post,1562182874,neutral
cfsq90,LeagueOfMeta,post,1563667330,neutral
cc5h7a,MarioMaker,post,1562901597,positive
chscrx,Thetruthishere,post,1564083106,neutral
ci7zlb,WatchRedditDie,post,1564172657,negative
c7v3ws,WatchRedditDie,post,1561998585,negative
c8356f,WatchRedditDie,post,1562031695,negative
c8aqnq,WatchRedditDie,post,1562082057,negative
c8bzyg,WatchRedditDie,post,1562088149,neutral
c8cas2,WatchRedditDie,post,1562089595,negative
c8dkax,WatchRedditDie,post,1562095224,negative
c8dkb5,WatchRedditDie,post,1562095224,negative
c8duhg,WatchRedditDie,post,1562096073,positive
c8e5ji,WatchRedditDie,post,1562097198,negative
c8eejq,WatchRedditDie,post,1562098405,negative
c96a91,WatchRedditDie,post,1562266661,negative
c974x5,WatchRedditDie,post,1562271225,negative
c9vvbg,WatchRedditDie,post,1562432594,negative
ca9tel,WatchRedditDie,post,1562522682,negative
caehva,WatchRedditDie,post,1562547856,negative
cap84i,WatchRedditDie,post,1562612106,negative
caro2o,WatchRedditDie,post,1562623403,neutral
caw7pw,WatchRedditDie,post,1562648118,negative
cb3fw8,WatchRedditDie,post,1562691124,negative
cb3lh7,WatchRedditDie,post,1562691819,neutral
cb4wgb,WatchRedditDie,post,1562697541,negative
cb9cdl,WatchRedditDie,post,1562718359,negative
cbf1bu,WatchRedditDie,post,1562754590,neutral
cbrp0u,WatchRedditDie,post,1562822243,negative
cbrypm,WatchRedditDie,post,1562824152,negative
cbt1lc,WatchRedditDie,post,1562832147,neutral
ccaq80,WatchRedditDie,post,1562937431,neutral
ccx4ec,WatchRedditDie,post,1563066956,negative
cd2zc0,WatchRedditDie,post,1563110684,negative
cdiylp,WatchRedditDie,post,1563204993,negative
cduhde,WatchRedditDie,post,1563267149,negative
ceg428,WatchRedditDie,post,1563385231,neutral
cejuzl,WatchRedditDie,post,1563402365,negative
cekvfe,WatchRedditDie,post,1563407556,negative
ceo681,WatchRedditDie,post,1563426786,negative
cf54hm,WatchRedditDie,post,1563526178,negative
cf608k,WatchRedditDie,post,1563533026,negative
cf6rqt,WatchRedditDie,post,1563538280,negative
cfcoee,WatchRedditDie,post,1563567903,negative
cfhd2q,WatchRedditDie,post,1563594222,negative
cfy29s,WatchRedditDie,post,1563708661,neutral
cgg20h,WatchRedditDie,post,1563815906,negative
cgg8v8,WatchRedditDie,post,1563816760,negative
cgo6hz,WatchRedditDie,post,1563857944,neutral
chs30f,WatchRedditDie,post,1564081823,negative
ci65l8,WatchRedditDie,post,1564163780,negative
ci692d,WatchRedditDie,post,1564164231,negative
ci7lrc,WatchRedditDie,post,1564170829,negative
cied87,WatchRedditDie,post,1564210574,neutral
cj5j5f,WatchRedditDie,post,1564369804,negative
cjhi04,WatchRedditDie,post,1564434656,negative
cjijao,WatchRedditDie,post,1564439341,neutral
ck7z7k,WatchRedditDie,post,1564576815,negative
ckepkt,WatchRedditDie,post,1564608310,negative
ch49gf,Yogscast,post,1563948168,positive
ccpu53,atheism,post,1563027563,negative
cgw7ko,dankmemes,post,1563905502,neutral
ci6gu6,dankmemes,post,1564165273,negative
cciy1t,dankmemes,post,1562977888,negative
ck4jvu,dankmemes,post,1564554307,negative
cbkmnt,dankmemes,post,1562784198,negative
ca8p88,dating,post,1562517027,neutral
cb4ov2,discordapp,post,1562696613,neutral
cjrexu,fifthworldproblems,post,1564491543,negative
cd6u5e,help,post,1563131296,neutral
chokzn,help,post,1564065766,negative
cjlxmc,help,post,1564456784,neutral
cj26ho,help,post,1564351674,neutral
cjqgeg,memes,post,1564486352,neutral
chaygs,metacanada,post,1563988208,positive
ck55sc,missoula,post,1564558397,neutral
cizez3,nattyorjuice,post,1564338556,neutral
ckdov1,peloton,post,1564603693,positive
c7pgh1,pokemongo,post,1561965021,neutral
cgvkks,redditrequest,post,1563902627,neutral
c982ky,teenagers,post,1562276477,negative
ccocx0,teenagers,post,1563017666,negative
c837qx,teenagers,post,1562032115,neutral
cf6ti8,teenagers,post,1563538573,neutral
cfevth,teenagers,post,1563578924,neutral
cd7t1s,timberwolves,post,1563136096,neutral
c8pifj,unpopularopinion,post,1562168030,negative
ci4jjn,Braincels,post,1564156093,negative
cgzrw3,MtvChallenge,post,1563922177,positive
c85rai,NarcissisticAbuse,post,1562048655,positive
ccrk5w,PewdiepieSubmissions,post,1563037035,negative
cfa4lk,Portland,post,1563555832,neutral
cdzjo9,The_Donald,post,1563295415,neutral
ca5kpn,TripSit,post,1562496500,negative
c96xgs,Trumpgret,post,1562270118,negative
cejq72,WatchRedditDie,post,1563401715,negative
c8hqkw,buccos,post,1562116214,neutral
cdrfbx,buccos,post,1563245907,negative
c7oyca,collapse,post,1561961289,neutral
cimx2h,dankmemes,post,1564261364,negative
cicwtn,dankmemes,post,1564200185,negative
c90ixo,dankmemes,post,1562232196,negative
cbfjej,dankmemes,post,1562758147,neutral
cdqkvc,foxholegame,post,1563241141,negative
cbutcy,freefolk,post,1562845826,neutral
ccs6m6,letsgofish,post,1563040279,neutral
cikgf2,minnesotavikings,post,1564249295,neutral
cjpdep,modhelp,post,1564479370,neutral
ciw3t8,modhelp,post,1564322259,neutral
cgvboc,modhelp,post,1563901507,neutral
c81e4h,nukedmemes,post,1562021597,negative
cfk2ou,reddevils,post,1563615839,neutral
cj63xu,redditrequest,post,1564373229,neutral
chwqax,redditrequest,post,1564106003,neutral
c9vvjs,redditrequest,post,1562432621,neutral
chizu4,schizophrenia,post,1564029214,neutral
cen58w,singapore,post,1563420422,neutral
cedme9,teenagers,post,1563373927,neutral
chfxd8,teenagers,post,1564011568,neutral
c8i5ko,teenagers,post,1562118780,neutral
cei1yb,teenagers,post,1563394037,positive
c98w7s,unpopularopinion,post,1562281405,negative
cii5lw,2007scape,post,1564237849,negative
cjqo2t,Advice,post,1564487596,negative
cd3ji3,Animemes,post,1563114156,positive
cdr7ij,BostonBruins,post,1563244672,neutral
ccfn0h,CHIBears,post,1562960674,neutral
ccgm9c,ChapoTrapHouse,post,1562965422,positive
caqs2p,ChapoTrapHouse,post,1562619209,negative
cdame2,CraftBeer,post,1563151178,neutral
cjsx3w,FortNiteBR,post,1564498700,neutral
cfa42g,Frasier,post,1563555769,negative
cdnf7d,LabourUK,post,1563224556,negative
cgsgei,LawSchool,post,1563887659,neutral
cfu5gi,Lyft,post,1563676296,negative
cb3jhq,MMA,post,1562691575,negative
cdedo5,MuayThai,post,1563175477,neutral
ceeqax,PUBGXboxOne,post,1563379026,negative
chtw96,Pen_Swap,post,1564090490,neutral
cew05q,SeattleWA,post,1563473277,negative
cihnmk,Showerthoughts,post,1564235003,negative
chozw8,SubredditDrama,post,1564067529,neutral
ci93ip,SuicideWatch,post,1564178096,neutral
c7ssm4,The_Donald,post,1561988938,positive
cgwv6s,TrueOffMyChest,post,1563908494,negative
c8onke,UFOs,post,1562163613,neutral
cga4nv,chess,post,1563780664,positive
ckg1wm,dankmemes,post,1564614821,neutral
cdt4ta,dankmemes,post,1563256999,negative
c8cz0u,hearthstone,post,1562092784,negative
ciyq97,learnspanish,post,1564335325,negative
cemomr,nba,post,1563417710,negative
cco6jt,osugame,post,1563016243,negative
cau2jv,raisedbynarcissists,post,1562635890,neutral
cav3ly,redditrequest,post,1562641483,neutral
cadxy7,redditrequest,post,1562544544,neutral
cjk09b,redditrequest,post,1564446644,neutral
cc3t38,redditrequest,post,1562891926,neutral
cc5drr,rockets,post,1562901037,neutral
cg2xcb,tattoos,post,1563737115,positive
c8t3xg,teenagers,post,1562185352,positive
cfoc4a,teenagers,post,1563643489,negative
cg3iiv,teenagers,post,1563740164,negative
ccbhv8,AgainstHateSubreddits,post,1562941431,negative
ccbtrs,Animemes,post,1562943066,negative
cjnttu,ApocalypseRising,post,1564468476,positive
chdna8,BadDragon,post,1564000696,neutral
cckxm3,ChapoTrapHouse,post,1562990308,negative
cix9nh,FortNiteBR,post,1564328294,negative
cf48ql,JustUnsubbed,post,1563519124,negative
cfas7a,KerbalSpaceProgram,post,1563558834,positive
ck8lqh,LeagueOfMeta,post,1564580210,negative
cjszlz,ModSupport,post,1564499012,neutral
ce54d3,NoStupidQuestions,post,1563321205,neutral
c7n168,PewdiepieSubmissions,post,1561948625,neutral
cjaif4,PoliticalHumor,post,1564402867,negative
cjalih,PoliticalHumor,post,1564403347,negative
chkajc,Showerthoughts,post,1564038149,negative
citncl,Showerthoughts,post,1564304092,negative
cexrmr,Showerthoughts,post,1563481650,negative
chcxhi,Terraria,post,1563997367,negative
ca579m,TheExpanse,post,1562493136,neutral
cdljke,Wishlist,post,1563216251,neutral
cf8fbb,americandad,post,1563547547,negative
c7nw6i,boop,post,1561954024,negative
cf5wao,copypasta,post,1563532208,negative
c89o2g,dankmemes,post,1562076600,negative
ci4g9h,dankmemes,post,1564155664,negative
ch6nvt,dankmemes,post,1563965708,negative
ch7nzo,dankmemes,post,1563971973,negative
ck6oeu,dankmemes,post,1564569190,neutral
ck6olx,dankmemes,post,1564569229,neutral
ck6peu,dankmemes,post,1564569364,neutral
cijtem,dankmemes,post,1564246247,negative
cdz7mz,dankmemes,post,1563293925,negative
cgcuge,dankmemes,post,1563800090,negative
cf0p7j,dubstep,post,1563496688,neutral
c9fu9n,ireland,post,1562332565,negative
c8e2vw,ladybonersgw,post,1562096841,neutral
cfdgos,memes,post,1563571788,negative
cidl0x,muacirclejerk,post,1564204789,negative
cjx0iu,redditrequest,post,1564516074,neutral
c8lzsl,teenagers,post,1562146144,negative
c8j0sv,teenagers,post,1562124097,neutral
cg5ewy,unpopularopinion,post,1563750405,neutral
cfewm0,unpopularopinion,post,1563579053,negative
c8r37v,SocialJusticeInAction,post,1562175711,negative
cah8wl,SquaredCircle,post,1562565578,negative
ck3slz,WayOfTheBern,post,1564549549,negative
cjwkzg,askgaybros,post,1564514218,neutral
cgl51z,atheism,post,1563840037,neutral
cb3d5j,battlefield_one,post,1562690779,positive
ci65hm,dankmemes,post,1564163768,neutral
cfbv3b,dankmemes,post,1563563929,negative
cetszz,dankmemes,post,1563463067,negative
ceub6k,dankmemes,post,1563465442,negative
cd45du,dankmemes,post,1563117523,negative
c8bh04,facepalm,post,1562085653,neutral
cfkoqw,freefolk,post,1563620952,negative
ch39iw,help,post,1563941715,neutral
cinrpo,indianpeoplefacebook,post,1564265797,neutral
c92f2s,lakers,post,1562245806,negative
ci7qcp,leaves,post,1564171459,neutral
cap3tb,manga,post,1562611575,neutral
c89wus,me_irl,post,1562077853,negative
cd9io6,me_irl,post,1563144959,negative
ck0r32,memes,post,1564533117,positive
ccpoyh,memes,post,1563026724,neutral
cdaihg,memes,post,1563150550,neutral
ci308j,redditrequest,post,1564148469,neutral
cd6a46,redditrequest,post,1563128485,neutral
cbc5ce,redditrequest,post,1562733876,neutral
cdpprj,redditrequest,post,1563236274,neutral
cditt8,redditrequest,post,1563204343,neutral
chdofr,rutgers,post,1564000843,neutral
cinerw,rutgers,post,1564263928,neutral
cgtifc,shrooms,post,1563893160,negative
cgiqvw,sysadmin,post,1563828331,neutral
cblz4u,teenagers,post,1562790443,negative
cexbm9,teenagers,post,1563479561,negative
ccmq40,teenagers,post,1563003727,neutral
cekxqt,teenagers,post,1563407894,neutral
ci8z45,tf2,post,1564177502,neutral
cj4p68,titanfall,post,1564365108,neutral
c8qe75,2007scape,post,1562172425,neutral
ci1bny,AnthemTheGame,post,1564138065,negative
chjuwh,BokuNoHeroAcademia,post,1564035026,neutral
cbkjws,Christianity,post,1562783854,positive
c8338m,EtikaRedditNetwork,post,1562031364,negative
c8wvtq,EtikaRedditNetwork,post,1562206332,neutral
cfb8j4,LesbianActually,post,1563560947,negative
cdbdzk,MuayThai,post,1563155645,negative
ca36eg,PornhubComments,post,1562475399,neutral
cds2lt,PrequelMemes,post,1563249802,neutral
cc25yb,PurplePillDebate,post,1562883221,neutral
c99cwi,SCJerk,post,1562284383,neutral
cju1mm,SCJerk,post,1564503517,neutral
cda5ls,SFGiants,post,1563148538,neutral
ckav25,Showerthoughts,post,1564590995,negative
ce8r7r,The_Donald,post,1563342584,negative
c9vvn8,WatchRedditDie,post,1562432633,negative
cebfck,arresteddevelopment,post,1563361940,neutral
c7rpa7,churning,post,1561982457,negative
cbk15v,dankmemes,post,1562781484,neutral
cbcy2l,dankmemes,post,1562738983,negative
ci6v0m,dankmemes,post,1564167195,negative
c8y3gj,dxm,post,1562214155,negative
cdkbmc,farmingsimulator,post,1563211132,neutral
c8t7bs,freefolk,post,1562185811,positive
ckaufm,guns,post,1564590914,neutral
cg2x1c,hearthstonecirclejerk,post,1563737070,negative
cev2c9,help,post,1563468916,negative
cg98uv,karma,post,1563774131,neutral
cacya3,kratom,post,1562538808,positive
ccmrjk,lanadelrey,post,1563004059,neutral
c8rabq,leagueoflegends,post,1562176664,negative
ceesks,leagueoflegends,post,1563379299,neutral
cevxz3,leagueoflegends,post,1563472999,negative
ck3bej,leagueoflegends,post,1564546748,negative
cf5gd8,memes,post,1563528749,negative
cjgqhz,mildlyinfuriating,post,1564431304,negative
cgl44l,minnesotaunited,post,1563839900,negative
cdd4lk,phish,post,1563166481,neutral
cby2i4,photomarket,post,1562864257,negative
c82emg,pic,post,1562027337,negative
c8at0g,rant,post,1562082381,negative
cawpdz,rant,post,1562651281,negative
cd2m29,rant,post,1563108301,negative
cdhpne,rant,post,1563198654,negative
cg8aep,rant,post,1563767696,negative
cc9j8g,reddeadredemption,post,1562930128,neutral
chnu1g,reddevils,post,1564062238,neutral
cj661g,redditrequest,post,1564373572,neutral
cb1nt6,redditrequest,post,1562682873,neutral
ccpqp7,redditrequest,post,1563027009,neutral
cfgaam,redditrequest,post,1563587301,neutral
cc0msl,tacobell,post,1562875888,negative
ccc9wk,teenagers,post,1562945147,neutral
c8bkj4,unpopularopinion,post,1562086121,negative
cjxtbz,wallstreetbets,post,1564519554,negative
ceac37,AirForce,post,1563354297,neutral
ccasda,AskReddit,post,1562937758,neutral
ck7pq2,AskReddit,post,1564575370,neutral
cdaupp,AskReddit,post,1563152539,negative
cguvfv,AskThe_Donald,post,1563899495,neutral
cizfnh,Baking,post,1564338649,positive
cgewpn,BigBrother,post,1563810569,neutral
c7sgim,Blind,post,1561987066,neutral
cdolps,DDLC,post,1563230329,neutral
ca5rav,Dragonballsuper,post,1562498082,neutral
ch2vbv,FortNiteBR,post,1563939350,negative
cadtfa,HealSluts,post,1562543795,neutral
c9fmic,ImpracticalJokers,post,1562331233,neutral
cb7qch,Instagram,post,1562710331,neutral
cdmv20,Instagram,post,1563221962,negative
cirssx,ModSupport,post,1564289558,neutral
cbixql,Palestine,post,1562776346,neutral
cj1bwo,RWBY,post,1564347522,neutral
cj8o4x,TeamSolomid,post,1564390876,negative
cfkbym,The_Donald,post,1563617971,neutral
chzhd1,assassinscreed,post,1564123798,negative
cjipip,bayarea,post,1564440172,negative
cij5go,changemyview,post,1564242992,neutral
ci83uk,childfree,post,1564173216,neutral
cexsqi,dankmemes,post,1563481793,negative
cj19ay,dankmemes,post,1564347180,negative
cgoa5l,dankmemes,post,1563858596,neutral
cgk38x,dankmemes,post,1563834644,neutral
cgcz8t,dankmemes,post,1563800848,neutral
c9xo1i,dankmemes,post,1562441869,negative
cebcrt,eden,post,1563361492,neutral
civ9np,gaming,post,1564316976,negative
c9rtgt,lakers,post,1562405963,negative
cfuawi,madlads,post,1563677291,neutral
cgjpkg,makeupexchange,post,1563832815,neutral
cb5oty,meme,post,1562701052,negative
cawbm3,nba,post,1562648800,negative
cfgp9g,nintendo,post,1563589933,neutral
cf12bd,redditrequest,post,1563498712,neutral
ci0nlw,redditrequest,post,1564133082,neutral
cdnrzx,teenagers,post,1563226225,neutral
ch21fn,teenagers,post,1563934460,neutral
ccq70j,thedivision,post,1563029638,negative
ci8pz0,unpopularopinion,post,1564176216,negative
ciqmbd,vegan,post,1564281934,positive
cjnds4,AutoModerator,post,1564465529,neutral
c8ptik,Borderlands2,post,1562169595,neutral
cct67u,CBD,post,1563045217,neutral
cdyplq,DallasStars,post,1563291688,neutral
cana2o,EOOD,post,1562603457,neutral
c7rhf6,FortNiteBR,post,1561980975,neutral
c9794p,FortNiteBR,post,1562271865,neutral
c9gr43,FortNiteBR,post,1562337921,negative
cagwyx,FortNiteBR,post,1562563150,neutral
cb38n7,FortNiteBR,post,1562690198,negative
cedksw,FortNiteBR,post,1563373728,positive
ceq0xc,FortNiteBR,post,1563440623,neutral
cf73tj,FortNiteBR,post,1563540280,negative
cg9a5k,FortNiteBR,post,1563774376,neutral
cgh1cq,FortNiteBR,post,1563820344,neutral
ch9pey,FortNiteBR,post,1563982462,neutral
chxdfd,FortNiteBR,post,1564109823,negative
cj8vnl,FortNiteBR,post,1564392336,neutral
cjbusr,FortNiteBR,post,1564409931,neutral
cjd4r9,FortNiteBR,post,1564415806,negative
ckd5kz,FortNiteBR,post,1564601273,negative
ckd6ku,FortNiteBR,post,1564601400,negative
chinaf,Hiphopcirclejerk,post,1564027044,neutral
cbrkhv,Minecraft,post,1562821386,positive
cid4zt,NBA2k,post,1564201711,neutral
cca147,NoStupidQuestions,post,1562933340,negative
ccfy5h,NoStupidQuestions,post,1562962143,negative
can52p,SCJerk,post,1562602807,negative
cdzk85,SCJerk,post,1563295481,negative
cd2tvj,Saints,post,1563109703,neutral
chjd89,TWD,post,1564031637,negative
ca6e8h,WeAreTheMusicMakers,post,1562503165,negative
cbs5vw,answers,post,1562825554,neutral
c848f5,dankmemes,post,1562038245,neutral
c81d0y,dankmemes,post,1562021434,negative
cd7279,dankmemes,post,1563132393,neutral
cjucc5,dankmemes,post,1564504749,neutral
cbe1mh,dankmemes,post,1562746931,neutral
cgxgax,help,post,1563911192,negative
cfcatf,im14andthisisdeep,post,1563566030,negative
cfh13m,im14andthisisdeep,post,1563592029,neutral
cakguq,lakers,post,1562589277,neutral
c8jakz,minecraftsuggestions,post,1562125819,neutral
c91d7r,pornfree,post,1562238748,neutral
cfcj3e,redditrequest,post,1563567162,neutral
cb948o,redditrequest,post,1562717231,neutral
cd88ao,starbound,post,1563138203,positive
cb5sza,thelastofusfactions,post,1562701565,neutral
cjpago,unpopularopinion,post,1564478783,negative
cdw71n,washingtonwizards,post,1563278989,neutral
ccunry,Animemes,post,1563052842,negative
cc102e,AskHistorians,post,1562877618,negative
cff3uk,AskReddit,post,1563580214,neutral
cadczv,Braincels,post,1562541111,neutral
chykri,ChanceTheRapper,post,1564117370,neutral
cid615,ChanceTheRapper,post,1564201897,negative
cjhwva,ChanceTheRapper,post,1564436508,negative
cjkzel,ChapoTrapHouse,post,1564451692,negative
cgh4z4,GenderCritical,post,1563820815,neutral
cia3wa,GenderCritical,post,1564183276,neutral
cia8b3,GenderCritical,post,1564183945,neutral
cijjjf,GreenBayPackers,post,1564244916,positive
cfghk8,IASIP,post,1563588570,negative
c9ecrq,IndiaSpeaks,post,1562321917,negative
cimp0k,IndiaSpeaks,post,1564260205,negative
c8pog2,ManyATrueNerd,post,1562168877,neutral
ca7a9b,PewdiepieSubmissions,post,1562509045,negative
cag5fg,PrequelMemes,post,1562558002,neutral
cfsb9k,Showerthoughts,post,1563664784,negative
cfia9x,Warframe,post,1563600575,negative
chp919,Warframe,post,1564068665,neutral
cj9xk8,Warframe,post,1564399373,neutral
cjomsv,Warframe,post,1564473981,neutral
cbl5sy,WatchRedditDie,post,1562786615,negative
cbnwg4,WatchRedditDie,post,1562799987,negative
cipodp,apolloapp,post,1564276327,negative
cgcxsa,dankmemes,post,1563800624,negative
cf9jtv,dankmemes,post,1563553059,neutral
cdhib5,eos,post,1563197511,neutral
c7pr3w,football,post,1561967343,positive
c7zsb9,memes,post,1562013382,neutral
cc2i10,memes,post,1562884943,neutral
ci3dvk,memes,post,1564150461,neutral
cad6l1,needamod,post,1562540118,neutral
cilejd,powerwashingporn,post,1564253805,neutral
cill1w,powerwashingporn,post,1564254665,neutral
ciluxa,powerwashingporn,post,1564256012,neutral
cimqho,powerwashingporn,post,1564260414,neutral
cgdpq9,redditrequest,post,1563804797,neutral
cip9uz,redditrequest,post,1564274098,neutral
cb7o44,redditrequest,post,1562710032,neutral
chiou4,seventhworldproblems,post,1564027303,neutral
ckeqfc,subredditcancer,post,1564608427,neutral
ccxafg,teenagers,post,1563068049,positive
cf54ck,unpopularopinion,post,1563526150,negative
chmc1w,wallstreetbets,post,1564053372,neutral
c8tkhu,BikiniBottomTwitter,post,1562187592,negative
ce91mc,BreadStapledToTrees,post,1563344557,negative
cb92e6,Cricket,post,1562716936,negative
cbznyv,HistoryMemes,post,1562871481,neutral
cgimn5,JustUnsubbed,post,1563827770,negative
c8syyx,LabourUK,post,1562184679,negative
cciatc,LivestreamFail,post,1562974173,neutral
cdsijq,LivestreamFail,post,1563252658,neutral
ci1emr,LivestreamFail,post,1564138674,positive
ci2w74,LivestreamFail,post,1564147847,neutral
cijya7,LivestreamFail,post,1564246920,neutral
cikokk,LivestreamFail,post,1564250387,negative
cjj5js,LivestreamFail,post,1564442319,negative
cjl3p6,LivestreamFail,post,1564452313,neutral
cdl4p5,ProtectAndServe,post,1563214495,neutral
chlsen,SWGalaxyOfHeroes,post,1564049571,negative
ce6ij6,Showerthoughts,post,1563328871,neutral
c8h8w2,SouthParkPhone,post,1562113282,neutral
cb3dzw,TransDIY,post,1562690879,neutral
ch3gyq,TrueChristian,post,1563943000,neutral
c9m57i,WatchRedditDie,post,1562365753,negative
ch2fqb,WatchRedditDie,post,1563936780,neutral
cdlo2x,albania,post,1563216765,neutral
cichui,brockhampton,post,1564197401,negative
chucch,btc,post,1564092717,neutral
cd392j,buccaneers,post,1563112435,neutral
cejvqv,copypasta,post,1563402476,neutral
c7n0y5,dankmemes,post,1561948586,neutral
cb3lgc,dankmemes,post,1562691816,negative
chaohs,dankmemes,post,1563986934,negative
c8r7xw,exchristian,post,1562176349,negative
c8vlne,help,post,1562198444,neutral
c9njtg,opiates,post,1562374312,negative
cdeaja,playmygame,post,1563174827,neutral
ccfose,pokemon,post,1562960905,negative
cfp048,pokemon,post,1563646846,negative
cb1zuo,puns,post,1562684463,negative
cdxchu,redditrequest,post,1563285294,negative
cbtddv,redditrequest,post,1562834927,neutral
camx5n,redditrequest,post,1562601803,neutral
cis342,redditrequest,post,1564291577,neutral
ch870x,redditrequest,post,1563974933,neutral
cdquer,redditrequest,post,1563242619,neutral
cg43sz,redditrequest,post,1563743236,neutral
cf3e6g,teenagers,post,1563513027,negative
cjxhx3,teenagers,post,1564518167,neutral
c7mpat,unpopularopinion,post,1561946632,negative
c8f1j1,AskReddit,post,1562101515,neutral
cgj0hz,Braincels,post,1563829568,neutral
ch3iq5,Brawlstars,post,1563943308,negative
cjy0va,ChapoTrapHouse,post,1564520464,negative
ca1q77,FortNiteBR,post,1562465408,negative
cj0bc3,Kaiserreich,post,1564342776,neutral
cd9ukn,KotakuInAction,post,1563146806,negative
cjlo7m,MaddenUltimateTeam,post,1564455367,positive
c7u0gt,NOLAPelicans,post,1561995176,positive
c7lyqh,NewTubers,post,1561942111,neutral
ci6yt5,SCJerk,post,1564167699,negative
cekg5b,Showerthoughts,post,1563405350,negative
cb5csn,Showerthoughts,post,1562699555,negative
cbqlzn,Truckers,post,1562815245,negative
cfowbd,Warthunder,post,1563646324,neutral
c88oab,cars,post,1562070767,neutral
c88qxk,cars,post,1562071245,neutral
cbgyri,dankmemes,post,1562766719,neutral
chksno,dankmemes,post,1564041909,neutral
c7w3eu,dankmemes,post,1562001451,negative
cinmr1,dankmemes,post,1564265066,neutral
cifenq,dankmemes,post,1564218784,negative
ccg894,dankmemes,post,1562963523,negative
ccg8by,dankmemes,post,1562963534,negative
ccg8f6,dankmemes,post,1562963545,negative
ccg9p1,dankmemes,post,1562963709,negative
cbru6w,discordapp,post,1562823267,neutral
cc32j8,heat,post,1562887893,positive
cixtnc,help,post,1564330951,neutral
cbgqsi,memes,post,1562765470,negative
c8ehi9,memes,post,1562098823,neutral
cbidm8,moviescirclejerk,post,1562773703,negative
cady12,redditrequest,post,1562544557,neutral
cbrbra,redditrequest,post,1562819758,neutral
ca8udt,redditrequest,post,1562517794,neutral
cjqqk9,redditrequest,post,1564487986,neutral
cfqzwt,shittysuperpowers,post,1563657335,negative
cgrk0v,shittysuperpowers,post,1563882358,neutral
cf74w1,teenagers,post,1563540464,negative
ckggsz,teenagers,post,1564616959,neutral
card43,teenagers,post,1562621949,neutral
cargjz,teenagers,post,1562622397,negative
cart20,teenagers,post,1562624038,neutral
cdc3in,unpopularopinion,post,1563159838,negative
cjbctz,usedpanties,post,1564407473,neutral
citvvk,2007scape,post,1564306081,negative
ck8bfh,2007scape,post,1564578686,negative
ck963y,2007scape,post,1564583035,negative
cfklbl,AdviceAnimals,post,1563620159,neutral
cgxrm5,Amsterdam,post,1563912631,negative
cg19wu,AutoModerator,post,1563728654,neutral
cghb50,AutoModerator,post,1563821615,neutral
c7r63x,Braincels,post,1561978770,neutral
cizs5j,Catholicism,post,1564340280,neutral
cid9f4,Comcast_Xfinity,post,1564202551,neutral
c9n2cp,DarK,post,1562371270,neutral
ch9ums,ExpandDong,post,1563983156,neutral
chmh68,ExpandDong,post,1564054313,positive
ci2bmt,ExpandDong,post,1564144572,neutral
cgh06a,JamesBond,post,1563820196,neutral
ch802p,JustUnsubbed,post,1563973844,negative
cg2w9n,Megaman,post,1563736966,neutral
ce3uii,ModSupport,post,1563314870,negative
cd4o8d,MuayThai,post,1563120334,negative
cbhykh,REBL,post,1562771727,positive
c8csu9,Rainbow6,post,1562091976,neutral
cc1hvz,Reformed,post,1562879964,neutral
c8cmcm,bigfoot,post,1562091119,neutral
cd3d19,buccos,post,1563113098,neutral
cb4fak,copypasta,post,1562695457,neutral
cb8bml,dankmemes,post,1562713132,neutral
ckdbaa,dankmemes,post,1564601991,neutral
cd7h66,exmormon,post,1563134479,neutral
c8qnye,fcbayern,post,1562173698,positive
can4nn,fo4,post,1562602755,positive
cd007p,foxholegame,post,1563086733,negative
c8xqfl,gtaonline,post,1562211812,neutral
cgf0zv,gtaonline,post,1563811141,neutral
cgtr4i,gtaonline,post,1563894310,neutral
cgx632,gtaonline,post,1563909874,negative
c9j4d5,help,post,1562349917,neutral
c8249n,lakers,post,1562025674,neutral
c824ex,lakers,post,1562025698,neutral
cigwfd,lgbt,post,1564230362,negative
cdildl,BostonBruins,post,1563203202,neutral
cjm64m,ChapoTrapHouse,post,1564458145,neutral
c8a86v,Crowdfunding,post,1562079473,neutral
cd6j68,FIFA,post,1563129770,negative
cigfq9,Guildwars2,post,1564227087,negative
cie5vz,Habs,post,1564209040,neutral
c7yuw7,JustUnsubbed,post,1562009428,negative
c97w5y,LivestreamFail,post,1562275449,negative
cdfsj2,MINI,post,1563186591,neutral
cac5ic,MakeNewFriendsHere,post,1562534465,neutral
ce9v33,MurderedByWords,post,1563350592,neutral
ccl56n,PrequelMemes,post,1562991659,neutral
cay7ut,SUBREDDITNAME,post,1562661884,negative
cblwy7,SandersForPresident,post,1562790142,neutral
cgs3nn,Smite,post,1563885624,negative
cfgkc8,Smite,post,1563589066,negative
c9x3in,TopMindsOfReddit,post,1562438882,negative
cf904h,TopMindsOfReddit,post,1563550437,negative
cidx1z,TopMindsOfReddit,post,1564207215,negative
ckd07d,TopMindsOfReddit,post,1564600586,negative
cg05cg,VinylCollectors,post,1563722672,neutral
ce9q8n,WatchRedditDie,post,1563349506,negative
cjgpxn,WatchRedditDie,post,1564431229,negative
c87vvb,WatchRedditDie,post,1562065313,neutral
cgdv9i,awfuleverything,post,1563805588,negative
cjeq8k,czech,post,1564422688,positive
chdtgf,dankmemes,post,1564001485,negative
cbpe1j,dankmemes,post,1562808064,neutral
cb83ij,funny,post,1562712047,negative
ciqn0o,gencon,post,1564282053,neutral
cfwqne,kpop,post,1563696176,negative
cdfibw,legaladvice,post,1563184425,neutral
ch5slx,legaladvice,post,1563959423,negative
ci4m4f,memes,post,1564156425,neutral
ch8gzk,memes,post,1563976430,negative
cbrrq7,nukedmemes,post,1562822784,negative
ck72fs,politics,post,1564571646,neutral
cap41o,racism,post,1562611604,negative
cdokvk,racism,post,1563230220,negative
cj53bj,redditrequest,post,1564367292,neutral
c9y5s5,redditrequest,post,1562444501,neutral
cgtzi2,redditrequest,post,1563895393,neutral
cj9i6p,redditrequest,post,1564396579,neutral
c93bow,rupaulsdragrace,post,1562251113,negative
c93h89,rupaulsdragrace,post,1562251982,negative
c9slxp,stevenuniverse,post,1562412734,neutral
cgec24,survivor,post,1563807867,neutral
cfz91a,teenagers,post,1563717445,neutral
chg9rq,teenagers,post,1564013439,negative
chgwks,teenagers,post,1564016983,negative
cbix4c,thedivision,post,1562776261,neutral
cac7cm,ultrawidemasterrace,post,1562534736,neutral
ck1p67,weed,post,1564537986,negative
chi00f,2007scape,post,1564023189,negative
cd9pte,2007scape,post,1563146061,neutral
cecnap,AZCardinals,post,1563369090,neutral
cjrryj,AgainstHateSubreddits,post,1564493328,negative
cbnqcd,AutoModerator,post,1562799106,neutral
cc4n1p,BeautyGuruChatter,post,1562896672,negative
c9b7pd,Bitcoin,post,1562297608,neutral
cctpx8,Bitcoin,post,1563048001,negative
cjyhzs,Braincels,post,1564522513,negative
cbry5n,Brawlstars,post,1562824040,negative
cdg8jl,Brawlstars,post,1563189778,negative
ce5rxu,Brawlstars,post,1563324785,negative
cebcko,Brawlstars,post,1563361460,neutral
cebco4,Brawlstars,post,1563361476,neutral
chfze7,Brawlstars,post,1564011870,negative
c8xm77,Brawlstars,post,1562211017,neutral
cch0gj,ChapoTrapHouse,post,1562967376,neutral
ceeyr0,ChapoTrapHouse,post,1563380046,neutral
cgw49x,ChapoTrapHouse,post,1563905107,neutral
cha0mh,ChapoTrapHouse,post,1563983908,neutral
chjw90,ChapoTrapHouse,post,1564035306,neutral
civdnb,ChapoTrapHouse,post,1564317738,neutral
cjb8uw,ChapoTrapHouse,post,1564406897,neutral
cjdb2u,ChapoTrapHouse,post,1564416571,neutral
cg81n6,Chattanooga,post,1563766159,negative
cf0i35,FortNiteBR,post,1563495551,positive
ccpwbk,NewYorkIslanders,post,1563027922,neutral
c9y39g,NintendoSwitch,post,1562444130,negative
cbo930,NoStupidQuestions,post,1562801840,negative
ci24qe,PewdiepieSubmissions,post,1564143412,neutral
cc0zd8,PewdiepieSubmissions,post,1562877528,neutral
c9ncfi,SCP,post,1562372993,neutral
ch29q1,Schizoid,post,1563935819,negative
ce5eis,Seahawks,post,1563322731,neutral
cayums,Seaofthieves,post,1562666425,neutral
ccyw7z,The_Donald,post,1563078287,positive
cjh0ch,ToolBand,post,1564432512,positive
cfmo56,Twitch,post,1563634517,positive
cbi045,conspiracy,post,1562771921,neutral
cck5xl,conspiracy,post,1562985419,neutral
cdp5kw,conspiracy,post,1563233223,negative
ceei3e,conspiracy,post,1563377969,negative
cei80g,conspiracy,post,1563394814,neutral
cg7hno,conspiracy,post,1563762729,negative
chr0y7,conspiracy,post,1564076886,negative
caavvm,cyberpunkgame,post,1562528029,negative
cabqkn,cyberpunkgame,post,1562532336,negative
cfpw8e,dankmemes,post,1563651498,negative
ca8jbn,dankmemes,post,1562516120,negative
ci1nbs,dankmemes,post,1564140296,neutral
ci1noc,dankmemes,post,1564140364,neutral
ci1r1y,dankmemes,post,1564140989,neutral
c8u4vy,dankmemes,post,1562190445,negative
c8u4x3,dankmemes,post,1562190449,negative
ciqqwo,dankmemes,post,1564282712,negative
ccdqxc,drumcorps,post,1562951966,neutral
cg3ik4,food,post,1563740169,negative
c7xm9d,freefolk,post,1562005817,neutral
cfgrfk,hdtgm,post,1563590300,neutral
cd8xgm,help,post,1563141782,negative
cacq6e,jhu,post,1562537568,positive
cdb2gv,joinsquad,post,1563153801,negative
c9rcn8,lakers,post,1562401815,negative
ch00ey,madlads,post,1563923385,neutral
ceyhsw,memes,post,1563485099,negative
chpmrd,redditrequest,post,1564070429,neutral
cc5q1z,redditrequest,post,1562903096,neutral
cbhe7x,redditrequest,post,1562768921,neutral
cdars6,redditrequest,post,1563152073,neutral
chdrtr,redditrequest,post,1564001275,neutral
cdh6de,steelers,post,1563195643,neutral
cf792f,teenagers,post,1563541153,neutral
citbpy,unpopularopinion,post,1564301296,negative
cfvhtx,witcher,post,1563685769,neutral
chx45z,AskReddit,post,1564108277,negative
cbzos3,BabyBumps,post,1562871591,neutral
cj1zeh,ChapoTrapHouse,post,1564350742,negative
ckev68,Eminem,post,1564609060,neutral
chcblu,Iowa,post,1563994521,neutral
cb3it9,LSD,post,1562691490,neutral
cimbo3,OldSchoolCool,post,1564258312,negative
cbqcot,Palestine,post,1562813709,negative
cbv825,Palestine,post,1562848478,positive
c84s1x,RandomActsofCards,post,1562041764,positive
cg4fuz,RocketLeagueExchange,post,1563745026,negative
chf9xd,Twitch,post,1564008236,neutral
cbp0js,WayOfTheBern,post,1562805976,negative
c7qqjn,bakchodi,post,1561975438,neutral
c86a8f,bakchodi,post,1562052602,neutral
ca8nzm,conspiracy,post,1562516832,negative
cca3qh,dankmemes,post,1562933787,negative
c9vh85,dankmemes,post,1562430508,negative
cjnjlt,dankmemes,post,1564466608,neutral
chkyh4,dankmemes,post,1564043164,negative
c9bamt,destiny2,post,1562298196,negative
c9e02b,eos,post,1562319101,neutral
ce0e92,help,post,1563299204,neutral
c9ku40,hiphopheads,post,1562358744,negative
c9702n,nba,post,1562270510,neutral
c81v1t,nba,post,1562024202,negative
cj6rx5,netflix,post,1564377387,negative
cc2a1y,northernireland,post,1562883793,neutral
cg9niu,offmychest,post,1563777059,negative
cb9y6b,overlord,post,1562721545,negative
cg7ce6,redditrequest,post,1563761845,neutral
c8gjph,redditrequest,post,1562109245,neutral
cc428t,redditrequest,post,1562893367,neutral
cdhnve,redditrequest,post,1563198377,neutral
cakwww,redditrequest,post,1562591867,neutral
c9ycnh,redditrequest,post,1562445506,neutral
ci4365,shittysuperpowers,post,1564153937,positive
chmblb,startrekgifs,post,1564053287,neutral
cbn5e2,subredditcancer,post,1562796159,negative
cijamm,teenagers,post,1564243673,neutral
ca39c0,teenagers,post,1562475998,negative
celuai,tf2,post,1563412875,negative
ceq2vs,ukpolitics,post,1563441027,negative
cds0sd,unpopularopinion,post,1563249478,negative
cbzk2h,whatisthisthing,post,1562870987,negative
c83hqe,AVexchange,post,1562033752,neutral
ck0vag,AskReddit,post,1564533708,neutral
cd3s9m,AskReddit,post,1563115541,negative
cck0az,AskWomen,post,1562984424,neutral
canqfb,Astros,post,1562605554,neutral
cexax3,ChapoTrapHouse,post,1563479464,neutral
cakfh6,Cuckold,post,1562589046,neutral
cgi5xx,Cuckold,post,1563825600,neutral
cgiqp4,Cuckold,post,1563828306,neutral
cfzshd,DirecTVNow,post,1563720671,neutral
ce1siv,Libertarian,post,1563305428,neutral
chd570,Montana,post,1563998390,neutral
cfa4yv,PewdiepieSubmissions,post,1563555876,neutral
cgacgd,SubredditDrama,post,1563782389,neutral
cjx2ww,WWII,post,1564516358,neutral
chcr66,WestVirginia,post,1563996538,neutral
cbmj78,amishadowbanned,post,1562793124,negative
cfo3jw,beholdthemasterrace,post,1563642249,negative
ccpe8l,bestof,post,1563024872,negative
cfr912,circlejerk,post,1563658743,negative
ccd7wa,dankmemes,post,1562949571,neutral
cb3v43,dankmemes,post,1562692986,positive
cja1nk,dankmemes,post,1564400094,negative
cgo1pp,dankmemes,post,1563857045,negative
cf3bry,dankmemes,post,1563512580,neutral
cf6df4,dankmemes,post,1563535664,neutral
cf7u0p,keto,post,1563544429,neutral
caloqr,lakers,post,1562595913,neutral
c92lr5,literature,post,1562246921,negative
ck8n3a,memes,post,1564580399,neutral
cbxg3j,mildlyinfuriating,post,1562861332,negative
cigj66,modhelp,post,1564227817,neutral
cj4yv9,orangeisthenewblack,post,1564366611,neutral
cinwag,redditrequest,post,1564266473,negative
cfx8n8,redditrequest,post,1563701102,neutral
cgmoqh,redditrequest,post,1563848773,neutral
cdddkr,redditrequest,post,1563168120,neutral
ccw48v,redditrequest,post,1563060956,neutral
cc4l6v,teenagers,post,1562896382,neutral
ckf4jy,teenagers,post,1564610309,neutral
cbjnb6,Addons4Kodi,post,1562779680,negative
cbq00r,AskHistorians,post,1562811594,negative
ch2rkk,AskModerators,post,1563938711,neutral
c8od8a,ChapoTrapHouse,post,1562162061,neutral
cdwec2,CharlotteHornets,post,1563280155,neutral
cf8b2l,HumansBeingBros,post,1563546927,negative
cidcpj,IAmA,post,1564203196,negative
cdmfw6,Jokes,post,1563220085,negative
c9rmgy,JordanPeterson,post,1562404197,neutral
cjmz6z,JustBootThings,post,1564462990,negative
cj3fib,JusticeServed,post,1564358102,neutral
cj68ni,JusticeServed,post,1564374012,negative
cjkrx3,LiverpoolFC,post,1564450577,neutral
carlky,MonsterHunter,post,1562623076,negative
cj40r7,NewYorkMets,post,1564361348,neutral
cb1aog,Repsneakers,post,1562681073,neutral
cei7gk,Seattle,post,1563394741,neutral
chc634,SquaredCircle,post,1563993795,negative
c95rb3,THE_PACK,post,1562263892,neutral
cb1kq9,USLPRO,post,1562682466,neutral
cee1wt,WatchRedditDie,post,1563375942,neutral
ciugaz,asktransgender,post,1564310798,negative
cgcj6z,books,post,1563798228,neutral
cgec3i,btc,post,1563807872,neutral
chhhf2,buffalobills,post,1564020257,neutral
c8o86q,circlebroke2,post,1562161267,neutral
cbmaio,dankmemes,post,1562791964,neutral
cjan8g,gamindustri,post,1564403638,neutral
chh440,geopolitics,post,1564018200,positive
cjge5q,help,post,1564429841,neutral
cfp542,help,post,1563647567,negative
c98kjn,meme,post,1562279412,negative
cbye8u,nfl,post,1562865689,neutral
cd8nyf,nukedmemes,post,1563140416,neutral
cb7ln0,nukedmemes,post,1562709729,negative
cc9bmp,raisedbynarcissists,post,1562928694,positive
cgtrmz,redditrequest,post,1563894371,neutral
ci9bqe,redditrequest,post,1564179227,neutral
cef9pm,redditrequest,post,1563381395,neutral
cgyum9,runescape,post,1563917666,neutral
cei1b8,teenagers,post,1563393951,neutral
cg8a07,teenagers,post,1563767624,neutral
c9ihww,teenagers,post,1562346788,neutral
cfhrct,teenagers,post,1563596880,negative
c8c6gn,thebachelor,post,1562089027,positive
c82zjg,trump,post,1562030787,neutral
c9qy3t,unpopularopinion,post,1562398338,negative
cdvwki,unpopularopinion,post,1563277242,negative
cdsxqg,unpopularopinion,post,1563255592,neutral
c9aiyn,2007scape,post,1562292622,positive
carar0,AskHR,post,1562621644,neutral
cjiny7,AskOuija,post,1564439958,negative
cg8rid,AskReddit,post,1563770806,neutral
cai0xw,ChapoTrapHouse,post,1562571332,negative
cb8h0v,ChapoTrapHouse,post,1562713872,neutral
cid7yj,ChapoTrapHouse,post,1564202265,negative
cfvrae,Crunchyroll,post,1563687772,negative
cf08u5,EarthPorn,post,1563494103,negative
ci64f0,Jokes,post,1564163638,neutral
c7xv11,MDMA,post,1562006543,neutral
ck7v5c,MaliciousCompliance,post,1564576196,negative
cf5hsb,NSFW_Snapchat,post,1563529074,negative
cdh2lq,OldSchoolCool,post,1563195075,negative
cd485z,StrangerThings,post,1563117955,neutral
cdd6xu,The_Donald,post,1563166916,negative
ca2xgb,WatchPeopleDieInside,post,1562473548,neutral
cdrawv,WatchRedditDie,post,1563245213,negative
cafqp4,anime,post,1562555421,neutral
ccby9h,communism,post,1562943673,negative
chctv8,dankmemes,post,1563996892,negative
chcuzu,dankmemes,post,1563997033,negative
chd1lk,dankmemes,post,1563997914,negative
chd2up,dankmemes,post,1563998074,neutral
chpteo,dankmemes,post,1564071275,negative
cjka5n,dankmemes,post,1564448047,negative
c85xbe,dankmemes,post,1562049905,neutral
c86zzc,dankmemes,post,1562058565,neutral
cjq243,dankmemes,post,1564483917,neutral
cjq8p5,dankmemes,post,1564485051,negative
cg3oy9,dankmemes,post,1563741091,negative
cid76o,food,post,1564202117,negative
cj72j6,funny,post,1564379318,neutral
cf8v2y,heroesofthestorm,post,1563549747,neutral
c8kvop,lakers,post,1562136939,neutral
c8l092,nba,post,1562137889,negative
cb5oer,needamod,post,1562700995,neutral
ccr6q6,redditrequest,post,1563035058,neutral
ccafo1,redditrequest,post,1562935792,neutral
ccmb0w,redditrequest,post,1563000228,neutral
c868ka,redditrequest,post,1562052229,neutral
c8lwpt,redditrequest,post,1562145433,neutral
cilbjr,redditrequest,post,1564253420,neutral
cdvj1n,rome,post,1563274899,neutral
ccwe9s,samharris,post,1563062604,negative
cd77fb,teenagers,post,1563133105,negative
cf5cbm,teenagers,post,1563527907,negative
cfdi6i,teenagers,post,1563571993,neutral
c7m8nn,teenagers,post,1561943801,negative
cjmzlr,teenagers,post,1564463054,neutral
cfisie,teenagers,post,1563604614,neutral
chyyxw,travisscott,post,1564120086,negative
ci6qt0,49ers,post,1564166619,neutral
cf21l8,Animemes,post,1563504485,neutral
cdf6py,BokuNoHeroAcademia,post,1563181918,neutral
ccpr7h,Chromecast,post,1563027091,neutral
cgfjf7,Comcast_Xfinity,post,1563813540,neutral
cjze7a,DankMemesFromSite19,post,1564526532,neutral
cj5j1v,Entomology,post,1564369786,negative
cadn49,FindAUnit,post,1562542737,neutral
cj10vl,FortNiteBR,post,1564346077,positive
c9jlic,JustUnsubbed,post,1562352359,negative
camve6,PS4,post,1562601585,neutral
cdwqts,PoliticalHumor,post,1563282134,negative
cdu6lo,Prague,post,1563264695,negative
cbrkgw,SandersForPresident,post,1562821380,negative
cdn1d5,SandersForPresident,post,1563222785,negative
c9pgyn,WatchRedditDie,post,1562387421,negative
cbwnco,Wellthatsucks,post,1562857578,positive
cecsit,angelsbaseball,post,1563369825,neutral
c96zsz,dankmemes,post,1562270464,negative
cc6etg,dankmemes,post,1562907533,neutral
cchv6y,dankmemes,post,1562971812,negative
ce2hnz,dankmemes,post,1563308625,neutral
c7u8bx,dankmemes,post,1561996055,neutral
ce6qg4,gonewild,post,1563330093,neutral
cas5cp,islam,post,1562625745,negative
cg97gb,islam,post,1563773844,neutral
cbpbpw,nukedmemes,post,1562807696,negative
c7mv9p,prolife,post,1561947628,negative
cbcro6,reddevils,post,1562737766,neutral
ckfqgc,reddevils,post,1564613246,neutral
cj2rdu,redditmobile,post,1564354653,negative
c88teo,redditrequest,post,1562071685,neutral
cj2h12,redditrequest,post,1564353170,neutral
c97j1q,redditrequest,post,1562273385,neutral
cjjayv,redditrequest,post,1564443043,neutral
chidq5,redditrequest,post,1564025422,neutral
ci4ist,muacirclejerk,post,1564155997,negative
c91l48,nba,post,1562240357,negative
ccbzd9,nba,post,1562943812,neutral
ciftl2,nfl,post,1564222188,neutral
cgifst,redditrequest,post,1563826865,neutral
ch94xm,redditrequest,post,1563979750,neutral
ca48vn,redditrequest,post,1562484208,neutral
cdd5n9,redditrequest,post,1563166677,neutral
cgp3cd,redditrequest,post,1563864222,neutral
cgstnp,redditrequest,post,1563889647,neutral
ckachr,redditrequest,post,1564588857,neutral
c7nkfo,teenagers,post,1561951924,positive
cf3cuu,teenagers,post,1563512779,negative
cfxlt2,teenagers,post,1563704599,neutral
cecqrb,unpopularopinion,post,1563369576,negative
c9nzs6,visualization,post,1562377157,negative
ck6y4x,youseeingthisshit,post,1564570918,negative
c80dks,4chan,post,1562016289,negative
cawlp3,4chan,post,1562650595,negative
cd4ky2,Assistance,post,1563119858,neutral
c8taer,Braves,post,1562186214,positive
cad27r,ChapoTrapHouse,post,1562539414,negative
cbqx4q,ClashOfClans,post,1562817175,negative
cf0dp5,Cricket,post,1563494897,negative
ce1z4k,DenverBroncos,post,1563306260,neutral
ciovga,GrandTheftAutoV,post,1564271885,neutral
cdcgpg,Kappa,post,1563162127,negative
cjmt5f,KotakuInAction,post,1564461963,neutral
c97uxa,MoviePassClub,post,1562275260,neutral
cio85g,PewdiepieSubmissions,post,1564268285,neutral
ce8l9d,RoastMe,post,1563341475,negative
ckgb07,Seaofthieves,post,1564616107,negative
cjawww,Sino,post,1564405126,negative
cdekf1,SuicideWatch,post,1563176913,neutral
cc2ith,Unitale,post,1562885060,negative
ck1vkw,WatchRedditDie,post,1564538911,negative
cd84yp,askportland,post,1563137738,neutral
cfjtp4,askscience,post,1563613721,neutral
cf7r4v,baseballcards,post,1563543989,neutral
cgdqli,dankmemes,post,1563804916,neutral
c9my3d,dankmemes,post,1562370520,negative
c9myb9,dankmemes,post,1562370560,negative
c85bx3,dankmemes,post,1562045500,negative
c7ycb6,dankmemes,post,1562007936,negative
c7yxst,dankmemes,post,1562009678,neutral
cin3me,findareddit,post,1564262299,negative
cjqs5y,jailbreak,post,1564488226,neutral
ca0xh8,madlads,post,1562460225,neutral
cjys77,nba,post,1564523748,neutral
c9lge0,redditrequest,post,1562361969,neutral
cf1u5b,redditrequest,post,1563503224,neutral
cc5hv1,redditrequest,post,1562901712,neutral
ccs852,redditrequest,post,1563040485,neutral
ch01c3,redditrequest,post,1563923516,neutral
cctxkz,redditrequest,post,1563049078,neutral
cbmzh7,tacobell,post,1562795311,negative
ciqhzn,teenagers,post,1564281172,negative
cdu3sz,teenagers,post,1563264079,positive
cglw27,tennis,post,1563844240,positive
ccmyo0,thesims,post,1563005756,negative
cjyeno,wallstreetbets,post,1564522119,neutral
cci8s2,xboxone,post,1562973851,negative
cj39bd,2007scape,post,1564357202,negative
cgm94a,ACT,post,1563846282,neutral
c9n41y,Animemes,post,1562371575,positive
cg0si1,AskHistorians,post,1563726129,negative
c8qhiq,AskLosAngeles,post,1562172862,neutral
cgnzso,AskReddit,post,1563856707,neutral
chrlrt,Braincels,post,1564079562,neutral
cb41cm,Brampton,post,1562693757,positive
cfaaye,FantasyPL,post,1563556634,neutral
ch8jkr,RoastMe,post,1563976812,negative
chbt2q,RobinHood,post,1563992112,neutral
cb7gqo,SciFiRealism,post,1562709101,neutral
c91cm1,Showerthoughts,post,1562238625,negative
chrt34,StarVStheForcesofEvil,post,1564080518,neutral
ci3dg9,TheHandmaidsTale,post,1564150400,neutral
cf2dsi,The_Donald,post,1563506551,positive
chhch0,The_Donald,post,1564019485,neutral
c80rmi,The_Donald,post,1562018294,negative
ccrk8t,Tomorrowland,post,1563037048,neutral
cfgq37,Twitch,post,1563590071,neutral
cf0h17,Twitch,post,1563495384,negative
cdirwf,bakchodi,post,1563204086,neutral
c9lz8z,borrow,post,1562364832,neutral
ca0tz4,borrow,post,1562459616,neutral
cbxjb4,criticalrole,post,1562861719,neutral
cjgnd0,curvy,post,1564430925,negative
cil5c4,dankmemes,post,1564252598,negative
civb9m,dankmemes,post,1564317283,negative
cjvzno,dankmemes,post,1564511675,neutral
cebyug,dankmemes,post,1563365318,negative
cebyv7,dankmemes,post,1563365322,negative
cc48yy,dankmemes,post,1562894394,neutral
ce9sal,dankmemes,post,1563349966,negative
ccclg9,dankmemes,post,1562946665,negative
c8no3l,destiny2,post,1562158006,negative
ci3voy,destiny2,post,1564152974,neutral
cfpmyf,donaldglover,post,1563650143,positive
ca1x0n,drumcorps,post,1562466657,neutral
cbe3ia,ehlersdanlos,post,1562747341,neutral
c7xuw0,gamegrumps,post,1562006532,negative
c9ypkc,lakers,post,1562447382,negative
caim81,learnprogramming,post,1562576297,neutral
cflee1,marvelstudios,post,1563626489,neutral
cbykgo,nhl,post,1562866452,neutral
cb8fwg,nukedmemes,post,1562713723,negative
c9n7ml,philosophy,post,1562372159,negative
cibd7e,pyrocynical,post,1564190373,neutral
cbmd36,redditrequest,post,1562792316,neutral
cdzmqm,redditrequest,post,1563295808,neutral
ceovlm,redditrequest,post,1563431717,neutral
cawnwn,redditrequest,post,1562650999,neutral
cfucqa,redditrequest,post,1563677645,neutral
cj21pb,redditrequest,post,1564351038,neutral
cgusqx,rheumatoid,post,1563899157,neutral
c8d7t6,subredditcancer,post,1562093934,negative
cepytc,teenagers,post,1563440200,negative
cd4cjw,teenagers,post,1563118605,negative
cic6pt,unpopularopinion,post,1564195427,negative
c8fmz0,yourmomshousepodcast,post,1562104509,negative
chmqsb,2007scape,post,1564056041,negative
c861hl,2007scape,post,1562050766,negative
ciza9h,AskReddit,post,1564337947,negative
ch8sqw,AskReddit,post,1563978080,neutral
cbrpcg,BokuNoHeroAcademia,post,1562822311,neutral
cizkwy,CasualConversation,post,1564339331,neutral
ca0bri,DBZDokkanBattle,post,1562456564,neutral
cbywzb,Dublin,post,1562868051,neutral
chpraz,FemdomCommunity,post,1564071005,neutral
c9mdkd,GWABackstage,post,1562367102,neutral
cgg4e1,LivestreamFail,post,1563816205,negative
ccfs2s,NYCFC,post,1562961349,neutral
ccosr9,PokemonGoSpoofing,post,1563020845,neutral
ceu117,RightwingLGBT,post,1563464098,neutral
cb2gsq,SUBREDDITNAME,post,1562686676,negative
ckec59,Steam,post,1564606621,neutral
cakq7m,StrangerThings,post,1562590832,neutral
cfivzn,TagPro,post,1563605412,neutral
c9q1xk,WatchRedditDie,post,1562391606,neutral
ch8qm5,alaska,post,1563977793,neutral
cf6zmy,copypasta,post,1563539611,negative
cjd4ug,dankmemes,post,1564415814,neutral
ci30tb,dankmemes,post,1564148552,neutral
c87sro,dankmemes,post,1562064687,neutral
c9989b,dankmemes,post,1562283541,neutral
c9351h,everquest,post,1562250060,neutral
cfndsi,guns,post,1563638438,neutral
ce1xbc,help,post,1563306039,neutral
ciy87d,islam,post,1564332941,negative
c8dnrd,lakers,post,1562095520,neutral
ccyw9p,legaladvice,post,1563078296,neutral
c8167i,miamidolphins,post,1562020397,neutral
c8wkkz,nukedmemes,post,1562204379,neutral
cek55u,nukedmemes,post,1563403783,negative
cgmk8d,redditrequest,post,1563848046,negative
cdi6g9,redditrequest,post,1563201141,neutral
ce59bz,redditrequest,post,1563321996,neutral
cjzj91,teenagers,post,1564527158,negative
cixd70,teenagers,post,1564328778,neutral
cc4p6i,teenagers,post,1562897006,neutral
c8ixyn,Braincels,post,1562123605,neutral
c91oez,Braincels,post,1562241020,negative
c9542e,Braincels,post,1562260645,negative
ca59o6,Braincels,post,1562493781,negative
cawuzs,Braincels,post,1562652328,negative
cbih33,Braincels,post,1562774176,neutral
cbrhdj,Braincels,post,1562820796,negative
cc9k89,Braincels,post,1562930303,negative
ccnnsh,Braincels,post,1563011877,negative
cczu30,Braincels,post,1563085318,neutral
cczzg7,Braincels,post,1563086556,negative
cd154s,Braincels,post,1563096491,neutral
cdh2uw,Braincels,post,1563195114,negative
cdi1jq,Braincels,post,1563200417,negative
cdq34l,Braincels,post,1563238389,neutral
cduhip,Braincels,post,1563267185,negative
ce89c8,Braincels,post,1563339299,negative
cer2lh,Braincels,post,1563448099,negative
cewgso,Braincels,post,1563475460,neutral
cfk82j,Braincels,post,1563617064,negative
cg1011,Braincels,post,1563727226,negative
ch1cqw,Braincels,post,1563930618,negative
chplym,Braincels,post,1564070326,negative
cj0r36,Braincels,post,1564344806,negative
cj164a,Braincels,post,1564346765,negative
ccbm6n,Brawlstars,post,1562942039,neutral
chb1xf,ChapoTrapHouse,post,1563988645,negative
cb5dga,Charlotte,post,1562699633,neutral
ch8xu1,Delaware,post,1563978802,neutral
cenb9e,Dodgers,post,1563421382,neutral
ci3yk7,Drama,post,1564153352,negative
c9vrf1,EscapefromTarkov,post,1562432016,positive
celfu9,FireEmblemHeroes,post,1563410601,neutral
cbyunx,GreenBayPackers,post,1562867751,positive
ch0mvz,LivestreamFail,post,1563926679,negative
cj59rd,OldSchoolCool,post,1564368319,negative
c9ku1m,PewdiepieSubmissions,post,1562358734,negative
c9uz8d,PewdiepieSubmissions,post,1562427866,negative
ccbzan,RedLetterMedia,post,1562943803,positive
ccq0uk,ShitPoliticsSays,post,1563028662,negative
cf9fkl,StardustCrusaders,post,1563552499,neutral
ccrma4,The_Donald,post,1563037344,negative
cbw4zu,UFOs,post,1562854698,negative
cgwpnt,UFOs,post,1563907792,neutral
chwozy,UFOs,post,1564105789,negative
c8jjse,WatchRedditDie,post,1562127431,negative
c93bmq,amateur_boxing,post,1562251102,neutral
c8oni5,brockhampton,post,1562163604,positive
cjibeg,brockhampton,post,1564438331,neutral
cezxg3,dankmemes,post,1563492332,negative
c9ohff,dankmemes,post,1562380352,negative
c7z8ym,dankmemes,post,1562010831,neutral
c92ssk,dankmemes,post,1562248113,negative
ckbs17,dankmemes,post,1564594999,positive
c8gwyt,dankmemes,post,1562111353,negative
ceqm5n,dankmemes,post,1563444947,negative
cgcomt,dankmemes,post,1563799122,neutral
cdx6dp,dankmemes,post,1563284405,negative
c7ti1k,dankmemes,post,1561992669,negative
cgikdk,dankmemes,post,1563827482,neutral
c9doom,discordapp,post,1562316583,negative
cc8ey9,geometrydash,post,1562922154,neutral
ccdhf0,memes,post,1562950775,negative
cjiyk4,metacanada,post,1564441386,negative
cgpu4t,needamod,post,1563869913,neutral
ci0168,pakistan,post,1564128057,neutral
cjrf16,raisedbynarcissists,post,1564491559,negative
cailv9,reddevils,post,1562576221,neutral
cgil90,redditrequest,post,1563827593,neutral
chmphx,redditrequest,post,1564055821,neutral
chbdqt,redditrequest,post,1563990142,neutral
c8lmi2,redditrequest,post,1562143054,neutral
cegqgm,redditrequest,post,1563388058,neutral
ca1cq7,redditrequest,post,1562462958,neutral
ceo5za,self,post,1563426741,negative
ccwuqt,sports,post,1563065304,neutral
cacx8i,teenagers,post,1562538646,negative
cag9nd,teenagers,post,1562558747,negative
cagf73,teenagers,post,1562559754,negative
cagf78,teenagers,post,1562559754,negative
chw2kz,worldpolitics,post,1564102188,negative
cgzfqw,AskHistorians,post,1563920480,negative
c9cdod,AskOuija,post,1562306151,neutral
cgv2m1,Braincels,post,1563900396,negative
ciam2f,CCW,post,1564186025,neutral
cjwxfs,IncelTears,post,1564515717,neutral
cigj2h,JordanPeterson,post,1564227800,negative
cagw0m,Persona5,post,1562562969,negative
c920mx,PewdiepieSubmissions,post,1562243285,neutral
c9luka,Rainbow6,post,1562364126,neutral
ccm6jr,Rainbow6,post,1562999249,negative
cbgcr0,SSBM,post,1562763264,neutral
ck748g,SandersForPresident,post,1564571949,neutral
c8m35h,SquaredCircle,post,1562146887,positive
cibb0b,SteamAccountsForSale,post,1564190010,negative
c81l70,TameImpala,post,1562022691,neutral
cf6m9o,TameImpala,post,1563537333,positive
ch1tii,ToolBand,post,1563933236,neutral
chd0nz,Utah,post,1563997792,neutral
ciq0yq,Warthunder,post,1564278322,negative
cezxkk,Winnipeg,post,1563492345,neutral
cdea0g,canadients,post,1563174724,negative
ccholh,conspiracy,post,1562970831,neutral
caay3j,dankmemes,post,1562528333,neutral
ck1eah,dankmemes,post,1564536388,negative
cbj40x,dankmemes,post,1562777191,positive
cclg7w,darkjokes,post,1562993773,negative
cc59an,disability,post,1562900311,neutral
ci8tfy,dishwashers,post,1564176706,neutral
choyyl,fireemblem,post,1564067417,positive
cfmo2p,freefolk,post,1563634504,negative
cfhzi2,funkopop,post,1563598436,negative
cgej8t,funkopop,post,1563808817,neutral
c95llw,help,post,1562263107,negative
cfbxnf,intermittentfasting,post,1563564260,neutral
c8klkw,lakers,post,1562134794,neutral
cd88at,minnesota,post,1563138204,negative
cizv43,pansexual,post,1564340677,negative
cahnej,redditrequest,post,1562568559,neutral
ccd4cj,redditrequest,post,1562949112,neutral
c8wi3y,redditrequest,post,1562203952,neutral
cenkko,rva,post,1563422945,neutral
c986jg,shittysuperpowers,post,1562277108,neutral
c9iwkq,teenagers,post,1562348856,negative
cc4mhw,teenagers,post,1562896584,negative
cc4ntx,teenagers,post,1562896800,negative
cffdo0,teenagers,post,1563581793,neutral
c97djn,unpopularopinion,post,1562272557,negative
c8far2,walmart,post,1562102764,negative
c9soq2,xboxone,post,1562413310,negative
cc27xg,xboxone,post,1562883500,neutral
chy507,xboxone,post,1564114516,neutral
c7r02c,zen,post,1561977489,negative
c7r0u0,zen,post,1561977652,negative
c7zbqo,zen,post,1562011198,neutral
c99v6v,APStudents,post,1562287871,negative
cbowkp,AlienBlue,post,1562805346,neutral
chbidi,Arkansas,post,1563990734,neutral
cjo85b,AskOuija,post,1564471075,neutral
cjd64l,AskReddit,post,1564415959,neutral
cblhaw,Catloaf,post,1562788097,negative
cbmo4v,Catloaf,post,1562793787,negative
cgvms2,Catloaf,post,1563902896,negative
ca3ute,Cricket,post,1562480788,neutral
cgd88l,FortNiteBR,post,1563802243,neutral
c87e2a,FreeSpeech,post,1562061667,neutral
cg8no4,HiTMAN,post,1563770055,negative
chc083,Idaho,post,1563993041,neutral
cc8qk1,IndianEnts,post,1562924494,neutral
cbatmc,MLBTheShow,post,1562726322,neutral
cdfevc,MMORPG,post,1563183666,negative
chb672,PCOS,post,1563989198,neutral
ch9ahp,PewdiepieSubmissions,post,1563980494,negative
cjb1pa,Showerthoughts,post,1564405833,negative
c9ybhj,SkyrimTogether,post,1562445339,neutral
cck9tw,SkyrimTogether,post,1562986100,neutral
cgf5r9,SonicTheHedgehog,post,1563811742,neutral
cibiqr,The_Donald,post,1564191269,positive
cb9m6z,Thunder,post,1562719785,positive
cige0q,Twitch,post,1564226725,negative
cbu9wl,WatchRedditDie,post,1562842078,negative
c93xaw,amishadowbanned,post,1562254368,neutral
cdlryj,bakchodi,post,1563217214,negative
cdxvr7,bakchodi,post,1563287906,neutral
chjloa,bakchodi,post,1564033261,negative
cjcai4,bakchodi,post,1564412018,negative
cdiyj8,blackdesertonline,post,1563204986,negative
ci6rwt,btc,post,1564166764,negative
cj6fwn,btc,post,1564375240,negative
cjjxmp,btc,post,1564446259,neutral
cimhxu,dankmemes,post,1564259188,positive
cbforq,dankmemes,post,1562759082,neutral
ck2yi8,dankmemes,post,1564544751,negative
c9e8ol,dankmemes,post,1562320997,negative
cc92vs,dankmemes,post,1562926951,negative
cgb621,dankmemes,post,1563788957,neutral
cdbm31,dankmemes,post,1563156942,neutral
ceto8q,dankmemes,post,1563462441,negative
ciy502,dragonballfighterz,post,1564332496,negative
ceoyv7,facepalm,post,1563432406,negative
cdhxg0,gonewild,post,1563199831,neutral
cdy27e,hawks,post,1563288769,neutral
cizzmz,ideasfortheadmins,post,1564341256,neutral
carew4,knitting,post,1562622171,neutral
carfpx,knitting,post,1562622286,neutral
carggb,knitting,post,1562622386,neutral
c8yyzj,lakers,post,1562220098,neutral
c9csj7,lakers,post,1562309253,negative
c85w6r,memes,post,1562049676,neutral
cctbv2,memes,post,1563046006,negative
cgnl92,modhelp,post,1563854189,neutral
cb7os8,movies,post,1562710123,neutral
ccx1ta,northernireland,post,1563066507,negative
cjv0hx,rant,post,1564507583,negative
cdnjlm,redditrequest,post,1563225116,neutral
cgg5mb,redditrequest,post,1563816363,neutral
c9bc5k,redditrequest,post,1562298490,neutral
cjkuoy,sbubby,post,1564450987,neutral
cjkwhd,sbubby,post,1564451258,neutral
cjl6qp,sbubby,post,1564452762,neutral
cjl9pm,sbubby,post,1564453196,neutral
cjlbnx,sbubby,post,1564453471,negative
ckfkkf,softwaregore,post,1564612442,neutral
cimrw7,transgamers,post,1564260629,positive
cdddp0,trashy,post,1563168141,negative
cb9s5g,wallstreetbets,post,1562720644,negative
c9yw0m,AVoid5,post,1562448345,neutral
cev9et,AdmiralBulldog,post,1563469825,positive
cjv5tc,AskReddit,post,1564508192,neutral
cbt0ty,Barcelona,post,1562831974,negative
cbs85e,Braincels,post,1562826002,neutral
c9pdqt,BreadStapledToTrees,post,1562386788,negative
cfhz7s,BreadStapledToTrees,post,1563598372,negative
c8da4s,ClashRoyale,post,1562094231,neutral
cbq364,ClashRoyale,post,1562812110,positive
c94mbn,GlobalOffensive,post,1562258104,neutral
chk163,GlobalOffensive,post,1564036293,neutral
cbm4p7,HighQualityGifs,post,1562791182,negative
cc6iar,Mavericks,post,1562908163,neutral
chrfg7,ModSupport,post,1564078739,neutral
cemmd2,NormMacdonald,post,1563417331,neutral
ckdduq,Sat,post,1564602322,neutral
ccekwt,Showerthoughts,post,1562955747,negative
ccse8t,The_Donald,post,1563041309,negative
cdtg0p,Twitch,post,1563259284,neutral
cg2vio,aoe2,post,1563736867,neutral
chogmy,beatles,post,1564065220,neutral
chvdrw,beatles,post,1564098263,neutral
ci2itn,bonehurtingjuice,post,1564145757,neutral
c9udyx,dankmemes,post,1562424597,neutral
cjd3xu,dankmemes,post,1564415702,negative
cji8fw,dankmemes,post,1564437962,neutral
ccvi9b,dvdcollection,post,1563057487,neutral
cju4kv,dvdcollection,post,1564503853,neutral
cjqk9m,exjw,post,1564486977,neutral
cg02pz,freefolk,post,1563722283,positive
cfr6vr,gtaonline,post,1563658412,neutral
c85xa7,lakers,post,1562049896,negative
cenfho,mildlyinfuriating,post,1563422108,neutral
cbqejv,penguins,post,1562814027,negative
cftqvj,queen,post,1563673661,negative
cjtote,redditrequest,post,1564502036,neutral
cc3h4k,redditrequest,post,1562890082,neutral
c84bry,redditrequest,post,1562038849,neutral
ck3nq5,redditrequest,post,1564548748,neutral
c8kivb,russia,post,1562134234,positive
cdhf8u,Cricket,post,1563197018,neutral
c7mtrv,DBZDokkanBattle,post,1561947374,neutral
cblq8x,DeepFriedMemes,post,1562789252,negative
ca0ddj,EscapefromTarkov,post,1562456830,neutral
charpx,Gunners,post,1563987360,neutral
c7sfcp,Israel,post,1561986887,negative
c82mag,KotakuInAction,post,1562028617,negative
cdzf5s,MedicalGore,post,1563294853,positive
cje4pi,Minecraft,post,1564420096,negative
ccpxr7,The_Donald,post,1563028169,neutral
cf4qt3,WatchRedditDie,post,1563522969,negative
cgv2fi,chicagobeer,post,1563900374,neutral
c9lu6i,confession,post,1562364071,negative
cfnutl,dankmemes,post,1563640956,negative
c9djm6,dankmemes,post,1562315376,neutral
c9x2gc,dankmemes,post,1562438725,negative
c9x3um,dankmemes,post,1562438929,negative
cfu34m,dankmemes,post,1563675871,neutral
cig9n8,dankmemes,post,1564225784,negative
cj220e,dankmemes,post,1564351082,negative
chr1nh,dating,post,1564076974,neutral
caesu8,deathgrips,post,1562549715,neutral
cdgq16,femalehairadvice,post,1563192961,positive
ch7xen,femalehairadvice,post,1563973468,positive
cgemc4,hamsters,post,1563809217,positive
c98bv6,hoi4,post,1562277955,negative
ce1xar,modhelp,post,1563306037,neutral
c7vtsd,modhelp,post,1562000679,neutral
c98n85,redditrequest,post,1562279876,neutral
c84px3,redditrequest,post,1562041364,neutral
cjwarh,redditrequest,post,1564513009,neutral
cjthwn,redditrequest,post,1564501192,neutral
ckbuuu,redditrequest,post,1564595364,neutral
cepz44,shittysuperpowers,post,1563440270,neutral
cbidg0,teenagers,post,1562773677,negative
c9s0uf,ukpolitics,post,1562407766,negative
cjwp1y,wallstreetbets,post,1564514701,negative
c9gj8t,2007scape,post,1562336707,positive
cdni99,AskReddit,post,1563224944,negative
cdmklc,AskThe_Donald,post,1563220656,negative
cjii6d,ChapoTrapHouse,post,1564439196,positive
cah537,DetroitRedWings,post,1562564800,neutral
chrndy,GamerPals,post,1564079768,negative
cjolqj,Goldfish,post,1564473756,negative
ccgbyk,LAClippers,post,1562964015,neutral
cai5us,LSD,post,1562572455,negative
cdj5bg,MLS,post,1563205908,neutral
cftilb,RoastMe,post,1563672217,negative
cd2keu,The_Donald,post,1563107998,negative
ck08u6,Vinesauce,post,1564530543,positive
cjxbwm,Xiaomi,post,1564517432,neutral
c8pil9,askgaybros,post,1562168051,positive
cjgefi,cincinnati,post,1564429875,neutral
ccmmho,confession,post,1563002875,neutral
ce4d6f,confession,post,1563317370,neutral
cgxeb6,confession,post,1563910933,neutral
cexhfv,criterion,post,1563480305,neutral
cbqx52,cuboulder,post,1562817178,neutral
ci0ye1,dankmemes,post,1564135371,neutral
cb938g,dankmemes,post,1562717073,neutral
ch6v3n,dankmemes,post,1563967056,neutral
c9kvky,dankmemes,post,1562358955,negative
cbjrka,dankmemes,post,1562780230,negative
ci9s3f,dankmemes,post,1564181556,negative
cf85qr,dankmemes,post,1563546157,neutral
c9regg,explainlikeimfive,post,1562402249,negative
c9rhjk,explainlikeimfive,post,1562403011,negative
c801ps,forhonor,post,1562014678,negative
cdq5iu,foxholegame,post,1563238770,negative
cjve7n,lakers,post,1564509178,negative
cbjh2b,memes,post,1562778864,neutral
c7r6yu,pewdiepie,post,1561978943,negative
chvuqv,redditrequest,post,1564100949,neutral
cgamnw,redditrequest,post,1563784769,neutral
cgmtke,Twitch,post,1563849531,neutral
c8jwlu,WeAreTheMusicMakers,post,1562129825,neutral
cfl2ar,apolloapp,post,1563624053,negative
cjqquu,dankmemes,post,1564488031,negative
cfhdbp,dankmemes,post,1563594273,negative
cf087d,dankmemes,post,1563494002,negative
cakjed,dogs,post,1562589693,neutral
cixmew,formula1,post,1564329968,negative
c9vaay,halo,post,1562429496,neutral
cav6y6,ideasfortheadmins,post,1562641994,neutral
cctgix,im14andthisisdeep,post,1563046669,negative
cbq7c4,madlads,post,1562812809,neutral
cj9v75,mercedes_benz,post,1564398979,neutral
cb8uxu,mildlyinfuriating,post,1562715873,neutral
cfniu0,mildlyinfuriating,post,1563639176,negative
cgxe27,modhelp,post,1563910900,neutral
c8rlgn,naturalbodybuilding,post,1562178116,neutral
c8keg0,needamod,post,1562133324,neutral
cenh22,pokemon,post,1563422359,negative
ca0zlq,redditrequest,post,1562460621,neutral
ch7x6w,redditrequest,post,1563973442,neutral
chaqbf,redditrequest,post,1563987174,neutral
cjt2vj,redditrequest,post,1564499376,neutral
cizow3,russian,post,1564339861,neutral
c7mqhf,teenagers,post,1561946829,negative
cev0xg,teenagers,post,1563468723,neutral
cf9j8t,BPD,post,1563552989,neutral
chhy48,Blink182,post,1564022883,neutral
caxfo1,Gamingcirclejerk,post,1562656205,negative
chni2k,Louisiana,post,1564060463,neutral
c9jo4a,NoStupidQuestions,post,1562352753,neutral
cjfv73,PenmanshipPorn,post,1564427557,neutral
cb9nk5,Planetside,post,1562719976,negative
cfb26f,Portland,post,1563560128,negative
cfiby0,TeamSESH,post,1563600946,negative
c99w1a,castlevania,post,1562288031,negative
ci3rqg,classicwow,post,1564152444,negative
cgqfc7,coaxedintoasnafu,post,1563874559,positive
cdpvse,dankmemes,post,1563237231,neutral
cjtkda,dankmemes,post,1564501487,negative
cc877l,dankmemes,post,1562920424,negative
cd0ryu,dankmemes,post,1563093326,negative
c8qjea,freefolk,post,1562173111,neutral
cj3esw,insomnia,post,1564358008,positive
c8u5hp,lakers,post,1562190533,positive
c9mouz,nba,post,1562368962,negative
cine6i,pokemongo,post,1564263847,negative
cab44f,pyrocynical,post,1562529181,neutral
cjfp18,redditrequest,post,1564426866,neutral
cefye4,redditrequest,post,1563384505,neutral
cb28q8,redditrequest,post,1562685617,neutral
ch3zd6,redditrequest,post,1563946289,neutral
cgunwi,runescape,post,1563898554,neutral
cebqkg,teenagers,post,1563363937,neutral
cde6q0,teenagers,post,1563174038,neutral
cefjp2,teenagers,post,1563382668,neutral
cdiqaq,trashy,post,1563203869,negative
cffpda,trump,post,1563583725,neutral
cdiyo2,virtualreality,post,1563205003,negative
cdlosh,woooosh,post,1563216851,negative
cb6ggm,AgainstHateSubreddits,post,1562704489,positive
cectlx,Browns,post,1563369985,neutral
cbrvwh,McJuggerNuggets,post,1562823611,negative
cil7dc,ModSupport,post,1564252873,negative
c9u5b6,PewdiepieSubmissions,post,1562423213,positive
cbg1m7,PrequelMemes,post,1562761339,neutral
c8wc3h,Showerthoughts,post,1562202906,negative
cdqwyg,Showerthoughts,post,1563243020,negative
c8m1ko,The_Donald,post,1562146550,positive
chgisy,dankmemes,post,1564014848,negative
chgvx5,dankmemes,post,1564016888,negative
c8fr18,dankmemes,post,1562105083,neutral
cjphol,dankmemes,post,1564480204,neutral
cedi8w,dankmemes,post,1563373372,neutral
cedj7b,dankmemes,post,1563373505,neutral
cfyh54,dankmemes,post,1563712035,neutral
c899sq,dankmemes,post,1562074350,negative
cac8cj,dankmemes,post,1562534882,negative
cj3xdi,dankmemes,post,1564360829,negative
ckdmde,dankmemes,post,1564603392,negative
cbjbkv,furry,post,1562778175,neutral
chp8cq,gtaonline,post,1564068573,neutral
cfc5g0,help,post,1563565313,neutral
cbf3zl,horror,post,1562755155,neutral
cbkn24,intermittentfasting,post,1562784247,positive
c8kydx,lakers,post,1562137491,neutral
c8z2a4,lakers,post,1562220714,neutral
c8z2z3,lakers,post,1562220848,negative
c8z7v6,lakers,post,1562221781,negative
ccdpbo,memes,post,1562951770,neutral
c9ahb4,nba,post,1562292293,neutral
ceyxl4,penpals,post,1563487256,neutral
cfdup9,penpals,post,1563573649,neutral
cfrhef,penpals,post,1563660037,neutral
cg4ovp,penpals,post,1563746404,neutral
cfudq8,pics,post,1563677831,negative
chuhhz,redditrequest,post,1564093443,neutral
cgwmj7,redditrequest,post,1563907392,neutral
c97d6f,redditrequest,post,1562272500,neutral
cgp2gn,sbubby,post,1563864043,neutral
cem571,teenagers,post,1563414594,neutral
cb89d7,wallstreetbets,post,1562712822,neutral
cib7zd,2007scape,post,1564189520,neutral
cbp8ys,AskHistorians,post,1562807274,neutral
catys9,Braincels,post,1562635313,negative
cfdpk8,CFB,post,1563572947,negative
c93azs,Christians,post,1562251000,negative
cfclt6,FashionRepsBST,post,1563567535,neutral
cdzziy,IWantOut,post,1563297376,neutral
cjrq7n,Showerthoughts,post,1564493096,neutral
cd4lkh,TeamSolomid,post,1563119954,neutral
cdwjs1,WatchRedditDie,post,1563281038,negative
cb2xl7,communism,post,1562688815,negative
c7nwwi,dankmemes,post,1561954151,negative
cbfo0e,dankmemes,post,1562758944,neutral
c8blfr,dankmemes,post,1562086249,negative
cbxjli,dating_advice,post,1562861754,neutral
cen86b,desmoines,post,1563420889,neutral
cikznh,hammer,post,1564251853,neutral
cfqo6r,help,post,1563655618,negative
c8kbtn,lakers,post,1562132790,neutral
ciscv2,mcrealmsservers,post,1564293568,negative
c9u0kk,memes,post,1562422427,positive
cdm8zf,memes,post,1563219248,neutral
ca5667,nukedmemes,post,1562492846,negative
ca58lf,nukedmemes,post,1562493502,negative
cjmk17,pkmntcg,post,1564460386,neutral
cb7k32,redditrequest,post,1562709526,neutral
ci9csv,redditrequest,post,1564179387,neutral
c9nrrp,redditrequest,post,1562375745,neutral
ce3n5e,redditrequest,post,1563313928,neutral
cji3yv,redditrequest,post,1564437400,neutral
cbghm2,rpcs3,post,1562764039,negative
cexhus,signupsforpay,post,1563480353,negative
cexjl6,signupsforpay,post,1563480572,negative
cjp8ph,teenagers,post,1564478440,negative
c8jwjg,teenagers,post,1562129812,neutral
cdurnh,unpopularopinion,post,1563269393,negative
cighgn,unpopularopinion,post,1564227449,negative
ceg2ov,2007scape,post,1563385065,negative
c7v6nz,23andme,post,1561998820,neutral
cicc16,BioshockInfinite,post,1564196358,neutral
cc6obe,CODZombies,post,1562909298,neutral
cinqxx,CODZombies,post,1564265681,negative
cfi6b2,ChapoTrapHouse,post,1563599778,negative
ceyiq0,Drugs,post,1563485222,neutral
ca3my7,FireEmblemHeroes,post,1562478973,positive
cgxfsm,HomeDepot,post,1563911122,negative
chgadq,LeagueOfMeta,post,1564013523,negative
cegash,NobodyAsked,post,1563386073,neutral
cetxco,NobodyAsked,post,1563463626,neutral
cjskub,POLITIC,post,1564497173,negative
cb1o0i,PrequelMemes,post,1562682898,neutral
ccjqwj,RATS,post,1562982789,neutral
cersk3,Reno,post,1563452617,neutral
caluds,SquaredCircle,post,1562596686,negative
cafkgv,SuicideWatch,post,1562554359,negative
cbt04x,SuicideWatch,post,1562831820,neutral
cchgk0,XXXTENTACION,post,1562969662,neutral
cil5hd,carporn,post,1564252616,negative
cirrcd,carporn,post,1564289283,negative
cej3jy,creepyPMs,post,1563398700,negative
cb21xa,dankmemes,post,1562684717,neutral
cjldmq,dankmemes,post,1564453760,negative
ck26eu,dankmemes,post,1564540508,negative
ck2gft,dankmemes,post,1564541982,negative
cka3ya,dankmemes,post,1564587709,neutral
c9n205,darkjokes,post,1562371210,negative
ch5gn2,jailbreak,post,1563956810,negative
cj8m50,leagueoflegends,post,1564390440,negative
cixza5,medicine,post,1564331716,neutral
ce1icn,memes,post,1563304146,neutral
ce32tj,memes,post,1563311291,neutral
ckg0pl,memes,post,1564614652,neutral
c7nux6,nashville,post,1561953803,positive
cfmqiz,redditisfun,post,1563634898,neutral
cbhbof,redditrequest,post,1562768563,neutral
c9p7s5,redditrequest,post,1562385411,neutral
cejus4,redditrequest,post,1563402338,neutral
ch1zgt,redditrequest,post,1563934160,neutral
cjhtta,redditrequest,post,1564436138,neutral
c91tqo,redditrequest,post,1562242006,neutral
cibegi,redditrequest,post,1564190577,neutral
cei3k1,wallstreetbets,post,1563394245,neutral
ccg7bi,warriors,post,1562963389,neutral
ck85j2,2007scape,post,1564577805,negative
ccmb1a,Animemes,post,1563000233,negative
cbpo6q,AskOuija,post,1562809668,negative
chvcc9,AskReddit,post,1564098040,neutral
cfs5sk,BravoRealHousewives,post,1563663901,negative
ciarvy,CasualConversation,post,1564186918,negative
cam41u,Cruise,post,1562597987,negative
ce8wd4,DDLC,post,1563343561,negative
ccmari,INTP,post,1563000170,negative
ccmazd,INTP,post,1563000217,negative
c97fk9,JordanPeterson,post,1562272866,negative
cde6rb,PewdiepieSubmissions,post,1563174045,neutral
c9lraz,RightwingLGBT,post,1562363625,negative
cid1g5,Robocraft,post,1564201057,negative
cgmd69,ShadowBan,post,1563846925,negative
c7ufx1,TopMindsOfReddit,post,1561996660,negative
c8olsg,TopMindsOfReddit,post,1562163347,neutral
c9gppr,TopMindsOfReddit,post,1562337706,negative
cd7o8g,TopMindsOfReddit,post,1563135433,negative
cevgbp,TopMindsOfReddit,post,1563470711,negative
che849,TopMindsOfReddit,post,1564003337,negative
chpu1b,TopMindsOfReddit,post,1564071349,neutral
cht1gj,TopMindsOfReddit,post,1564086388,negative
cjfgd4,TopMindsOfReddit,post,1564425789,negative
cd9w4y,WRX,post,1563147055,neutral
cialbp,WatchRedditDie,post,1564185892,negative
cg9kyv,WatchRedditDie,post,1563776542,negative
chlqyc,XXXTENTACION,post,1564049279,negative
cfr50v,boogie2988,post,1563658124,negative
c8061a,brasil,post,1562015256,neutral
cj6drf,dankmemes,post,1564374871,neutral
c8vcqv,dankmemes,post,1562196966,negative
c98z0j,dankmemes,post,1562281897,negative
ccslpe,dankmemes,post,1563042340,neutral
cepx17,eu4,post,1563439791,negative
chi8j9,guns,post,1564024551,neutral
c7z547,lakers,post,1562010345,negative
cg8wjt,muacirclejerk,post,1563771763,negative
cglu3m,muacirclejerk,post,1563843937,neutral
chsb9c,muacirclejerk,post,1564082903,neutral
cij5lz,muacirclejerk,post,1564243011,neutral
ck3szq,personalfinance,post,1564549608,neutral
cj55l1,pittsburgh,post,1564367646,negative
canz39,pokemon,post,1562606632,neutral
ced5at,redditrequest,post,1563371664,neutral
caj2zz,redditrequest,post,1562579835,neutral
c7p77x,redditrequest,post,1561963104,neutral
chuets,redditrequest,post,1564093067,neutral
c8ay35,rust,post,1562083092,neutral
cbzfzc,tacobell,post,1562870456,negative
cd4ga5,teenagers,post,1563119150,neutral
cf7zcb,teenagers,post,1563545225,neutral
c9y9i6,torontoraptors,post,1562445044,neutral
c9h08u,unpopularopinion,post,1562339257,negative
cawlay,AskReddit,post,1562650521,neutral
cdfmxx,BannedFromThe_Donald,post,1563185398,negative
chdvs4,ClashRoyale,post,1564001786,neutral
cbjc78,CryptoCurrency,post,1562778251,negative
c8l51k,Fantasy,post,1562138898,negative
ce0qbk,FortNiteBR,post,1563300658,neutral
chtn6i,Guildwars2,post,1564089247,negative
cfi5hv,Jewish,post,1563599605,positive
chi127,LAClippers,post,1564023351,neutral
cd9lm4,Texans,post,1563145410,neutral
cds2y2,UrbanHell,post,1563249867,negative
cf0k3r,boottoobig,post,1563495878,positive
cfv6jb,boottoobig,post,1563683390,negative
c8nyi7,churning,post,1562159706,positive
cf3ws5,circlejerk,post,1563516636,negative
ccm3um,copypasta,post,1562998656,negative
cemjfw,dankmemes,post,1563416863,neutral
chnr3p,dankmemes,post,1564061798,negative
cds63y,dayz,post,1563250394,positive
cft9dc,kol,post,1563670614,neutral
ccmryz,legaladvice,post,1563004163,neutral
ccefby,memes,post,1562955041,negative
carbvy,mildyinfuriating,post,1562621792,neutral
cgt2d0,reactiongifs,post,1563890911,negative
ca3jdu,redditrequest,post,1562478187,neutral
cam7zk,redditrequest,post,1562598487,neutral
caj1m9,runescape,post,1562579523,positive
ci64sz,sadcringe,post,1564163678,neutral
cctdzu,shittyaskreddit,post,1563046316,negative
cfg9ng,teenagers,post,1563587184,neutral
cfhtnn,teenagers,post,1563597318,negative
cbntz0,teenagers,post,1562799640,negative
cgnawu,thefighterandthekid,post,1563852385,neutral
cat3ul,unpopularopinion,post,1562630682,negative
chxd80,wallstreetbets,post,1564109786,negative
ccjbn6,walmart,post,1562980142,negative
calopj,AirBnB,post,1562595908,neutral
cf2z9m,AskDocs,post,1563510297,neutral
cakjhf,AskHistorians,post,1562589705,negative
c93b4i,CK2GameOfthrones,post,1562251022,neutral
chfeo0,CalPolyPomona,post,1564008896,neutral
cbbduu,CanadaPolitics,post,1562729448,neutral
c87ixa,CasualUK,post,1562062677,positive
cb7vv9,CasualUK,post,1562711043,neutral
cha03i,CasualUK,post,1563983833,neutral
ci1j47,CasualUK,post,1564139521,positive
ck963u,ChapoTrapHouse,post,1564583035,neutral
canaqw,Colombia,post,1562603539,positive
cbbbyt,DeepFriedMemes,post,1562729160,negative
cej5rs,FortNiteBR,post,1563398978,negative
chmw6y,FortNiteBR,post,1564056935,neutral
cawyhz,Jokes,post,1562652967,negative
cdpnrb,Jokes,post,1563235962,neutral
ccp3ca,Madden,post,1563022931,neutral
ccb5wd,ModSupport,post,1562939754,neutral
cfkvs3,MortalKombat,post,1563622632,neutral
cemxc8,PewdiepieSubmissions,post,1563419133,negative
cfnkmi,PewdiepieSubmissions,post,1563639434,neutral
caa57g,PokemonTCG,post,1562524318,neutral
caq4c5,PokemonTCG,post,1562616148,neutral
cb2z7v,PrequelMemes,post,1562689012,neutral
cftxky,The_Donald,post,1563674857,negative
ca6zo1,WorldofTanksConsole,post,1562507189,neutral
ck8bzw,arenaofvalor,post,1564578768,negative
ceywhg,brockhampton,post,1563487098,positive
cctob2,circlebroke2,post,1563047769,neutral
ckbj54,dankmemes,post,1564593892,negative
c7zx56,dankmemes,post,1562014049,neutral
cgoqd0,exmormon,post,1563861668,neutral
ck7t5s,forhonor,post,1564575881,neutral
cjkswf,kilian,post,1564450717,neutral
ce4w7r,memes,post,1563320027,neutral
ccfe1j,minnesotavikings,post,1562959487,neutral
cbypb7,moderatepolitics,post,1562867058,negative
c96uyy,nfl,post,1562269738,positive
c8qpn1,redditrequest,post,1562173922,neutral
cisdfd,redditrequest,post,1564293689,neutral
cd2dvs,redditrequest,post,1563106725,neutral
civkrd,redditrequest,post,1564319017,neutral
ceu5f6,southafrica,post,1563464676,negative
chawxp,southcarolina,post,1563988019,neutral
ciuvfz,teenagers,post,1564314108,neutral
ces932,teenagers,post,1563455227,neutral
ci21qu,totalwar,post,1564142898,negative
cjn75h,unpopularopinion,post,1564464337,negative
caqemd,2007scape,post,1562617459,neutral
cjyht4,ADHD,post,1564522492,neutral
cd1its,Animemes,post,1563099846,negative
caukiv,AskDocs,post,1562638555,negative
cdly80,AskOuija,post,1563217958,neutral
c7nzdg,BlueJackets,post,1561954565,negative
cf9wmu,BravoRealHousewives,post,1563554779,negative
cimo6x,BravoRealHousewives,post,1564260092,neutral
cjpbri,ChapoTrapHouse,post,1564479058,positive
cgwg0z,Christians,post,1563906572,neutral
cj09el,Christians,post,1564342525,positive
cii7i7,FortNiteBR,post,1564238128,negative
chy6g4,HistoryMemes,post,1564114753,negative
cdlu2l,JustUnsubbed,post,1563217452,negative
chdzoc,Kanye,post,1564002285,neutral
cgghtb,LineageOS,post,1563817885,neutral
c9q702,Memes_Of_The_Dank,post,1562392687,negative
choz1j,Metalcore,post,1564067429,negative
chz4rx,OutreachHPG,post,1564121248,negative
c9s7v4,RandomActsofCards,post,1562409476,positive
c9nhb7,Redskins,post,1562373859,negative
ci3yeq,SoCalR4R,post,1564153331,negative
ccuji4,StarWarsBattlefront,post,1563052221,neutral
caj6qc,WatchRedditDie,post,1562580570,positive
c8j4bj,WatchRedditDie,post,1562124723,negative
c9jqtp,WatchRedditDie,post,1562353146,negative
ca26lk,childfree,post,1562468436,negative
cfav73,circlejerk,post,1563559227,negative
cio0gp,dankmemes,post,1564267108,negative
cbetct,dankmemes,post,1562752914,negative
c7ll2f,dankmemes,post,1561939841,neutral
c80tg9,funny,post,1562018542,neutral
cdw83u,memes,post,1563279148,neutral
c9mxvn,memes,post,1562370489,neutral
ccdeyw,memes,post,1562950458,neutral
cgwoyv,nsfwasmr,post,1563907702,negative
c7omlt,pokemmo,post,1561958934,neutral
cjvdlw,redditrequest,post,1564509109,neutral
ciqsnt,redditrequest,post,1564283020,neutral
cfgkjj,redditrequest,post,1563589104,neutral
chyp0y,needamod,post,1564118171,neutral
ciakja,needamod,post,1564185761,neutral
cj4p24,needamod,post,1564365091,neutral
c7yqao,redditrequest,post,1562009060,neutral
cihmhc,redditrequest,post,1564234819,neutral
cishfa,redditrequest,post,1564294502,neutral
c9tca1,redditrequest,post,1562418044,neutral
chmx3q,redditrequest,post,1564057091,neutral
ciurs3,redditrequest,post,1564313322,neutral
c8l9lk,redditrequest,post,1562139926,neutral
ci4lyb,redditrequest,post,1564156401,neutral
cgwg84,redditrequest,post,1563906598,neutral
cc7uwx,specializedtools,post,1562917573,negative
cfo1pr,teenagers,post,1563641988,positive
cbrjfl,teenagers,post,1562821187,negative
ch38vr,teenagers,post,1563941612,neutral
cd9pzx,teenagers,post,1563146092,negative
cbe8ms,teenagers,post,1562748533,negative
c9xcar,unpopularopinion,post,1562440128,negative
cajzhj,weedstocks,post,1562586211,negative
cek6pk,weedstocks,post,1563404003,neutral
cf87yi,Libertarian,post,1563546476,neutral
cfdl78,Memes_Of_The_Dank,post,1563572385,negative
c7x9vu,ModSupport,post,1562004821,neutral
cdbcu3,NYYankees,post,1563155455,neutral
cgwbbk,Showerthoughts,post,1563905977,negative
cj5vwc,SomeOrdinaryGmrs,post,1564371885,neutral
cetyee,StreetFighter,post,1563463765,positive
cfvipo,Warthunder,post,1563685943,neutral
cdw2q0,communism,post,1563278290,neutral
chp7je,copypasta,post,1564068469,negative
c8tj8t,daddit,post,1562187421,neutral
cc81q4,danganronpa,post,1562919139,negative
ccxf9y,dankmemes,post,1563068898,negative
ce624t,dankmemes,post,1563326331,neutral
cbjoqh,dankmemes,post,1562779868,negative
cf70ym,dankmemes,post,1563539827,neutral
cjvjo0,dankmemes,post,1564509830,negative
cjxkbg,electronic_cigarette,post,1564518458,negative
ch8ddr,facepalm,post,1563975889,negative
cedosl,gamecollecting,post,1563374244,positive
ciyv9i,help,post,1564335994,negative
c84v3d,ideasfortheadmins,post,1562042293,neutral
ch9ge9,ideasfortheadmins,post,1563981259,neutral
cias39,memes,post,1564186951,neutral
chg4w2,mildlyinfuriating,post,1564012696,negative
c8rxld,nbacirclejerk,post,1562179729,neutral
c9zkiy,rant,post,1562452140,negative
c8byju,realmadrid,post,1562087968,neutral
cfznbr,realmadrid,post,1563719823,negative
cedk6y,redditmobile,post,1563373641,negative
cekpa8,redditrequest,post,1563406659,neutral
cevl4y,redditrequest,post,1563471329,neutral
cenj6q,redditrequest,post,1563422705,neutral
cixfa5,redditrequest,post,1564329056,neutral
ca8ina,schizophrenia,post,1562516013,neutral
cg4v18,teenagers,post,1563747353,neutral
c7odid,teenagers,post,1561957175,neutral
c9v34s,teenagers,post,1562428431,neutral
ccldcp,thedavidpakmanshow,post,1562993224,neutral
c9gq25,todayilearned,post,1562337759,neutral
c977m2,woooosh,post,1562271633,negative
cby309,2007scape,post,1562864322,neutral
ccgiuu,DBZDokkanBattle,post,1562964941,negative
cbtefo,DotA2,post,1562835181,neutral
cf13cj,Drama,post,1563498859,negative
ciyn9a,DunderMifflin,post,1564334913,negative
cjpzs0,EggsInc,post,1564483499,negative
cj3jl0,Memes_Of_The_Dank,post,1564358756,negative
chs0cw,MurderedByWords,post,1564081467,negative
cez8qq,NameThatSong,post,1563488774,neutral
ck7clx,Narcolepsy,post,1564573325,positive
cc6x1k,SeriousConversation,post,1562910941,neutral
c82hxu,Showerthoughts,post,1562027893,negative
c831ly,Showerthoughts,post,1562031113,neutral
c8s24m,Steam,post,1562180331,neutral
ccff1p,Warframe,post,1562959626,negative
cfhusm,Warthunder,post,1563597525,negative
c99ybg,acting,post,1562288492,neutral
ce4f2q,autism,post,1563317631,neutral
cjio3p,dankmemes,post,1564439979,negative
cff2jc,depressed,post,1563580001,negative
cjxgcp,exmormon,post,1564517984,neutral
cax28x,gatekeeping,post,1562653676,negative
chduuf,l4d2,post,1564001657,negative
c7vz6r,madlads,post,1562001097,neutral
cchv0w,madlads,post,1562971792,neutral
cd7nw7,madlads,post,1563135387,negative
cf0uk9,madlads,post,1563497524,neutral
cg2syw,madlads,post,1563736494,neutral
cg69dj,madlads,post,1563755342,neutral
cihfp8,madlads,post,1564233710,neutral
cj1m6d,madlads,post,1564348848,negative
chop5s,mildlyinfuriating,post,1564066265,negative
c8jfcx,nba,post,1562126649,neutral
ci3k1m,needamod,post,1564151363,neutral
c9y3df,rape,post,1562444147,neutral
ch2ctr,redditrequest,post,1563936305,neutral
cbfy87,redditrequest,post,1562760741,neutral
cea8uq,redditrequest,post,1563353618,neutral
c9m4zd,redditrequest,post,1562365716,neutral
c9yfif,soccer,post,1562445930,negative
cbirri,thefighterandthekid,post,1562775553,negative
cf78ji,whatsthatbook,post,1563541063,neutral
cfvxah,ABCDesis,post,1563689102,neutral
ca4pvh,Amd,post,1562488668,negative
cango6,AskTrumpSupporters,post,1562604318,neutral
c9wxeb,Bakersfield,post,1562438020,neutral
cidkzs,Braincels,post,1564204783,negative
c9ys28,Braincels,post,1562447753,negative
cdab8b,Braincels,post,1563149420,negative
c8pvih,HalfLife,post,1562169859,negative
cbvhm4,IndiaSpeaks,post,1562850183,neutral
cavhgt,Kanye,post,1562643705,neutral
cdbm1d,Kanye,post,1563156933,negative
cdbpsx,Kanye,post,1563157538,negative
ceevo3,NBA_Draft,post,1563379664,negative
cdbc89,NYYankees,post,1563155357,neutral
cby9n6,PartneredYoutube,post,1562865135,neutral
ca1mai,Rateme,post,1562464702,neutral
chcacy,Repsneakers,post,1563994365,neutral
cj4qxf,Showerthoughts,post,1564365384,neutral
cijh19,SquaredCircle,post,1564244563,negative
cgwr4p,StateOfDecay,post,1563907986,negative
cgy37t,StateOfDecay,post,1563914129,negative
c84ad2,TrueChristian,post,1562038580,negative
catz5j,TrueOffMyChest,post,1562635371,negative
cccmhp,TrueOffMyChest,post,1562946803,negative
cf7kvq,TrueOffMyChest,post,1563543008,negative
chkdca,TrueOffMyChest,post,1564038714,negative
cdnhhe,beetlejuicing,post,1563224847,neutral
cbbism,blender,post,1562730235,neutral
c9r22q,dankmemes,post,1562399265,negative
c7ttst,dankmemes,post,1561994286,neutral
ckfmhn,dankmemes,post,1564612703,neutral
c9o5e4,drugscirclejerk,post,1562378193,negative
ciz73i,drugscirclejerk,post,1564337526,neutral
c8hdjs,help,post,1562114054,negative
cj6s4l,ideasfortheadmins,post,1564377424,neutral
c8ktxq,lakers,post,1562136573,neutral
c9rtej,lakers,post,1562405943,neutral
ce7ttr,memes,post,1563336546,neutral
cj4926,needadvice,post,1564362582,negative
ch4vkn,redditrequest,post,1563952428,neutral
ce26db,redditrequest,post,1563307193,neutral
cfs2yv,relationship_advice,post,1563663464,neutral
cdiq0a,sabres,post,1563203833,neutral
ccs22n,teenagers,post,1563039633,neutral
cdybo2,teenagers,post,1563289918,neutral
cdyfyn,teenagers,post,1563290439,neutral
celndl,teenagers,post,1563411794,negative
cdv9e3,teenagers,post,1563273048,negative
cfc5ed,teenagers,post,1563565306,neutral
c9zp27,teenagers,post,1562452845,neutral
cdwunw,thebachelor,post,1563282692,positive
c95aby,totalwar,post,1562261529,negative
c7mnge,waltonchain,post,1561946324,neutral
chs0ea,2007scape,post,1564081472,positive
cbgbyj,2007scape,post,1562763137,negative
ch4cnl,AskReddit,post,1563948762,neutral
cgycor,AskWomen,post,1563915336,negative
ceqj6s,Braincels,post,1563444401,negative
citigs,CBD,post,1564302921,neutral
ck2g5c,DebateCommunism,post,1564541938,neutral
cc06zh,EdmontonOilers,post,1562873882,neutral
cfisks,EliteDangerous,post,1563604631,negative
cgberq,FortNiteBR,post,1563790704,neutral
ch3i9g,HighQualityGifs,post,1563943222,neutral
cctubv,Slitherio,post,1563048617,negative
c860hh,The_Donald,post,1562050562,negative
c8ekwu,The_Donald,post,1562099273,negative
cfb7i9,bakchodi,post,1563560807,negative
c9hgvl,confessions,post,1562341635,neutral
ce7yjq,crashbandicoot,post,1563337358,positive
cgzhkj,dankmemes,post,1563920740,negative
caira5,forhonor,post,1562577362,negative
cait82,forhonor,post,1562577774,negative
cc7bpf,hearthstone,post,1562913748,neutral
c843ia,help,post,1562037402,negative
c849u4,help,post,1562038492,neutral
c9jdth,hiphopheads,post,1562351255,negative
cb7vdb,lgbt,post,1562710974,negative
cddq0t,malepolish,post,1563170559,positive
chhzyb,malepolish,post,1564023178,positive
cixpzf,modhelp,post,1564330451,neutral
cjmt6v,redditrequest,post,1564461970,neutral
cjftd9,redditrequest,post,1564427333,neutral
c99nku,redditrequest,post,1562286381,neutral
cgo0q5,redditrequest,post,1563856866,neutral
cgo3xu,redditrequest,post,1563857465,neutral
ck55er,redditrequest,post,1564558316,neutral
ccgyth,redditrequest,post,1562967150,neutral
c95bn1,redditrequest,post,1562261711,neutral
cc5vja,redditrequest,post,1562904050,neutral
cd319b,suggestmeabook,post,1563111044,neutral
cbts6d,teenagers,post,1562838278,negative
cdtg8t,teenagers,post,1563259324,neutral
cahx5h,teenagers,post,1562570538,neutral
c7vyv5,thebachelor,post,1562001068,neutral
ckbg2i,therewasanattempt,post,1564593512,negative
cjfxa0,unpopularopinion,post,1564427804,negative
cg32wt,unpopularopinion,post,1563737906,negative
ck7ll1,AgainstHateSubreddits,post,1564574700,negative
cbuuve,AskHistorians,post,1562846124,neutral
ca6a3f,Bakersfield,post,1562502293,negative
cew8mi,Braincels,post,1563474387,negative
cfc3xv,DBZDokkanBattle,post,1563565099,neutral
cinuml,Drama,post,1564266231,negative
c86yq2,PUBG,post,1562058313,negative
ckdjgs,Paranormal,post,1564603042,neutral
cfsplm,PhantomForces,post,1563667214,negative
cd3h2s,Reds,post,1563113776,neutral
ck07cp,TopMindsOfReddit,post,1564530332,negative
ci5ood,XXXTENTACION,post,1564161529,neutral
cfok76,asmr,post,1563644611,negative
cbe193,dankmemes,post,1562746848,negative
cbha8k,dankmemes,post,1562768355,negative
cjryuf,dankmemes,post,1564494285,negative
c907ul,dankmemes,post,1562229681,neutral
cbuzbc,dankmemes,post,1562846909,negative
c9bmag,dankmemes,post,1562300481,negative
chbnm4,gtaonline,post,1563991410,neutral
c7p58c,help,post,1561962688,neutral
c8uvgq,help,post,1562194207,neutral
c948dp,help,post,1562256062,neutral
c9co9p,help,post,1562308340,neutral
c9fy9b,help,post,1562333270,neutral
canqn0,help,post,1562605579,neutral
ccjrjk,help,post,1562982896,negative
cclbff,help,post,1562992848,negative
ccspcb,help,post,1563042869,neutral
ccv5a4,help,post,1563055499,neutral
cellqj,help,post,1563411548,neutral
cf6sik,help,post,1563538404,neutral
cg6mz0,help,post,1563757571,neutral
cg6pc5,help,post,1563757972,neutral
ch0fja,help,post,1563925600,negative
chp8jn,help,post,1564068598,neutral
chsetw,help,post,1564083381,neutral
cityxm,help,post,1564306796,neutral
ciybaq,help,post,1564333344,negative
cj0d0k,help,post,1564342993,negative
cj9w4m,help,post,1564399128,negative
cjbwul,help,post,1564410215,neutral
cjsv9g,help,post,1564498467,neutral
cjxbck,help,post,1564517368,negative
ck078p,help,post,1564530315,negative
ckae67,help,post,1564589030,negative
ckajea,help,post,1564589629,negative
ckbe2i,help,post,1564593271,negative
c9r25s,nba,post,1562399286,positive
cb6f9u,nukedmemes,post,1562704343,negative
c9s5op,oddlyterrifying,post,1562408936,negative
c8x3ja,offmychest,post,1562207712,negative
cc1r6z,redditrequest,post,1562881226,neutral
caxct7,redditrequest,post,1562655696,neutral
caxg6z,redditrequest,post,1562656302,neutral
chyi8x,redditrequest,post,1564116917,neutral
caea6p,redditrequest,post,1562546546,neutral
ca19zr,redditrequest,post,1562462447,neutral
ceqmtb,redditrequest,post,1563445067,neutral
cio307,trashy,post,1564267508,negative
cjgqgv,unpopularopinion,post,1564431300,negative
cjgua8,unpopularopinion,post,1564431780,negative
cb19s9,wallstreetbets,post,1562680946,neutral
c7oxgr,wallstreetbets,post,1561961110,positive
cbwjay,witchcraft,post,1562857061,neutral
ckdhi8,youtube,post,1564602789,negative
cf7ud4,2007scape,post,1563544484,positive
cavl1f,APStudents,post,1562644301,negative
ce8mjm,AssCredit,post,1563341704,neutral
chg59l,AssCredit,post,1564012757,neutral
caee6l,ChapoTrapHouse,post,1562547227,negative
ca0go6,Drama,post,1562457375,negative
c8fhoa,Existentialism,post,1562103763,neutral
ci3bih,FalloutMods,post,1564150123,negative
capvou,Fireteams,post,1562615045,positive
cg8426,GenderCritical,post,1563766557,neutral
caofuq,HuntsvilleAlabama,post,1562608707,neutral
c9wsu2,NoSleepOOC,post,1562437360,neutral
ccl356,Pets,post,1562991276,neutral
cfch5m,PewdiepieSubmissions,post,1563566897,neutral
cb9dh9,PrequelMemes,post,1562718527,neutral
cfbtn0,PublicFreakout,post,1563563732,negative
ca3yvv,Showerthoughts,post,1562481772,positive
cke1gn,TheHandmaidsTale,post,1564605277,neutral
cfcxsk,WatchRedditDie,post,1563569218,negative
cdrz66,auburn,post,1563249202,neutral
ciyiii,canada,post,1564334281,neutral
cfqdo5,copypasta,post,1563654054,negative
cdxwph,cowboys,post,1563288038,neutral
c80uht,dankmemes,post,1562018685,negative
cigkmp,dankmemes,post,1564228110,negative
cg93pw,findaleague,post,1563773095,neutral
cgnmc2,findaleague,post,1563854374,neutral
cbia7v,help,post,1562773264,neutral
cghumu,muacirclejerk,post,1563824136,negative
c9o704,nukedmemes,post,1562378474,neutral
cbbcj4,nukedmemes,post,1562729244,neutral
ck4lhe,police,post,1564554592,negative
c85iz0,redditrequest,post,1562046964,neutral
ca3mbf,redditrequest,post,1562478820,neutral
cf9if0,teenagers,post,1563552876,neutral
ciwmzb,teenagers,post,1564325153,neutral
cet2of,traaaaaaannnnnnnnnns,post,1563459510,negative
c891v4,trashy,post,1562073096,negative
ch22x2,unpopularopinion,post,1563934701,negative
ceaxty,2007scape,post,1563358624,neutral
cirbo2,ApplyingToCollege,post,1564286398,neutral
cdbfp6,AutoModerator,post,1563155923,negative
cdk8hg,BeautyGuruChatter,post,1563210781,neutral
cho1a8,Blink182,post,1564063291,negative
cdisr5,Brawlstars,post,1563204199,negative
ca0g9b,Cricket,post,1562457306,neutral
ccwnvu,FortNiteBR,post,1563064135,negative
ccvcf8,Guitar,post,1563056578,neutral
cgl4pz,Guitar,post,1563839986,negative
cgr1lj,Guitar,post,1563878922,negative
cfuuzq,Mario,post,1563681106,negative
ccx08n,NoStupidQuestions,post,1563066242,negative
ccqgos,Piracy,post,1563031112,neutral
cbn815,SWGalaxyOfHeroes,post,1562796512,negative
cg0d1o,ShadowBanned,post,1563723846,neutral
ch7j3q,StarVStheForcesofEvil,post,1563971170,neutral
ch7ogt,StarVStheForcesofEvil,post,1563972053,neutral
chv4bc,StarVStheForcesofEvil,post,1564096796,neutral
c94u50,WWE,post,1562259236,negative
cac2ch,baseball,post,1562533995,negative
camgm1,baseball,post,1562599631,negative
cfab7u,baseball,post,1563556669,neutral
cfq006,baseball,post,1563652041,neutral
chqeu3,baseball,post,1564074054,negative
cj2wi5,baseball,post,1564355375,negative
cke3ft,baseball,post,1564605524,negative
cbzo7j,berlin,post,1562871513,neutral
cfwtjz,bloodborne,post,1563696983,negative
cbtj47,btc,post,1562836242,negative
cc1czi,dankmemes,post,1562879308,neutral
cgh1yu,dankmemes,post,1563820424,positive
c8rw66,dankmemes,post,1562179539,negative
chzain,dankmemes,post,1564122418,negative
cbkcjo,dankmemes,post,1562782910,neutral
cdmlqy,dankmemes,post,1563220794,negative
cdbgh4,dankmemes,post,1563156046,negative
ceiw2g,formula1,post,1563397743,neutral
c7r268,freefolk,post,1561977951,negative
c809j0,gaming,post,1562015731,negative
cb8ax5,giftcardexchange,post,1562713041,negative
c8hul9,lakers,post,1562116901,neutral
chnnhu,makinghiphop,post,1564061250,neutral
ck26pa,memes,post,1564540544,neutral
cer1nn,memes,post,1563447938,neutral
ce2mdf,mildlyinfuriating,post,1563309221,negative
cgm4ey,modhelp,post,1563845549,neutral
c7mbyz,nba,post,1561944385,negative
c7ug4o,nba,post,1561996677,neutral
c80u8u,nba,post,1562018652,negative
c81p5z,nba,post,1562023306,negative
c83whb,nba,post,1562036210,neutral
c845hh,nba,post,1562037735,neutral
c84bfw,nba,post,1562038783,neutral
c85q0y,nba,post,1562048395,negative
c85qk9,nba,post,1562048499,neutral
c85s8h,nba,post,1562048859,neutral
c85tfg,nba,post,1562049113,neutral
c85yto,nba,post,1562050213,neutral
c866lo,nba,post,1562051798,neutral
c866pq,nba,post,1562051825,neutral
c869kf,nba,post,1562052450,neutral
c86a5o,nba,post,1562052582,negative
c8hmkt,nba,post,1562115553,neutral
c8l0y9,nba,post,1562138039,negative
c8l92f,nba,post,1562139808,neutral
c8txvg,nba,post,1562189450,neutral
c8y071,nba,post,1562213564,negative
c8yjxz,nba,post,1562217239,neutral
c8z4gb,nba,post,1562221135,neutral
c95hq0,nba,post,1562262547,neutral
c9ecic,nba,post,1562321857,negative
c9k5j0,nba,post,1562355252,neutral
c9k7bz,nba,post,1562355512,neutral
c9mwts,nba,post,1562370303,positive
c9r9tg,nba,post,1562401128,positive
cagrss,nba,post,1562562141,negative
cahalq,nba,post,1562565939,neutral
cb7np5,nba,post,1562709977,neutral
cc7fpk,nba,post,1562914545,neutral
cd047w,nba,post,1563087634,neutral
cd09du,nba,post,1563088815,negative
cdndwk,nba,post,1563224389,neutral
ce259p,nba,post,1563307047,neutral
ce262i,nba,post,1563307153,negative
ce8wic,nba,post,1563343589,neutral
cjm4zm,nba,post,1564457954,negative
cjz9k6,nba,post,1564525938,neutral
cazzy0,pokemon,post,1562674035,neutral
cg8hr1,pornfree,post,1563768970,positive
ca1qiy,raisedbynarcissists,post,1562465468,neutral
caqzf2,redditrequest,post,1562620156,neutral
cakew1,redditrequest,post,1562588948,neutral
ca2ow5,redditrequest,post,1562471875,neutral
cd96gj,redditrequest,post,1563143102,neutral
cik3we,redditrequest,post,1564247660,neutral
castjx,redditrequest,post,1562629147,neutral
ca26js,regularcarreviews,post,1562468427,negative
cjkh69,rickandmorty,post,1564449009,neutral
cj2pfe,sociopath,post,1564354362,neutral
cebtoz,subredditcancer,post,1563364487,neutral
cjom2s,unpopularopinion,post,1564473823,positive
chs8ux,wallstreetbets,post,1564082574,negative
ccui7j,walmart,post,1563052032,negative
cdudb1,ADHD,post,1563266228,negative
cdr3zg,AMA,post,1563244105,negative
ca4ws0,Animemes,post,1562490451,neutral
c883r3,Animemes,post,1562066919,neutral
cbzwhc,AskModerators,post,1562872542,neutral
cdj8wg,AskModerators,post,1563206371,negative
ccb3wc,AskOuija,post,1562939471,neutral
c7n3qa,ChapoTrapHouse,post,1561949063,neutral
c7n4ya,ChapoTrapHouse,post,1561949275,neutral
c85dm9,ChapoTrapHouse,post,1562045842,neutral
c95xi2,ChapoTrapHouse,post,1562264792,neutral
c9jj8b,ChapoTrapHouse,post,1562352031,neutral
cadczk,ChapoTrapHouse,post,1562541110,negative
cbhx72,ChapoTrapHouse,post,1562771547,negative
cblgkx,ChapoTrapHouse,post,1562788006,negative
ccejq3,ChapoTrapHouse,post,1562955596,neutral
ccfmr2,ChapoTrapHouse,post,1562960644,neutral
ccha5j,ChapoTrapHouse,post,1562968771,negative
cchk1s,ChapoTrapHouse,post,1562970169,neutral
ccxyux,ChapoTrapHouse,post,1563072285,neutral
ccydkd,ChapoTrapHouse,post,1563074856,negative
cdpr4h,ChapoTrapHouse,post,1563236483,neutral
cezx2h,ChapoTrapHouse,post,1563492272,neutral
cg8iqv,ChapoTrapHouse,post,1563769152,negative
chsc8q,ChapoTrapHouse,post,1564083036,negative
chwo24,ChapoTrapHouse,post,1564105633,neutral
cit808,ChapoTrapHouse,post,1564300428,neutral
cjdc4g,ChapoTrapHouse,post,1564416695,neutral
cjhl61,ChapoTrapHouse,post,1564435055,negative
cjlk9f,ChapoTrapHouse,post,1564454760,neutral
cjmlsx,ChapoTrapHouse,post,1564460683,neutral
ckfonh,ChapoTrapHouse,post,1564613008,negative
ccioih,ChapoTrapHouse,post,1562976357,negative
cf1flp,ClashOfClans,post,1563500797,negative
c7yow3,Damnthatsinteresting,post,1562008937,negative
cc4e0v,Damnthatsinteresting,post,1562895232,negative
cc4ovl,Damnthatsinteresting,post,1562896963,negative
ci207e,DestructiveReaders,post,1564142647,positive
c8zzqz,DuelLinks,post,1562227737,negative
cepo0t,FrankOcean,post,1563437730,negative
cdkj3v,KotakuInAction,post,1563211983,negative
cg22pj,KotakuInAction,post,1563732699,negative
cghphb,KotakuInAction,post,1563823469,negative
cejpyt,LSD,post,1563401677,positive
cdxirx,MMA,post,1563286163,negative
cdzpwq,NoStupidQuestions,post,1563296210,neutral
cj92xi,NoStupidQuestions,post,1564393777,negative
cj89ls,Overwatch,post,1564387739,negative
cjonro,PewdiepieSubmissions,post,1564474176,neutral
choed6,RocketLeague,post,1564064940,negative
caga1n,WatchRedditDie,post,1562558808,neutral
cgwmo5,WatchRedditDie,post,1563907409,negative
cb2r1g,WatchRedditDie,post,1562687996,negative
cet1nn,canada,post,1563459364,negative
ce972l,copypasta,post,1563345635,negative
cgti6w,dankmemes,post,1563893125,negative
chcb7c,dankmemes,post,1563994473,negative
cfkp3i,dankmemes,post,1563621032,neutral
cctl0d,fivenightsatfreddys,post,1563047305,neutral
cfjbm9,freefolk,post,1563609137,negative
cdlz0n,greentext,post,1563218052,negative
cjz5ci,gtaglitches,post,1564525379,neutral
ckdc88,gtaglitches,post,1564602114,positive
ci7tg7,hockeyjerseys,post,1564171849,negative
c86434,lakers,post,1562051290,negative
ck5hsc,leagueoflegends,post,1564560829,negative
ck5214,madlads,post,1564557653,negative
ceu9o5,memes,post,1563465242,negative
c96wes,musictheory,post,1562269959,neutral
cgfcyl,redditrequest,post,1563812697,neutral
cjzldi,redditrequest,post,1564527437,negative
civ723,redditrequest,post,1564316448,neutral
cdyl53,subredditcancer,post,1563291103,negative
cjllrl,teaching,post,1564454990,negative
cakjpk,teenagers,post,1562589744,negative
cf7yxm,toastme,post,1563545170,neutral
ccln7c,Animemes,post,1562995166,negative
cbptvj,AskHistorians,post,1562810589,neutral
civ3fj,AustralianMakeup,post,1564315741,positive
cef596,ChoosingBeggars,post,1563380843,negative
cdzoc8,DetroitPistons,post,1563296006,neutral
cb7y25,Entomology,post,1562711337,neutral
cecijl,LosAngelesRams,post,1563368391,neutral
cisi0n,NarutoFanfiction,post,1564294621,neutral
cdbwyf,POTUSWatch,post,1563158709,neutral
cbvxc4,PewdiepieSubmissions,post,1562853283,positive
ck4so5,PewdiepieSubmissions,post,1564555942,negative
cbyc9y,Philippines,post,1562865447,neutral
can4tj,outrun,post,1562602772,neutral
cbwmka,pakistan,post,1562857482,positive
cg3rn7,redditrequest,post,1563741464,neutral
cgtmsj,redditrequest,post,1563893735,neutral
cb23lv,shrooms,post,1562684948,negative
c9cq30,softwaregore,post,1562308719,negative
cizbqb,studyAbroad,post,1564338137,neutral
c9sq6g,teenagers,post,1562413612,negative
cbd81k,teenagers,post,1562740936,neutral
civvra,teenagers,post,1564320929,neutral
c83r4o,teenagers,post,1562035307,negative
cc4r1s,teenagers,post,1562897303,neutral
c8i5vx,treesgonewild,post,1562118830,neutral
ce60sh,unpopularopinion,post,1563326127,negative
c9l55k,2007scape,post,1562360331,neutral
cjkqyy,2007scape,post,1564450436,neutral
cegih6,2007scape,post,1563387040,negative
cf1slc,2007scape,post,1563502955,neutral
cikxw6,AnthemTheGame,post,1564251620,negative
ce2w05,Anxiety,post,1563310431,negative
chnz7d,AskReddit,post,1564063016,neutral
cgm2dd,AskReddit,post,1563845226,neutral
cb5i03,BPD,post,1562700194,neutral
cfpjts,BPD,post,1563649696,neutral
ckb4ug,BioshockInfinite,post,1564592179,positive
c9qt0w,Blackfellas,post,1562397233,negative
cc7133,DarkSouls2,post,1562911713,negative
ce720a,DunderMifflin,post,1563331950,neutral
cale4n,FantasyPL,post,1562594435,neutral
ciptqc,G59,post,1564277178,negative
cgfx39,GODZILLA,post,1563815291,neutral
cfqsfj,MakeupAddiction,post,1563656226,negative
cdhqap,ModSupport,post,1563198759,neutral
cdjutv,OldSchoolCool,post,1563209202,negative
capv7y,Showerthoughts,post,1562614982,negative
cixvl1,ToolBand,post,1564331204,neutral
ciyz4w,WatchRedditDie,post,1564336492,positive
cdoxp1,WatchRedditDie,post,1563232053,negative
c9agca,anime,post,1562292108,neutral
c7xty1,bonehurtingjuice,post,1562006454,negative
chgvpm,circlejerk,post,1564016855,negative
cg7tln,dankmemes,post,1563764764,negative
ci6284,kpop,post,1564163337,neutral
cj52la,ladybonersgw,post,1564367170,neutral
cc6508,nukedmemes,post,1562905722,negative
cbu4za,nukedmemes,post,1562841059,negative
ca0hbp,opiates,post,1562457489,negative
cgdpun,redditrequest,post,1563804814,neutral
cbrxli,redditrequest,post,1562823939,neutral
cdfefz,redditrequest,post,1563183568,neutral
cgxneo,redditrequest,post,1563912084,positive
c9gd8c,redditrequest,post,1562335781,neutral
ccbpap,redditrequest,post,1562942462,neutral
c7uync,runescape,post,1561998171,neutral
cdi8jf,security,post,1563201422,neutral
ch88m0,suggestmeabook,post,1563975181,neutral
ccrvqp,tennis,post,1563038708,negative
cbx3v4,tfc,post,1562859756,negative
ci9hfr,2007scape,post,1564180041,negative
cd9kpo,2007scape,post,1563145271,negative
cep5ko,AnthemTheGame,post,1563433801,negative
chtgtu,AskVet,post,1564088384,neutral
c8xaxr,BABYMETAL,post,1562209038,positive
cd6g7l,BikiniBottomTwitter,post,1563129350,neutral
c82ta6,ChapoTrapHouse,post,1562029748,neutral
cdrq7y,ChapoTrapHouse,post,1563247686,neutral
cdn95f,Conservative,post,1563223769,negative
cdnf48,Conservative,post,1563224543,negative
cbcwcq,FellowKids,post,1562738655,negative
c81z2k,FolkPunk,post,1562024862,negative
c8kge5,FrankOcean,post,1562133727,negative
chwudb,FreeKarma4You,post,1564106660,neutral
cgie59,JUSTNOMIL,post,1563826657,neutral
cfudfq,PewdiepieSubmissions,post,1563677778,neutral
cb4gi4,PrequelMemes,post,1562695598,neutral
c7v40u,SmashingPumpkins,post,1561998593,negative
c8zgnq,StrangerThings,post,1562223594,negative
c98ckg,Switzerland,post,1562278068,positive
cbo2z2,dankmemes,post,1562800942,negative
cfzlx6,dankmemes,post,1563719599,negative
ci8mj7,dankmemes,post,1564175739,negative
cjbb6u,dankmemes,post,1564407244,neutral
c9lkd0,help,post,1562362573,neutral
c85jf5,help,post,1562047055,neutral
cbar8q,ideasfortheadmins,post,1562725956,neutral
c9bsno,lakers,post,1562301819,positive
c9xlu5,memes,post,1562441540,negative
c7mcaf,nba,post,1561944441,neutral
cjz6p9,pumparum,post,1564525552,negative
cazkj0,reddeadredemption,post,1562671301,neutral
cdf8w0,redditrequest,post,1563182363,neutral
cg47ey,redditrequest,post,1563743761,neutral
chjmd3,redditrequest,post,1564033401,neutral
ce1m5f,redditrequest,post,1563304623,neutral
c8vv0d,redditrequest,post,1562199990,neutral
chd68u,sanfrancisco,post,1563998528,neutral
c7vd8a,teenagers,post,1561999352,neutral
c7vdj4,teenagers,post,1561999377,neutral
callsb,teenagers,post,1562595499,neutral
c83eb2,teenagers,post,1562033195,negative
ca0u7w,teenagers,post,1562459663,neutral
c9ttmi,trashy,post,1562421225,negative
cie7w2,travisscott,post,1564209444,negative
c8zm9r,unpopularopinion,post,1562224723,negative
cazssz,unpopularopinion,post,1562672791,negative
cje71t,AgainstHateSubreddits,post,1564420374,negative
cdkhnh,Amd,post,1563211820,negative
cbqmo2,AskHistorians,post,1562815354,negative
c8jemg,AskOuija,post,1562126521,negative
c9ddjc,Brawlstars,post,1562313894,negative
cjpdr1,ChapoTrapHouse,post,1564479430,neutral
cbmcfu,Dodgers,post,1562792226,positive
c9norv,GenderCritical,post,1562375217,negative
ck5xsd,Guildwars2,post,1564564087,neutral
cb8t7g,JordanPeterson,post,1562715631,negative
cegxl7,LeagueOfMeta,post,1563388976,negative
cgdv4m,LeagueOfMeta,post,1563805570,negative
chayh2,LeagueOfMeta,post,1563988209,negative
c7yj46,MLBTheShow,post,1562008469,negative
ca8vac,ModSupport,post,1562517931,neutral
ccwvbi,NYKnicks,post,1563065404,neutral
cimv3c,PokemonTCG,post,1564261083,neutral
ccj4ro,RightwingLGBT,post,1562978981,neutral
ce6fa8,RocketLeagueExchange,post,1563328376,neutral
chc3m1,Sacramento,post,1563993462,neutral
ca3dxa,Showerthoughts,post,1562476971,neutral
ce34yk,SuicideWatch,post,1563311562,neutral
c9itz4,WatchRedditDie,post,1562348493,negative
chtx7e,atheismrebooted,post,1564090620,negative
cflbjp,conspiracy,post,1563625935,neutral
c8ewe0,dankmemes,post,1562100860,neutral
cdyytp,dankmemes,post,1563292864,negative
c864w9,duolingo,post,1562051451,negative
c96u9t,fireemblem,post,1562269638,positive
cf6rku,help,post,1563538256,neutral
ceqw3u,memes,post,1563446870,neutral
ch9y0w,mildlyinfuriating,post,1563983574,negative
cei4i8,modhelp,post,1563394362,neutral
ch6yk0,modhelp,post,1563967721,neutral
chs6qj,modhelp,post,1564082304,neutral
cf3pja,modhelp,post,1563515185,neutral
cez47d,moviescirclejerk,post,1563488169,neutral
chrf3f,oddlysatisfying,post,1564078693,positive
ciklos,panicatthedisco,post,1564250005,neutral
c7td82,redditrequest,post,1561991994,neutral
cgrdul,redditrequest,post,1563881234,neutral
cdzgie,redditrequest,post,1563295022,neutral
cf5qtp,redditrequest,post,1563531040,neutral
cjdw2v,redditrequest,post,1564419079,neutral
c9659o,redditrequest,post,1562265905,neutral
cf2ouv,redditrequest,post,1563508490,neutral
cgpcwf,redditrequest,post,1563866138,neutral
cj5lb2,redditrequest,post,1564370144,neutral
cgvtw1,redditrequest,post,1563903784,neutral
cil0bg,secretsanta,post,1564251943,neutral
c8sirb,teenagers,post,1562182546,neutral
cf5ry4,teenagers,post,1563531284,negative
canv2s,tippytaps,post,1562606128,negative
c9y8ew,unpopularopinion,post,1562444891,negative
c9rgo1,whiteknighting,post,1562402790,negative
ceaw83,wowservers,post,1563358314,neutral
ckbnyh,2007scape,post,1564594486,positive
ci0lo6,2007scape,post,1564132674,negative
c8ag35,AskOuija,post,1562080576,neutral
cjip4b,AskReddit,post,1564440121,neutral
cjipmd,AskReddit,post,1564440186,positive
cjiqld,AskReddit,post,1564440303,positive
cj53l0,AskReddit,post,1564367327,neutral
cfbepi,CineShots,post,1563561748,neutral
c9fpse,FUTMobile,post,1562331823,neutral
c8sbjn,IdiotsInCars,post,1562181584,neutral
chpqbw,JUSTNOMIL,post,1564070879,positive
c953uv,MTGLegacy,post,1562260614,neutral
c98p9q,Military,post,1562280217,negative
c99tv9,Military,post,1562287596,neutral
c837du,ModSupport,post,1562032054,neutral
c8h8b0,ModSupport,post,1562113193,neutral
cabdz4,ModSupport,post,1562530561,neutral
cabili,ModSupport,post,1562531191,neutral
cbl54a,ModSupport,post,1562786527,neutral
cbykkq,ModSupport,post,1562866466,negative
cctb5n,ModSupport,post,1563045899,neutral
cf9tvi,ModSupport,post,1563554401,neutral
cht1sp,ModSupport,post,1564086433,neutral
chu4c7,ModSupport,post,1564091613,neutral
ck3e69,ModSupport,post,1564547198,neutral
chsm0e,MurderedByWords,post,1564084356,neutral
ck5215,Nepal,post,1564557653,neutral
ch5wbg,OnePieceTC,post,1563960188,neutral
c9mxhq,PewdiepieSubmissions,post,1562370425,neutral
cbqzgx,RedvsBlue,post,1562817585,neutral
chw9t7,RelayForReddit,post,1564103321,neutral
cdkyvp,SWGalaxyOfHeroes,post,1563213805,neutral
cbku5n,StopSelfHarm,post,1562785146,neutral
cbo42p,TheGirlSurvivalGuide,post,1562801107,neutral
cbbzvx,TooAfraidToAsk,post,1562732967,positive
cfamr9,WatchRedditDie,post,1563558128,negative
c7qrey,coaxedintoasnafu,post,1561975631,neutral
c94aj6,dankmemes,post,1562256369,negative
c9alf0,dankmemes,post,1562293131,negative
cgkyju,dankmemes,post,1563839077,neutral
ccmgc9,dankmemes,post,1563001445,neutral
ce23qw,dankmemes,post,1563306850,negative
c92ddf,fitgirls,post,1562245536,neutral
cexp1m,madisonwi,post,1563481306,negative
ci9bfd,memes,post,1564179183,positive
c7yesu,modhelp,post,1562008128,neutral
c8gtde,modhelp,post,1562110757,neutral
cabdwd,modhelp,post,1562530550,negative
canpsc,modhelp,post,1562605471,neutral
canvuh,modhelp,post,1562606223,neutral
ccrw27,modhelp,post,1563038757,neutral
ce201k,modhelp,post,1563306378,negative
cei7b3,modhelp,post,1563394719,neutral
ceqjgi,modhelp,post,1563444450,neutral
cgttv6,modhelp,post,1563894662,neutral
cid5pg,modhelp,post,1564201844,neutral
cjtcgz,modhelp,post,1564500540,neutral
ck2j4c,modhelp,post,1564542380,neutral
ck8bj3,modhelp,post,1564578705,neutral
cj7iqe,moviescirclejerk,post,1564382396,neutral
cjmdom,muacirclejerk,post,1564459367,neutral
chu0fi,natureismetal,post,1564091071,negative
chy33n,nukedmemes,post,1564114200,negative
c9hl4x,redditrequest,post,1562342237,neutral
c8wfob,redditrequest,post,1562203543,neutral
cii7ru,redditrequest,post,1564238171,neutral
ccvocl,redditrequest,post,1563058428,neutral
chfrtu,redditrequest,post,1564010770,neutral
cgifqu,redditrequest,post,1563826858,neutral
cdlsdk,redditrequest,post,1563217263,neutral
canvv1,runescape,post,1562606224,negative
c99a3u,secretsanta,post,1562283874,neutral
ca2zlh,skyrimmods,post,1562473970,neutral
c876r5,smallbusiness,post,1562060081,positive
cfg3kx,teenagers,post,1563586159,negative
ciqnjf,teenagers,post,1564282135,neutral
ckaymr,teenagers,post,1564591422,negative
cgl178,teenagers,post,1563839464,negative
c9sqfq,torontoraptors,post,1562413669,neutral
cbm8l1,totalwar,post,1562791700,neutral
c8rx52,2007scape,post,1562179668,neutral
c9fxk5,2007scape,post,1562333148,neutral
cjvgse,AskReddit,post,1564509490,neutral
cg8s4m,Braincels,post,1563770927,negative
chvx7y,Braincels,post,1564101340,negative
ce2tff,Braincels,post,1563310107,neutral
ci3ijx,Comcast_Xfinity,post,1564151137,neutral
cexa3o,CrappyDesign,post,1563479357,neutral
ccds4j,FortNiteBR,post,1562952115,negative
cj80yr,GiannaMichaels,post,1564385947,neutral
ccpn5j,Kappa,post,1563026432,neutral
c8v1j9,NoStupidQuestions,post,1562195151,negative
c8hf90,NoStupidQuestions,post,1562114341,neutral
c8xpxo,NoStupidQuestions,post,1562211720,neutral
c8xr7e,NoStupidQuestions,post,1562211944,neutral
c8xrtr,NoStupidQuestions,post,1562212058,neutral
c8xs7f,NoStupidQuestions,post,1562212124,neutral
c8zohv,NoStupidQuestions,post,1562225199,neutral
c9427o,NoStupidQuestions,post,1562255120,neutral
c94izj,NoStupidQuestions,post,1562257606,neutral
c9ouez,NoStupidQuestions,post,1562382689,neutral
cacfty,NoStupidQuestions,post,1562536018,neutral
cacg54,NoStupidQuestions,post,1562536061,neutral
cacgbc,NoStupidQuestions,post,1562536089,neutral
cauk4d,NoStupidQuestions,post,1562638493,negative
cd1i3c,NoStupidQuestions,post,1563099658,negative
cdzsjh,NoStupidQuestions,post,1563296539,neutral
cg5m8g,NoStupidQuestions,post,1563751573,neutral
cga0b0,NoStupidQuestions,post,1563779733,negative
chcv5a,NoStupidQuestions,post,1563997054,neutral
cj6wl2,NoStupidQuestions,post,1564378240,neutral
cjy2n2,NoStupidQuestions,post,1564520670,neutral
cbif11,PokemonGoSpoofing,post,1562773890,neutral
cipeen,RoastMe,post,1564274800,neutral
c7ui04,The_Donald,post,1561996812,neutral
ci16qy,WatchRedditDie,post,1564137059,negative
cin8v5,canucks,post,1564263092,neutral
capjtz,copypasta,post,1562613545,negative
c9udcp,dankmemes,post,1562424503,negative
ch3b4v,dankmemes,post,1563941990,positive
cbjah5,dvdcollection,post,1562778036,positive
cg2ges,memes,post,1563734679,negative
cg2gwb,memes,post,1563734750,negative
cg2j2b,memes,post,1563735064,neutral
c9yk1k,memes,post,1562446598,negative
cgazhu,minecraftseeds,post,1563787594,negative
c9e2qy,modhelp,post,1562319667,neutral
c7x7qm,modhelp,post,1562004639,neutral
cektp2,redditrequest,post,1563407306,neutral
c955w5,redditrequest,post,1562260898,neutral
cjox16,sadboys,post,1564476061,negative
c9bgnb,teenagers,post,1562299378,negative
cg6v5g,teenagers,post,1563758945,negative
cei4n5,thalassophobia,post,1563394380,neutral
cg62um,unpopularopinion,post,1563754280,positive
c8exz2,wallstreetbets,post,1562101074,neutral
chdmkr,AskReddit,post,1564000611,neutral
cfi9is,AskReddit,post,1563600429,neutral
cj1w4e,Braincels,post,1564350300,negative
cc610s,Cumtown,post,1562905000,negative
ceg8kl,Drama,post,1563385792,neutral
cg651f,FalloutMods,post,1563754631,neutral
cco801,FrankOcean,post,1563016572,neutral
cegkc5,Grimdank,post,1563387278,neutral
cdaer2,IncelTears,post,1563149939,neutral
ca9bqd,PrequelMemes,post,1562520249,neutral
c7o12s,Showerthoughts,post,1561954851,negative
cbagtp,SquaredCircle,post,1562724379,negative
cgy3l9,TopMindsOfReddit,post,1563914176,negative
ca2702,canada,post,1562468508,neutral
c9ni2j,crime,post,1562374004,negative
c9lmo7,dankmemes,post,1562362932,neutral
cel535,dankmemes,post,1563408969,negative
chtxtm,dankmemes,post,1564090712,neutral
c9gv2o,dogs,post,1562338516,neutral
ccqdsb,dubai,post,1563030668,positive
ccmumm,future_fight,post,1563004824,negative
caauhk,ideasfortheadmins,post,1562527852,negative
c8u8vl,nba,post,1562191013,neutral
chzjro,nba,post,1564124313,negative
cjulun,nba,post,1564505871,neutral
cfdxb2,outside,post,1563573983,neutral
ckdafb,redditrequest,post,1564601880,neutral
cg6vs4,redditrequest,post,1563759048,neutral
cdyqmo,redditrequest,post,1563291828,neutral
cdu2px,redditrequest,post,1563263838,neutral
cjl7lz,redditrequest,post,1564452890,neutral
cer8ds,shittyaskreddit,post,1563449149,neutral
cch4ik,teenagers,post,1562967964,neutral
cfkozr,teenagers,post,1563621011,neutral
cd6v39,teenagers,post,1563131416,positive
chehpy,trees,post,1564004537,negative
cd1l5z,unpopularopinion,post,1563100370,neutral
cjkj8u,AskOuija,post,1564449325,negative
cb6l2i,BPD,post,1562705059,neutral
cjpgjm,ChapoTrapHouse,post,1564479974,neutral
ccfs2z,ChapoTrapHouse,post,1562961349,neutral
chs4q3,PaleMUA,post,1564082035,neutral
c8vxjw,SEO,post,1562200420,neutral
cd3m1i,StarVStheForcesofEvil,post,1563114560,neutral
catg0p,dankmemes,post,1562632444,negative
cj17pa,dankmemes,post,1564346966,neutral
cj9sn2,dankmemes,post,1564398502,neutral
c7rh2l,dankmemes,post,1561980908,neutral
cbioia,dankmemes,post,1562775126,negative
cc9pqz,dankmemes,post,1562931357,negative
ce09a6,dankmemes,post,1563298569,negative
cdm45x,dankmemes,post,1563218660,negative
cdelez,dankmemes,post,1563177150,negative
cbqhxy,dankmemes,post,1562814584,negative
ch7t9h,forsen,post,1563972828,neutral
ccwr94,goldenknights,post,1563064701,neutral
cfk4ze,hentai,post,1563616343,negative
cd3cp9,legaladvice,post,1563113049,positive
c7z6du,minnesotatwins,post,1562010507,neutral
cfta7n,modhelp,post,1563670765,neutral
c8wxo8,nba,post,1562206657,positive
cek5iq,photography,post,1563403836,neutral
c8eb81,redditrequest,post,1562097960,neutral
c95cj7,redditrequest,post,1562261828,neutral
c95itv,redditrequest,post,1562262708,neutral
ckdzdc,teenagers,post,1564605012,positive
cfslpj,teenagers,post,1563666543,negative
chqmtc,thebachelor,post,1564075066,positive
ce122c,torontoraptors,post,1563302114,neutral
cbc0ij,unpopularopinion,post,1562733075,negative
cdzps9,2007scape,post,1563296195,positive
c8t0u3,ADHD,post,1562184920,negative
cc24yl,ADHD,post,1562883089,neutral
cfz61y,ADHD,post,1563716917,negative
cc860w,AskOuija,post,1562920159,neutral
cff01w,AskOuija,post,1563579600,negative
cg8vhz,AskOuija,post,1563771570,neutral
cjimy4,AskOuija,post,1564439825,negative
cjmwws,AskOuija,post,1564462599,neutral
ck512p,FortNiteBR,post,1564557474,neutral
cevsj9,FreeKarma4You,post,1563472289,neutral
ch0tuc,GameTheorists,post,1563927719,neutral
c95wyu,Grimdawn,post,1562264714,neutral
cgxnsg,Kappa,post,1563912129,neutral
cb4i8i,MensRights,post,1562695817,neutral
camd8z,Minecraft,post,1562599199,neutral
cfn2xn,PewdiepieSubmissions,post,1563636802,neutral
ck73k1,PoliticalHumor,post,1564571838,negative
caq1vc,PrequelMemes,post,1562615839,neutral
cautiu,PrequelMemes,post,1562639942,neutral
cb5o1p,PrequelMemes,post,1562700947,neutral
ceslbw,ReefTank,post,1563457029,neutral
cjfij0,Scotland,post,1564426065,positive
cb9y08,WatchRedditDie,post,1562721518,negative
cegwc0,WatchRedditDie,post,1563388809,negative
ck5uip,battlefield_4,post,1564563463,negative
cfm0zf,boottoobig,post,1563630706,neutral
c8hfcq,dankmemes,post,1562114356,negative
cjev5p,dankmemes,post,1564423261,neutral
ciccel,fireemblem,post,1564196418,neutral
cfrwn9,future_fight,post,1563662456,neutral
chky1a,gtaonline,post,1564043061,neutral
c9lr1f,hiphopheads,post,1562363590,negative
cj4ssu,intermittentfasting,post,1564365669,neutral
cfxe8z,italianlearning,post,1563702591,neutral
chpfm7,marvelstudios,post,1564069501,neutral
cdsd4g,memes,post,1563251645,negative
cbx0aq,modhelp,post,1562859291,negative
cioxuz,moviescirclejerk,post,1564272271,positive
ck1m6s,needamod,post,1564537548,neutral
ccz18j,redditrequest,post,1563079235,neutral
cge2lu,redditrequest,post,1563806564,neutral
cf2b4p,redditrequest,post,1563506088,neutral
cihyzu,redditrequest,post,1564236815,neutral
cavkhp,selfharm,post,1562644221,neutral
ck9awy,socialanxiety,post,1564583720,neutral
cbzqdv,tabletopsimulator,post,1562871790,negative
cdwywl,teenagers,post,1563283295,negative
cgh6pm,teenagers,post,1563821040,neutral
c9x5mw,trees,post,1562439181,neutral
cizqjp,unpopularopinion,post,1564340075,negative
c8u02m,unpopularopinion,post,1562189766,negative
ckadl5,unpopularopinion,post,1564588976,negative
ck4fb8,wallstreetbets,post,1564553484,negative
c97nxz,2007scape,post,1562274163,neutral
ca1dmc,321,post,1562463125,neutral
ck1062,AskALiberal,post,1564534395,neutral
c8y4or,AskReddit,post,1562214391,neutral
cewtmq,EscapefromTarkov,post,1563477148,neutral
ccs5au,Hiphopcirclejerk,post,1563040095,neutral
cei7fr,IreliaMains,post,1563394738,neutral
cepxl4,JordanPeterson,post,1563439917,neutral
cjef7g,KotakuInAction,post,1564421368,neutral
cdn2bp,NoFap,post,1563222898,neutral
caots1,OCD,post,1562610355,neutral
ccpcqn,Patriots,post,1563024611,neutral
chi2zq,PrequelMemes,post,1564023667,neutral
cjzvjm,SCBuildIt,post,1564528727,neutral
c8p4lk,TheSimpsons,post,1562166106,negative
c8l2yx,The_Donald,post,1562138447,neutral
cjqkoe,TopMindsOfReddit,post,1564487044,negative
cdneis,YasuoMains,post,1563224468,neutral
c86l9b,angelsbaseball,post,1562055107,positive
cajyjs,braces,post,1562586044,neutral
c9h9yk,dankmemes,post,1562340654,negative
c8fzm4,dankmemes,post,1562106320,neutral
c8j1xf,dankmemes,post,1562124303,neutral
ccvk33,dankmemes,post,1563057767,neutral
c80vp4,dankmemes,post,1562018849,positive
c80wab,dankmemes,post,1562018928,positive
c91bi6,dankmemes,post,1562238387,neutral
chal2e,darkjokes,post,1563986492,positive
c8arwv,darkjokes,post,1562082233,negative
cczvj1,dirtypenpals,post,1563085664,negative
cc9ohl,enfj,post,1562931116,negative
ceja2i,facepalm,post,1563399522,neutral
cg69f9,funkopop,post,1563755350,neutral
cct0g8,history,post,1563044405,positive
cj7frs,memes,post,1564381823,neutral
civ0d1,memes,post,1564315150,negative
cjqjz9,memes,post,1564486927,negative
cf3j4d,needamod,post,1563513965,neutral
ch9gk0,processing,post,1563981278,neutral
cdr165,redditrequest,post,1563243658,neutral
cj9gfg,redditrequest,post,1564396235,neutral
ciqxvc,redditrequest,post,1564283907,neutral
ce6xqg,redditrequest,post,1563331276,neutral
cc06m4,redditrequest,post,1562873835,neutral
cgg0w3,redditrequest,post,1563815761,neutral
cjeq6n,roblox,post,1564422683,positive
c8zl4r,roblox,post,1562224484,neutral
cc513m,statistics,post,1562898953,neutral
cedy2x,teenagers,post,1563375470,neutral
c8cs29,teenagers,post,1562091876,neutral
cd2kxm,teenagers,post,1563108103,negative
ccoy6g,teenagers,post,1563021927,negative
cjnbo2,teenagers,post,1564465135,negative
c928oe,unpopularopinion,post,1562244709,negative
cbq8ne,AskHistorians,post,1562813035,negative
ccehkm,AskReddit,post,1562955320,neutral
caap88,CharlotteHornets,post,1562527107,negative
caasju,CharlotteHornets,post,1562527570,negative
cdlegl,CrazyIdeas,post,1563215659,neutral
chxgf0,Drama,post,1564110306,positive
cfgc9l,Drama,post,1563587637,negative
cbn1gf,F13thegame,post,1562795599,neutral
cjxiza,FortNiteBR,post,1564518299,negative
cbv9vh,GlobalOffensiveTrade,post,1562848813,neutral
c98olg,JustUnsubbed,post,1562280099,negative
cgd7og,JustUnsubbed,post,1563802145,negative
cgrv9q,JustUnsubbed,post,1563884254,negative
ch7ty3,JustUnsubbed,post,1563972942,negative
cc5irp,Madden,post,1562901865,negative
c7yqei,PUBATTLEGROUNDS,post,1562009068,neutral
cfalzw,PewdiepieSubmissions,post,1563558035,negative
cjikk2,Showerthoughts,post,1564439519,negative
cfz3b3,Steam,post,1563716419,negative
cc67tq,SuddenlyGay,post,1562906228,negative
ce8yv8,The_Europe,post,1563344025,negative
cf5fn3,bindingofisaac,post,1563528580,neutral
cdzy8l,chicagobulls,post,1563297221,neutral
c86kf4,christinahendricks,post,1562054900,neutral
cj5ha5,dankmemes,post,1564369502,negative
cjhzh9,dankmemes,post,1564436836,negative
cixxry,dankmemes,post,1564331511,neutral
chu1cz,dankmemes,post,1564091201,negative
c7s9hc,future_fight,post,1561985928,negative
c8g8rk,lakers,post,1562107649,negative
c9jpl5,lakers,post,1562352967,neutral
ch7liu,lucifer,post,1563971575,neutral
cfz70q,mcrealmsservers,post,1563717093,negative
cgzupw,mcrealmsservers,post,1563922579,neutral
chdvqu,mcrealmsservers,post,1564001781,neutral
cdkcaz,memes,post,1563211208,negative
cdq6n5,memes,post,1563238946,negative
cdr1ox,memes,post,1563243741,negative
ce5dts,memes,post,1563322636,negative
cefof3,memes,post,1563383242,negative
cg270q,memes,post,1563733315,neutral
ccp812,memes,post,1563023745,negative
cd30ln,panthers,post,1563110917,neutral
cbxn7c,redditrequest,post,1562862253,neutral
ce6rly,redditrequest,post,1563330268,neutral
chwsmx,redditrequest,post,1564106386,neutral
ch80pi,redditrequest,post,1563973937,neutral
chz188,redditrequest,post,1564120559,neutral
cdomzc,rockets,post,1563230505,neutral
ceyc2x,running,post,1563484327,negative
chwvcl,skylanders,post,1564106812,negative
chyc99,starcraft,post,1564115800,positive
cbphym,subredditcancer,post,1562808687,negative
cjx20m,swtor,post,1564516253,neutral
cca8nq,teenagers,post,1562934628,negative
ccba4x,teenagers,post,1562940360,neutral
cfcmym,teenagers,post,1563567702,neutral
cfgblt,teenagers,post,1563587520,neutral
cfa0x2,teenagers,post,1563555356,negative
ccfd1b,trees,post,1562959357,negative
c9lpdn,troubledteens,post,1562363342,neutral
cibbdc,youtube,post,1564190068,negative
cf5j4k,AskReddit,post,1563529358,neutral
c7mlnq,AskReddit,post,1561946029,negative
cg5lfb,Braincels,post,1563751444,negative
cbg5j7,CPTSD,post,1562762024,neutral
chp4tm,Glitch_in_the_Matrix,post,1564068121,negative
cd4b4i,GoForGold,post,1563118398,neutral
cj0pr6,JustUnsubbed,post,1564344635,negative
cj7i4w,Memes_Of_The_Dank,post,1564382272,negative
cbhu5v,Showerthoughts,post,1562771131,negative
cjncl6,The_Donald,post,1564465310,positive
cf0lsb,WatchRedditDie,post,1563496149,negative
cf2sax,WatchRedditDie,post,1563509093,negative
ck4mgi,creepyasterisks,post,1564554781,negative
c8n6oh,dankmemes,post,1562154921,neutral
cdm75j,dankmemes,post,1563219032,negative
cix9y9,dankmemes,post,1564328333,negative
cisq5u,dankmemes,post,1564296339,negative
cgq5hz,gtaonline,post,1563872527,positive
cfw95w,help,post,1563691759,negative
cij2tz,islam,post,1564242638,positive
chcw4y,kansas,post,1563997190,neutral
c8ysgl,mattcolville,post,1562218855,neutral
c7s0vb,modhelp,post,1561984463,neutral
c8rxzl,nba,post,1562179778,neutral
c874ov,teenagers,post,1562059615,negative
cfcvf1,ATBGE,post,1563568883,neutral
ca80te,Amd,post,1562513293,negative
ch7wai,AsianMasculinity,post,1563973304,neutral
cbg04r,AutoModerator,post,1562761085,neutral
cgsy9l,AutoModerator,post,1563890352,neutral
casogv,Braincels,post,1562628411,negative
c7tpld,ChapoTrapHouse,post,1561993711,negative
cilgvv,ChapoTrapHouse,post,1564254137,negative
cg612o,ConfessionBear,post,1563754003,negative
cdre30,FreeKarma4U,post,1563245718,neutral
ci9xup,Guildwars2,post,1564182394,negative
cjuh6k,Hiphopcirclejerk,post,1564505321,neutral
citgwk,JustBootThings,post,1564302529,negative
ceckpv,KitchenConfidential,post,1563368709,neutral
cb9a6t,NASCAR,post,1562718045,neutral
cadwqy,PrequelMemes,post,1562544351,negative
cgb9km,RandomActsofCards,post,1563789674,positive
cdkwqb,RoastMe,post,1563213569,negative
cem1i7,The_Donald,post,1563413988,neutral
c8w9v2,borrow,post,1562202524,neutral
cek0k8,circojeca,post,1563403137,negative
cfnps6,confession,post,1563640202,negative
cbarmy,dankmemes,post,1562726016,positive
cak3vc,dankmemes,post,1562587024,negative
cfl2iq,dankmemes,post,1563624103,negative
cimvdm,dankmemes,post,1564261124,negative
c9ov5b,dankmemes,post,1562382820,negative
c8i45l,dankmemes,post,1562118528,neutral
cj6gvt,dankmemes,post,1564375406,negative
cfb4j2,dankmemes,post,1563560431,neutral
ckgd75,earthbound,post,1564616437,neutral
cisnhj,freefolk,post,1564295765,neutral
cbg0kg,furry,post,1562761165,neutral
ce4zk4,graphic_design,post,1563320493,neutral
ca8c8r,help,post,1562515058,neutral
ci414f,help,post,1564153679,neutral
cag7fz,homestuck,post,1562558364,neutral
ch8f68,mississippi,post,1563976161,neutral
caeyei,nba,post,1562550654,negative
chguv7,pathofexile,post,1564016727,negative
ceoi1i,redditrequest,post,1563429040,neutral
cd8nro,redditrequest,post,1563140387,neutral
chjwte,redditrequest,post,1564035426,neutral
cdti0w,redditrequest,post,1563259688,neutral
cgsbrm,relationship_advice,post,1563886944,neutral
cijhhx,relationship_advice,post,1564244624,neutral
cef5lm,teenagers,post,1563380888,neutral
cgt73j,teenagers,post,1563891587,neutral
che64n,teenagers,post,1564003109,neutral
c7n135,teenagers,post,1561948608,neutral
ch9ne0,thefighterandthekid,post,1563982188,negative
caive2,unpopularopinion,post,1562578247,positive
ce9io1,unpopularopinion,post,1563347901,negative
cd1orh,unpopularopinion,post,1563101213,neutral
cfxoq8,coolguides,post,1563705344,negative
ch1rhx,dankmemes,post,1563932908,negative
ch2h1v,dankmemes,post,1563936996,negative
cetijf,dankmemes,post,1563461687,negative
cf4aft,dankmemes,post,1563519457,neutral
cb3ace,dankmemes,post,1562690424,neutral
cc4c1k,datingoverthirty,post,1562894904,neutral
cb8qer,gonewild,post,1562715218,neutral
c90z72,marvelstudios,post,1562235745,positive
ca6jqu,nbacirclejerk,post,1562504259,negative
cb4ldu,nukedmemes,post,1562696192,negative
c9joa1,quityourbullshit,post,1562352777,neutral
c9ywty,quityourbullshit,post,1562448466,negative
cf8qgf,quityourbullshit,post,1563549117,negative
cf8swf,quityourbullshit,post,1563549454,negative
cf8xr1,quityourbullshit,post,1563550115,negative
cfx6cu,quityourbullshit,post,1563700461,negative
ckaq8f,rarepuppers,post,1564590415,neutral
caiydv,redditrequest,post,1562578831,neutral
cdi4lq,redditrequest,post,1563200871,neutral
ce2rnn,redditrequest,post,1563309869,neutral
ch9xfs,redditrequest,post,1563983503,neutral
cb3om8,redditrequest,post,1562692193,neutral
ck1siw,splatoon,post,1564538476,neutral
cg2f0s,statistics,post,1563734472,neutral
c8infw,teenagers,post,1562121809,neutral
cfr7lh,teenagers,post,1563658522,neutral
cbp5j0,teenagers,post,1562806757,negative
cdyhgp,teenagers,post,1563290618,neutral
c8ufut,torontoraptors,post,1562191940,positive
cclc87,unpopularopinion,post,1562993001,negative
cjsw2q,worldpolitics,post,1564498571,negative
cjlwqf,ADHD,post,1564456644,positive
caxdkv,AskOuija,post,1562655830,neutral
cg72t3,AskVet,post,1563760237,neutral
cbubx6,BDSMcommunity,post,1562842505,neutral
c868fz,Cricket,post,1562052205,negative
cgpikf,DotA2,post,1563867334,neutral
ck8f2l,FortNiteBR,post,1564579209,negative
c8gxny,KotakuInAction,post,1562111460,negative
c9gaq8,NoStupidQuestions,post,1562335399,neutral
ca17ie,NotHowDrugsWork,post,1562461998,negative
cb4ssa,PokemonGoSpoofing,post,1562697090,neutral
cfckmb,SuicideWatch,post,1563567375,neutral
ccrxto,Vent,post,1563039011,negative
cdjir7,copypasta,post,1563207656,negative
cbr7at,dankmemes,post,1562818949,negative
c9haf2,dankmemes,post,1562340725,negative
c7yzov,dankmemes,post,1562009834,neutral
ci7ydf,dankmemes,post,1564172493,negative
c9wdcv,freefolk,post,1562435164,neutral
ckdcjd,freefolk,post,1564602149,negative
cjo1ew,funny,post,1564469889,negative
cbd3s8,help,post,1562740086,negative
cet1f1,opiates,post,1563459327,negative
chjdpg,opiates,post,1564031722,negative
cjgxso,panicatthedisco,post,1564432192,negative
ciz5lu,promote,post,1564337335,positive
cgzlbl,redditrequest,post,1563921261,neutral
c8idqi,rescuedogs,post,1562120150,neutral
ccuyi1,teenagers,post,1563054479,negative
c8bms2,trashy,post,1562086439,negative
cae60c,unpopularopinion,post,1562545860,negative
cdpfta,AccidentalRenaissance,post,1563234750,neutral
c9lsjj,AskALiberal,post,1562363815,negative
cafvcg,AskALiberal,post,1562556217,negative
cfw5pw,BokuNoHeroAcademia,post,1563690949,positive
c9mmru,Braincels,post,1562368622,negative
cbohhs,COMPLETEANARCHY,post,1562803083,negative
ch9wfr,Christianity,post,1563983389,positive
ceybwc,Competitiveoverwatch,post,1563484300,neutral
capjqa,EngineeringStudents,post,1562613532,neutral
cgormf,GaybrosGoneWild,post,1563861917,negative
cclp5z,IndianEnts,post,1562995587,positive
cc1hbs,MarioMaker,post,1562879885,negative
cc1u09,MarioMaker,post,1562881598,positive
cc1v0v,MarioMaker,post,1562881738,negative
cc29jl,MarioMaker,post,1562883720,neutral
ccnpe5,MarioMaker,post,1563012256,negative
cctidg,MarioMaker,post,1563046925,neutral
cgkrac,PokemonGoSpoofing,post,1563838021,negative
cg1xjz,RocketLeagueExchange,post,1563731975,neutral
catu6e,SCJerk,post,1562634600,negative
cazxcw,bonnaroo,post,1562673595,neutral
ci8mnw,cringepics,post,1564175757,negative
c7rjdx,dankmemes,post,1561981352,neutral
c7s4af,dankmemes,post,1561985054,neutral
c7s4op,dankmemes,post,1561985120,neutral
ckctu1,dankmemes,post,1564599796,negative
c80twn,exjw,post,1562018607,negative
cdp5hd,fivenightsatfreddys,post,1563233208,negative
cbts3j,help,post,1562838259,neutral
ck34c3,hockey,post,1564545641,negative
cave6l,natureismetal,post,1562643166,negative
cg79v3,natureismetal,post,1563761419,negative
c83255,nba,post,1562031190,neutral
cccg7x,nba,post,1562945984,neutral
cc7m35,outside,post,1562915771,neutral
cjza3k,pansexual,post,1564526003,positive
c9n425,porn,post,1562371577,negative
cauhsi,redditrequest,post,1562638147,neutral
c9b4qp,redditrequest,post,1562296988,neutral
cj9g83,redditrequest,post,1564396190,neutral
cg22vu,redditrequest,post,1563732723,neutral
c83zft,teenagers,post,1562036700,negative
cga2fn,teenagers,post,1563780147,neutral
cga40y,teenagers,post,1563780516,neutral
c98oca,teenagers,post,1562280049,negative
c9zkd6,teenagers,post,1562452116,negative
ce1am3,unpopularopinion,post,1563303182,negative
c90wou,unpopularopinion,post,1562235177,negative
ccevi2,unpopularopinion,post,1562957117,negative
chzxh3,2007scape,post,1564127231,negative
c9v3tq,AmItheAsshole,post,1562428545,neutral
ca5bjq,AmItheAsshole,post,1562494242,negative
cbh3ww,AmItheAsshole,post,1562767459,negative
cetbwx,AmItheAsshole,post,1563460796,negative
ceuwy5,AmItheAsshole,post,1563468206,negative
cfgzgk,AmItheAsshole,post,1563591730,negative
cg7g6d,AmItheAsshole,post,1563762477,neutral
ch9iup,AmItheAsshole,post,1563981590,negative
ch9jsu,AmItheAsshole,post,1563981713,negative
ch9nyf,AmItheAsshole,post,1563982268,negative
ch9pxl,AmItheAsshole,post,1563982527,negative
chqwky,AmItheAsshole,post,1564076325,neutral
ciws1k,Animemes,post,1564325878,neutral
cc73yv,BABYMETAL,post,1562912261,positive
chxj5g,Braincels,post,1564110757,negative
caa1fa,Braincels,post,1562523797,negative
cjjzun,Braincels,post,1564446583,negative
c9ik9d,Calgary,post,1562347122,neutral
c9iljm,Calgary,post,1562347294,negative
cjbus4,DankMemesFromSite19,post,1564409929,neutral
ceu6q6,DnD,post,1563464850,neutral
cck58y,HighQualityGifs,post,1562985304,neutral
c8y65k,Israel,post,1562214654,positive
ccj02m,LivestreamFail,post,1562978217,negative
cilf46,OldSchoolCool,post,1564253887,neutral
ceawz0,OnePiece,post,1563358460,negative
ccmf75,ScenesFromAHat,post,1563001186,negative
ca1ar0,TooAfraidToAsk,post,1562462588,neutral
cbxvo7,Warframe,post,1562863347,negative
cav7k4,bugs,post,1562642093,neutral
cdxshy,dankmemes,post,1563287472,neutral
c8y8uv,dankmemes,post,1562215142,negative
cct2ip,dankmemes,post,1563044689,neutral
cbgtp6,dankmemes,post,1562765924,negative
ciar7r,dankmemes,post,1564186810,neutral
c7odsm,dankmemes,post,1561957232,negative
c7s92o,dankmemes,post,1561985858,negative
cjef0b,dankmemes,post,1564421342,positive
cewt5v,formula1,post,1563477084,neutral
cdqkuz,geology,post,1563241139,negative
c9j91h,hearthstone,post,1562350572,negative
c9ja48,hearthstone,post,1562350723,negative
cahgbi,hearthstone,post,1562567073,negative
cahh7g,hearthstone,post,1562567267,negative
chwz5v,ideasfortheadmins,post,1564107439,negative
ciumvq,metacanada,post,1564312254,negative
c8vfid,r4r,post,1562197433,neutral
cjjq45,redditrequest,post,1564445194,neutral
c9i9d2,redditrequest,post,1562345628,neutral
cc09yl,redditrequest,post,1562874245,neutral
c82q4z,redditrequest,post,1562029247,neutral
cfjuvy,redditrequest,post,1563614008,neutral
cb6n5c,redditrequest,post,1562705312,neutral
cjcni0,relationships,post,1564413618,neutral
ccnusm,talesfromtechsupport,post,1563013544,neutral
cfs1z8,teenagers,post,1563663307,neutral
cekbjc,teenagers,post,1563404698,positive
cfmiun,teenagers,post,1563633664,neutral
cgyqos,traaaaaaannnnnnnnnns,post,1563917141,neutral
cft6in,2007scape,post,1563670140,negative
ck9bbl,AskReddit,post,1564583775,negative
c8cx5d,BreakUps,post,1562092545,positive
cgw3ba,Catloaf,post,1563904987,negative
ck8tvg,ChapoTrapHouse,post,1564581381,neutral
cgef7q,DDLC,post,1563808270,positive
c87uio,FantasyPL,post,1562065046,neutral
cjggph,Gunners,post,1564430146,negative
ched7h,ITRPCommunity,post,1564003965,neutral
chfnai,JordanPeterson,post,1564010123,neutral
cj0asi,KotakuInAction,post,1564342705,negative
cg7hfu,LonghornNation,post,1563762688,neutral
cac0ui,ModSupport,post,1562533775,neutral
camidp,ScreenJunkies,post,1562599880,negative
ci22yb,ShitPoliticsSays,post,1564143097,negative
ccl5o9,UPS,post,1562991756,neutral
chbj52,Vaping,post,1563990835,neutral
cfyzja,adoptareddit,post,1563715706,neutral
cgzmrb,dankmemes,post,1563921461,neutral
ccujav,dankmemes,post,1563052189,neutral
c9ne1v,dankmemes,post,1562373274,neutral
cgc18o,help,post,1563795044,negative
c9fiix,hiphopheads,post,1562330523,negative
caauye,houston,post,1562527913,neutral
c8kvuv,lakers,post,1562136981,neutral
c9btup,lakers,post,1562302076,negative
ca48xj,lakers,post,1562484221,neutral
c9urqu,lakers,post,1562426737,neutral
c7zt65,madlads,post,1562013502,neutral
cb5yxm,mashups,post,1562702297,neutral
cdkxqw,memes,post,1563213686,negative
c8bhze,modhelp,post,1562085791,neutral
ceay15,rant,post,1563358664,negative
cb3y96,redditrequest,post,1562693377,neutral
cdyxqv,redditrequest,post,1563292733,neutral
cdzq4h,redditrequest,post,1563296237,neutral
c7r6wf,redditrequest,post,1561978931,neutral
cjb0l1,redditrequest,post,1564405664,neutral
ca9vbf,redditrequest,post,1562522946,neutral
caqv5o,redditrequest,post,1562619610,neutral
cea3yq,teenagers,post,1563352543,neutral
c7r54c,teenagers,post,1561978569,negative
ccr8xh,teenagers,post,1563035374,negative
cglnme,tennis,post,1563842928,negative
ca93bf,unpopularopinion,post,1562519074,negative
ck0u2p,uofm,post,1564533529,neutral
cdbz9p,Advice,post,1563159113,negative
ckfthq,AnythingGoesPics,post,1564613658,negative
cel7dl,ApplyingToCollege,post,1563409315,neutral
cbr8px,AskReddit,post,1562819197,neutral
c7q9fo,AskReddit,post,1561971642,neutral
cj0yv5,Assistance,post,1564345820,neutral
c9psau,AtlantaHawks,post,1562389593,positive
c7o984,AutoModerator,post,1561956353,neutral
ccs84i,BadDragon,post,1563040484,neutral
cbn4x0,Blink182,post,1562796097,neutral
cgwnjx,Blink182,post,1563907517,negative
chrzrj,Blink182,post,1564081384,negative
cgw7gm,DeepFriedMemes,post,1563905488,negative
cd99rq,Jaguars,post,1563143610,neutral
chgh6o,KendrickLamar,post,1564014584,neutral
cjkib5,MakeupAddiction,post,1564449187,negative
cjkv7w,MakeupAddiction,post,1564451062,neutral
c7u45x,Showerthoughts,post,1561995658,negative
c8u51z,Showerthoughts,post,1562190470,negative
cix1j1,The_Donald,post,1564327197,negative
cgg4pl,WatchRedditDie,post,1563816248,negative
ceuk3q,WatchRedditDie,post,1563466581,negative
ch2ks6,dankmemes,post,1563937607,neutral
cemnfx,dankmemes,post,1563417513,positive
ca3m7r,dankmemes,post,1562478799,negative
ccdvlt,dankmemes,post,1562952570,neutral
c83k8o,fermentation,post,1562034176,neutral
cfs0k7,gtaonline,post,1563663078,negative
ccpq3e,help,post,1563026911,neutral
cccdvd,ideasfortheadmins,post,1562945676,neutral
ce4it1,meta,post,1563318155,negative
c83ze9,redditisfun,post,1562036692,negative
cbxwk1,redditrequest,post,1562863462,neutral
ceywyh,redditrequest,post,1563487168,neutral
cb1wh0,redditrequest,post,1562684022,neutral
chkfge,redditrequest,post,1564039144,neutral
c8nx0b,techsupport,post,1562159457,neutral
c7m1wo,teenagers,post,1561942644,neutral
cagol8,teenagers,post,1562561526,negative
cefc2c,teenagers,post,1563381688,neutral
c8s226,unpopularopinion,post,1562180322,negative
ch9lax,vermont,post,1563981910,neutral
chtbt4,2007scape,post,1564087720,negative
chpvbj,Alabama,post,1564071516,neutral
cdhegu,AutoModerator,post,1563196893,neutral
c8fssu,CalPolyPomona,post,1562105324,positive
c9ouzq,ChapoTrapHouse,post,1562382792,neutral
ccgm4f,ChapoTrapHouse,post,1562965406,positive
chgtx6,ChapoTrapHouse,post,1564016587,neutral
cfafu3,Drizzy,post,1563557261,neutral
cc1d5i,FreeKarma4U,post,1562879330,neutral
cd1nws,HistoryMemes,post,1563101012,negative
cd1okw,HistoryMemes,post,1563101175,negative
ciexya,Jokes,post,1564214986,neutral
c92rx4,JordanPeterson,post,1562247968,negative
cc3tcv,Libertarian,post,1562891966,negative
ca7g3l,PrequelMemes,post,1562510016,neutral
chyoaf,The_Donald,post,1564118030,negative
cicr6b,Warthunder,post,1564199130,neutral
cb0ep5,cuckquean,post,1562676365,negative
cjaqwg,dankmemes,post,1564404204,negative
cbpj68,dankmemes,post,1562808863,negative
ckeikc,dankmemes,post,1564607394,negative
c90ek1,dankmemes,post,1562231216,negative
ccxe3p,dankmemes,post,1563068690,neutral
cbk7h8,dankmemes,post,1562782269,negative
cgj9io,dankmemes,post,1563830736,negative
che41h,dankmemes,post,1564002854,negative
c8f938,dankmemes,post,1562102526,neutral
cd8s0h,fasting,post,1563141005,negative
c9dfit,freefolk,post,1562314373,negative
c9ekal,help,post,1562323655,neutral
cd2gso,hoi4,post,1563107305,neutral
cjb4sg,memes,post,1564406305,negative
cjlek7,memes,post,1564453899,negative
c8bcyl,miamidolphins,post,1562085121,neutral
chondj,minnesota,post,1564066051,neutral
cbd8zk,modhelp,post,1562741127,neutral
ccg07y,modhelp,post,1562962411,neutral
cd8sky,redditrequest,post,1563141089,neutral
c8rc6j,redditrequest,post,1562176907,neutral
cb8nkj,redditrequest,post,1562714799,neutral
cbgpbe,redditrequest,post,1562765242,neutral
cb63yq,redditrequest,post,1562702924,neutral
cad7uh,redditrequest,post,1562540310,neutral
ccrbji,relationships,post,1563035759,neutral
ca3tr6,teenagers,post,1562480530,neutral
ckgki3,teenagers,post,1564617521,negative
ce7f3w,teenagers,post,1563334087,negative
caa4mu,teenagers,post,1562524236,neutral
c9odbz,trashy,post,1562379604,negative
c9pfp2,unpopularopinion,post,1562387173,negative
cgwr8i,AskReddit,post,1563908000,neutral
c8ipec,AskReddit,post,1562122150,negative
cezbh1,AustralianMakeup,post,1563489159,positive
ci956f,Braincels,post,1564178331,negative
cc66fn,ChapoTrapHouse,post,1562905975,neutral
c9i8dj,ChapoTrapHouse,post,1562345499,neutral
ce87gc,ComicBookCollabs,post,1563338947,neutral
cct5e9,DeepIntoYouTube,post,1563045103,negative
chqoem,FloridaGators,post,1564075269,negative
cgbuu0,FortNiteBR,post,1563793841,neutral
cdh3da,HollywoodUndead,post,1563195188,neutral
chp4cw,Kentucky,post,1564068064,neutral
cd4gzx,MichiganWolverines,post,1563119263,negative
cdjdny,ModSupport,post,1563206989,neutral
cjubsj,NASCAR,post,1564504684,negative
ck79j8,NoFap,post,1564572828,negative
ck7aah,NoFap,post,1564572946,negative
c9z7i3,Oxygennotincluded,post,1562450087,positive
cb3c77,PrequelMemes,post,1562690655,negative
cdajfj,RepTime,post,1563150703,negative
cc103i,Showerthoughts,post,1562877622,negative
cdwm3f,TheWalkingDeadGame,post,1563281411,neutral
c957a3,The_Donald,post,1562261089,neutral
c96luv,The_Donald,post,1562268364,negative
cab4b0,The_Donald,post,1562529206,negative
cah7k8,TrollXChromosomes,post,1562565300,neutral
cg9z00,breakingbad,post,1563779461,neutral
c7t9j3,chicago,post,1561991447,neutral
cd4l10,climate,post,1563119871,neutral
cavy1c,dankmemes,post,1562646468,negative
ch10dq,dankmemes,post,1563928728,negative
ciz7bg,dankmemes,post,1564337555,negative
c9jnm4,opiates,post,1562352677,neutral
cebyqn,redditrequest,post,1563365301,neutral
ca92pn,redditrequest,post,1562518994,neutral
c8fd4b,redditrequest,post,1562103121,neutral
c9ys46,redditrequest,post,1562447762,neutral
cdzxu1,teenagers,post,1563297178,neutral
cdc7kf,teenagers,post,1563160535,neutral
ch6msi,unpopularopinion,post,1563965499,negative
ccre41,vegan,post,1563036140,neutral
cibp65,vegancirclejerk,post,1564192358,neutral
che63u,wallstreetbets,post,1564003107,negative
ca3w4v,2meirl4meirl,post,1562481106,negative
cfoczh,AccidentalComedy,post,1563643610,neutral
cj9pbq,AutoModerator,post,1564397927,neutral
cbwira,DDLC,post,1562856982,neutral
c95fms,EscapefromTarkov,post,1562262268,negative
c8655n,Gundam,post,1562051499,neutral
cj3gxa,Hiphopcirclejerk,post,1564358320,positive
ccsqwv,WatchRedditDie,post,1563043082,negative
cjv0yr,WatchRedditDie,post,1564507636,negative
ceh7hk,Yogscast,post,1563390233,negative
ceyvu6,antinatalism,post,1563487003,negative
ceqbm2,applehelp,post,1563442828,neutral
c8yzyt,asktransgender,post,1562220272,neutral
c9x8yp,asktransgender,post,1562439662,neutral
cc5uks,asktransgender,post,1562903896,neutral
cdgqh0,dankmemes,post,1563193037,neutral
ccd19n,dankmemes,post,1562948716,neutral
cc8kfr,dankmemes,post,1562923266,negative
ci2r1t,dankmemes,post,1564147050,neutral
ce6u31,destiny2,post,1563330684,negative
cid0xd,food,post,1564200959,negative
chd2ws,goldenknights,post,1563998081,positive
cbonqx,help,post,1562804016,neutral
c9fm5u,ireland,post,1562331177,neutral
cht7jw,kpop,post,1564087182,neutral
cjxf5f,meme,post,1564517844,negative
c8a8tz,mildlyinfuriating,post,1562079564,negative
cb7bus,modhelp,post,1562708476,neutral
c8ui8w,nSuns,post,1562192297,positive
cietf4,needamod,post,1564213986,neutral
cg7rw3,oakland,post,1563764488,neutral
chf8z5,offmychest,post,1564008109,negative
c9igfv,pittsburgh,post,1562346589,negative
cez4nq,pittsburgh,post,1563488222,neutral
cj0bav,raimimemes,post,1564342772,negative
cfqgy1,redditrequest,post,1563654548,neutral
cio3fd,redditrequest,post,1564267576,neutral
cjf8zj,redditrequest,post,1564424891,neutral
ck7vsv,shield,post,1564576311,neutral
cct5a7,teenagers,post,1563045086,negative
chdt92,teenagers,post,1564001458,neutral
cfz08s,titanfall,post,1563715844,neutral
ca73g6,torontoraptors,post,1562507879,neutral
c9pfy8,wholesomememes,post,1562387222,neutral
cj1qlm,AsiansGoneWild,post,1564349494,neutral
cj42cw,AskReddit,post,1564361593,neutral
cegr9y,Conservative,post,1563388161,neutral
c93oa3,CrazyIdeas,post,1562253031,neutral
cha65t,HistoryMemes,post,1563984580,negative
cbyqs0,IsItBullshit,post,1562867250,negative
cfu4hq,JustUnsubbed,post,1563676114,negative
cho72l,Maine,post,1564064000,neutral
cdoi8n,Mavericks,post,1563229841,neutral
cht1iz,NYYankees,post,1564086397,negative
cjz19k,NintendoSwitch,post,1564524867,neutral
chxoup,Persona5,post,1564111736,positive
cjekuc,PewdiepieSubmissions,post,1564422042,neutral
cats9i,RocketLeagueExchange,post,1562634314,negative
chieyr,SFBayHousing,post,1564025632,neutral
chnwxm,Showerthoughts,post,1564062685,negative
c9kw81,TheFrontBottoms,post,1562359047,positive
cb2kba,The_Donald,post,1562687118,negative
c7yqss,The_Donald,post,1562009104,negative
ccsv9k,The_Donald,post,1563043672,negative
c9ptt5,WatchRedditDie,post,1562389889,negative
c9thzh,Wordpress,post,1562419090,neutral
cd51w7,chinchilla,post,1563122282,neutral
c7orkg,churning,post,1561959937,neutral
c7vdgp,churning,post,1561999370,neutral
cagod9,churning,post,1562561486,neutral
cj7csl,dankmemes,post,1564381240,neutral
c8wal5,dankmemes,post,1562202651,negative
c82ho3,dankmemes,post,1562027848,neutral
cdpe8c,dankmemes,post,1563234518,negative
cgbgd0,dankmemes,post,1563791030,negative
c85axc,dankmemes,post,1562045307,negative
ceyhfd,datasets,post,1563485048,neutral
cf3h04,exmuslim,post,1563513552,neutral
cgkzmr,help,post,1563839245,neutral
c7p9u1,instantkarma,post,1561963645,negative
c8tt9p,lakers,post,1562188803,negative
cc2kay,modhelp,post,1562885284,neutral
cbyef3,nba,post,1562865710,neutral
c94m7w,nba,post,1562258087,neutral
cairei,oddlyterrifying,post,1562577386,negative
cdphgf,polyamory,post,1563235005,positive
cew4kf,questions,post,1563473866,neutral
cde8yq,rant,post,1563174500,neutral
cehbwy,redditrequest,post,1563390800,neutral
cgmv3u,redditrequest,post,1563849785,neutral
c82poz,redditrequest,post,1562029173,neutral
ccc61g,relationship_advice,post,1562944641,neutral
cb5rc3,sportsbook,post,1562701360,neutral
catlcx,stepparents,post,1562633254,neutral
cgzhbz,stopdrinking,post,1563920708,neutral
c7rj3x,teenagers,post,1561981300,neutral
ciszn7,teenagers,post,1564298445,neutral
cae94u,AdmiralBulldog,post,1562546369,negative
cegybs,Amd,post,1563389066,negative
ck4xyi,AskReddit,post,1564556902,negative
cj14pi,AskReddit,post,1564346574,neutral
c840j3,AskReddit,post,1562036891,neutral
cdmla9,Bible,post,1563220739,positive
cekdbt,Braves,post,1563404949,neutral
c7vbud,Comcast_Xfinity,post,1561999235,neutral
cciqja,Libertarian,post,1562976663,negative
cfdyot,PublicFreakout,post,1563574168,negative
cajuca,Songwriters,post,1562585236,neutral
cgofcl,TheStrokes,post,1563859557,negative
chrrg5,TheStrokes,post,1564080304,neutral
cgccll,ThingsCutInHalfPorn,post,1563797094,negative
cc1z9v,WatchRedditDie,post,1562882332,neutral
cdj0ew,aspergirls,post,1563205237,neutral
cb5ebl,bakchodi,post,1562699744,negative
chxneh,bald,post,1564111488,negative
cdzam9,dankmemes,post,1563294295,neutral
cdzfjg,dankmemes,post,1563294899,neutral
ch37em,dankmemes,post,1563941359,negative
ch52ha,dankmemes,post,1563953757,neutral
ckg861,dankmemes,post,1564615705,negative
cgnuv3,discordapp,post,1563855811,negative
cfg5rd,discordapp,post,1563586527,negative
cgmwqz,gaming,post,1563850060,neutral
ci67xq,girlsinyogapants,post,1564164092,neutral
ck7nu0,ideasfortheadmins,post,1564575058,neutral
cgi1vb,lakers,post,1563825072,negative
cb9wo6,madlads,post,1562721316,neutral
cdqzzg,mildlyinfuriating,post,1563243474,negative
cc4a8u,minecraftsuggestions,post,1562894610,neutral
ciy65u,modhelp,post,1564332663,neutral
cjvi1k,nukedmemes,post,1564509634,negative
ccrtsb,phillies,post,1563038433,neutral
chmz33,redditrequest,post,1564057434,neutral
ca63p2,redditrequest,post,1562500919,neutral
cis3p4,redditrequest,post,1564291694,neutral
cggji6,redditrequest,post,1563818112,neutral
ca3a6a,redditrequest,post,1562476178,neutral
cfn3ag,redditrequest,post,1563636852,neutral
cgkznv,sex,post,1563839250,negative
ch14py,skyrimmods,post,1563929393,neutral
cdsnr4,teenagers,post,1563253659,negative
cg693y,teenagers,post,1563755300,neutral
cdkkxs,unpopularopinion,post,1563212190,negative
cfgr7h,Braincels,post,1563590262,neutral
c9duzz,DMT,post,1562317972,neutral
chdd1h,Negareddit,post,1563999393,negative
ch4f15,NoStupidQuestions,post,1563949218,neutral
cb5sey,Pinup,post,1562701494,negative
c8nsmh,TheHandmaidsTale,post,1562158770,negative
ch1uar,TheHandmaidsTale,post,1563933356,neutral
cfkaz1,TooAfraidToAsk,post,1563617738,neutral
cc062m,Twitter,post,1562873763,neutral
c970vp,WTF,post,1562270626,negative
ciby5a,WTF,post,1564193917,neutral
c81ztc,Wordpress,post,1562024977,neutral
ckc9cr,cats,post,1564597140,neutral
cbl7au,dankmemes,post,1562786809,neutral
cgh349,dankmemes,post,1563820572,positive
c80r3r,formula1,post,1562018221,neutral
cf6wi1,help,post,1563539086,negative
c7yjj2,lakers,post,1562008503,neutral
cjb9fi,madlads,post,1564406989,negative
ciwokm,memes,post,1564325382,neutral
cjdhi9,memes,post,1564417328,neutral
cg6v61,modhelp,post,1563758949,neutral
cenavf,mormon,post,1563421320,neutral
chfc8y,nintendo,post,1564008567,negative
ccu8fh,progun,post,1563050632,negative
cen07l,redditrequest,post,1563419592,neutral
cfsvik,redditrequest,post,1563668229,neutral
cj52o7,redditrequest,post,1564367181,neutral
cdyuqf,stlouisblues,post,1563292349,neutral
cawdr4,tabletopsimulator,post,1562649167,negative
cb2tm8,teenagers,post,1562688324,neutral
c8v1t7,teenagers,post,1562195193,negative
c9eqq4,teenagers,post,1562325032,neutral
cgm6ev,teenagers,post,1563845872,neutral
cgzi2u,teenagers,post,1563920811,negative
c9px02,AcademicBiblical,post,1562390566,neutral
cbroos,DotA2,post,1562822179,negative
ca6ori,DynastyFF,post,1562505170,neutral
cffjld,FREE,post,1563582753,neutral
cddg7y,Jeopardy,post,1563168629,neutral
cbybsw,Pizza,post,1562865390,neutral
cisqe1,PokemonShuffle,post,1564296391,neutral
c99stg,PoliticalHumor,post,1562287395,neutral
cj2ma7,RWBY,post,1564353930,neutral
ccvn61,RoastMe,post,1563058247,neutral
cj4cwp,RoastMe,post,1564363182,neutral
ckauhi,RoastMe,post,1564590919,negative
cdby9x,Thunder,post,1563158934,positive
cdv39q,VladimirMains,post,1563271830,negative
cdx3dg,WatchRedditDie,post,1563283964,negative
ccdt24,adoptareddit,post,1562952235,neutral
c8eoce,copypasta,post,1562099737,negative
cb3n6u,dankmemes,post,1562692016,negative
cd4zc1,dankmemes,post,1563121914,negative
ci4o3l,dankmemes,post,1564156694,negative
cbgmkr,dankmemes,post,1562764823,neutral
c8fn9v,dankmemes,post,1562104548,negative
cewayr,dankmemes,post,1563474699,neutral
c7obf2,dankmemes,post,1561956764,negative
c886tr,dankmemes,post,1562067540,negative
cj8dft,eldertrees,post,1564388544,neutral
cfn1tf,hamptonbrandon,post,1563636635,negative
ccfu8h,help,post,1562961644,neutral
cansa4,ideasfortheadmins,post,1562605782,negative
cgu0lt,ideasfortheadmins,post,1563895534,neutral
cgu29u,ideasfortheadmins,post,1563895750,neutral
ckferi,ideasfortheadmins,post,1564611663,neutral
ccggqh,kings,post,1562964649,neutral
cc1tlg,kof,post,1562881546,negative
ch42ox,mildlyinfuriating,post,1563946904,negative
cdnhba,modhelp,post,1563224822,neutral
ca2kk0,nba,post,1562471055,neutral
c860ry,redditrequest,post,1562050620,neutral
c99tu8,redditrequest,post,1562287590,neutral
c9v6yb,redditrequest,post,1562429004,neutral
c9sa2m,redditrequest,post,1562410009,neutral
cev63m,redditrequest,post,1563469400,neutral
cc4l9u,redditrequest,post,1562896396,neutral
cg4rm3,tattoo,post,1563746810,negative
c9ukhn,teenagers,post,1562425594,neutral
c8fwgc,teenagers,post,1562105867,negative
ciniwh,teenagers,post,1564264519,negative
cfgmq7,teenagers,post,1563589485,neutral
cflbyj,teenagers,post,1563626010,negative
ckdstg,teenagers,post,1564604194,positive
c90fe3,teenagers,post,1562231401,neutral
cdykwx,winnipegjets,post,1563291073,neutral
chctqq,AmItheAsshole,post,1563996881,negative
cf07ju,Animemes,post,1563493902,neutral
cj831z,AskOuija,post,1564386387,neutral
c84kcj,AskReddit,post,1562040385,neutral
cfma4v,AskReddit,post,1563632251,neutral
cdm37q,Braincels,post,1563218554,negative
ce5o8o,Braincels,post,1563324219,negative
cd3ufg,Brewers,post,1563115884,neutral
c9poi2,ChapoTrapHouse,post,1562388880,neutral
cjv9ot,CrazyIdeas,post,1564508653,neutral
c87ohb,Cricket,post,1562063831,neutral
cdncx8,Eve,post,1563224259,negative
cih4zz,Jaguars,post,1564231917,positive
cbjz8d,KarmaCourt,post,1562781227,neutral
c85yrv,LAClippers,post,1562050202,negative
cc7phq,NoStupidQuestions,post,1562916439,negative
c88olx,OnePiece,post,1562070826,neutral
c8un4k,PewdiepieSubmissions,post,1562192969,positive
cgxu77,TaylorSwift,post,1563912964,positive
cepfio,Tomorrowland,post,1563435865,positive
ch9hte,WatchRedditDie,post,1563981456,negative
ce6vja,WorkOnline,post,1563330915,negative
cc72n6,arenaofvalor,post,1562912016,neutral
cjgnqr,aznidentity,post,1564430971,negative
ch28za,dankmemes,post,1563935695,negative
cbtzwe,dankmemes,post,1562839998,neutral
cjefn1,dankmemes,post,1564421420,neutral
cgf8i5,instant_regret,post,1563812108,neutral
cb2uky,intermittentfasting,post,1562688444,negative
ca4g2n,learnmath,post,1562486092,neutral
c7mgnf,me_irl,post,1561945175,negative
c9ok4r,memes,post,1562380824,neutral
ciqbl3,nukedmemes,post,1564280080,negative
cc0vzf,quittingkratom,post,1562877100,positive
cdk5ph,redditrequest,post,1563210435,neutral
cepm0u,redditrequest,post,1563437294,neutral
c97wf4,redditrequest,post,1562275486,neutral
c9n88m,shitpost,post,1562372253,negative
c9nc6v,shitpost,post,1562372944,negative
c90k12,sixwordstories,post,1562232449,neutral
cauouy,teenagers,post,1562639222,neutral
cfs0qn,teenagers,post,1563663105,neutral
ca8wn4,teenagers,post,1562518132,neutral
cgylu9,woooosh,post,1563916524,negative
cbo2fq,AtlantaHawks,post,1562800868,neutral
cc2h05,AtlantaHawks,post,1562884812,negative
c9n22s,BadDragon,post,1562371221,negative
ccz62c,Blackfellas,post,1563080203,neutral
c93a4v,CBD,post,1562250865,neutral
ccdgni,Cumtown,post,1562950676,neutral
cioomr,DestinyTheGame,post,1564270795,neutral
chqvoi,Drama,post,1564076218,neutral
ccw8xy,EdmontonOilers,post,1563061726,neutral
cgazi0,FFBraveExvius,post,1563787595,neutral
ck20f5,FortNiteBR,post,1564539619,negative
ck21gv,FortNiteBR,post,1564539782,negative
cc0qyu,PHP,post,1562876431,negative
canhsw,PrequelMemes,post,1562604465,neutral
c80ifx,RocketLeagueExchange,post,1562016985,negative
c8yqxa,RocketLeagueExchange,post,1562218560,neutral
cfb9yq,RocketLeagueExchange,post,1563561137,neutral
cjjy81,RocketLeagueExchange,post,1564446349,neutral
ce1nw3,SandersForPresident,post,1563304835,negative
cexxei,SeriousConversation,post,1563482413,neutral
cfgoox,Smite,post,1563589824,neutral
caey4w,WatchRedditDie,post,1562550616,neutral
cdsgcu,autism,post,1563252264,neutral
cd46lw,berserklejerk,post,1563117714,neutral
ckane9,brooklynninenine,post,1564590107,neutral
cgno5i,conspiracy,post,1563854685,negative
cglozr,dankmemes,post,1563843142,neutral
cbmgy3,dankmemes,post,1562792826,negative
caj6au,delusionalartists,post,1562580488,negative
c8bug2,fireemblem,post,1562087413,neutral
cetowf,france,post,1563462533,negative
ca8b5t,gis,post,1562514896,neutral
cby1zs,identifythisfont,post,1562864189,neutral
cfl4n2,india,post,1563624549,neutral
c8koot,lakers,post,1562135463,neutral
c8kphy,lakers,post,1562135626,neutral
cgikci,lakers,post,1563827478,neutral
ckb8fk,leagueoflegends,post,1564592607,negative
ck6n3j,memes,post,1564568939,neutral
cien4w,memes,post,1564212621,negative
cbypah,mlb,post,1562867055,neutral
cidnti,modhelp,post,1564205357,neutral
cdhuqw,rant,post,1563199441,negative
cd5u0n,redditrequest,post,1563126203,neutral
cbbe1q,shittysuperpowers,post,1562729477,neutral
c8uoxx,softwaregore,post,1562193224,negative
cibad4,softwaregore,post,1564189899,negative
cc5ali,teenagers,post,1562900514,neutral
ccwn54,teenagers,post,1563064005,negative
ce9xyy,teenagers,post,1563351217,neutral
cifi27,teenagers,post,1564219567,negative
cjseig,trailerparkboys,post,1564496339,negative
c99azt,unpopularopinion,post,1562284045,negative
cgrup9,unpopularopinion,post,1563884161,negative
c7yzks,unpopularopinion,post,1562009824,negative
cd7wio,uwaterloo,post,1563136584,neutral
chzcy3,valve,post,1564122913,neutral
cd718i,witcher,post,1563132263,neutral
cg0wdd,woooosh,post,1563726689,negative
c7rkzg,Amsterdam,post,1561981642,neutral
c817gb,AskReddit,post,1562020584,neutral
cj2qmf,AskReddit,post,1564354538,neutral
cg1dud,CasualConversation,post,1563729199,negative
ck4dgj,ContestOfChampions,post,1564553148,neutral
cf4nlv,FortNiteBR,post,1563522261,neutral
cg273x,GenderCynical,post,1563733328,negative
chjwm0,GoneMild,post,1564035381,neutral
chjx1o,GoneMild,post,1564035467,neutral
cdng18,Jokes,post,1563224657,negative
c7zyzq,KotakuInAction,post,1562014303,negative
ccefmb,Piracy,post,1562955076,neutral
cdeld7,androidroot,post,1563177140,neutral
c7mqxo,bipolar2,post,1561946903,neutral
cchp9a,calmhands,post,1562970936,neutral
cdg2qx,dankmemes,post,1563188696,negative
cbznah,dankmemes,post,1562871390,negative
cjztyf,dankmemes,post,1564528505,positive
cf0j8v,dankmemes,post,1563495732,neutral
cewa22,dankmemes,post,1563474572,negative
cffvmg,dankmemes,post,1563584774,negative
ck5aed,help,post,1564559313,neutral
cbyayc,madlads,post,1562865287,neutral
c8r0gr,marvelstudios,post,1562175345,neutral
cf203h,outside,post,1563504221,negative
c8t89m,premed,post,1562185928,neutral
ca7uyl,redditrequest,post,1562512360,neutral
ciwor6,redditrequest,post,1564325410,neutral
ci6ae7,redditrequest,post,1564164398,neutral
cj4v1j,redditrequest,post,1564366013,neutral
ceplsm,redsox,post,1563437244,neutral
chwgp3,slashdiablo,post,1564104428,neutral
cc2gx7,stalker,post,1562884800,neutral
cahli8,subredditcancer,post,1562568158,negative
cata61,subredditcancer,post,1562631573,neutral
catzc3,subredditcancer,post,1562635404,neutral
caya5t,subredditcancer,post,1562662364,negative
cce6oi,subredditcancer,post,1562953949,negative
cckfju,subredditcancer,post,1562987089,negative
cijfgd,subredditcancer,post,1564244343,negative
cjkmj4,subredditcancer,post,1564449799,negative
c831z0,teenagers,post,1562031167,neutral
choymh,teenagers,post,1564067383,negative
chz512,teenagers,post,1564121300,neutral
casxut,teenagers,post,1562629780,neutral
c7o1cl,teenagers,post,1561954901,neutral
cijwg7,tf2,post,1564246669,negative
c7nxo1,tooktoomuch,post,1561954284,positive
c7okys,tooktoomuch,post,1561958599,neutral
ck27tb,tylerthecreator,post,1564540704,negative
cgao4e,unpopularopinion,post,1563785123,negative
chw6c0,unpopularopinion,post,1564102776,negative
chccsy,worldpolitics,post,1563994680,negative
ccrvsi,2007scape,post,1563038714,neutral
ciaum3,AskReddit,post,1564187356,neutral
ck34ao,AskReddit,post,1564545635,negative
ck3c7i,AskReddit,post,1564546879,negative
cbbauj,AutoModerator,post,1562728988,neutral
c7ow04,BikiniBottomTwitter,post,1561960820,negative
c8zm7w,CasualUK,post,1562224713,positive
cabsf0,CasualUK,post,1562532604,positive
cemrjh,DenverBroncos,post,1563418182,neutral
chsy0m,DesignerReps,post,1564085919,negative
cdzt88,FIFA,post,1563296615,neutral
ceyn5l,Irony,post,1563485813,negative
cgpo7o,JordanPeterson,post,1563868569,negative
cig9o9,Libertarian,post,1564225790,negative
cdism4,NoStupidQuestions,post,1563204179,neutral
cal44m,PrequelMemes,post,1562592977,neutral
chjg6b,Veterans,post,1564032192,neutral
cfars9,WarhammerFantasy,post,1563558782,neutral
ci9j4m,WatchRedditDie,post,1564180301,positive
cebjrh,catfish,post,1563362718,neutral
cadxv2,soundcloud,post,1562544533,neutral
cif6my,stopdrinking,post,1564216976,positive
chzw92,teenagers,post,1564126971,negative
cdity6,teenagers,post,1563204361,negative
cgmf57,teenagers,post,1563847238,negative
cgrm43,teenagers,post,1563882731,negative
ca28dv,ufc,post,1562468758,negative
ccvj6c,unpopularopinion,post,1563057630,negative
cajdop,ussoccer,post,1562581963,neutral
cecd1x,49ers,post,1563367524,neutral
calgaq,AskReddit,post,1562594724,neutral
cdykab,Conservative,post,1563290983,negative
cbs7w9,FIFA,post,1562825951,negative
cbt01z,FIFA,post,1562831797,neutral
chpo7o,FIFA,post,1564070619,neutral
chuak8,FIFA,post,1564092464,neutral
cjg6jd,FIFA,post,1564428930,negative
c8hfef,FORTnITE,post,1562114361,positive
cjfcb2,Feminism,post,1564425296,negative
c7v3kn,Fencing,post,1561998561,neutral
c966oa,ModSupport,post,1562266120,negative
cglvaz,ShadowBan,post,1563844118,negative
circ78,ShadowBan,post,1564286496,neutral
c9h0ta,Sidehugs,post,1562339336,negative
cf1gzb,Sino,post,1563501030,negative
cggilf,Smite,post,1563817994,negative
c8lnlg,The_Donald,post,1562143329,negative
ccaobe,The_Donald,post,1562937151,neutral
cc3q40,Twitch,post,1562891461,neutral
ccjz34,UofT,post,1562984199,neutral
c972ja,boardgames,post,1562270874,neutral
ca4xf5,cableporn,post,1562490607,negative
cic22v,classicwow,post,1564194608,negative
cic2ra,classicwow,post,1564194729,negative
cic408,classicwow,post,1564194952,negative
cic4th,classicwow,post,1564195095,negative
ca0bdw,dankmemes,post,1562456502,negative
ccpm6f,dankmemes,post,1563026255,positive
chpeja,dankmemes,post,1564069375,negative
cjdyb3,dragonballfighterz,post,1564419349,neutral
caaa9j,help,post,1562525015,neutral
ci7qey,madisonwi,post,1564171468,negative
ccflw8,modhelp,post,1562960532,neutral
cbygk7,nukedmemes,post,1562865979,negative
c7xkne,polyamory,post,1562005692,positive
chjqas,rarepuppers,post,1564034141,negative
cgrjpr,redditrequest,post,1563882300,neutral
cc5ecm,starbucks,post,1562901135,neutral
c8g5l9,subredditcancer,post,1562107188,neutral
cbpgin,suns,post,1562808450,neutral
cilx4a,teenagers,post,1564256314,neutral
ca04jn,teenagers,post,1562455372,neutral
cc4v2r,teenagers,post,1562897970,negative
ckejih,teenagers,post,1564607525,positive
ce1hhh,teenagers,post,1563304042,neutral
c8q99x,weddingplanning,post,1562171755,neutral
c8eqaq,2007scape,post,1562100013,positive
c8sa8n,2007scape,post,1562181401,neutral
c8uttc,2007scape,post,1562193955,neutral
c929xg,2007scape,post,1562244930,neutral
c94v4d,2007scape,post,1562259381,negative
c95qix,2007scape,post,1562263784,neutral
c9a5kt,2007scape,post,1562289947,neutral
c9hcln,2007scape,post,1562341035,neutral
ca1fnc,2007scape,post,1562463498,neutral
ca2ifh,2007scape,post,1562470653,neutral
cassbv,2007scape,post,1562628975,negative
cb2862,2007scape,post,1562685544,neutral
cbpgq1,2007scape,post,1562808483,negative
cbu6b1,2007scape,post,1562841335,neutral
cciqfg,2007scape,post,1562976645,negative
ce0e1b,2007scape,post,1563299174,neutral
cefwlw,2007scape,post,1563384270,negative
celzwt,2007scape,post,1563413741,neutral
ceulqq,2007scape,post,1563466785,positive
cfoxsg,2007scape,post,1563646531,neutral
cg7rgb,2007scape,post,1563764413,negative
ci52pt,2007scape,post,1564158636,negative
ci831b,2007scape,post,1564173105,positive
cj3zm9,2007scape,post,1564361192,negative
ck2exb,2007scape,post,1564541768,negative
ckabhi,2007scape,post,1564588737,neutral
ci4c0b,2007scape,post,1564155130,negative
c9lfhq,AgainstHateSubreddits,post,1562361831,negative
c9zx3k,AgainstHateSubreddits,post,1562454162,negative
ca02om,AgainstHateSubreddits,post,1562455069,negative
cb3nd9,AgainstHateSubreddits,post,1562692040,negative
cb8clh,AgainstHateSubreddits,post,1562713269,negative
cfxoc4,AgainstHateSubreddits,post,1563705261,negative
ckfpo9,ApplyingToCollege,post,1564613146,negative
cbfxf4,Christianity,post,1562760614,neutral
ccx1sg,Christianity,post,1563066503,neutral
c86a4i,Comcast_Xfinity,post,1562052574,neutral
chm1ha,Cricket,post,1564051392,positive
ce3e0f,Crunchyroll,post,1563312745,negative
c7ndof,DeepFriedMemes,post,1561950779,negative
c7ouqb,DeepFriedMemes,post,1561960563,negative
c8ombp,DeepFriedMemes,post,1562163426,neutral
c9j3ym,DeepFriedMemes,post,1562349861,neutral
ca0x2a,DeepFriedMemes,post,1562460153,negative
cb8cgn,DeepFriedMemes,post,1562713249,negative
cez4dt,DeepFriedMemes,post,1563488186,negative
cf2cgj,DeepFriedMemes,post,1563506322,negative
cgdlat,DeepFriedMemes,post,1563804180,neutral
cgdlfm,DeepFriedMemes,post,1563804199,neutral
cgdloj,DeepFriedMemes,post,1563804229,neutral
cgdmp0,DeepFriedMemes,post,1563804377,neutral
ckg2y9,DeepFriedMemes,post,1564614970,negative
cgqwbi,Everton,post,1563877899,neutral
ceh00n,MMA,post,1563389277,neutral
cdk3n0,NoStupidQuestions,post,1563210207,neutral
cctvx8,ShitPoliticsSays,post,1563048833,negative
ce51gt,Showerthoughts,post,1563320768,negative
cclboh,Twitch,post,1562992894,negative
c90crl,cscareerquestions,post,1562230840,neutral
cdy5vu,dankmemes,post,1563289239,negative
cevglq,dankmemes,post,1563470742,negative
cf3qmw,dankmemes,post,1563515418,neutral
ck1vjf,dankmemes,post,1564538907,negative
c9ho5g,depression,post,1562342653,neutral
c85n0p,help,post,1562047795,neutral
cc0iyp,hockey,post,1562875397,negative
c8l8lk,lakers,post,1562139701,negative
cecwgr,memes,post,1563370397,neutral
ccd0l2,muacirclejerk,post,1562948628,neutral
cf2yz6,rant,post,1563510253,negative
canx11,rant,post,1562606366,negative
chj69j,redditrequest,post,1564030391,neutral
cck7ee,redditrequest,post,1562985676,neutral
cffkez,redditrequest,post,1563582888,neutral
cdx722,teenagers,post,1563284498,neutral
cc82ml,unpopularopinion,post,1562919345,negative
cc856r,unpopularopinion,post,1562919957,negative
cins9a,AmItheAsshole,post,1564265867,negative
c84p91,AnimalCrossing,post,1562041242,neutral
ci7kbv,AskHistory,post,1564170632,negative
c828cj,Celiac,post,1562026341,negative
cgtjxy,CoDCompetitive,post,1563893368,negative
c8w3kv,Drama,post,1562201442,negative
cjo9ce,Drugs,post,1564471314,negative
cellbz,Eve,post,1563411483,negative
c7ow6i,FashionReps,post,1561960857,negative
c9f6g8,FashionReps,post,1562328237,neutral
ccg20k,FashionReps,post,1562962656,neutral
ccvd3k,PewdiepieSubmissions,post,1563056680,neutral
cezjo9,PewdiepieSubmissions,post,1563490316,neutral
cjvj6a,TooAfraidToAsk,post,1564509772,neutral
ch0fmo,Vent,post,1563925615,negative
cg9f2y,Vinesauce,post,1563775367,positive
c8d04z,WatchRedditDie,post,1562092929,negative
cgouh3,WatchRedditDie,post,1563862484,negative
ci6lg4,WatchRedditDie,post,1564165906,negative
cinsfy,dankmemes,post,1564265898,negative
cjiuhn,dankmemes,post,1564440823,positive
cjpait,dankmemes,post,1564478793,neutral
ch1pvs,dankmemes,post,1563932662,neutral
cfho5t,evilbuildings,post,1563596283,neutral
cez7zg,help,post,1563488677,neutral
ceerdo,leagueoflegends,post,1563379169,negative
cdps5p,lotr,post,1563236649,negative
c9v8uc,modhelp,post,1562429283,neutral
chn8jl,oregon,post,1564058970,neutral
ccwnrn,redditrequest,post,1563064118,neutral
c8e5ox,redditrequest,post,1562097215,neutral
cj6yos,redditrequest,post,1564378626,neutral
cawzr9,redditrequest,post,1562653201,neutral
cg9n0b,redditrequest,post,1563776958,neutral
cdbxzf,redditrequest,post,1563158882,neutral
cg4c9l,subredditcancer,post,1563744483,negative
cjp53i,teenagers,post,1564477713,neutral
cf3w7l,teenagers,post,1563516529,negative
cfhcjg,teenagers,post,1563594121,negative
c8ozbu,thebachelor,post,1562165348,neutral
c9m73s,unpopularopinion,post,1562366067,negative
cfxag5,wwiipics,post,1563701591,negative
cis5un,AnarchyChess,post,1564292141,negative
cjcezf,AskDocs,post,1564412573,negative
ck4wpn,ChanceTheRapper,post,1564556684,positive
cdepld,ElgatoGaming,post,1563178053,negative
ce1noh,GoNets,post,1563304810,neutral
ca8418,ITCareerQuestions,post,1562513791,negative
c806ky,MurderedByWords,post,1562015337,neutral
ce28u1,SovietWomble,post,1563307496,neutral
c9idui,StrangerThings,post,1562346242,neutral
c8if7s,TalesFromYourServer,post,1562120405,positive
chxpck,Terraria,post,1564111820,negative
cga6q5,TexasRangers,post,1563781138,neutral
cdrc6n,Zoomies,post,1563245422,negative
cefr09,angelsbaseball,post,1563383567,neutral
ciz7i4,bisexual,post,1564337579,neutral
cio5ly,cactus,post,1564267908,negative
c9yksh,lakers,post,1562446705,neutral
ca8ys3,madlads,post,1562518436,neutral
c94sbq,makinghiphop,post,1562258976,negative
cafl8s,martialarts,post,1562554499,neutral
cfr8hx,opiates,post,1563658659,neutral
c8v3fe,pokemon,post,1562195449,neutral
cd9fyp,redditrequest,post,1563144532,neutral
cbqw2b,redditrequest,post,1562816991,neutral
cj5jga,redditrequest,post,1564369850,neutral
ckcmx2,redditrequest,post,1564598856,neutral
cdly93,redditrequest,post,1563217961,neutral
cc6ugj,redditrequest,post,1562910449,neutral
cd27ra,redsox,post,1563105504,neutral
celph6,sbubby,post,1563412111,neutral
c9ne78,startrek,post,1562373299,positive
cjlsmn,teenagers,post,1564456025,negative
cek3d0,teenagers,post,1563403530,neutral
chbt6c,wisconsin,post,1563992127,neutral
cat6r7,2007scape,post,1562631097,neutral
ch36zd,Advice,post,1563941289,neutral
ccutf9,AgainstHateSubreddits,post,1563053704,negative
cgm8l9,Assistance,post,1563846201,positive
chqlcd,Braincels,post,1564074880,negative
cd555m,Design,post,1563122748,neutral
cjn4qo,EggsInc,post,1564463919,neutral
chjy3d,FemBoys,post,1564035674,negative
ch28er,FortNiteBR,post,1563935604,neutral
cgzba6,LeagueOfMeta,post,1563919867,negative
cbueqn,Minecraft,post,1562843062,neutral
c8htjh,ModSupport,post,1562116724,neutral
c9wihs,ModSupport,post,1562435890,negative
cjkb47,Nepal,post,1564448192,negative
cbhwyi,PKA,post,1562771511,neutral
ccwhfq,SanJoseSharks,post,1563063091,neutral
ciairp,Showerthoughts,post,1564185475,negative
cd1wgq,Sissies,post,1563103008,neutral
c7mp0s,SpaceXMasterrace,post,1561946586,neutral
cbs3r3,SuperSaiyanGifs,post,1562825149,neutral
c7wdkz,The_Donald,post,1562002272,neutral
cdoqan,The_Donald,post,1563230976,negative
cb0b9t,Warframe,post,1562675841,negative
cgh0yp,askaconservative,post,1563820298,negative
chru3t,btc,post,1564080657,negative
cbfx7d,conspiracy,post,1562760579,negative
cfp4ay,conspiracy,post,1563647456,neutral
catq6i,conspiracy,post,1562634008,neutral
c8vr84,dankmemes,post,1562199350,negative
c9hmxl,dankmemes,post,1562342493,negative
cfog3b,dankmemes,post,1563644062,negative
c9bplm,dankmemes,post,1562301175,neutral
cgbxv4,dankmemes,post,1563794411,negative
cgpelv,dankmemes,post,1563866472,negative
c99xnd,eroticauthors,post,1562288360,positive
cfylfr,exmuslim,post,1563712944,negative
c8jros,lakers,post,1562128876,negative
chkz8e,lockpicking,post,1564043354,neutral
cbhcf3,movies,post,1562768672,neutral
cbrjvr,nfl,post,1562821272,neutral
cjglto,oblivion,post,1564430749,neutral
cjecb8,quityourbullshit,post,1564421007,negative
cdxrxm,redditrequest,post,1563287396,neutral
chog6z,redditrequest,post,1564065165,neutral
c9q5c6,redditrequest,post,1562392340,neutral
chzdmp,redditrequest,post,1564123048,neutral
cidbje,redditrequest,post,1564202977,neutral
cjn4h6,redditrequest,post,1564463877,neutral
ceglqa,redditrequest,post,1563387458,neutral
c87yw7,singularity,post,1562065931,negative
cegoc7,subredditcancer,post,1563387782,neutral
c9p46s,teenagers,post,1562384727,neutral
cctw2e,teenagers,post,1563048856,negative
cdaiwu,unpopularopinion,post,1563150620,neutral
cedlqz,wedding,post,1563373843,neutral
cemrcq,Assistance,post,1563418154,neutral
cju87l,ChapoTrapHouse,post,1564504272,neutral
c8j47g,ClassicRock,post,1562124700,negative
cifz1n,CrazyIdeas,post,1564223434,neutral
cdiwbk,DetroitRedWings,post,1563204693,neutral
casfin,FortNiteBR,post,1562627161,negative
chqkwz,Jokes,post,1564074828,neutral
ccsydr,JustUnsubbed,post,1563044118,negative
ce25oe,KansasCityChiefs,post,1563307101,neutral
cdkizu,MurderedByWords,post,1563211971,negative
c8p2m4,Portlandia,post,1562165827,negative
cerybx,RandomActsOfTf2,post,1563453564,neutral
cdj251,RoastMe,post,1563205475,neutral
c99qte,ShadowBan,post,1562286993,neutral
cbsi8u,Telegram,post,1562827995,negative
cedpe3,Yogscast,post,1563374319,positive
capqyu,coaxedintoasnafu,post,1562614446,negative
cj3g05,dankmemes,post,1564358186,negative
cjfzdr,dankmemes,post,1564428067,neutral
caz0us,dankmemes,post,1562667614,negative
ca1rbz,dankmemes,post,1562465618,negative
calhy0,discordapp,post,1562594958,negative
cialu7,food,post,1564185984,negative
c9zl4g,help,post,1562452232,neutral
ck7si2,ireland,post,1564575785,neutral
c7xm70,japan,post,1562005812,negative
chrkxy,labrats,post,1564079453,negative
c9ovi8,me_irl,post,1562382885,negative
cbiyej,memes,post,1562776438,negative
cifa1f,memes,post,1564217777,negative
cb9208,memes,post,1562716880,neutral
ce09ds,minnesotatwins,post,1563298584,neutral
c8i1c9,nba,post,1562118060,neutral
cc4z3q,nba,post,1562898639,neutral
cj7ubd,netflix,post,1564384621,neutral
c8t56c,notebooks,post,1562185522,neutral
c93f4y,redditrequest,post,1562251650,neutral
cjy7lk,redditrequest,post,1564521283,neutral
cb7kyt,redditrequest,post,1562709641,neutral
cetwug,redditrequest,post,1563463560,neutral
ccm3vy,shrooms,post,1562998663,negative
cdrdkg,subredditcancer,post,1563245630,negative
c88ip2,teenagers,post,1562069766,negative
cez5zd,unpopularopinion,post,1563488403,negative
ccczr7,unpopularopinion,post,1562948517,negative
ccrft7,Advice,post,1563036387,neutral
cconwz,AskReddit,post,1563019896,neutral
cfngsa,Braincels,post,1563638881,neutral
cas5m3,Catholicism,post,1562625781,neutral
ciur0v,ChapoTrapHouse,post,1564313159,negative
cc39dp,ChapoTrapHouse,post,1562888911,neutral
ccvxev,Coyotes,post,1563059849,neutral
cdnalp,Eve,post,1563223950,negative
caayj4,GODZILLA,post,1562528402,neutral
ce4kf0,Gender_Critical,post,1563318369,negative
cft83m,JordanPeterson,post,1563670396,negative
c8lqid,NegativeWithGold,post,1562144016,negative
choi7r,NoStupidQuestions,post,1564065410,negative
ci6jyk,Norway,post,1564165707,negative
c8cqee,PewdiepieSubmissions,post,1562091657,negative
cfjaog,PrettyGirls,post,1563608905,negative
cj0ua2,RWBY,post,1564345228,neutral
cbeyk8,RandomActsofCards,post,1562753983,neutral
card1m,Random_Acts_Of_Amazon,post,1562621940,positive
cbvmnv,RedditCensors,post,1562851191,negative
cgy998,Republican,post,1563914908,negative
cefkao,SeriousConversation,post,1563382745,neutral
cgjwln,Showerthoughts,post,1563833759,negative
ciwdy0,The_Donald,post,1564323817,neutral
cd7fqy,UtahJazz,post,1563134287,neutral
ci56hr,comedy,post,1564159123,negative
cj6y2z,conspiracy,post,1564378513,negative
ci74sv,criticalrole,post,1564168507,neutral
cj6ail,dankmemes,post,1564374319,negative
cb3ft7,dankmemes,post,1562691113,negative
ccm3dp,dankmemes,post,1562998558,negative
cjphzu,dankmemes,post,1564480270,negative
cjyjr5,dankmemes,post,1564522724,positive
cepa2m,discordapp,post,1563434734,neutral
ccq5sc,help,post,1563029439,neutral
cfqnco,jobs,post,1563655497,neutral
c8k9gw,lakers,post,1562132330,neutral
c8kozr,lakers,post,1562135528,negative
cc187f,learnprogramming,post,1562878670,negative
cjg5lp,modhelp,post,1564428812,neutral
cbm0fz,mountandblade,post,1562790627,negative
c95ic6,nba,post,1562262633,neutral
c7uxh1,nba,post,1561998069,neutral
cbwax9,needamod,post,1562855810,neutral
chd362,oslo,post,1563998117,neutral
c9f444,pokemmo,post,1562327805,neutral
cbq023,pokemmo,post,1562811600,neutral
c8s5p3,redditrequest,post,1562180797,neutral
c7udy0,redditrequest,post,1561996505,neutral
ce1pt4,redditrequest,post,1563305078,neutral
ccep2g,redditrequest,post,1562956287,neutral
ciuh3g,redditrequest,post,1564310981,neutral
cht0my,redsox,post,1564086282,negative
cbs98t,tacobell,post,1562826223,negative
c8raz6,teenagers,post,1562176754,neutral
cegq4u,teenagers,post,1563388015,neutral
cf0eef,teenagers,post,1563494996,neutral
c9h26h,thefighterandthekid,post,1562339539,negative
chauyg,2007scape,post,1563987785,neutral
chgs5y,BDSMAdvice,post,1564016314,neutral
cfh4sz,Braincels,post,1563592703,negative
cji09q,Libertarian,post,1564436928,neutral
cg58ps,Minecraft,post,1563749436,neutral
ce8oj6,NBAForums,post,1563342083,negative
chwgca,PewdiepieSubmissions,post,1564104367,neutral
cagmib,SquaredCircle,post,1562561130,negative
cah7tr,SquaredCircle,post,1562565357,negative
caijpp,SquaredCircle,post,1562575700,negative
cakatc,SquaredCircle,post,1562588255,negative
cb3l1n,SquaredCircle,post,1562691768,negative
cbbizg,SquaredCircle,post,1562730264,negative
cdl9ec,SquaredCircle,post,1563215048,negative
cgci1v,SquaredCircle,post,1563798027,neutral
cit99g,SquaredCircle,post,1564300731,negative
cjg25e,SquaredCircle,post,1564428399,negative
cdkhxu,The_Donald,post,1563211854,positive
cdxc6l,The_Donald,post,1563285249,neutral
c7lqgf,askgaybros,post,1561940688,neutral
ch0mav,boardgames,post,1563926593,positive
ceu308,circlebroke2,post,1563464352,negative
c9539j,dankmemes,post,1562260528,negative
ck1n5e,dankmemes,post,1564537694,neutral
caadhq,dankmemes,post,1562525476,negative
cjs4sh,dankmemes,post,1564495091,neutral
cdwaz3,dankmemes,post,1563279588,negative
ca642p,darkjokes,post,1562501000,negative
c9b4nn,dogs,post,1562296969,negative
c82kgi,elderscrollsonline,post,1562028313,neutral
chrnco,elderscrollsonline,post,1564079763,neutral
cec6tq,explainlikeimfive,post,1563366552,neutral
cedhpq,explainlikeimfive,post,1563373297,neutral
ce5tni,funkopop,post,1563325053,neutral
c8vvg9,lakers,post,1562200063,neutral
cbr8ga,madlads,post,1562819146,negative
c95lcv,makinghiphop,post,1562263072,neutral
ccslwe,memes,post,1563042367,neutral
cdoskq,mildlyinfuriating,post,1563231303,negative
cir4gi,needamod,post,1564285054,neutral
c8ls20,onionhate,post,1562144382,negative
ccv0m5,politics,post,1563054800,negative
cal2ic,pornfree,post,1562592741,negative
c940cx,redditrequest,post,1562254833,neutral
cj51u6,redditrequest,post,1564367051,neutral
c7wlaf,redditrequest,post,1562002874,neutral
c9lm5z,teenagers,post,1562362841,neutral
c9h4l6,teenagers,post,1562339888,neutral
ccaotm,torontoraptors,post,1562937231,neutral
ccohr9,tylerthecreator,post,1563018704,negative
cewvll,unpopularopinion,post,1563477416,neutral
cdsk3w,unpopularopinion,post,1563252969,negative
cj6nrh,unpopularopinion,post,1564376655,negative
c98wjb,vexillologycirclejerk,post,1562281464,negative
cifode,AutoModerator,post,1564221031,neutral
cd2glp,DAE,post,1563107270,negative
c91kzx,DotA2,post,1562240332,neutral
cbzcvs,FRC,post,1562870070,neutral
c9cye7,HailCorporate,post,1562310475,negative
cjvia4,IdeasForAskreddit,post,1564509666,negative
cjmgec,MaddenUltimateTeam,post,1564459799,neutral
cc1nal,Pets,post,1562880699,neutral
ca6efg,PrequelMemes,post,1562503202,neutral
c8zr18,PurpleCoco,post,1562225769,neutral
ckf84q,teenagers,post,1564610775,neutral
cbkued,teenagers,post,1562785175,negative
cd0twe,tennis,post,1563093790,negative
cjfcq7,therewasanattempt,post,1564425351,neutral
cjkho7,therewasanattempt,post,1564449086,neutral
cb679e,walmart,post,1562703331,neutral
ch6zt8,wow,post,1563967959,positive
cid1fn,1022,post,1564201055,neutral
c7yw8p,2007scape,post,1562009544,negative
cjiczt,ApplyingToCollege,post,1564438533,neutral
cgmayt,AskReddit,post,1563846577,neutral
cix1l0,AskReddit,post,1564327205,neutral
cenr7w,BipolarReddit,post,1563424074,neutral
chb3xq,Braincels,post,1563988893,negative
chb8hi,Braincels,post,1563989490,neutral
ci87ys,Braincels,post,1564173767,negative
cd433p,CallOfDuty,post,1563117194,neutral
cjfrqg,ChapoTrapHouse,post,1564427169,negative
cidedu,CrappyDesign,post,1564203523,negative
cj30bs,OldSchoolCool,post,1564355910,neutral
ceqf98,Rainbow6,post,1563443600,negative
c9i0po,RandomActsOfMuffDive,post,1562344460,neutral
cjtg6q,RocketLeagueExchange,post,1564501000,neutral
c8hlmg,Saints,post,1562115401,positive
cisb4k,Showerthoughts,post,1564293203,negative
ch1ya6,TheHandmaidsTale,post,1563933974,positive
cfnere,The_Donald,post,1563638579,negative
ck1tno,TooAfraidToAsk,post,1564538632,negative
cka02i,TooAfraidToAsk,post,1564587126,neutral
cbx0ss,WatchRedditDie,post,1562859353,negative
c8r5i0,criticalrole,post,1562176025,neutral
cjuxjj,daddit,post,1564507244,positive
c8j81a,dankmemes,post,1562125374,negative
c89x0o,dankmemes,post,1562077878,negative
chptuo,dankmemes,post,1564071326,negative
cax4px,dankmemes,post,1562654152,negative
c8ne57,destiny2,post,1562156263,neutral
cadhqq,help,post,1562541897,neutral
ch9cxz,help,post,1563980814,negative
cesbb7,india,post,1563455556,neutral
cjtbyy,islam,post,1564500479,neutral
c9pch5,lakers,post,1562386563,neutral
c9r1jw,lakers,post,1562399139,neutral
ciwnzc,lebanon,post,1564325291,neutral
cju658,memes,post,1564504030,negative
cfaj35,memes,post,1563557673,neutral
cglb99,nyjets,post,1563840976,neutral
c8r1zn,parentsofmultiples,post,1562175554,neutral
cczvhk,redditrequest,post,1563085655,neutral
cgmhhk,redditrequest,post,1563847602,neutral
c8stpg,redditrequest,post,1562183975,neutral
cfgy8r,teenagers,post,1563591509,neutral
cfibe8,teenagers,post,1563600827,negative
cawios,thebachelor,post,1562650052,neutral
cfo6uo,thedavidpakmanshow,post,1563642729,neutral
ckex8o,unpopularopinion,post,1564609325,negative
ckf317,unpopularopinion,post,1564610104,negative
cgsx6r,vegan,post,1563890187,negative
ci433t,vegan,post,1564153926,neutral
cj5jg3,AskReddit,post,1564369850,negative
ca819a,CasualConversation,post,1562513360,positive
cffiuv,CasualConversation,post,1563582634,negative
cfmfvw,CasualConversation,post,1563633178,neutral
c9q7at,ChapoTrapHouse,post,1562392747,neutral
cdmmjj,Charcuterie,post,1563220889,negative
cedhdl,FearTheWalkingDead,post,1563373252,neutral
c7r204,JordanPeterson,post,1561977921,neutral
ckcaji,Minecraft,post,1564597283,neutral
ciyfqr,NBAForums,post,1564333925,negative
cfr867,NBAForums,post,1563658609,negative
cbuoqv,PewdiepieSubmissions,post,1562844987,neutral
caz59g,PewdiepieSubmissions,post,1562668446,neutral
caz6he,PewdiepieSubmissions,post,1562668690,neutral
ca9896,RPDRDRAMA,post,1562519757,negative
cduotk,Virginia,post,1563268782,neutral
ciwldw,WatchRedditDie,post,1564324912,negative
ci8qv4,arma,post,1564176335,neutral
cef3ux,circlejerk,post,1563380669,negative
cerfhq,circlejerk,post,1563450402,negative
cff8ue,circlejerk,post,1563581033,negative
cix77o,circlejerk,post,1564327960,positive
cjdyxm,circlejerk,post,1564419428,negative
cjfmrk,circlejerk,post,1564426588,negative
ckfven,circlejerk,post,1564613919,neutral
cfdgcj,dankmemes,post,1563571745,positive
chvrq4,dankmemes,post,1564100480,neutral
cbqqty,dogs,post,1562816074,neutral
cjd07v,fivenightsatfreddys,post,1564415229,neutral
ccdvad,furry,post,1562952532,positive
c9ze78,hearthstonecirclejerk,post,1562451131,negative
c9jsnu,memes,post,1562353403,neutral
ca9bmx,redditrequest,post,1562520236,neutral
cdz8py,redditrequest,post,1563294051,neutral
cbguqx,redditrequest,post,1562766099,neutral
cca8yb,redditrequest,post,1562934684,neutral
c9hn49,redditrequest,post,1562342519,neutral
c9zwd1,redditrequest,post,1562454047,neutral
cgb64y,singapore,post,1563788970,positive
c9o9pe,teenagers,post,1562378938,neutral
cc5viv,teenagers,post,1562904048,negative
celhha,teenagers,post,1563410868,neutral
ca1tq1,teenagers,post,1562466052,negative
ciqe9l,timbers,post,1564280517,neutral
cak2w8,unpopularopinion,post,1562586843,negative
cju7sv,wholesomememes,post,1564504215,neutral
ccaiio,AutoModerator,post,1562936257,neutral
cevww6,BokuNoHeroAcademia,post,1563472855,neutral
c8mdzr,BoostForReddit,post,1562149138,neutral
c9c6b2,Braincels,post,1562304661,neutral
cd3m7f,Cardinals,post,1563114586,neutral
c7s25b,DBZDokkanBattle,post,1561984684,neutral
cihrha,ModSupport,post,1564235654,neutral
cdd0kb,OnePieceTC,post,1563165744,neutral
ccggaj,PewdiepieSubmissions,post,1562964585,negative
cd3f47,PewdiepieSubmissions,post,1563113457,negative
ck9ln6,Planetside,post,1564585145,negative
cg6yc5,Showerthoughts,post,1563759490,negative
c7tbhw,Showerthoughts,post,1561991739,negative
c873bi,Showerthoughts,post,1562059323,negative
c89l67,Showerthoughts,post,1562076165,negative
c8eoqs,Showerthoughts,post,1562099792,negative
c8jhme,Showerthoughts,post,1562127045,neutral
c8td5b,Showerthoughts,post,1562186574,negative
c94d7l,Showerthoughts,post,1562256751,negative
c9ojny,Showerthoughts,post,1562380738,negative
c9ojtz,Showerthoughts,post,1562380768,negative
c9x0b9,Showerthoughts,post,1562438423,negative
c9xtct,Showerthoughts,post,1562442653,negative
ca7yqp,Showerthoughts,post,1562512957,positive
cad2is,Showerthoughts,post,1562539464,negative
cal7ne,Showerthoughts,post,1562593499,neutral
calb5y,Showerthoughts,post,1562594010,neutral
cau0no,Showerthoughts,post,1562635611,negative
caut66,Showerthoughts,post,1562639886,neutral
cazbsj,Showerthoughts,post,1562669688,negative
cb7unk,Showerthoughts,post,1562710881,negative
cb99iy,Showerthoughts,post,1562717944,negative
cc37p1,Showerthoughts,post,1562888657,neutral
ccf5wz,Showerthoughts,post,1562958442,neutral
cckcjw,Showerthoughts,post,1562986587,negative
ccra7n,Showerthoughts,post,1563035568,negative
cdl1an,Showerthoughts,post,1563214089,neutral
cdsor7,Showerthoughts,post,1563253854,negative
cefyn1,Showerthoughts,post,1563384539,negative
ceo0ow,Showerthoughts,post,1563425770,neutral
cepahe,Showerthoughts,post,1563434820,negative
cepazd,Showerthoughts,post,1563434917,negative
cexkcj,Showerthoughts,post,1563480667,negative
cezquj,Showerthoughts,post,1563491346,negative
cfgk2p,Showerthoughts,post,1563589020,negative
cfi3pc,Showerthoughts,post,1563599259,negative
cg8o9q,Showerthoughts,post,1563770171,positive
chkftb,Showerthoughts,post,1564039203,negative
chkgcy,Showerthoughts,post,1564039314,negative
ci10m7,Showerthoughts,post,1564135785,negative
cibh3h,Showerthoughts,post,1564190996,negative
cicav8,Showerthoughts,post,1564196154,negative
ciinmv,Showerthoughts,post,1564240464,negative
cj5i2b,Showerthoughts,post,1564369627,negative
cjarxr,Showerthoughts,post,1564404373,negative
cjhzhd,Showerthoughts,post,1564436836,negative
cjjke5,Showerthoughts,post,1564444350,neutral
ck1kgb,Showerthoughts,post,1564537290,negative
chb7um,SouthDakota,post,1563989406,neutral
cakquc,SquaredCircle,post,1562590936,negative
ceks21,WatchRedditDie,post,1563407065,negative
camvpk,coys,post,1562601622,neutral
cfz5s1,coys,post,1563716861,negative
cjwnp9,crashbandicoot,post,1564514545,neutral
c877vq,dankmemes,post,1562060344,negative
c9dpg1,dankmemes,post,1562316764,neutral
ca1ee4,dankmemes,post,1562463260,neutral
cab0yo,dankmemes,post,1562528742,neutral
c81grw,dankmemes,post,1562022006,neutral
chykoz,dankmemes,post,1564117358,negative
cewv6n,de,post,1563477365,negative
c8yt2j,donaldglover,post,1562218961,negative
chfv2j,legaladvice,post,1564011220,negative
citibx,memes,post,1564302883,negative
cgnnn1,modhelp,post,1563854605,neutral
c8i6u7,newreddits,post,1562118985,negative
cfq2af,redditrequest,post,1563652369,neutral
cbgc92,redditrequest,post,1562763177,neutral
cjgxyk,redditrequest,post,1564432214,neutral
cfed43,redditrequest,post,1563576196,neutral
cbeox9,short,post,1562752033,negative
ccue0t,socialanxiety,post,1563051433,negative
cbnpn0,subredditcancer,post,1562799007,negative
ca386h,tales,post,1562475770,negative
caqqhr,tales,post,1562619001,negative
cfensq,teenagers,post,1563577732,positive
chotjf,teenagers,post,1564066804,neutral
cf2472,teenagers,post,1563504922,negative
ca3m8m,teenagers,post,1562478805,neutral
cirgcf,ucr,post,1564287226,neutral
c7uq7y,unpopularopinion,post,1561997484,negative
c8552g,unpopularopinion,post,1562044173,negative
c863go,unpopularopinion,post,1562051155,negative
c8ni59,unpopularopinion,post,1562156964,negative
c8nucn,unpopularopinion,post,1562159042,negative
c8nwdc,unpopularopinion,post,1562159356,negative
c8usv6,unpopularopinion,post,1562193808,neutral
c9bjkx,unpopularopinion,post,1562299943,neutral
c9bvms,unpopularopinion,post,1562302464,negative
c9mcac,unpopularopinion,post,1562366890,negative
c9q0yy,unpopularopinion,post,1562391393,negative
c9q3ps,unpopularopinion,post,1562391995,negative
c9y80l,unpopularopinion,post,1562444837,neutral
ca15k6,unpopularopinion,post,1562461654,negative
ca2ocq,unpopularopinion,post,1562471775,negative
cad2pc,unpopularopinion,post,1562539494,negative
caglpq,unpopularopinion,post,1562560978,negative
cagovt,unpopularopinion,post,1562561580,negative
caqzhz,unpopularopinion,post,1562620166,negative
cbjtid,unpopularopinion,post,1562780484,negative
cbk2zt,unpopularopinion,post,1562781706,negative
cbltmi,unpopularopinion,post,1562789693,negative
cchp63,unpopularopinion,post,1562970921,negative
cchrs7,unpopularopinion,post,1562971310,negative
cczixc,unpopularopinion,post,1563082845,negative
cdbjod,unpopularopinion,post,1563156560,negative
cdlslu,unpopularopinion,post,1563217292,neutral
cdoz70,unpopularopinion,post,1563232274,negative
cdp3b0,unpopularopinion,post,1563232882,negative
cdqzr4,unpopularopinion,post,1563243441,negative
cdznxl,unpopularopinion,post,1563295953,negative
ceh2bc,unpopularopinion,post,1563389565,negative
cel02q,unpopularopinion,post,1563408242,negative
cem090,unpopularopinion,post,1563413793,positive
cevqz3,unpopularopinion,post,1563472083,negative
cexyjt,unpopularopinion,post,1563482564,neutral
cf8zmn,unpopularopinion,post,1563550371,negative
cfaa8k,unpopularopinion,post,1563556548,negative
cgcsq2,unpopularopinion,post,1563799805,negative
cgg7be,unpopularopinion,post,1563816573,negative
cgoabm,unpopularopinion,post,1563858626,negative
cgyjtx,unpopularopinion,post,1563916261,negative
ch19xf,unpopularopinion,post,1563930199,neutral
ch2cub,unpopularopinion,post,1563936309,negative
chtyrf,unpopularopinion,post,1564090840,negative
chuv3q,unpopularopinion,post,1564095435,negative
ci0cgi,unpopularopinion,post,1564130663,negative
ci8eko,unpopularopinion,post,1564174662,negative
cibn7l,unpopularopinion,post,1564192024,negative
ciyfne,unpopularopinion,post,1564333913,negative
cj1si5,unpopularopinion,post,1564349759,negative
cjcw8l,unpopularopinion,post,1564414720,negative
cjqbe7,unpopularopinion,post,1564485522,negative
cjt4y8,unpopularopinion,post,1564499631,negative
cjztnk,unpopularopinion,post,1564528470,negative
ck7eqz,unpopularopinion,post,1564573655,negative
ckftqx,unpopularopinion,post,1564613690,negative
ckg14z,unpopularopinion,post,1564614712,negative
cg92jt,wholesomememes,post,1563772865,positive
c8fr7z,ACPocketCamp,post,1562105110,neutral
c81voh,ARKone,post,1562024308,neutral
cetrf0,Anxiety,post,1563462868,neutral
c8zn46,AskModerators,post,1562224904,neutral
cilx5z,Berserk,post,1564256321,negative
cha6y0,BestOfReports,post,1563984679,neutral
c9zxrs,Braincels,post,1562454276,negative
cjsobj,Braincels,post,1564497610,negative
c9mzvb,ChapoTrapHouse,post,1562370830,negative
ceyc9q,FashionReps,post,1563484351,negative
cfskvb,FashionRepsBST,post,1563666400,neutral
ce8isl,GlobalOffensiveTrade,post,1563341008,neutral
c8375b,Gunners,post,1562032014,negative
cipo2n,Gunners,post,1564276280,negative
cipu61,Gunners,post,1564277252,negative
ckbf5d,Gunners,post,1564593403,neutral
c9d3gp,Kaiserreich,post,1562311543,neutral
ci5vpo,LucidDreaming,post,1564162477,neutral
cabyh2,OutOfTheLoop,post,1562533444,neutral
cc0i5a,PublicFreakout,post,1562875293,negative
cefmm7,StrangerThings,post,1563383021,neutral
cf2oij,StrangerThings,post,1563508428,neutral
cc6uwm,TwoXChromosomes,post,1562910542,neutral
capmee,WatchRedditDie,post,1562613862,negative
c96bbu,WatchRedditDie,post,1562266817,negative
cjxmqh,WatchRedditDie,post,1564518751,negative
cb2b31,boardgames,post,1562685915,neutral
cgxjs6,borrow,post,1563911624,neutral
cb746z,dankmemes,post,1562707476,neutral
c93d5v,dankmemes,post,1562251350,negative
cbwmwl,dankmemes,post,1562857525,negative
cclc32,dankmemes,post,1562992972,neutral
cdbpq3,dankmemes,post,1563157525,neutral
c8ph1z,dubai,post,1562167848,neutral
cjvbac,dubai,post,1564508848,negative
cbcxna,dxm,post,1562738898,negative
cip6yr,fightporn,post,1564273661,neutral
chozuk,help,post,1564067522,neutral
c9qvor,india,post,1562397799,negative
cirfte,india,post,1564287130,neutral
cirjyh,india,post,1564287866,neutral
c8ccfm,insanepeoplefacebook,post,1562089810,neutral
c866ng,nba,post,1562051810,negative
c867mj,nba,post,1562052030,negative
cbob23,poledancing,post,1562802125,neutral
cdgbgk,redditrequest,post,1563190334,neutral
cagd1l,redditrequest,post,1562559357,neutral
cbkzc8,riskofrain,post,1562785782,neutral
cfgh4n,riskofrain,post,1563588499,neutral
c8ni4x,teenagers,post,1562156962,negative
cffpn0,teenagers,post,1563583772,positive
c848xv,teenagers,post,1562038336,neutral
cbd2p1,teenagers,post,1562739873,neutral
cboatp,teenagers,post,1562802087,neutral
cd5mud,teenagers,post,1563125175,negative
ceki5o,teenagers,post,1563405652,neutral
ceksl3,teenagers,post,1563407145,neutral
cem2ug,teenagers,post,1563414201,negative
ceo9mx,teenagers,post,1563427432,neutral
ceyori,teenagers,post,1563486034,neutral
ceyvrg,teenagers,post,1563486991,neutral
ceyvzs,teenagers,post,1563487030,neutral
cez8q9,teenagers,post,1563488772,neutral
cf05ln,teenagers,post,1563493595,negative
cf07s4,teenagers,post,1563493937,neutral
cf1uvq,teenagers,post,1563503347,neutral
cjl0iw,teenagers,post,1564451858,negative
cdoutq,teenagers,post,1563231632,negative
cdov76,teenagers,post,1563231686,neutral
cizk1s,teenagers,post,1564339217,negative
cj0b4e,teenagers,post,1564342746,neutral
cif30i,AmItheAsshole,post,1564216145,negative
c9l0a3,BlackPeopleTwitter,post,1562359619,neutral
cba74a,BlackPeopleTwitter,post,1562722912,neutral
cf9x7n,FantasyPL,post,1563554857,negative
c9c4vi,Feminism,post,1562304366,negative
ceimai,INEEEEDIT,post,1563396537,negative
c96cjj,LitecoinMarkets,post,1562266996,negative
cfgz53,RelayForReddit,post,1563591673,neutral
chrsrz,StarVStheForcesofEvil,post,1564080480,neutral
cc98ul,Steam,post,1562928164,neutral
cblbtn,Watches,post,1562787402,neutral
cclcxk,awakened,post,1562993145,neutral
cjruy7,bakchodi,post,1564493741,negative
ck9i6l,confession,post,1564584691,negative
cb6zq2,dankmemes,post,1562706910,neutral
cfuixf,dankmemes,post,1563678796,neutral
ciq3x3,dankmemes,post,1564278797,positive
cfk6yi,dankmemes,post,1563616814,negative
cb8uqg,darksouls,post,1562715844,negative
cisaok,discordapp,post,1564293115,neutral
chxp0q,donaldglover,post,1564111766,positive
ckdztv,help,post,1564605077,neutral
c9j6g1,ideasfortheadmins,post,1562350190,neutral
ccg1np,lakers,post,1562962609,neutral
c99nu9,leagueoflegends,post,1562286429,negative
c9u3nq,manchester,post,1562422937,neutral
c7p9sp,memes,post,1561963636,neutral
cacbh7,modhelp,post,1562535348,neutral
ccqy6h,needamod,post,1563033775,neutral
cbmgp3,nukedmemes,post,1562792792,negative
ciwpmt,redditrequest,post,1564325534,neutral
cjmiee,redditrequest,post,1564460120,neutral
cditzg,redditrequest,post,1563204365,neutral
cg2fve,redditrequest,post,1563734604,neutral
cae3nh,teenagers,post,1562545470,neutral
cj3raz,teenagers,post,1564359906,negative
c9ke49,teenagers,post,1562356463,neutral
cg6564,tf2,post,1563754653,negative
cb1jo5,westworld,post,1562682323,neutral
c8v20f,BTFC,post,1562195224,neutral
ce009u,Braincels,post,1563297471,negative
capjkh,HistoryMemes,post,1562613512,negative
ckapfd,HunterXHunter,post,1564590322,neutral
cjytn3,Jokes,post,1564523932,negative
chint0,LivestreamFail,post,1564027135,negative
cgihsf,MLS,post,1563827134,neutral
cc2yl2,Minecraft,post,1562887314,neutral
calann,MurderedByWords,post,1562593944,neutral
ce1sxz,NYKnicks,post,1563305485,neutral
cao6c2,Neverbrokeabone,post,1562607531,neutral
c8jwk1,PokemonTCG,post,1562129815,negative
ciune1,RWBY,post,1564312358,negative
c8ko3z,RocketLeagueExchange,post,1562135350,neutral
cccp67,Twitch,post,1562947168,neutral
cg2jkp,Wellworn,post,1563735136,neutral
ci87vs,dankmemes,post,1564173754,neutral
cjvaf0,dankmemes,post,1564508738,neutral
ce832q,dankmemes,post,1563338153,neutral
cc44j4,fcs,post,1562893712,neutral
cgkdil,fireemblem,post,1563836054,negative
cjytco,furry,post,1564523895,negative
c87yco,gtaonline,post,1562065818,neutral
cjrwbp,help,post,1564493932,negative
ck96ra,insurgency,post,1564583140,negative
cfeot5,ironscape,post,1563577886,negative
c9bq30,lakers,post,1562301273,negative
ccuwnc,magicTCG,post,1563054193,negative
cdnh0c,matt,post,1563224787,neutral
cg93fj,memes,post,1563773038,negative
cf49cs,muacirclejerk,post,1563519238,negative
c99i0a,nukedmemes,post,1562285348,negative
cbh9y2,nukedmemes,post,1562768311,negative
cg6y6c,redditrequest,post,1563759460,neutral
cccygh,redditrequest,post,1562948351,neutral
ca7iy5,redditrequest,post,1562510448,neutral
ck19mz,redditrequest,post,1564535723,neutral
cbonex,tacobell,post,1562803968,negative
cb4duv,taiwan,post,1562695296,negative
c99ant,thefighterandthekid,post,1562283981,neutral
ch6vy9,travel,post,1563967222,neutral
cg34he,uwaterloo,post,1563738134,neutral
cjesre,wallstreetbets,post,1564422974,neutral
cafthp,90DayFiance,post,1562555895,negative
ci5zhq,AmItheAsshole,post,1564162975,neutral
c8r4ox,AskOuija,post,1562175912,neutral
cbdmdj,Brogress,post,1562743665,neutral
c8jeha,Cricket,post,1562126497,neutral
cg7a4i,DarkSouls2,post,1563761459,neutral
cax2wh,needamod,post,1562653803,neutral
cc6qyu,rant,post,1562909788,negative
ch3og3,rant,post,1563944337,negative
cc1m60,redditrequest,post,1562880546,neutral
cj45tm,redditrequest,post,1564362110,neutral
c8uphq,redditrequest,post,1562193307,neutral
cf266e,redditrequest,post,1563505263,neutral
c8zrgx,shield,post,1562225865,neutral
cf4vdr,storj,post,1563524000,neutral
c7mp7w,subredditcancer,post,1561946617,negative
c98v1x,subredditcancer,post,1562281200,negative
cjwhix,teenagers,post,1564513796,negative
cg7c63,teenagers,post,1563761804,neutral
cchscf,teenagers,post,1562971394,negative
cayo16,teenagers,post,1562665175,negative
cin46x,teenagers,post,1564262391,negative
ciqaw3,teenagers,post,1564279963,neutral
cjcv69,teenagers,post,1564414585,negative
cci9ln,transformers,post,1562973983,negative
calnlm,whatisthisthing,post,1562595748,neutral
cbf9mf,Animemes,post,1562756298,negative
ccza4z,AskReddit,post,1563081000,neutral
cjlely,ChapoTrapHouse,post,1564453908,negative
cjgxn4,FortNiteBR,post,1564432173,negative
cc24th,HermitCraft,post,1562883070,negative
cepnqd,IndiaInvestments,post,1563437665,neutral
c8znu0,NoStupidQuestions,post,1562225052,neutral
cag4ac,NoStupidQuestions,post,1562557805,neutral
cdwwu1,Plumbing,post,1563283002,negative
ckfl7q,SkyrimTogether,post,1564612531,neutral
cj12fp,StarWarsBattlefront,post,1564346269,neutral
cfwu0o,StardewValley,post,1563697111,positive
ck2664,SuicideWatch,post,1564540473,neutral
chtzah,TopMindsOfReddit,post,1564090917,negative
cbuxnl,assholedesign,post,1562846618,negative
cinms1,avengedsevenfold,post,1564265070,neutral
c9txbn,churning,post,1562421883,positive
cio6mf,dankmemes,post,1564268056,neutral
c7lk04,dankmemes,post,1561939685,negative
c7ll8i,dankmemes,post,1561939863,neutral
c7lxxy,dankmemes,post,1561941967,neutral
c7lyep,dankmemes,post,1561942054,negative
c7n1a1,dankmemes,post,1561948640,negative
ce28b9,dankmemes,post,1563307431,neutral
c9754d,dankmemes,post,1562271253,negative
cew2aw,deadbydaylight,post,1563473560,negative
ckf3ge,deadbydaylight,post,1564610160,neutral
c8l9cp,elderscrollsonline,post,1562139867,negative
c8uxno,findareddit,post,1562194545,neutral
chtn93,findareddit,post,1564089255,negative
ci5bap,findareddit,post,1564159777,neutral
ckbwxn,greece,post,1564595626,neutral
cb2lqp,iOSBeta,post,1562687292,positive
cb6t4k,lakers,post,1562706087,neutral
ca2ui1,modhelp,post,1562472962,neutral
cfmc25,muacirclejerk,post,1563632556,neutral
cfmevu,muacirclejerk,post,1563633013,neutral
c8ojpo,nba,post,1562163041,neutral
cf3q09,needamod,post,1563515285,neutral
ccmd25,nottheonion,post,1563000678,negative
c7roag,nukedmemes,post,1561982280,neutral
c94q5l,nukedmemes,post,1562258664,negative
c94soc,nukedmemes,post,1562259028,neutral
cdidom,racism,post,1563202145,negative
cfvtkh,redditrequest,post,1563688280,neutral
cg7efx,redditrequest,post,1563762181,neutral
cgxtrn,redditrequest,post,1563912905,neutral
cfkhgc,shockwaveporn,post,1563619258,neutral
ckedfz,subredditcancer,post,1564606777,negative
cfmz6y,teenagers,post,1563636234,neutral
chkpuq,teenagers,post,1564041299,negative
caotys,torontoraptors,post,1562610379,neutral
cfqow6,wholesomememes,post,1563655721,negative
cinowp,wholesomememes,post,1564265379,neutral
c9za3m,2007scape,post,1562450486,negative
ca4b92,Amd,post,1562484813,negative
ceunub,AskOuija,post,1563467042,neutral
c9a6fu,BeautyGuruChatter,post,1562290116,neutral
cbjzto,Catholicism,post,1562781308,neutral
choa74,CrappyDesign,post,1564064412,neutral
cgqocp,FantasyPL,post,1563876356,negative
c9ox96,LifeProTips,post,1562383197,negative
cf1aps,LifeProTips,post,1563500025,neutral
cclb4v,Mcat,post,1562992793,positive
c8eojj,Neverbrokeabone,post,1562099762,neutral
ca456r,Neverbrokeabone,post,1562483299,negative
chtb7n,SavageGarden,post,1564087645,negative
chud45,SquaredCircle,post,1564092823,neutral
caiu43,SquaredCircle,post,1562577969,negative
cg1mjm,TryingForABaby,post,1563730436,neutral
cjn3ji,adoptareddit,post,1564463712,neutral
cg7mfm,askphilosophy,post,1563763525,negative
ch6nlo,bestoflegaladvice,post,1563965655,positive
cghal2,comedyhomicide,post,1563821539,positive
c9p99i,copypasta,post,1562385704,neutral
chv5ey,criterion,post,1564096968,negative
cet7mq,dankmemes,post,1563460208,neutral
c9r3u0,dankmemes,post,1562399681,positive
c7ln75,dankmemes,post,1561940158,negative
ck7gua,disability,post,1564573991,positive
cjfxyf,help,post,1564427886,negative
cg5yw9,help,post,1563753635,neutral
ckcfq1,ideasfortheadmins,post,1564597935,neutral
c7nzip,lakers,post,1561954593,neutral
c7ovmi,lakers,post,1561960744,positive
c85mpg,lakers,post,1562047737,neutral
c85tkl,lakers,post,1562049144,negative
c85usl,lakers,post,1562049385,negative
c85w4j,lakers,post,1562049660,negative
c85wyq,lakers,post,1562049829,negative
c85xs1,lakers,post,1562049991,negative
c85zhi,lakers,post,1562050350,negative
c85znv,lakers,post,1562050388,negative
c85zso,lakers,post,1562050411,negative
c8604o,lakers,post,1562050487,negative
c8605i,lakers,post,1562050494,neutral
c8609r,lakers,post,1562050520,negative
c861bz,lakers,post,1562050731,neutral
c861vf,lakers,post,1562050846,neutral
c862b5,lakers,post,1562050930,neutral
c868g0,lakers,post,1562052205,neutral
c868vy,lakers,post,1562052300,negative
c86aly,lakers,post,1562052682,neutral
c8akq6,lakers,post,1562081227,negative
c8k3s0,lakers,post,1562131215,neutral
c8k9ub,lakers,post,1562132403,negative
c8s0pg,lakers,post,1562180140,negative
c8s2j4,lakers,post,1562180388,neutral
c8s77q,lakers,post,1562180993,neutral
c8tprv,lakers,post,1562188308,neutral
c9brzw,lakers,post,1562301680,neutral
c9ck63,lakers,post,1562307463,neutral
c9idrn,lakers,post,1562346231,negative
c9ky9p,lakers,post,1562359339,neutral
c9pi14,lakers,post,1562387619,neutral
c9pvru,lakers,post,1562390296,negative
c9q2eb,lakers,post,1562391704,neutral
c9yx4m,lakers,post,1562448506,negative
cg82vx,lakers,post,1563766369,neutral
chsotq,lakers,post,1564084715,neutral
ch6v8m,lgbt,post,1563967083,negative
cccoo3,mildlyinfuriating,post,1562947101,negative
cgqzg4,FIFA,post,1563878493,neutral
c8s53g,FashionReps,post,1562180718,neutral
ch6yba,GlobalOffensive,post,1563967678,negative
cawnb8,Goldfish,post,1562650884,negative
c9y4f0,Hijabis,post,1562444298,positive
ck8ldi,JaneTheVirginCW,post,1564580154,positive
ch3zou,NeverBeGameOver,post,1563946350,negative
ciuczn,PewdiepieSubmissions,post,1564310047,neutral
ce4rh8,SampleSize,post,1563319367,negative
c9n088,SquaredCircle,post,1562370893,negative
cd3oaa,The_Donald,post,1563114920,negative
cgcgb3,ThingsCutInHalfPorn,post,1563797734,negative
c8v6ck,Twitch,post,1562195904,negative
cfc53d,WatchRedditDie,post,1563565268,negative
cdl3bk,WatchRedditDie,post,1563214330,negative
c9xl2k,ass,post,1562441428,neutral
cb5qzx,dankmemes,post,1562701320,negative
chi58w,dankmemes,post,1564024024,negative
cf640h,dankmemes,post,1563533821,negative
ck5m7r,dankmemes,post,1564561716,negative
ci28m0,dankmemes,post,1564144074,negative
cj5hnz,horror,post,1564369565,neutral
cefn96,japanesemusic,post,1563383097,negative
cezx2t,memes,post,1563492273,negative
ca6xy2,mildlyinfuriating,post,1562506887,neutral
cgdmfv,millionairemakers,post,1563804341,positive
cbr46u,modhelp,post,1562818400,neutral
ccp5qm,nyjets,post,1563023353,neutral
ccbgnh,pathofexile,post,1562941255,negative
cb5yml,redditrequest,post,1562702258,neutral
cfzmu6,redditrequest,post,1563719737,neutral
cjo6zo,redditrequest,post,1564470865,neutral
chdqtm,redditrequest,post,1564001141,neutral
cilmla,redditrequest,post,1564254858,neutral
cgixr0,redditrequest,post,1563829232,neutral
ce01h6,relationship_advice,post,1563297624,neutral
cbdcf0,teenagers,post,1562741763,neutral
cc4vmj,teenagers,post,1562898061,neutral
cd1p56,tennis,post,1563101302,neutral
c84yeh,thebachelor,post,1562042921,negative
cegdxp,thebachelor,post,1563386475,neutral
cjkla0,thebachelor,post,1564449622,neutral
ck1qi6,thebachelor,post,1564538177,neutral
cb8hw9,vexillology,post,1562713988,negative
ca2flr,wiiu,post,1562470111,negative
cddp6s,AskReddit,post,1563170400,neutral
ccurvb,AutoModerator,post,1563053478,neutral
cjlxc1,Braincels,post,1564456741,neutral
c82sv3,ChapoTrapHouse,post,1562029679,negative
cfm9y8,Fitness,post,1563632217,negative
ceuzpp,FreeKarma4U,post,1563468563,neutral
cg8ept,FreeKarma4U,post,1563768428,neutral
ch7jvc,FreeKarma4U,post,1563971296,negative
cj9zjy,FreeKarma4U,post,1564399733,neutral
chc6js,NBA_Draft,post,1563993852,neutral
ca2bn3,NYKnicks,post,1562469376,neutral
ccrknh,NewYorkMets,post,1563037111,neutral
cck34h,NoStupidQuestions,post,1562984926,neutral
cgeziq,ShadowBan,post,1563810940,neutral
c9l3ng,StardewValley,post,1562360107,neutral
ca7wzg,SubredditDrama,post,1562512674,negative
ca3n37,TopMindsOfReddit,post,1562479004,negative
cgigv6,TrueOffMyChest,post,1563827010,neutral
cacmnx,Vaping,post,1562537062,positive
c8b5ex,WatchRedditDie,post,1562084074,negative
cha8xa,battletech,post,1563984931,neutral
c8nu4a,boston,post,1562159008,negative
cjzezg,chanceme,post,1564526619,negative
chl81q,copypasta,post,1564045372,negative
cchlnj,dankmemes,post,1562970394,neutral
caiycm,dankmemes,post,1562578826,negative
cce100,dankmemes,post,1562953229,neutral
c7p4hu,dankmemes,post,1561962530,negative
cib56l,dankmemes,post,1564189062,negative
cdyxl5,dankmemes,post,1563292714,neutral
c7zn8r,dauntless,post,1562012698,neutral
c7zuwn,dauntless,post,1562013742,neutral
cejj2o,folk,post,1563400737,neutral
cf260k,gamedev,post,1563505235,neutral
ccyzy0,guitarpedals,post,1563078994,negative
c9qgq7,im14andthisisdeep,post,1562394613,negative
cdhtp1,infp,post,1563199289,neutral
c9uom2,memes,post,1562426251,negative
ckg211,mildlyinteresting,post,1564614840,neutral
caytro,needamod,post,1562666277,neutral
cha4qw,northdakota,post,1563984403,neutral
cb8ku5,nukedmemes,post,1562714413,neutral
cbhbmo,nukedmemes,post,1562768556,neutral
ce0z89,pokemon,post,1563301757,neutral
cis3cv,redditrequest,post,1564291625,neutral
ccasl8,redditrequest,post,1562937793,neutral
ca34zx,redditrequest,post,1562475100,neutral
cgpmnn,redditrequest,post,1563868223,neutral
ck29ct,redditrequest,post,1564540931,neutral
cfobar,redditrequest,post,1563643362,neutral
c8fmea,redditrequest,post,1562104425,neutral
cdrbso,shitpost,post,1563245355,negative
cc3bwx,teenagers,post,1562889268,neutral
c7sds4,teenagers,post,1561986630,neutral
cenldf,teenagers,post,1563423082,negative
cfi0bn,teenagers,post,1563598598,neutral
cgad4v,teenagers,post,1563782550,negative
cidgft,travisscott,post,1564203905,negative
cgvbu5,2007scape,post,1563901527,negative
cgwa0y,2007scape,post,1563905821,negative
ce1pv1,AskOuija,post,1563305085,neutral
cfun6a,AskOuija,post,1563679600,neutral
cj39hq,Breath_of_the_Wild,post,1564357228,negative
cfc1a1,CrazyIdeas,post,1563564755,negative
cavflf,DeepFriedMemes,post,1562643387,neutral
cjqfpv,Destiny,post,1564486236,neutral
chlneb,FrankOcean,post,1564048580,negative
cio1pp,LosAngeles,post,1564267315,negative
cdimkj,Northwestern,post,1563203363,neutral
cae663,OrthodoxChristianity,post,1562545885,positive
cfc5bv,Planetside,post,1563565297,negative
cidlh8,PrequelMemes,post,1564204888,neutral
ceilzz,Reformed,post,1563396502,negative
cfsjvp,RotMG,post,1563666234,negative
chnb8b,StarWarsBattlefront,post,1564059400,neutral
cb6eke,The_Donald,post,1562704260,negative
cgr2a8,The_Donald,post,1563879058,negative
cjp534,WatchRedditDie,post,1564477711,negative
cbglrc,WatchRedditDie,post,1562764691,negative
cbnsvs,WorldofTanks,post,1562799479,negative
cjv6q9,baseball,post,1564508304,neutral
cc6f3d,bisexual,post,1562907580,neutral
c90iuw,bonehurtingjuice,post,1562232177,negative
c7ow6t,churning,post,1561960859,neutral
cjr3zt,dankmemes,post,1564489968,neutral
cecxm3,dankmemes,post,1563370552,negative
c88oq4,dietetics,post,1562070849,neutral
ceqazl,islam,post,1563442702,neutral
cbz418,legaladvice,post,1562868923,neutral
cess9v,memes,post,1563458057,neutral
ceuvxn,memes,post,1563468085,neutral
ccq20b,movies,post,1563028840,negative
cc79ma,nba,post,1562913343,neutral
c9aaf0,racism,post,1562290932,negative
c9avgh,racism,post,1562295131,negative
cggmg5,redditdev,post,1563818475,neutral
cen60w,teenagers,post,1563420549,negative
cedtr4,teenagers,post,1563374894,negative
cagyrn,teenagers,post,1562563509,negative
cke0zx,teenagers,post,1564605221,positive
cionga,unpopularopinion,post,1564270609,negative
cjaa7n,unpopularopinion,post,1564401559,negative
ckfqlo,unpopularopinion,post,1564613264,neutral
cc159c,videos,post,1562878293,negative
cbnqn6,AMADisasters,post,1562799145,negative
ci3ptl,AmItheAsshole,post,1564152187,neutral
c7ro1g,Animemes,post,1561982229,neutral
cad11p,ChapoTrapHouse,post,1562539231,negative
c98l2l,ExpectationVsReality,post,1562279504,neutral
cccoc9,HistoryMemes,post,1562947059,neutral
cee0r8,HistoryMemes,post,1563375797,neutral
cfwha2,HistoryMemes,post,1563693696,neutral
cgum2z,HistoryMemes,post,1563898319,negative
cd2v8j,HongKong,post,1563109931,neutral
cj22g8,KhaZixMains,post,1564351145,neutral
cea2r3,LeagueOfMeta,post,1563352283,negative
cjn359,MaddenUltimateTeam,post,1564463649,neutral
cj79x4,MakeupAddiction,post,1564380716,negative
cewwqs,Negareddit,post,1563477570,negative
cahd0p,SquaredCircle,post,1562566423,negative
c8p1x0,TaylorSwift,post,1562165722,neutral
cf7nzg,Watches,post,1563543499,neutral
chr0q9,WorldofTanks,post,1564076857,neutral
cjk2ye,airsoft,post,1564447030,neutral
cejwt8,assholedesign,post,1563402626,neutral
cbj1xm,dankmemes,post,1562776923,negative
ch1crb,democrats,post,1563930620,negative
ck0zqh,esist,post,1564534340,negative
c82xln,giftcardexchange,post,1562030467,neutral
cdwus8,heat,post,1563282711,neutral
cdlh0o,leafs,post,1563215950,neutral
cfi0bw,marvelstudios,post,1563598600,neutral
chiukh,memes,post,1564028273,neutral
cf31u9,mlem,post,1563510757,negative
ccui3s,moderatepolitics,post,1563052018,negative
c8rp9x,nba,post,1562178615,positive
cfo6pz,phish,post,1563642706,neutral
c9nnab,redditisfun,post,1562374947,negative
cev5tv,redditrequest,post,1563469366,neutral
cgksg9,redditrequest,post,1563838187,neutral
chkjcn,runescape,post,1564039937,negative
cgyrhi,secretsanta,post,1563917241,neutral
ckdvwp,teenagers,post,1564604575,neutral
cb8fu6,timberwolves,post,1562713716,neutral
c8cug0,trashy,post,1562092179,positive
c8upwn,woooosh,post,1562193367,negative
cc9bma,woooosh,post,1562928691,negative
cd0bl9,woooosh,post,1563089357,negative
cghna4,woooosh,post,1563823182,negative
cjwngq,woooosh,post,1564514517,neutral
cacwta,195,post,1562538583,neutral
c8ca6q,2007scape,post,1562089519,neutral
cebsrd,ADHD,post,1563364329,neutral
cbqgyu,AskHistorians,post,1562814428,negative
c8g39n,AskWomen,post,1562106857,neutral
caezkt,BigBrother,post,1562550844,neutral
chpt59,BigBrother,post,1564071243,neutral
chq361,BigBrother,post,1564072528,negative
cipl63,BigBrother,post,1564275848,neutral
ce3bab,Chargers,post,1563312378,neutral
cdpyaf,Colorado,post,1563237621,neutral
cgy73x,Comcast_Xfinity,post,1563914634,negative
ci6c1h,Comcast_Xfinity,post,1564164621,neutral
cc5d3g,DBZDokkanBattle,post,1562900928,neutral
c80sm1,LAClippers,post,1562018432,neutral
cb9fty,LineageOS,post,1562718886,negative
c7yk9i,MarioMaker,post,1562008566,neutral
cadbxg,PrequelMemes,post,1562540946,neutral
cblvz0,Sissies,post,1562790001,neutral
cgn9u0,The_Donald,post,1563852212,negative
cbalii,WatchRedditDie,post,1562725076,negative
ci09k9,WatchRedditDie,post,1564129994,negative
cbma1q,benzodiazepines,post,1562791904,negative
ch9otv,benzodiazepines,post,1563982385,neutral
cey3na,cannabiscultivation,post,1563483234,neutral
ccqcdb,caps,post,1563030458,neutral
c82r9v,copypasta,post,1562029427,neutral
cdqo92,dank_meme,post,1563241665,positive
caoe96,dankmemes,post,1562608503,negative
cgc8rx,dankmemes,post,1563796428,negative
ch7du9,dankmemes,post,1563970308,negative
cdznij,dankmemes,post,1563295900,neutral
ci0v7m,dankmemes,post,1564134720,neutral
cjfuhi,dankmemes,post,1564427476,negative
c8qxr5,django,post,1562174990,positive
c92u1k,hamptonbrandon,post,1562248317,negative
ccwkbl,heat,post,1563063551,neutral
ca87mn,im14andthisisdeep,post,1562514349,negative
c9lf73,madlads,post,1562361784,neutral
c7s4hh,memes,post,1561985086,positive
c7t25z,memes,post,1561990339,positive
c7tqqs,memes,post,1561993871,positive
c7trkc,memes,post,1561993981,negative
c7vkf8,memes,post,1561999921,negative
c7x865,memes,post,1562004675,negative
c7zvs9,memes,post,1562013851,neutral
c80edx,memes,post,1562016399,positive
c83g7y,memes,post,1562033504,negative
c8cd4p,memes,post,1562089901,negative
c8gl6o,memes,post,1562109465,negative
c8hy8b,memes,post,1562117514,negative
c8uuzi,memes,post,1562194133,negative
c8uvis,memes,post,1562194216,negative
c8wyo9,memes,post,1562206831,neutral
c8y0ck,memes,post,1562213590,neutral
c9261z,memes,post,1562244232,negative
c9a5fm,memes,post,1562289919,negative
c9fir6,memes,post,1562330567,negative
c9lu3a,memes,post,1562364060,negative
c9x9kc,memes,post,1562439739,negative
c9yydt,memes,post,1562448692,negative
ca66e8,memes,post,1562501499,neutral
cahx0o,memes,post,1562570506,negative
cankru,memes,post,1562604850,negative
cb5o5d,memes,post,1562700959,negative
cbbjjo,memes,post,1562730354,negative
cbe7kl,memes,post,1562748297,negative
cbe7x7,memes,post,1562748378,negative
cbe85d,memes,post,1562748432,neutral
cbe8s3,memes,post,1562748566,neutral
cbio0b,memes,post,1562775063,negative
cbk6fc,memes,post,1562782140,neutral
cbqq0g,memes,post,1562815933,negative
cbsmgw,memes,post,1562828848,negative
cbt3x8,memes,post,1562832670,neutral
cbu03r,memes,post,1562840034,negative
cc9jol,memes,post,1562930212,negative
ccg1kj,memes,post,1562962597,neutral
ccgqf1,memes,post,1562965990,negative
ccq38p,memes,post,1563029050,neutral
ccqi95,memes,post,1563031353,negative
cd8hmk,memes,post,1563139502,neutral
cd9q8h,memes,post,1563146129,negative
cdbaiq,memes,post,1563155090,neutral
cdlmlp,memes,post,1563216593,neutral
cds11n,memes,post,1563249528,neutral
ce36gy,memes,post,1563311753,negative
ce7u88,memes,post,1563336619,neutral
cebybe,memes,post,1563365230,negative
cehmqi,memes,post,1563392174,neutral
cehn38,memes,post,1563392218,neutral
cekav7,memes,post,1563404604,neutral
cetpln,memes,post,1563462628,neutral
cf5xml,memes,post,1563532488,neutral
cf62yt,memes,post,1563533598,negative
cf6brr,memes,post,1563535345,neutral
cfbly3,memes,post,1563562689,neutral
cfl00k,memes,post,1563623578,neutral
cfwq23,memes,post,1563696017,neutral
cg2fwy,memes,post,1563734611,negative
cg99gp,memes,post,1563774244,neutral
cgp6ix,memes,post,1563864859,negative
cgqto0,memes,post,1563877398,neutral
cgrrlb,memes,post,1563883640,neutral
cgstcj,memes,post,1563889598,negative
ch65uj,memes,post,1563962160,negative
ch67g7,memes,post,1563962492,negative
chdaov,memes,post,1563999088,neutral
chgzcl,memes,post,1564017417,neutral
chhk06,memes,post,1564020656,positive
chsctl,memes,post,1564083111,negative
chucs6,memes,post,1564092773,negative
chzyvr,memes,post,1564127544,negative
cic0im,memes,post,1564194328,neutral
cinsmf,memes,post,1564265925,neutral
cipju3,memes,post,1564275649,negative
citdtx,memes,post,1564301799,negative
cizcxz,memes,post,1564338281,neutral
cizegj,memes,post,1564338484,neutral
cj0w3r,memes,post,1564345461,negative
cj2o8x,memes,post,1564354207,negative
cjdh3p,memes,post,1564417277,neutral
cjhtvl,memes,post,1564436144,neutral
cjiwoe,memes,post,1564441121,neutral
cjmgks,memes,post,1564459828,neutral
cjnpee,memes,post,1564467660,neutral
cjqfw9,memes,post,1564486268,negative
cjsaiv,memes,post,1564495818,negative
cjw6ju,memes,post,1564512513,neutral
cjxyot,memes,post,1564520195,neutral
ck2rf9,memes,post,1564543667,positive
ck5an0,memes,post,1564559371,negative
ck8aat,memes,post,1564578520,neutral
ck9cx3,memes,post,1564583989,neutral
cfpvh8,mildlyinfuriating,post,1563651383,negative
c9scoq,nba,post,1562410619,neutral
cd2fdc,orioles,post,1563107033,neutral
chnl0l,redditrequest,post,1564060891,neutral
cj5ao4,redditrequest,post,1564368469,neutral
catjfu,redditrequest,post,1562632955,neutral
c7vkln,saudiarabia,post,1561999936,neutral
cj5u5u,teenagers,post,1564371598,negative
cfj52r,teenagers,post,1563607543,neutral
c8jvrl,teenagers,post,1562129656,negative
cdde51,teenagers,post,1563168225,negative
cae3vh,teenagers,post,1562545508,neutral
cgepsp,unpopularopinion,post,1563809686,negative
cjugp3,youtube,post,1564505261,neutral
c99w5e,AnythingGoesNews,post,1562288052,negative
c8nr96,AskReddit,post,1562158532,neutral
ckd6uz,AutoModerator,post,1564601433,neutral
cacqt7,BannedFromThe_Donald,post,1562537668,negative
cazkzf,Christianity,post,1562671381,neutral
cb86xc,FortNiteBR,post,1562712499,neutral
cgbxxh,GenderCritical,post,1563794426,neutral
ckbsyk,German,post,1564595118,neutral
cfs6yd,justneckbeardthings,post,1563664093,negative
c8ks95,lakers,post,1562136206,neutral
c8kuc3,lakers,post,1562136657,negative
c8kv4c,lakers,post,1562136817,negative
c9sns6,lakers,post,1562413122,neutral
ck5ruq,memes,post,1564562897,neutral
cjf37b,metacanada,post,1564424224,negative
cfyrqs,minnesota,post,1563714225,neutral
cao01u,nukedmemes,post,1562606746,negative
cjnp1a,raimimemes,post,1564467590,negative
cdeomr,redditrequest,post,1563177838,neutral
cgubvw,redditrequest,post,1563897028,neutral
c8d00a,redditrequest,post,1562092911,neutral
chstq8,redditrequest,post,1564085344,neutral
cf0s4j,redditrequest,post,1563497144,negative
cbawbi,redditrequest,post,1562726748,neutral
cgatwt,sex,post,1563786425,neutral
cem81t,shanghai,post,1563415050,negative
c972ik,shittysuperpowers,post,1562270871,neutral
ce3psm,teenagers,post,1563314289,negative
c908hv,teenagers,post,1562229823,neutral
cholr5,tf2,post,1564065860,negative
cax1ds,wallstreetbets,post,1562653514,neutral
c7opvp,warriors,post,1561959604,negative
c8plbf,2007scape,post,1562168425,neutral
cigsr2,AccidentalRenaissance,post,1564229643,neutral
cg1c52,BannedFromThe_Donald,post,1563728964,negative
cczv7u,Braincels,post,1563085588,negative
cczwpd,Braincels,post,1563085938,negative
ce0p7v,CODZombies,post,1563300523,neutral
cicdw9,ChapoTrapHouse,post,1564196684,neutral
cjxj1r,IBO,post,1564518309,neutral
cili0z,OldSchoolCool,post,1564254279,negative
c7mmt5,SandersForPresident,post,1561946215,neutral
chk24d,Sneks,post,1564036488,negative
c83is7,SquaredCircle,post,1562033923,neutral
ckgh7w,The_Donald,post,1564617023,neutral
cigw38,UofT,post,1564230298,neutral
cby546,UtahJazz,post,1562864585,neutral
ca99pt,WatchRedditDie,post,1562519958,negative
cgnjxz,WatchRedditDie,post,1563853949,negative
cckv7z,dankmemes,post,1562989859,negative
cc9gdr,dankmemes,post,1562929600,negative
cjawwt,dankmemes,post,1564405125,negative
cejqh8,dankmemes,post,1563401757,negative
ch1p0q,dankmemes,post,1563932533,negative
c8nxt0,dankmemes,post,1562159593,neutral
cbk5ym,dankmemes,post,1562782079,negative
c8wukx,facepalm,post,1562206115,negative
ch8cdh,facepalm,post,1563975741,negative
chcjhq,facepalm,post,1563995533,negative
cdlz6d,fireemblem,post,1563218071,neutral
c9e03i,lakers,post,1562319108,neutral
c94egf,lakers,post,1562256928,neutral
ca6jkn,mallninjashit,post,1562504228,negative
cdo0i5,memphisgrizzlies,post,1563227380,neutral
c8t754,nba,post,1562185788,neutral
c7rmz9,pharmacy,post,1561982022,neutral
cgt2j3,reactiongifs,post,1563890931,negative
chflu3,redditrequest,post,1564009926,neutral
c845sk,redditrequest,post,1562037789,neutral
chjfp8,redditrequest,post,1564032102,neutral
cjlke4,redditrequest,post,1564454780,neutral
c8smo9,redditrequest,post,1562183072,neutral
chqah0,redditrequest,post,1564073498,neutral
cckzb6,redditrequest,post,1562990609,neutral
cgnkxa,redditrequest,post,1563854125,neutral
c7s8kd,startups,post,1561985772,neutral
cdf31f,teenagers,post,1563181113,negative
cdg5u1,teenagers,post,1563189278,negative
ce4rxc,teenagers,post,1563319430,negative
cfhj8c,teenagers,post,1563595383,negative
ch5ndy,teenagers,post,1563958354,neutral
ch5o56,teenagers,post,1563958523,neutral
ch5oh3,teenagers,post,1563958595,neutral
cf6axo,CitiesSkylines,post,1563535195,neutral
ccx67m,EtikaRedditNetwork,post,1563067276,neutral
cfpxtn,FortNiteBR,post,1563651715,negative
chaus4,FortNiteBR,post,1563987764,negative
cfp43x,FortNiteBR,post,1563647425,neutral
cbfg0i,IndiaSpeaks,post,1562757522,positive
cd5337,JustUnsubbed,post,1563122453,negative
cd9tbt,Padres,post,1563146612,neutral
cayuax,PewdiepieSubmissions,post,1562666368,neutral
c7s51s,PewdiepieSubmissions,post,1561985183,neutral
c9ms6p,PewdiepieSubmissions,post,1562369541,negative
c9w3nx,PewdiepieSubmissions,post,1562433773,negative
cb1lfx,PewdiepieSubmissions,post,1562682569,neutral
cb9ce7,PewdiepieSubmissions,post,1562718363,negative
cbz9gk,PewdiepieSubmissions,post,1562869627,positive
cc2eu1,PewdiepieSubmissions,post,1562884481,neutral
ccbzws,PewdiepieSubmissions,post,1562943878,negative
cd5o63,PewdiepieSubmissions,post,1563125381,neutral
cd82v6,PewdiepieSubmissions,post,1563137444,neutral
cdhol2,PewdiepieSubmissions,post,1563198480,neutral
cfl876,PewdiepieSubmissions,post,1563625274,positive
cfljhr,PewdiepieSubmissions,post,1563627576,neutral
cfohbr,PewdiepieSubmissions,post,1563644233,neutral
cfw9i0,PewdiepieSubmissions,post,1563691821,negative
cg93ck,PewdiepieSubmissions,post,1563773023,negative
cgamiz,PewdiepieSubmissions,post,1563784737,neutral
cgd1it,PewdiepieSubmissions,post,1563801196,neutral
cgd29u,PewdiepieSubmissions,post,1563801310,neutral
cgeqdc,PewdiepieSubmissions,post,1563809756,neutral
cgg7gy,PewdiepieSubmissions,post,1563816588,neutral
cggcyy,PewdiepieSubmissions,post,1563817261,negative
cgl15q,PewdiepieSubmissions,post,1563839459,neutral
cgmdf1,PewdiepieSubmissions,post,1563846965,neutral
cio6f6,PewdiepieSubmissions,post,1564268025,negative
ckdas4,PewdiepieSubmissions,post,1564601928,neutral
car51k,PrequelMemes,post,1562620892,neutral
cj5ggm,SugarBaby,post,1564369371,negative
cfe18z,The_Donald,post,1563574535,negative
cgnlva,The_Donald,post,1563854302,neutral
c9vm4q,Thunder,post,1562431235,neutral
cjphnq,WatchRedditDie,post,1564480199,negative
ce59md,WatchRedditDie,post,1563322046,negative
ci0766,XXXTENTACION,post,1564129425,negative
cigqvp,aggies,post,1564229289,neutral
ca4rwh,asexuality,post,1562489193,positive
ch7jod,atheism,post,1563971265,neutral
cdjt45,buildapcsales,post,1563209003,negative
ccpkhp,canes,post,1563025959,neutral
cf8n43,comicbooks,post,1563548659,neutral
chy1qj,dankmemes,post,1564113973,neutral
ciq57i,dankmemes,post,1564279022,negative
cfbmzw,dankmemes,post,1563562830,negative
cgiz2k,dankmemes,post,1563829393,neutral
ckbvgh,dankmemes,post,1564595441,negative
cbrr1y,dankmemes,post,1562822651,neutral
c9fzrf,darkjokes,post,1562333547,negative
cd4o5l,eos,post,1563120323,neutral
cehwn1,modhelp,post,1563393378,neutral
cagluo,nosleep,post,1562561007,negative
ch5s4j,privacy,post,1563959321,neutral
cgjbbx,rarepuppers,post,1563830978,neutral
cj2pfa,redditrequest,post,1564354361,neutral
cc1ulo,redditrequest,post,1562881683,neutral
cco21b,redditrequest,post,1563015241,neutral
cgmhqd,rutgers,post,1563847639,negative
chg7qv,stevenuniverse,post,1564013152,neutral
cgvg9a,teaching,post,1563902066,neutral
cg0fcd,unpopularopinion,post,1563724206,negative
cell8y,witchcraft,post,1563411467,positive
ccethh,2007scape,post,1562956865,neutral
cedjws,AskModerators,post,1563373605,neutral
cg3w5g,AskReddit,post,1563742124,neutral
cd6i5y,AskReddit,post,1563129617,negative
cjcj5g,AskReddit,post,1564413071,neutral
cjew4x,AutoModerator,post,1564423369,neutral
chu7cj,AutoModerator,post,1564092019,neutral
chvhaz,GoneMild,post,1564098829,neutral
cg6ph4,NBA2k,post,1563757996,neutral
cda6b6,NoStupidQuestions,post,1563148655,neutral
ca6q81,RocketLeague,post,1562505453,neutral
cesbnq,SequelMemes,post,1563455609,neutral
ckgko6,Soda,post,1564617550,neutral
ciyzwe,WatchRedditDie,post,1564336600,negative
cb8kmu,WatchRedditDie,post,1562714382,negative
cgd7gh,aznidentity,post,1563802113,negative
ce5229,baseballcirclejerk,post,1563320852,negative
cf0cye,brasil,post,1563494770,neutral
cft44i,crossdressing,post,1563669715,positive
ciym2s,curledfeetsies,post,1564334767,negative
ccb1q7,dankmemes,post,1562939166,negative
ccb540,dankmemes,post,1562939645,negative
cbnfvm,dankmemes,post,1562797593,negative
cc7mnd,dankmemes,post,1562915873,negative
cc4c2h,dankmemes,post,1562894908,negative
chqvq9,exjw,post,1564076223,neutral
ckdbt4,ft86,post,1564602063,negative
chmwum,missouri,post,1564057049,neutral
cbwbal,nba,post,1562855874,neutral
che0in,nostalgia,post,1564002398,neutral
ck4h9r,redditrequest,post,1564553840,neutral
cidnvl,redditrequest,post,1564205369,neutral
cjjf3b,redditrequest,post,1564443605,neutral
ce83ij,redditrequest,post,1563338238,neutral
cawebc,redditrequest,post,1562649261,neutral
cd2mvx,redditrequest,post,1563108444,neutral
chdc4y,redditrequest,post,1563999276,neutral
cfjl2a,teenagers,post,1563611548,negative
cdul2m,unpopularopinion,post,1563267978,negative
cdw81c,unpopularopinion,post,1563279139,negative
ccjg8l,unpopularopinion,post,1562980937,neutral
cfo618,unpopularopinion,post,1563642595,negative
ca2a11,worldpolitics,post,1562469078,negative
cf0qxj,AirBnB,post,1563496953,neutral
ckcnua,Android,post,1564598976,neutral
cdwc5t,Art,post,1563279803,neutral
chjscb,Deathcore,post,1564034527,negative
cicc9s,DynastyFF,post,1564196394,negative
caw6op,Gameboy,post,1562647938,positive
cjf3s3,Minecraft,post,1564424288,neutral
cdp3vi,ModSupport,post,1563232962,neutral
civ9ma,Nepal,post,1564316965,negative
cddjdc,OnePieceTC,post,1563169233,negative
cehag5,RocketLeague,post,1563390621,neutral
cectcw,SeattleWA,post,1563369950,neutral
ccjdoa,Showerthoughts,post,1562980502,negative
c8dpzt,Thunder,post,1562095706,negative
cbdq5h,WatchRedditDie,post,1562744412,negative
ckcr2f,WatchRedditDie,post,1564599439,negative
calrzh,WatchRedditDie,post,1562596360,negative
chvbj1,amishadowbanned,post,1564097918,neutral
cexb1z,cscareerquestions,post,1563479482,negative
ca0klh,dankmemes,post,1562458048,negative
cjb720,dogs,post,1564406630,neutral
cj2bix,formula1,post,1564352384,positive
c8zi17,infp,post,1562223866,neutral
c9apk8,lakers,post,1562293978,positive
c9s1hy,lakers,post,1562407924,negative
cdi1w0,madlads,post,1563200468,neutral
cbda30,meme,post,1562741313,neutral
cj2p73,newzealand,post,1564354338,positive
ccs7dp,painting,post,1563040387,neutral
c8xnel,rant,post,1562211249,negative
ciaa1n,redditrequest,post,1564184218,neutral
cfwi67,redditrequest,post,1563693932,neutral
cb7brl,redditrequest,post,1562708466,neutral
ca8aew,redditrequest,post,1562514787,neutral
cf1v7n,teenagers,post,1563503407,neutral
cjl5e0,teenagers,post,1564452557,negative
chyjsu,teenagers,post,1564117200,negative
cgzptk,todayilearned,post,1563921879,negative
ck2jqm,trashy,post,1564542467,negative
c7mvvl,treesgonewild,post,1561947728,negative
cfccqe,unpopularopinion,post,1563566287,neutral
chn5uy,unpopularopinion,post,1564058560,negative
c9b4wn,APStudents,post,1562297024,neutral
ch9hng,Animemes,post,1563981435,neutral
c7pavd,AskOuija,post,1561963852,neutral
ch3xwu,AskReddit,post,1563946021,neutral
c8cllb,AutoModerator,post,1562091020,negative
c9whsz,AutoModerator,post,1562435777,negative
cb5rrq,AutoModerator,post,1562701415,negative
cbg5kw,AutoModerator,post,1562762032,neutral
cbpee2,AutoModerator,post,1562808126,neutral
cdcckh,AutoModerator,post,1563161411,neutral
cdjdnm,AutoModerator,post,1563206989,neutral
cgbw2t,AutoModerator,post,1563794074,neutral
cj07l7,AutoModerator,post,1564342296,neutral
cj6hot,AutoModerator,post,1564375559,neutral
cjhlcb,AutoModerator,post,1564435078,neutral
c8074o,BestOfReports,post,1562015409,neutral
cage7e,CLG,post,1562559572,neutral
cc6cb3,DebateAltRight,post,1562907063,negative
ccgav2,DebateAltRight,post,1562963863,neutral
cdbcxo,DotA2,post,1563155472,negative
cfhq73,Hiphopcirclejerk,post,1563596656,negative
chnndq,Hiphopcirclejerk,post,1564061232,negative
cg7uei,HistoryPorn,post,1563764898,neutral
ci5s0a,MaddenMobileForums,post,1564161978,neutral
c8x3wp,Nepal,post,1562207776,negative
cazl75,The_Donald,post,1562671422,negative
cff24h,The_Donald,post,1563579938,negative
c7zarg,The_Donald,post,1562011066,neutral
c8amd3,UnderwearGW,post,1562081453,neutral
c8k09c,WatchRedditDie,post,1562130534,negative
cbn6lj,WatchRedditDie,post,1562796311,negative
cex1zv,ZeroWaste,post,1563478289,neutral
cjum3n,ZeroWaste,post,1564505901,positive
c9glh5,boardgames,post,1562337059,neutral
cglowu,canada,post,1563843131,negative
chwu30,canada,post,1564106612,negative
c9l8t3,confusing_perspective,post,1562360843,neutral
cf4x3x,dankmemes,post,1563524417,negative
c9xndv,dankmemes,post,1562441775,negative
cdj8ax,dankmemes,post,1563206299,neutral
chjwk5,dankmemes,post,1564035373,negative
ckc0tp,dankmemes,post,1564596107,negative
c84enf,dankmemes,post,1562039365,neutral
c8k8b3,dirtykikpals,post,1562132099,neutral
c96mvy,dirtypenpals,post,1562268522,negative
cewtik,hugenaturals,post,1563477132,neutral
chqply,ideasfortheadmins,post,1564075428,neutral
c9pe1b,im14andthisisdeep,post,1562386841,negative
cg3yot,jhu,post,1563742487,neutral
cfqrpn,legaladvice,post,1563656121,neutral
cc7si3,nba,post,1562917066,positive
ca369o,newreddits,post,1562475371,positive
cc04h3,northernlion,post,1562873548,neutral
cepzfq,redditrequest,post,1563440343,neutral
ced0kt,redditrequest,post,1563370988,neutral
cj77xz,redditrequest,post,1564380339,neutral
c8v83d,redditrequest,post,1562196191,neutral
c8eann,subredditcancer,post,1562097876,negative
cgddxz,trumpet,post,1563803091,negative
c9f8yc,unpopularopinion,post,1562328725,negative
c9aqor,AskReddit,post,1562294199,neutral
chlqjn,AusFinance,post,1564049198,neutral
cjlcxg,AutoModerator,post,1564453661,neutral
cfkffb,ForeverAlone,post,1563618789,negative
cgvcvg,HollowKnight,post,1563901651,neutral
cb8nzm,HomeImprovement,post,1562714860,neutral
ch4s6k,JizzedToThis,post,1563951775,negative
ci8usf,PewdiepieSubmissions,post,1564176891,positive
cislsz,Sat,post,1564295401,neutral
c9uz2z,Tinder,post,1562427844,negative
ceq3s2,autism,post,1563441220,positive
cfpm37,bakchodi,post,1563650022,neutral
c7nuhq,dankmemes,post,1561953734,neutral
cdomlj,dankmemes,post,1563230454,neutral
cdpwbl,dankmemes,post,1563237314,negative
cb55l9,dankmemes,post,1562698674,positive
c7z8nt,dankmemes,post,1562010796,neutral
cjwquh,entj,post,1564514921,negative
cg5zjq,help,post,1563753738,neutral
citkf9,ideasfortheadmins,post,1564303386,negative
ci4k78,jakeandamir,post,1564156175,neutral
cipvzj,lacrosse,post,1564277552,neutral
c9x1h6,lakers,post,1562438581,neutral
c9dbui,lakers,post,1562313493,negative
chqs4e,languagelearning,post,1564075758,neutral
c7xzt5,madlads,post,1562006925,neutral
ck4me6,mead,post,1564554768,positive
cjl5fd,modhelp,post,1564452562,neutral
cfemol,nintendo,post,1563577569,negative
cefven,opiates,post,1563384117,neutral
cavafk,pcmasterrace,post,1562642552,neutral
ch73b2,playrust,post,1563968562,neutral
casc7v,redditrequest,post,1562626701,neutral
cd1l2e,redditrequest,post,1563100351,neutral
cb4y3m,redditrequest,post,1562697738,neutral
cc2sgx,redditrequest,post,1562886436,neutral
ci50ry,redditrequest,post,1564158358,neutral
cd1ozo,sto,post,1563101262,negative
cdlnwt,stopdrinking,post,1563216746,neutral
cf01s6,survivinginfidelity,post,1563492984,negative
cfgekr,teenagers,post,1563588044,neutral
cfofxz,teenagers,post,1563644043,neutral
cj5929,teenagers,post,1564368203,neutral
cf7jl0,thedivision,post,1563542803,positive
cedtny,truegaming,post,1563374883,positive
cd5dl0,Animemes,post,1563123896,negative
cbppwe,AskHistorians,post,1562809963,neutral
ccrlkx,AskReddit,post,1563037243,neutral
cdimjl,AutoModerator,post,1563203361,neutral
cbwkxu,Braincels,post,1562857280,neutral
cdnq0h,ChoosingBeggars,post,1563225964,negative
cdbmk4,ForHonorVikings,post,1563157023,negative
c9865j,JordanPeterson,post,1562277042,neutral
c9tyjo,PERSoNA,post,1562422093,negative
c8qwz6,PewdiepieSubmissions,post,1562174887,neutral
c9iqn3,Steam,post,1562348028,negative
cfzuj0,WatchRedditDie,post,1563720994,negative
c8ueva,WritingPrompts,post,1562191803,negative
ckbwog,adultery,post,1564595596,neutral
cdmqll,beetlejuicing,post,1563221384,negative
cj3f2a,communism,post,1564358042,negative
c9s91d,dankmemes,post,1562409766,neutral
cdm2xj,dankmemes,post,1563218518,negative
ceglff,dankmemes,post,1563387417,neutral
cg1008,dirtyr4r,post,1563727222,negative
ci4953,dirtyr4r,post,1564154732,neutral
ceg2tg,discordapp,post,1563385081,neutral
ch7f9f,discordapp,post,1563970560,negative
c8sljc,feedthebeast,post,1562182925,neutral
cj43an,ftm,post,1564361739,positive
ceqo91,magicTCG,post,1563445357,neutral
cb9wzf,memes,post,1562721368,negative
c9mghf,memes,post,1562367596,negative
caazvb,memes,post,1562528585,negative
cbzl6l,memes,post,1562871124,negative
ci9vi7,mypartneristrans,post,1564182059,neutral
cjbc9q,mypartneristrans,post,1564407389,neutral
c7m8zb,nba,post,1561943858,negative
c81lky,nba,post,1562022751,neutral
ck1eei,offmychest,post,1564536406,negative
cj4kb7,redditrequest,post,1564364348,neutral
chgg4h,redditrequest,post,1564014419,neutral
cf3hhv,redditrequest,post,1563513649,neutral
cddryj,redditrequest,post,1563170944,neutral
c9tn73,redditrequest,post,1562420055,neutral
ck84wk,redditrequest,post,1564577697,neutral
cim1e1,redditrequest,post,1564256908,neutral
cbj1oe,schizophrenia,post,1562776890,neutral
caqijy,streetphotography,post,1562617963,neutral
cfkkok,tattoos,post,1563620006,neutral
ci8w63,teenagers,post,1564177084,neutral
ci90fh,teenagers,post,1564177680,neutral
ci91dc,teenagers,post,1564177810,neutral
ciecju,teenagers,post,1564210427,neutral
cf0rrc,teenagers,post,1563497085,neutral
c95qyi,teenagers,post,1562263841,neutral
chflvb,texts,post,1564009931,neutral
cbsz7k,trashyboners,post,1562831603,negative
ci1rnt,youtube,post,1564141103,neutral
cgxnqc,2007scape,post,1563912121,neutral
cdi5vk,4chan,post,1563201054,neutral
cd4vj0,AgainstHateSubreddits,post,1563121355,negative
cke0z0,AmItheAsshole,post,1564605218,negative
ce11f9,AutoModerator,post,1563302031,neutral
ci38cp,AutoModerator,post,1564149692,neutral
c95oae,Habs,post,1562263469,neutral
chwr0l,JustUnsubbed,post,1564106116,negative
chf47i,Liverpool,post,1564007463,neutral
cfzqje,NBAForums,post,1563720337,negative
cj5cbf,NBAForums,post,1564368741,neutral
cjkles,NBAForums,post,1564449642,neutral
ciww1a,PewdiepieSubmissions,post,1564326440,neutral
caf2ke,PrequelMemes,post,1562551330,neutral
cdrfxc,The_Donald,post,1563246002,negative
caxsez,WatchRedditDie,post,1562658733,negative
ca0589,WatchRedditDie,post,1562455488,negative
cewbbm,Wildlands,post,1563474746,negative
ci9wpo,WrestleWithThePlot,post,1564182232,negative
cj52nq,WrestleWithThePlot,post,1564367179,negative
cjgwkh,WrestleWithThePlot,post,1564432055,negative
ck5dpy,aww,post,1564560033,neutral
cerqtk,bois,post,1563452321,neutral
caocit,cannabiscultivation,post,1562608285,neutral
cbugz3,dankmemes,post,1562843492,neutral
cb6t4m,dankmemes,post,1562706087,negative
chsnni,dankmemes,post,1564084555,positive
cfjewj,ffxiv,post,1563609967,negative
c8ckk6,fnv,post,1562090887,neutral
cal33b,funny,post,1562592824,neutral
c9rfjl,lakers,post,1562402518,neutral
cf3k6z,manga,post,1563514168,neutral
c9miiw,memes,post,1562367912,negative
ck7mxc,modhelp,post,1564574908,neutral
cd301h,nukedmemes,post,1563110816,neutral
cgpqp3,nukedmemes,post,1563869123,neutral
cit89k,nukedmemes,post,1564300501,negative
cg8ptl,rant,post,1563770487,negative
cdoabx,redditrequest,post,1563228706,neutral
cgcsj8,redditrequest,post,1563799770,negative
c991em,redditrequest,post,1562282310,neutral
cgjqf6,redditrequest,post,1563832929,neutral
cjj9sc,redditrequest,post,1564442882,neutral
cj0eow,redditrequest,post,1564343209,neutral
c8alfl,redditrequest,post,1562081322,neutral
cdch8c,redditrequest,post,1563162216,neutral
chy8fh,redditrequest,post,1564115100,neutral
cd2qj1,shield,post,1563109091,neutral
c8yha1,unpopularopinion,post,1562216729,negative
ck1fka,AskAnAmerican,post,1564536576,negative
c84w9x,AskReddit,post,1562042509,neutral
c850m7,AskReddit,post,1562043325,neutral
chpis8,AskReddit,post,1564069918,neutral
cggyhz,GamersBeingBros,post,1563819984,negative
cakehe,HalfLife,post,1562588876,neutral
chh58j,LeagueOfMeta,post,1564018386,negative
chqrzl,LightNovels,post,1564075741,neutral
ccg0aa,NoStupidQuestions,post,1562962418,neutral
c99fv0,Piracy,post,1562284940,negative
c99r06,Piracy,post,1562287029,negative
caunxh,PrequelMemes,post,1562639078,neutral
cam7l7,SampleSize,post,1562598434,positive
capid3,SquaredCircle,post,1562613365,neutral
cb0dp6,WatchRedditDie,post,1562676202,negative
cdddzc,Wellthatsucks,post,1563168204,negative
cddhfi,actuallesbians,post,1563168861,neutral
cdnlvs,atheism,post,1563225430,negative
cdhaue,bengals,post,1563196325,neutral
c9isff,dankmemes,post,1562348275,neutral
cbmzuj,dankmemes,post,1562795367,negative
cj5rk7,dankmemes,post,1564371158,negative
ce1x9z,dankmemes,post,1563306035,neutral
cizilx,dragonballfighterz,post,1564339029,neutral
ceyakr,gonewild,post,1563484118,neutral
chg9ju,hamptonbrandon,post,1564013410,neutral
c7olfd,help,post,1561958695,negative
ch77vb,lego,post,1563969329,neutral
cjj9c2,memes,post,1564442830,negative
ca85yt,nukedmemes,post,1562514087,negative
cb9u7u,nukedmemes,post,1562720957,negative
cjhb9q,offmychest,post,1564433829,negative
cis17b,redditrequest,post,1564291204,neutral
chcuny,redditrequest,post,1563996986,neutral
c80f4h,redditrequest,post,1562016507,neutral
chuet3,redditrequest,post,1564093064,neutral
chswqi,redditrequest,post,1564085750,neutral
chep2x,redditrequest,post,1564005465,neutral
cabcjt,redditrequest,post,1562530358,neutral
cbj5qq,runescape,post,1562777420,neutral
ce2wls,secretsanta,post,1563310506,neutral
cikrx9,singapore,post,1564250824,negative
ce6gii,stopdrinking,post,1563328560,positive
c89x7a,subredditcancer,post,1562077905,negative
c8labg,teenagers,post,1562140091,negative
cfzz9d,teenagers,post,1563721731,neutral
cfwr1d,wallstreetbets,post,1563696288,neutral
c9tz09,AmItheAsshole,post,1562422158,negative
civimf,AppleWatch,post,1564318655,neutral
cf3gki,AskReddit,post,1563513470,neutral
cjichv,AskReddit,post,1564438466,negative
ci7o26,Calgary,post,1564171152,negative
ciezkv,DebateReligion,post,1564215365,positive
cd6lt8,Drama,post,1563130119,neutral
caxcbt,IASIP,post,1562655613,neutral
c9h6rm,IndianEnts,post,1562340205,neutral
c947lu,JordanPeterson,post,1562255941,neutral
cfizln,JordanPeterson,post,1563606253,neutral
cjlm7w,JordanPeterson,post,1564455062,neutral
cewvva,MakeupAddiction,post,1563477453,negative
cex1vu,MakeupAddiction,post,1563478276,negative
cab96c,PewdiepieSubmissions,post,1562529878,neutral
ca4fkb,SuicideWatch,post,1562485952,neutral
c89hu6,The_Donald,post,1562075634,neutral
cisjhb,UKPersonalFinance,post,1564294929,neutral
cj2vm3,baseball,post,1564355249,neutral
cb523b,copypasta,post,1562698243,negative
cird7h,cowboys,post,1564286653,negative
cbuwp2,dankmemes,post,1562846464,neutral
ch7a0h,dankmemes,post,1563969707,neutral
cgswrv,dankmemes,post,1563890122,neutral
ch143k,dankmemes,post,1563929305,neutral
cgucgy,fakehistoryporn,post,1563897104,negative
cjehz9,fasting,post,1564421703,negative
cb42kg,gay_irl,post,1562693906,neutral
c9435p,modhelp,post,1562255256,neutral
cdxufd,muacirclejerk,post,1563287732,negative
cidzp3,needamod,post,1564207733,neutral
ciygyk,nukedmemes,post,1564334078,negative
cdjle8,oneplus,post,1563208010,negative
chvnxg,pawg,post,1564099880,negative
ccmgzk,pokemon,post,1563001590,negative
cfb4pa,redditrequest,post,1563560448,neutral
cir53s,redditrequest,post,1564285182,neutral
ci2pzp,redditrequest,post,1564146881,neutral
ccpoty,redditrequest,post,1563026701,neutral
c8gp9w,sixers,post,1562110117,negative
c8cxja,snackexchange,post,1562092595,positive
ci2etb,sophieturner,post,1564145107,negative
c7v61i,teenagers,post,1561998767,negative
c7mt77,teenagers,post,1561947275,negative
c8c1ly,teenagers,post,1562088377,negative
ccfdjz,teenagers,post,1562959430,negative
cj6om8,teenagers,post,1564376795,negative
cckbby,thebachelor,post,1562986351,neutral
cc5bnu,thebachelor,post,1562900690,neutral
cb7697,unpopularopinion,post,1562707760,negative
ce6bvu,videos,post,1563327841,negative
cdrc3f,washingtondc,post,1563245404,neutral
c9lsqm,AmItheAsshole,post,1562363846,neutral
cgudni,COMPLETEANARCHY,post,1563897255,negative
ce4uld,ChapoTrapHouse,post,1563319807,negative
ceimuq,ChapoTrapHouse,post,1563396604,negative
ceye80,ChapoTrapHouse,post,1563484618,negative
cc3y0l,FloridaMan,post,1562892699,negative
cezfpd,FortNiteBR,post,1563489759,negative
cj0e9y,FortNiteBR,post,1564343162,neutral
cig0s9,HistoryMemes,post,1564223819,neutral
c8e5hn,Israel,post,1562097191,neutral
cc5inv,Minecraft,post,1562901849,neutral
ch9jaf,NeckbeardNests,post,1563981644,negative
ccewzh,Paladins,post,1562957308,neutral
cim9od,PewdiepieSubmissions,post,1564258032,negative
cizwcl,Spokane,post,1564340830,neutral
ciqen2,SquaredCircle,post,1564280587,negative
cagjns,SquaredCircle,post,1562560589,negative
cjnm6q,TheWalkingDeadGame,post,1564467083,negative
cb3ey3,USMC,post,1562691004,positive
c7thho,WatchRedditDie,post,1561992594,negative
cjtjv8,bloodborne,post,1564501431,negative
cgf4g1,bostonceltics,post,1563811585,negative
cfh4rp,brasil,post,1563592697,negative
ce6fjy,circlebroke2,post,1563328419,negative
c7oa33,confessions,post,1561956519,negative
c7odb2,confessions,post,1561957134,neutral
cb5kv3,confessions,post,1562700551,negative
ce5shc,confessions,post,1563324872,neutral
cipo35,confessions,post,1564276282,negative
cjxtni,confessions,post,1564519592,negative
cjxxfj,confessions,post,1564520038,negative
cjzize,confessions,post,1564527127,negative
c9mm6t,dank_meme,post,1562368528,neutral
chgnq8,dankmemes,post,1564015606,negative
car9xc,dankmemes,post,1562621537,negative
c9ih6k,dankmemes,post,1562346690,negative
ca8e89,dankmemes,post,1562515362,neutral
cc11az,forza,post,1562877781,neutral
c9jj1f,hamsters,post,1562352006,neutral
chh566,memes,post,1564018375,negative
ciyu8a,namethatcar,post,1564335843,negative
chhzz9,osugame,post,1564023182,neutral
cfs3rx,plexshares,post,1563663587,negative
cdmb0j,redditrequest,post,1563219496,neutral
cftcna,redditrequest,post,1563671185,neutral
chb0po,redditrequest,post,1563988489,neutral
c84lug,redditrequest,post,1562040649,neutral
cho29b,redditrequest,post,1564063406,neutral
cho754,redditrequest,post,1564064010,neutral
ccp6o9,redditrequest,post,1563023508,neutral
chxgax,teenagers,post,1564110287,neutral
cj3ph0,teenagers,post,1564359620,negative
c7vj8a,teenagers,post,1561999826,neutral
c8zmxj,teenagers,post,1562224863,positive
cffdw4,teenagers,post,1563581830,negative
cb91un,trashy,post,1562716856,negative
c9ep50,vexillology,post,1562324694,negative
cdyxb1,3DS,post,1563292680,neutral
cdeqyp,Adelaide,post,1563178336,neutral
cg9br7,AdviceAnimals,post,1563774694,positive
cbounf,AskHistorians,post,1562805065,negative
ci408r,AskOuija,post,1564153564,positive
ci592m,Drama,post,1564159470,neutral
cdjray,Enough_Sanders_Spam,post,1563208778,negative
ch7d0d,FreeKarma4You,post,1563970177,negative
ccs7c5,GarlicBreadMemes,post,1563040380,negative
ca6iv4,HighQualityGifs,post,1562504088,neutral
cadc1z,Padres,post,1562540965,neutral
cdw57w,PewdiepieSubmissions,post,1563278687,neutral
ch6iw4,RandomActsofCards,post,1563964736,positive
ckbjej,RoastMe,post,1564593922,negative
cjeqin,SquaredCircle,post,1564422719,neutral
cdqmyq,StarWarsBattlefront,post,1563241461,neutral
ch3pu3,TownofSalemgame,post,1563944568,negative
cba87r,atheism,post,1562723081,neutral
cchkru,balisong,post,1562970268,neutral
cfuve6,casualnintendo,post,1563681187,negative
c8u2b9,dankmemes,post,1562190082,neutral
cizaq5,dragonballfighterz,post,1564338005,negative
ca67n1,fightporn,post,1562501761,negative
c9fdvz,hiphopheads,post,1562329664,negative
c919bb,lakers,post,1562237944,neutral
c7u44f,memes,post,1561995653,negative
cfxlrt,mildlyinfuriating,post,1563704593,positive
c95k3k,mkxmobile,post,1562262889,neutral
caf6gx,needamod,post,1562551981,neutral
c98zn2,offmychest,post,1562282008,negative
c8j291,raisedbynarcissists,post,1562124362,neutral
cfqk6n,redditrequest,post,1563655026,neutral
cbjtbk,redditrequest,post,1562780460,neutral
cap2u6,redditrequest,post,1562611451,neutral
c8oeg1,streetphotography,post,1562162247,neutral
ce8rb9,teenagers,post,1563342603,neutral
cehkoo,teenagers,post,1563391928,neutral
ck1a3l,teenagers,post,1564535796,neutral
cdr7e6,teenagers,post,1563244653,neutral
c97s1y,torontoraptors,post,1562274806,neutral
cb1vpp,unpopularopinion,post,1562683924,negative
c82ro0,Animemes,post,1562029490,negative
c842pg,Animemes,post,1562037262,negative
c8478h,Animemes,post,1562038044,negative
c7r4be,AskReddit,post,1561978404,neutral
c91mxn,AskReddit,post,1562240722,neutral
ceepws,AutoModerator,post,1563378972,negative
cfuew5,Browns,post,1563678043,neutral
ciu1gz,CCJ2,post,1564307410,negative
c93iww,FanFiction,post,1562252244,neutral
c8fmw3,FrankOcean,post,1562104497,negative
cdp1gj,KotakuInAction,post,1563232608,neutral
ciant3,Minecraft,post,1564186275,negative
cefskf,Minecraft,post,1563383758,neutral
cik653,NarutoBlazing,post,1564247957,negative
ceo617,OCD,post,1563426751,neutral
chpv3q,Portland,post,1564071486,negative
c7m7mo,SandersForPresident,post,1561943623,neutral
cigmjv,StarVStheForcesofEvil,post,1564228477,positive
ce7qsz,StrangerThings,post,1563336024,neutral
c9glx5,Terraria,post,1562337129,neutral
cj5fv2,Terraria,post,1564369285,neutral
cfee4g,The_Donald,post,1563576356,negative
ck9csy,The_Donald,post,1564583972,negative
c90i3n,WatchRedditDie,post,1562231993,negative
cbcfer,askphilosophy,post,1562735574,negative
ce49u2,beermoney,post,1563316892,neutral
chy0rv,botsrights,post,1564113821,negative
cfti59,censorship,post,1563672143,negative
ccqbhs,cringe,post,1563030328,neutral
cfc5bb,criticalrole,post,1563565296,neutral
cahhvx,dankmemes,post,1562567405,negative
cbqyck,dankmemes,post,1562817387,negative
cg1t95,dankmemes,post,1563731370,neutral
ce5t72,dankmemes,post,1563324983,negative
c8g9nw,dankmemes,post,1562107783,negative
cdsgpq,dankmemes,post,1563252322,negative
cakhgb,elsword,post,1562589376,negative
c91tm5,help,post,1562241981,neutral
chhdp0,immigration,post,1564019667,negative
c9ubhh,lakers,post,1562424204,negative
cj3xqb,madlads,post,1564360883,neutral
ci6f49,memes,post,1564165032,negative
ckcsff,modhelp,post,1564599628,neutral
cc575o,nukedmemes,post,1562899955,neutral
c9c1ep,penpals,post,1562303639,neutral
ck2xyy,politics,post,1564544664,neutral
cjr9b6,raisedbynarcissists,post,1564490726,positive
cb0p88,reddevils,post,1562677941,neutral
ck1k2d,redditrequest,post,1564537228,neutral
cg14go,redditrequest,post,1563727878,neutral
c8m2t3,redditrequest,post,1562146821,neutral
ccwbwf,redditrequest,post,1563062210,neutral
ccu65l,redditrequest,post,1563050311,neutral
ch5278,redditrequest,post,1563953710,neutral
cfqiwe,restofthefuckingowl,post,1563654838,negative
cdqp5c,teenagers,post,1563241809,positive
caxo7t,teenagers,post,1562657887,negative
cfewnr,teenagers,post,1563579062,neutral
cgam1o,teenagers,post,1563784639,neutral
cic5nh,teenagers,post,1564195245,neutral
c8pgyu,AskReddit,post,1562167838,negative
chdd4v,Augusta,post,1563999405,neutral
cgusn8,Blizzard,post,1563899147,neutral
cfoo7r,ComedyCemetery,post,1563645166,positive
c8zmev,Cruise,post,1562224757,neutral
cfsm8m,DBZDokkanBattle,post,1563666627,neutral
ciet8m,Dogtraining,post,1564213942,neutral
cjk1z2,JohnMayer,post,1564446884,neutral
cdhozp,Kappa,post,1563198547,neutral
cj9i39,OldSchoolCool,post,1564396561,neutral
cj9l9b,OldSchoolCool,post,1564397161,neutral
ccl5er,PrequelMemes,post,1562991705,neutral
cbham7,RBI,post,1562768414,neutral
ch3awa,RedditCensors,post,1563941949,negative
cd457j,RoastMe,post,1563117501,negative
cgpl27,ShadowBan,post,1563867881,neutral
cir2f1,ShadowBan,post,1564284711,neutral
cjnm69,Showerthoughts,post,1564467080,negative
cjs785,Southampton,post,1564495413,neutral
cfgyt6,Truckers,post,1563591610,neutral
ciejz7,WatchRedditDie,post,1564211950,neutral
c7n3j5,WatchRedditDie,post,1561949029,positive
ck2nxs,crashbandicoot,post,1564543115,negative
ck4zwv,crashbandicoot,post,1564557265,negative
c85ibf,evangelion,post,1562046822,negative
ci2q4d,garlicoin,post,1564146903,neutral
camjrb,help,post,1562600059,negative
cfvxvd,memes,post,1563689233,negative
cf426e,metacanada,post,1563517726,neutral
c96p92,modhelp,post,1562268878,neutral
c9xlc5,modhelp,post,1562441474,neutral
c80twg,nba,post,1562018606,neutral
chwj5c,nukedmemes,post,1564104835,negative
ck0car,realms,post,1564531021,neutral
cf3c2p,redditrequest,post,1563512637,neutral
cdke0m,redditrequest,post,1563211408,neutral
cehbwv,redditrequest,post,1563390800,neutral
cd1xy8,starcraft,post,1563103363,neutral
c83oxk,surgery,post,1562034943,negative
cafay1,teenagers,post,1562552745,neutral
cbvnay,teenagers,post,1562851319,negative
cjm8u5,tf2,post,1564458573,neutral
ciro4p,unpopularopinion,post,1564288660,negative
cch047,walmart,post,1562967329,negative
chn4bc,AskReddit,post,1564058298,negative
cjpdpe,ChapoTrapHouse,post,1564479421,neutral
cem2hh,Cornell,post,1563414141,neutral
ckfr0d,FORTnITE,post,1564613320,neutral
cajp2j,JustUnsubbed,post,1562584239,negative
ceu27p,MMORPG,post,1563464249,negative
cf4m8f,PokePorn,post,1563521956,neutral
cbrdna,RadicalChristianity,post,1562820112,neutral
ciwwys,SCJerk,post,1564326570,neutral
cdo1dt,Warframe,post,1563227509,negative
cd3ls9,WatchRedditDie,post,1563114518,negative
c9tm6f,WatchRedditDie,post,1562419884,negative
caalpv,WatchRedditDie,post,1562526621,negative
cggb99,adoptareddit,post,1563817049,neutral
ck6wvw,antiMLM,post,1564570705,negative
c8w28f,breakingmom,post,1562201212,neutral
cga360,communism101,post,1563780317,negative
ch5qkg,dankmemes,post,1563959016,negative
c875yp,dankmemes,post,1562059913,negative
cfe83r,dankmemes,post,1563575503,positive
cgvd93,dankmemes,post,1563901698,neutral
ca3u3s,dankmemes,post,1562480616,neutral
cfhrde,evilbuildings,post,1563596883,neutral
cc145u,futurama,post,1562878147,neutral
c8cpg6,hearthstone,post,1562091533,negative
c8cmxb,help,post,1562091198,neutral
c7sgte,help,post,1561987118,neutral
c8vb9y,lakers,post,1562196723,neutral
cjhg8m,legaladvice,post,1564434432,neutral
cbkxp0,modhelp,post,1562785576,neutral
cceny3,modhelp,post,1562956130,neutral
c8w9gz,modhelp,post,1562202451,neutral
cgh1gr,redditrequest,post,1563820358,neutral
chtoge,redditrequest,post,1564089415,neutral
chlfo2,redditrequest,post,1564046987,neutral
c8yzjw,redditrequest,post,1562220196,neutral
ckd2mi,runescape,post,1564600898,positive
c8cwit,teenagers,post,1562092455,negative
