id,subreddit,kind,timestamp,sentiment_wrt_mods
jdodql,Libertarian,post,1603055373,negative
jitdje,MBA,post,1603767584,positive
j39e19,MakeNewFriendsHere,post,1601561791,neutral
ji3xsl,Portal,post,1603669584,negative
j6mxjz,Yogscast,post,1602057603,neutral
j6qqba,beta,post,1602076986,neutral
j729zx,beta,post,1602114590,negative
jjuy19,beta,post,1603914584,neutral
j97k0k,borrow,post,1602430775,neutral
jjnbk5,depressed,post,1603890199,negative
jkpxf6,gorillaz,post,1604030684,negative
jgrrvt,homemadexxx,post,1603474518,negative
j66z6i,india,post,1601997760,neutral
jl3afw,ipad,post,1604085625,neutral
jd30hu,leagueoflegends,post,1602968216,negative
jd3tnv,leagueoflegends,post,1602971027,negative
jkx3mg,magicTCG,post,1604065810,neutral
jiuyzh,newhaven,post,1603774521,negative
j7mali,poland,post,1602193729,neutral
jkbcyg,redditrequest,post,1603982819,neutral
jk6qp0,redditrequest,post,1603962754,neutral
j677jo,redditrequest,post,1601998518,neutral
j8p1sx,redditrequest,post,1602352798,neutral
jg9ha4,redditrequest,post,1603403385,neutral
jhaggg,redditrequest,post,1603551980,neutral
jd6t55,redditrequest,post,1602982257,neutral
jdvjxl,relationship_advice,post,1603083746,neutral
jakbtw,relationship_advice,post,1602616722,neutral
jlrt3n,rit,post,1604184606,neutral
ji8pip,self,post,1603688842,neutral
j3i3l3,soundtracks,post,1601588943,neutral
jb1hjl,teenagers,post,1602685009,neutral
jjdcos,Adelaide,post,1603843903,neutral
jadunr,Austin,post,1602597259,neutral
j42ee6,BigBoobsGonewild,post,1601670723,neutral
j38fqv,CoinBase,post,1601558463,neutral
jlpoo9,Eminem,post,1604176770,neutral
jjg8b2,Eminem,post,1603854719,negative
j4skzr,EscapefromTarkov,post,1601783372,neutral
j3wpix,Hoboken,post,1601652869,negative
jld20c,ModSupport,post,1604122344,neutral
jg9hd9,MorbidReality,post,1603403394,neutral
jjnynh,OneDirection,post,1603892568,negative
jfgw6o,OttawaSenators,post,1603299831,neutral
jfyfat,RotMG,post,1603368662,negative
jkde95,Switzerland,post,1603989291,negative
jgo5un,WhatsWrongWithYourDog,post,1603463352,neutral
jcl1q0,conspiracy,post,1602892564,neutral
jg6y8i,dankmemes,post,1603395824,negative
jbdk2o,deadbydaylight,post,1602723126,neutral
jdto60,florida,post,1603075350,neutral
jkfhxs,fut,post,1603995644,negative
j6qfip,help,post,1602075842,neutral
ji6dh0,memes,post,1603678757,negative
jdg0yj,migraine,post,1603026401,neutral
jeqg2v,modhelp,post,1603203712,neutral
j4lh11,needamod,post,1601754461,neutral
jihem9,needamod,post,1603728750,neutral
ja1p56,nvidia,post,1602543967,negative
jiwqhe,philadelphia,post,1603783876,neutral
jhu8fk,pillowtalkaudio,post,1603636251,negative
ja1p0y,redditrequest,post,1602543956,neutral
j6rokh,redditrequest,post,1602080380,neutral
jgel3y,redditrequest,post,1603421450,neutral
jjazjc,redditrequest,post,1603836040,neutral
jeyipo,redditrequest,post,1603227646,neutral
j9htd6,redditrequest,post,1602466442,neutral
jaqqol,redditrequest,post,1602637681,neutral
j41crb,redditrequest,post,1601667364,neutral
jbwu5m,selfie,post,1602797716,neutral
jhniiq,teenagers,post,1603600699,negative
j5oakd,teenagers,post,1601920595,negative
jbq89e,truezelda,post,1602777326,negative
jdofqk,weed,post,1603055544,negative
jevbd5,woooosh,post,1603218059,negative
jf0ai0,AskReddit,post,1603233099,neutral
jl0j8b,AskReddit,post,1604076951,negative
jhoo4i,Bend,post,1603606493,negative
j74do3,ContestOfChampions,post,1602122619,neutral
jcx1zl,FortNiteBR,post,1602948290,negative
jg0ci3,MortalKombat,post,1603375878,negative
jebser,RocketLeague,post,1603144521,positive
j34ce7,SuicideWatch,post,1601538994,negative
j6osye,TheOnion,post,1602068414,neutral
jce8hy,TrainPorn,post,1602869485,neutral
j3pd4o,WatchRedditDie,post,1601618844,negative
jl3fur,ableton,post,1604086110,neutral
j4z21c,aoe2,post,1601818656,negative
jhaao3,aoe2,post,1603551442,negative
jdlr5c,castiron,post,1603046762,negative
jln5c5,circlejerk,post,1604167918,negative
j3ihjj,insanepeoplefacebook,post,1601590238,negative
jf4x13,korea,post,1603249305,neutral
j3niu8,lotro,post,1601610386,neutral
j3niu9,lotro,post,1601610386,neutral
jgmqs0,needamod,post,1603458366,neutral
jduggb,redditrequest,post,1603078717,neutral
j8ojps,redditrequest,post,1602351098,neutral
jhgyhk,redditrequest,post,1603574355,neutral
ji11ff,redditrequest,post,1603659475,neutral
j3i836,uspolitics,post,1601589356,negative
j3ijx3,uspolitics,post,1601590463,negative
jcbfbw,walkingwarrobots,post,1602860680,positive
jgi8fg,walkingwarrobots,post,1603436952,neutral
jdrh7v,youtube,post,1603066478,negative
j8z99g,Anxiety,post,1602391885,neutral
jiut0y,AskReddit,post,1603773735,neutral
jba7w1,Brawlhalla,post,1602711564,neutral
jb8z4p,Epilepsy,post,1602707659,positive
j3i0re,FantasyPL,post,1601588678,neutral
jl2r0i,HiTMAN,post,1604083907,neutral
jbtnb3,Minecraft,post,1602787678,negative
jh0g6l,Minecraft,post,1603503920,neutral
jkzddg,ModSupport,post,1604073333,negative
jaspn9,PUBATTLEGROUNDS,post,1602645048,negative
j68x9a,PhantomForces,post,1602003918,neutral
j8w3ro,TeamSolomid,post,1602378102,neutral
ji0pny,TooAfraidToAsk,post,1603658407,neutral
jho3zc,TrueChristian,post,1603603611,positive
j9xg8a,Trumpgret,post,1602530202,negative
ja2625,Trumpgret,post,1602545741,negative
jj4x8l,adultery,post,1603817696,neutral
jdhcs1,cock,post,1603031787,neutral
jf21qt,cock,post,1603238991,neutral
jj7ohz,dankmemes,post,1603825996,neutral
jipold,dankmemes,post,1603754031,negative
j38grb,financialindependence,post,1601558560,neutral
jecife,halifax,post,1603146710,neutral
jbd1vj,lossprevention,post,1602721327,neutral
j8yj4d,madlads,post,1602388510,neutral
jgxaiu,magicthecirclejerking,post,1603492019,negative
j7rdky,meme,post,1602212442,negative
jc555c,modhelp,post,1602831450,neutral
jg0qwa,msu,post,1603377239,negative
j6oayz,nba,post,1602065672,neutral
j8q3cr,opiates,post,1602356276,neutral
j63dge,quityourbullshit,post,1601983772,negative
jd8s18,redditrequest,post,1602990213,neutral
j3we0h,redditrequest,post,1601651854,neutral
j9kat3,redditrequest,post,1602477011,neutral
j7af2z,redditrequest,post,1602151605,neutral
jh9y29,redditrequest,post,1603550135,neutral
jhy61j,redditrequest,post,1603650017,neutral
jks2gp,redditrequest,post,1604041323,neutral
j4644y,shittyideas,post,1601684444,neutral
j39fnq,teenagers,post,1601561940,negative
jgbevo,tucker_carlson,post,1603409905,negative
j68unl,walmart,post,1602003709,neutral
j5kw19,AMA,post,1601909909,negative
j59q48,AMA,post,1601857431,negative
j9ojkl,Anxiety,post,1602498836,neutral
jbuukr,Existentialism,post,1602791366,neutral
jf3ze3,LosAngeles,post,1603245820,negative
jebqlx,ModSupport,post,1603144366,neutral
ja35cm,ModSupport,post,1602549516,neutral
j55tr6,NarutoBlazing,post,1601842901,negative
j51s9o,NoStupidQuestions,post,1601829040,negative
jd70vr,PhantomForces,post,1602983101,neutral
jhj9mv,SuicideWatch,post,1603582686,negative
jizvg4,chelseafc,post,1603800416,neutral
jc6or5,dankmemes,post,1602839791,neutral
jicw2a,facebook,post,1603712002,negative
jduhu9,gay,post,1603078884,negative
jjemx4,gay,post,1603848587,negative
jjfuh5,gay,post,1603853171,neutral
j4nop4,help,post,1601762567,neutral
jcbhe2,help,post,1602860861,neutral
j3it8f,ladybonersgw,post,1601591333,negative
j4jioi,ladybonersgw,post,1601747591,neutral
j4nx7t,ladybonersgw,post,1601763463,negative
j75g2h,ladybonersgw,post,1602126437,neutral
jefjed,ladybonersgw,post,1603156810,neutral
jgzw58,ladybonersgw,post,1603501664,neutral
jkvlxp,ladybonersgw,post,1604060011,neutral
jbez5l,makinghiphop,post,1602728473,neutral
jcumns,malaysia,post,1602939303,neutral
jhmzeo,medicalschool,post,1603598206,positive
j7aftm,memes,post,1602151718,negative
jju14w,memes,post,1603911722,negative
ji1rwd,oculus,post,1603661922,negative
jgf62v,pakistan,post,1603423609,neutral
j8ie9e,rant,post,1602326623,negative
j779m1,redditrequest,post,1602134171,neutral
jlqjde,redditrequest,post,1604179841,neutral
jguwvu,redditrequest,post,1603484347,neutral
jdl877,redditrequest,post,1603045038,neutral
jcbt56,redditrequest,post,1602861894,neutral
jh8bis,runescape,post,1603543590,neutral
jd8gsm,softwaregore,post,1602988949,negative
jd25tv,watch_dogs,post,1602965249,neutral
jf34rq,wikipedia,post,1603242809,negative
jaa57u,AskReddit,post,1602581978,negative
j99y1x,BillBurr,post,1602438721,positive
j9tl8z,Columbus,post,1602518467,negative
j756cx,Conservative,post,1602125408,neutral
jgznt7,Fuckthealtright,post,1603500764,negative
j3vkhi,IndianGaming,post,1601649205,neutral
jkectj,JustUnsubbed,post,1603992241,negative
j7ukt3,LatinoPeopleTwitter,post,1602228131,negative
jhs5dj,LongDistance,post,1603626766,neutral
jdiwk1,MtF,post,1603037322,negative
j3pbu1,NoStupidQuestions,post,1601618662,negative
ji3ii8,RimWorld,post,1603668025,neutral
jg9dq3,Silverbugs,post,1603403066,neutral
j9wgg5,WatchRedditDie,post,1602527189,negative
jg5pfe,amishadowbanned,post,1603392252,neutral
j74wpv,boxoffice,post,1602124439,neutral
jhsdwv,cybersecurity,post,1603628024,neutral
j3jj3z,facebook,post,1601593988,negative
jf8kve,findareddit,post,1603266491,negative
j5nlp6,germany,post,1601918460,neutral
jjijvc,korrasami,post,1603865425,neutral
j7ecfq,l4d2,post,1602168411,negative
j7js7s,l4d2,post,1602185608,negative
jeur2c,modhelp,post,1603216423,neutral
jiywdf,mycology,post,1603795930,neutral
jhef5z,options,post,1603565709,neutral
je32ub,redditrequest,post,1603119193,neutral
jkeltu,redditrequest,post,1603992965,neutral
jfgw88,redditrequest,post,1603299834,neutral
jfthpr,secretsanta,post,1603343490,neutral
j8t0rg,starcitizen,post,1602366415,negative
jfu832,teslamotors,post,1603347053,negative
jiw8pv,todayilearned,post,1603781078,negative
jjl846,unrealengine,post,1603880674,positive
jbch9d,valve,post,1602719272,negative
j99qwr,wholesomememes,post,1602438064,neutral
j2z9jo,Addons4Kodi,post,1601516217,neutral
j3kumw,AskReddit,post,1601599179,negative
j5q3zd,CasualUK,post,1601926251,positive
jj0odp,FortNiteBR,post,1603803726,neutral
jais1v,GirlGamers,post,1602612165,neutral
j8j3f8,Herpes,post,1602330348,neutral
j7i6b4,HiTMAN,post,1602180539,neutral
j33c7h,ModSupport,post,1601533874,negative
jawdtf,OverwatchUniversity,post,1602661849,neutral
j3jels,SubredditDrama,post,1601593524,negative
j6e1b1,SubredditDrama,post,1602019775,negative
j707t5,SubredditDrama,post,1602107363,negative
j7lemp,SubredditDrama,post,1602190803,negative
jg7u4m,SubredditDrama,post,1603398452,negative
jhes17,SubredditDrama,post,1603566896,negative
ji7is3,SubredditDrama,post,1603683469,negative
jilnuo,SubredditDrama,post,1603741523,negative
jjab2z,SubredditDrama,post,1603833920,negative
jkzp3m,SubredditDrama,post,1604074341,negative
jlc2bg,SubredditDrama,post,1604117527,negative
jbeb2w,SweatyPalms,post,1602725932,negative
jifuji,TheoryOfReddit,post,1603723614,negative
jiy96b,WTF,post,1603792571,negative
j5dnyi,WatchRedditDie,post,1601874622,negative
j3gab0,WorldOfWarships,post,1601583129,positive
jd5gd5,askgaybros,post,1602976975,negative
jdagbb,askgaybros,post,1602997780,neutral
jk2vbo,canberra,post,1603942442,negative
j9tre9,dankmemes,post,1602518981,negative
j6hfhb,dune,post,1602032135,negative
jh5ts8,future_fight,post,1603530190,neutral
j3v7f5,leagueoflegends,post,1601647956,neutral
j5b866,naughtyfromneglect,post,1601863607,neutral
jc7ejm,nukedmemes,post,1602843868,negative
jbsjjc,paydaytheheist,post,1602784260,negative
jkgwe0,politics,post,1603999896,negative
ji7dm9,redditrequest,post,1603682844,neutral
jgu1bu,redditrequest,post,1603481532,neutral
jlhyal,redditrequest,post,1604149181,neutral
jislsi,redditrequest,post,1603764580,neutral
j8pd20,redditrequest,post,1602353821,neutral
jgdon7,survivinginfidelity,post,1603418126,neutral
jfrbad,teenagers,post,1603334328,neutral
j3a4bk,teenagers,post,1601564144,neutral
jfz7nx,unpopularopinion,post,1603371813,negative
jfz91u,unpopularopinion,post,1603371958,negative
j3h32h,videos,post,1601585627,positive
jahdo0,wow,post,1602607995,neutral
jlpuvs,wow,post,1604177375,negative
jlgu57,AskHistorians,post,1604143815,neutral
j31rux,CasualConversation,post,1601526407,negative
j6ijar,CrappyDesign,post,1602036522,negative
j9ri8l,CrappyDesign,post,1602511630,negative
jccd4r,FutureWhatIf,post,1602863636,neutral
j3q90n,GooglePixel,post,1601623773,negative
j3qaqf,GooglePixel,post,1601624044,negative
jajl63,GooglePixel,post,1602614540,negative
jboghb,HealthInsurance,post,1602771734,neutral
jhmdpo,Oppression,post,1603595493,negative
jawetf,Overwatch,post,1602661995,neutral
jjq8iv,PewdiepieSubmissions,post,1603900109,positive
j43npw,Republican,post,1601674973,negative
jiq5y4,TheLastAirbender,post,1603755699,neutral
jclda2,UNBGBBIIVCHIDCTIICBG,post,1602893814,negative
j3q8jq,Wizard101,post,1601623697,negative
jcvgco,WtSSTaDaMiT,post,1602942671,negative
j7d7gp,aww,post,1602164415,neutral
j835k4,politics,post,1602263991,neutral
j61c5k,redditrequest,post,1601972320,neutral
j7z0u4,redditrequest,post,1602250482,neutral
jdoyov,redditrequest,post,1603057324,neutral
j436jo,redditrequest,post,1601673323,neutral
j3qalz,redditrequest,post,1601624020,neutral
j4x0pp,redditrequest,post,1601808405,neutral
j7kjyf,redditrequest,post,1602187992,neutral
jdirsc,redditrequest,post,1603036862,neutral
j8xwuj,samsung,post,1602385687,neutral
j4eb5g,teenagers,post,1601724986,negative
jkk2ko,teenagers,post,1604009629,negative
jfpueb,ucf,post,1603328750,neutral
jkflqr,unpopularopinion,post,1603995953,negative
jf44vk,Anarchism,post,1603246377,neutral
jhzx30,AskReddit,post,1603655803,negative
jfebdt,AskReddit,post,1603291937,neutral
jioapa,DevilMayCry,post,1603749435,neutral
jf66ae,Doom,post,1603254591,neutral
jl55o3,EnoughCommieSpam,post,1604091649,negative
jl56dk,EnoughCommieSpam,post,1604091710,negative
javt05,Finland,post,1602658757,negative
jc5q4n,FutureWhatIf,post,1602834492,neutral
jkrwen,LivestreamFail,post,1604040376,neutral
j30l5p,MMA,post,1601521405,negative
j5aszh,MMA,post,1601861874,negative
javvhg,MMA,post,1602659112,negative
jd2y0k,MMA,post,1602967973,positive
jf2dae,MMA,post,1603240116,negative
jhdqj3,MMA,post,1603563417,neutral
jl8tg2,MMA,post,1604104469,negative
jlbqkx,MMA,post,1604116102,negative
jf1iky,MechanicalKeyboards,post,1603237184,negative
jdveqm,Minecraft,post,1603083073,negative
j9odcz,ScarySigns,post,1602497958,negative
jdp3u1,aoe3,post,1603057797,negative
je2oha,astoria,post,1603117867,neutral
je2pbr,astoria,post,1603117944,neutral
j5oej6,bindingofisaac,post,1601920929,positive
jjgr6b,borrow,post,1603856861,neutral
j7faoh,brexit,post,1602171533,negative
jegc8p,buffalobills,post,1603159704,negative
j7m0ao,conspiracy,post,1602192798,neutral
j9d017,discordapp,post,1602448625,negative
j764g0,entp,post,1602129153,negative
jd6n7y,memes,post,1602981615,negative
jboarz,outside,post,1602771157,negative
jkrc9x,phoenix,post,1604037354,negative
j5nper,politics,post,1601918788,negative
jeypit,redditrequest,post,1603228213,neutral
j7uw0r,redditrequest,post,1602229905,neutral
j4mg2p,redditrequest,post,1601757998,negative
jk6y54,redditrequest,post,1603963931,neutral
jc250q,redditrequest,post,1602817970,neutral
jf1ff9,rpghorrorstories,post,1603236906,neutral
j6gklt,seduction,post,1602028838,negative
j6c3rr,teenagers,post,1602013688,negative
jkjk4j,teenagers,post,1604008007,neutral
ji1dhw,youtubehaiku,post,1603660571,negative
j8g8mp,AskOuija,post,1602314471,neutral
j2z3ce,AskReddit,post,1601515542,negative
j9hglk,AskReddit,post,1602465022,negative
j9hhdu,AskReddit,post,1602465108,negative
j9hx6u,AskReddit,post,1602466883,negative
j7mzlr,BigBrother,post,1602196021,negative
jlbrcv,C_S_T,post,1604116197,negative
jhk5s2,Drizzy,post,1603586179,neutral
j55w3j,DynastyFF,post,1601843119,negative
jb91mz,FUTMobile,post,1602707868,negative
j90r00,LCMS,post,1602399409,neutral
jke9d8,MensLib,post,1603991950,negative
j7zllx,MovieDetails,post,1602252501,negative
j7zmm5,MovieDetails,post,1602252597,negative
j7zoku,MovieDetails,post,1602252794,neutral
jbcbq0,NeckbeardNests,post,1602718737,negative
je2uzc,Patriots,post,1603118467,neutral
jfu2mq,PhantomForces,post,1603346312,neutral
jdug5w,PoliticalHumor,post,1603078684,negative
j3i872,Republican,post,1601589368,negative
j7t58a,Republican,post,1602220490,neutral
je58hj,Republican,post,1603125776,positive
jezrx2,Republican,post,1603231447,negative
jf03fl,Republican,post,1603232456,neutral
jlfebv,Republican,post,1604136140,neutral
jbrbxe,RobinHood,post,1602780648,negative
jfl3fk,ShadowBan,post,1603312493,negative
jbrjfc,Spore,post,1602781254,neutral
j7vh4h,asianamerican,post,1602233329,negative
j354y8,coys,post,1601543527,neutral
j7g9du,discordapp,post,1602174581,negative
jiadrd,facepalm,post,1603697915,negative
jidads,forsen,post,1603713850,neutral
jkydfs,laptops,post,1604070105,neutral
jchw6m,leagueoflegends,post,1602882280,negative
jk7fjm,nba,post,1603966582,neutral
jg9zw6,playrust,post,1603405074,neutral
jhy0b2,redditrequest,post,1603649499,neutral
jkdol7,redditrequest,post,1603990190,neutral
ji8g75,redditrequest,post,1603687591,neutral
jaocew,redditrequest,post,1602629124,neutral
jgzrpj,redditrequest,post,1603501184,neutral
j7gyrm,redditrequest,post,1602176788,neutral
jjm5eu,redditrequest,post,1603885286,neutral
jheflp,redditrequest,post,1603565750,neutral
j9f2av,redditrequest,post,1602455755,neutral
jfmymg,unpopularopinion,post,1603318433,negative
j7n516,unpopularopinion,post,1602196545,negative
j90zwi,uwaterloo,post,1602400662,negative
jd73hs,AirForce,post,1602983400,neutral
j46pg2,AskAstrologers,post,1601686923,neutral
jle9jy,BabyBumps,post,1604129175,neutral
j8nsci,BabyBumps,post,1602348539,neutral
j82izo,CitiesSkylines,post,1602262044,neutral
j3b25u,ClashRoyale,post,1601567084,neutral
jcuk6a,CryptoCurrency,post,1602939012,negative
j98jyn,Games,post,1602434078,negative
j98mtl,Games,post,1602434344,negative
jdwbq6,HalfLife,post,1603087619,neutral
jau5xh,ItTheMovie,post,1602650944,neutral
jj6cwo,MechanicalKeyboards,post,1603822050,negative
jb6b6g,PewdiepieSubmissions,post,1602699703,negative
jdz1ti,ReefTank,post,1603102532,negative
jjx421,philadelphia,post,1603921475,neutral
j3wpvr,redditrequest,post,1601652902,neutral
j3l326,redditrequest,post,1601600141,neutral
jkcq7o,redditrequest,post,1603987213,neutral
j97l7b,redditrequest,post,1602430884,neutral
j31ued,redditrequest,post,1601526716,neutral
jh7391,redditrequest,post,1603537408,neutral
jea63c,relationship_advice,post,1603139704,neutral
jfksh8,teenagers,post,1603311551,negative
j48fjm,trans,post,1601694329,neutral
ja9yqz,trashy,post,1602581058,negative
jfr172,uAlberta,post,1603333235,negative
jfrc77,uAlberta,post,1603334434,negative
jednd7,49ers,post,1603150376,neutral
jam6fh,9anime,post,1602622300,positive
j7sies,ACPocketCamp,post,1602217417,neutral
j3j2a9,AmItheAsshole,post,1601592259,negative
jhza3j,AskReddit,post,1603653694,neutral
jil3tn,AskReddit,post,1603739914,neutral
j4khy6,AskReddit,post,1601751004,neutral
jkajgg,Bumble,post,1603980028,negative
ji6yuk,Catholicism,post,1603681140,positive
jlbt2d,CryptoCurrency,post,1604116410,negative
jb3b0j,DescentIntoTyranny,post,1602690790,negative
j8bvsn,DotA2,post,1602294127,neutral
janm7s,HomeworkHelp,post,1602626744,neutral
ja3cdp,Sacramento,post,1602550311,negative
jakava,Sleepparalysis,post,1602616641,neutral
jet818,TooAfraidToAsk,post,1603211966,negative
jjwpds,TrollMUA,post,1603920175,neutral
j6wrt8,battlestations,post,1602096526,neutral
jjqe8q,bipolar,post,1603900606,negative
jaisj5,conspiracy,post,1602612204,neutral
j5d0ua,coolguides,post,1601871561,negative
j5d3nr,coolguides,post,1601871934,negative
j3r2xn,dankmemes,post,1601628439,positive
j6590o,desmoines,post,1601991723,neutral
janxdv,discordapp,post,1602627752,neutral
jdn7hp,freedonuts,post,1603051469,neutral
j6foc9,hockey,post,1602025468,neutral
jci3eo,memes,post,1602882567,neutral
jci3n4,memes,post,1602882577,neutral
jh7fiz,memes,post,1603539225,negative
j835ma,mentalhealth,post,1602263995,negative
jjihyt,mentalhealth,post,1603865140,neutral
j3aggk,missoula,post,1601565181,neutral
jbdmkq,modhelp,post,1602723384,neutral
j46dww,modhelp,post,1601685552,neutral
jafj6h,nyjets,post,1602602433,neutral
j9dl8d,prolife,post,1602450558,positive
jjwid7,redditrequest,post,1603919548,neutral
jillt7,redditrequest,post,1603741367,neutral
j4q8dl,redditrequest,post,1601772811,neutral
jd3pqp,runescape,post,1602970640,neutral
j7jw4y,skincareexchange,post,1602185933,neutral
j7jwqi,skincareexchange,post,1602185984,neutral
jecw7q,traaaaaaannnnnnnnnns,post,1603147891,positive
jf1d0x,traaaaaaannnnnnnnnns,post,1603236668,neutral
j5c6qu,23andme,post,1601867733,neutral
jh7z63,AntiTrumpAlliance,post,1603541964,positive
j3tzbz,AskReddit,post,1601643540,neutral
jajivi,Bedbugs,post,1602614347,negative
jffesw,CryptoCurrency,post,1603295341,neutral
jg1vgy,FortNiteBR,post,1603380890,neutral
jgv9iy,FortNiteBR,post,1603485444,neutral
j8wyv8,FortNiteBR,post,1602381683,positive
jjz6yb,JustUnsubbed,post,1603928558,negative
jh195t,offmychest,post,1603507258,negative
ji04u7,offmychest,post,1603656486,negative
jjfyi2,offmychest,post,1603853616,negative
jlemyw,offmychest,post,1604131469,negative
jloc76,offmychest,post,1604172013,negative
jjh9ld,redditrequest,post,1603859089,neutral
j9jdru,redditrequest,post,1602473038,neutral
jc4l5w,redditrequest,post,1602828649,neutral
ji79k8,redditrequest,post,1603682354,neutral
jffn3w,undelete,post,1603296044,negative
jjfon5,4chan,post,1603852525,neutral
jahq6u,6thForm,post,1602609012,neutral
jahsvq,6thForm,post,1602609232,neutral
jefqcz,AmItheAsshole,post,1603157521,negative
jg1y6j,CanadianMOMs,post,1603381130,neutral
jf42hl,ChanceTheRapper,post,1603246133,negative
jf5xdy,Christianity,post,1603253490,neutral
j38xp6,GoForGold,post,1601560276,positive
jhdt14,IndieDev,post,1603563664,neutral
jkcc6m,JustUnsubbed,post,1603985991,negative
j6q89x,Minecraft,post,1602075056,negative
j91cu4,Minecraft,post,1602402611,negative
jaji48,ModSupport,post,1602614283,neutral
j3ab09,Sissy,post,1601564711,neutral
j9g8lp,Throwers,post,1602460187,negative
jcc38x,australia,post,1602862791,neutral
jeeb21,corgi,post,1603152564,negative
j8e0lb,dankmemes,post,1602303320,neutral
jk0afb,dankmemes,post,1603932481,neutral
jkldn0,dirtykik,post,1604013970,neutral
jlb46d,freedommobile,post,1604113439,negative
jcwl06,lgbt,post,1602946706,positive
j88hw4,moviescirclejerk,post,1602281374,neutral
j5vo8y,news,post,1601945598,negative
jezmid,redditrequest,post,1603230975,neutral
jctf7g,redditrequest,post,1602933585,neutral
jjwccj,redditrequest,post,1603919030,neutral
j9k8rw,redditrequest,post,1602476746,neutral
jbjc21,singapore,post,1602748535,positive
jd90hl,teenagers,post,1602991240,negative
jhveyq,teenagers,post,1603640518,neutral
j5oo03,witchcraft,post,1601921744,neutral
j7od4y,Buddhism,post,1602200862,positive
j4w0eb,CamelotUnchained,post,1601802633,negative
j7c5mo,Conservative,post,1602160225,neutral
jlrqu9,FUTMobile,post,1604184349,neutral
jd56vh,FanFiction,post,1602975987,neutral
jkubjg,GoForGold,post,1604053887,neutral
jgufgi,GoForGold,post,1603482805,negative
j7osk1,Memes_Of_The_Dank,post,1602202398,negative
j4d6fh,brisbane,post,1601718814,neutral
jehonk,cowboys,post,1603164712,negative
jljt3f,dankmemes,post,1604156449,negative
jbp580,dankmemes,post,1602773975,negative
jamm5w,dankmemes,post,1602623612,neutral
j3hx8c,facebook,post,1601588358,negative
jeao8p,forsen,post,1603141162,negative
j9v3kr,harrypotter,post,1602523118,negative
jd9qad,help,post,1602994400,neutral
j8o82p,indianews,post,1602349990,negative
jbsr3d,leagueoflegends,post,1602784910,negative
jbuwox,leagueoflegends,post,1602791543,negative
jbvgmm,leagueoflegends,post,1602793253,negative
j4jaag,lebanon,post,1601746775,neutral
j6thx2,nfl,post,1602086409,neutral
jb9p4d,nfl,post,1602709863,neutral
jeseks,nfl,post,1603209613,neutral
jj3v1a,nfl,post,1603814413,neutral
jj9r15,pokemon,post,1603832219,neutral
jja5m4,redditrequest,post,1603833417,neutral
jjl5ew,redditrequest,post,1603880283,neutral
ja3qyb,redditrequest,post,1602551905,neutral
jjsvkj,redditrequest,post,1603908190,neutral
jailar,relationship_advice,post,1602611613,neutral
j82ctp,shittyaskreddit,post,1602261498,negative
jgrg4i,teenagers,post,1603473538,neutral
jhxzhc,teenagers,post,1603649417,negative
j87ov2,thesopranos,post,1602278642,negative
jcg16m,thesopranos,post,1602875026,negative
j6l2sv,venturacounty,post,1602047570,positive
ja8nn1,AnythingGoesNews,post,1602573780,neutral
j4zr9h,ApplyingToCollege,post,1601821599,neutral
j5bb9b,Ask_Politics,post,1601863969,neutral
ja85w5,BPD,post,1602571157,neutral
j38ayf,Harley,post,1601557967,neutral
jdkk7t,Judaism,post,1603042854,positive
jgfswc,JustUnsubbed,post,1603426061,negative
jasrh2,PewdiepieSubmissions,post,1602645249,neutral
j9zmee,PrequelMemes,post,1602536880,negative
jcn98o,SluttyConfessions,post,1602901570,neutral
jionfq,Stormlight_Archive,post,1603750560,neutral
jfws6i,ass,post,1603360793,neutral
jh7sof,ass,post,1603541090,neutral
jiayzm,berlin,post,1603701417,neutral
j8tq7b,dirtyr4r,post,1602368905,neutral
j4x2p4,discordapp,post,1601808719,neutral
jgwpx1,findareddit,post,1603490144,neutral
j6lah0,hockey,post,1602048615,neutral
j6larg,hockey,post,1602048656,neutral
jk2al3,ireland,post,1603940093,negative
jftadh,kratom,post,1603342567,neutral
jfn65t,lgbt,post,1603319166,negative
jewfel,littlespace,post,1603221220,negative
jbh262,loltyler1,post,1602737086,positive
jl8zxv,redditrequest,post,1604105143,neutral
jd8xan,redditrequest,post,1602990845,neutral
jffgtw,redditrequest,post,1603295511,neutral
jkg18m,roblox,post,1603997261,neutral
j9v60i,sex,post,1602523333,positive
jdr5c1,thefighterandthekid,post,1603065208,neutral
jkn0wk,youtube,post,1604019670,negative
jgx0y1,AFL,post,1603491126,positive
jb6iq4,Anarchism,post,1602700326,negative
j4nr8b,AskReddit,post,1601762827,neutral
j4ns2t,AskReddit,post,1601762915,neutral
j3x9fi,ClickerHeroes,post,1601654612,positive
jfs9of,Comcast_Xfinity,post,1603338137,neutral
j3ei7r,CryptoCurrency,post,1601577614,negative
j3mfhi,CysticFibrosis,post,1601605678,neutral
jci8b2,F1Game,post,1602882800,neutral
jhlkhm,FIFA,post,1603591988,negative
j7l5lz,Libertarian,post,1602189949,negative
j625la,SocialJusticeInAction,post,1601977211,negative
jbyzw6,arabs,post,1602805437,neutral
jij3fm,arabs,post,1603733901,neutral
jlqkua,arabs,post,1604179993,negative
j81iy1,childfree,post,1602258868,negative
jcidpn,fnafcringe,post,1602883072,negative
jeiwr9,help,post,1603169892,negative
j4vqfr,mensa,post,1601800936,neutral
j3c6rj,mildlyinfuriating,post,1601570583,negative
j5g7ds,mildlyinfuriating,post,1601889265,negative
j6cmk9,mildlyinfuriating,post,1602015251,negative
j7o18j,mildlyinfuriating,post,1602199665,neutral
j7z9b4,mildlyinfuriating,post,1602251320,negative
j82mlg,mildlyinfuriating,post,1602262356,negative
j9rmpj,mildlyinfuriating,post,1602512076,negative
ja7nzd,mildlyinfuriating,post,1602568617,negative
jaotvc,mildlyinfuriating,post,1602630795,negative
jbt0hx,mildlyinfuriating,post,1602785716,negative
jcqjyg,mildlyinfuriating,post,1602917791,negative
jdxy36,mildlyinfuriating,post,1603096281,negative
jglebv,mildlyinfuriating,post,1603452889,negative
jhcftb,mildlyinfuriating,post,1603558991,negative
jhglvo,mildlyinfuriating,post,1603573164,negative
jhv2kv,mildlyinfuriating,post,1603639290,negative
jjlvxg,mildlyinfuriating,post,1603883997,neutral
jki3zf,mildlyinfuriating,post,1604003628,neutral
jksj6h,mildlyinfuriating,post,1604043975,negative
jlhqvy,mildlyinfuriating,post,1604148291,negative
jc96j1,pathofexile,post,1602852505,negative
je2ju0,rant,post,1603117435,negative
j5ddpf,redditrequest,post,1601873263,neutral
j5m1bb,redditrequest,post,1601913600,neutral
j60e45,redditrequest,post,1601966857,neutral
j3njtj,redditrequest,post,1601610516,neutral
jaskm1,redditrequest,post,1602644506,neutral
jfi0mx,redditrequest,post,1603303206,neutral
j3357s,teenagers,post,1601532913,neutral
j3fa1c,teenagers,post,1601580033,neutral
j3mdw8,teenagers,post,1601605502,neutral
j3p6xd,teenagers,post,1601618001,neutral
j3qsn9,teenagers,post,1601626865,neutral
j3u5vk,teenagers,post,1601644227,neutral
j3ud9i,teenagers,post,1601645005,neutral
j3w6th,teenagers,post,1601651217,negative
j4113v,teenagers,post,1601666329,neutral
j4cnr6,teenagers,post,1601715821,neutral
j4eacf,teenagers,post,1601724869,negative
j4xh8x,teenagers,post,1601810935,neutral
j4xo2w,teenagers,post,1601811976,positive
j4ylyk,teenagers,post,1601816659,neutral
j51m09,teenagers,post,1601828415,negative
j51o5k,teenagers,post,1601828630,negative
j531g3,teenagers,post,1601833449,neutral
j58gma,teenagers,post,1601852439,negative
j5ag25,teenagers,post,1601860351,neutral
j5ai4y,teenagers,post,1601860602,negative
j5akox,teenagers,post,1601860927,neutral
j5alw3,teenagers,post,1601861055,negative
j5aqc8,teenagers,post,1601861570,negative
j5b0w4,teenagers,post,1601862764,neutral
j5dcbu,teenagers,post,1601873075,neutral
j5ezup,teenagers,post,1601881883,negative
j5f999,teenagers,post,1601883446,negative
j5hdab,teenagers,post,1601895694,neutral
j5iqd1,teenagers,post,1601901958,negative
j5lslh,teenagers,post,1601912831,negative
j5nawp,teenagers,post,1601917525,negative
j5r127,teenagers,post,1601929170,neutral
j5r5nk,teenagers,post,1601929582,negative
j5w4y3,teenagers,post,1601947409,negative
j5wave,teenagers,post,1601948071,neutral
j64ufm,teenagers,post,1601990160,neutral
j66zmw,teenagers,post,1601997801,negative
j6m1r7,teenagers,post,1602052565,neutral
j6ooth,teenagers,post,1602067801,neutral
j6qnfl,teenagers,post,1602076685,neutral
j6ss72,teenagers,post,1602084077,negative
j7aqn3,teenagers,post,1602153390,negative
j7arph,teenagers,post,1602153558,negative
j82y2l,teenagers,post,1602263322,negative
j8jofw,teenagers,post,1602333134,negative
j95i9z,teenagers,post,1602423327,negative
j9pbbv,teenagers,post,1602502814,neutral
j9s4on,teenagers,post,1602513815,neutral
j9swdu,teenagers,post,1602516323,neutral
j9tlky,teenagers,post,1602518495,neutral
j9tmkc,teenagers,post,1602518574,neutral
ja6yvg,teenagers,post,1602565260,negative
ja8w1g,teenagers,post,1602575058,neutral
ja9hva,teenagers,post,1602578460,neutral
jahkrf,teenagers,post,1602608567,neutral
japzij,teenagers,post,1602634910,neutral
jazf4h,teenagers,post,1602677223,neutral
jb3unw,teenagers,post,1602692466,negative
jb96gk,teenagers,post,1602708259,negative
jb9y10,teenagers,post,1602710672,neutral
jbotj1,teenagers,post,1602772932,negative
jbphs6,teenagers,post,1602775046,neutral
jbw5e2,teenagers,post,1602795418,negative
jc1nbx,teenagers,post,1602815964,neutral
jc3ony,teenagers,post,1602824500,neutral
jcaqjg,teenagers,post,1602858291,negative
jcekm1,teenagers,post,1602870557,neutral
jcf0g3,teenagers,post,1602871943,neutral
jcgnix,teenagers,post,1602876986,neutral
jcn2vc,teenagers,post,1602900817,neutral
jcnjzm,teenagers,post,1602902883,neutral
jcyqd0,teenagers,post,1602953810,neutral
jd3e7r,teenagers,post,1602969513,neutral
jdlqa8,teenagers,post,1603046674,negative
jds265,teenagers,post,1603068804,negative
jeitdn,teenagers,post,1603169450,negative
jf3ut8,teenagers,post,1603245370,neutral
jf82x7,teenagers,post,1603263806,negative
jfyade,teenagers,post,1603368114,negative
jg6zn1,teenagers,post,1603395936,neutral
jg972q,teenagers,post,1603402505,negative
jgc5tf,teenagers,post,1603412510,neutral
jgc7rf,teenagers,post,1603412696,neutral
jgdofy,teenagers,post,1603418107,negative
jgn1a7,teenagers,post,1603459432,negative
jgro8p,teenagers,post,1603474206,neutral
jh3q4q,teenagers,post,1603518401,negative
jh4l6o,teenagers,post,1603523001,neutral
jhdoxj,teenagers,post,1603563261,neutral
jhe1ox,teenagers,post,1603564469,negative
jhffgt,teenagers,post,1603569105,neutral
jht2fl,teenagers,post,1603631280,neutral
ji6a3j,teenagers,post,1603678390,negative
ji6dna,teenagers,post,1603678778,negative
ji6q4j,teenagers,post,1603680159,negative
jii1lq,teenagers,post,1603730756,neutral
jim99i,teenagers,post,1603743287,neutral
jimluo,teenagers,post,1603744349,negative
jiq8ra,teenagers,post,1603755979,neutral
jiyrnb,teenagers,post,1603795272,negative
jiywpa,teenagers,post,1603795981,neutral
jj1o40,teenagers,post,1603807341,neutral
jj1rsb,teenagers,post,1603807679,neutral
jjv6jc,teenagers,post,1603915306,negative
jk6xsf,teenagers,post,1603963879,neutral
jke6or,teenagers,post,1603991731,positive
jkn0td,teenagers,post,1604019662,neutral
jknkxg,teenagers,post,1604021666,neutral
jkqttr,teenagers,post,1604034774,neutral
jks9i0,teenagers,post,1604042433,negative
jkxo66,teenagers,post,1604067786,neutral
jl1rhz,teenagers,post,1604080784,negative
jl75sr,teenagers,post,1604098494,negative
jl9s7b,teenagers,post,1604108163,negative
jlidls,teenagers,post,1604150963,neutral
j66iih,23andme,post,1601996239,neutral
j55esj,AskReddit,post,1601841468,negative
j7z89i,BlueJackets,post,1602251212,neutral
j7hfpc,G59,post,1602178259,neutral
jjf5bh,Handwriting,post,1603850484,positive
j5bpzf,HayDay,post,1601865703,neutral
jaup9q,JordanPeterson,post,1602653361,negative
j8380w,Michigan,post,1602264198,neutral
jhmiag,ModSupport,post,1603596070,neutral
j8ntkd,NYGiants,post,1602348648,negative
j98c4q,Paleontology,post,1602433339,positive
ja8kzt,Romania,post,1602573374,neutral
jkk8ks,SCP,post,1604010182,neutral
jjwxdb,SCP,post,1603920904,neutral
j3cvns,amihot,post,1601572629,neutral
jbwp2h,amishadowbanned,post,1602797241,negative
jbgc79,askgaybros,post,1602733907,negative
jb7ut9,asktransgender,post,1602704379,neutral
jdgujx,cyberpunkgame,post,1603029793,neutral
j4lkip,dontstarve,post,1601754811,positive
j4f1ka,fantasywriters,post,1601731895,negative
jf06vi,holdmyredbull,post,1603232764,negative
jj0271,lasercutting,post,1603801233,neutral
jic354,leagueoflegends,post,1603707901,negative
jky7we,modclub,post,1604069602,neutral
j411pw,modhelp,post,1601666383,neutral
j7gakh,nfl,post,1602174683,neutral
j7ce1o,nvidia,post,1602161213,negative
j4uigq,onewordeach,post,1601793587,negative
jiefel,redditrequest,post,1603718541,neutral
jbinyx,redditrequest,post,1602744939,neutral
ji84ry,redditrequest,post,1603686168,neutral
j3nkt9,redditrequest,post,1601610646,neutral
jkvoc7,rugbyunion,post,1604060304,neutral
jcrrmf,teenagers,post,1602924862,neutral
jkn76b,teenagers,post,1604020273,neutral
j9b525,teenagers,post,1602442629,neutral
jkg9mi,tipofmytongue,post,1603997974,neutral
jl3ops,worldpolitics,post,1604086921,negative
j5mv41,4kTV,post,1601916176,negative
jfdv48,Comcast_Xfinity,post,1603290510,neutral
jg28ec,Doom,post,1603381996,neutral
janu55,FashionReps,post,1602627455,negative
j8ul4c,Futurology,post,1602372113,negative
j7v6dw,INTP,post,1602231590,negative
jhmyu5,MensRights,post,1603598132,negative
j8i7xk,Minecraft,post,1602325643,neutral
jg5w84,MurderedByWords,post,1603392790,neutral
jep5ef,Nepal,post,1603199373,neutral
j6vmpn,NotMyJob,post,1602093060,neutral
jkh1uu,Random_Acts_Of_Pizza,post,1604000374,positive
jdkw2j,SaltLakeCity,post,1603043945,negative
jf5v31,SaltLakeCity,post,1603253218,neutral
jaj56r,Screenwriting,post,1602613229,neutral
jlcred,ShingekiNoKyojin,post,1604120832,neutral
jkqvdi,SquaredCircle,post,1604034969,positive
jidpu3,UKJobs,post,1603715715,negative
jalm1f,WeAreTheMusicMakers,post,1602620549,neutral
jbn5wx,confessions,post,1602767152,negative
j8p9eb,dankmemes,post,1602353486,neutral
j3z2we,gaming,post,1601660259,negative
j40p7y,gaming,post,1601665308,negative
j7wzri,gaming,post,1602241816,neutral
jfh0r7,gaming,post,1603300209,neutral
jlnywg,gaming,post,1604170732,positive
j75g8u,hamsters,post,1602126455,neutral
jfhmrm,india,post,1603302036,positive
jd1o7n,lgbt,post,1602963594,neutral
jdaw8n,lgbt,post,1602999980,neutral
jjp4er,minnesotavikings,post,1603896544,neutral
jiel38,nova,post,1603719147,neutral
jln64j,poetry_critics,post,1604167992,neutral
jhtl3l,redditrequest,post,1603633566,neutral
j89j3q,redditrequest,post,1602284958,neutral
jcr16e,redditrequest,post,1602920526,neutral
j4y7t9,redditrequest,post,1601814802,neutral
j6lzh2,roosterteeth,post,1602052226,positive
j8s3yy,shopify,post,1602363240,positive
jak98e,smalldickproblems,post,1602616503,neutral
jaxz62,teenagers,post,1602670499,negative
jkjas2,todayilearned,post,1604007195,negative
j5tcm8,unpopularopinion,post,1601936825,negative
j5tm5g,unpopularopinion,post,1601937740,negative
j5u4k8,unpopularopinion,post,1601939618,negative
j75kww,unpopularopinion,post,1602126958,negative
j84z4b,AskThe_Donald,post,1602269836,negative
j3h08s,BoostForReddit,post,1601585380,neutral
jffvjo,DMAcademy,post,1603296745,neutral
jhe9hm,MapPorn,post,1603565180,neutral
j3ftwf,Minecraft,post,1601581733,neutral
ji90b5,OopsDidntMeanTo,post,1603690361,negative
jfoj8f,PokemonTCG,post,1603323938,negative
jhguf0,TeamSolomid,post,1603573966,positive
j7jy1w,TrueChristian,post,1602186104,negative
j7npzc,TrueChristian,post,1602198564,negative
jjk83x,WC3,post,1603875033,neutral
j4x36h,WatchRedditDie,post,1601808794,negative
j4yjgr,WatchRedditDie,post,1601816360,negative
jbua9w,WatchRedditDie,post,1602789615,negative
jkp3mj,bigonewild,post,1604027287,negative
jaka98,conspiracy,post,1602616590,negative
jcgfg3,copypasta,post,1602876267,negative
ja6ii3,cuboulder,post,1602563227,neutral
jjxwsi,dankmemes,post,1603923995,neutral
jcbk3u,dankmemes,post,1602861101,negative
jcc3ck,dankmemes,post,1602862800,neutral
jcc4m8,dankmemes,post,1602862904,negative
jbdpwu,dating,post,1602723726,neutral
jhjkls,datingoverthirty,post,1603583861,negative
j46t3x,depression,post,1601687353,negative
jjxtrb,ideasfortheadmins,post,1603923708,neutral
j6nwwj,insertions,post,1602063428,neutral
jeb9t8,ireland,post,1603142953,negative
j8kpjb,modhelp,post,1602337424,neutral
jfgfcz,modhelp,post,1603298415,neutral
jhl39o,offmychest,post,1603590004,negative
j4z9xx,ontario,post,1601819685,neutral
j5brmw,r4r,post,1601865909,negative
j6axur,redditrequest,post,1602010135,neutral
j5kt0h,redditrequest,post,1601909611,neutral
jfbnrz,redditrequest,post,1603282528,neutral
j53fm6,redditrequest,post,1601834789,neutral
j74bsm,redditrequest,post,1602122426,neutral
jdvtj9,redditrequest,post,1603085039,neutral
jk4gqt,redditrequest,post,1603949806,neutral
j4q3pj,redditrequest,post,1601772258,negative
j60hkj,redditrequest,post,1601967399,neutral
j5wjfv,teenagers,post,1601949029,negative
jg8vu0,touhou,post,1603401559,neutral
jl91dm,trees,post,1604105289,neutral
je5ndy,unpopularopinion,post,1603127067,negative
jd302r,walmart,post,1602968175,neutral
j88daj,AskDocs,post,1602280933,neutral
j477gi,AskLEO,post,1601689028,neutral
jir3rr,BikiniBottomTwitter,post,1603759040,negative
jk1cy3,Conservative,post,1603936471,negative
j7msnu,Gamingcirclejerk,post,1602195387,neutral
jarklz,Gamingcirclejerk,post,1602640769,neutral
jei4lf,Gamingcirclejerk,post,1603166465,negative
jb63kw,Heavymind,post,1602699059,negative
j9jr7s,IASIP,post,1602474590,negative
jlexkr,Jaguars,post,1604133269,negative
j4fksq,JoeRogan,post,1601733941,neutral
jamain,LegionFX,post,1602622641,neutral
j5xtgt,Logic_301,post,1601954332,negative
j8x3qr,NBAlive,post,1602382234,negative
j962s3,Psoriasis,post,1602425588,negative
j55y08,Seaofthieves,post,1601843298,neutral
j4kxfv,awfuleverything,post,1601752519,negative
jac89r,bjj,post,1602591555,negative
jard00,buffalobills,post,1602639963,negative
jh71pj,childfree,post,1603537193,negative
je7hvm,comicbookmovies,post,1603132318,neutral
j462ha,dankmemes,post,1601684247,negative
jdpni3,help,post,1603059685,negative
j5s37c,jerma985,post,1601932562,negative
j43bot,law,post,1601673822,positive
jf8x6x,mbti,post,1603268372,neutral
jj3nvc,modhelp,post,1603813795,negative
jbvs7m,mormon,post,1602794246,positive
j69e37,mycology,post,1602005354,neutral
j69glu,mycology,post,1602005568,neutral
jelm79,phr4r,post,1603183477,positive
jhz6dg,redditrequest,post,1603653354,neutral
j4ef5x,redditrequest,post,1601725548,neutral
ja2kbt,redditrequest,post,1602547207,neutral
jkkckz,redditrequest,post,1604010548,neutral
jfjoc3,snowboarding,post,1603308157,negative
j81o75,yokaiwatch,post,1602259313,positive
jjv7bz,AskReddit,post,1603915376,neutral
j3gk4s,AskReddit,post,1601583982,neutral
j3gl5i,AskReddit,post,1601584074,neutral
jh5wmy,AskReddit,post,1603530634,negative
j43b7e,AskReddit,post,1601673776,neutral
j91ok9,AusFinance,post,1602404400,neutral
j8xjag,Christianity,post,1602384062,neutral
j71ioz,DDLC,post,1602111852,negative
j41r2d,GoForGold,post,1601668636,neutral
j66q8c,LiveFromNewYork,post,1601996937,neutral
ji4dem,LiveFromNewYork,post,1603671141,neutral
j8uj7j,LivestreamFail,post,1602371914,negative
jejirx,OnePiece,post,1603172816,neutral
jj5e9m,Pets,post,1603819150,neutral
jln54a,askgaybros,post,1604167898,negative
jc6hfc,cyberpunkgame,post,1602838645,neutral
jb3rmu,dankmemes,post,1602692202,negative
j9o039,dankmemes,post,1602496096,neutral
j9o6qh,dankmemes,post,1602497023,neutral
j9olej,dankmemes,post,1602499119,neutral
jl6bto,facepalm,post,1604095623,negative
j71dbv,fivenightsatfreddys,post,1602111322,negative
jen0xi,help,post,1603190659,negative
j5224g,nothingeverhappens,post,1601829997,neutral
j5d9yr,redditrequest,post,1601872760,neutral
j5vca1,redditrequest,post,1601944301,neutral
j76845,redditrequest,post,1602129576,neutral
jft886,redditrequest,post,1603342291,neutral
jfr012,redditrequest,post,1603333109,negative
jfm5ol,redditrequest,post,1603315843,neutral
j5agrs,teenagers,post,1601860435,negative
j6sjrw,teenagers,post,1602083308,neutral
j8s206,teenagers,post,1602363046,neutral
jfcre4,ufc,post,1603286788,neutral
jhpgnb,AsianParentStories,post,1603610975,negative
jjgsco,AutoModerator,post,1603857004,neutral
jji1dq,AutoModerator,post,1603862774,neutral
jd776r,Fantasy_Football,post,1602983832,negative
jfmcu8,Feminism,post,1603316502,neutral
j5z8kt,Gamingcirclejerk,post,1601960769,neutral
j3k893,HelpMeFind,post,1601596744,neutral
jkds7a,LabourUK,post,1603990506,positive
j3bm7s,Libertarian,post,1601568840,negative
jgbdmd,Libertarian,post,1603409784,negative
jbgrvz,NoStupidQuestions,post,1602735772,neutral
j5rm2x,PlantsVSZombies,post,1601931059,negative
jl2c3j,Psychic,post,1604082618,neutral
jcmd5b,SS13,post,1602897834,negative
jbrw0l,SmallYTChannel,post,1602782278,neutral
j3bp61,StreetFighter,post,1601569092,positive
j3rkgy,Switch,post,1601631367,neutral
j9802y,ask,post,1602432231,neutral
jd82i2,ask,post,1602987372,negative
jj5kei,ask,post,1603819662,neutral
j639oy,askscience,post,1601983259,negative
j68are,assholedesign,post,1602002023,negative
ji983m,baconreader,post,1603691499,neutral
jb92zn,breastfeeding,post,1602707984,neutral
jeqd8b,conspiracy,post,1603203460,neutral
jif29c,copypasta,post,1603720907,negative
je3o9o,iOSBeta,post,1603121113,negative
jh4q2x,mildlyinteresting,post,1603523774,neutral
j51cob,modhelp,post,1601827470,neutral
j8kudf,nyc,post,1602337954,negative
j8liig,nyc,post,1602340550,negative
j9c90l,redditrequest,post,1602446197,neutral
jgy7o8,redditrequest,post,1603495272,neutral
j6848b,redditrequest,post,1602001429,neutral
jfs99d,redditrequest,post,1603338087,neutral
jfs16w,redditrequest,post,1603337171,neutral
jg3cdj,redditrequest,post,1603385270,neutral
jf10ou,redditrequest,post,1603235508,neutral
jl5pvj,redditrequest,post,1604093538,neutral
j581na,redditrequest,post,1601850869,neutral
jawda1,redditrequest,post,1602661768,neutral
jjvg0a,redditrequest,post,1603916128,neutral
jbrqyj,residentevil,post,1602781853,neutral
jflr4p,socialwork,post,1603314559,neutral
jigyos,socialwork,post,1603727311,neutral
j30etv,southpark,post,1601520714,neutral
jh3abb,swingersr4r,post,1603516207,negative
j3eogt,teenagers,post,1601578172,negative
jde707,trashy,post,1603017655,negative
j47yxh,AskDocs,post,1601692346,negative
jlkelx,AskReddit,post,1604158562,neutral
j7h1fr,AskReddit,post,1602177012,neutral
jcblp6,Brawlstars,post,1602861245,neutral
jigckq,CrappyDesign,post,1603725278,negative
jbdcwy,Denver,post,1602722431,negative
j8pind,NYYankees,post,1602354336,neutral
jgqupk,NewTubers,post,1603471754,negative
j30yg1,PrequelMemes,post,1601522949,negative
jfj1vi,Repsneakers,post,1603306294,neutral
jejkfj,ShadowBan,post,1603173047,negative
jgik8t,Twitch,post,1603438515,neutral
j6e5y8,UofT,post,1602020190,negative
jkivg7,UofT,post,1604005908,negative
jkiww5,UofT,post,1604006030,neutral
jgw8md,WWE,post,1603488573,negative
jex458,Wales,post,1603223290,neutral
jg9sjv,WatchRedditDie,post,1603404394,negative
ja1mwa,creepyPMs,post,1602543747,neutral
jbcjco,dankmemes,post,1602719483,negative
jiom8k,facepalm,post,1603750454,neutral
j6lbwm,funhaus,post,1602048812,neutral
jc43ef,getdisciplined,post,1602826331,neutral
jk8tdi,help,post,1603973302,neutral
j8phci,help,post,1602354215,neutral
jiqdkk,howardstern,post,1603756451,negative
jg6bp5,memes,post,1603394005,neutral
j6yiky,ottawa,post,1602101802,positive
ji1tcr,pcmasterrace,post,1603662063,neutral
j7thpi,redditrequest,post,1602222248,neutral
j9bvv3,redditrequest,post,1602445017,neutral
jfl9qy,redditrequest,post,1603313046,neutral
jdoyhx,redditrequest,post,1603057306,neutral
jhyyz6,redditrequest,post,1603652671,neutral
j7ozls,teenagers,post,1602203132,neutral
jgtozi,unpopularopinion,post,1603480439,negative
jcwy70,Anarcho_Capitalism,post,1602947927,neutral
j5far0,AskLEO,post,1601883703,neutral
je65a6,EscapefromTarkov,post,1603128549,positive
j5uvc6,FortNiteBR,post,1601942465,negative
j63r92,GreenBayPackers,post,1601985623,neutral
j39hgg,JustUnsubbed,post,1601562106,negative
jlbtx8,MMA,post,1604116510,negative
jlbu5f,MMA,post,1604116535,negative
j4bmsb,PokemonGoSpoofing,post,1601709904,negative
j3bu6p,PrequelMemes,post,1601569521,neutral
jlspef,Residency,post,1604188139,neutral
jlpbfu,ShadowBan,post,1604175432,negative
jgfyup,Twitch,post,1603426718,neutral
jkhqgl,WatchRedditDie,post,1604002467,negative
j3naz4,feminineboys,post,1601609441,positive
j37agh,fo4,post,1601554019,positive
jeg9q0,fo4,post,1603159449,neutral
jhyzqm,freelanceWriters,post,1603652738,neutral
jhk7w7,gaming,post,1603586424,negative
j5xvnq,languagelearning,post,1601954586,neutral
jlg9gg,memes,post,1604140827,negative
j8q5rf,nycpics,post,1602356493,negative
jk1j05,privacy,post,1603937101,neutral
j6p8ot,quityourbullshit,post,1602070657,neutral
jemb62,redditrequest,post,1603187106,neutral
j7ofe5,redditrequest,post,1602201092,neutral
j66jjn,redditrequest,post,1601996334,neutral
j65ayh,redditrequest,post,1601991921,neutral
jhra6r,rickandmorty,post,1603621816,neutral
jh8kbr,runescape,post,1603544634,neutral
j6vqnk,sporetraders,post,1602093386,positive
jg5e8x,sporetraders,post,1603391357,neutral
j38g3x,teenagers,post,1601558499,negative
j7dw3s,teenagers,post,1602166857,negative
jhzgmf,teenagers,post,1603654298,neutral
j73cqt,thefighterandthekid,post,1602118597,negative
jip4co,traps,post,1603752126,negative
jjnu5b,unpopularopinion,post,1603892116,negative
jjnvvd,unpopularopinion,post,1603892292,negative
j8nx61,unt,post,1602348980,negative
jl2nwl,vaporents,post,1604083639,neutral
j7m7p9,ClashOfClans,post,1602193461,positive
jlrzub,CombatFootage,post,1604185338,negative
jjjah9,Conservative,post,1603869546,negative
jik0pe,DescentIntoTyranny,post,1603736635,negative
jc7yis,Fishing,post,1602846821,negative
jagxmi,Gameboy,post,1602606655,neutral
j61m3a,IdiotsInCars,post,1601973967,negative
j68yle,IdiotsInCars,post,1602004032,negative
jlsaqo,KitchenConfidential,post,1604186521,neutral
jcif8y,Minecraft,post,1602883186,negative
j8fi6o,Python,post,1602310531,negative
j8cfam,Twitch,post,1602296403,neutral
jf3xqt,australia,post,1603245662,negative
j7h0e3,bugs,post,1602176921,neutral
jg4qyb,changemyview,post,1603389425,negative
j6atm9,circlejerk,post,1602009797,neutral
jifqfg,help,post,1603723214,negative
j6pg7p,help,post,1602071686,neutral
je5yjf,hentai,post,1603127995,negative
jds0ms,mcgill,post,1603068630,neutral
j97r01,meme,post,1602431426,negative
j6rw6a,redditrequest,post,1602081107,neutral
jg0u18,redditrequest,post,1603377536,neutral
jb6mlm,redditrequest,post,1602700646,neutral
j85loz,redditrequest,post,1602271866,neutral
jise1x,redditrequest,post,1603763779,neutral
j9u02k,redditrequest,post,1602519734,neutral
je600k,runescape,post,1603128120,neutral
jhmhwy,softwaregore,post,1603596027,neutral
j3da32,speedrun,post,1601573844,neutral
jibkq6,spelunky,post,1603705005,neutral
j69ulk,srilanka,post,1602006780,negative
jll04e,teenagers,post,1604160630,negative
j58qgg,vzla,post,1601853472,negative
jbuzrs,AgainstHateSubreddits,post,1602791798,neutral
jh46sd,AskReddit,post,1603520836,neutral
j39an4,BokuNoHeroAcademia,post,1601561490,negative
j4h1iq,Columbus,post,1601739362,neutral
j4hj31,Columbus,post,1601740980,negative
jhcps0,CookieCollector,post,1603559934,neutral
j59mv1,Cornell,post,1601857056,negative
j7pqeo,Feminism,post,1602205952,negative
jcg8zc,Feminism,post,1602875697,neutral
j5bffw,GoForGold,post,1601864465,neutral
j6txbl,HistoryMemes,post,1602087748,neutral
j9tgz5,LAClippers,post,1602518110,positive
jeoxpn,Minecraft,post,1603198631,negative
jer737,Republican,post,1603206004,negative
j6aps1,ShadowBan,post,1602009433,negative
j84cmz,Showerthoughts,post,1602267799,negative
j84d40,Showerthoughts,post,1602267841,negative
j84dqc,Showerthoughts,post,1602267896,negative
j84ehz,Showerthoughts,post,1602267965,negative
jfruuy,WatchRedditDie,post,1603336481,negative
j8j4oz,WatchRedditDie,post,1602330522,negative
je9evy,bollywood,post,1603137599,neutral
jhjtqa,dankmemes,post,1603584845,negative
jk41xz,discordapp,post,1603947753,neutral
j5nfmn,gaysian,post,1601917941,neutral
j3jk56,help,post,1601594106,neutral
j4t3qr,help,post,1601785946,neutral
j7e82m,legaladvice,post,1602168008,neutral
ja81i2,memes,post,1602570529,neutral
j6dfan,modhelp,post,1602017746,negative
jez80l,modhelp,post,1603229743,neutral
jbur8p,pcmasterrace,post,1602791071,negative
jdu592,pokemon,post,1603077358,neutral
j4jcbr,redditrequest,post,1601746966,negative
jjdetu,redditrequest,post,1603844116,neutral
jb31x7,redditrequest,post,1602690023,neutral
j4gs7l,redditrequest,post,1601738455,neutral
jjrjoj,redditrequest,post,1603904169,neutral
j53xnu,redditrequest,post,1601836493,neutral
jfd47o,redditrequest,post,1603288037,neutral
ji2ol2,redditrequest,post,1603665043,neutral
j4gsrz,redditrequest,post,1601738511,neutral
jcjlv3,redditrequest,post,1602887101,neutral
jk0bp7,redditrequest,post,1603932613,neutral
j4stha,stopdrinking,post,1601784502,neutral
j7rpm5,stopdrinking,post,1602213853,positive
jcph53,teenagers,post,1602911945,negative
jjg7qi,thinkpad,post,1603854661,negative
jei8yv,trashy,post,1603166950,neutral
j810ks,unpopularopinion,post,1602257233,negative
jdvv91,unt,post,1603085285,neutral
jb3t4q,Achievement_Hunter,post,1602692333,positive
jh32lw,Anarchism,post,1603515215,neutral
j5m8rh,AnimalsBeingDerps,post,1601914217,positive
j472vg,AskReddit,post,1601688488,negative
jl0i7i,BicyclingCirclejerk,post,1604076866,negative
je4pxz,Conservative,post,1603124254,neutral
j6b032,Crunchyroll,post,1602010312,neutral
jg74ig,Crunchyroll,post,1603396341,neutral
jhh8hr,Crunchyroll,post,1603575307,neutral
jbhuww,DBZDokkanBattle,post,1602740887,neutral
j42mt7,DallasStars,post,1601671483,neutral
jivilx,GTAV,post,1603777180,neutral
j3qfsh,LasVegas,post,1601624844,neutral
jd9haj,LosAngelesRams,post,1602993325,neutral
j8zbyu,MandelaEffect,post,1602392266,negative
j60r35,MinecraftBuddies,post,1601968833,neutral
jekm84,Monero,post,1603178288,positive
j58kn6,NYGiants,post,1601852848,negative
j3dfov,NoStupidQuestions,post,1601574317,negative
j5druu,PewdiepieSubmissions,post,1601875159,negative
j6by28,Pikmin,post,1602013193,negative
jhf7iu,PrequelMemes,post,1603568350,neutral
ji2my3,PrequelMemes,post,1603664880,neutral
jifhlq,PrequelMemes,post,1603722370,neutral
jk3ntj,PrequelMemes,post,1603945918,neutral
jk3oqg,PrequelMemes,post,1603946034,neutral
j9ijrp,Undertale,post,1602469453,neutral
jbjdnz,auslaw,post,1602748793,neutral
jf7vbq,australia,post,1603262747,negative
jkzqji,balisong,post,1604074466,neutral
jg8hl7,bartenders,post,1603400396,neutral
ja3z6s,borrow,post,1602552804,neutral
jc0hwo,cocaine,post,1602811317,negative
ji761s,dankmemes,post,1603681931,negative
jkoaik,gambling,post,1604024237,negative
jgskgk,halifax,post,1603476966,neutral
jgslh2,halifax,post,1603477049,neutral
jae56i,help,post,1602598123,neutral
j5khvz,meirl,post,1601908541,neutral
j477rj,mildlyinfuriating,post,1601689061,neutral
jk6yhn,misanthropy,post,1603963987,neutral
jjuct0,podcasting,post,1603912748,positive
jkqsug,rant,post,1604034642,negative
jbugth,redditrequest,post,1602790180,neutral
jjqwmv,redditrequest,post,1603902180,neutral
ji1keg,redditrequest,post,1603661224,neutral
jkrcpz,sooners,post,1604037418,neutral
j6c86r,teenagers,post,1602014059,neutral
jfj87f,teenagers,post,1603306816,negative
jlketq,traphentai,post,1604158583,neutral
jhsom9,AskReddit,post,1603629517,neutral
j6y7ot,Draven,post,1602100866,negative
je519e,LofiHipHop,post,1603125172,negative
jbdvha,XXXTENTACION,post,1602724319,neutral
jh6ccz,XXXTENTACION,post,1603533231,negative
jheju2,XXXTENTACION,post,1603566135,neutral
j5d1qu,coolguides,post,1601871675,negative
j5db2h,coolguides,post,1601872904,negative
j5hhes,coolguides,post,1601896240,neutral
j7s0b5,coolguides,post,1602215161,negative
jhstnt,coolguides,post,1603630193,negative
jhp8ne,dankmemes,post,1603609717,neutral
j47fg5,dankmemes,post,1601689974,negative
jel3z8,gonewildaudio,post,1603180846,positive
j41y4q,gpdwin,post,1601669246,neutral
j41zyo,gpdwin,post,1601669406,negative
j4hkpd,hometheater,post,1601741119,neutral
jlflmd,memes,post,1604137332,negative
jftztw,memes,post,1603345915,neutral
j2ztsj,memes,post,1601518415,negative
j50jlc,modhelp,post,1601824578,negative
j3uuvg,pics,post,1601646774,negative
jbmjkz,redditrequest,post,1602764683,neutral
j3mhr7,redditrequest,post,1601605936,neutral
j8qink,redditrequest,post,1602357711,neutral
j7s16t,redditrequest,post,1602215275,neutral
jkgr6y,teenagers,post,1603999460,positive
jbp6dp,teenagers,post,1602774073,neutral
j7xvp3,transformers,post,1602245863,negative
je1qa2,worldpolitics,post,1603114479,negative
jl0y2y,AmItheAsshole,post,1604078218,negative
j4jr9t,AskHistorians,post,1601748415,neutral
j8do4m,AskReddit,post,1602301803,negative
ja6o90,AskReddit,post,1602563949,negative
jk0lzn,AutoModerator,post,1603933647,neutral
j3e4jq,Conservative,post,1601576440,negative
j574hh,Gunners,post,1601847451,negative
jed2r9,HongKong,post,1603148477,neutral
j9b2fz,Justrolledintotheshop,post,1602442398,negative
jfi94n,MTB,post,1603303906,neutral
jid9wr,PartyParrot,post,1603713791,neutral
jc9gnm,TeenMomOGandTeenMom2,post,1602853606,neutral
j8a1c7,TrumpCriticizesTrump,post,1602286831,negative
j3k2ur,Vent,post,1601596161,negative
jf9hsn,WatchRedditDie,post,1603271634,negative
jatjfj,dankruto,post,1602648286,negative
jewnmn,lebanon,post,1603221892,neutral
j30hrs,mildlyinfuriating,post,1601521044,negative
jd7w4j,modhelp,post,1602986674,neutral
ja0kq4,modhelp,post,1602540009,neutral
jeqz9f,redditrequest,post,1603205341,neutral
jdec54,redditrequest,post,1603018377,neutral
jje0ah,redditrequest,post,1603846273,neutral
jiwupy,redditrequest,post,1603784548,neutral
j5z0hl,redditrequest,post,1601959668,neutral
j9tdqf,redditrequest,post,1602517831,neutral
jdss8f,sydney,post,1603071702,neutral
j93pbc,tf2,post,1602415133,negative
jf1bfn,youseeingthisshit,post,1603236518,neutral
jgpnsf,zen,post,1603468127,negative
jkzw1i,AskModerators,post,1604074950,neutral
jfgwwq,AskReddit,post,1603299889,neutral
j9ipi4,CasualConversation,post,1602470112,negative
jl94fe,DotA2,post,1604105596,negative
j8nwv0,Forex,post,1602348951,neutral
j3ee4u,Jewish,post,1601577267,neutral
j48eve,NOLAPelicans,post,1601694253,negative
jiqdd7,OSU,post,1603756431,neutral
j7pvg2,OnePiece,post,1602206497,neutral
jgy0ui,SUBREDDITNAME,post,1603494593,negative
j693re,ShadowBan,post,1602004477,negative
jlhse5,StarWars,post,1604148478,neutral
jattf0,Tinder,post,1602649429,neutral
jda6rh,WatchRedditDie,post,1602996515,negative
j3imfr,armenia,post,1601590704,positive
jbil33,britishproblems,post,1602744523,negative
jcvsmt,dankmemes,post,1602943948,neutral
jcijpv,dankmemes,post,1602883563,neutral
jeybob,findareddit,post,1603227035,negative
j55z1y,lanadelrey,post,1601843404,negative
jaonsz,memes,post,1602630197,neutral
j6xhlu,mildlyinfuriating,post,1602098690,negative
j2ypvx,rant,post,1601514081,negative
jjudby,redditrequest,post,1603912796,neutral
jehs3n,redditrequest,post,1603165091,neutral
jjw87a,redditrequest,post,1603918659,neutral
ja9vdn,redditrequest,post,1602580539,neutral
jgu1mb,redditrequest,post,1603481560,neutral
j70zpq,redditrequest,post,1602110010,neutral
ja89hn,redditrequest,post,1602571681,neutral
jh2ets,redditrequest,post,1603512222,neutral
j9mnyh,software,post,1602489011,negative
jd9dm7,teenagers,post,1602992866,negative
je14tf,teenagers,post,1603112223,negative
jgm84b,teenagers,post,1603456391,neutral
jk1ojd,AFL,post,1603937696,negative
jj584r,BSG,post,1603818609,positive
jbzwb7,Egypt,post,1602808933,positive
jkewxb,Egypt,post,1603993896,neutral
jkexrh,Egypt,post,1603993962,neutral
j886t9,FreeKarma4You,post,1602280315,neutral
jbl6eo,HighQualityGifs,post,1602758521,neutral
je02fk,HighQualityGifs,post,1603107793,negative
jivyc9,Marriage,post,1603779505,neutral
ji0920,MechanicalKeyboards,post,1603656882,negative
j340gi,OTMemes,post,1601537209,neutral
j930ob,RocketLeague,post,1602411491,neutral
j5rv8h,TheoryOfReddit,post,1601931851,negative
jbefoj,TrueOffMyChest,post,1602726404,neutral
jbqw34,TwoXChromosomes,post,1602779321,neutral
jfgi10,WorldofTanks,post,1603298639,neutral
j4cat8,dayz,post,1601713763,neutral
j53mcu,gonewild,post,1601835417,positive
j7epmx,gonewild,post,1602169619,neutral
j8wlcm,gonewild,post,1602380119,neutral
j9jxsj,gonewild,post,1602475390,neutral
j9om5k,gonewild,post,1602499238,negative
ja8c54,gonewild,post,1602572074,neutral
ja8dvk,gonewild,post,1602572342,neutral
jgj0r4,gonewild,post,1603440783,neutral
jhjbny,gonewild,post,1603582890,neutral
jivciz,gonewild,post,1603776320,negative
j6r2qu,help,post,1602078262,neutral
jl1rjo,help,post,1604080788,neutral
j442pj,houston,post,1601676482,neutral
jebi9l,jerma985,post,1603143665,negative
jdojhj,keto,post,1603055897,negative
jcbjuo,memes,post,1602861078,neutral
jbgxud,privacy,post,1602736527,positive
jih4mh,protools,post,1603727862,negative
jipj93,psychedelicrock,post,1603753531,neutral
jckzdp,redditrequest,post,1602892304,neutral
jdulbo,redditrequest,post,1603079317,neutral
j5xsnn,redditrequest,post,1601954236,neutral
j8fsai,tampabayrays,post,1602312047,neutral
jcmx59,teenagers,post,1602900145,neutral
jfgtwb,teenagers,post,1603299660,negative
jhiac0,AnimalsBeingDerps,post,1603579036,negative
ji23h9,CasualConversation,post,1603663022,positive
j4knxu,Conservative,post,1601751598,negative
j6s0ph,FIFA,post,1602081535,negative
j6paej,GlobalOffensive,post,1602070883,negative
j4eibk,GoForGold,post,1601725993,neutral
j6rz18,GoForGold,post,1602081374,neutral
j9jn23,GoForGold,post,1602474101,neutral
jaacl3,JustBootThings,post,1602583049,negative
jkm6vz,LeedsUnited,post,1604016707,positive
j6rue8,PleX,post,1602080937,negative
jf41sv,Random_Acts_Of_Amazon,post,1603246060,neutral
j9tnar,Steam,post,1602518634,negative
jci6dc,SuicideWatch,post,1602882706,negative
jgcwtf,TrueAtheism,post,1603415221,neutral
jlpe5y,WatchRedditDie,post,1604175718,negative
jhmv8y,actuallesbians,post,1603597692,neutral
jeey2m,anime,post,1603154759,neutral
j4i3co,aww,post,1601742823,positive
j7dgk4,aww,post,1602165328,neutral
j7ubys,aww,post,1602226748,negative
jeqp5q,confessions,post,1603204501,neutral
jcn3ti,cyberpunkgame,post,1602900934,positive
jc7r3y,discordapp,post,1602845797,neutral
j83jcj,help,post,1602265172,neutral
jesngu,prochoice,post,1603210320,positive
j8yzct,redditrequest,post,1602390567,neutral
j83v61,redditrequest,post,1602266247,neutral
je5weq,redditrequest,post,1603127814,neutral
jelc4o,redditrequest,post,1603182017,neutral
j47uuc,redditrequest,post,1601691851,neutral
jhu4uf,ADHD,post,1603635851,negative
je2it9,AmItheAsshole,post,1603117337,negative
j9qkhd,Animalsthatlovemagic,post,1602508150,negative
j9zqmf,CoDCompetitive,post,1602537248,negative
j5p5ee,CryptoCurrency,post,1601923250,negative
jjmpvl,CryptoCurrency,post,1603887751,neutral
j6vavm,Detroit,post,1602092030,neutral
jexaki,Jokes,post,1603223850,negative
jjk0jx,JustUnsubbed,post,1603873787,negative
jf8qca,MadeMeSmile,post,1603267335,neutral
jh93bh,MadeMeSmile,post,1603546839,neutral
j7b1cv,MarvelPuzzleQuest,post,1602154950,neutral
jdfylb,PewdiepieSubmissions,post,1603026129,negative
j6a2pc,RocketLeague,post,1602007472,negative
jga0xx,RotMG,post,1603405172,neutral
jj6ed5,Temple,post,1603822174,negative
j8a7uz,WatchRedditDie,post,1602287535,negative
j9gazf,WatchRedditDie,post,1602460438,negative
ji0haa,community,post,1603657632,neutral
jjph9e,confessions,post,1603897677,negative
j3mv65,dankmemes,post,1601607510,neutral
jhxeff,jobs,post,1603647429,neutral
jiv7nc,jobs,post,1603775632,neutral
jigf2j,leagueoflegends,post,1603725516,neutral
j8rbfa,mexico,post,1602360475,negative
j9g19w,mexico,post,1602459410,negative
j4270v,mildlyinfuriating,post,1601670054,negative
jbovfn,modhelp,post,1602773092,neutral
j3l3z6,newzealand,post,1601600241,neutral
jbll4d,newzealand,post,1602760458,neutral
j6clgx,redditrequest,post,1602015156,neutral
ji2v38,redditrequest,post,1603665684,neutral
jacl95,softwaregore,post,1602592914,neutral
jcmiqi,teenagers,post,1602898472,negative
j7gs82,teenagers,post,1602176234,negative
ja8p5i,ukpolitics,post,1602574017,neutral
jgg162,ArianaGrande,post,1603426976,negative
jc3od5,AskReddit,post,1602824460,neutral
jkqsh7,BigCatGifs,post,1604034590,neutral
jge73r,DestinyTheGame,post,1603420000,negative
ji581i,Doom,post,1603674299,neutral
jci5zr,Draven,post,1602882689,negative
jesdm0,Grimdank,post,1603209539,positive
jc5vj6,JustUnsubbed,post,1602835309,negative
jfkavl,MBA,post,1603310074,neutral
j8y5pq,Memes_Of_The_Dank,post,1602386799,negative
j608c5,ModSupport,post,1601965983,neutral
jh6vt4,Overwatch,post,1603536278,neutral
j6zx0p,ShinyPokemon,post,1602106368,negative
jcqzkm,Teachers,post,1602920279,neutral
jgdrz8,TopMindsOfReddit,post,1603418454,negative
jdbv1w,WhitePeopleTwitter,post,1603005113,negative
jj56xk,YAwriters,post,1603818508,positive
jed6qn,amihot,post,1603148832,negative
jblf99,atheism,post,1602759696,neutral
jg3wzy,conspiracy,post,1603386919,negative
j30t00,dankmemes,post,1601522315,negative
j459a4,dankmemes,post,1601680992,positive
j51v8n,dankmemes,post,1601829327,negative
jajzok,formula1,post,1602615721,negative
jak619,formula1,post,1602616234,neutral
jeiqcs,ireland,post,1603169068,neutral
jifs88,masterhacker,post,1603723388,negative
jld2lv,memes,post,1604122432,neutral
je8lqz,neoliberal,post,1603135351,neutral
j40asf,pennystocks,post,1601664041,negative
j5cz5e,redditrequest,post,1601871342,neutral
je8rx9,redditrequest,post,1603135839,neutral
ja4uex,redditrequest,post,1602556260,neutral
jdeun6,redditrequest,post,1603021014,neutral
jbw5x7,restofthefuckingowl,post,1602795466,negative
j6y2qi,runescape,post,1602100440,neutral
jc2dhx,runescape,post,1602818934,neutral
jfrdmb,runescape,post,1603334587,negative
jfecgd,teenagers,post,1603292030,negative
jjcey8,worldbuilding,post,1603840679,neutral
j9b7hm,AskHistorians,post,1602442835,negative
j7mluz,AskReddit,post,1602194755,negative
jgp9le,AutoModerator,post,1603466881,neutral
jj9zxs,BatmanArkham,post,1603832951,positive
jg48zt,ChronicPain,post,1603387924,negative
jkt5ii,CombatFootage,post,1604047563,neutral
jktlgm,ContagiousLaughter,post,1604049959,neutral
jdea7p,GoldandBlack,post,1603018105,neutral
j9t641,JustUnsubbed,post,1602517176,negative
j3aynl,Metalcore,post,1601566776,neutral
j417y6,Minecraft,post,1601666936,neutral
j4jo55,Minecraft,post,1601748111,neutral
j4k14t,Minecraft,post,1601749391,negative
j4ljnh,Minecraft,post,1601754726,negative
j4xilo,Minecraft,post,1601811150,neutral
j581gu,Minecraft,post,1601850849,negative
j5aiwk,Minecraft,post,1601860699,neutral
j5i42l,Minecraft,post,1601899289,negative
j5p7xe,Minecraft,post,1601923465,negative
j6ptsk,Minecraft,post,1602073375,neutral
j7q52b,Minecraft,post,1602207504,negative
j8of09,Minecraft,post,1602350637,neutral
j8yxsv,Minecraft,post,1602390362,neutral
j9bsu7,Minecraft,post,1602444757,neutral
j9l902,Minecraft,post,1602481393,positive
ja1quh,Minecraft,post,1602544136,neutral
jamsey,Minecraft,post,1602624144,neutral
jb73iu,Minecraft,post,1602702065,neutral
jcyoeg,Minecraft,post,1602953622,neutral
jexv8t,Minecraft,post,1603225595,negative
jfv1to,Minecraft,post,1603351225,neutral
jfx63r,Minecraft,post,1603362793,neutral
jgahwy,Minecraft,post,1603406767,neutral
jhg2pe,Minecraft,post,1603571299,negative
jhrtsk,Minecraft,post,1603624982,neutral
jjvcus,Minecraft,post,1603915846,negative
jjvigq,Minecraft,post,1603916346,neutral
jkynkr,Minecraft,post,1604071020,neutral
jlbg9r,Minecraft,post,1604114849,neutral
jh9u2g,NoStupidQuestions,post,1603549688,negative
jetfg0,PewdiepieSubmissions,post,1603212558,negative
jadp75,RedditCensors,post,1602596769,negative
j3usbd,SuicideWatch,post,1601646519,negative
jbjsir,TheSimpsons,post,1602751079,negative
jklsnt,TheSimpsons,post,1604015374,negative
jklu89,TheSimpsons,post,1604015521,negative
jf04iy,Wicca,post,1603232554,neutral
j9sa7q,anime,post,1602514346,neutral
j6fir2,battlestations,post,1602024924,negative
jfmth1,childfree,post,1603317970,positive
j54lfo,cocaine,post,1601838733,positive
jdfksy,cocaine,post,1603024461,neutral
jifjbn,cocaine,post,1603722539,positive
jj8n98,cyberpunkgame,post,1603828900,negative
j79q2v,dankmemes,post,1602147588,neutral
j9shtc,dankmemes,post,1602515038,negative
jhp2i5,dataisbeautiful,post,1603608724,negative
jkxogd,ehlersdanlos,post,1604067810,neutral
jdiceu,foraging,post,1603035388,negative
j7prr4,help,post,1602206102,neutral
j37sui,iamverysmart,post,1601556075,negative
j37tr8,iamverysmart,post,1601556166,neutral
j6wecm,iamverysmart,post,1602095380,negative
j7bldh,iamverysmart,post,1602157649,negative
j5ktot,india,post,1601909680,neutral
jgilv3,oklahoma,post,1603438727,negative
jcfxpe,redditrequest,post,1602874749,neutral
j97m5g,redditrequest,post,1602430973,neutral
jf4ni4,redditrequest,post,1603248306,neutral
j3hzra,savannah,post,1601588590,neutral
jg62kh,seduction,post,1603393280,neutral
jlk4bb,southpark,post,1604157537,negative
jdhkay,teenagers,post,1603032597,neutral
jkbt2l,teenagers,post,1603984285,negative
ja7xtd,yiffcomics,post,1602569999,neutral
j6b05u,4chan,post,1602010319,negative
jca79r,AFL,post,1602856413,neutral
jhwu1h,AskReddit,post,1603645458,neutral
jf8uau,AskReddit,post,1603267922,neutral
j4vo4a,AskReddit,post,1601800517,neutral
jg2moe,AskReddit,post,1603383154,neutral
jdlrkh,Drugs,post,1603046802,positive
jcnz3c,JUSTNOMIL,post,1602904821,negative
jh5vts,MyNintendo,post,1603530505,negative
jiadg1,brexit,post,1603697862,neutral
j5667p,chess,post,1601844090,neutral
jeguq7,conspiracy,post,1603161570,negative
ji2c67,cowboys,post,1603663827,neutral
j81ohl,darksouls,post,1602259335,positive
jggbl1,discordapp,post,1603428148,neutral
jdq2fz,discordapp,post,1603061152,neutral
jk6om6,exmuslim,post,1603962433,neutral
jgfhbb,facepalm,post,1603424824,negative
jfl7fl,golf,post,1603312850,neutral
jkb3hh,gtaonline,post,1603981932,negative
jd8tor,hiking,post,1602990403,neutral
jiygge,japanlife,post,1603793626,neutral
j6izy7,leagueoflegends,post,1602038377,negative
jbu0x9,manchester,post,1602788830,neutral
jj5pen,modhelp,post,1603820084,neutral
jglixn,modhelp,post,1603453449,neutral
jjr9gi,nvidia,post,1603903292,negative
jbjwu2,redditrequest,post,1602751737,neutral
ja8daj,redditrequest,post,1602572251,neutral
j7g35w,redditrequest,post,1602174031,neutral
j5bvbp,redditrequest,post,1601866337,neutral
jkamll,redditrequest,post,1603980319,neutral
j4wfu1,redditrequest,post,1601805115,neutral
jj37hg,undelete,post,1603812371,negative
jamphh,wow,post,1602623896,negative
jdys3h,AskReddit,post,1603101065,negative
jhflk5,AtlantaUnited,post,1603569663,negative
jd5cf6,Carpentry,post,1602976570,neutral
j3eo8r,Comcast_Xfinity,post,1601578152,neutral
jcar35,DesignerReps,post,1602858346,negative
jgkh04,Diepio,post,1603448397,neutral
j7wqhb,FifaCareers,post,1602240504,neutral
jj3odl,MurderedByWords,post,1603813839,positive
jj3r9a,MurderedByWords,post,1603814088,positive
jkw7sl,Scotch,post,1604062530,neutral
jhmzej,Twitch,post,1603598206,neutral
ja9jde,apple,post,1602578691,negative
j3oagk,baseball,post,1601613921,negative
j72gfm,guns,post,1602115239,negative
j37gdd,loseit,post,1601554708,neutral
jjcuyy,magick,post,1603842186,neutral
jl4h84,modhelp,post,1604089436,neutral
j74zt0,modhelp,post,1602124754,neutral
jbjrgv,modhelp,post,1602750912,neutral
j4v5vl,redditrequest,post,1601797451,neutral
jat8n4,redditrequest,post,1602647093,neutral
jgedwi,redditrequest,post,1603420690,neutral
jf2f7q,redditrequest,post,1603240302,neutral
j55kld,redditrequest,post,1601842004,neutral
j44ood,redditrequest,post,1601678779,neutral
jetp0o,redditrequest,post,1603213330,neutral
j9xglf,redditrequest,post,1602530231,neutral
j5yxmo,survivor,post,1601959291,negative
jc3pzf,survivor,post,1602824671,neutral
japndr,unpopularopinion,post,1602633698,negative
j9iwqv,Accounting,post,1602470985,neutral
jc2p88,AskReddit,post,1602820195,negative
jiavst,AskReddit,post,1603700891,neutral
jht2ov,AskReddit,post,1603631309,negative
j4yhl4,AskUK,post,1601816106,neutral
jbik6j,Assistance,post,1602744384,neutral
jjw3u2,DotA2,post,1603918272,neutral
j8o2ku,Drama,post,1602349475,negative
jk3j3q,FIFA,post,1603945303,negative
j9l1zd,MDMA,post,1602480462,negative
j3l4ra,NuclearThrone,post,1601600334,neutral
j7d1mj,PublicFreakout,post,1602163800,negative
jbu1ep,PublicFreakout,post,1602788871,negative
jhkux7,PublicFreakout,post,1603589026,negative
jhkwyu,PublicFreakout,post,1603589267,negative
jhkxgd,PublicFreakout,post,1603589327,negative
jhkyu2,PublicFreakout,post,1603589490,negative
jhl0im,PublicFreakout,post,1603589677,neutral
jhl3z0,PublicFreakout,post,1603590091,negative
jhl4v7,PublicFreakout,post,1603590200,neutral
jhl6d5,PublicFreakout,post,1603590368,negative
jhl8uk,PublicFreakout,post,1603590664,neutral
jhla5l,PublicFreakout,post,1603590811,negative
jhlclq,PublicFreakout,post,1603591085,negative
jhlhef,PublicFreakout,post,1603591616,neutral
jjsf64,PublicFreakout,post,1603906807,negative
jkl8gf,PublicFreakout,post,1604013491,neutral
jkmzi4,PublicFreakout,post,1604019542,negative
jdvbft,Rainbow6,post,1603082643,negative
jinkd9,Republican,post,1603747219,negative
jla4f3,Twitch,post,1604109476,neutral
jircm0,XXXTENTACION,post,1603759922,negative
j4v2q0,XXXTENTACION,post,1601796930,negative
jgnv4y,baconreader,post,1603462366,negative
j837vr,collared,post,1602264186,neutral
jl4772,csuf,post,1604088527,positive
j385g7,dragonballfighterz,post,1601557389,neutral
j8r6ml,ireland,post,1602360029,negative
jclvir,memes,post,1602895820,negative
jggfnz,mentalhealth,post,1603428636,neutral
jl5xll,modhelp,post,1604094265,neutral
jakg22,movies,post,1602617073,negative
j75u48,neoliberal,post,1602127972,neutral
jkkqrg,newreddits,post,1604011862,positive
j5rixg,oklahoma,post,1601930773,neutral
jhul56,pakistan,post,1603637535,neutral
j6o5nk,portugal,post,1602064854,neutral
j7pssq,raisedbynarcissists,post,1602206212,negative
j8vq9o,raisedbynarcissists,post,1602376575,negative
jkfaih,redditrequest,post,1603995019,neutral
ja5m7f,redditrequest,post,1602559384,neutral
j6r2y5,redditrequest,post,1602078280,neutral
jcs3ix,redditrequest,post,1602926688,neutral
j45tz9,redditrequest,post,1601683280,neutral
jj5hep,redditrequest,post,1603819409,neutral
j54ovj,redditrequest,post,1601839059,neutral
jg67dz,redditrequest,post,1603393658,neutral
jk4tcj,runescape,post,1603951665,neutral
jctzyq,web_design,post,1602936453,neutral
jcfkmy,AmItheAsshole,post,1602873640,neutral
ji4z0t,AskOuija,post,1603673364,neutral
jiig14,AskReddit,post,1603731941,negative
ji6kwk,Assistance,post,1603679587,positive
j8461e,Ayahuasca,post,1602267206,neutral
jf9dqh,Ford,post,1603271001,neutral
jag3zm,IndianCountry,post,1602604152,neutral
jkk745,KitchenConfidential,post,1604010050,neutral
j9avuv,Memes_Of_The_Dank,post,1602441800,negative
j74do6,PoliticalHumor,post,1602122619,neutral
j7geio,PoliticalHumor,post,1602175024,negative
jf13zd,PoliticalHumor,post,1603235835,negative
jkly7w,PoliticalHumor,post,1604015903,neutral
jfksax,PrequelMemes,post,1603311535,neutral
j7m4oz,UnethicalLifeProTips,post,1602193193,neutral
j7mf7r,UnethicalLifeProTips,post,1602194159,neutral
jeleeo,UnethicalLifeProTips,post,1603182346,neutral
j9soab,WatchRedditDie,post,1602515612,negative
j8uy1x,WayOfTheBern,post,1602373490,negative
jdlsmz,WayOfTheBern,post,1603046904,negative
jjf31n,bonehurtingjuice,post,1603850258,negative
jdnmvu,destiny2,post,1603052882,neutral
j3bugu,finalfantasyx,post,1601569547,neutral
j9ia8k,heat,post,1602468342,positive
jdgyjx,houston,post,1603030223,negative
j7smai,iamverysmart,post,1602217938,neutral
j3s2x2,instant_regret,post,1601634271,neutral
jaazno,madlads,post,1602586150,neutral
j60zrl,memes,post,1601970251,negative
j7c71h,modhelp,post,1602160396,neutral
j5n3rn,nba,post,1601916915,negative
j72j1w,nyc,post,1602115508,negative
jj1aq4,occult,post,1603806018,neutral
j4ku6c,pennystocks,post,1601752197,negative
jbzu9k,redditrequest,post,1602808708,neutral
j2yvi4,redditrequest,post,1601514672,neutral
j2z4wd,redditrequest,post,1601515714,neutral
j2zux2,redditrequest,post,1601518542,neutral
j30ngj,redditrequest,post,1601521671,neutral
j31970,redditrequest,post,1601524202,neutral
j32dzt,redditrequest,post,1601529227,neutral
j33fex,redditrequest,post,1601534325,neutral
j35kib,redditrequest,post,1601545866,neutral
j368z9,redditrequest,post,1601549317,neutral
j379l9,redditrequest,post,1601553916,neutral
j37tjy,redditrequest,post,1601556148,neutral
j39a6p,redditrequest,post,1601561447,neutral
j39e1s,redditrequest,post,1601561792,neutral
j39z5l,redditrequest,post,1601563684,neutral
j3a9x8,redditrequest,post,1601564618,neutral
j3cba0,redditrequest,post,1601570973,neutral
j3cvrm,redditrequest,post,1601572638,neutral
j3d3yq,redditrequest,post,1601573319,neutral
j3dkqo,redditrequest,post,1601574740,negative
j3dom6,redditrequest,post,1601575083,negative
j3esnl,redditrequest,post,1601578532,neutral
j3flk5,redditrequest,post,1601581015,neutral
j3foir,redditrequest,post,1601581267,neutral
j3gv9w,redditrequest,post,1601584949,neutral
j3gw86,redditrequest,post,1601585030,neutral
j3h8gg,redditrequest,post,1601586110,neutral
j3j47l,redditrequest,post,1601592462,neutral
j3juo1,redditrequest,post,1601595260,neutral
j3m96g,redditrequest,post,1601604955,neutral
j3mcnc,redditrequest,post,1601605361,neutral
j3o1zi,redditrequest,post,1601612802,neutral
j3o7hp,redditrequest,post,1601613544,neutral
j3o8mc,redditrequest,post,1601613683,neutral
j3obfh,redditrequest,post,1601614045,neutral
j3p1r6,redditrequest,post,1601617311,neutral
j3p7g3,redditrequest,post,1601618066,neutral
j3p9dv,redditrequest,post,1601618331,neutral
j3pajd,redditrequest,post,1601618486,neutral
j3rhx7,redditrequest,post,1601630938,neutral
j3tbvh,redditrequest,post,1601640715,neutral
j3th60,redditrequest,post,1601641385,neutral
j3trcl,redditrequest,post,1601642609,negative
j3tt2p,redditrequest,post,1601642810,neutral
j3tuhc,redditrequest,post,1601642974,neutral
j3tuz4,redditrequest,post,1601643030,neutral
j3v2tf,redditrequest,post,1601647526,neutral
j3vawi,redditrequest,post,1601648291,neutral
j3wo7a,redditrequest,post,1601652756,neutral
j3xxqq,redditrequest,post,1601656715,neutral
j3xysf,redditrequest,post,1601656809,neutral
j3yfen,redditrequest,post,1601658212,neutral
j3yvqy,redditrequest,post,1601659645,neutral
j40858,redditrequest,post,1601663809,neutral
j40eou,redditrequest,post,1601664378,neutral
j40lto,redditrequest,post,1601665008,neutral
j425p5,redditrequest,post,1601669938,neutral
j42fdy,redditrequest,post,1601670809,neutral
j42glf,redditrequest,post,1601670922,neutral
j42vrr,redditrequest,post,1601672305,neutral
j42xbs,redditrequest,post,1601672442,neutral
j42yt6,redditrequest,post,1601672580,neutral
j43hhh,redditrequest,post,1601674363,neutral
j43kj4,redditrequest,post,1601674658,neutral
j43l0g,redditrequest,post,1601674702,neutral
j43xnk,redditrequest,post,1601675967,neutral
j45l4y,redditrequest,post,1601682295,neutral
j45wk4,redditrequest,post,1601683570,neutral
j45zon,redditrequest,post,1601683918,negative
j462qx,redditrequest,post,1601684280,neutral
j46ip0,redditrequest,post,1601686126,neutral
j46u7a,redditrequest,post,1601687482,neutral
j4c81n,redditrequest,post,1601713357,neutral
j4c8jr,redditrequest,post,1601713427,neutral
j4d7y6,redditrequest,post,1601719053,neutral
j4gnrm,redditrequest,post,1601738020,neutral
j4gor5,redditrequest,post,1601738121,neutral
j4l4uz,redditrequest,post,1601753236,negative
j4lvkg,redditrequest,post,1601755896,negative
j4lxve,redditrequest,post,1601756147,negative
j4n6ru,redditrequest,post,1601760723,neutral
j4n8st,redditrequest,post,1601760933,neutral
j4q2n7,redditrequest,post,1601772134,neutral
j4qmy2,redditrequest,post,1601774583,neutral
j4qv4k,redditrequest,post,1601775566,neutral
j4rvya,redditrequest,post,1601780175,neutral
j4tgan,redditrequest,post,1601787731,neutral
j4tjdy,redditrequest,post,1601788161,neutral
j4vfzh,redditrequest,post,1601799150,neutral
j4vku4,redditrequest,post,1601799967,neutral
j4w8ry,redditrequest,post,1601803961,neutral
j4w9b6,redditrequest,post,1601804045,neutral
j4wtul,redditrequest,post,1601807283,neutral
j4wv5x,redditrequest,post,1601807492,neutral
j4wwdw,redditrequest,post,1601807686,neutral
j4wztt,redditrequest,post,1601808256,neutral
j4x6ep,redditrequest,post,1601809279,neutral
j4xc8e,redditrequest,post,1601810157,neutral
j4y3pt,redditrequest,post,1601814233,neutral
j4y57q,redditrequest,post,1601814441,neutral
j4ytx1,redditrequest,post,1601817661,neutral
j50ady,redditrequest,post,1601823657,neutral
j51u3w,redditrequest,post,1601829219,neutral
j52ci8,redditrequest,post,1601830989,negative
j52ruq,redditrequest,post,1601832517,negative
j52tea,redditrequest,post,1601832668,neutral
j5362z,redditrequest,post,1601833912,neutral
j5403s,redditrequest,post,1601836730,neutral
j54k5n,redditrequest,post,1601838607,neutral
j54m9t,redditrequest,post,1601838809,neutral
j54sey,redditrequest,post,1601839390,neutral
j55b0e,redditrequest,post,1601841122,neutral
j55wuw,redditrequest,post,1601843193,neutral
j574j1,redditrequest,post,1601847456,neutral
j57slh,redditrequest,post,1601849924,neutral
j589im,redditrequest,post,1601851680,neutral
j59ojv,redditrequest,post,1601857258,neutral
j59zr4,redditrequest,post,1601858528,neutral
j5a2b6,redditrequest,post,1601858805,neutral
j5c85g,redditrequest,post,1601867908,neutral
j5dd4c,redditrequest,post,1601873184,neutral
j5ejxs,redditrequest,post,1601879402,neutral
j5eox2,redditrequest,post,1601880180,neutral
j5esiq,redditrequest,post,1601880732,neutral
j5f97m,redditrequest,post,1601883440,neutral
j5ffb8,redditrequest,post,1601884534,neutral
j5fjdi,redditrequest,post,1601885213,neutral
j5gdhe,redditrequest,post,1601890322,neutral
j5geg5,redditrequest,post,1601890479,neutral
j5gwj6,redditrequest,post,1601893263,neutral
j5ip2y,redditrequest,post,1601901807,neutral
j5ju02,redditrequest,post,1601906172,neutral
j5l9bb,redditrequest,post,1601911096,neutral
j5ne8a,redditrequest,post,1601917811,neutral
j5nfcm,redditrequest,post,1601917914,neutral
j5nh9e,redditrequest,post,1601918074,neutral
j5ocet,redditrequest,post,1601920755,neutral
j5ojlp,redditrequest,post,1601921363,neutral
j5popb,redditrequest,post,1601924916,neutral
j5qjnn,redditrequest,post,1601927646,neutral
j5rb6g,redditrequest,post,1601930075,neutral
j5roac,redditrequest,post,1601931255,neutral
j5rv3d,redditrequest,post,1601931838,neutral
j5sfia,redditrequest,post,1601933694,neutral
j5smsd,redditrequest,post,1601934355,neutral
j5sskh,redditrequest,post,1601934896,neutral
j5timm,redditrequest,post,1601937406,neutral
j5tn7o,redditrequest,post,1601937846,neutral
j5tx5j,redditrequest,post,1601938860,neutral
j5vb0b,redditrequest,post,1601944165,neutral
j5vgio,redditrequest,post,1601944761,neutral
j5vwfw,redditrequest,post,1601946478,neutral
j5vwv1,redditrequest,post,1601946526,neutral
j5w0jg,redditrequest,post,1601946920,neutral
j5w7ud,redditrequest,post,1601947732,neutral
j5wwvp,redditrequest,post,1601950571,negative
j5wymm,redditrequest,post,1601950783,neutral
j5xp2n,redditrequest,post,1601953829,neutral
j5xqv5,redditrequest,post,1601954025,neutral
j5xs37,redditrequest,post,1601954171,neutral
j5z8wn,redditrequest,post,1601960816,neutral
j5zssp,redditrequest,post,1601963654,neutral
j5zypx,redditrequest,post,1601964514,neutral
j60k0l,redditrequest,post,1601967777,neutral
j60mny,redditrequest,post,1601968163,neutral
j60tce,redditrequest,post,1601969193,neutral
j61c1n,redditrequest,post,1601972301,neutral
j63y50,redditrequest,post,1601986463,neutral
j64tu6,redditrequest,post,1601990094,neutral
j65ueb,redditrequest,post,1601993913,neutral
j65yz7,redditrequest,post,1601994356,neutral
j6792b,redditrequest,post,1601998653,neutral
j67a8n,redditrequest,post,1601998754,neutral
j67m40,redditrequest,post,1601999818,neutral
j67neb,redditrequest,post,1601999937,neutral
j67ttb,redditrequest,post,1602000499,neutral
j68ya7,redditrequest,post,1602004004,neutral
j69874,redditrequest,post,1602004857,neutral
j69ays,redditrequest,post,1602005089,neutral
j6a41j,redditrequest,post,1602007579,neutral
j6aoj4,redditrequest,post,1602009319,neutral
j6bgy7,redditrequest,post,1602011727,neutral
j6c68s,redditrequest,post,1602013902,neutral
j6c99v,redditrequest,post,1602014150,neutral
j6czgq,redditrequest,post,1602016359,neutral
j6dqf0,redditrequest,post,1602018758,neutral
j6dy2l,redditrequest,post,1602019476,neutral
j6efnx,redditrequest,post,1602021110,neutral
j6fy71,redditrequest,post,1602026475,neutral
j6g3ri,redditrequest,post,1602027038,neutral
j6hkd2,redditrequest,post,1602032660,neutral
j6i22s,redditrequest,post,1602034613,negative
j6i4au,redditrequest,post,1602034856,neutral
j6iwtq,redditrequest,post,1602038024,neutral
j6j1hc,redditrequest,post,1602038558,neutral
j6jbxm,redditrequest,post,1602039793,neutral
j6k5mu,redditrequest,post,1602043360,neutral
j6kg2h,redditrequest,post,1602044638,neutral
j6kkzm,redditrequest,post,1602045249,neutral
j6koqk,redditrequest,post,1602045730,neutral
j6laup,redditrequest,post,1602048671,neutral
j6mkpy,redditrequest,post,1602055482,neutral
j6nw35,redditrequest,post,1602063301,neutral
j6o120,redditrequest,post,1602064112,neutral
j6ogih,redditrequest,post,1602066512,neutral
j6ohoa,redditrequest,post,1602066698,neutral
j6oojb,redditrequest,post,1602067761,neutral
j6pfnh,redditrequest,post,1602071609,neutral
j6qj7r,redditrequest,post,1602076236,neutral
j6r7is,redditrequest,post,1602078741,neutral
j6r7zy,redditrequest,post,1602078784,neutral
j6rksf,redditrequest,post,1602080014,neutral
j6szwc,redditrequest,post,1602084779,neutral
j6t7x3,redditrequest,post,1602085505,neutral
j6v4ld,redditrequest,post,1602091495,neutral
j6vdif,redditrequest,post,1602092263,neutral
j6ywa7,redditrequest,post,1602103048,neutral
j6yxm5,redditrequest,post,1602103166,neutral
j6z2np,redditrequest,post,1602103611,negative
j70let,redditrequest,post,1602108627,neutral
j72djf,redditrequest,post,1602114944,neutral
j736y0,redditrequest,post,1602117988,neutral
j73ggq,redditrequest,post,1602118984,neutral
j73nfu,redditrequest,post,1602119766,neutral
j73vng,redditrequest,post,1602120700,neutral
j74kcg,redditrequest,post,1602123349,neutral
j74znc,redditrequest,post,1602124738,negative
j75zy1,redditrequest,post,1602128633,neutral
j763ua,redditrequest,post,1602129082,neutral
j766tl,redditrequest,post,1602129421,neutral
j7705d,redditrequest,post,1602132974,neutral
j787cc,redditrequest,post,1602138926,neutral
j78tlc,redditrequest,post,1602142309,neutral
j78uma,redditrequest,post,1602142473,neutral
j793rt,redditrequest,post,1602143942,neutral
j7978h,redditrequest,post,1602144460,neutral
j797db,redditrequest,post,1602144485,neutral
j79snh,redditrequest,post,1602147969,neutral
j79wbi,redditrequest,post,1602148556,neutral
j7e1mp,redditrequest,post,1602167388,neutral
j7e92j,redditrequest,post,1602168098,neutral
j7ewy8,redditrequest,post,1602170277,neutral
j7fiub,redditrequest,post,1602172267,neutral
j7h5u4,redditrequest,post,1602177398,neutral
j7h6dm,redditrequest,post,1602177446,neutral
j7h6xm,redditrequest,post,1602177497,neutral
j7i9ez,redditrequest,post,1602180819,neutral
j7ikzk,redditrequest,post,1602181833,neutral
j7inws,redditrequest,post,1602182090,neutral
j7iot5,redditrequest,post,1602182173,neutral
j7iywq,redditrequest,post,1602183066,neutral
j7j71z,redditrequest,post,1602183786,neutral
j7khpv,redditrequest,post,1602187807,neutral
j7l6wh,redditrequest,post,1602190073,neutral
j7lc6o,redditrequest,post,1602190568,neutral
j7m2tj,redditrequest,post,1602193024,neutral
j7nopp,redditrequest,post,1602198439,neutral
j7pgba,redditrequest,post,1602204903,neutral
j7pm98,redditrequest,post,1602205508,neutral
j7pn5i,redditrequest,post,1602205600,neutral
j7qklg,redditrequest,post,1602209158,neutral
j7t8eh,redditrequest,post,1602220931,neutral
j7tatz,redditrequest,post,1602221283,neutral
j7ti8r,redditrequest,post,1602222323,neutral
j7vbyt,redditrequest,post,1602232468,neutral
j7vcw3,redditrequest,post,1602232615,neutral
j7wev3,redditrequest,post,1602238727,neutral
j7zcl1,redditrequest,post,1602251641,neutral
j7zrum,redditrequest,post,1602253119,neutral
j7zuup,redditrequest,post,1602253407,neutral
j7zz85,redditrequest,post,1602253812,negative
j8029b,redditrequest,post,1602254094,negative
j802i9,redditrequest,post,1602254118,neutral
j80q2v,redditrequest,post,1602256283,neutral
j80q5c,redditrequest,post,1602256290,neutral
j81j19,redditrequest,post,1602258876,neutral
j82jwj,redditrequest,post,1602262120,neutral
j86bru,redditrequest,post,1602274202,neutral
j89uqm,redditrequest,post,1602286142,neutral
j89wdg,redditrequest,post,1602286309,neutral
j89xuh,redditrequest,post,1602286463,neutral
j8am25,redditrequest,post,1602289010,neutral
j8atce,redditrequest,post,1602289808,neutral
j8aym9,redditrequest,post,1602290387,neutral
j8bjsw,redditrequest,post,1602292722,neutral
j8c9as,redditrequest,post,1602295694,neutral
j8dhhg,redditrequest,post,1602300972,neutral
j8fe3n,redditrequest,post,1602309933,neutral
j8ggih,redditrequest,post,1602315679,neutral
j8ggyb,redditrequest,post,1602315740,neutral
j8gh88,redditrequest,post,1602315784,neutral
j8guuy,redditrequest,post,1602317884,neutral
j8gwid,redditrequest,post,1602318137,neutral
j8ihv1,redditrequest,post,1602327193,neutral
j8iqo1,redditrequest,post,1602328499,neutral
j8iv1r,redditrequest,post,1602329135,neutral
j8j7di,redditrequest,post,1602330889,neutral
j8jiyv,redditrequest,post,1602332440,neutral
j8jpck,redditrequest,post,1602333248,neutral
j8jzac,redditrequest,post,1602334487,neutral
j8n4ns,redditrequest,post,1602346245,neutral
j8nakx,redditrequest,post,1602346824,neutral
j8narb,redditrequest,post,1602346841,neutral
j8og7t,redditrequest,post,1602350758,neutral
j8puwk,redditrequest,post,1602355480,neutral
j8s04e,redditrequest,post,1602362859,neutral
j8sblo,redditrequest,post,1602363983,neutral
j8sjb2,redditrequest,post,1602364742,neutral
j8tpvu,redditrequest,post,1602368872,neutral
j8vhbe,redditrequest,post,1602375573,neutral
j8wwhx,redditrequest,post,1602381421,neutral
j8yd5b,redditrequest,post,1602387747,neutral
j8zu7w,redditrequest,post,1602394696,neutral
j8zuu1,redditrequest,post,1602394787,neutral
j918k5,redditrequest,post,1602401962,neutral
j91m1g,redditrequest,post,1602403996,neutral
j91m5h,redditrequest,post,1602404013,neutral
j91mqm,redditrequest,post,1602404106,neutral
j92zjm,redditrequest,post,1602411314,neutral
j941yw,redditrequest,post,1602416938,neutral
j943yc,redditrequest,post,1602417205,neutral
j94tn7,redditrequest,post,1602420470,neutral
j954pt,redditrequest,post,1602421767,neutral
j95u8l,redditrequest,post,1602424718,neutral
j97la9,redditrequest,post,1602430891,neutral
j9b023,redditrequest,post,1602442171,neutral
j9cumf,redditrequest,post,1602448125,neutral
j9cuom,redditrequest,post,1602448132,neutral
j9dggv,redditrequest,post,1602450119,neutral
j9dkj3,redditrequest,post,1602450491,neutral
j9f1q4,redditrequest,post,1602455692,neutral
j9ff0n,redditrequest,post,1602457073,neutral
j9glmr,redditrequest,post,1602461596,neutral
j9hl62,redditrequest,post,1602465530,neutral
j9j9wt,redditrequest,post,1602472563,neutral
j9k5cf,redditrequest,post,1602476311,neutral
j9k5sl,redditrequest,post,1602476375,neutral
j9menp,redditrequest,post,1602487521,neutral
j9mf9a,redditrequest,post,1602487627,neutral
j9mgba,redditrequest,post,1602487784,neutral
j9mgn6,redditrequest,post,1602487835,neutral
j9oo5y,redditrequest,post,1602499532,neutral
j9pgv6,redditrequest,post,1602503520,neutral
j9q2uu,redditrequest,post,1602506140,neutral
j9qf5c,redditrequest,post,1602507591,neutral
j9s6p1,redditrequest,post,1602514006,neutral
j9seof,redditrequest,post,1602514771,neutral
j9ti8c,redditrequest,post,1602518220,neutral
j9ug9f,redditrequest,post,1602521162,neutral
j9uj1a,redditrequest,post,1602521402,neutral
j9wzdg,redditrequest,post,1602528781,neutral
j9xvxp,redditrequest,post,1602531543,neutral
ja06im,redditrequest,post,1602538629,neutral
ja08o9,redditrequest,post,1602538830,neutral
ja09ip,redditrequest,post,1602538913,neutral
ja0anq,redditrequest,post,1602539017,neutral
ja0ixf,redditrequest,post,1602539829,neutral
ja0spx,redditrequest,post,1602540763,neutral
ja1qjy,redditrequest,post,1602544106,neutral
ja2a4j,redditrequest,post,1602546160,neutral
ja319s,redditrequest,post,1602549058,neutral
ja39cz,redditrequest,post,1602549960,neutral
ja3cx5,redditrequest,post,1602550373,neutral
ja6kxw,redditrequest,post,1602563536,neutral
ja96l8,redditrequest,post,1602576646,neutral
ja9k0g,redditrequest,post,1602578795,neutral
ja9zs4,redditrequest,post,1602581197,neutral
jaa5c7,redditrequest,post,1602581998,neutral
jab2zv,redditrequest,post,1602586587,neutral
jabevi,redditrequest,post,1602588097,neutral
jabj8j,redditrequest,post,1602588643,neutral
jad18j,redditrequest,post,1602594501,neutral
jaewgy,redditrequest,post,1602600499,neutral
jafm87,redditrequest,post,1602602687,neutral
jaftpf,redditrequest,post,1602603299,neutral
jagvj7,redditrequest,post,1602606475,neutral
jahyk7,redditrequest,post,1602609707,neutral
jaio94,redditrequest,post,1602611866,neutral
jaiqcv,redditrequest,post,1602612034,neutral
jaj1yu,redditrequest,post,1602612967,neutral
jalshc,redditrequest,post,1602621112,neutral
jam1z2,redditrequest,post,1602621905,neutral
jam838,redditrequest,post,1602622434,negative
jam9gd,redditrequest,post,1602622550,neutral
jantgp,redditrequest,post,1602627392,neutral
jaobfv,redditrequest,post,1602629025,neutral
jaq8o5,redditrequest,post,1602635845,neutral
jaqipd,redditrequest,post,1602636866,neutral
jasiyi,redditrequest,post,1602644329,neutral
jav32i,redditrequest,post,1602655167,neutral
jav7mp,redditrequest,post,1602655743,neutral
javb5p,redditrequest,post,1602656223,neutral
javc8x,redditrequest,post,1602656388,neutral
javr3j,redditrequest,post,1602658464,neutral
javw91,redditrequest,post,1602659224,neutral
jaw67e,redditrequest,post,1602660701,neutral
jawaxg,redditrequest,post,1602661412,neutral
jaxp0n,redditrequest,post,1602669043,neutral
jayru7,redditrequest,post,1602674312,neutral
jazcqo,redditrequest,post,1602676966,neutral
jb01tz,redditrequest,post,1602679843,neutral
jb04l7,redditrequest,post,1602680135,neutral
jb0590,redditrequest,post,1602680210,neutral
jb0nn8,redditrequest,post,1602682116,neutral
jb0wtv,redditrequest,post,1602683032,neutral
jb1eba,redditrequest,post,1602684702,neutral
jb1vlp,redditrequest,post,1602686303,neutral
jb2hxo,redditrequest,post,1602688294,neutral
jb5zrp,redditrequest,post,1602698737,neutral
jb6hju,redditrequest,post,1602700226,neutral
jb9oj0,redditrequest,post,1602709812,neutral
jba2ae,redditrequest,post,1602711053,neutral
jba4xv,redditrequest,post,1602711298,neutral
jba6wi,redditrequest,post,1602711476,neutral
jbalg4,redditrequest,post,1602712785,neutral
jbb0v4,redditrequest,post,1602714178,negative
jbclwg,redditrequest,post,1602719741,neutral
jbgcn6,redditrequest,post,1602733963,neutral
jbibg7,redditrequest,post,1602743151,neutral
jbjezp,redditrequest,post,1602748985,neutral
jbm7lw,redditrequest,post,1602763275,neutral
jbmi39,redditrequest,post,1602764516,neutral
jbmpkd,redditrequest,post,1602765379,neutral
jbmqsb,redditrequest,post,1602765516,neutral
jbnjox,redditrequest,post,1602768553,neutral
jbno0t,redditrequest,post,1602768971,neutral
jbojwl,redditrequest,post,1602772051,neutral
jbpkcb,redditrequest,post,1602775273,neutral
jbq7z1,redditrequest,post,1602777302,neutral
jbr4hy,redditrequest,post,1602780027,neutral
jbrfxp,redditrequest,post,1602780972,neutral
jbrofu,redditrequest,post,1602781651,neutral
jbrzw6,redditrequest,post,1602782599,neutral
jbs3hj,redditrequest,post,1602782897,neutral
jbszvf,redditrequest,post,1602785663,neutral
jbt2x2,redditrequest,post,1602785938,neutral
jbt3ul,redditrequest,post,1602786025,neutral
jbthag,redditrequest,post,1602787172,neutral
jbtrq7,redditrequest,post,1602788056,neutral
jbu3dt,redditrequest,post,1602789034,neutral
jbvq8u,redditrequest,post,1602794073,neutral
jbw5x6,redditrequest,post,1602795466,neutral
jbxrdg,redditrequest,post,1602800886,neutral
jbyoso,redditrequest,post,1602804263,neutral
jbyym4,redditrequest,post,1602805309,neutral
jc0bms,redditrequest,post,1602810637,neutral
jc15a8,redditrequest,post,1602813947,neutral
jc21i8,redditrequest,post,1602817568,neutral
jc39xv,redditrequest,post,1602822577,neutral
jc3gvx,redditrequest,post,1602823455,neutral
jc3u5l,redditrequest,post,1602825199,neutral
jc46wo,redditrequest,post,1602826745,negative
jc4fv5,redditrequest,post,1602827945,neutral
jc65rq,redditrequest,post,1602836819,neutral
jc78k5,redditrequest,post,1602842939,neutral
jc7vz6,redditrequest,post,1602846480,neutral
jc8psw,redditrequest,post,1602850502,neutral
jca3hz,redditrequest,post,1602856018,neutral
jcaf9e,redditrequest,post,1602857203,neutral
jcdlbb,redditrequest,post,1602867459,neutral
jcdmxa,redditrequest,post,1602867599,neutral
jcdrrq,redditrequest,post,1602868010,neutral
jcdvqc,redditrequest,post,1602868348,neutral
jceg39,redditrequest,post,1602870157,neutral
jcf65j,redditrequest,post,1602872440,neutral
jcficc,redditrequest,post,1602873458,neutral
jcgt9j,redditrequest,post,1602877497,neutral
jcgudv,redditrequest,post,1602877602,neutral
jciibq,redditrequest,post,1602883436,neutral
jcil3l,redditrequest,post,1602883679,neutral
jcj52h,redditrequest,post,1602885478,neutral
jcj77b,redditrequest,post,1602885678,neutral
jckep7,redditrequest,post,1602890080,neutral
jcm30d,redditrequest,post,1602896666,neutral
jcm5cm,redditrequest,post,1602896933,neutral
jcnr9y,redditrequest,post,1602903796,neutral
jcnsk5,redditrequest,post,1602903955,neutral
jcocg1,redditrequest,post,1602906514,neutral
jcqit3,redditrequest,post,1602917597,neutral
jcrgm7,redditrequest,post,1602923044,neutral
jcrmm7,redditrequest,post,1602924065,neutral
jcrrfi,redditrequest,post,1602924831,neutral
jcrx32,redditrequest,post,1602925730,neutral
jcty75,redditrequest,post,1602936220,neutral
jcvcjw,redditrequest,post,1602942260,neutral
jcvdav,redditrequest,post,1602942339,neutral
jcvlng,redditrequest,post,1602943242,neutral
jcvmfo,redditrequest,post,1602943318,neutral
jcwgd0,redditrequest,post,1602946258,neutral
jcx6iu,redditrequest,post,1602948729,neutral
jcx8sd,redditrequest,post,1602948931,neutral
jcyxfr,redditrequest,post,1602954450,neutral
jczbjo,redditrequest,post,1602955753,neutral
jczqja,redditrequest,post,1602957146,neutral
jd0gcg,redditrequest,post,1602959534,neutral
jd1l6x,redditrequest,post,1602963311,neutral
jd2dpv,redditrequest,post,1602966028,neutral
jd3ld9,redditrequest,post,1602970213,neutral
jd5z3t,redditrequest,post,1602978973,neutral
jd6n8x,redditrequest,post,1602981618,neutral
jd6ye3,redditrequest,post,1602982829,neutral
jd8onr,redditrequest,post,1602989846,negative
jd8wi4,redditrequest,post,1602990747,neutral
jdbcv2,redditrequest,post,1603002407,neutral
jdbelm,redditrequest,post,1603002670,neutral
jdbg4w,redditrequest,post,1603002892,neutral
jdbn13,redditrequest,post,1603003909,neutral
jdc6ft,redditrequest,post,1603006831,neutral
jdc7ia,redditrequest,post,1603007004,neutral
jddd6x,redditrequest,post,1603013191,neutral
jddktv,redditrequest,post,1603014324,neutral
jdeg1s,redditrequest,post,1603018901,neutral
jdeqks,redditrequest,post,1603020438,neutral
jdfmwl,redditrequest,post,1603024724,neutral
jdgp6l,redditrequest,post,1603029234,neutral
jdimj6,redditrequest,post,1603036356,neutral
jdj043,redditrequest,post,1603037657,neutral
jdkvr5,redditrequest,post,1603043916,neutral
jdmxu5,redditrequest,post,1603050598,neutral
jdn20q,redditrequest,post,1603050985,neutral
jdn5nb,redditrequest,post,1603051304,neutral
jdnnjw,redditrequest,post,1603052945,neutral
jdo4zj,redditrequest,post,1603054586,neutral
jdpcu7,redditrequest,post,1603058646,neutral
jds1rc,redditrequest,post,1603068759,neutral
jdu1wc,redditrequest,post,1603076965,neutral
jdu7la,redditrequest,post,1603077647,neutral
jdu8ac,redditrequest,post,1603077728,neutral
jdu8t0,redditrequest,post,1603077790,neutral
jducmz,redditrequest,post,1603078251,neutral
jdv8f5,redditrequest,post,1603082259,neutral
jdvo9u,redditrequest,post,1603084313,neutral
jdvrae,redditrequest,post,1603084728,neutral
jdw7yj,redditrequest,post,1603087087,neutral
jdx5dx,redditrequest,post,1603091885,neutral
jdz2j0,redditrequest,post,1603102641,neutral
jdzn4y,redditrequest,post,1603105667,negative
je2aoj,redditrequest,post,1603116541,neutral
je2ifp,redditrequest,post,1603117302,neutral
je2wlm,redditrequest,post,1603118613,neutral
je30vg,redditrequest,post,1603119015,neutral
je38gg,redditrequest,post,1603119694,neutral
je3gnl,redditrequest,post,1603120427,neutral
je3ioe,redditrequest,post,1603120619,neutral
je3oiw,redditrequest,post,1603121138,neutral
je3qb2,redditrequest,post,1603121298,neutral
je45hc,redditrequest,post,1603122584,neutral
je4795,redditrequest,post,1603122737,neutral
je4a4w,redditrequest,post,1603122977,neutral
je4e8p,redditrequest,post,1603123305,neutral
je4zed,redditrequest,post,1603125014,neutral
je5241,redditrequest,post,1603125244,neutral
je5g8l,redditrequest,post,1603126455,neutral
je5pe8,redditrequest,post,1603127230,neutral
je6bfx,redditrequest,post,1603129020,neutral
je6ifu,redditrequest,post,1603129555,neutral
je6jhu,redditrequest,post,1603129638,neutral
je79rf,redditrequest,post,1603131704,neutral
je878q,redditrequest,post,1603134241,neutral
je8jln,redditrequest,post,1603135187,neutral
je8mt3,redditrequest,post,1603135435,neutral
je8nrn,redditrequest,post,1603135508,neutral
jead3k,redditrequest,post,1603140249,neutral
jeazxo,redditrequest,post,1603142123,neutral
jebfvt,redditrequest,post,1603143462,neutral
jec5b0,redditrequest,post,1603145585,neutral
jecbrh,redditrequest,post,1603146141,neutral
jedk09,redditrequest,post,1603150054,neutral
jedu8h,redditrequest,post,1603151024,neutral
jeeywk,redditrequest,post,1603154839,neutral
jefj3d,redditrequest,post,1603156777,neutral
jefkfb,redditrequest,post,1603156907,neutral
jefku0,redditrequest,post,1603156952,neutral
jehnjx,redditrequest,post,1603164604,neutral
jehq60,redditrequest,post,1603164876,neutral
jej5q0,redditrequest,post,1603171051,neutral
jej7gi,redditrequest,post,1603171286,neutral
jejs86,redditrequest,post,1603174138,neutral
jekgtp,redditrequest,post,1603177546,neutral
jenhm7,redditrequest,post,1603192701,neutral
jenq3o,redditrequest,post,1603193770,neutral
jenre1,redditrequest,post,1603193915,neutral
jenwem,redditrequest,post,1603194514,neutral
jeqs06,redditrequest,post,1603204743,neutral
jes62a,redditrequest,post,1603208907,neutral
jes7i5,redditrequest,post,1603209027,neutral
jesexu,redditrequest,post,1603209637,neutral
jesl3l,redditrequest,post,1603210124,neutral
jeso5c,redditrequest,post,1603210373,neutral
jespj6,redditrequest,post,1603210486,neutral
jeunso,redditrequest,post,1603216163,neutral
jeuny0,redditrequest,post,1603216175,neutral
jeuwbf,redditrequest,post,1603216843,neutral
jev393,redditrequest,post,1603217393,neutral
jevwxm,redditrequest,post,1603219685,neutral
jew2zv,redditrequest,post,1603220186,neutral
jex1kp,redditrequest,post,1603223059,neutral
jex2ki,redditrequest,post,1603223143,neutral
jexfs5,redditrequest,post,1603224271,neutral
jexxu1,redditrequest,post,1603225813,neutral
jeyg4b,redditrequest,post,1603227420,neutral
jezscz,redditrequest,post,1603231485,neutral
jf3ams,redditrequest,post,1603243388,neutral
jf4mm4,redditrequest,post,1603248209,neutral
jf589r,redditrequest,post,1603250550,neutral
jf5imu,redditrequest,post,1603251764,neutral
jf6sqw,redditrequest,post,1603257442,neutral
jf6uzb,redditrequest,post,1603257740,neutral
jf6v0v,redditrequest,post,1603257745,neutral
jf74s9,redditrequest,post,1603259031,neutral
jf79eu,redditrequest,post,1603259684,neutral
jf7c8h,redditrequest,post,1603260083,neutral
jf7ct7,redditrequest,post,1603260154,neutral
jf7fav,redditrequest,post,1603260496,neutral
jf7muf,redditrequest,post,1603261582,neutral
jf88rq,redditrequest,post,1603264681,neutral
jfa9ta,redditrequest,post,1603275876,neutral
jfa9ug,redditrequest,post,1603275881,neutral
jfah4u,redditrequest,post,1603276950,neutral
jfal0s,redditrequest,post,1603277490,neutral
jfbnyg,redditrequest,post,1603282550,neutral
jfc4wj,redditrequest,post,1603284493,neutral
jfc89w,redditrequest,post,1603284846,neutral
jfcb04,redditrequest,post,1603285144,neutral
jfcoc0,redditrequest,post,1603286481,neutral
jfdr8a,redditrequest,post,1603290148,neutral
jfdtc4,redditrequest,post,1603290344,neutral
jff9up,redditrequest,post,1603294911,neutral
jffdh5,redditrequest,post,1603295232,neutral
jffh7z,redditrequest,post,1603295546,neutral
jffhro,redditrequest,post,1603295590,neutral
jfgglh,redditrequest,post,1603298519,neutral
jfiqvh,redditrequest,post,1603305378,neutral
jfjrtt,redditrequest,post,1603308444,neutral
jfl8fl,redditrequest,post,1603312938,neutral
jfnbqg,redditrequest,post,1603319689,neutral
jfnhop,redditrequest,post,1603320247,neutral
jfnxb9,redditrequest,post,1603321774,neutral
jfo3m0,redditrequest,post,1603322387,neutral
jfph8u,redditrequest,post,1603327412,neutral
jfr7i7,redditrequest,post,1603333918,neutral
jfr9db,redditrequest,post,1603334117,neutral
jfrmih,redditrequest,post,1603335554,neutral
jfrv4b,redditrequest,post,1603336512,neutral
jft7ie,redditrequest,post,1603342196,neutral
jftpho,redditrequest,post,1603344511,neutral
jfuypq,redditrequest,post,1603350766,neutral
jfw84p,redditrequest,post,1603357701,neutral
jfwgfl,redditrequest,post,1603358996,neutral
jfwlb1,redditrequest,post,1603359726,neutral
jfy9u2,redditrequest,post,1603368054,neutral
jfyl0k,redditrequest,post,1603369325,neutral
jg0p0d,redditrequest,post,1603377063,neutral
jg3ahc,redditrequest,post,1603385115,neutral
jg50jc,redditrequest,post,1603390208,neutral
jg5ui3,redditrequest,post,1603392658,neutral
jg5woc,redditrequest,post,1603392825,neutral
jg6bbq,redditrequest,post,1603393977,neutral
jg6bol,redditrequest,post,1603394004,neutral
jg6e29,redditrequest,post,1603394198,neutral
jg7hll,redditrequest,post,1603397402,neutral
jg7oc4,redditrequest,post,1603397965,neutral
jg7si4,redditrequest,post,1603398309,neutral
jgcb65,redditrequest,post,1603413064,neutral
jgfw4g,redditrequest,post,1603426409,neutral
jgg09z,redditrequest,post,1603426880,neutral
jggggx,redditrequest,post,1603428734,neutral
jghp2g,redditrequest,post,1603434347,neutral
jghsmt,redditrequest,post,1603434842,neutral
jghsq2,redditrequest,post,1603434853,neutral
jgl9y1,redditrequest,post,1603452346,neutral
jgmu5z,redditrequest,post,1603458710,neutral
jgn4a1,redditrequest,post,1603459748,neutral
jgpb73,redditrequest,post,1603467022,neutral
jgpdf6,redditrequest,post,1603467213,neutral
jgrkcs,redditrequest,post,1603473880,neutral
jgrxep,redditrequest,post,1603474997,neutral
jgsbk6,redditrequest,post,1603476207,neutral
jgshhu,redditrequest,post,1603476706,neutral
jgszae,redditrequest,post,1603478233,neutral
jgunrh,redditrequest,post,1603483527,neutral
jgv43t,redditrequest,post,1603484975,negative
jgvcjk,redditrequest,post,1603485718,neutral
jgwfjw,redditrequest,post,1603489191,neutral
jgxmrq,redditrequest,post,1603493205,neutral
jgxrov,redditrequest,post,1603493699,neutral
jgylv7,redditrequest,post,1603496731,neutral
jgyo9w,redditrequest,post,1603496988,neutral
jgywvk,redditrequest,post,1603497858,neutral
jgzi48,redditrequest,post,1603500127,negative
jgzzpg,redditrequest,post,1603502065,neutral
jh04xz,redditrequest,post,1603502668,neutral
jh0sp6,redditrequest,post,1603505358,neutral
jh0tl4,redditrequest,post,1603505463,neutral
jh0v70,redditrequest,post,1603505641,neutral
jh0y8n,redditrequest,post,1603505995,neutral
jh13iu,redditrequest,post,1603506596,neutral
jh2ti3,redditrequest,post,1603514017,neutral
jh3cer,redditrequest,post,1603516490,neutral
jh799l,redditrequest,post,1603538288,neutral
jh8vme,redditrequest,post,1603545953,neutral
jh943w,redditrequest,post,1603546937,neutral
jh9y1n,redditrequest,post,1603550133,neutral
jhbi6q,redditrequest,post,1603555714,neutral
jhbtq1,redditrequest,post,1603556844,neutral
jhbv2k,redditrequest,post,1603556972,neutral
jhde3x,redditrequest,post,1603562260,neutral
jhdfxv,redditrequest,post,1603562421,neutral
jhghhn,redditrequest,post,1603572719,neutral
jhgjgu,redditrequest,post,1603572920,negative
jhgv9x,redditrequest,post,1603574046,neutral
jhgvmh,redditrequest,post,1603574079,neutral
jhihcm,redditrequest,post,1603579760,neutral
jhiypm,redditrequest,post,1603581557,neutral
jhjccz,redditrequest,post,1603582965,neutral
jhjxcu,redditrequest,post,1603585249,neutral
jhk5ul,redditrequest,post,1603586189,neutral
jhk9ba,redditrequest,post,1603586591,neutral
jhkl58,redditrequest,post,1603587911,neutral
jhlp0k,redditrequest,post,1603592528,neutral
jhlpni,redditrequest,post,1603592610,neutral
jhmufy,redditrequest,post,1603597588,neutral
jhnklb,redditrequest,post,1603600975,neutral
jho4vv,redditrequest,post,1603603731,neutral
jho651,redditrequest,post,1603603907,neutral
jho9yd,redditrequest,post,1603604436,neutral
jhou41,redditrequest,post,1603607424,neutral
jhp6sh,redditrequest,post,1603609412,neutral
jhpus8,redditrequest,post,1603613318,neutral
jhqiib,redditrequest,post,1603617283,neutral
jhry75,redditrequest,post,1603625666,neutral
jhwmsy,redditrequest,post,1603644763,neutral
jhxoa6,redditrequest,post,1603648374,neutral
jhxukh,redditrequest,post,1603648966,neutral
jhy74d,redditrequest,post,1603650112,neutral
jhyipc,redditrequest,post,1603651175,neutral
jhyr7v,redditrequest,post,1603651952,neutral
jhyse7,redditrequest,post,1603652056,neutral
jhz7pg,redditrequest,post,1603653481,neutral
ji0yvh,redditrequest,post,1603659231,neutral
ji1q98,redditrequest,post,1603661765,neutral
ji22rq,redditrequest,post,1603662953,neutral
ji23j5,redditrequest,post,1603663027,neutral
ji2gpg,redditrequest,post,1603664270,neutral
ji2hia,redditrequest,post,1603664346,neutral
ji2vpd,redditrequest,post,1603665743,neutral
ji5qib,redditrequest,post,1603676296,neutral
ji6jdz,redditrequest,post,1603679421,negative
ji7tnz,redditrequest,post,1603684786,neutral
ji7wcb,redditrequest,post,1603685105,neutral
ji8gsp,redditrequest,post,1603687672,neutral
ji8zsu,redditrequest,post,1603690291,neutral
ji9lt7,redditrequest,post,1603693553,negative
jicj2m,redditrequest,post,1603710209,negative
jiff94,redditrequest,post,1603722154,neutral
jigcte,redditrequest,post,1603725302,neutral
jigkt1,redditrequest,post,1603726054,neutral
jigll9,redditrequest,post,1603726126,neutral
jihpc4,redditrequest,post,1603729718,neutral
jiidg3,redditrequest,post,1603731735,neutral
jiig57,redditrequest,post,1603731952,neutral
jiiqhf,redditrequest,post,1603732830,neutral
jijd5c,redditrequest,post,1603734699,neutral
jijp0c,redditrequest,post,1603735657,neutral
jilhc8,redditrequest,post,1603741006,neutral
jim9cu,redditrequest,post,1603743295,neutral
jimjru,redditrequest,post,1603744171,neutral
jina4r,redditrequest,post,1603746351,neutral
jinw4u,redditrequest,post,1603748182,neutral
jip2sl,redditrequest,post,1603751983,neutral
jis4ax,redditrequest,post,1603762744,neutral
jiubmn,redditrequest,post,1603771523,neutral
jiuu2b,redditrequest,post,1603773865,neutral
jivvqe,redditrequest,post,1603779105,neutral
jiwkr6,redditrequest,post,1603782951,neutral
jiwpnj,redditrequest,post,1603783737,neutral
jixsfj,redditrequest,post,1603789932,neutral
jiylxe,redditrequest,post,1603794456,neutral
jiz8t1,redditrequest,post,1603797571,neutral
jj3fx0,redditrequest,post,1603813098,neutral
jj4nkq,redditrequest,post,1603816850,neutral
jj54a9,redditrequest,post,1603818279,neutral
jj5fv3,redditrequest,post,1603819282,neutral
jj5vua,redditrequest,post,1603820620,neutral
jj6us9,redditrequest,post,1603823575,neutral
jj8xtq,redditrequest,post,1603829775,neutral
jj9l7w,redditrequest,post,1603831732,neutral
jj9vxl,redditrequest,post,1603832617,neutral
jjbwui,redditrequest,post,1603839002,neutral
jjd1ox,redditrequest,post,1603842847,neutral
jjd3m6,redditrequest,post,1603843033,neutral
jjeokb,redditrequest,post,1603848762,neutral
jjeoxx,redditrequest,post,1603848802,neutral
jjfsnq,redditrequest,post,1603852971,neutral
jjg2mu,redditrequest,post,1603854075,neutral
jjgsp0,redditrequest,post,1603857045,neutral
jjh7gc,redditrequest,post,1603858830,neutral
jjhwd5,redditrequest,post,1603862065,neutral
jjibmv,redditrequest,post,1603864253,neutral
jjikcf,redditrequest,post,1603865492,neutral
jjiktn,redditrequest,post,1603865567,neutral
jjjig1,redditrequest,post,1603870863,neutral
jjjiwh,redditrequest,post,1603870930,neutral
jjk83r,redditrequest,post,1603875031,positive
jjlei7,redditrequest,post,1603881607,neutral
jjlikx,redditrequest,post,1603882170,neutral
jjlwt7,redditrequest,post,1603884117,neutral
jjm6dz,redditrequest,post,1603885403,neutral
jjmg27,redditrequest,post,1603886605,neutral
jjmqds,redditrequest,post,1603887807,neutral
jjmzzm,redditrequest,post,1603888933,neutral
jjnhln,redditrequest,post,1603890814,neutral
jjnp74,redditrequest,post,1603891615,neutral
jjp5sx,redditrequest,post,1603896671,neutral
jjpogz,redditrequest,post,1603898308,neutral
jjptlq,redditrequest,post,1603898779,neutral
jjq155,redditrequest,post,1603899460,neutral
jjqh3g,redditrequest,post,1603900854,neutral
jjr1ay,redditrequest,post,1603902588,neutral
jjrjuo,redditrequest,post,1603904184,neutral
jjrr0u,redditrequest,post,1603904775,neutral
jjsfjm,redditrequest,post,1603906839,neutral
jjsr6m,redditrequest,post,1603907828,neutral
jjsw0o,redditrequest,post,1603908228,neutral
jjsx0a,redditrequest,post,1603908308,neutral
jjszxe,redditrequest,post,1603908546,neutral
jjth28,redditrequest,post,1603910004,neutral
jjthhv,redditrequest,post,1603910039,neutral
jjtmzh,redditrequest,post,1603910511,neutral
jju3p0,redditrequest,post,1603911945,neutral
jjuvhm,redditrequest,post,1603914357,neutral
jjwyrs,redditrequest,post,1603921031,neutral
jjxtab,redditrequest,post,1603923668,neutral
jjzgut,redditrequest,post,1603929519,neutral
jk1ssj,redditrequest,post,1603938156,neutral
jk2yu7,redditrequest,post,1603942866,positive
jk3xww,redditrequest,post,1603947212,neutral
jk64m4,redditrequest,post,1603959176,neutral
jk6s5k,redditrequest,post,1603962985,neutral
jk7jgo,redditrequest,post,1603967161,neutral
jk7nkn,redditrequest,post,1603967752,neutral
jk8lg0,redditrequest,post,1603972360,neutral
jk8y03,redditrequest,post,1603973874,neutral
jk953e,redditrequest,post,1603974719,neutral
jk9j2s,redditrequest,post,1603976282,neutral
jk9qen,redditrequest,post,1603977024,neutral
jkalnh,redditrequest,post,1603980237,neutral
jkamnq,redditrequest,post,1603980323,neutral
jkb9t8,redditrequest,post,1603982528,neutral
jkbbei,redditrequest,post,1603982673,neutral
jkbinu,redditrequest,post,1603983361,neutral
jkbk3l,redditrequest,post,1603983495,neutral
jkbwcl,redditrequest,post,1603984586,neutral
jkc0zw,redditrequest,post,1603985003,neutral
jkck31,redditrequest,post,1603986682,neutral
jkcxmc,redditrequest,post,1603987828,neutral
jkd08x,redditrequest,post,1603988060,neutral
jkd0a8,redditrequest,post,1603988063,neutral
jkddsc,redditrequest,post,1603989255,neutral
jkfwir,redditrequest,post,1603996856,neutral
jkgrnc,redditrequest,post,1603999500,neutral
jkhxox,redditrequest,post,1604003106,neutral
jki5yr,redditrequest,post,1604003799,neutral
jkitf3,redditrequest,post,1604005748,neutral
jklwhn,redditrequest,post,1604015733,neutral
jklxcd,redditrequest,post,1604015820,neutral
jkmy6i,redditrequest,post,1604019408,neutral
jknx4s,redditrequest,post,1604022899,neutral
jko28a,redditrequest,post,1604023395,neutral
jkobvt,redditrequest,post,1604024375,neutral
jkofyb,redditrequest,post,1604024776,neutral
jkpclq,redditrequest,post,1604028270,neutral
jkpkqa,redditrequest,post,1604029189,neutral
jkr876,redditrequest,post,1604036751,neutral
jkr9k7,redditrequest,post,1604036953,neutral
jkrjg8,redditrequest,post,1604038438,neutral
jkrk39,redditrequest,post,1604038527,neutral
jks8r7,redditrequest,post,1604042308,neutral
jkstpu,redditrequest,post,1604045654,neutral
jkt2gk,redditrequest,post,1604047086,neutral
jku20u,redditrequest,post,1604052494,neutral
jkudc0,redditrequest,post,1604054147,neutral
jkxzj3,redditrequest,post,1604068832,neutral
jky14y,redditrequest,post,1604068983,neutral
jl1xf9,redditrequest,post,1604081287,neutral
jl3n50,redditrequest,post,1604086779,neutral
jl40vg,redditrequest,post,1604087995,neutral
jl5lom,redditrequest,post,1604093143,neutral
jl8b81,redditrequest,post,1604102616,neutral
jl9asv,redditrequest,post,1604106271,neutral
jldstp,redditrequest,post,1604126444,neutral
jleoby,redditrequest,post,1604131698,neutral
jlfvcz,redditrequest,post,1604138767,neutral
jlgg26,redditrequest,post,1604141767,neutral
jlhr0k,redditrequest,post,1604148307,neutral
jlk3ij,redditrequest,post,1604157461,neutral
jlkfx3,redditrequest,post,1604158690,neutral
jlkgq4,redditrequest,post,1604158765,neutral
jlmpyg,redditrequest,post,1604166480,neutral
jlo82e,redditrequest,post,1604171602,neutral
jlpkgs,redditrequest,post,1604176352,neutral
jlq0lv,redditrequest,post,1604177953,neutral
jlqgn8,redditrequest,post,1604179567,neutral
jlrzoq,redditrequest,post,1604185323,neutral
jhgy0w,redditrequest,post,1603574310,neutral
j5gkl7,smalldickproblems,post,1601891474,positive
jalg2n,snackexchange,post,1602620045,positive
j4nm9o,sodapoppin,post,1601762327,neutral
jc06px,startrek,post,1602810098,negative
jbo1hz,supermoto,post,1602770302,neutral
j5ctro,teenagers,post,1601870649,negative
jiox6t,transgendercirclejerk,post,1603751450,negative
jcjn10,virgin,post,1602887223,negative
j39a5x,wallstreetbets,post,1601561445,negative
jldzxf,AutoModerator,post,1604127614,neutral
jbs6s8,MCSXbox,post,1602783182,negative
jbnbmq,OldSchoolCool,post,1602767742,neutral
jbngqb,OldSchoolCool,post,1602768248,neutral
j89w4h,Rants,post,1602286280,negative
jidjl3,Steam,post,1603714972,neutral
j6uteh,TooAfraidToAsk,post,1602090537,neutral
jdk1yl,YouTube_startups,post,1603041154,neutral
j3j2bp,atheism,post,1601592262,neutral
jbommo,conspiracy,post,1602772308,negative
j5rley,copypasta,post,1601930999,negative
j60chd,copypasta,post,1601966612,neutral
j3imad,cripplingalcoholism,post,1601590692,neutral
j86wxt,factorio,post,1602276088,neutral
jdiosc,factorio,post,1603036593,negative
j4rh7j,knifeclub,post,1601778288,neutral
jlrutd,knifeclub,post,1604184806,neutral
j36epu,malefashionadvice,post,1601550075,neutral
jjknf0,memes,post,1603877516,neutral
jkyjbt,mentalhealth,post,1604070636,neutral
jjoccg,milwaukee,post,1603893891,neutral
j9wury,modhelp,post,1602528393,neutral
jagrbb,redditrequest,post,1602606116,negative
ji4tob,redditrequest,post,1603672817,neutral
jkohmk,redditrequest,post,1604024938,neutral
j7pwv1,redditrequest,post,1602206630,neutral
jbh046,redditrequest,post,1602736828,neutral
jhl9um,redditrequest,post,1603590777,neutral
j9hbbg,redditrequest,post,1602464447,neutral
j5c9yt,sexover30,post,1601868119,positive
j5u6z1,shittyaskreddit,post,1601939881,negative
jbs2hp,teenagers,post,1602782817,neutral
j6xs45,whatisthisthing,post,1602099567,neutral
j3wldh,2007scape,post,1601652508,neutral
j5ohxr,Achievement_Hunter,post,1601921223,positive
j2y6rp,AskReddit,post,1601512051,negative
j2y7lm,AskReddit,post,1601512138,negative
j2y840,AskReddit,post,1601512194,negative
j2y8sf,AskReddit,post,1601512260,negative
j2y9dx,AskReddit,post,1601512321,negative
j2zig4,AskReddit,post,1601517169,neutral
j33zhm,AskReddit,post,1601537063,negative
j3hhj2,AskReddit,post,1601586905,neutral
j3ri3a,AskReddit,post,1601630967,negative
j3riiy,AskReddit,post,1601631040,neutral
j3rknz,AskReddit,post,1601631397,negative
j3rlvt,AskReddit,post,1601631595,neutral
j467uz,AskReddit,post,1601684878,negative
j468cs,AskReddit,post,1601684933,negative
j46mjc,AskReddit,post,1601686587,negative
j48s26,AskReddit,post,1601695918,negative
j4g8yb,AskReddit,post,1601736528,neutral
j4lu5b,AskReddit,post,1601755751,negative
j4oe2t,AskReddit,post,1601765266,neutral
j4tbrx,AskReddit,post,1601787079,negative
j4uad0,AskReddit,post,1601792254,negative
j4ut0m,AskReddit,post,1601795292,negative
j4vkbc,AskReddit,post,1601799872,neutral
j4vlce,AskReddit,post,1601800052,neutral
j52d3x,AskReddit,post,1601831042,negative
j58f2j,AskReddit,post,1601852281,negative
j5ipz0,AskReddit,post,1601901910,neutral
j5rco8,AskReddit,post,1601930209,negative
j5smqg,AskReddit,post,1601934350,negative
j62fts,AskReddit,post,1601978819,neutral
j62zf1,AskReddit,post,1601981804,negative
j67fus,AskReddit,post,1601999237,negative
j67v3i,AskReddit,post,1602000619,negative
j67vvg,AskReddit,post,1602000684,negative
j68h5i,AskReddit,post,1602002563,neutral
j6n8pq,AskReddit,post,1602059427,negative
j6n92o,AskReddit,post,1602059486,negative
j727vi,AskReddit,post,1602114376,neutral
j76t93,AskReddit,post,1602132093,negative
j7jf7x,AskReddit,post,1602184503,negative
j7m1ca,AskReddit,post,1602192891,neutral
j7pjef,AskReddit,post,1602205223,neutral
j893bs,AskReddit,post,1602283443,neutral
j8jcsh,AskReddit,post,1602331624,negative
j8uoih,AskReddit,post,1602372473,negative
j8xohr,AskReddit,post,1602384666,neutral
j8zai5,AskReddit,post,1602392057,negative
j94px2,AskReddit,post,1602420028,neutral
j9g6ks,AskReddit,post,1602459970,negative
j9i5zi,AskReddit,post,1602467880,negative
j9i6wc,AskReddit,post,1602467988,negative
j9ti9l,AskReddit,post,1602518223,neutral
j9tqk7,AskReddit,post,1602518907,neutral
j9usdb,AskReddit,post,1602522172,negative
j9uxba,AskReddit,post,1602522583,negative
j9y9ue,AskReddit,post,1602532732,neutral
j9yuo1,AskReddit,post,1602534495,neutral
ja1p90,AskReddit,post,1602543978,neutral
ja43sl,AskReddit,post,1602553301,negative
jay0dl,AskReddit,post,1602670677,negative
jayy3r,AskReddit,post,1602675139,neutral
jayyuy,AskReddit,post,1602675238,neutral
jb6hz4,AskReddit,post,1602700263,negative
jb79dh,AskReddit,post,1602702558,neutral
jb7ffl,AskReddit,post,1602703082,neutral
jba4tc,AskReddit,post,1602711286,negative
jba5ov,AskReddit,post,1602711368,negative
jbb2s9,AskReddit,post,1602714363,negative
jbb3cz,AskReddit,post,1602714422,neutral
jbf3ly,AskReddit,post,1602728953,negative
jbr7bx,AskReddit,post,1602780257,neutral
jc11fd,AskReddit,post,1602813526,negative
jca50a,AskReddit,post,1602856186,neutral
jcfq4b,AskReddit,post,1602874099,neutral
jcp859,AskReddit,post,1602910716,negative
jcp8pb,AskReddit,post,1602910790,negative
jcsk5p,AskReddit,post,1602929097,neutral
jcyct1,AskReddit,post,1602952595,neutral
jcydvu,AskReddit,post,1602952688,neutral
jcyoea,AskReddit,post,1602953622,negative
jczc5p,AskReddit,post,1602955812,negative
jd4qwh,AskReddit,post,1602974381,negative
jd7rul,AskReddit,post,1602986186,neutral
jdlrol,AskReddit,post,1603046812,neutral
jdtrp7,AskReddit,post,1603075763,negative
jduvvc,AskReddit,post,1603080634,negative
jduw4p,AskReddit,post,1603080669,negative
je3774,AskReddit,post,1603119591,neutral
je3xf0,AskReddit,post,1603121908,neutral
je8ov1,AskReddit,post,1603135596,neutral
jembvj,AskReddit,post,1603187214,neutral
jemcgp,AskReddit,post,1603187300,neutral
jeohzv,AskReddit,post,1603196955,negative
jexuuf,AskReddit,post,1603225555,neutral
jez6y1,AskReddit,post,1603229654,neutral
jf121j,AskReddit,post,1603235639,negative
jf2add,AskReddit,post,1603239826,negative
jf2cd8,AskReddit,post,1603240029,negative
jf5zms,AskReddit,post,1603253772,neutral
jf6cvx,AskReddit,post,1603255399,negative
jf6rww,AskReddit,post,1603257328,positive
jfa5ih,AskReddit,post,1603275255,neutral
jfh4pn,AskReddit,post,1603300539,negative
jfkqa4,AskReddit,post,1603311375,negative
jflrxm,AskReddit,post,1603314629,negative
jfr8c8,AskReddit,post,1603334009,negative
jfx3e8,AskReddit,post,1603362424,neutral
jjub2s,deadbydaylight,post,1603912596,neutral
jjuey0,deadbydaylight,post,1603912935,negative
j36q5l,eroticauthors,post,1601551539,neutral
j9qxr4,facepalm,post,1602509537,negative
j4wpw3,leagueoflegends,post,1601806642,negative
jj996c,madlads,post,1603830713,neutral
jiafiq,memes,post,1603698212,negative
jjzies,redditrequest,post,1603929666,neutral
jgk3j4,redditrequest,post,1603446496,neutral
jet339,redditrequest,post,1603211569,neutral
jbhft8,redditrequest,post,1602738870,neutral
jffn5j,redditrequest,post,1603296048,neutral
j601rr,redditrequest,post,1601964960,neutral
jdvgq9,tampabayrays,post,1603083329,neutral
j4w4ua,thewalkingdead,post,1601803355,neutral
jhk8te,uncharted,post,1603586531,positive
j7m6yb,witcher,post,1602193397,positive
j7h2p2,yesyesyesyesno,post,1602177123,positive
j7rxel,Animemes,post,1602214814,negative
jcku46,Beatmatch,post,1602891726,neutral
jcvi8b,CryptoCurrency,post,1602942875,neutral
j398qy,Dogtraining,post,1601561313,neutral
ja428l,GYM,post,1602553139,negative
jdbayf,Grimdank,post,1603002120,neutral
jc8ssb,IndianGaming,post,1602850875,positive
jjdu2a,JustUnsubbed,post,1603845635,negative
j4si88,LGBTrees,post,1601783009,neutral
jip1zh,Minecraft,post,1603751904,neutral
jdi1nv,RocketLeague,post,1603034377,neutral
jckjoc,SquaredCircle,post,1602890608,negative
jkpesj,SquaredCircle,post,1604028509,negative
jkpqtc,SquaredCircle,post,1604029912,negative
jkpvga,SquaredCircle,post,1604030459,negative
je1gl2,conspiracy,post,1603113450,negative
jjobsy,conspiracy,post,1603893840,negative
j7u3gf,cringe,post,1602225409,negative
jgvn16,cringe,post,1603486665,neutral
jgwnaf,discordapp,post,1603489933,positive
j56k42,help,post,1601845439,neutral
j4z6of,moviescirclejerk,post,1601819215,negative
j7erzd,nba,post,1602169819,neutral
jlqph8,redditrequest,post,1604180468,neutral
jgozt4,redditrequest,post,1603466011,negative
jkl9bw,redditrequest,post,1604013572,neutral
j5t3rb,redditrequest,post,1601935956,neutral
j56wp6,redditrequest,post,1601846690,negative
j7g11a,schnauzers,post,1602173839,negative
j7kl92,schnauzers,post,1602188108,neutral
j892d9,schnauzers,post,1602283350,negative
j45rc6,self,post,1601682988,neutral
j86cqb,sheffield,post,1602274287,neutral
ja2m7a,teenagers,post,1602547390,negative
jfbqbe,2b2t,post,1603282822,neutral
j9avxy,ACTrade,post,1602441807,neutral
j9bq4v,ACTrade,post,1602444521,neutral
j6g9oy,Advice,post,1602027675,neutral
j8re0n,Advice,post,1602360737,neutral
jbfam0,Advice,post,1602729682,neutral
jcfqws,Advice,post,1602874168,neutral
jehgcu,Advice,post,1603163855,neutral
ji1v17,Advice,post,1603662216,negative
jlprtj,Advice,post,1604177071,negative
j3yvdx,redditrequest,post,1601659615,neutral
jh4qlb,straya,post,1603523854,neutral
jd5zxd,uwo,post,1602979058,neutral
jfzojx,Amd,post,1603373529,negative
jf50og,AskOuija,post,1603249706,neutral
jg2w93,AskOuija,post,1603383938,negative
jibb10,AskOuija,post,1603703405,neutral
jibb5s,AskOuija,post,1603703425,negative
j50lls,AskReddit,post,1601824787,negative
jdfm27,AskReddit,post,1603024620,neutral
jj3k68,AskUK,post,1603813465,neutral
j94qv6,BatmanArkham,post,1602420139,positive
j7f0oc,Conservative,post,1602170624,negative
j7l3n9,Conservative,post,1602189780,negative
jd3yz8,Conservative,post,1602971569,negative
jlgohq,GoneWildCD,post,1604142978,negative
jlqaaa,Hiphopcirclejerk,post,1604178901,neutral
jce3ao,LGBTeens,post,1602869028,neutral
jhsis9,MDMA,post,1603628726,negative
jjvqgd,ModSupport,post,1603917072,neutral
j4olhl,ShadowBan,post,1601766082,negative
ji57mv,UFOs,post,1603674262,negative
j8wxow,aliens,post,1602381555,neutral
jjt8p8,boardsofcanada,post,1603909300,neutral
jd0e9l,booksuggestions,post,1602959335,neutral
jdydgg,dankmemes,post,1603098747,negative
j69czl,dankmemes,post,1602005260,negative
j81gf0,dankmemes,post,1602258645,neutral
j4w2pa,dankmemes,post,1601803028,negative
j6fuxk,dankmemes,post,1602026134,neutral
jdno1g,dogpictures,post,1603052992,neutral
je2dm6,hoggit,post,1603116825,neutral
jf2m10,kpophelp,post,1603240965,neutral
j5e6bz,leagueoflegends,post,1601877296,negative
j48dlg,lgbt,post,1601694095,neutral
j4ceu1,madlads,post,1601714382,neutral
jbvsni,marvelstudios,post,1602794287,neutral
ji9wph,mildlyinfuriating,post,1603695223,neutral
ji9wtr,mildlyinfuriating,post,1603695242,neutral
jlcfeo,minnesotavikings,post,1604119206,negative
jfwf3g,needamod,post,1603358786,neutral
j6g63x,nukedmemes,post,1602027287,neutral
jhbt59,redditrequest,post,1603556789,neutral
j5lt1a,redditrequest,post,1601912871,neutral
jen1cj,redditrequest,post,1603190710,neutral
jgbkly,redditrequest,post,1603410463,neutral
jg36bl,redditrequest,post,1603384767,neutral
jcakpl,redditrequest,post,1602857731,neutral
jj66rn,teenagers,post,1603821552,negative
jkfdp8,unpopularopinion,post,1603995289,negative
jkhepl,weightwatchers,post,1604001478,neutral
jftda0,Antitheism,post,1603342932,negative
j43vj4,Anxiety,post,1601675757,neutral
jdk3jw,Astros,post,1603041312,positive
jd2b04,AutoModerator,post,1602965750,neutral
jb3l08,ChildrenFallingOver,post,1602691628,neutral
j3u5v0,ConspiracyII,post,1601644225,negative
ja8n8l,ConspiracyII,post,1602573716,neutral
jiu07g,ConspiracyII,post,1603770147,negative
jbttbb,Cricket,post,1602788191,neutral
jequdw,Cricket,post,1603204940,negative
jfzlp4,PewdiepieSubmissions,post,1603373242,negative
j4u3bj,SCJerk,post,1601791156,negative
j3gdkz,SquaredCircle,post,1601583408,neutral
j4m35g,SquaredCircle,post,1601756692,neutral
jiriyf,Swingers,post,1603760553,neutral
jjzs4b,WatchRedditDie,post,1603930609,negative
j575vb,armenia,post,1601847585,negative
j6hvqk,armenia,post,1602033913,neutral
j6nddv,armenia,post,1602060212,neutral
j6ndkf,armenia,post,1602060235,neutral
j9ery4,armenia,post,1602454681,neutral
j9r6jx,armenia,post,1602510453,negative
jagyph,armenia,post,1602606750,negative
jdhll6,armenia,post,1603032727,neutral
jduf5c,armenia,post,1603078558,neutral
jfame3,armenia,post,1603277692,negative
jhffuq,childfree,post,1603569139,neutral
jbeyzu,circlebroke2,post,1602728454,negative
jha93f,coys,post,1603551276,positive
j31q7s,dankmemes,post,1601526199,neutral
jhkdij,dankmemes,post,1603587064,neutral
jk761j,discordapp,post,1603965148,neutral
jle466,forsen,post,1604128266,neutral
jhnfi7,leagueoflegends,post,1603600311,negative
j7if9s,leaves,post,1602181328,negative
jbdhwu,leaves,post,1602722904,neutral
jcc90g,lgbt,post,1602863291,negative
j86n9u,mcrealmsservers,post,1602275218,neutral
j2yb94,medical,post,1601512521,negative
jdbmyg,memes,post,1603003898,neutral
j8e2gq,moviescirclejerk,post,1602303556,negative
jij1d1,rant,post,1603733732,negative
j53u9p,reddevils,post,1601836171,negative
jg46qz,redditrequest,post,1603387732,neutral
je2l1x,redditrequest,post,1603117548,neutral
j5gtne,redditrequest,post,1601892848,neutral
jkoeq8,redditrequest,post,1604024652,neutral
ja5o8e,roosterteeth,post,1602559636,neutral
jibc1h,teenagers,post,1603703570,negative
jas224,teenagers,post,1602642576,negative
jf31ti,teenagers,post,1603242512,neutral
jev9tc,teenagers,post,1603217933,neutral
jido6v,teenagers,post,1603715533,negative
jk3hxh,AmItheAsshole,post,1603945152,negative
jgsc2n,AmItheAsshole,post,1603476248,negative
jgtfs6,AmItheAsshole,post,1603479672,negative
jfa5v2,AskReddit,post,1603275305,neutral
j9nuo5,Assistance,post,1602495361,neutral
j4z69u,BatmanArkham,post,1601819164,neutral
jcnupn,Brawlstars,post,1602904240,neutral
jalrst,Comcast_Xfinity,post,1602621052,negative
j7k12f,Izlam,post,1602186363,neutral
jj5cdb,Izlam,post,1603818984,neutral
j6lzci,Phillylist,post,1602052207,neutral
jcjygh,UBC,post,1602888391,neutral
jcettr,WayOfTheBern,post,1602871370,positive
jah5xi,astrology,post,1602607363,neutral
jivi04,awakened,post,1603777099,positive
j715z9,cardano,post,1602110599,neutral
jea8xg,education,post,1603139926,neutral
jklxty,exxxchange,post,1604015867,neutral
jh7dgw,fasting,post,1603538927,negative
jjgizn,help,post,1603855923,neutral
jkw3gb,help,post,1604062051,neutral
jgd36v,help,post,1603415896,neutral
jfm482,ideasfortheadmins,post,1603315710,neutral
jjdzva,PurplePillDebate,post,1603846233,neutral
j5cchp,Spokane,post,1601881210,neutral
jbob4x,TwoSentenceHorror,post,1602771195,negative
j3sfjm,WatchRedditDie,post,1601636191,negative
j5i6tg,blogsnark,post,1601899615,neutral
jar4tq,conservatives,post,1602639126,positive
j845hw,csgo,post,1602267157,negative
j848ze,csgo,post,1602267479,negative
j7jjbo,dankmemes,post,1602184846,neutral
j6yaxq,europe,post,1602101143,negative
j5jtsi,forhonor,post,1601906151,neutral
j4bval,foxholegame,post,1601711278,negative
jheakc,geometrydash,post,1603565282,negative
j7jilp,help,post,1602184787,neutral
jke0fs,modhelp,post,1603991190,neutral
jchm0d,moviescirclejerk,post,1602880100,positive
jf7ssm,redditrequest,post,1603262415,neutral
j60w5a,redditrequest,post,1601969639,neutral
jdlsjn,redditrequest,post,1603046896,neutral
jf454k,redditrequest,post,1603246401,neutral
jijpll,redditrequest,post,1603735703,neutral
jad7wz,redditrequest,post,1602595179,neutral
j6zvwn,sportsbook,post,1602106260,negative
jbrv1y,teenagers,post,1602782195,neutral
j6j9x6,unpopularopinion,post,1602039560,negative
j42onp,wallstreetbets,post,1601671649,negative
jdtqke,Advice,post,1603075629,negative
ja1xlu,Advice,post,1602544850,neutral
j2ziwj,Assistance,post,1601517220,neutral
jf3qw6,BlackPeopleTwitter,post,1603244995,negative
j8ffjr,FireEmblemHeroes,post,1602310145,neutral
jjlqzp,HistoryMemes,post,1603883333,neutral
j45bby,MaddenUltimateTeam,post,1601681217,neutral
jfnvft,MaddenUltimateTeam,post,1603321589,neutral
jkepif,ProtectAndServe,post,1603993270,negative
jd1eqc,PurplePillDebate,post,1602962702,negative
ji7e3y,TrollMUA,post,1603682899,neutral
jflijp,WatchRedditDie,post,1603313820,negative
j2zc45,dankmemes,post,1601516492,neutral
j34cp6,dankmemes,post,1601539043,neutral
j365gb,dankmemes,post,1601548815,neutral
j38lgn,dankmemes,post,1601559039,neutral
j39kh8,dankmemes,post,1601562371,neutral
j3axwu,dankmemes,post,1601566710,neutral
j3e2ni,dankmemes,post,1601576278,neutral
j3gkan,dankmemes,post,1601583997,negative
j3gmhk,dankmemes,post,1601584193,negative
j3ycr3,dankmemes,post,1601657999,negative
j3zgwr,dankmemes,post,1601661467,neutral
j41ar8,dankmemes,post,1601667180,negative
j459wo,dankmemes,post,1601681052,neutral
j47pzv,dankmemes,post,1601691244,neutral
j4apel,dankmemes,post,1601704659,neutral
j4grd5,dankmemes,post,1601738374,neutral
j4k2sw,dankmemes,post,1601749554,neutral
j4kr1s,dankmemes,post,1601751890,negative
j52b1t,dankmemes,post,1601830854,neutral
j5fcxx,dankmemes,post,1601884096,positive
j5fd7u,dankmemes,post,1601884147,positive
j5lwqn,dankmemes,post,1601913196,neutral
j5mnjp,dankmemes,post,1601915527,neutral
j5p80v,dankmemes,post,1601923472,positive
j5s3jb,dankmemes,post,1601932593,negative
j5zbjl,dankmemes,post,1601961180,negative
j60vli,dankmemes,post,1601969558,neutral
j6gywn,dankmemes,post,1602030349,negative
j6hg9r,dankmemes,post,1602032215,neutral
j70qno,dankmemes,post,1602109115,neutral
j70uvm,dankmemes,post,1602109527,neutral
j71etv,dankmemes,post,1602111474,positive
j76rjl,dankmemes,post,1602131887,negative
j77l3q,dankmemes,post,1602135695,neutral
j78dgl,dankmemes,post,1602139838,neutral
j7fcpq,dankmemes,post,1602171718,neutral
j7kdb8,dankmemes,post,1602187420,positive
j7mhrf,dankmemes,post,1602194396,negative
j834qe,dankmemes,post,1602263917,negative
j838mf,dankmemes,post,1602264251,neutral
j85x74,dankmemes,post,1602272883,neutral
j88mut,dankmemes,post,1602281849,negative
j8dvq1,dankmemes,post,1602302743,neutral
j8dzlg,dankmemes,post,1602303203,neutral
j8o2l7,dankmemes,post,1602349476,negative
j8oprk,dankmemes,post,1602351674,negative
j8pdru,dankmemes,post,1602353887,negative
j8qm17,dankmemes,post,1602358045,neutral
j8v7k0,dankmemes,post,1602374498,neutral
j93zfa,dankmemes,post,1602416572,negative
j94lkx,dankmemes,post,1602419517,negative
j9m9qf,dankmemes,post,1602486761,negative
j9o7fi,dankmemes,post,1602497110,negative
j9pqog,dankmemes,post,1602504673,neutral
j9tc5d,dankmemes,post,1602517694,neutral
j9v87a,dankmemes,post,1602523517,negative
j9zr7t,dankmemes,post,1602537300,neutral
ja1has,dankmemes,post,1602543186,negative
ja2mnt,dankmemes,post,1602547437,neutral
jagpmu,dankmemes,post,1602605977,negative
jb2ia7,dankmemes,post,1602688328,neutral
jb6npp,dankmemes,post,1602700735,negative
jb93se,dankmemes,post,1602708055,neutral
jbam9q,dankmemes,post,1602712851,neutral
jbenpo,dankmemes,post,1602727257,neutral
jbp2zy,dankmemes,post,1602773771,neutral
jc77rt,dankmemes,post,1602842812,neutral
jc881e,dankmemes,post,1602848190,neutral
jc9l0h,dankmemes,post,1602854079,neutral
jcbbam,dankmemes,post,1602860325,negative
jcg873,dankmemes,post,1602875630,neutral
jcmz2e,dankmemes,post,1602900366,neutral
jcqkji,dankmemes,post,1602917885,neutral
jcrzms,dankmemes,post,1602926126,neutral
jczmrg,dankmemes,post,1602956792,neutral
jd3qgp,dankmemes,post,1602970710,negative
jd926u,dankmemes,post,1602991454,neutral
jd9t7x,dankmemes,post,1602994755,neutral
jdc4lp,dankmemes,post,1603006558,negative
jdfjhi,dankmemes,post,1603024293,neutral
jdlohl,dankmemes,post,1603046513,neutral
jeh6z0,dankmemes,post,1603162847,neutral
jevw9q,dankmemes,post,1603219630,neutral
jew8lj,dankmemes,post,1603220652,neutral
jf3o93,dankmemes,post,1603244727,negative
jfi0kk,dankmemes,post,1603303202,neutral
jfkmcq,dankmemes,post,1603311051,negative
jfkyhe,dankmemes,post,1603312062,negative
jfq4k8,dankmemes,post,1603329798,negative
jfsjzs,dankmemes,post,1603339348,neutral
jfvp74,dankmemes,post,1603354760,negative
jg3ymi,dankmemes,post,1603387056,neutral
jgalaq,dankmemes,post,1603407098,neutral
jggzxh,dankmemes,post,1603431076,positive
jgj9pa,dankmemes,post,1603442103,neutral
jgk070,dankmemes,post,1603446020,neutral
jgpx6w,dankmemes,post,1603468920,neutral
jgvy24,dankmemes,post,1603487627,neutral
jh2lxm,dankmemes,post,1603513085,negative
jh4qcd,dankmemes,post,1603523812,negative
jhcc2r,dankmemes,post,1603558641,positive
jhlotp,dankmemes,post,1603592506,neutral
jhsbgj,dankmemes,post,1603627671,negative
jhsm08,dankmemes,post,1603629158,neutral
jhuwby,dankmemes,post,1603638664,negative
jhzprr,dankmemes,post,1603655153,negative
ji3dtj,dankmemes,post,1603667538,neutral
ji5ysx,dankmemes,post,1603677169,neutral
jibf1n,dankmemes,post,1603704060,neutral
jiioat,dankmemes,post,1603732641,negative
jinj2y,dankmemes,post,1603747112,neutral
jiqbmt,dankmemes,post,1603756262,neutral
jiw6cu,dankmemes,post,1603780737,neutral
jizum9,dankmemes,post,1603800319,neutral
jj3eys,dankmemes,post,1603813017,neutral
jj4ofc,dankmemes,post,1603816922,neutral
jj73co,dankmemes,post,1603824267,negative
jj92e9,dankmemes,post,1603830157,neutral
jjmc8s,dankmemes,post,1603886146,positive
jjrokt,dankmemes,post,1603904574,neutral
jjy16q,dankmemes,post,1603924389,positive
jjyi9o,dankmemes,post,1603926692,neutral
jjyihx,dankmemes,post,1603926704,neutral
jk0huk,dankmemes,post,1603933231,negative
jk11ap,dankmemes,post,1603935243,negative
jkg2pb,dankmemes,post,1603997385,negative
jki58i,dankmemes,post,1604003736,neutral
jklkjy,dankmemes,post,1604014616,neutral
jkm7bk,dankmemes,post,1604016747,negative
jkm7lw,dankmemes,post,1604016777,neutral
jkn15u,dankmemes,post,1604019693,negative
jko1a2,dankmemes,post,1604023303,neutral
jkpowx,dankmemes,post,1604029682,neutral
jktrbv,dankmemes,post,1604050830,negative
jl35f8,dankmemes,post,1604085172,negative
jl6563,dankmemes,post,1604094998,neutral
jl6w69,dankmemes,post,1604097548,negative
jl95k5,dankmemes,post,1604105713,neutral
jleg8s,dankmemes,post,1604130307,negative
jlfe5a,dankmemes,post,1604136108,negative
jlox9x,dankmemes,post,1604174049,neutral
jlqz2c,dankmemes,post,1604181458,neutral
jlsiiw,dankmemes,post,1604187371,negative
j8ubp5,dankmemes,post,1602371117,neutral
j95gmu,dankmemes,post,1602423146,neutral
jjbzkw,help,post,1603839255,negative
jhidi0,help,post,1603579365,negative
jbvaet,help,post,1602792716,negative
jdaens,hiphopheads,post,1602997570,neutral
j3h67l,politics,post,1601585914,negative
j7pxv4,redditrequest,post,1602206738,neutral
jh7k75,redditrequest,post,1603539928,neutral
jh1ldj,redditrequest,post,1603508686,neutral
jdk9c1,redditrequest,post,1603041855,neutral
jfks2p,redditrequest,post,1603311516,neutral
j6mdu6,redditrequest,post,1602054399,neutral
j8mscd,ufc,post,1602345091,neutral
jihco2,unpopularopinion,post,1603728579,neutral
jlcya0,unpopularopinion,post,1604121814,neutral
jch29d,writing,post,1602878328,neutral
jdt3f7,yugioh,post,1603072982,neutral
jkgj78,2007scape,post,1603998768,negative
ja2ej1,AnimalCrossing,post,1602546613,negative
j5usjl,ApplyingToCollege,post,1601942181,neutral
j7smj9,ApplyingToCollege,post,1602217972,positive
jewnlf,ApplyingToCollege,post,1603221889,neutral
jhem93,ApplyingToCollege,post,1603566361,positive
jjh035,ApplyingToCollege,post,1603857925,neutral
jjh3v1,ApplyingToCollege,post,1603858382,negative
jbnwp8,AskModerators,post,1602769839,negative
j98x8o,AskReddit,post,1602435300,neutral
jaat17,AskReddit,post,1602585259,neutral
jl7vss,Charlotte,post,1604101047,positive
j9krlz,Cityofheroes,post,1602479084,neutral
j77lpe,Conservative,post,1602135779,neutral
j9bhez,Fantasy,post,1602443720,neutral
jbancn,Futurology,post,1602712947,negative
j71g37,Louisville,post,1602111607,neutral
jbaxt6,ModSupport,post,1602713895,neutral
jle8x8,Romania,post,1604129062,neutral
j8764g,ShadowBan,post,1602276928,negative
jf15gu,StardustCrusaders,post,1603235974,neutral
jbo8sl,TwoSentenceHorror,post,1602770966,neutral
j87gym,asoiaf,post,1602277915,neutral
jesgxh,dankmemes,post,1603209795,negative
jhf9af,dankmemes,post,1603568521,neutral
j44s5r,depression,post,1601679160,neutral
j3f15w,dresdenfiles,post,1601579278,positive
ja6v8x,guitarpedals,post,1602564813,neutral
j38kjy,magicTCG,post,1601558949,negative
japei9,mattcolville,post,1602632837,neutral
j4bfqn,memes,post,1601708745,neutral
jff449,mildlyinfuriating,post,1603294405,negative
jgkiyv,redditrequest,post,1603448663,neutral
jgopj7,redditrequest,post,1603465133,neutral
jecl2i,redditrequest,post,1603146925,neutral
j5d6sk,redditrequest,post,1601872356,neutral
j9a5h9,redditrequest,post,1602439404,neutral
j80dlb,redditrequest,post,1602255161,neutral
jk8s9q,redditrequest,post,1603973166,neutral
je52r0,redditrequest,post,1603125301,neutral
j3r14x,redditrequest,post,1601628151,neutral
jkill3,teenagers,post,1604005105,neutral
j57ejs,unpopularopinion,post,1601848467,neutral
jcyd1s,ABoringDystopia,post,1602952616,negative
jempwr,ApplyingToCollege,post,1603189192,neutral
j7evt1,BestOfReports,post,1602170171,neutral
j4585o,BoostForReddit,post,1601680868,neutral
japrpg,CarletonU,post,1602634125,neutral
jgdfdl,DDLC,post,1603417175,neutral
j5hpw2,DivinityOriginalSin,post,1601897428,positive
jb6zf8,GoForGold,post,1602701727,neutral
j80sx9,NewTubers,post,1602256546,neutral
jfpmsg,ShitPoliticsSays,post,1603327992,neutral
jbnitt,WatchRedditDie,post,1602768463,negative
j73cq5,askTO,post,1602118594,neutral
j32yua,copypasta,post,1601532026,negative
j35c14,copypasta,post,1601544615,negative
j6jb0i,copypasta,post,1602039685,negative
j6sawo,copypasta,post,1602082487,negative
j7xd1y,copypasta,post,1602243607,negative
j8bt6l,copypasta,post,1602293829,negative
j8uuu9,copypasta,post,1602373148,negative
j9pwyi,copypasta,post,1602505429,negative
j9q1zt,copypasta,post,1602506034,neutral
ja32u7,copypasta,post,1602549232,negative
jdqgli,copypasta,post,1603062606,neutral
jgd1lv,copypasta,post,1603415726,neutral
jgqb78,copypasta,post,1603470104,neutral
ji63u5,copypasta,post,1603677695,neutral
jk2oru,copypasta,post,1603941667,negative
jk2qa5,copypasta,post,1603941844,negative
jk3qk7,copypasta,post,1603946261,neutral
jjnctd,cyberpunkgame,post,1603890333,negative
j68xaa,dankmemes,post,1602003921,negative
je9egs,dankmemes,post,1603137564,negative
j4x6c8,drunk,post,1601809271,negative
j3stem,gatekeeping,post,1601638216,negative
jga58k,gaybros,post,1603405567,positive
j8001f,loseit,post,1602253889,negative
jf538i,memes,post,1603249980,neutral
j83b3l,naturaltitties,post,1602264474,neutral
j9k8ud,orlando,post,1602476755,neutral
j3wqmt,pics,post,1601652969,negative
j60x5j,pics,post,1601969818,negative
j8hqcz,pics,post,1602322916,neutral
jca7bc,pics,post,1602856416,negative
jfc4x5,pics,post,1603284495,negative
jcn1cr,Dabs,post,1602900641,neutral
j8l9tw,Drugs,post,1602339627,neutral
jkak9h,EscapefromTarkov,post,1603980106,positive
ja8url,FanTheories,post,1602574867,neutral
jbhayh,FriendsofthePod,post,1602738237,positive
jguysf,GoForGold,post,1603484513,positive
j7235d,GreenBayPackers,post,1602113893,positive
jhjv4c,Izlam,post,1603584994,neutral
j2z45u,LivestreamFail,post,1601515633,neutral
j6gv4n,ModSupport,post,1602029939,neutral
jkn77z,NintendoSwitch,post,1604020278,negative
jcnvy9,PennStateUniversity,post,1602904388,neutral
jjl7kp,SmallYTChannel,post,1603880593,negative
jkewbf,Steam,post,1603993842,neutral
jcmgxt,baseball,post,1602898271,neutral
j7qvy2,democrats,post,1602210408,negative
jeskto,democrats,post,1603210102,neutral
jh1hly,democrats,post,1603508250,negative
jh1ior,democrats,post,1603508383,negative
jh23ui,democrats,post,1603510887,negative
jj35v6,fightporn,post,1603812230,negative
j2yaxj,funny,post,1601512486,positive
jk3jxc,gatekeeping,post,1603945401,negative
jebskw,gmod,post,1603144535,neutral
jl4ref,gmod,post,1604090352,neutral
jl51fj,gmod,post,1604091268,neutral
j8u40z,gorillaz,post,1602370302,positive
jh2ib3,grilledcheese,post,1603512628,negative
jkdrpj,islam,post,1603990467,neutral
j7mhp6,jerma985,post,1602194389,neutral
jedp7x,jerma985,post,1603150544,neutral
jfqbu9,mildlyinfuriating,post,1603330574,negative
j9il5t,moviescirclejerk,post,1602469615,negative
jbbwsh,moviescirclejerk,post,1602717247,negative
jck0bt,moviescirclejerk,post,1602888584,neutral
jczm3p,moviescirclejerk,post,1602956730,neutral
jd1acw,moviescirclejerk,post,1602962278,negative
jflbj1,moviescirclejerk,post,1603313205,negative
jflc83,moviescirclejerk,post,1603313262,negative
jh8dxj,moviescirclejerk,post,1603543899,negative
jh8efg,moviescirclejerk,post,1603543962,neutral
jivpwe,moviescirclejerk,post,1603778273,negative
jih225,pennystocks,post,1603727623,neutral
jiicgm,redditrequest,post,1603731662,neutral
j5fuqd,redditrequest,post,1601887122,neutral
j6i4x2,redditrequest,post,1602034926,neutral
j7d26s,redditrequest,post,1602163859,neutral
j308qd,specializedtools,post,1601520040,neutral
j57ofn,teenagers,post,1601849491,neutral
je55rt,toastme,post,1603125555,negative
j5580y,Brawlstars,post,1601840839,positive
j747t0,CryptoCurrency,post,1602122009,negative
jj7f25,FortNiteBR,post,1603825236,negative
jkpset,MakeNewFriendsHere,post,1604030098,neutral
j8l4g5,NYCjobs,post,1602339045,negative
j8sqtc,NYCjobs,post,1602365477,negative
jkldx1,PublicFreakout,post,1604013996,neutral
jcvymk,Republican,post,1602944546,negative
je98vr,SUBREDDITNAME,post,1603137133,neutral
j4e7gf,Sino,post,1601724464,neutral
j7nzdc,Supernatural,post,1602199487,neutral
j65ybj,Tarantino,post,1601994293,negative
j3pezs,WatchRedditDie,post,1601619112,negative
j3yixb,WatchRedditDie,post,1601658516,neutral
j4lb5x,WatchRedditDie,post,1601753869,negative
j58enf,WatchRedditDie,post,1601852237,negative
j6c0uu,WatchRedditDie,post,1602013438,negative
j6qdti,WatchRedditDie,post,1602075667,negative
j7n27y,WatchRedditDie,post,1602196274,negative
j7nh2v,WatchRedditDie,post,1602197693,negative
j7pqkx,WatchRedditDie,post,1602205970,negative
j8tmdq,WatchRedditDie,post,1602368518,negative
j9bf42,WatchRedditDie,post,1602443512,negative
j9d7tz,WatchRedditDie,post,1602449339,negative
j9sdf4,WatchRedditDie,post,1602514647,negative
ja0567,WatchRedditDie,post,1602538516,neutral
jal56z,WatchRedditDie,post,1602619142,negative
jasvev,WatchRedditDie,post,1602645682,negative
jbx0t2,WatchRedditDie,post,1602798352,negative
jdqyzg,WatchRedditDie,post,1603064523,negative
je67ed,WatchRedditDie,post,1603128714,negative
jeqc3m,WatchRedditDie,post,1603203360,negative
jf0pur,WatchRedditDie,post,1603234505,negative
jf3tbp,WatchRedditDie,post,1603245224,negative
jfjcpu,WatchRedditDie,post,1603307182,negative
jfjhoi,WatchRedditDie,post,1603307593,negative
jfz9e7,WatchRedditDie,post,1603371992,negative
jhb65i,WatchRedditDie,post,1603554564,negative
jhn82j,WatchRedditDie,post,1603599312,negative
jiqgvw,WatchRedditDie,post,1603756780,negative
jjoduz,WatchRedditDie,post,1603894035,neutral
jjskme,WatchRedditDie,post,1603907264,negative
jl1bnq,WatchRedditDie,post,1604079397,negative
jlgscf,WatchRedditDie,post,1604143545,negative
jlpug5,WatchRedditDie,post,1604177328,negative
j857sz,XXXTENTACION,post,1602270599,negative
jhkljb,blackdesertonline,post,1603587953,negative
j900hg,dating,post,1602395578,negative
j3dlms,farmingsimulator,post,1601574818,neutral
jcgqz2,homeless,post,1602877294,neutral
jj5oaj,madlads,post,1603819986,neutral
j8z2is,meme,post,1602390982,neutral
jkdz57,memes,post,1603991081,negative
jkegsu,memes,post,1603992558,negative
jksvm8,memes,post,1604045967,neutral
j47fla,modhelp,post,1601689990,neutral
jhdyvu,musictheory,post,1603564215,positive
j5ya6t,nyc,post,1601956340,negative
j89wt9,rant,post,1602286358,negative
jc8tik,redditrequest,post,1602850961,neutral
jc99wt,redditrequest,post,1602852890,neutral
j6rb8e,redditrequest,post,1602079122,neutral
ja0vg5,redditrequest,post,1602541023,neutral
j437cp,redditrequest,post,1601673395,neutral
j5cs1k,redditrequest,post,1601870427,neutral
jhwoq2,relationship_advice,post,1603644959,negative
j7p2st,roblox,post,1602203474,neutral
jitmfb,teenagers,post,1603768559,neutral
j90vf4,teenagers,post,1602400016,neutral
j9vuqc,teenagers,post,1602525399,negative
j50g3x,Boruto,post,1601824232,neutral
jjym9z,CryptoCurrency,post,1603926894,positive
jjdthz,DDLC,post,1603845576,negative
j7gowy,Destiny,post,1602175930,positive
jfk1yq,FreeKarma4U,post,1603309310,neutral
jj67qh,FreeSpeech,post,1603821629,negative
ja1jx1,Naruto,post,1602543453,negative
je78ps,NoStupidQuestions,post,1603131619,neutral
jbk1dp,Pottery,post,1602752438,neutral
jbk296,Pottery,post,1602752561,neutral
j9wl33,RantsFromRetail,post,1602527583,negative
j680mh,ThisIsOurMusic,post,1602001106,neutral
j6wxgz,Trumpgret,post,1602097003,negative
jfnrzb,UCI,post,1603321263,neutral
j5ze99,actuallesbians,post,1601961574,neutral
jirsbo,childfree,post,1603761517,neutral
j323z1,cleanjokes,post,1601527966,neutral
j7ss2e,copypasta,post,1602218712,negative
jjl94l,copypasta,post,1603880830,negative
j63apa,dankmemes,post,1601983397,neutral
ji8zc5,dankmemes,post,1603690219,neutral
jeuj6c,exmuslim,post,1603215799,negative
jdrg84,horror,post,1603066373,neutral
j7k5de,japanese,post,1602186738,neutral
j7kts8,memes,post,1602188890,neutral
j3h6l0,pathofexile,post,1601585946,positive
j53wtw,redditrequest,post,1601836411,neutral
jeoc55,redditrequest,post,1603196314,neutral
j5kqxp,redditrequest,post,1601909415,neutral
j3czk9,redditrequest,post,1601572951,neutral
ji77hb,soccercirclejerk,post,1603682097,negative
j4j798,spaceengine,post,1601746483,negative
j305i3,teenagers,post,1601519679,neutral
ji2ksi,thighhighs,post,1603664668,neutral
jl1x90,unpopularopinion,post,1604081270,negative
jcw63d,unpopularopinion,post,1602945284,negative
jdam6c,Boobies,post,1602998580,negative
j57l4x,Dreadlocks,post,1601849151,negative
j53zxl,FIFA,post,1601836712,neutral
jat5ug,ModSupport,post,1602646793,neutral
jfyosw,NoFap,post,1603369752,neutral
jd1q6w,RedditCensors,post,1602963785,negative
j4qgcc,VictoriaBC,post,1601773760,neutral
jdr9gs,Waxpen,post,1603065652,neutral
j474k5,classicwow,post,1601688694,negative
javqcz,dubai,post,1602658356,neutral
ja8zq2,gamedev,post,1602575618,neutral
j924of,india,post,1602406895,positive
jdfe21,memes,post,1603023593,neutral
j8x2x2,minecraftsuggestions,post,1602382146,neutral
jbh3gy,movies,post,1602737255,neutral
jhhqa3,otomegames,post,1603577040,positive
jgyxr2,redditrequest,post,1603497948,neutral
jdi8d9,redditrequest,post,1603035007,neutral
j3wpus,redditrequest,post,1601652898,neutral
ja82q7,sportsbook,post,1602570707,negative
jgwq2l,violinist,post,1603490158,positive
jepmpp,wholesomememes,post,1603201049,neutral
j849rn,BadDragon,post,1602267549,neutral
j85fvf,BadDragon,post,1602271325,neutral
j85qcj,BadDragon,post,1602272271,neutral
ja3hy9,ComedyCemetery,post,1602550913,neutral
j871l4,DMT,post,1602276501,neutral
jkfsxn,Doom,post,1603996552,neutral
jlb39g,Indiemakeupandmore,post,1604113335,neutral
jkyb0b,Metroid,post,1604069892,negative
jebuus,ModSupport,post,1603144731,negative
jhum94,PrequelMemes,post,1603637648,neutral
jgl4oy,Terraria,post,1603451659,neutral
j93avf,TrueOffMyChest,post,1602413035,neutral
jalzx9,TrueOffMyChest,post,1602621731,negative
je36d1,TrueOffMyChest,post,1603119515,neutral
j6jr46,autism,post,1602041628,neutral
j3sxt7,childfree,post,1601638832,positive
jaskyb,dankmemes,post,1602644542,negative
jeqrn9,edmproduction,post,1603204713,negative
jb6egw,forhire,post,1602699973,negative
jhg1mv,forsen,post,1603571199,negative
jfoabd,memes,post,1603323059,neutral
j99u91,memes,post,1602438364,positive
j99zqo,memes,post,1602438887,positive
j3y5ef,memes,post,1601657367,neutral
jh13qy,meth,post,1603506622,positive
j819fp,modhelp,post,1602258018,neutral
jbu0lw,reddevils,post,1602788803,neutral
j8tvxp,redditrequest,post,1602369477,neutral
j8cebp,redditrequest,post,1602296286,neutral
jkjqao,redditrequest,post,1604008551,neutral
jln74u,redditrequest,post,1604168089,neutral
j9iayt,redditrequest,post,1602468425,neutral
j6ujqe,roosterteeth,post,1602089709,negative
jkpsav,showerbeer,post,1604030083,negative
jeswau,teenagers,post,1603211036,neutral
j4785d,tron,post,1601689100,negative
j7gyp9,wichita,post,1602176782,neutral
jf0yid,youseeingthisshit,post,1603235302,neutral
j7x89o,yugioh,post,1602242979,neutral
j7z6hx,ABDL,post,1602251038,negative
j4p5s6,Borderlands2,post,1601768331,neutral
j31gvm,COMPLETEANARCHY,post,1601525089,negative
jg55nq,CryptoCurrency,post,1603390642,neutral
jjklak,CryptoCurrency,post,1603877185,neutral
j4gocf,HailCorporate,post,1601738082,negative
j93cc0,LucidDreaming,post,1602413248,negative
jcvqh6,ModSupport,post,1602943724,neutral
j4m9cf,NewOrleans,post,1601757314,neutral
jkw5l6,NoStupidQuestions,post,1604062295,neutral
j7hfre,Repsneakers,post,1602178264,negative
jas4m3,SFGiants,post,1602642835,neutral
j5vu15,ShitPoliticsSays,post,1601946216,negative
jano0u,Trucks,post,1602626902,neutral
jbph7u,copypasta,post,1602775000,neutral
j6h0aj,cybersecurity,post,1602030509,negative
jh5ch1,dankmemes,post,1603527311,neutral
jj9h6l,dankmemes,post,1603831391,neutral
j3od10,fasting,post,1601614269,negative
jdi2em,fasting,post,1603034451,positive
jideqh,harrypotter,post,1603714375,negative
j37y7o,help,post,1601556645,positive
jdcafv,lotr,post,1603007449,neutral
jdcam2,lotr,post,1603007473,neutral
j4r4aj,nyc,post,1601776695,neutral
j5hyf6,nyc,post,1601898554,neutral
j5v35x,nyc,post,1601943302,negative
j72z02,nyc,post,1602117160,neutral
jbxu95,oddlysatisfying,post,1602801165,neutral
j3ldqs,politics,post,1601601354,neutral
jid49h,redditrequest,post,1603713078,neutral
j7yhcx,redditrequest,post,1602248418,neutral
j4jhtq,redditrequest,post,1601747512,neutral
j56tk6,redditrequest,post,1601846383,neutral
jlbjzc,redditrequest,post,1604115294,neutral
jj2t25,redditrequest,post,1603811113,neutral
j7fsm5,runescape,post,1602173116,negative
jdn0vn,2007scape,post,1603050877,negative
j8v8q0,AsianParentStories,post,1602374625,neutral
jbcl10,ClashRoyale,post,1602719650,negative
ji8oq1,ClashRoyale,post,1603688736,neutral
j6fjvg,ClashRoyale,post,1602025042,negative
jit4jy,Conservative,post,1603766590,negative
j9c6vn,Conservative,post,1602445999,neutral
jhn5mk,CryptoCurrency,post,1603598990,neutral
jbr8um,Cuphead,post,1602780387,neutral
jcn4ub,Cuphead,post,1602901061,negative
jfd0ye,Cuphead,post,1603287760,negative
jfh0ij,Cuphead,post,1603300189,negative
jiak9z,Cuphead,post,1603699030,neutral
j8impl,Delaware,post,1602327910,negative
j88lif,MUTCoinSelling,post,1602281728,negative
jjj3b9,Minecraft,post,1603868436,negative
jg9bwa,NoFap,post,1603402912,neutral
jkdjw4,PewdiepieSubmissions,post,1603989775,negative
j4wemz,Rainbow6,post,1601804909,negative
jaftlx,Showerthoughts,post,1602603290,negative
j6ojzw,TapTitans2,post,1602067060,negative
jjab7o,TheWalkingDeadGame,post,1603833930,neutral
jbrcy4,WatchRedditDie,post,1602780735,negative
jdmmkp,changemyview,post,1603049587,negative
jkkuka,cincinnati,post,1604012212,negative
j3kg7c,conspiracy,post,1601597585,negative
jd2u8c,ffxi,post,1602967610,negative
j6n4c5,findareddit,post,1602058677,negative
jai8h4,halifax,post,1602610526,neutral
je1dxm,help,post,1603113154,neutral
jfabwx,ideasfortheadmins,post,1603276188,neutral
jedhcz,jazzguitar,post,1603149807,neutral
j35aum,me_irl,post,1601544433,neutral
j4x2qp,me_irl,post,1601808728,neutral
jb9xxl,me_irl,post,1602710664,negative
jkun5s,me_irl,post,1604055501,neutral
j7b7qi,memes,post,1602155829,negative
jjuf0v,modhelp,post,1603912941,neutral
j5durg,nvidia,post,1601875589,negative
ji4vtp,offmychest,post,1603673033,negative
j7q9si,orchids,post,1602208010,negative
jerhwb,redditrequest,post,1603206905,neutral
j4por9,redditrequest,post,1601770498,neutral
j9yy45,redditrequest,post,1602534792,neutral
jdl5sf,redditrequest,post,1603044821,neutral
j3b75m,redditrequest,post,1601567547,neutral
jljgno,redditrequest,post,1604155171,neutral
j7xicn,redditrequest,post,1602244290,neutral
jba420,snapchat,post,1602711217,neutral
j9hwk0,teenagers,post,1602466807,positive
jlixox,teenagers,post,1604153177,negative
jkyfa1,whiteknighting,post,1604070270,negative
jgv04y,AmItheAsshole,post,1603484622,neutral
jbp9rv,ApplyingToCollege,post,1602774382,positive
jhsjlb,AskReddit,post,1603628844,neutral
j3gpmk,AutoModerator,post,1601584470,neutral
j8l9c1,Denmark,post,1602339569,negative
jes5wn,Destiny,post,1603208895,negative
jg9c78,GlobalOffensive,post,1603402940,neutral
jbls68,GoneWildTrans,post,1602761356,negative
jkmb83,GoneWildTrans,post,1604017137,positive
j462o8,Internet,post,1601684268,negative
j8wqe2,MaddenUltimateTeam,post,1602380690,neutral
j8wtvb,MaddenUltimateTeam,post,1602381108,neutral
jg2bka,OCD,post,1603382278,neutral
jb1ama,PixelArt,post,1602684356,neutral
jigcfp,PublicFreakout,post,1603725264,negative
jjsgod,PublicFreakout,post,1603906932,negative
jdx0ef,Rabbits,post,1603091158,neutral
j94q55,SwagBucks,post,1602420055,negative
jlg6ip,Tgirls,post,1604140406,negative
j7nx01,Warframe,post,1602199259,neutral
j2yqdu,conspiracy,post,1601514132,negative
j4app7,dankmemes,post,1601704707,negative
j4wd1x,destiny2,post,1601804646,negative
j4afts,dragonquest,post,1601703215,neutral
j5umgu,dune,post,1601941526,negative
jam9dr,leagueoflegends,post,1602622543,negative
jeg45e,leagueoflegends,post,1603158904,negative
jge4c8,leagueoflegends,post,1603419705,neutral
jic208,leagueoflegends,post,1603707724,negative
jic428,leagueoflegends,post,1603708044,negative
j8j03c,conspiracy,post,1602329862,neutral
jgwbhr,dankmemes,post,1603488829,negative
jkndhj,dankmemes,post,1604020915,neutral
j6qlcp,dankmemes,post,1602076459,negative
jkodx9,gaming,post,1604024579,neutral
jfgaba,help,post,1603297959,negative
j3cdxh,help,post,1601571194,negative
jcv3bl,india,post,1602941235,neutral
j8q3rg,killingfloor,post,1602356311,neutral
jhvr7g,lgbt,post,1603641686,neutral
j747lp,lockpicking,post,1602121986,neutral
j3yb20,meme,post,1601657855,neutral
j48zq3,meme,post,1601696758,neutral
j4xt1z,meme,post,1601812722,neutral
jbjzln,meme,post,1602752163,neutral
jdut1z,meme,post,1603080283,negative
jfzr27,meme,post,1603373785,neutral
jhccv3,meme,post,1603558720,positive
jjaigk,meme,post,1603834560,neutral
jjcr5q,meme,post,1603841815,negative
jjrli6,meme,post,1603904325,neutral
jlrsqt,meme,post,1604184565,neutral
jfczj8,memes,post,1603287615,neutral
j553ji,memes,post,1601840415,neutral
j7hrqz,needamod,post,1602179298,neutral
j7jde8,nintendo,post,1602184343,negative
j4mlrt,outside,post,1601758576,negative
jcr9ri,pathofexile,post,1602921940,negative
j4j7tv,pcgaming,post,1601746538,neutral
jfdych,philadelphia,post,1603290808,neutral
j64bwo,redditrequest,post,1601988099,negative
jjmfs3,redditrequest,post,1603886575,neutral
j7hwi0,redditrequest,post,1602179703,neutral
jcnhdz,redditrequest,post,1602902562,neutral
jcws5v,redditrequest,post,1602947369,neutral
jce9xi,roosterteeth,post,1602869611,positive
jbwulh,rust,post,1602797761,negative
jgujui,teenagers,post,1603483199,neutral
j5q79i,teenagers,post,1601926530,neutral
j5b0ck,ChoosingBeggars,post,1601862701,neutral
j7g2gb,ChoosingBeggars,post,1602173968,neutral
j5qh59,Drama,post,1601927425,neutral
j34061,FortNiteBR,post,1601537159,neutral
j34dib,FortNiteBR,post,1601539167,neutral
j34e5p,FortNiteBR,post,1601539255,neutral
j3ttbl,FortNiteBR,post,1601642841,negative
j3tu5a,FortNiteBR,post,1601642936,negative
j4cmey,FortNiteBR,post,1601715618,negative
j4pfm9,FortNiteBR,post,1601769473,neutral
j5rb7z,FortNiteBR,post,1601930079,negative
j5uttk,FortNiteBR,post,1601942319,negative
j5yl6x,FortNiteBR,post,1601957691,neutral
j6cv1i,FortNiteBR,post,1602015990,negative
j7c77y,FortNiteBR,post,1602160416,neutral
j7chmw,FortNiteBR,post,1602161616,neutral
j8a47n,FortNiteBR,post,1602287142,positive
j8cw1j,FortNiteBR,post,1602298362,negative
j8jthz,FortNiteBR,post,1602333763,neutral
j8rww8,FortNiteBR,post,1602362538,negative
j8rxxo,FortNiteBR,post,1602362639,negative
j8t4e3,FortNiteBR,post,1602366761,neutral
j9pw76,FortNiteBR,post,1602505337,negative
japy82,FortNiteBR,post,1602634789,negative
jb0fb5,FortNiteBR,post,1602681264,negative
jb33su,FortNiteBR,post,1602690186,neutral
jb5wij,FortNiteBR,post,1602698477,negative
jb9ssl,FortNiteBR,post,1602710197,negative
jcwpa3,FortNiteBR,post,1602947101,negative
jduisb,FortNiteBR,post,1603079006,negative
jdujf8,FortNiteBR,post,1603079079,negative
jduk5e,FortNiteBR,post,1603079168,neutral
jesb1o,FortNiteBR,post,1603209325,neutral
jfnz2h,FortNiteBR,post,1603321944,negative
jfzm4t,FortNiteBR,post,1603373289,neutral
jfzpbg,FortNiteBR,post,1603373606,neutral
jijzjq,FortNiteBR,post,1603736534,positive
jik0nt,FortNiteBR,post,1603736631,positive
jik1pq,FortNiteBR,post,1603736720,positive
jiq83y,FortNiteBR,post,1603755910,neutral
jj03ic,FortNiteBR,post,1603801385,positive
jkzn9v,FortNiteBR,post,1604074180,neutral
jl9gjk,FortNiteBR,post,1604106883,positive
j5kug7,INTP,post,1601909755,neutral
j78eak,MtvChallenge,post,1602139968,negative
j98q1l,Nails,post,1602434626,neutral
jhskse,Poetry,post,1603628996,neutral
j5q6xc,PoliticalHumor,post,1601926500,negative
jas64n,ShroomID,post,1602642996,negative
jaswn2,Tennesseetitans,post,1602645815,negative
j82pom,USC,post,1602262619,neutral
jc37dk,actuallesbians,post,1602822257,neutral
j57j7z,bostontrees,post,1601848952,neutral
jh0f7r,copypasta,post,1603503816,negative
jlmbb1,enf,post,1604165083,neutral
jdm71c,jordan,post,1603048222,neutral
j3dvau,l4d2,post,1601575642,positive
jeh2mr,leagueoflegends,post,1603162384,negative
j9ptl4,memes,post,1602505006,neutral
j55x4x,modhelp,post,1601843220,neutral
j4exu3,rapbattles,post,1601731454,neutral
j78s6u,redditdev,post,1602142088,neutral
jhljck,redditrequest,post,1603591845,neutral
j85imd,redditrequest,post,1602271578,neutral
j8vqkx,redditrequest,post,1602376610,neutral
jixnv1,redditrequest,post,1603789227,neutral
j4njmg,redditrequest,post,1601762050,neutral
j83ciz,redditrequest,post,1602264592,neutral
je136l,redditrequest,post,1603112038,neutral
j3qbvj,redditrequest,post,1601624225,neutral
jaqjdj,redditrequest,post,1602636935,neutral
j72s9u,redditrequest,post,1602116460,neutral
jkhjv7,roblox,post,1604001898,negative
j97p8l,socialskills,post,1602431262,neutral
j8x2d2,teenagers,post,1602382079,neutral
j8x4n9,teenagers,post,1602382341,negative
jjw81q,teenagers,post,1603918644,neutral
ji3a55,AskReddit,post,1603667182,neutral
j9cc4n,BoostForReddit,post,1602446463,neutral
j57fq1,DBZDokkanBattle,post,1601848587,negative
jfprbb,FortNiteBR,post,1603328452,negative
j5z9ee,IndiaSpeaks,post,1601960886,negative
j66689,IndiaSpeaks,post,1601995061,neutral
jhqv62,IndiaSpeaks,post,1603619396,neutral
j7tk1j,LatinoPeopleTwitter,post,1602222588,negative
j6buo9,Libertarian,post,1602012888,positive
j3wwx6,Miami,post,1601653520,neutral
j72sgu,PreggoPorn,post,1602116479,neutral
jcqffo,RWBY,post,1602917055,neutral
jdizl4,Shadowrun,post,1603037603,neutral
jfjxxx,TheAvettBrothers,post,1603308964,neutral
j8k4wk,Warframe,post,1602335113,negative
jeey7r,Warframe,post,1603154774,neutral
jc5629,WatchRedditDie,post,1602831581,negative
jj2v6f,WayOfTheBern,post,1603811299,neutral
jb8daz,admincraft,post,1602705900,neutral
j48e4t,ainbow,post,1601694161,neutral
jc8uta,assassinscreed,post,1602851115,neutral
jc8wdq,assassinscreed,post,1602851310,neutral
jj6ikc,battlecats,post,1603822529,negative
jj6m2s,battlecats,post,1603822831,negative
jhstu0,conspiracy,post,1603630215,neutral
ji2b8g,conspiracy,post,1603663734,neutral
jf40xp,foxholegame,post,1603245975,neutral
jhkqsb,gonewild30plus,post,1603588546,neutral
jim4kx,legaladvice,post,1603742908,neutral
j37n06,malaysia,post,1601555447,negative
j3oxe7,malaysia,post,1601616777,neutral
j6o15f,memes,post,1602064125,neutral
jcmzvs,memes,post,1602900463,negative
jcqqxn,mildlyinfuriating,post,1602918887,positive
jipwl0,modhelp,post,1603754816,neutral
jenx45,redditrequest,post,1603194600,neutral
jcnyx4,redditrequest,post,1602904799,neutral
jlp3ty,redditrequest,post,1604174667,neutral
j4695n,redditrequest,post,1601685026,neutral
jjbj6o,redditrequest,post,1603837776,neutral
je6jj3,redditrequest,post,1603129640,neutral
jcinub,redditrequest,post,1602883914,neutral
j6fk7f,redditrequest,post,1602025072,neutral
jjd3v6,redditrequest,post,1603843055,neutral
jb03ln,roosterteeth,post,1602680031,negative
j82zqx,scala,post,1602263468,negative
j8otj4,schnauzers,post,1602352025,negative
jbtxx9,shameless,post,1602788578,neutral
jb6y17,slavelabour,post,1602701606,negative
j8fpm6,softwaregore,post,1602311634,negative
j34wkh,trebuchetmemes,post,1601542190,neutral
j359yx,trebuchetmemes,post,1601544297,neutral
j36d31,trebuchetmemes,post,1601549870,neutral
jfviyu,AskDocs,post,1603353805,neutral
ji8t8v,Brawlstars,post,1603689337,neutral
ji8tia,Brawlstars,post,1603689373,neutral
j6t7m0,CasualMath,post,1602085476,neutral
j8zl8e,EscapefromTarkov,post,1602393473,neutral
j79aas,FortNiteBR,post,1602144963,neutral
j3kw17,FromTheDepths,post,1601599340,neutral
j3k36u,HelpMeFind,post,1601596198,neutral
j4pov5,HelpMeFind,post,1601770511,neutral
j5re16,LivestreamFail,post,1601930325,neutral
j5tthj,LivestreamFail,post,1601938489,negative
j6sokp,LivestreamFail,post,1602083739,neutral
j8v4rg,LivestreamFail,post,1602374207,negative
j8xofw,LivestreamFail,post,1602384661,neutral
j92nr4,LivestreamFail,post,1602409558,negative
jd4242,LivestreamFail,post,1602971890,negative
jfcxl6,LivestreamFail,post,1603287419,neutral
jg1geg,LivestreamFail,post,1603379534,negative
jg1h6l,LivestreamFail,post,1603379604,negative
jizb67,LivestreamFail,post,1603797872,negative
jgojx5,NHLHUT,post,1603464643,neutral
j3wels,Overwatch,post,1601651906,neutral
j5lw2s,PrequelMemes,post,1601913134,neutral
jc5suy,SS13,post,1602834895,negative
j4165l,Smite,post,1601666778,positive
jb6chz,THPS,post,1602699808,negative
jar4yz,Terraria,post,1602639141,neutral
j5r2bs,UTAustin,post,1601929283,neutral
jeqe9r,WatchRedditDie,post,1603203555,negative
jd9jyi,aoe2,post,1602993639,neutral
j68ha8,asexuality,post,1602002574,positive
j8mkbb,bisexual,post,1602344317,negative
j6m0ns,camphalfblood,post,1602052403,neutral
jimomf,dankmemes,post,1603744589,neutral
j89ri3,depression,post,1602285805,neutral
jevtx8,depression,post,1603219448,negative
j4xt4r,gamegrumps,post,1601812735,negative
jid3g1,gay,post,1603712973,neutral
jaj4vo,memes,post,1602613206,neutral
jibue5,needamod,post,1603706563,neutral
jigufn,oculus,post,1603726942,negative
jc8umy,osugame,post,1602851093,neutral
jan3mw,reddeadredemption,post,1602625092,negative
jiligw,redditrequest,post,1603741099,neutral
jfqtqz,redditrequest,post,1603332441,neutral
jcepd0,redditrequest,post,1602870978,neutral
j51wjo,redditrequest,post,1601829455,neutral
jhgkc6,redditrequest,post,1603573009,neutral
ji21m0,redditrequest,post,1603662840,neutral
j5u8qz,teenagers,post,1601940083,positive
jgfolc,teenagers,post,1603425618,negative
jj0jf2,teenagers,post,1603803193,negative
j4nx0b,teenagers,post,1601763440,neutral
j934no,teenagers,post,1602412090,neutral
j3m27c,unpopularopinion,post,1601604171,neutral
jegfsy,vegaslocals,post,1603160071,neutral
j5ue1j,wallstreetbets,post,1601940652,positive
j8ug05,wallstreetbets,post,1602371568,negative
j9m01v,witchcraft,post,1602485299,neutral
jac11s,Bossfight,post,1602590746,negative
j80sip,Brawlstars,post,1602256506,neutral
jg207k,Comcast_Xfinity,post,1603381309,neutral
jjl786,FIFA,post,1603880542,negative
jbwbbg,NoSleepOOC,post,1602795957,neutral
j6uwdt,Warthunder,post,1602090787,negative
jjy3rg,Warthunder,post,1603924620,negative
jivp5w,WatchRedditDie,post,1603778155,negative
jivq4d,WatchRedditDie,post,1603778310,negative
jlpdcj,WatchRedditDie,post,1604175635,negative
jju9rf,ZBrush,post,1603912478,neutral
jbkvip,askwomenadvice,post,1602756968,neutral
jf4wpu,australia,post,1603249275,negative
jfocpr,australia,post,1603323296,negative
j5uwt9,battlecats,post,1601942619,positive
jg283z,cars,post,1603381969,neutral
jcp8hf,confessions,post,1602910764,negative
j4jy0j,coys,post,1601749085,negative
jb66p6,dankmemes,post,1602699322,neutral
j3y5yp,dankmemes,post,1601657414,neutral
jaxjzm,help,post,1602668277,negative
jlnwdm,help,post,1604170491,neutral
j5lyl3,help,post,1601913363,negative
jhlj5a,help,post,1603591820,neutral
jeh7ia,help,post,1603162907,neutral
j6jwbv,leagueoflegends,post,1602042233,neutral
j9z2s6,libertarianmeme,post,1602535189,negative
jl6gvz,libertarianmeme,post,1604096095,negative
jilygk,me_irl,post,1603742411,neutral
jl8r4e,mildlyinfuriating,post,1604104230,negative
j7mno8,phillies,post,1602194920,neutral
jkxert,progmetal,post,1604066907,neutral
j7cg7f,progressive_islam,post,1602161459,positive
jisfcs,redditmobile,post,1603763927,neutral
j3scqs,redditrequest,post,1601635759,neutral
j63wld,redditrequest,post,1601986273,neutral
j446p7,redditrequest,post,1601676883,neutral
jgeuqr,redditrequest,post,1603422436,neutral
jgexej,redditrequest,post,1603422704,neutral
j9dnrj,redditrequest,post,1602450794,neutral
jhz91s,redditrequest,post,1603653600,neutral
j3xqv5,rickandmorty,post,1601656132,neutral
j3z2ay,rickandmorty,post,1601660211,neutral
jixxn4,runescape,post,1603790761,negative
j65m5g,sustainability,post,1601993090,neutral
j5ag3l,tifu,post,1601860356,negative
jkkvud,AskMen,post,1604012325,negative
jibogg,AskParents,post,1603705636,neutral
jfguu1,AskReddit,post,1603299733,neutral
jhsh9p,AskReddit,post,1603628517,neutral
jlixij,CallOfDuty,post,1604153157,negative
jkjpqs,FurryKikPals,post,1604008500,positive
jjdtqr,GTAV_Mods,post,1603845603,neutral
jjob63,GTAV_Mods,post,1603893785,neutral
jdzht2,NYYankees,post,1603104925,negative
j5b8l9,PewdiepieSubmissions,post,1601863658,negative
jifl48,PublicFreakout,post,1603722710,negative
je1h4g,R4R30Plus,post,1603113509,neutral
jelxwg,R4R30Plus,post,1603185174,neutral
j6ymbv,Republican,post,1602102139,negative
jlrsig,Showerthoughts,post,1604184538,negative
j3cwwo,aoe2,post,1601572730,positive
j9zkqx,bih,post,1602536741,neutral
jat6ca,bipolar,post,1602646851,negative
jd48ow,conspiracy,post,1602972544,negative
j68aqh,copypasta,post,1602002021,negative
jgj6xk,darknet,post,1603441690,neutral
jhizz7,exmormon,post,1603581694,neutral
jkd36l,exmormon,post,1603988333,neutral
jd367j,forsen,post,1602968752,neutral
j3r8gw,gtaonline,post,1601629316,negative
j4el8z,gtaonline,post,1601726467,negative
jbmxaf,gtaonline,post,1602766254,negative
jh046i,gtaonline,post,1603502584,neutral
jj80kt,gtaonline,post,1603826993,negative
jh0e6y,hoi4,post,1603503694,neutral
jajdrz,lebanon,post,1602613930,negative
j8bx3t,macbookpro,post,1602294274,negative
j8et4s,macbookpro,post,1602306947,negative
jagm1s,macbookpro,post,1602605659,negative
jhp4x3,memes,post,1603609122,neutral
jgf0po,memes,post,1603423064,negative
jgsala,memes,post,1603476128,neutral
jjyewk,modhelp,post,1603926543,neutral
j94hjx,nevertellmetheodds,post,1602419011,neutral
j8s2wa,prolife,post,1602363134,negative
j8stkd,redditrequest,post,1602365741,neutral
jhvg35,redditrequest,post,1603640614,neutral
jiediu,redditrequest,post,1603718328,neutral
jffklo,redditrequest,post,1603295832,neutral
je5kvj,redditrequest,post,1603126861,neutral
j8npny,redditrequest,post,1602348280,neutral
ji7rz4,redditrequest,post,1603684576,neutral
jb78uz,redditrequest,post,1602702513,neutral
jlrtb1,redditrequest,post,1604184630,neutral
jkqw19,unpopularopinion,post,1604035059,negative
jhv7om,vexillology,post,1603639797,neutral
jh2n4p,BDSMAdvice,post,1603513232,negative
j7t3dq,Brawlstars,post,1602220239,negative
j8x56v,CFB,post,1602382399,negative
jhmjuf,ComedyCemetery,post,1603596254,negative
ji6lrg,Conservative,post,1603679678,neutral
j9xeew,DynastyFF,post,1602530053,neutral
jatkfy,MDMA,post,1602648396,neutral
jdrs22,OCD,post,1603067659,negative
jhl1lr,Paladins,post,1603589806,neutral
jhl24e,Paladins,post,1603589864,neutral
jc8yk8,PoliticalHumor,post,1602851581,neutral
jjq29j,TopMindsOfReddit,post,1603899558,negative
jlguaj,Trophies,post,1604143839,neutral
jio21a,WatchRedditDie,post,1603748672,neutral
jb1nu2,Watches,post,1602685597,negative
j48dx2,actuallesbians,post,1601694135,neutral
jbtlye,adoptareddit,post,1602787560,neutral
jdnxd2,arma,post,1603053867,neutral
jjyrmz,balisong,post,1603927186,neutral
jck8d1,barstoolsports,post,1602889410,neutral
jdnl96,bengals,post,1603052734,negative
j96l6u,childfree,post,1602427428,positive
jfaez2,conspiracy,post,1603276641,negative
jdb34z,dankmemes,post,1603000959,neutral
jecb24,deaf,post,1603146075,neutral
jhfzf4,exmuslim,post,1603570992,negative
jdanse,fantasyfootball,post,1602998806,positive
jk1e40,fantasyfootball,post,1603936596,negative
j85t0r,freefolk,post,1602272508,negative
jcwsqm,memes,post,1602947425,neutral
jcl1um,mildlyinfuriating,post,1602892579,negative
jhfawy,penpals,post,1603568666,neutral
jc9iua,personalfinance,post,1602853852,negative
j52wnn,redditrequest,post,1601832984,negative
javl00,redditrequest,post,1602657599,neutral
j6t1jw,redditrequest,post,1602084922,neutral
jefd3m,redditrequest,post,1603156174,neutral
j93we7,redditrequest,post,1602416147,neutral
ji53wy,redditrequest,post,1603673874,neutral
jf0gho,2007scape,post,1603233649,neutral
jan7y3,ChronicPain,post,1602625462,neutral
jj6pxq,CombatFootage,post,1603823151,negative
jitfwx,MLBTheShow,post,1603767837,neutral
jlg9o0,Memes_Of_The_Dank,post,1604140858,negative
jlrrh1,Minecraft,post,1604184418,neutral
jl7twz,ModSupport,post,1604100853,neutral
j9cswe,PhantomForces,post,1602447964,negative
j2ys30,SCJerk,post,1601514309,negative
j63tu9,SCJerk,post,1601985933,negative
jbzza6,SCJerk,post,1602809265,negative
jlrdg6,StLouis,post,1604182943,neutral
jdqne2,StarTrekDiscovery,post,1603063307,neutral
j80py8,SubredditDrama,post,1602256272,negative
jdthxf,WatchRedditDie,post,1603074616,neutral
j6yppb,bugs,post,1602102441,neutral
jkjvjw,copypasta,post,1604009013,negative
jihgd8,dankmemes,post,1603728905,neutral
jgidwj,dankmemes,post,1603437671,neutral
j3u5ht,destiny2,post,1601644186,neutral
j95to4,exmuslim,post,1602424656,neutral
jla31o,jerma985,post,1604109318,neutral
jgpb9l,leagueoflegends,post,1603467028,negative
jgvje4,leagueoflegends,post,1603486331,negative
jfptfe,legaladvice,post,1603328657,neutral
jjr9cl,nvidia,post,1603903284,negative
jiself,reddCoin,post,1603763841,neutral
j6cd6j,redditrequest,post,1602014482,neutral
jfixlj,redditrequest,post,1603305936,neutral
jdpiwg,redditrequest,post,1603059230,neutral
jk2zqe,redditrequest,post,1603942968,neutral
jjwel5,redditrequest,post,1603919220,neutral
j8rvq4,redditrequest,post,1602362429,neutral
j45dph,redditrequest,post,1601681478,neutral
j87fhk,survivor,post,1602277785,neutral
j5aow3,teenagers,post,1601861396,neutral
j5bt6i,teenagers,post,1601866087,neutral
j5xn1j,thedivision,post,1601953602,negative
jk1kn3,AFL,post,1603937272,negative
jb1h92,AccurateBattleSim,post,1602684982,neutral
jk6x9w,BigBrother,post,1603963800,positive
j46e7q,BoostForReddit,post,1601685587,negative
j5rw85,Brawlstars,post,1601931941,neutral
j8sy4l,Brawlstars,post,1602366172,neutral
ja3lny,Brawlstars,post,1602551316,negative
jdaznr,Brawlstars,post,1603000464,neutral
jdtu6d,Brawlstars,post,1603076057,neutral
jfkg2t,Brawlstars,post,1603310516,negative
jh5yjv,Brawlstars,post,1603530940,negative
jh9dsn,Brawlstars,post,1603547981,negative
j84rik,CookieClicker,post,1602269138,neutral
j8ejj6,DBZDokkanBattle,post,1602305693,neutral
jkrxmi,DestinyTheGame,post,1604040570,neutral
jcguat,MBMBAM,post,1602877594,neutral
jcgvts,MBMBAM,post,1602877738,neutral
jdyle4,MyNintendo,post,1603100008,neutral
jlk59a,NoStupidQuestions,post,1604157636,negative
jc9bm6,RocketLeague,post,1602853081,neutral
jidrtc,ShadowBan,post,1603715948,neutral
jb0tju,Swingers,post,1602682712,neutral
j6aee2,Unexpected,post,1602008451,positive
jdw5sm,ambien,post,1603086769,neutral
jghp30,ambien,post,1603434349,negative
j3mu7m,conspiracy,post,1601607391,negative
j3rfz1,conspiracy,post,1601630608,negative
j3ygz3,conspiracy,post,1601658348,negative
j461yo,conspiracy,post,1601684184,negative
j4buoa,conspiracy,post,1601711167,neutral
j4r792,conspiracy,post,1601777045,neutral
j4ri1n,conspiracy,post,1601778390,negative
j4rj58,conspiracy,post,1601778529,negative
j4rkc3,conspiracy,post,1601778685,negative
j6w01h,conspiracy,post,1602094170,negative
j75tmj,conspiracy,post,1602127918,negative
j766za,conspiracy,post,1602129438,negative
j7ckos,conspiracy,post,1602161958,negative
j9inob,conspiracy,post,1602469906,negative
j9th7f,conspiracy,post,1602518130,neutral
ja8mvc,conspiracy,post,1602573657,neutral
jb6w9c,conspiracy,post,1602701455,negative
jbx2lf,conspiracy,post,1602798527,negative
jc5vtb,conspiracy,post,1602835350,positive
jcx91u,conspiracy,post,1602948957,neutral
jdyln8,conspiracy,post,1603100054,negative
jfbxse,conspiracy,post,1603283704,negative
jfitkd,conspiracy,post,1603305598,negative
jfjf69,conspiracy,post,1603307378,negative
jfk61w,conspiracy,post,1603309667,neutral
jfoeea,conspiracy,post,1603323463,positive
jg3lts,conspiracy,post,1603386019,positive
jgcvd0,conspiracy,post,1603415078,negative
jgg5ag,conspiracy,post,1603427438,negative
jgg6qe,conspiracy,post,1603427602,neutral
jgg9y2,conspiracy,post,1603427960,negative
jggiee,conspiracy,post,1603428967,negative
jggkmd,conspiracy,post,1603429222,negative
jggn5t,conspiracy,post,1603429503,negative
jggsix,conspiracy,post,1603430155,negative
jggt55,conspiracy,post,1603430231,negative
jhqs07,conspiracy,post,1603618869,neutral
jhrf3u,conspiracy,post,1603622621,neutral
jhrr09,conspiracy,post,1603624528,negative
jhrurv,conspiracy,post,1603625141,neutral
jhs5y6,conspiracy,post,1603626853,neutral
jhsll2,conspiracy,post,1603629101,neutral
ji2zo0,conspiracy,post,1603666140,neutral
ji50pb,conspiracy,post,1603673536,negative
jiinc0,conspiracy,post,1603732561,negative
jijsvz,conspiracy,post,1603735977,negative
jirm87,conspiracy,post,1603760885,negative
jitujg,conspiracy,post,1603769506,negative
jkig0y,conspiracy,post,1604004645,negative
jkigx3,conspiracy,post,1604004716,negative
jkj2cs,conspiracy,post,1604006489,negative
jkj4bh,conspiracy,post,1604006650,negative
jkj62v,conspiracy,post,1604006798,negative
jkj7a1,conspiracy,post,1604006896,negative
jlqish,conspiracy,post,1604179780,negative
j54dc7,conspiracy,post,1601837994,neutral
jl4ya0,copypasta,post,1604090976,negative
j3f8qz,de,post,1601579920,neutral
jenvmv,excel,post,1603194425,neutral
jj74de,memes,post,1603824353,neutral
jl708d,oklahoma,post,1604097939,neutral
jevdc1,pics,post,1603218209,neutral
jbejs6,politics,post,1602726843,negative
j5y4i8,redditrequest,post,1601955647,neutral
jfbka6,redditrequest,post,1603282101,neutral
jb3je5,redditrequest,post,1602691485,neutral
jdivsf,redditrequest,post,1603037250,negative
jee0cp,redditrequest,post,1603151590,neutral
jc16jt,redditrequest,post,1602814094,neutral
jdjod3,redditrequest,post,1603039932,neutral
jhhzki,redditrequest,post,1603577956,neutral
j88qiw,redditrequest,post,1602282201,neutral
jifd2x,redditrequest,post,1603721952,neutral
jkkwou,roblox,post,1604012405,neutral
j7m7ha,roblox,post,1602193441,negative
jeovtz,teenagers,post,1603198424,negative
j4suo0,teenagers,post,1601784653,neutral
j9sy89,teenagers,post,1602516488,neutral
jf2pue,teenagers,post,1603241338,neutral
jitiaz,xboxone,post,1603768095,negative
jlox6p,ABCDesis,post,1604174038,neutral
jfa20i,AskReddit,post,1603274742,neutral
j3di25,AskReddit,post,1601574523,neutral
jl3r4p,INTP,post,1604087124,neutral
jedvf7,KendrickLamar,post,1603151134,negative
jeqlxz,MakeNewFriendsHere,post,1603204227,neutral
jafjnr,Metallica,post,1602602476,neutral
jlq81o,PKA,post,1604178664,negative
ji20bx,RealGirls,post,1603662715,neutral
jjtpql,StarWarsBattlefront,post,1603910748,negative
j68wi6,The100,post,1602003855,positive
j8pu4p,TheoryOfReddit,post,1602355413,neutral
jfvd3r,askgaybros,post,1603352931,neutral
j5dezv,coolguides,post,1601873444,neutral
j5rngq,financialindependence,post,1601931180,neutral
jeg12e,foxholegame,post,1603158584,positive
je18b1,iphone,post,1603112587,neutral
jgsnil,justneckbeardthings,post,1603477226,neutral
jg4rsk,redditrequest,post,1603389495,neutral
jc06gi,redditrequest,post,1602810070,neutral
jlhebo,redditrequest,post,1604146658,neutral
jagf6m,redditrequest,post,1602605091,neutral
jadcfj,redditrequest,post,1602595618,neutral
jgf3vu,redditrequest,post,1603423368,neutral
jk95y4,redditrequest,post,1603974814,neutral
jeh91c,relationship_advice,post,1603163072,neutral
j5i12k,teenagers,post,1601898921,positive
jkh65b,tumblr,post,1604000734,negative
j41jbg,unpopularopinion,post,1601667942,negative
j41k9u,unpopularopinion,post,1601668028,neutral
j41lxm,unpopularopinion,post,1601668178,neutral
j41mfo,unpopularopinion,post,1601668222,negative
jb0zsb,unpopularopinion,post,1602683290,negative
j4kq1h,unpopularopinion,post,1601751793,negative
jhiw9r,wallstreetbets,post,1603581283,neutral
jhw7zw,wallstreetbets,post,1603643301,negative
jiq1t0,Anarcho_Capitalism,post,1603755310,negative
j9kwxf,AskOuija,post,1602479785,neutral
jfbf2f,AskReddit,post,1603281480,neutral
jgbst6,ChronicPain,post,1603411249,negative
jjd8gb,Firefighting,post,1603843493,neutral
jf0dct,Mario,post,1603233362,neutral
j5bggt,OpiatesRecovery,post,1601864591,neutral
j38o4o,ShitLiberalsSay,post,1601559310,neutral
j5wotk,ShitLiberalsSay,post,1601949644,negative
jfcquc,WatchPeopleDieInside,post,1603286731,negative
j8eblh,amateurradio,post,1602304680,neutral
j8zuiw,benzodiazepines,post,1602394738,neutral
j6pg3y,cardano,post,1602071671,neutral
j7kq9b,conservatives,post,1602188562,neutral
j6k72k,dankmemes,post,1602043536,neutral
j7tlif,deathgrips,post,1602222784,neutral
jdrncq,gpdwin,post,1603067146,negative
jbrq0q,help,post,1602781778,neutral
jl5435,javahelp,post,1604091515,neutral
j3ys6c,lawbreakers,post,1601659335,negative
j5abol,nba,post,1601859860,negative
j5abyf,nba,post,1601859886,negative
j5ac0i,nba,post,1601859892,negative
j5ac26,nba,post,1601859897,negative
j5ac45,nba,post,1601859903,negative
j5ac5r,nba,post,1601859908,negative
j5acix,nba,post,1601859950,negative
j5acmg,nba,post,1601859961,negative
j5ad03,nba,post,1601860001,negative
j5ad2b,nba,post,1601860008,negative
j9yysd,nfl,post,1602534846,neutral
j93v8x,quityourbullshit,post,1602415989,neutral
j3lvnf,redditrequest,post,1601603406,neutral
javubi,redditrequest,post,1602658940,neutral
ji6z68,redditrequest,post,1603681177,neutral
jk2t3k,redditrequest,post,1603942181,neutral
j61nz6,redditrequest,post,1601974283,negative
jihdes,redditrequest,post,1603728642,neutral
jds3hk,redditrequest,post,1603068950,neutral
j9duvu,redditrequest,post,1602451490,neutral
jjpqwe,stephenking,post,1603898532,neutral
jl3q0i,teenagers,post,1604087028,neutral
jhybbw,texas,post,1603650490,negative
jjtdj7,AmItheAsshole,post,1603909703,negative
jff1b5,ContestOfChampions,post,1603294159,negative
jbqu98,CrossStitch,post,1602779162,neutral
j95y3e,CrusaderKings,post,1602425114,negative
jl040f,DigitalMarketing,post,1604075627,neutral
jj4a8u,FIFA,post,1603815698,negative
j6xqqv,Fitness,post,1602099452,neutral
jhyq60,Jokes,post,1603651857,negative
jf63g2,Minecraft,post,1603254232,negative
jhp4c4,MtF,post,1603609022,neutral
jazmij,PS4,post,1602678103,negative
jb4ubw,PS4,post,1602695400,negative
jcn9rx,PS4,post,1602901638,negative
jcvrtm,PewdiepieSubmissions,post,1602943863,negative
jjfpva,PokemonGoSpoofing,post,1603852656,neutral
jifdpx,PublicFreakout,post,1603722010,negative
j3fgzo,Rants,post,1601580626,negative
j6aww9,ShadowBan,post,1602010052,negative
j3brm7,Switch,post,1601569299,negative
j7ht49,Switch,post,1602179414,negative
j4u156,Wellthatsucks,post,1601790822,negative
j4u8z4,Wellthatsucks,post,1601792013,negative
j9oq2f,Wellthatsucks,post,1602499822,negative
jiyxqq,Wellthatsucks,post,1603796126,negative
jkvygy,bonehurtingjuice,post,1604061469,neutral
j8aa6g,cartoons,post,1602287784,neutral
jilzgt,copypasta,post,1603742490,negative
jljwja,fatestaynight,post,1604156781,negative
jlqrsn,gaymersgonewild,post,1604180703,negative
ja096l,help,post,1602538879,neutral
jegy6c,highdeas,post,1603161913,neutral
jav7lj,islam,post,1602655737,neutral
jivfpr,islam,post,1603776776,negative
jj4upp,islam,post,1603817472,neutral
jlnvqw,islam,post,1604170429,negative
j4shzn,lgbtsex,post,1601782978,neutral
jb9qd8,liberalgunowners,post,1602709980,neutral
jkcstp,modhelp,post,1603987428,neutral
jkdj09,modhelp,post,1603989703,neutral
jjy0og,reddevils,post,1603924344,neutral
j71u34,redditrequest,post,1602112974,neutral
jii5xu,redditrequest,post,1603731116,neutral
jjbdpf,redditrequest,post,1603837291,neutral
j64zd8,redditrequest,post,1601990702,neutral
j2zwqv,redditrequest,post,1601518747,neutral
j5h19o,redditrequest,post,1601893960,neutral
jgfuo7,redditrequest,post,1603426258,neutral
j5amx1,shittysuperpowers,post,1601861171,negative
j85tjq,tennis,post,1602272554,neutral
jlbf9l,wholesomeanimemes,post,1604114723,neutral
jc1ufw,AgainstHateSubreddits,post,1602816767,neutral
jj4zff,Anarchism,post,1603817888,neutral
jlc2ef,Bible,post,1604117537,neutral
j49cx2,Christianity,post,1601698369,neutral
j3dtkm,Conservative,post,1601575488,negative
jdzqrn,Conservative,post,1603106172,negative
jijtpw,CrappyDesign,post,1603736046,negative
jeyp1e,Destiny,post,1603228172,negative
jcgudp,Feminism,post,1602877602,negative
jhv8qx,Frat,post,1603639906,negative
jc7lrz,Memes_Of_The_Dank,post,1602844979,neutral
jhxry4,NoStupidQuestions,post,1603648725,negative
j8p3bu,Padres,post,1602352925,neutral
jgf43q,Sino,post,1603423393,neutral
j8jfxk,Steam,post,1602332039,neutral
j8v78f,Terraria,post,1602374465,negative
jhnrdt,Twitch,post,1603601884,neutral
jioleb,WatchRedditDie,post,1603750376,negative
jeebn7,WatchRedditDie,post,1603152613,negative
jkxtqk,assholedesign,post,1604068295,negative
j8343h,boobs,post,1602263862,neutral
jisejo,dankmemes,post,1603763835,neutral
jji7ux,dankmemes,post,1603863719,negative
jgh3fo,dankruto,post,1603431500,negative
j7rwo1,entj,post,1602214724,neutral
jcjt4i,fantanoforever,post,1602887833,neutral
j8y6wy,miamidolphins,post,1602386953,neutral
jfhp06,philadelphia,post,1603302228,negative
jevp82,redditrequest,post,1603219101,neutral
jg22zu,redditrequest,post,1603381549,neutral
jbkx5i,redditrequest,post,1602757206,neutral
jkuvip,redditrequest,post,1604056580,neutral
j3poda,redditrequest,post,1601620567,neutral
j9s9a3,sweden,post,1602514252,neutral
j58cha,teenagers,post,1601851999,negative
jhxzef,teenagers,post,1603649410,negative
jgjyap,triplej,post,1603445753,neutral
jgoofk,unpopularopinion,post,1603465034,negative
ja7gr1,3amjokes,post,1602567593,neutral
jex5fh,3amjokes,post,1603223403,neutral
j6opl3,Advice,post,1602067923,negative
jhglc7,CK2GameOfthrones,post,1603573110,neutral
jk7mmo,COMPLETEANARCHY,post,1603967619,negative
jk904c,COMPLETEANARCHY,post,1603974125,negative
jfmlrq,GoForGold,post,1603317296,neutral
j7ccez,Memes_Of_The_Dank,post,1602161022,neutral
j6kxc1,ModSupport,post,1602046866,neutral
jk3x4c,ModSupport,post,1603947108,neutral
j4c6b3,NatureIsFuckingLit,post,1601713104,negative
j4c6er,NatureIsFuckingLit,post,1601713117,negative
j99l0f,NoStupidQuestions,post,1602437502,neutral
j50cgr,RequestABot,post,1601823855,neutral
j5ehnm,SuddenlyGay,post,1601879035,negative
jjbi2a,Thailand,post,1603837678,negative
j3aqj2,Twitter,post,1601566065,negative
j8a2ja,WatchRedditDie,post,1602286961,negative
jk2yi4,abortion,post,1603942824,positive
jf811l,auckland,post,1603263542,neutral
jf7v4v,australia,post,1603262718,negative
jah175,buildapc,post,1602606959,negative
jia7z5,cars,post,1603696959,neutral
jesooi,hamptonbrandon,post,1603210417,negative
j38byy,modhelp,post,1601558068,neutral
j351qy,modhelp,post,1601543018,neutral
jic6oy,newreddits,post,1603708435,neutral
jiu4es,redditrequest,post,1603770665,neutral
j9b8hm,redditrequest,post,1602442921,neutral
j4vb9d,redditrequest,post,1601798407,neutral
jbjk5e,redditrequest,post,1602749768,neutral
j8poyz,rupaulsdragrace,post,1602354925,negative
j7k3i6,self,post,1602186583,negative
jb0wcr,unpopularopinion,post,1602682990,negative
j46zev,ween,post,1601688081,neutral
jdk6y4,wisconsin,post,1603041637,positive
jlnkt6,2b2t,post,1604169369,neutral
jjbw6m,AmItheAsshole,post,1603838941,neutral
jeix7k,AndroidGaming,post,1603169951,negative
jc4mu8,ApplyingToCollege,post,1602828880,positive
ji4a6i,AskReddit,post,1603670835,neutral
jkvyan,AskReddit,post,1604061452,neutral
j4rmpt,AskReddit,post,1601778975,neutral
jbb4yp,AskStatistics,post,1602714573,neutral
j9p9v1,CasualUK,post,1602502622,negative
jc58zf,Christianity,post,1602831966,negative
j5bypl,Dallas,post,1601866745,neutral
j9w655,Dallas,post,1602526335,negative
j7zwt9,Epilepsy,post,1602253587,positive
jfbyu0,FargoTV,post,1603283820,neutral
j3grep,Izlam,post,1601584629,neutral
j4kqfx,Minecraft,post,1601751831,neutral
jiq4hd,ModSupport,post,1603755568,neutral
jlk87q,MtvChallenge,post,1604157931,neutral
jla904,Overwatch,post,1604109973,negative
j9lya8,PcMasterRaceBuilds,post,1602485029,negative
jl4ire,PrequelMemes,post,1604089572,neutral
jacafv,PrequelMemes,post,1602591788,neutral
j7emjc,ShadowBan,post,1602169335,negative
jaeb61,ShadowBan,post,1602598667,neutral
j6kost,Thailand,post,1602045739,neutral
jk923o,TooAfraidToAsk,post,1603974358,neutral
jiotb1,TopMindsOfReddit,post,1603751082,neutral
jg05bq,TopMindsOfReddit,post,1603375200,negative
j49rf7,TwoBestFriendsPlay,post,1601700057,negative
j6db19,WatchRedditDie,post,1602017372,negative
jk0irh,Winnipeg,post,1603933327,neutral
jk3j1v,badhistory,post,1603945295,negative
j60jwf,brisbane,post,1601967763,neutral
j4uq17,copypasta,post,1601794839,negative
jbfa7c,discordapp,post,1602729635,neutral
j99gx0,fivenightsatfreddys,post,1602437115,neutral
jbtkr3,mildlyinfuriating,post,1602787460,negative
jj1pip,minnesota,post,1603807472,neutral
jiedyx,modhelp,post,1603718380,neutral
jj0zv4,modhelp,post,1603804900,neutral
j7auqv,modhelp,post,1602154003,neutral
jaawm7,oneplus,post,1602585742,negative
jelfiy,redditrequest,post,1603182509,neutral
j3riwh,redditrequest,post,1601631103,neutral
jjju7j,redditrequest,post,1603872747,neutral
j64sce,redditrequest,post,1601989940,neutral
jgwoe2,redditrequest,post,1603490003,neutral
j8k396,redditrequest,post,1602334933,neutral
j58zsg,redditrequest,post,1601854514,neutral
jgn7b7,redditrequest,post,1603460054,neutral
jjb1rm,redditrequest,post,1603836231,neutral
j3g5su,skylanders,post,1601582744,negative
jlanyg,stunfisk,post,1604111639,neutral
j3fjq0,teenagers,post,1601580856,neutral
jj6u89,truegaming,post,1603823527,positive
j3vz81,wow,post,1601650562,negative
ji7bgb,2b2t,post,1603682580,negative
j4oy11,4chan,post,1601767466,negative
j6ap7h,4chan,post,1602009380,negative
j5e6v3,AskEurope,post,1601877373,neutral
jgwx7z,AskReddit,post,1603490790,negative
jdeh1f,AskReddit,post,1603019031,negative
jdehvb,AskReddit,post,1603019132,negative
jg6426,AskReddit,post,1603393395,neutral
j4qip8,AskReddit,post,1601774054,negative
j33xda,Christianity,post,1601536781,negative
jjhztn,FortNiteBR,post,1603862553,negative
jgzmgw,Hoboken,post,1603500610,neutral
j4rlc1,MurderedByWords,post,1601778811,neutral
jbz6cq,WeAreTheMusicMakers,post,1602806126,negative
jf5ims,australia,post,1603251763,neutral
ja0cei,burgers,post,1602539191,neutral
j3kjfu,dankmemes,post,1601597940,neutral
j3bfov,dankmemes,post,1601568278,neutral
jbcja7,help,post,1602719476,neutral
jivper,meme,post,1603778193,neutral
jivq4w,meme,post,1603778312,neutral
j98745,mildlyinfuriating,post,1602432855,neutral
jax7fx,modhelp,post,1602666348,negative
jj6azo,oculus,post,1603821896,neutral
jf77ea,redditrequest,post,1603259402,neutral
j7pewk,redditrequest,post,1602204757,neutral
j3ya26,redditrequest,post,1601657766,neutral
jfknw8,redditrequest,post,1603311180,neutral
jfaddb,redditrequest,post,1603276403,neutral
j5dwcn,redditrequest,post,1601875823,neutral
j42dpy,redditrequest,post,1601670657,neutral
jkpnnf,redditrequest,post,1604029526,neutral
jb5tis,roosterteeth,post,1602698230,neutral
jfi3pj,runescape,post,1603303455,neutral
j4ak5q,teenagers,post,1601703847,negative
j4fufu,worldpolitics,post,1601734980,neutral
j4o6bm,Albany,post,1601764427,neutral
j64ebs,Animemes,post,1601988381,negative
j7pjkt,AskWomen,post,1602205240,negative
j516tv,Barca,post,1601826928,neutral
j5v3mu,Barca,post,1601943353,neutral
jciqwu,Conservative,post,1602884180,neutral
jlhuqq,CryptoCurrency,post,1604148755,negative
j5javh,CryptoCurrency,post,1601904174,neutral
jj6p42,EscapefromTarkov,post,1603823081,negative
jcvw64,FIFA,post,1602944301,negative
jaio5m,HistoryMemes,post,1602611858,neutral
j8dj1s,Rainbow6,post,1602301175,neutral
j31vil,copypasta,post,1601526857,positive
jf4ll5,dankmemes,post,1603248110,negative
j8kuei,de,post,1602337957,negative
jefkyj,europe,post,1603156966,negative
j9s1lv,gis,post,1602513524,neutral
ji7rm8,insanepeoplefacebook,post,1603684538,negative
jd7whk,memes,post,1602986714,neutral
jjb7ma,memes,post,1603836750,negative
j55qg9,memes,post,1601842577,negative
j8r6h6,memes,post,1602360015,negative
jjs33t,projectzomboid,post,1603905796,negative
jjcl22,redditrequest,post,1603841247,neutral
jhhkzf,redditrequest,post,1603576533,neutral
je6qrt,redditrequest,post,1603130206,neutral
jgtwdb,redditrequest,post,1603481093,neutral
j95gg3,redditrequest,post,1602423126,neutral
jeuzpy,redditrequest,post,1603217101,neutral
j6vgpt,redditrequest,post,1602092537,neutral
jcp1m6,redditrequest,post,1602909813,neutral
je1bhq,rheumatoid,post,1603112935,neutral
j8uq77,rupaulsdragrace,post,1602372655,neutral
jgkyd1,serialkillers,post,1603450839,neutral
jhez9f,soccer,post,1603567571,negative
j3dvm0,spaceengineers,post,1601575667,positive
jllv10,teenagers,post,1604163559,negative
jgiivt,tulsa,post,1603438339,negative
j5rxpe,unpopularopinion,post,1601932072,negative
j8mnz3,unpopularopinion,post,1602344671,negative
jcmcq3,vagina,post,1602897785,neutral
j4qzeq,vagina,post,1601776099,neutral
jl9b2r,weezer,post,1604106303,negative
j8asce,DotA2,post,1602289699,neutral
jjze58,Etsy,post,1603929256,neutral
j7j1hl,Jokes,post,1602183293,neutral
j4hbsu,NewSkaters,post,1601740313,negative
jjrcyo,WEPES,post,1603903585,neutral
jkiqpe,Warframe,post,1604005525,negative
ji3xeh,argentina,post,1603669541,negative
jafr0h,combinedgifs,post,1602603084,neutral
jipw50,facepalm,post,1603754775,negative
jiq6qa,facepalm,post,1603755773,negative
ja5ezr,help,post,1602558544,negative
jblij2,help,post,1602760118,neutral
jhlji8,help,post,1603591865,neutral
jdgiow,memes,post,1603028443,neutral
jdgupn,memes,post,1603029810,neutral
j6ssaq,redditrequest,post,1602084087,neutral
j3vci7,redditrequest,post,1601648451,neutral
j34epj,redditrequest,post,1601539332,neutral
jj4ppf,redditrequest,post,1603817026,neutral
jfq3yr,redditrequest,post,1603329739,neutral
jeeexp,theratio,post,1603152920,negative
j8r3da,tumblr,post,1602359717,negative
jakie8,wildhearthstone,post,1602617272,positive
jhhtq0,AskReddit,post,1603577379,negative
jdot7y,AskReddit,post,1603056805,neutral
j70lc4,AutoModerator,post,1602108620,neutral
jc33vj,Blacksmith,post,1602821874,neutral
jb0v7j,CBD,post,1602682884,neutral
jhvfqd,FellowKids,post,1603640583,neutral
jdx6yt,ModSupport,post,1603092110,neutral
jkqu90,ModSupport,post,1604034823,neutral
jlkwst,PKA,post,1604160316,negative
jll9yt,PKA,post,1604161581,neutral
jlmvym,PKA,post,1604167041,negative
jloi5n,PKA,post,1604172584,negative
jlqcet,PKA,post,1604179123,neutral
jgbn72,RocketLeagueExchange,post,1603410706,neutral
jjbjr9,SquaredCircle,post,1603837826,neutral
jajjwr,StardustCrusaders,post,1602614434,negative
jatvac,StardustCrusaders,post,1602649656,negative
jfa25t,celebJObuds,post,1603274766,negative
j59so9,chemicalreactiongifs,post,1601857722,neutral
j8ix72,chickflixxx,post,1602329453,positive
jlppt5,copypasta,post,1604176883,negative
j4ui1y,dankmemes,post,1601793516,neutral
j8i6oc,darksouls3,post,1602325440,neutral
jfgv0p,deadbydaylight,post,1603299747,negative
j9fw8m,gtaonline,post,1602458873,neutral
jlmltt,kansascity,post,1604166100,neutral
ja4nb9,redditrequest,post,1602555447,neutral
jdzgxy,redditrequest,post,1603104798,neutral
jbrhpw,redditrequest,post,1602781117,neutral
jh3luc,rule34,post,1603517795,neutral
jkdvto,southpark,post,1603990813,neutral
jkid4f,tf2,post,1604004397,negative
jark69,wallstreetbets,post,1602640722,negative
jf151z,Advice,post,1603235935,negative
jkqsso,AustralianPolitics,post,1604034634,neutral
jlqdup,Christianity,post,1604179270,negative
jbv1sj,Conservative,post,1602791973,neutral
j3xf6n,German,post,1601655099,neutral
j5aaux,Iowa,post,1601859773,neutral
jg8x04,MaddenMobileForums,post,1603401654,neutral
jdujd5,Mid_Century,post,1603079071,neutral
j8ylbj,NoGameNoLife,post,1602388780,neutral
j9m5pf,Paranormal,post,1602486144,negative
j42d1b,PrequelMemes,post,1601670597,positive
jdi6q4,SiegeAcademy,post,1603034848,neutral
jchr29,Tinder,post,1602880560,negative
jkglvz,ToolBand,post,1603999003,neutral
jkeqr1,WatchRedditDie,post,1603993371,negative
j46jvq,albiononline,post,1601686270,negative
j9zxml,boston,post,1602537846,negative
j9458m,conspiracy,post,1602417380,neutral
jj8kqb,cyberpunkgame,post,1603828696,neutral
j3xica,dankmemes,post,1601655382,neutral
j9fpuf,gaycumsluts,post,1602458200,neutral
jif4e4,horror,post,1603721105,negative
jgsppr,insanepeoplefacebook,post,1603477411,negative
jdbtk9,islam,post,1603004890,negative
jj2giq,islam,post,1603809976,negative
j5kceq,osugame,post,1601907994,neutral
jgq1al,prochoice,post,1603469248,neutral
j43k13,redditrequest,post,1601674608,neutral
jere7t,redditrequest,post,1603206592,neutral
jkghbh,redditrequest,post,1603998607,neutral
jhec3g,redditrequest,post,1603565427,neutral
j4669i,relationship_advice,post,1601684688,neutral
jl0pxb,smashbros,post,1604077522,neutral
ji3uob,wallstreetbets,post,1603669267,neutral
j6didu,worldpolitics,post,1602018025,neutral
j8c1bp,worldpolitics,post,1602294773,neutral
jaymgp,worldpolitics,post,1602673620,neutral
jaynso,worldpolitics,post,1602673795,positive
j99d4f,xboxone,post,1602436774,neutral
jge5my,zen,post,1603419839,neutral
j3wib8,AskScienceFiction,post,1601652235,neutral
jko3i4,Catloaf,post,1604023517,negative
j4n8z6,Connery,post,1601760953,negative
j8ohaw,TheLastAirbender,post,1602350866,neutral
jhzybc,Vent,post,1603655918,negative
j740m1,adultery,post,1602121243,neutral
j41nlj,assettocorsa,post,1601668322,neutral
jk1xjj,atheism,post,1603938658,neutral
jhommo,books,post,1603606272,negative
jeenfl,copypasta,post,1603153721,negative
jdaktd,dankmemes,post,1602998392,negative
jkkvmk,gratefuldead,post,1604012307,neutral
j64lag,help,post,1601989190,neutral
jk3sgs,kpop,post,1603946514,neutral
jcahz5,nukedmemes,post,1602857463,negative
j76b8o,redditrequest,post,1602129932,neutral
jccs4h,redditrequest,post,1602864904,neutral
j5jn4p,redditrequest,post,1601905447,neutral
j8hmis,redditrequest,post,1602322286,neutral
je7w48,redditrequest,post,1603133405,neutral
jjxm65,redditrequest,post,1603923034,neutral
j5mda1,redditrequest,post,1601914627,neutral
jale4h,redditrequest,post,1602619878,neutral
jezgqz,seduction,post,1603230470,neutral
j5jpew,soccer,post,1601905690,negative
jgblws,swordartonline,post,1603410586,neutral
jksi33,teenagers,post,1604043798,negative
jgy1cw,teenagers,post,1603494643,neutral
j6e2jf,teenagers,post,1602019885,negative
jj1ksd,teenagers,post,1603807023,negative
j7nl5z,wow,post,1602198099,negative
j49acs,AskReddit,post,1601698042,neutral
jixzh7,ClashOfClans,post,1603791066,negative
jlq79c,ClashOfClans,post,1604178584,negative
j4j30m,DDLC,post,1601746091,neutral
j8bqig,EASportsUFC,post,1602293516,negative
jjvcpq,ModSupport,post,1603915832,neutral
jaiyvk,PewdiepieSubmissions,post,1602612713,neutral
j3invi,WatchRedditDie,post,1601590838,negative
jj098a,XVcrosstrek,post,1603802044,neutral
jk506s,cyberpunkgame,post,1603952704,neutral
j5gz2o,dankmemes,post,1601893647,neutral
jihkq8,energy,post,1603729309,neutral
jj9223,grunge,post,1603830132,neutral
jhcrfi,heroesofthestorm,post,1603560087,neutral
j3y2rx,modhelp,post,1601657137,neutral
jbac4y,modhelp,post,1602711930,neutral
j7qwjp,omegle,post,1602210477,negative
j88he7,omegle,post,1602281326,negative
jef5d0,omegle,post,1603155448,neutral
jh4p0j,pics,post,1603523602,neutral
jcddyl,redditrequest,post,1602866810,neutral
je34j1,redditrequest,post,1603119349,neutral
j6xpo2,redditrequest,post,1602099364,neutral
jii8uj,redditrequest,post,1603731361,neutral
jawf9d,redditrequest,post,1602662060,neutral
jh62gh,redditrequest,post,1603531609,neutral
jeyzds,redditrequest,post,1603229027,neutral
j7pymp,redditrequest,post,1602206818,neutral
jjba2n,redditrequest,post,1603836967,neutral
j975ij,starwarsmemes,post,1602429396,neutral
j9ulvv,teenagers,post,1602521641,neutral
j4lu66,thefighterandthekid,post,1601755753,neutral
j7w6yv,2007scape,post,1602237519,negative
j4nw0p,AbandonedPorn,post,1601763332,negative
jfdtu2,AccurateBattleSim,post,1603290393,positive
jj2wm1,Anarchy101,post,1603811419,neutral
j6clbx,AskModerators,post,1602015144,negative
j6cq03,AskModerators,post,1602015550,negative
jev09w,Bellingham,post,1603217147,negative
jc97h9,ChiefKeef,post,1602852610,neutral
jkdg0c,FORTnITE,post,1603989448,neutral
jlma1h,FortNiteBR,post,1604164957,negative
j4s6zk,Izlam,post,1601781564,neutral
jjgo0r,MW2,post,1603856486,neutral
j7frxu,TheWeeknd,post,1602173056,neutral
j6pc2l,WatchRedditDie,post,1602071114,negative
j3vl0n,answers,post,1601649254,positive
jcus1z,columbia,post,1602939927,neutral
j7l385,dankmemes,post,1602189742,neutral
j6tnhe,dankmemes,post,1602086876,neutral
j66azb,environment,post,1601995520,neutral
jiclxv,facepalm,post,1603710593,negative
jl2xgr,help,post,1604084478,neutral
j8emez,help,post,1602306069,neutral
j9hkps,help,post,1602465479,negative
jcazas,help,post,1602859150,neutral
j5jktw,memes,post,1601905208,negative
j8t7bk,popping,post,1602367018,negative
jeyfsy,redditrequest,post,1603227391,neutral
j5cbo2,redditrequest,post,1601868330,neutral
jelrt1,redditrequest,post,1603184312,neutral
jixmyb,redditrequest,post,1603789092,neutral
ja5xuu,redditrequest,post,1602560775,neutral
j6g17m,roosterteeth,post,1602026782,negative
ja3e7s,teenagers,post,1602550522,negative
jjbpff,worldpowers,post,1603838334,negative
j5i76i,AsiansGoneWild,post,1601899661,positive
j5im0u,AsiansGoneWild,post,1601901450,positive
j7zhmb,AskReddit,post,1602252133,negative
j461g8,AskReddit,post,1601684121,neutral
j6jv5r,AskReddit,post,1602042102,neutral
j6jvmn,AskReddit,post,1602042158,neutral
jk22r1,BBW_Chubby,post,1603939218,positive
jbysgs,KansasCityChiefs,post,1602804656,negative
j5gllz,NBAForums,post,1601891648,neutral
jhx1gn,Random_Acts_Of_Amazon,post,1603646170,positive
jgs7b0,SoCalR4R,post,1603475861,neutral
j3o11z,Tekken,post,1601612678,positive
jl86yl,actuary,post,1604102187,neutral
jdaqm3,askgaybros,post,1602999203,neutral
jf4gnp,australia,post,1603247590,negative
j5iaav,cats,post,1601900034,negative
jfhpf3,copypasta,post,1603302256,neutral
j5r94l,dankmemes,post,1601929894,neutral
jd46fg,darknet,post,1602972322,negative
j6g0gd,eatsandwiches,post,1602026704,neutral
jg2jq5,fightporn,post,1603382921,negative
j41pjx,forsen,post,1601668504,neutral
jl01hj,fsu,post,1604075413,positive
jbjppx,mbti,post,1602750648,negative
jkohcf,outside,post,1604024909,neutral
j50xtl,postrock,post,1601826040,neutral
j6tn4x,redditrequest,post,1602086846,neutral
j847hq,redditrequest,post,1602267340,neutral
jdx57v,redditrequest,post,1603091859,neutral
j7qgdd,redditrequest,post,1602208731,neutral
jj6jem,runescape,post,1603822605,negative
j71cvt,worldbuilding,post,1602111277,neutral
jj6dgs,ARG,post,1603822095,neutral
j46or3,AskReddit,post,1601686846,negative
j46zne,AskReddit,post,1601688111,negative
j470ag,AskReddit,post,1601688181,negative
j95ptm,Conservative,post,1602424254,negative
jdw2aj,LeeSinMains,post,1603086272,neutral
jld0rb,Letterkenny,post,1604122168,neutral
jhzusp,Minecraft,post,1603655607,negative
ji04xd,Minecraft,post,1603656495,negative
j3e5nh,PrequelMemes,post,1601576532,neutral
jby4mu,TeenMomOGandTeenMom2,post,1602802196,neutral
jb5b77,WC3,post,1602696768,negative
jc9t6i,WatchRedditDie,post,1602854923,negative
jav3wb,conspiracy,post,1602655265,negative
jistld,copypasta,post,1603765423,neutral
jd7220,dankmemes,post,1602983238,neutral
j7yovn,findareddit,post,1602249199,negative
jfs89h,flashlight,post,1603337968,negative
jjo49k,guitarcirclejerk,post,1603893132,negative
jar6vc,help,post,1602639331,negative
jlg9ar,meme,post,1604140802,neutral
jahdeg,mildlyinteresting,post,1602607975,neutral
jakygx,mildlyinteresting,post,1602618586,neutral
jgjubc,mildlyinteresting,post,1603445184,negative
jj3ph5,modhelp,post,1603813932,neutral
jc26y7,phish,post,1602818199,neutral
j9nozi,rant,post,1602494504,negative
jc21bz,redditrequest,post,1602817548,neutral
j5znib,redditrequest,post,1601962888,neutral
jah6ir,redditrequest,post,1602607413,neutral
jb0l02,redditrequest,post,1602681847,neutral
j9zf74,redditrequest,post,1602536297,neutral
j4mw8c,redditrequest,post,1601759628,neutral
jc9jc0,sissypersonals,post,1602853903,neutral
jg6zp4,sticker,post,1603395941,positive
jabsnz,teenagers,post,1602589793,negative
j7bng6,thedavidpakmanshow,post,1602157937,neutral
jj6s25,unpopularopinion,post,1603823336,negative
jjdskp,13or30,post,1603845481,negative
jhifqp,AsheronsCall,post,1603579587,negative
jgx3el,AsianParentStories,post,1603491351,neutral
jcmahi,AskReddit,post,1602897527,negative
jfan7h,AskReddit,post,1603277816,negative
jfanrf,AskReddit,post,1603277893,neutral
jbnggq,Astros,post,1602768216,positive
jfe70s,AutoModerator,post,1603291570,neutral
j832kk,BigBoobsGW,post,1602263725,neutral
japsm4,HighQualityGifs,post,1602634212,negative
j5neou,Izlam,post,1601917854,neutral
j3j1e2,Libertarian,post,1601592164,negative
jjbjjl,LifeProTips,post,1603837808,neutral
jkhiqp,MadeMeSmile,post,1604001811,neutral
jifobt,NASCAR,post,1603723018,neutral
jbvv4p,TalesFromYourServer,post,1602794508,neutral
jcrqu5,TooAfraidToAsk,post,1602924730,negative
jkyehz,Winnipeg,post,1604070197,neutral
j526no,dankmemes,post,1601830428,negative
jecdvf,dankmemes,post,1603146316,negative
j6t443,halloween,post,1602085160,positive
jbdwfo,halloween,post,1602724416,neutral
jlitzk,leaves,post,1604152788,negative
jf7a53,meme,post,1603259789,neutral
jkmct6,meme,post,1604017291,neutral
j4umrq,memes,post,1601794308,neutral
jc3rpd,modhelp,post,1602824892,neutral
j438nw,needamod,post,1601673526,neutral
j77w1f,redditrequest,post,1602137245,neutral
jgsv6v,redditrequest,post,1603477880,neutral
j5dwp4,redditrequest,post,1601875872,neutral
jj2ylt,redditrequest,post,1603811588,positive
jgebox,redditrequest,post,1603420468,neutral
j8pmyt,rs2vietnam,post,1602354749,neutral
jcyq9w,science,post,1602953802,negative
j7x0wr,Conservative,post,1602241990,negative
jjebul,Drama,post,1603847422,negative
jcnqnp,MawInstallation,post,1602903717,neutral
jkxpfx,NoStupidQuestions,post,1604067903,neutral
jks2es,Showerthoughts,post,1604041315,negative
jlbha5,SquaredCircle,post,1604114970,neutral
jchp4t,SquaredCircle,post,1602880385,neutral
jeq4fd,TopMindsOfReddit,post,1603202686,neutral
jdp12s,Undertale,post,1603057536,neutral
jl59cr,btc,post,1604091987,neutral
j3szv9,dankmemes,post,1601639112,negative
jj7yoz,dankmemes,post,1603826833,negative
j88uz5,eos,post,1602282646,negative
ja7znp,eos,post,1602570261,negative
jazq6p,exmuslim,post,1602678523,neutral
jf83y7,fivenightsatfreddys,post,1603263950,negative
jbmmtj,gamedev,post,1602765072,neutral
jj0c34,help,post,1603802381,neutral
jffe27,memes,post,1603295281,neutral
jgzv2r,modhelp,post,1603501551,neutral
jaeiea,modhelp,post,1602599287,neutral
j6srr5,neoliberal,post,1602084034,neutral
jl3pvp,printSF,post,1604087016,neutral
j6xncv,redditrequest,post,1602099172,neutral
j9g97g,redditrequest,post,1602460254,neutral
jfx2a7,redditrequest,post,1603362254,neutral
jlh5ra,redditrequest,post,1604145503,neutral
jb6fcn,stopdrinking,post,1602700046,positive
jgr4lf,technology,post,1603472576,negative
jih3te,teenagers,post,1603727790,neutral
jksfs9,teenagers,post,1604043434,negative
j3du1h,tressless,post,1601575531,neutral
jhl14p,tressless,post,1603589750,negative
jh2fwe,unpopularopinion,post,1603512340,neutral
je0fey,AirForce,post,1603109353,negative
jdmjtt,AsianMasculinity,post,1603049362,neutral
jeaeml,Austin,post,1603140376,neutral
jdte6w,AutoModerator,post,1603074185,neutral
j9gtoi,EliteDangerous,post,1602462471,negative
ja2okg,Magic,post,1602547638,negative
ja3f4x,Magic,post,1602550625,negative
jdrnsf,OCD,post,1603067196,negative
jem9fb,OCD,post,1603186847,negative
jcyebk,Ohio,post,1602952725,negative
jcdemz,Overwatch,post,1602866870,neutral
j6w4ac,RocketLeagueExchange,post,1602094527,negative
j7skpc,cpp,post,1602217724,neutral
jiibk6,danganronpa,post,1603731595,neutral
jaabwm,dankmemes,post,1602582938,neutral
j5oosl,denvernuggets,post,1601921816,negative
jbyyvi,discordapp,post,1602805337,neutral
j3oa6f,experimentalmusic,post,1601613882,neutral
jgyaq3,fivenightsatfreddys,post,1603495588,negative
jb7qkv,forsen,post,1602704069,neutral
j3oce0,intermittentfasting,post,1601614178,negative
jj5g2t,madlads,post,1603819302,neutral
j6qhqu,pakistan,post,1602076080,neutral
jb9ldu,redditrequest,post,1602709543,neutral
jfdqav,redditrequest,post,1603290066,neutral
jffpwi,redditrequest,post,1603296269,negative
j4wx02,redditrequest,post,1601807790,neutral
jcywa7,redditrequest,post,1602954340,neutral
jjdm4y,regina,post,1603844835,neutral
j2ypt5,teenagers,post,1601514072,negative
jds19u,teenagers,post,1603068702,negative
j4qswm,unpopularopinion,post,1601775307,negative
jeo8sq,wildhearthstone,post,1603195934,positive
jjbudj,worldpolitics,post,1603838772,negative
jc4ve9,2007scape,post,1602830071,neutral
j3vjxw,2busty2hide,post,1601649152,negative
j3vk4a,2busty2hide,post,1601649168,negative
jduh6c,AskReddit,post,1603078807,neutral
jiic5t,BatmanArkham,post,1603731639,neutral
j9owv1,BonerMaterial,post,1602500787,negative
jj9g5o,BulkOrCut,post,1603831303,neutral
jfe5mv,Cleveland,post,1603291451,negative
jek9j3,GirlTalk,post,1603176527,neutral
jkzoak,Music,post,1604074270,negative
j98dj4,OCPoetry,post,1602433466,negative
j9983r,OCPoetry,post,1602436310,neutral
j77pvl,PewdiepieSubmissions,post,1602136361,neutral
j39f7r,PrequelMemes,post,1601561895,positive
jjyql2,ScottishFootball,post,1603927127,negative
jkyr9p,Swingers,post,1604071350,negative
jdfko5,WatchRedditDie,post,1603024444,neutral
jabjcb,copypasta,post,1602588657,negative
jex6gj,funny,post,1603223489,neutral
jgyzof,help,post,1603498154,neutral
jc72as,help,post,1602841975,negative
jdhn6d,help,post,1603032894,neutral
jfx9dh,jesuschristreddit,post,1603363259,negative
jfl8mk,kindafunny,post,1603312953,neutral
jlq6cm,redditrequest,post,1604178500,neutral
j3yxir,redditrequest,post,1601659805,neutral
ji0et8,redditrequest,post,1603657414,neutral
jf5ogy,runescape,post,1603252445,negative
jlaygh,shittyideas,post,1604112809,negative
j3vuqi,startrek,post,1601650141,negative
j6vq06,BPD,post,1602093334,neutral
j3cwm4,Brawlhalla,post,1601572707,positive
j5n5l6,CODZombies,post,1601917076,negative
jgsnl4,muacirclejerk,post,1603477232,positive
jk639g,nvidia,post,1603958965,neutral
j6fvt2,raisedbynarcissists,post,1602026222,neutral
j4yroi,redditrequest,post,1601817379,neutral
j3onmq,redditrequest,post,1601615590,neutral
j9fed8,redditrequest,post,1602457001,neutral
jam4fv,redditrequest,post,1602622125,neutral
jf5vdo,teenagers,post,1603253246,neutral
jjpdzp,teenagers,post,1603897400,neutral
jjpekz,teenagers,post,1603897451,negative
jjpmkt,teenagers,post,1603898139,negative
jduq32,telescopes,post,1603079911,negative
jkn63m,trains,post,1604020165,neutral
j4fwal,unpopularopinion,post,1601735174,negative
jg611w,AskReddit,post,1603393170,neutral
j7rwj4,Bandnames,post,1602214705,negative
j3arzd,Christianity,post,1601566195,negative
j7ltkx,Epilepsy,post,1602192185,positive
jcksxv,Epilepsy,post,1602891604,neutral
j6pqm6,FanFiction,post,1602072992,positive
jhoi7n,Patriots,post,1603605630,neutral
j8kx9b,UrbanHell,post,1602338287,neutral
jlsawa,asstastic,post,1604186537,neutral
je2hl8,bicycling,post,1603117218,neutral
j791gj,bloodborne,post,1602143542,negative
jig6xs,buffalobills,post,1603724761,neutral
jec9aj,dankmemes,post,1603145922,neutral
jldslv,fullmoviesonyoutube,post,1604126409,neutral
j8rguh,help,post,1602361014,neutral
jjr6ac,nvidia,post,1603903011,negative
japzxk,piano,post,1602634951,positive
jayosm,promote,post,1602673926,neutral
j3q79v,reactiongifs,post,1601623487,neutral
j6w4le,redditrequest,post,1602094552,neutral
j44uhy,redditrequest,post,1601679407,neutral
jh9kil,redditrequest,post,1603548680,neutral
jfvtpg,redditrequest,post,1603355474,neutral
jam2g3,redditrequest,post,1602621948,negative
jkgmmj,redditrequest,post,1603999068,neutral
j3v9g2,redditrequest,post,1601648152,neutral
jek9jd,redditrequest,post,1603176528,neutral
jkm4j8,redditrequest,post,1604016493,neutral
j3ixdy,redditrequest,post,1601591747,neutral
j717wl,redditrequest,post,1602110786,neutral
j4om18,teenagers,post,1601766136,neutral
jiplbp,test,post,1603753720,neutral
j9ce0l,uwaterloo,post,1602446625,negative
j6fxbx,AmItheAsshole,post,1602026387,neutral
jg55pc,AskModerators,post,1603390646,neutral
j5v5nz,CK2GameOfthrones,post,1601943571,neutral
j69vpn,CasualUK,post,1602006879,negative
j6p680,CasualUK,post,1602070312,neutral
jefoaq,CasualUK,post,1603157308,negative
j4f4g6,Jokes,post,1601732217,neutral
j52syy,Jokes,post,1601832626,negative
j52ttn,Jokes,post,1601832711,negative
j5ec7n,Jokes,post,1601878192,neutral
j5repy,Jokes,post,1601930386,negative
jljwqq,Jokes,post,1604156802,neutral
jj70oc,Pathfinder_RPG,post,1603824053,negative
jlgx35,PewdiepieSubmissions,post,1604144235,neutral
j3je2q,RocketLeague,post,1601593469,negative
j53lq6,StarWars,post,1601835361,neutral
jb6t6r,StarWars,post,1602701198,neutral
jcvznp,Trucks,post,1602944647,neutral
j3y296,Warthunder,post,1601657095,negative
jl2lcy,actuallesbians,post,1604083419,positive
ja3t8m,exjw,post,1602552150,neutral
jbsyzt,exmormon,post,1602785586,neutral
jc7cim,help,post,1602843573,negative
ja8r0r,inthenews,post,1602574302,neutral
j9g7w4,offmychest,post,1602460113,neutral
jc0gws,redditrequest,post,1602811206,neutral
j3ismk,redditrequest,post,1601591271,neutral
j3itin,redditrequest,post,1601591359,neutral
j6crb4,redditrequest,post,1602015663,neutral
jc55wh,redditrequest,post,1602831558,neutral
j3zpoj,redditrequest,post,1601662204,neutral
ji1rc7,redditrequest,post,1603661868,neutral
jd5q5t,redditrequest,post,1602978019,neutral
j3ujry,redditrequest,post,1601645649,neutral
jbbysj,totalwar,post,1602717448,neutral
j6xabv,truegaming,post,1602098078,negative
jcbxrm,unixporn,post,1602862300,negative
jfzkc4,vaporents,post,1603373098,negative
jb8v6u,wallstreetbets,post,1602707355,negative
j46z6b,AskReddit,post,1601688054,negative
j3ijao,CitiesSkylines,post,1601590404,neutral
jakmvl,CombatFootage,post,1602617641,negative
jdu5gx,LosAngelesRams,post,1603077384,negative
j5jgiv,dankmemes,post,1601904767,negative
jd3do1,democrats,post,1602969454,neutral
jdd246,diablo2,post,1603011589,negative
jak2yv,ems,post,1602615984,negative
jim51i,excel,post,1603742946,neutral
j3yp78,flightsim,post,1601659074,negative
jhwntc,flightsim,post,1603644868,negative
jehcjy,fnafcringe,post,1603163450,neutral
jdzkdc,formula1,post,1603105294,neutral
j4sjfv,freemasonry,post,1601783161,neutral
jj0wzb,gonewild,post,1603804594,neutral
jfk1if,gonewildcolor,post,1603309272,neutral
jkvh3k,ich_iel,post,1604059410,neutral
j43qfu,needamod,post,1601675248,neutral
j8gh39,needamod,post,1602315761,neutral
jd8hmq,needamod,post,1602989045,neutral
jem8ez,needamod,post,1603186708,neutral
jfj0xn,needamod,post,1603306219,neutral
jfj46s,needamod,post,1603306483,neutral
jg337f,needamod,post,1603384514,neutral
jf35h3,pathofexile,post,1603242887,neutral
jhvuc5,redditrequest,post,1603641972,neutral
jg2tmp,redditrequest,post,1603383727,neutral
jad5fk,redditrequest,post,1602594928,neutral
jjw9iq,redditrequest,post,1603918780,neutral
ji73sw,redditrequest,post,1603681675,neutral
jaiolx,rocket_league_trading,post,1602611897,negative
j6bp57,waifuism,post,1602012431,positive
jl8ego,AmItheAsshole,post,1604102945,neutral
jbt8e2,AutoModerator,post,1602786407,neutral
j6fsbt,CamelotUnchained,post,1602025863,negative
jcw3yo,Conservative,post,1602945079,negative
j8fko0,Cornell,post,1602310899,negative
j56uwk,FolkPunk,post,1601846519,neutral
jgqy21,LiverpoolFC,post,1603472036,neutral
jj6zsx,MaddenUltimateTeam,post,1603823980,neutral
jdju1c,MassEffectAndromeda,post,1603040450,neutral
jb2gcd,ModSupport,post,1602688156,negative
jbxf14,Piracy,post,1602799701,neutral
jdr8i2,PoliticalHumor,post,1603065559,neutral
j7274z,battlecats,post,1602114298,negative
jfmeuk,conspiracy,post,1603316678,negative
jfjpbt,depression,post,1603308240,negative
j5tk6h,discordapp,post,1601937553,neutral
jl37r4,ftm,post,1604085383,negative
jg8sxl,golf,post,1603401309,neutral
jdoiz6,harrypotter,post,1603055848,negative
j5zewa,help,post,1601961663,neutral
j87pyp,magicbuilding,post,1602278747,neutral
j63o9w,me_irl,post,1601985239,neutral
jh4i1s,mountandblade,post,1603522539,negative
jc6rk6,moviescirclejerk,post,1602840241,negative
je3sid,outside,post,1603121488,negative
jipueb,redditrequest,post,1603754606,neutral
jive86,redditrequest,post,1603776558,neutral
j8k222,redditrequest,post,1602334808,neutral
jkgveq,redditrequest,post,1603999817,neutral
jghxq7,redditrequest,post,1603435502,neutral
jk9vo5,redditrequest,post,1603977592,neutral
j863nn,redditrequest,post,1602273484,neutral
jaaenn,redditrequest,post,1602583289,neutral
j72w28,sadboys,post,1602116860,negative
jftqxn,teenagers,post,1603344703,neutral
j64g5c,todayilearned,post,1601988592,neutral
j9fjlw,xmen,post,1602457538,neutral
jbld07,9gag,post,1602759405,negative
j47kem,AccidentalRacism,post,1601690558,neutral
j70xhe,AskReddit,post,1602109784,negative
jhlcbw,AutoModerator,post,1603591053,neutral
j72a5a,FanFiction,post,1602114604,neutral
jkwv7x,Fitness,post,1604064952,neutral
j6dq42,Gunners,post,1602018729,negative
ja971z,HistoryMemes,post,1602576720,negative
jakbgy,INDYCAR,post,1602616692,neutral
jakeds,INDYCAR,post,1602616936,neutral
j8oypp,OCPoetry,post,1602352511,neutral
j8efjk,Persona5,post,1602305182,neutral
j6t273,Philippines,post,1602084980,neutral
j9og8l,ShadowBan,post,1602498371,neutral
jhv3f7,TankPorn,post,1603639368,negative
j4l6hn,TopMindsOfReddit,post,1601753398,negative
j7vj7z,dankmemes,post,1602233680,neutral
j9hik2,drugsarebeautiful,post,1602465237,positive
jhurar,gwent,post,1603638154,neutral
jfuc2r,hentai,post,1603347617,negative
jke3ik,ideasfortheadmins,post,1603991450,neutral
j5ec14,madlads,post,1601878167,neutral
j5y2za,madlads,post,1601955461,neutral
jc10py,madlads,post,1602813445,neutral
jcf7v3,madlads,post,1602872579,negative
jdcckc,madlads,post,1603007782,neutral
jdpj2w,madlads,post,1603059248,positive
jhkr2g,madlads,post,1603588578,neutral
jiqmjf,madlads,post,1603757320,neutral
jixo1r,madlads,post,1603789254,negative
jj402b,madlads,post,1603814822,negative
jjmuhe,madlads,post,1603888305,neutral
jkv9pn,madlads,post,1604058475,neutral
jcy3dh,memes,post,1602951761,neutral
jcoouq,memes,post,1602908109,negative
j37lw6,memes,post,1601555322,negative
jd3zvk,nba,post,1602971657,neutral
j4m9uq,r4rtoronto,post,1601757367,neutral
jc4p0d,r4rtoronto,post,1602829182,negative
jby6gn,rant,post,1602802384,negative
ji32az,redditrequest,post,1603666400,neutral
jj4tic,redditrequest,post,1603817367,neutral
jc9q8f,redditrequest,post,1602854611,neutral
j8v2hj,redditrequest,post,1602373960,neutral
jl6dat,redditrequest,post,1604095755,neutral
j8xltz,redditrequest,post,1602384348,neutral
ji6t8f,redditrequest,post,1603680511,neutral
j41zrl,redditrequest,post,1601669390,neutral
j38jck,redditrequest,post,1601558819,neutral
jd3jki,redditrequest,post,1602970039,neutral
j30pz2,soccer,post,1601521956,negative
j56pae,soccer,post,1601845958,negative
jden6g,soccer,post,1603019937,neutral
jeny1e,soccer,post,1603194710,negative
jeyitf,soccer,post,1603227655,neutral
jhcgz6,soccer,post,1603559098,negative
jhjg2h,soccer,post,1603583366,neutral
j6mu3x,southafrica,post,1602057014,negative
j69gh5,teenagers,post,1602005557,neutral
j9wqxk,theoffice,post,1602528070,negative
jdh8s8,trashy,post,1603031357,negative
jfff9t,wallstreetbets,post,1603295384,positive
jfg0nk,wow,post,1603297169,neutral
jg0ahp,90DayFiance,post,1603375693,negative
ja1i4q,AmItheAsshole,post,1602543270,negative
jd9pdp,Chargers,post,1602994292,neutral
j3fp5i,Kanye,post,1601581322,negative
j8v89k,MasterReturns,post,1602374577,negative
jcpjpk,NoStupidQuestions,post,1602912314,negative
jll0ju,PKA,post,1604160675,neutral
jap1w9,PvZGardenWarfare,post,1602631585,neutral
j4e1h0,SluttyConfessions,post,1601723541,neutral
ja6hd3,Terraria,post,1602563079,neutral
jjni1b,TooAfraidToAsk,post,1603890859,negative
j2z5sz,TrueOffMyChest,post,1601515813,neutral
j4x3vs,TrueOffMyChest,post,1601808900,negative
j8x9jt,TrueOffMyChest,post,1602382909,negative
jd4ay6,TrueOffMyChest,post,1602972768,negative
jdqcp2,TrueOffMyChest,post,1603062207,negative
jdv5tr,TrueOffMyChest,post,1603081937,negative
jepby5,TrueOffMyChest,post,1603200017,negative
jgofza,TrueOffMyChest,post,1603464279,negative
jhwnhg,TrueOffMyChest,post,1603644836,negative
jj9mew,TrueOffMyChest,post,1603831833,negative
jedd6i,WatchRedditDie,post,1603149416,negative
jk18nz,WatchRedditDie,post,1603936026,negative
jayh3q,algorithms,post,1602672962,neutral
je518j,computerscience,post,1603125170,neutral
jfamt0,dankmemes,post,1603277757,negative
jbmu2s,dankmemes,post,1602765890,neutral
j7nuam,dontyouknowwhoiam,post,1602198990,neutral
j4a2ej,drugscirclejerk,post,1601701416,neutral
jkoevd,gorillaz,post,1604024665,neutral
j8qx77,hentaibondage,post,1602359126,neutral
jk5u9x,leagueoflegends,post,1603957487,negative
j6wkaf,meme,post,1602095881,negative
jdt49a,mentalhealth,post,1603073075,neutral
j61ut1,mildlyinfuriating,post,1601975380,negative
jgv7i4,playrust,post,1603485273,neutral
jaek6d,redditrequest,post,1602599447,neutral
ja8558,redditrequest,post,1602571048,neutral
j2y2h3,redditrequest,post,1601511607,neutral
jlfmt9,redditrequest,post,1604137516,neutral
jgxarz,runescape,post,1603492043,neutral
jcqh6v,smalldickproblems,post,1602917341,negative
j54k78,waifuism,post,1601838610,neutral
j6ccxn,wallstreetbets,post,1602014462,negative
j5x16m,AskOuija,post,1601951072,negative
jgxvoj,AskReddit,post,1603494096,neutral
j80oe1,AskWomen,post,1602256131,neutral
j5n7vz,FortNiteBR,post,1601917269,neutral
j6kf8x,Memes_Of_The_Dank,post,1602044541,neutral
j9exyv,Memes_Of_The_Dank,post,1602455304,neutral
j8wwz2,ModSupport,post,1602381474,negative
jjwlwg,Overwatch,post,1603919873,neutral
j94fy7,RocketLeague,post,1602418812,neutral
j9uqx8,RotMG,post,1602522058,negative
j5l5j1,SquaredCircle,post,1601910749,neutral
j5lg04,SquaredCircle,post,1601911707,neutral
j4h3hd,Stuffers,post,1601739543,negative
jg9px0,TopMindsOfReddit,post,1603404166,negative
jedya7,VitaPiracy,post,1603151400,positive
jk0j4w,atletico,post,1603933364,neutral
jgvyx3,bourbon,post,1603487703,positive
j87h4o,dankmemes,post,1602277929,neutral
j615bd,dotamasterrace,post,1601971216,negative
jlrfur,help,post,1604183204,negative
j74p9x,help,post,1602123778,neutral
j49921,memes,post,1601697872,negative
jcouy4,memes,post,1602908958,negative
jkxkk7,memphis,post,1604067456,negative
j9z1ns,modhelp,post,1602535093,neutral
jf60ya,moviescirclejerk,post,1603253935,neutral
jay6on,oculus,post,1602671542,neutral
j4c53m,options,post,1601712922,negative
j4c57o,options,post,1601712938,negative
j4c6g6,options,post,1601713124,negative
j4c6i0,options,post,1601713130,negative
j3wg5q,raimimemes,post,1601652046,negative
jb3x99,redditrequest,post,1602692682,negative
jdfs9l,redditrequest,post,1603025377,neutral
jieqm5,redditrequest,post,1603719722,neutral
jg9b7i,redditrequest,post,1603402856,neutral
je8uyc,redditrequest,post,1603136065,neutral
j9dpxl,redditrequest,post,1602451016,neutral
jgxjj7,soundcloud,post,1603492882,neutral
j4hesr,2007scape,post,1601740591,negative
jkoru1,AskReddit,post,1604025985,neutral
j8ngkh,AskReddit,post,1602347416,negative
jdso2v,AskReddit,post,1603071240,negative
jdsrro,AskReddit,post,1603071654,negative
j84jm3,BattleJackets,post,1602268438,negative
j5p12r,CHIBears,post,1601922867,neutral
j5phic,CHIBears,post,1601924314,negative
jhiriu,Damnthatsinteresting,post,1603580796,negative
jj2ggj,Entrepreneur,post,1603809971,positive
jerc2g,FellowKids,post,1603206415,neutral
j7n8hs,Gamingcirclejerk,post,1602196870,neutral
jehkml,HongKong,post,1603164298,negative
j55z3r,PhantomForces,post,1601843408,neutral
jdzwi5,Ripple,post,1603106980,negative
jbnas2,Somerville,post,1602767657,neutral
jbnp60,Somerville,post,1602769081,neutral
jegjlz,Unexpected,post,1603160469,negative
j5x2ww,WatchRedditDie,post,1601951275,negative
jfp6mb,WayOfTheBern,post,1603326318,negative
jijcpc,anime,post,1603734663,neutral
jc65hi,copypasta,post,1602836780,negative
jjcmac,gaming,post,1603841362,neutral
j466yv,help,post,1601684772,neutral
j5khgk,help,post,1601908501,neutral
j5pp2b,help,post,1601924948,neutral
j5sgis,help,post,1601933788,neutral
j6g2j2,help,post,1602026909,neutral
j6svl1,help,post,1602084386,neutral
j754oc,help,post,1602125232,neutral
j7a71l,help,post,1602150281,neutral
j7b7jl,help,post,1602155799,neutral
j7gjy7,help,post,1602175487,negative
j8c9va,help,post,1602295762,negative
j8pwv6,help,post,1602355671,neutral
j8v1vq,help,post,1602373896,neutral
j96kg4,help,post,1602427362,neutral
jbkp8q,help,post,1602756035,neutral
jbylu3,help,post,1602803971,neutral
jcq3wc,help,post,1602915333,negative
jcz314,help,post,1602954968,neutral
jd4vsi,help,post,1602974875,negative
je8i0x,help,post,1603135065,neutral
jefvgi,help,post,1603158014,negative
jehi2j,help,post,1603164034,neutral
jgaog0,help,post,1603407388,neutral
jihlan,help,post,1603729356,negative
jis06f,help,post,1603762315,neutral
jjch00,help,post,1603840867,neutral
jk7foq,help,post,1603966600,neutral
jkgza0,help,post,1604000145,neutral
jkr3m5,help,post,1604036107,neutral
jliozw,help,post,1604152232,neutral
jhlu3p,ihavesex,post,1603593151,negative
j3nk2v,infertility,post,1601610550,neutral
jk9wwe,jordan,post,1603977719,neutral
j6w8f1,legaladvice,post,1602094872,neutral
j6rv9m,memes,post,1602081021,positive
jcxslt,moderatepolitics,post,1602950775,negative
jbtth9,redditrequest,post,1602788208,neutral
jgkz1o,redditrequest,post,1603450925,neutral
jcs9zp,redditrequest,post,1602927635,neutral
jepkoe,redditrequest,post,1603200858,neutral
j45k9l,redditrequest,post,1601682199,neutral
jcq1gr,relationship_advice,post,1602914969,neutral
j9l4kl,shoebots,post,1602480800,neutral
jhfmv3,teenagers,post,1603569785,neutral
j4ffx2,unpopularopinion,post,1601733453,negative
jbbz5f,youtube,post,1602717486,neutral
jd8tiy,youtube,post,1602990385,negative
jfrt5q,youtube,post,1603336287,negative
jdtfzd,CHIBears,post,1603074387,neutral
j84r4n,DotA2,post,1602269104,negative
j42ozo,FalloutMods,post,1601671679,neutral
jbn4xg,FalloutMods,post,1602767057,negative
jfpqo0,Insurance,post,1603328389,neutral
j7hyyo,Minecraft,post,1602179921,neutral
j7g6pf,MkeBucks,post,1602174344,neutral
jdycxv,NoStupidQuestions,post,1603098666,negative
jgdpau,Republican,post,1603418194,negative
jjpac0,SwagBucks,post,1603897087,neutral
j4nw50,The100,post,1601763346,negative
jl2icc,TheLastAirbender,post,1604083165,positive
jhzjhv,Twitch,post,1603654558,negative
jic9xi,Warthunder,post,1603708919,neutral
jhotzt,Yogscast,post,1603607407,negative
j9fk0w,bangtan,post,1602457585,neutral
jkg4cn,deadbydaylight,post,1603997525,neutral
jifpsy,hapas,post,1603723156,neutral
jgd249,leagueoflegends,post,1603415784,neutral
jer8yi,memes,post,1603206154,negative
jadbof,needamod,post,1602595539,neutral
jfluo4,pyrocynical,post,1603314872,positive
jggww1,pyrocynical,post,1603430691,negative
j3zgt4,reddevils,post,1601661458,neutral
jc41yn,redditrequest,post,1602826157,neutral
j8iptd,redditrequest,post,1602328378,neutral
j3bca3,redditrequest,post,1601568006,neutral
j6tm2h,redditrequest,post,1602086754,neutral
j7g5dx,redditrequest,post,1602174232,neutral
j844nw,redditrequest,post,1602267086,neutral
jfh400,redditrequest,post,1603300481,neutral
jalcq7,redditrequest,post,1602619763,neutral
jjghgs,redditrequest,post,1603855758,neutral
jagjgy,self,post,1602605446,negative
jl4tgs,tabletopsimulator,post,1604090536,neutral
j3qfgl,wine,post,1601624788,negative
jgfaxw,GenderCynical,post,1603424142,positive
j634as,Habs,post,1601982489,neutral
jdymhc,IndianGaming,post,1603100195,positive
jacppv,JustUnsubbed,post,1602593356,negative
jb5iqj,Moustache,post,1602697361,neutral
jiizrr,Seahawks,post,1603733597,neutral
j43gj2,TheWire,post,1601674278,positive
jl0n28,TrueOffMyChest,post,1604077276,negative
jfg3ln,baseball,post,1603297409,negative
jjqmap,baseball,post,1603901287,negative
j91ctw,brisbane,post,1602402610,neutral
jhoyuw,dankmemes,post,1603608147,negative
jg1ure,geometrydash,post,1603380826,neutral
je80sn,homeless,post,1603133764,neutral
jbgqkq,justneckbeardthings,post,1602735605,negative
j4fn1g,memes,post,1601734169,neutral
j6v9w2,mildlyinfuriating,post,1602091949,neutral
jf1b1w,mildlyinfuriating,post,1603236487,negative
j69k0j,montreal,post,1602005870,neutral
j3nl95,nba,post,1601610703,neutral
j5ngpo,nba,post,1601918029,neutral
j9inuu,nba,post,1602469927,neutral
j9m1pn,nba,post,1602485550,negative
jaigr3,nba,post,1602611232,neutral
jam0p5,nba,post,1602621797,neutral
jl7nx2,nba,post,1604100251,negative
j5con8,nfl,post,1601869974,positive
jc94cd,pics,post,1602852241,neutral
j3jsw4,redditrequest,post,1601595073,neutral
j6zj1g,redditrequest,post,1602105061,neutral
jisec8,redditrequest,post,1603763812,neutral
j3qrjg,redditrequest,post,1601626686,neutral
jb9mpa,redditrequest,post,1602709659,neutral
jljby9,redditrequest,post,1604154697,neutral
jivlrm,redditrequest,post,1603777636,neutral
jcdu74,teenagers,post,1602868219,negative
j4gofa,tressless,post,1601738090,negative
jkvpym,AskMen,post,1604060494,neutral
j7oe71,AskModerators,post,1602200971,negative
j7of8y,AskModerators,post,1602201078,negative
j7ohwk,AskModerators,post,1602201339,negative
j8ui3u,AskModerators,post,1602371795,neutral
j9m6q4,AskModerators,post,1602486294,negative
j9m7gd,AskModerators,post,1602486400,neutral
jabp2j,AskModerators,post,1602589343,neutral
jduyqq,AskModerators,post,1603081009,negative
jfhbr1,AskModerators,post,1603301116,neutral
jhjqir,AskModerators,post,1603584496,neutral
jjh42a,AskModerators,post,1603858409,negative
jkkph2,AskModerators,post,1604011744,negative
jkktwc,AskModerators,post,1604012151,negative
jkxt8f,AskModerators,post,1604068251,negative
jkxv6r,AskModerators,post,1604068428,negative
jj4979,AskReddit,post,1603815614,neutral
jj49hf,AskReddit,post,1603815635,neutral
jj4aez,AskReddit,post,1603815713,neutral
jkfha6,Calgary,post,1603995588,negative
j6j1a0,CrazyIdeas,post,1602038532,neutral
j67gmd,help,post,1601999306,neutral
jf2qs2,legaladvice,post,1603241430,negative
jihs9k,madlads,post,1603729960,neutral
jkksbz,magicthecirclejerking,post,1604012007,negative
jh5wr9,memes,post,1603530651,negative
jkx621,mildlyinfuriating,post,1604066059,negative
j9b1cw,mississauga,post,1602442293,neutral
jitvyf,nfl,post,1603769659,neutral
je3it9,politics,post,1603120630,neutral
jj6cog,redditrequest,post,1603822031,neutral
jcewpl,redditrequest,post,1602871625,neutral
j94rny,redditrequest,post,1602420226,neutral
janacg,redditrequest,post,1602625680,neutral
jfqnxr,redditrequest,post,1603331830,negative
jb4iwa,redditrequest,post,1602694475,neutral
j9a2rd,redditrequest,post,1602439172,neutral
jccvvh,redditrequest,post,1602865237,neutral
jbadpo,redditrequest,post,1602712077,neutral
jk82pt,redditrequest,post,1603969900,neutral
jd2il9,rupaulsdragrace,post,1602966489,neutral
jlmnax,rupaulsdragrace,post,1604166237,negative
j5ze6s,wallstreetbets,post,1601961565,negative
jjmlhv,worldpolitics,post,1603887227,neutral
j3hlb4,wowthissubexists,post,1601587256,neutral
je5hfu,youtube,post,1603126561,neutral
j3d74k,AmItheAsshole,post,1601573587,neutral
jhe7wr,AskReddit,post,1603565032,neutral
j8w9cm,AskReddit,post,1602378744,neutral
jkogzo,AskReddit,post,1604024875,neutral
jkoh9g,AskReddit,post,1604024899,neutral
jcsot7,CasualUK,post,1602929789,neutral
jjhno4,Egypt,post,1603860900,positive
j44kl5,Femdom,post,1601678338,positive
jg8nd8,FortNiteBR,post,1603400844,negative
jf79m4,Parenting,post,1603259710,negative
jebds1,Sat,post,1603143282,neutral
j5688d,XXXTENTACION,post,1601844273,neutral
jiy5ka,actuallesbians,post,1603791984,neutral
jc6ssc,albiononline,post,1602840450,negative
j9oma1,baseball,post,1602499256,neutral
jl1j3q,casualnintendo,post,1604080044,neutral
j98267,copypasta,post,1602432415,negative
j8wfuf,dankmemes,post,1602379485,negative
jcvvkl,dankmemes,post,1602944233,negative
jkcov0,dankmemes,post,1603987101,positive
jeodif,dankmemes,post,1603196465,neutral
j8hcl9,facebook,post,1602320686,negative
j8nxmw,help,post,1602349026,neutral
j7ns30,interestingasfuck,post,1602198769,negative
jca7y2,interestingasfuck,post,1602856483,negative
jcjm1m,lawschooladmissions,post,1602887120,neutral
j6dkgv,meth,post,1602018208,neutral
jfy9oj,modhelp,post,1603368036,neutral
jbczjc,pathofexile,post,1602721093,negative
jhhasg,redditrequest,post,1603575535,neutral
jarc2y,redditrequest,post,1602639863,neutral
jh032s,redditrequest,post,1603502466,neutral
j8a4ds,redditrequest,post,1602287162,neutral
jadumc,redditrequest,post,1602597255,neutral
jjv7qn,redditrequest,post,1603915407,neutral
jfmsx0,redditrequest,post,1603317918,neutral
jl86pj,techsupport,post,1604102160,negative
j7943o,television,post,1602143993,negative
j9dbe2,unpopularopinion,post,1602449654,negative
j9dc43,unpopularopinion,post,1602449724,negative
jgcfv1,whiskey,post,1603413536,neutral
jibvpi,2007scape,post,1603706751,negative
jje2ef,AskLE,post,1603846473,neutral
jdmoxt,AskReddit,post,1603049793,neutral
j7dbdn,BPD,post,1602164804,neutral
j84tjg,BPD,post,1602269323,neutral
j7g0cu,ChoosingBeggars,post,1602173776,neutral
j9ntv6,ChoosingBeggars,post,1602495248,neutral
jb8nic,ChoosingBeggars,post,1602706736,neutral
jd0m1w,Deusex,post,1602960061,neutral
jge46j,Libertarian,post,1603419688,positive
j8ec0d,OneyPlays,post,1602304732,neutral
j3wt99,PokemonGoSpoofing,post,1601653198,negative
je9prb,Repsneakers,post,1603138403,neutral
jbwofl,askTO,post,1602797178,neutral
javtv2,battlestations,post,1602658875,neutral
jg5vqq,bimbofetish,post,1603392752,neutral
jgnd4x,chile,post,1603460635,neutral
j9i651,chomsky,post,1602467898,neutral
j40nsk,conspiracy,post,1601665190,negative
j2yvjy,dankmemes,post,1601514677,negative
jjr0vt,dankmemes,post,1603902550,neutral
jara5p,discordapp,post,1602639673,neutral
jk51yp,fivenightsatfreddys,post,1603953003,neutral
jgh6zd,pinball,post,1603431943,negative
jc96zr,quilting,post,1602852557,positive
jlr3u1,rant,post,1604181927,negative
j3rigu,redditmobile,post,1601631030,neutral
j4zzve,redditrequest,post,1601822540,neutral
jjtio6,redditrequest,post,1603910139,neutral
jlk9in,redditrequest,post,1604158061,neutral
jll3dw,redditrequest,post,1604160949,neutral
jf9gn8,redditrequest,post,1603271459,neutral
jgf97h,redditrequest,post,1603423956,neutral
jehhpv,redditrequest,post,1603163997,neutral
j6ofcv,redditrequest,post,1602066339,neutral
j66ks7,redditrequest,post,1601996442,neutral
jbtakl,redditrequest,post,1602786599,neutral
jjgwvl,teenagers,post,1603857550,neutral
jfbx61,trans,post,1603283637,positive
jg3mt5,uktrees,post,1603386098,neutral
jkf7qw,yandere_simulator,post,1603994784,neutral
j5of5u,7daystodie,post,1601920980,positive
jcaug3,Anxiety,post,1602858671,neutral
jjno4s,AskReddit,post,1603891503,neutral
jkunug,CoinBase,post,1604055589,neutral
j3wtvc,Conservative,post,1601653249,negative
j7b570,Conservative,post,1602155478,positive
j7o46k,Conservative,post,1602199962,neutral
j7r19f,Conservative,post,1602211018,neutral
j7tks8,Conservative,post,1602222685,neutral
j8tv6t,Conservative,post,1602369404,negative
jbpord,Conservative,post,1602775659,neutral
jcd4tn,Conservative,post,1602866008,negative
je39sw,Conservative,post,1603119811,negative
je3xe4,Conservative,post,1603121906,neutral
je5u3m,Conservative,post,1603127619,neutral
jfhd1x,Conservative,post,1603301224,negative
ji68t5,Conservative,post,1603678239,negative
jiaobd,Conservative,post,1603699645,negative
jl24pr,Conservative,post,1604081948,negative
jj5rfi,FIFA,post,1603820253,neutral
jhquad,FellowKids,post,1603619252,negative
j8whrs,LetsTalkMusic,post,1602379709,negative
jgipfm,MDMA,post,1603439208,neutral
j9ckp8,MaladaptiveDreaming,post,1602447228,negative
jb4qow,Mavericks,post,1602695104,neutral
j85jsc,Paleontology,post,1602271685,positive
j4sdb1,Philippines,post,1601782365,neutral
j3q5ib,Planetside,post,1601623205,neutral
j84jgb,anime,post,1602268423,neutral
je1ueq,budgies,post,1603114919,neutral
jdpecl,dating,post,1603058792,negative
j3hhk0,facebook,post,1601586907,negative
jffj0k,facepalm,post,1603295695,negative
jjzqfi,kdramarecommends,post,1603930432,neutral
j86pm5,legaladvice,post,1602275427,neutral
jddmbm,modhelp,post,1603014559,negative
jiq4rm,modhelp,post,1603755593,neutral
jhj7nh,modhelp,post,1603582475,neutral
j35o8v,mtgcube,post,1601546414,positive
j5k4xs,pakistan,post,1601907262,negative
j43tld,penis,post,1601675565,neutral
j43y67,penis,post,1601676017,neutral
j9qpyy,reddeadredemption,post,1602508703,neutral
j4xi1j,redditrequest,post,1601811065,neutral
j59v9g,redditrequest,post,1601858018,neutral
jcilhs,redditrequest,post,1602883715,neutral
j8e3qd,redditrequest,post,1602303706,neutral
j7ixze,redditrequest,post,1602182981,neutral
jdnh6g,survivor,post,1603052344,neutral
jft9s1,tattoos,post,1603342491,negative
j5j092,unturned,post,1601903066,positive
jc16t0,waifuism,post,1602814126,neutral
jg3qrt,waifuism,post,1603386405,neutral
jhm5sg,waifuism,post,1603594546,neutral
j716fz,worldpolitics,post,1602110642,negative
jbpqab,2007scape,post,1602775791,neutral
jiv1if,AMA,post,1603774849,negative
jixxb5,AMA,post,1603790711,neutral
jjoivb,AMA,post,1603894518,negative
jk7a2c,AMA,post,1603965759,negative
j6pot4,AnarchyChess,post,1602072766,neutral
jdte8y,Baking,post,1603074192,neutral
jdb05i,Brawlstars,post,1603000541,neutral
j8h3o2,FinalFantasy,post,1602319272,negative
j56hcq,FreeSpeech,post,1601845182,neutral
ji8zea,Guildwars2,post,1603690229,negative
jdh7eu,Kikpals,post,1603031206,neutral
j55beu,NoStupidQuestions,post,1601841161,neutral
jc61bj,PixelArt,post,1602836175,negative
jetl5t,Undertale,post,1603213036,neutral
j8ouh0,astrology,post,1602352116,positive
jddglq,caps,post,1603013690,neutral
j7y1em,conspiracy,post,1602246553,neutral
jeukx7,duckduckgo,post,1603215938,negative
j729gr,europe,post,1602114534,negative
j79dkp,funhaus,post,1602145518,positive
j48ev4,gay,post,1601694252,neutral
jdkux4,help,post,1603043838,negative
jcwevc,help,post,1602946120,neutral
jen3hb,help,post,1603190985,neutral
j8govy,india,post,1602316946,neutral
jc6f2e,memes,post,1602838249,neutral
jije4w,memes,post,1603734777,neutral
j5poeb,minimalism,post,1601924889,neutral
jctnzq,oddlysatisfying,post,1602934858,neutral
jctpzf,oddlysatisfying,post,1602935126,neutral
jctryq,oddlysatisfying,post,1602935394,neutral
jh639g,redditrequest,post,1603531750,neutral
ji9ai3,redditrequest,post,1603691858,neutral
jetb8e,redditrequest,post,1603212220,neutral
jco0e0,redditrequest,post,1602904997,neutral
jju4tr,tulsi,post,1603912047,neutral
jk4x2s,unpopularopinion,post,1603952216,positive
jguj9s,vegan,post,1603483153,neutral
jcm2kt,weddingdress,post,1602896617,neutral
j3lcn4,DataHoarder,post,1601601226,negative
j37uxj,Egypt,post,1601556289,negative
jkc0r7,EliteDangerous,post,1603984981,negative
jab11e,HistoryMemes,post,1602586321,neutral
jannax,HomeworkHelp,post,1602626838,neutral
j6w972,MeetPeople,post,1602094937,neutral
j8deq6,MeetPeople,post,1602300616,positive
jaqi8p,MeetPeople,post,1602636818,positive
jjfab0,MeetPeople,post,1603851003,positive
j6bgog,Minecraft,post,1602011705,negative
ji4t50,Minecraft,post,1603672761,neutral
j32d0m,ModSupport,post,1601529100,neutral
j3mio4,ModSupport,post,1601606040,neutral
j3p9o2,ModSupport,post,1601618370,neutral
j575q3,ModSupport,post,1601847573,neutral
j57xt2,ModSupport,post,1601850459,neutral
j5rr80,ModSupport,post,1601931518,neutral
j6i4a6,ModSupport,post,1602034854,neutral
j731xj,ModSupport,post,1602117475,neutral
j84vw8,ModSupport,post,1602269536,negative
j8me0r,ModSupport,post,1602343692,neutral
jalvhu,ModSupport,post,1602621375,negative
jan9si,ModSupport,post,1602625628,negative
jbef9s,ModSupport,post,1602726361,negative
jc53on,ModSupport,post,1602831249,neutral
jclnap,ModSupport,post,1602894910,neutral
jdjjah,ModSupport,post,1603039449,neutral
jdl8ee,ModSupport,post,1603045057,neutral
jfdlt2,ModSupport,post,1603289635,neutral
jiaqdh,ModSupport,post,1603699974,neutral
jicwaj,ModSupport,post,1603712027,negative
jk0i7v,ModSupport,post,1603933270,neutral
jkdx3w,ModSupport,post,1603990915,negative
jki6rw,ModSupport,post,1604003869,neutral
jks6kv,ModSupport,post,1604041961,neutral
jlk6wn,ModSupport,post,1604157799,neutral
jlkqtx,PKA,post,1604159748,negative
j93pzi,dankmemes,post,1602415226,neutral
jg893r,dankmemes,post,1603399697,neutral
jj3aam,dankmemes,post,1603812617,neutral
j2zwl5,geometrydash,post,1601518728,negative
j3nhpb,magicTCG,post,1601610247,neutral
jbikig,memes,post,1602744435,neutral
jdwe23,microgrowery,post,1603087928,negative
jjt3ir,mildyinfuriating,post,1603908845,negative
j31ln1,modhelp,post,1601525650,neutral
j3lqgo,modhelp,post,1601602810,neutral
j3p59l,modhelp,post,1601617777,neutral
j4ans6,modhelp,post,1601704398,neutral
j4n2u2,modhelp,post,1601760303,neutral
j5p862,modhelp,post,1601923485,neutral
j6ghu1,modhelp,post,1602028546,neutral
j7572c,modhelp,post,1602125484,neutral
j831op,modhelp,post,1602263642,neutral
j89ege,modhelp,post,1602284518,neutral
j9u36q,modhelp,post,1602520016,neutral
ja0bmd,modhelp,post,1602539112,neutral
ja8oxi,modhelp,post,1602573977,neutral
jadbvf,modhelp,post,1602595559,neutral
jahjvj,modhelp,post,1602608493,neutral
jawhmu,modhelp,post,1602662418,neutral
jawimx,modhelp,post,1602662569,neutral
jax1qk,modhelp,post,1602665490,neutral
jbeezo,modhelp,post,1602726331,neutral
jbhd4j,modhelp,post,1602738511,neutral
jbhj0n,modhelp,post,1602739293,neutral
jbunm8,modhelp,post,1602790757,neutral
jbxngg,modhelp,post,1602800504,neutral
jetab9,modhelp,post,1603212153,neutral
jf37f9,modhelp,post,1603243090,negative
jff1nr,modhelp,post,1603294189,neutral
jipt1q,modhelp,post,1603754479,neutral
jivkns,modhelp,post,1603777465,neutral
jj8mih,modhelp,post,1603828838,neutral
jjf0gv,modhelp,post,1603849988,neutral
jkccgb,modhelp,post,1603986014,neutral
jkej6h,modhelp,post,1603992756,neutral
jkliry,modhelp,post,1604014456,neutral
jkq6nn,modhelp,post,1604031768,neutral
jkz5kx,modhelp,post,1604072627,neutral
jdaf77,neoliberal,post,1602997634,negative
jgf6ms,neoliberal,post,1603423669,neutral
jl3keb,neoliberal,post,1604086523,neutral
jg1kwp,oklahoma,post,1603379944,negative
j5in68,penspinning,post,1601901585,neutral
j82hct,penspinning,post,1602261890,neutral
jdy0s4,penspinning,post,1603096712,neutral
j3vy73,reddevils,post,1601650463,neutral
j561vf,reddevils,post,1601843667,neutral
j5arcs,redditrequest,post,1601861684,neutral
jb0fce,redditrequest,post,1602681268,neutral
j93023,redditrequest,post,1602411393,neutral
j60c33,redditrequest,post,1601966551,neutral
jiok23,redditrequest,post,1603750259,neutral
jgo4pl,redditrequest,post,1603463252,neutral
jfhn0d,redditrequest,post,1603302055,neutral
jcpw4o,redditrequest,post,1602914157,neutral
je0dbi,redditrequest,post,1603109109,neutral
j36aey,redditrequest,post,1601549506,neutral
j5p8pj,selfpublish,post,1601923533,positive
j8ljml,teenagers,post,1602340666,negative
jfet68,trans,post,1603293467,neutral
j99w1z,unpopularopinion,post,1602438534,negative
jif2fq,2007scape,post,1603720922,negative
j3xilf,AmItheAsshole,post,1601655401,negative
jcqbfz,ApplyingToCollege,post,1602916480,neutral
ji3sq8,AroundTheNFL,post,1603669070,neutral
j8kkvk,AskNYC,post,1602336930,negative
jixddk,AskReddit,post,1603787551,neutral
jk515r,CHIBears,post,1603952865,negative
j5j7gl,CanadaPolitics,post,1601903788,negative
jfqk22,CanadianInvestor,post,1603331432,positive
jf8hwg,ClubPenguin,post,1603266044,neutral
jirssh,JordanPeterson,post,1603761563,negative
jd60wo,ModSupport,post,1602979170,neutral
jdb05n,Music,post,1603000542,neutral
j4ogwo,NoStupidQuestions,post,1601765582,negative
j5yus6,NoStupidQuestions,post,1601958912,neutral
j7dvqy,NoStupidQuestions,post,1602166822,negative
j86u0s,NoStupidQuestions,post,1602275820,neutral
j95j1x,NoStupidQuestions,post,1602423414,neutral
j98f78,NoStupidQuestions,post,1602433627,neutral
jb2fgt,NoStupidQuestions,post,1602688081,neutral
jbnacg,NoStupidQuestions,post,1602767606,negative
jbs3an,NoStupidQuestions,post,1602782880,neutral
jdyl6k,NoStupidQuestions,post,1603099974,neutral
jgds5n,NoStupidQuestions,post,1603418473,neutral
jgdz3k,NoStupidQuestions,post,1603419167,neutral
jh9eec,NoStupidQuestions,post,1603548030,negative
jiepm4,NoStupidQuestions,post,1603719619,neutral
jk14ls,NoStupidQuestions,post,1603935585,negative
jl26oc,NoStupidQuestions,post,1604082127,negative
j3lgww,UnsentLetters,post,1601601720,neutral
j9aybb,arenaofvalor,post,1602442012,neutral
jafvl2,exmormon,post,1602603452,negative
jibsjh,funny,post,1603706291,neutral
jad9g1,help,post,1602595330,neutral
jacv1d,ifttt,post,1602593921,neutral
jfy59n,madlads,post,1603367513,negative
jhmr79,medicalschool,post,1603597175,positive
j5a97l,memes,post,1601859601,neutral
jd62bx,memes,post,1602979312,neutral
jdkjvh,politics,post,1603042820,negative
jkhh43,redditrequest,post,1604001680,neutral
jdbgrr,redditrequest,post,1603002983,neutral
j6undy,redditrequest,post,1602090027,neutral
j4uij0,redditrequest,post,1601793598,neutral
ji36fi,teenagers,post,1603666823,negative
j646ex,whole30,post,1601987457,neutral
j78gik,2007scape,post,1602140324,neutral
jcfxnp,Bad_Cop_No_Donut,post,1602874745,neutral
jfgcvc,Catholicism,post,1603298193,negative
jabyxp,Enough_Sanders_Spam,post,1602590515,negative
jabzjz,Enough_Sanders_Spam,post,1602590577,negative
je6abd,FortNiteBR,post,1603128931,negative
jb5bas,Gamingcirclejerk,post,1602696776,positive
jcg4kx,ModSupport,post,1602875308,neutral
j6dtqp,NameThatSong,post,1602019066,negative
j485gj,Needafriend,post,1601693121,neutral
jjvjtj,PacificRim,post,1603916472,neutral
jgb2am,PoliticalHumor,post,1603408701,neutral
jhbuc5,RocketLeague,post,1603556902,negative
jla9lt,Smite,post,1604110039,negative
j3cpqg,TrueOffMyChest,post,1601572156,neutral
jle52u,Vent,post,1604128405,neutral
jj7hou,WatchRedditDie,post,1603825448,negative
j6agsm,alltheleft,post,1602008663,negative
j4mc7n,bleach,post,1601757606,neutral
jfhru2,chicago,post,1603302470,neutral
j8arar,childfree,post,1602289582,negative
jbs12f,copypasta,post,1602782695,negative
j4cpy2,memes,post,1601716169,neutral
j7nlzt,modclub,post,1602198177,neutral
j6d8j7,news,post,1602017150,negative
jjyz6s,AFL,post,1603927830,negative
jat9p3,AskReddit,post,1602647213,neutral
j5pmaq,AskReddit,post,1601924710,neutral
jem2fd,AskUK,post,1603185832,neutral
j3pcxb,Eugene,post,1601618816,neutral
j8a3q6,GlobalOffensiveTrade,post,1602287088,negative
j8a45q,GlobalOffensiveTrade,post,1602287136,negative
j53f9v,HuntsvilleAlabama,post,1601834756,positive
jdqws2,IdleHeroes,post,1603064278,neutral
jaysag,MinimalWallpaper,post,1602674372,neutral
jk2m9u,Showerthoughts,post,1603941373,negative
j450vn,Sidehugs,post,1601680074,neutral
j457m8,Sidehugs,post,1601680807,negative
jdg79c,Thailand,post,1603027134,negative
j4dwoz,TrueOffMyChest,post,1601722836,negative
j682ty,TwoSentenceHorror,post,1602001303,negative
jba8ry,Warthunder,post,1602711649,negative
j8ot0l,WorldofTanks,post,1602351973,negative
jlntn6,fetish,post,1604170226,neutral
jc1ck7,ffxiv,post,1602814793,neutral
j3cvne,gtaonline,post,1601572629,positive
jl5j9e,help,post,1604092915,neutral
jcrj0s,help,post,1602923466,neutral
jgygk8,madlads,post,1603496174,neutral
j7o8d2,redditrequest,post,1602200383,neutral
j5emv6,redditrequest,post,1601879856,neutral
j4flkc,redditrequest,post,1601734023,neutral
jcn6ef,redditrequest,post,1602901246,neutral
j34i8p,redditrequest,post,1601539884,neutral
jb716w,redditrequest,post,1602701869,neutral
jf3oi8,redditrequest,post,1603244753,negative
jbu1e4,redditrequest,post,1602788870,neutral
j6qqu4,roosterteeth,post,1602077041,neutral
jdvlz9,tasker,post,1603084001,positive
jk72xl,tf2,post,1603964651,neutral
j9hcat,trashy,post,1602464553,negative
jbu3vm,trashy,post,1602789075,negative
jbw0in,trashy,post,1602794979,negative
jijk4b,trashy,post,1603735270,neutral
jjoobt,trashy,post,1603895044,negative
jkeamv,trashy,post,1603992057,negative
jkgso0,trashy,post,1603999588,negative
j41mhj,Animemes,post,1601668226,negative
j3xapy,Aurelion_Sol_mains,post,1601654722,neutral
jkmn1s,CPTSD,post,1604018307,negative
j6tfhc,DestinyTheGame,post,1602086196,neutral
j802pr,HighStrangeness,post,1602254137,neutral
j50z4y,JustUnsubbed,post,1601826170,negative
jadmua,NASCAR,post,1602596551,negative
jae4ic,NASCAR,post,1602598067,negative
jakhm7,NASCAR,post,1602617207,negative
jhtnlk,NoStupidQuestions,post,1603633936,negative
j7ajg1,Republican,post,1602152259,neutral
jgvpaz,TheDickShow,post,1603486863,neutral
jag63m,Warhammer40k,post,1602604332,neutral
jlr6is,WatchRedditDie,post,1604182201,negative
jkbfn8,WatchRedditDie,post,1603983075,negative
jcrl73,beta,post,1602923834,neutral
jl51oi,birthcontrol,post,1604091289,neutral
jfct89,copypasta,post,1603286971,negative
jii8u8,dankmemes,post,1603731360,neutral
j59407,dankmemes,post,1601854980,negative
je1vzg,discordapp,post,1603115075,neutral
je4xr4,dxm,post,1603124880,neutral
j34cef,forsen,post,1601538995,neutral
j6s2wr,kansas,post,1602081745,negative
j8nlo3,playrust,post,1602347907,neutral
jd1w1z,pyrocynical,post,1602964354,neutral
jhx9yo,redditrequest,post,1603646990,neutral
j94o5b,redditrequest,post,1602419814,neutral
jc8gg2,redditrequest,post,1602849333,neutral
jeifdy,redditrequest,post,1603167678,neutral
jdt79r,redditrequest,post,1603073405,neutral
j84fm3,redditrequest,post,1602268074,neutral
jd64h9,redditrequest,post,1602979533,neutral
jjf59m,redditrequest,post,1603850480,neutral
jjgnex,redditrequest,post,1603856419,neutral
jkbgz4,teenagers,post,1603983200,neutral
jf4h22,unpopularopinion,post,1603247627,negative
j6ow64,walmart,post,1602068865,negative
jjb6ax,ADHD,post,1603836632,negative
jjbhzc,ADHD,post,1603837670,neutral
jjx775,AskModerators,post,1603921750,neutral
j6kioy,AskOuija,post,1602044963,negative
jb85c5,AskOuija,post,1602705250,neutral
jdj1vp,AskOuija,post,1603037828,negative
jeitlv,AskOuija,post,1603169478,negative
jfdwvf,AskReddit,post,1603290674,negative
j996y9,AskReddit,post,1602436203,negative
ji5d82,BPDlovedones,post,1603674851,neutral
jcd9d6,Dodgers,post,1602866409,neutral
jbgdfu,FortNiteBR,post,1602734054,negative
jlm1wt,GoForGold,post,1604164184,positive
j8c2x7,LastDayonEarthGame,post,1602294961,negative
jfx3wu,ModSupport,post,1603362496,neutral
jdjw5f,NarFFL,post,1603040631,neutral
jfe54m,NarcissisticAbuse,post,1603291410,neutral
ji0sl5,SuicideWatch,post,1603658661,negative
jgyub0,audioengineering,post,1603497602,neutral
j57d58,barstoolsports,post,1601848321,negative
j9de8y,bigboobproblems,post,1602449929,negative
jbs8je,brockhampton,post,1602783326,neutral
j5n5ol,coys,post,1601917086,positive
jjj23s,dankmemes,post,1603868245,neutral
jbexrp,dankmemes,post,1602728320,neutral
jhe2b7,dataisbeautiful,post,1603564524,neutral
j6t4rp,reddevils,post,1602085217,neutral
jikofm,redditrequest,post,1603738618,neutral
j6kup1,redditrequest,post,1602046514,neutral
jaczl6,redditrequest,post,1602594332,neutral
j35k7f,redditrequest,post,1601545826,neutral
jegx06,secretsanta,post,1603161798,neutral
jftmwe,teenagers,post,1603344173,negative
jcts1n,teenagers,post,1602935407,neutral
jjfmuo,thebachelor,post,1603852332,neutral
jkkgm2,unpopularopinion,post,1604010923,neutral
jg3l2w,walkingwarrobots,post,1603385963,neutral
j6ywso,wallstreetbets,post,1602103093,neutral
j4zffk,Crainn,post,1601820290,negative
j5n0r2,CryptoCurrency,post,1601916669,neutral
j889yr,EscapefromTarkov,post,1602280619,negative
jasudy,EscapefromTarkov,post,1602645571,neutral
jfjo1k,EscapefromTarkov,post,1603308133,negative
jissk0,EscapefromTarkov,post,1603765312,negative
jijr3d,MLBTheShow,post,1603735829,negative
j6w63o,ModSupport,post,1602094676,neutral
jc4ttq,OregonStateUniv,post,1602829844,neutral
j7elfw,PewdiepieSubmissions,post,1602169242,neutral
j4valr,PewdiepieSubmissions,post,1601798296,neutral
j67o7f,Reformed,post,1602000010,neutral
j6omn2,TooAfraidToAsk,post,1602067464,neutral
j5thj0,TopMindsOfReddit,post,1601937299,neutral
j8anft,Twitch,post,1602289160,neutral
j9rxlt,WayOfTheBern,post,1602513135,negative
jbaqy8,army,post,1602713261,negative
jjlfx1,brisbane,post,1603881803,neutral
jiu82s,conspiracy,post,1603771108,negative
j6d78h,cpp,post,1602017030,negative
je8c6z,dankmemes,post,1603134620,neutral
j5u1rt,fantasyfootball,post,1601939323,negative
jl429w,gay,post,1604088114,negative
jkzdjx,halloween,post,1604073349,positive
jah02i,libertarianmeme,post,1602606861,negative
ja9239,memes,post,1602576004,neutral
j691mm,redditrequest,post,1602004296,neutral
ji20u7,redditrequest,post,1603662763,neutral
j3024x,redditrequest,post,1601519332,neutral
j51ikf,redditrequest,post,1601828070,neutral
jewhew,redditrequest,post,1603221390,neutral
j3223c,roblox,post,1601527710,negative
j9k0j4,roblox,post,1602475722,neutral
jfx044,roblox,post,1603361959,negative
jctbz0,skylanders,post,1602933111,negative
j7rsby,teenagers,post,1602214200,neutral
j8q093,teenagers,post,1602355980,negative
j3a2ds,AgainstHateSubreddits,post,1601563973,negative
jkfk9j,AmItheAsshole,post,1603995827,negative
j7pg3b,AskModerators,post,1602204880,negative
j49clj,AskReddit,post,1601698330,neutral
jehw9s,AutoModerator,post,1603165535,neutral
jh1odl,BigBrother,post,1603509042,negative
jl7z15,FinancialCareers,post,1604101386,neutral
j6lg5e,Indiemakeupandmore,post,1602049415,positive
jb9vog,Indiemakeupandmore,post,1602710461,positive
jcatdd,Indiemakeupandmore,post,1602858569,negative
jf89f5,Indiemakeupandmore,post,1603264780,positive
jjygel,Indiemakeupandmore,post,1603926605,positive
j4ittp,JustUnsubbed,post,1601745225,negative
j9cibk,JustUnsubbed,post,1602447007,neutral
jc4rnh,JustUnsubbed,post,1602829532,negative
jc4t9t,JustUnsubbed,post,1602829770,negative
jcg1qy,JustUnsubbed,post,1602875073,negative
jgn17n,JustUnsubbed,post,1603459424,negative
jh2oi7,JustUnsubbed,post,1603513397,neutral
jjds2w,JustUnsubbed,post,1603845432,negative
jk8esy,JustUnsubbed,post,1603971499,negative
j4qgn7,MotoUK,post,1601773796,neutral
j6nr80,PUBATTLEGROUNDS,post,1602062533,positive
jg7odf,PlusSize,post,1603397968,positive
j315ud,Random_Acts_Of_Amazon,post,1601523801,positive
jj3cq5,TooAfraidToAsk,post,1603812830,neutral
j72f81,apple,post,1602115115,neutral
ji0oug,childfree,post,1603658330,positive
jcb149,criticalrole,post,1602859320,neutral
jj0xf2,dankmemes,post,1603804643,negative
j8v1lx,ftm,post,1602373867,neutral
j8u2fr,gorillaz,post,1602370131,neutral
jfqfhx,insanepeoplefacebook,post,1603330959,negative
jh60j3,meme,post,1603531278,neutral
jjag9y,mit,post,1603834365,neutral
jlk4nw,modhelp,post,1604157575,neutral
jk539z,playrust,post,1603953196,negative
jiwfew,questions,post,1603782137,neutral
j6ue7q,redditrequest,post,1602089217,neutral
j656hp,redditrequest,post,1601991459,neutral
jhdie9,redditrequest,post,1603562648,negative
jers1f,redditrequest,post,1603207741,neutral
jen988,redditrequest,post,1603191695,neutral
j8apdd,runescape,post,1602289373,neutral
jkq0gj,teenagers,post,1604031042,negative
jlpv8t,wow,post,1604177411,negative
ja99qa,DeepIntoYouTube,post,1602577157,positive
jlbenk,Destiny,post,1604114651,negative
jlefda,Grimes,post,1604130166,positive
j68347,HollowKnight,post,1602001331,neutral
j3zf1b,MetalMemes,post,1601661303,positive
j6a77a,Minecraft,post,1602007842,neutral
jebn7n,ModSupport,post,1603144082,negative
j6a8je,NerfExchange,post,1602007951,neutral
j2z87d,PleX,post,1601516074,neutral
j82tlu,Republican,post,1602262951,positive
jhsp3q,TankPorn,post,1603629583,neutral
j9o8wd,Toyota,post,1602497315,neutral
jkdgbf,WhiteWolfRPG,post,1603989475,neutral
jigbdn,conspiracy,post,1603725163,negative
jl39ob,dankmemes,post,1604085553,neutral
j71f0h,dankmemes,post,1602111493,neutral
jinapf,lastfm,post,1603746401,neutral
jl0y5h,lastfm,post,1604078225,negative
jdn7nw,modeveryone,post,1603051484,neutral
jf4llm,nbacirclejerk,post,1603248111,neutral
j9wr6h,pathofexile,post,1602528089,negative
jjsu3k,peacecorps,post,1603908071,neutral
j6tbt4,redditrequest,post,1602085865,neutral
jfr0ka,redditrequest,post,1603333167,neutral
j7gsnd,redditrequest,post,1602176267,negative
jio0mo,redditrequest,post,1603748555,neutral
jfssha,redditrequest,post,1603340380,neutral
j6tg2d,redditrequest,post,1602086247,neutral
jggwp1,redditrequest,post,1603430664,neutral
jk5l95,redditrequest,post,1603956052,neutral
j7tnb6,redditrequest,post,1602223047,neutral
jg8io9,rum,post,1603400481,neutral
jj99ht,techsupport,post,1603830736,neutral
j32528,teenagers,post,1601528113,negative
j92ro4,thelastofus,post,1602410136,positive
jcchv6,vegan,post,1602864042,negative
jbwme4,wallstreetbets,post,1602796979,negative
jas2dm,ArtistLounge,post,1602642608,negative
jd42ve,AskReddit,post,1602971973,negative
jd46ef,AskReddit,post,1602972319,negative
ji64dr,AutoModerator,post,1603677754,neutral
j3kwys,Conservative,post,1601599442,negative
jesyf5,DBZDokkanBattle,post,1603211196,neutral
jjocel,GTAV_Mods,post,1603893896,neutral
jjiiw6,HighschoolDxD,post,1603865279,neutral
jd7qv1,ModSupport,post,1602986066,neutral
jggyfv,SuicideWatch,post,1603430891,neutral
j8mhjh,WC3,post,1602344030,negative
jjsdsd,WatchRedditDie,post,1603906691,negative
jag89i,YouShouldKnow,post,1602604513,negative
jalyu1,coolguides,post,1602621640,neutral
jdgoim,dankmemes,post,1603029166,negative
j4zsit,freelanceWriters,post,1601821740,neutral
j5z3i2,mildlyinfuriating,post,1601960086,negative
jiz9gd,modhelp,post,1603797655,neutral
j3s090,patientgamers,post,1601633848,negative
j8x7d4,police,post,1602382652,negative
jfkwas,redditrequest,post,1603311878,neutral
jjbgn6,redditrequest,post,1603837546,neutral
j9t33g,redditrequest,post,1602516911,neutral
j8h0qd,redditrequest,post,1602318814,neutral
j6mffc,redditrequest,post,1602054641,negative
jk39c2,redditrequest,post,1603944120,neutral
j9tawv,redditrequest,post,1602517582,neutral
j51cui,relationship_advice,post,1601827489,negative
j51lev,relationship_advice,post,1601828353,negative
j5omc3,relationship_advice,post,1601921597,negative
j6gmcj,relationship_advice,post,1602029025,neutral
jcdhuq,relationship_advice,post,1602867159,negative
jghl9z,relationship_advice,post,1603433838,neutral
jighuk,relationship_advice,post,1603725777,positive
jls9dv,relationship_advice,post,1604186369,negative
j8nyig,runescape,post,1602349111,positive
jb33pa,secretsanta,post,1602690178,neutral
jkre4d,tacticalgear,post,1604037632,neutral
jei52f,teenagers,post,1603166514,neutral
j9lkpj,thewalkingdead,post,1602483061,neutral
jd9ckg,worldpolitics,post,1602992732,negative
jdvdfi,2007scape,post,1603082899,neutral
j40vfe,AcademicBiblical,post,1601665831,positive
jfyvmj,Antitheism,post,1603370511,negative
jh0s67,AskReddit,post,1603505297,negative
j55dxf,Bundesliga,post,1601841386,neutral
jkb4y8,CryptoCurrency,post,1603982072,neutral
jj3bs4,FalloutMods,post,1603812745,neutral
jammcy,MultipleSclerosis,post,1602623629,neutral
jjbr8n,Parenting,post,1603838490,negative
jifsjr,UKPersonalFinance,post,1603723418,negative
j9mqug,crossdressing,post,1602489464,negative
jdnxic,crossdressing,post,1603053882,negative
jlrrgp,crossdressing,post,1604184417,negative
jfnoii,dankmemes,post,1603320913,negative
j7y4zj,fivenightsatfreddys,post,1602246972,positive
j9ifz8,ft86,post,1602469009,neutral
ja0vx9,gatekeeping,post,1602541068,neutral
jk3h4g,gatekeeping,post,1603945051,negative
jhelgu,ipad,post,1603566291,negative
j7d8a8,modhelp,post,1602164498,neutral
ja5bap,redditrequest,post,1602558125,neutral
jl4ui5,redditrequest,post,1604090630,neutral
jaa7jq,redditrequest,post,1602582292,neutral
j77juh,redditrequest,post,1602135525,neutral
jb6ysi,redditrequest,post,1602701673,neutral
j5u1o1,redditrequest,post,1601939312,neutral
jd247y,redditrequest,post,1602965094,neutral
jf6zvy,shittyrainbow6,post,1603258394,neutral
jljjqc,technology,post,1604155482,negative
jkczaz,tipofmytongue,post,1603987976,neutral
j70kcz,2b2t,post,1602108531,positive
jhk4nw,AskReddit,post,1603586059,neutral
j3vhov,AutoDetailing,post,1601648945,negative
jl86mj,AutoDetailing,post,1604102153,negative
ji8rx2,Fantasy_Bookclub,post,1603689157,positive
jj39rs,FeMRADebates,post,1603812570,neutral
j8v4tc,LivestreamFail,post,1602374213,negative
jl3sqd,Paladins,post,1604087272,positive
jeb0un,StarWars,post,1603142202,negative
jboe1u,WatchRedditDie,post,1602771485,negative
j3gqzy,WayOfTheBern,post,1601584595,negative
j7pe3s,australia,post,1602204673,negative
jcwkwl,bisexual,post,1602946698,positive
j3e59r,conspiracy,post,1601576500,negative
jhc3tu,dankmemes,post,1603557815,neutral
j3jbkq,facebook,post,1601593217,neutral
j5ah5t,feminineboys,post,1601860486,negative
j6n4wm,funhaus,post,1602058784,positive
jav3fo,manga,post,1602655209,neutral
jj7ukm,memes,post,1603826503,neutral
jjj5jq,nostalgia,post,1603868778,neutral
j4k1va,pennystocks,post,1601749463,neutral
j93pt1,quityourbullshit,post,1602415202,neutral
j9b3id,quityourbullshit,post,1602442492,negative
j9x9cu,quityourbullshit,post,1602529611,positive
j9xbg3,quityourbullshit,post,1602529794,neutral
jjmy83,redditrequest,post,1603888736,neutral
ja9m2d,redditrequest,post,1602579140,neutral
jixszq,redditrequest,post,1603790032,neutral
jlebg8,redditrequest,post,1604129503,neutral
je5lna,redditrequest,post,1603126925,neutral
j95z40,redditrequest,post,1602425223,neutral
jdn5vl,redditrequest,post,1603051325,neutral
jlqp3s,redditrequest,post,1604180431,neutral
jbknwp,salty,post,1602755851,negative
jbm7my,salty,post,1602763279,negative
jkmbcr,traps,post,1604017151,positive
jh0727,unpopularopinion,post,1603502912,negative
j4lw1y,watch_dogs,post,1601755949,neutral
j56q1d,whatisthisthing,post,1601846026,negative
jlaxhp,Achievement_Hunter,post,1604112693,neutral
j8xs75,Balls,post,1602385126,neutral
j9vp6f,Brawlhalla,post,1602524936,neutral
jhwmvp,CapitalismVSocialism,post,1603644770,negative
jceaxa,CrohnsDisease,post,1602869700,neutral
jhpcw3,MMORPG,post,1603610382,negative
j813rd,POTUSWatch,post,1602257522,negative
jcy10e,POTUSWatch,post,1602951545,negative
jgrsby,TheSilphRoad,post,1603474553,negative
jjlfs0,WayOfTheBern,post,1603881785,negative
j5fv14,awakened,post,1601887177,neutral
jew6k8,buccaneers,post,1603220484,positive
ja1fb9,bugs,post,1602542986,neutral
jknrmf,dankmemes,post,1604022322,neutral
je57pr,dankmemes,post,1603125713,negative
j3913z,dankmemes,post,1601560611,neutral
j6k07i,dankmemes,post,1602042715,neutral
jhgel7,dirtyr4r,post,1603572439,negative
jkfaby,dirtyr4r,post,1603995003,neutral
j63ar9,funhaus,post,1601983404,neutral
j6c1ee,furniture,post,1602013484,negative
jjwum7,help,post,1603920665,neutral
j6w1xk,nova,post,1602094330,neutral
jdmcm7,redditrequest,post,1603048711,neutral
jdn8hc,redditrequest,post,1603051563,neutral
jhvw3r,redditrequest,post,1603642145,neutral
jfvxv4,redditrequest,post,1603356103,neutral
jf6cmm,redditrequest,post,1603255367,neutral
jh5hzh,redditrequest,post,1603528212,neutral
jkp7qw,redditrequest,post,1604027729,neutral
ji559x,teenagers,post,1603674014,negative
jbqqa7,Achievement_Hunter,post,1602778829,positive
jjs3jb,Anxiety,post,1603905833,positive
j477t3,AskALiberal,post,1601689066,neutral
je35dc,AskMen,post,1603119422,neutral
jhc9i7,AskReddit,post,1603558384,neutral
j6zf6f,AutoModerator,post,1602104721,neutral
jcrvz6,CasualUK,post,1602925560,neutral
jf1zbx,Conservative,post,1603238772,neutral
jdv434,Dodgers,post,1603081700,neutral
jkckhy,EscapefromTarkov,post,1603986717,neutral
jhzq0o,Fitness,post,1603655174,positive
j574h2,GaybrosGoneWild,post,1601847450,neutral
j5s9a0,GaybrosGoneWild,post,1601933119,negative
jexve5,Ghosts,post,1603225606,neutral
jl2y2u,LabourUK,post,1604084526,positive
ja8niu,Minecraft,post,1602573761,negative
j7t4l2,NoStupidQuestions,post,1602220403,neutral
j3yopq,PewdiepieSubmissions,post,1601659026,neutral
jb9fza,SuicideWatch,post,1602709069,neutral
jirs4r,WayOfTheBern,post,1603761499,negative
jl74ly,WhiteWolfRPG,post,1604098379,negative
jbsn8q,aliens,post,1602784575,neutral
jfu5qs,books,post,1603346727,negative
j9qrxs,childfree,post,1602508916,negative
j3oez5,cocaine,post,1601614534,negative
j79enn,dankmemes,post,1602145704,neutral
j49na8,dankmemes,post,1601699576,neutral
jfdjnk,gaymers,post,1603289430,neutral
j6je5f,help,post,1602040050,neutral
jenrrl,meme,post,1603193963,neutral
j4n5n1,memes,post,1601760601,neutral
jhx9wj,oculus,post,1603646983,negative
jbk0vk,pathofexile,post,1602752368,negative
jcsnyc,pathofexile,post,1602929654,negative
jjg0d4,pokemon,post,1603853826,neutral
jklvll,redditrequest,post,1604015652,neutral
jefjmu,redditrequest,post,1603156830,neutral
jakabu,redditrequest,post,1602616597,neutral
jhgcd6,redditrequest,post,1603572227,neutral
jgoio7,redditrequest,post,1603464533,neutral
jhpfn8,soccer,post,1603610813,negative
j98jki,uwaterloo,post,1602434038,negative
j9gf46,uwaterloo,post,1602460890,negative
jj4fk8,worldpolitics,post,1603816154,negative
j6ggdj,AmItheAsshole,post,1602028397,negative
j6yul5,AmItheAsshole,post,1602102893,neutral
jbiqb6,AmItheAsshole,post,1602745274,neutral
jhdzv3,AmItheAsshole,post,1603564304,negative
jhls49,AmItheAsshole,post,1603592912,neutral
jknvcr,AmItheAsshole,post,1604022710,neutral
jfcn9f,AskReddit,post,1603286372,neutral
j66yl6,CPTSD,post,1601997705,positive
j3abxk,Calgary,post,1601564793,negative
jej30b,Comcast_Xfinity,post,1603170696,neutral
jjun5f,Conservative,post,1603913637,neutral
j8e48s,DDLC,post,1602303770,neutral
jemyr6,FreeKarma4You,post,1603190379,negative
j4d32t,InternetIsBeautiful,post,1601718263,neutral
j4d4x3,InternetIsBeautiful,post,1601718568,neutral
j3a1a4,Jaguars,post,1601563877,negative
j7ch6u,Minecraft,post,1602161568,neutral
jcu35f,Minecraft,post,1602936840,neutral
j9g1dn,Minecraft,post,1602459422,neutral
j7h287,NoStupidQuestions,post,1602177081,neutral
j7t4fq,Padres,post,1602220382,positive
jf3cfl,RepTime,post,1603243559,neutral
j6g7yk,Scotland,post,1602027484,negative
jjys6p,Scotland,post,1603927215,negative
jjysnw,Scotland,post,1603927239,negative
jg6zjp,TheWeeknd,post,1603395929,negative
j37lwc,apolloapp,post,1601555323,positive
j4tm0h,attackontitan,post,1601788547,negative
jf3uh3,australia,post,1603245337,negative
ja3wo1,chelseafc,post,1602552530,neutral
j31eon,copypasta,post,1601524837,neutral
j6z3m0,copywriting,post,1602103701,neutral
j5eail,dankmemes,post,1601877939,neutral
j4tnqg,dankmemes,post,1601788808,negative
jcz3ru,de,post,1602955037,neutral
j75i4h,footballhighlights,post,1602126655,neutral
j7mozo,girlsgonewired,post,1602195038,positive
j9e81g,harrypotter,post,1602452744,neutral
jgl20l,help,post,1603451306,neutral
j8pan9,justneckbeardthings,post,1602353601,neutral
j6bf41,meme,post,1602011574,neutral
jeb1dv,memes,post,1603142247,negative
j7pvib,mormon,post,1602206505,positive
jk28sg,neopets,post,1603939891,neutral
j5eha0,redditrequest,post,1601878974,neutral
j46cxv,redditrequest,post,1601685444,neutral
j5vi8h,redditrequest,post,1601944950,neutral
jinxtl,redditrequest,post,1603748325,neutral
jajmdw,redditrequest,post,1602614638,neutral
jljuwm,redditrequest,post,1604156616,neutral
jbhpnh,redditrequest,post,1602740177,neutral
j89xk1,redditrequest,post,1602286436,neutral
jk8zkm,shortscarystories,post,1603974067,negative
jiyzc5,writing,post,1603796342,negative
jikkcs,2007scape,post,1603738281,neutral
j63tyn,Achievement_Hunter,post,1601985947,neutral
j7d6p1,Achievement_Hunter,post,1602164329,neutral
jbagvq,Achievement_Hunter,post,1602712371,positive
jbawg0,Achievement_Hunter,post,1602713774,positive
jbaxtr,Achievement_Hunter,post,1602713897,positive
jbb7tt,Achievement_Hunter,post,1602714842,positive
jbivhe,Achievement_Hunter,post,1602746018,positive
j4qzr9,Advice,post,1601776143,negative
ji46hl,AnarchyChess,post,1603670466,negative
j3lc8j,Conservative,post,1601601183,negative
jcmfrm,Conservative,post,1602898138,neutral
ja74s4,Gotham,post,1602565996,neutral
jaief1,ModSupport,post,1602611026,neutral
jkgpp8,PBSOD,post,1603999333,neutral
jdw8e5,PSNFriends,post,1603087148,neutral
jfna1f,PSNFriends,post,1603319527,negative
j9gd1a,Psychic,post,1602460674,neutral
j4u320,SCJerk,post,1601791112,negative
j6sbkq,Scams,post,1602082550,neutral
jhwr85,Showerthoughts,post,1603645205,negative
j67xsx,Trove,post,1602000856,positive
jbvz79,WatchRedditDie,post,1602794856,negative
j43asn,elderscrollsonline,post,1601673738,neutral
je3o0v,facebook,post,1603121092,negative
jfs7l8,flashlight,post,1603337895,negative
jhqjaw,help,post,1603617424,neutral
jdv0ps,lockpicking,post,1603081269,neutral
jfoimk,lonely,post,1603323879,neutral
jkhbac,madlads,post,1604001181,negative
j765aj,memes,post,1602129245,neutral
j9j4n9,memes,post,1602471925,neutral
jgeqvh,progressive_islam,post,1603422040,negative
jbaxh2,redditrequest,post,1602713865,neutral
jkrihl,redditrequest,post,1604038290,neutral
j6dkm9,redditrequest,post,1602018222,neutral
jiovwu,redditrequest,post,1603751333,neutral
jb9w57,redditrequest,post,1602710504,neutral
jbtvxs,redditrequest,post,1602788421,neutral
j5bhq2,teenagers,post,1601864736,negative
jgcyad,AskReddit,post,1603415377,negative
jgmrc4,AskReddit,post,1603458426,neutral
jjtria,AskReddit,post,1603910899,negative
jfurzz,Browns,post,1603349823,neutral
jeld1f,FreeKarma4U,post,1603182150,positive
jjggq5,LAlist,post,1603855674,neutral
j8pvv6,ModSupport,post,1602355571,negative
j34f1u,ModSupport,post,1601539382,negative
j4g1vi,NoFap,post,1601735780,neutral
ja992f,NoFap,post,1602577039,negative
jdvxhi,NoFap,post,1603085587,neutral
j8ec1a,Purdue,post,1602304736,neutral
j8ro9m,RocketLeagueExchange,post,1602361732,neutral
ja2l5d,RocketLeagueExchange,post,1602547281,neutral
jb9hfy,RocketLeagueExchange,post,1602709195,neutral
j6fjdq,ShadowBan,post,1602024992,neutral
jjra5b,ShadowBan,post,1603903350,neutral
jepvgp,Showerthoughts,post,1603201890,negative
jlb7kp,Socialism_101,post,1604113829,neutral
jjg9e1,Tinder,post,1603854842,neutral
je5d39,Twitch,post,1603126176,neutral
j7dvpj,aww,post,1602166819,neutral
j8yhsm,cats,post,1602388342,negative
jl3cqu,comics,post,1604085828,negative
jdwoar,conspiracy,post,1603089392,neutral
jemtz9,dankmemes,post,1603189751,negative
jbfilf,dankmemes,post,1602730577,neutral
j522t6,dndnext,post,1601830067,negative
je6s2z,familyguy,post,1603130312,neutral
j32s2k,formula1,post,1601531069,negative
jakepy,formula1,post,1602616964,neutral
jalttq,help,post,1602621224,neutral
j4rzik,meta,post,1601780610,positive
jhz3tp,nyc,post,1603653118,neutral
jh32r5,onejob,post,1603515237,neutral
j9467y,punk,post,1602417518,neutral
jcnpsn,punk,post,1602903612,neutral
jha6i2,punk,post,1603551013,neutral
jjrl76,punk,post,1603904300,negative
jejfzc,redditrequest,post,1603172437,neutral
j74xsm,redditrequest,post,1602124551,neutral
jkc5p4,redditrequest,post,1603985415,neutral
jehpw4,redditrequest,post,1603164846,neutral
jd22ov,redditrequest,post,1602964967,neutral
j64n72,teenagers,post,1601989380,negative
jf9jve,wallstreetbets,post,1603271975,negative
j5mjmv,wallstreetbets,post,1601915184,negative
j5wbh9,ADHD,post,1601948139,negative
j6t7dx,AskHistorians,post,1602085456,positive
jj7cqc,AskReddit,post,1603825043,negative
jc9xrk,Brawlstars,post,1602855412,neutral
j6bxnd,DestinyTheGame,post,1602013154,neutral
j84bdh,DestinyTheGame,post,1602267688,negative
jk0383,DestinyTheGame,post,1603931758,neutral
jehmko,Israel,post,1603164503,neutral
je46iz,ModSupport,post,1603122676,neutral
jdn95w,Music,post,1603051625,negative
j4pih6,Repsneakers,post,1601769787,neutral
j4pkd1,Repsneakers,post,1601769994,neutral
jl5cll,Repsneakers,post,1604092294,negative
j4mm2r,Switch,post,1601758605,negative
jkwkpa,TheUnderbun,post,1604063882,negative
j75mjk,TheoryOfReddit,post,1602127127,neutral
j70aep,WEPES,post,1602107603,neutral
jkv6gj,WEPES,post,1604058058,neutral
j8yqj7,beta,post,1602389428,neutral
j7owpp,copypasta,post,1602202838,negative
jgf0jd,dankmemes,post,1603423047,negative
j994lk,dankmemes,post,1602435976,neutral
jifia1,dankmemes,post,1603722437,neutral
jej9ke,fightporn,post,1603171564,negative
jh5abe,help,post,1603526978,neutral
jjtvum,iamverybadass,post,1603911275,negative
j4opnl,iamverysmart,post,1601766528,neutral
j4or0s,iamverysmart,post,1601766679,neutral
jd0cx6,leagueoflegends,post,1602959205,negative
j87nby,redditrequest,post,1602278500,neutral
j87q3j,redditrequest,post,1602278759,neutral
j40v1j,redditrequest,post,1601665801,neutral
j3ggj1,redditrequest,post,1601583668,neutral
jiqalx,redditrequest,post,1603756162,neutral
jhjgza,redditrequest,post,1603583466,neutral
jgwm0e,redditrequest,post,1603489800,neutral
jj7omk,redditrequest,post,1603826006,neutral
jfpnio,redditrequest,post,1603328064,neutral
j9npgr,redditrequest,post,1602494577,neutral
jaqsfi,redditrequest,post,1602637856,neutral
jkqlju,smashbros,post,1604033670,positive
jalj2y,snackexchange,post,1602620305,positive
j5bwnt,teenagers,post,1601866503,positive
jj5h4t,trans,post,1603819384,negative
j3096a,uwaterloo,post,1601520088,neutral
jitonm,walkingwarrobots,post,1603768821,neutral
j8nuoa,worstof,post,1602348751,negative
jetljo,AskModerators,post,1603213066,neutral
jig0i1,AskModerators,post,1603724171,negative
j5svx0,AskReddit,post,1601935212,negative
j7rgdg,AskRedditAfterDark,post,1602212758,neutral
jdn9k3,Browns,post,1603051662,negative
jkya64,Browns,post,1604069813,neutral
jevym4,DnD,post,1603219821,positive
jh382f,Hotwife,post,1603515908,negative
jjf5f6,Hotwife,post,1603850493,neutral
jeyta3,JustUnsubbed,post,1603228513,negative
j8cski,Minecraft,post,1602297965,neutral
je1my5,PewdiepieSubmissions,post,1603114123,negative
j9tcux,PokemonTCG,post,1602517756,negative
jf15er,PoliticalHumor,post,1603235969,negative
j60trh,Sacramento,post,1601969255,neutral
j3lpwc,curvy,post,1601602744,positive
jae7lf,fantasyfootball,post,1602598345,negative
j41egx,islam,post,1601667512,neutral
jaztsr,kurdistan,post,1602678933,negative
jb4ppp,mbti,post,1602695026,negative
jh4pcu,movies,post,1603523657,neutral
jbjzxz,newzealand,post,1602752215,positive
ja5x03,raimimemes,post,1602560674,neutral
j8um6f,redditrequest,post,1602372228,neutral
j6iupc,redditrequest,post,1602037787,neutral
jaxqgd,redditrequest,post,1602669256,neutral
jgwwvo,redditrequest,post,1603490764,neutral
j6uddk,redditrequest,post,1602089142,neutral
je51re,redditrequest,post,1603125213,neutral
j55zwf,redditrequest,post,1601843487,neutral
jinmx6,redditrequest,post,1603747422,neutral
jkgvb8,teenagers,post,1603999810,neutral
j7g7mn,tf2,post,1602174420,neutral
jfysov,thefighterandthekid,post,1603370189,negative
jdlwd9,xbox360,post,1603047250,negative
jajet9,CombatFootage,post,1602614014,neutral
j3aowb,CrazyIdeas,post,1601565920,neutral
j64eki,Draven,post,1601988406,neutral
jfv74n,FoodPorn,post,1603352025,negative
jkb48j,Minecraft,post,1603982005,neutral
jjh970,O_Faces,post,1603859040,neutral
jadxow,PrequelMemes,post,1602597531,neutral
jc48e8,Random_Acts_Of_Amazon,post,1602826943,neutral
jeut4f,Sims4,post,1603216593,positive
jgotcu,argentina,post,1603465463,negative
jf3acj,australia,post,1603243359,negative
jf3mxq,australia,post,1603244602,negative
jf3u8s,australia,post,1603245315,negative
jfp9ev,australia,post,1603326611,negative
jixq1t,australia,post,1603789560,neutral
j7z265,aww,post,1602250618,negative
jlarq7,cats,post,1604112056,negative
j3hadc,coys,post,1601586273,neutral
jdyr4d,dayz,post,1603100918,positive
jjeggq,firstworldproblems,post,1603847905,negative
j9v8fa,lakers,post,1602523535,neutral
jgw9je,littlebigplanet,post,1603488659,negative
jees6s,modhelp,post,1603154193,negative
jk7c0f,pathofexile,post,1603966046,negative
jbw6p7,redditrequest,post,1602795536,neutral
jchz95,redditrequest,post,1602882396,neutral
j8buw3,redditrequest,post,1602294021,neutral
j7ob9y,redditrequest,post,1602200667,neutral
jgvsx8,redditsync,post,1603487180,neutral
j64rfa,1200isplenty,post,1601989843,neutral
jlp9gj,AutoModerator,post,1604175230,neutral
j89cur,DBZDokkanBattle,post,1602284369,neutral
jbnltj,LeedsUnited,post,1602768762,neutral
j49sba,Libertarian,post,1601700160,negative
jdpwad,Minecraft,post,1603060527,negative
jdgdj1,NarFFL,post,1603027846,positive
jd08ad,NoSleepOOC,post,1602958776,positive
j5cggo,SmashingPumpkins,post,1601868923,neutral
j5ch3k,SmashingPumpkins,post,1601869000,negative
jioe8k,SubredditDrama,post,1603749742,negative
jhh926,UFOs,post,1603575365,negative
ja68xb,coolguides,post,1602562038,negative
jj714f,copypasta,post,1603824088,negative
j4xypt,digimon,post,1601813518,neutral
jke8wv,discordapp,post,1603991913,neutral
jc5t60,help,post,1602834942,neutral
ji5850,iamverysmart,post,1603674310,neutral
j7fbzm,lgbt,post,1602171656,negative
jksu0i,malefashion,post,1604045701,neutral
jhb6g0,memes,post,1603554594,neutral
j32tc8,mildlyinfuriating,post,1601531253,negative
j9nk31,quityourbullshit,post,1602493756,neutral
jhk940,redditrequest,post,1603586569,neutral
jk6bbh,redditrequest,post,1603960282,neutral
jfs5c1,shrooms,post,1603337636,negative
j56r8c,skyrimmods,post,1601846153,negative
j8l65z,skyrimmods,post,1602339230,neutral
jeh4qt,skyrimmods,post,1603162620,neutral
jkdrdj,skyrimmods,post,1603990441,neutral
j60pds,teenagers,post,1601968576,neutral
jian87,teenagers,post,1603699478,neutral
jiaoh4,teenagers,post,1603699672,neutral
jiapmp,teenagers,post,1603699859,negative
j5wzce,teenagers,post,1601950864,neutral
j5gp4v,tressless,post,1601892183,negative
jbz2yr,wholesomememes,post,1602805773,neutral
jk410k,yoga,post,1603947627,negative
jhduf9,AmItheAsshole,post,1603563792,neutral
jhdvaj,AmItheAsshole,post,1603563875,neutral
jjguf3,AskReddit,post,1603857245,neutral
jf437i,ChiefKeef,post,1603246205,negative
jf468i,ChiefKeef,post,1603246518,negative
j3kaj4,Comcast_Xfinity,post,1601596985,neutral
j3jsl5,Conservative,post,1601595037,negative
j4d4do,Eyebleach,post,1601718486,negative
j9cj9b,Fallout,post,1602447095,neutral
j6ke41,Fallout,post,1602044401,negative
j5dira,Minecraft,post,1601873958,neutral
j3w3gw,ModSupport,post,1601650935,neutral
j63zds,MonsterStrike,post,1601986616,positive
j4mkyt,NASCAR,post,1601758493,neutral
jb73s2,WTF,post,1602702086,negative
jd0tyo,WTF,post,1602960781,negative
jl36u3,aznidentity,post,1604085298,neutral
jl0aox,bulgaria,post,1604076206,positive
jl0dtr,copypasta,post,1604076481,neutral
jk66nd,dankmemes,post,1603959526,neutral
j42wwh,discordapp,post,1601672408,neutral
jf33r2,fantasyfootball,post,1603242707,negative
jempg9,ideasfortheadmins,post,1603189132,negative
j46z69,lanadelrey,post,1601688054,negative
jhhsne,lego,post,1603577277,positive
jjome5,philadelphia,post,1603894853,negative
jjbt4g,pkmntcgtrades,post,1603838658,neutral
jdymyh,redditrequest,post,1603100270,neutral
jb6xjl,redditrequest,post,1602701567,neutral
j7wauu,redditrequest,post,1602238084,neutral
jjnyo8,redditrequest,post,1603892570,neutral
j6c51k,redditrequest,post,1602013793,neutral
jii1y1,researchchemicals,post,1603730786,positive
j5oe4v,ACPocketCamp,post,1601920894,positive
j7bjcy,Anxiety,post,1602157392,neutral
jc9lp4,AskReddit,post,1602854158,neutral
j6fzl5,AutoModerator,post,1602026619,neutral
j9gl0b,AutoModerator,post,1602461528,neutral
j9gli0,AutoModerator,post,1602461583,neutral
jfhmn7,Christianity,post,1603302025,neutral
jky4gw,MMA,post,1604069287,negative
jf298o,Padres,post,1603239715,neutral
jjp3xb,boardsofcanada,post,1603896504,positive
jijgj8,conspiracy,post,1603734979,neutral
jbep4r,entp,post,1602727408,negative
jbn85l,google,post,1602767383,negative
jk08xz,gravityfalls,post,1603932322,neutral
j33rpk,memes,post,1601536021,neutral
j556ms,reddevils,post,1601840701,neutral
j8e5w2,redditrequest,post,1602303967,neutral
j7jubl,redditrequest,post,1602185783,neutral
ja39dz,redditrequest,post,1602549963,neutral
jiu5wj,redditrequest,post,1603770841,negative
jhm1fz,redditrequest,post,1603594021,neutral
jhgjdr,teenagers,post,1603572911,negative
jkj0fn,tezos,post,1604006331,neutral
j9jxoj,wow,post,1602475378,negative
jau6lr,yugioh,post,1602651027,neutral
jbnzna,FanFiction,post,1602770132,neutral
j8luad,FortNiteBR,post,1602341755,neutral
jbyh6w,ForwardsFromKlandma,post,1602803492,neutral
jb7twx,LAClippers,post,1602704309,neutral
jlamob,LAClippers,post,1604111494,neutral
jive2q,LGBTeens,post,1603776538,negative
jla6hq,LGBTeens,post,1604109691,positive
jggka5,Memes_Of_The_Dank,post,1603429184,negative
jlp2o8,ModSupport,post,1604174563,neutral
jddidi,NoStupidQuestions,post,1603013952,positive
jdne2r,OnePiece,post,1603052083,neutral
jkgt2p,WatchRedditDie,post,1603999625,negative
j8333k,altgonewild,post,1602263774,neutral
j6eafq,copypasta,post,1602020604,negative
jgg6bf,discordapp,post,1603427555,negative
j5cu9w,help,post,1601870718,neutral
j99u0p,memes,post,1602438340,neutral
ja1mgh,modhelp,post,1602543705,neutral
jea2cl,msp,post,1603139408,neutral
jjhs6r,nyjets,post,1603861491,negative
j8bh5t,questions,post,1602292423,negative
jk4dde,redditrequest,post,1603949320,negative
jcq8jj,redditrequest,post,1602916043,neutral
jaz0wa,redditrequest,post,1602675487,neutral
jisx9v,redditrequest,post,1603765816,neutral
j51rdc,secretsanta,post,1601828949,neutral
jgpvew,vegancirclejerk,post,1603468781,negative
j6bgie,AskModerators,post,1602011691,negative
j4hqz8,CombatFootage,post,1601741663,negative
jlpfjo,DestinyTheGame,post,1604175860,negative
jjqblc,EndlessWar,post,1603900370,negative
jjqdl9,EndlessWar,post,1603900548,negative
jct7ry,IsItBullshit,post,1602932548,neutral
jezkua,JustUnsubbed,post,1603230827,negative
j79bzd,Kappa,post,1602145253,negative
j93znw,NoStupidQuestions,post,1602416602,negative
j97a9j,NoStupidQuestions,post,1602429858,negative
j58er2,Texans,post,1601852246,neutral
j3wj74,Wellthatsucks,post,1601652312,negative
j31sqh,WhatIsThisPainting,post,1601526516,neutral
jcselg,autism,post,1602928298,negative
jcsgmo,autism,post,1602928592,negative
jekekr,autism,post,1603177231,neutral
jkfot3,bugs,post,1603996205,neutral
jevnn5,dankmemes,post,1603218985,negative
j77g1w,destiny2,post,1602135035,neutral
jc2hek,eu4,post,1602819361,neutral
jh6tbt,exjw,post,1603535892,positive
jhrotn,france,post,1603624171,neutral
jizkug,france,post,1603799137,negative
jk84pc,france,post,1603970179,negative
jl6nwa,france,post,1604096760,neutral
j9ipiz,heat,post,1602470115,positive
j8uhdi,help,post,1602371716,negative
jihznj,knitting,post,1603730595,neutral
jivks7,memes,post,1603777482,neutral
j3a1uv,memes,post,1601563931,neutral
jfzkaz,notinteresting,post,1603373093,negative
jj6f5h,pcmasterrace,post,1603822238,neutral
j8tsyp,redditrequest,post,1602369179,neutral
j6jh1e,redditrequest,post,1602040404,neutral
j6kb64,redditrequest,post,1602044024,neutral
j9ah7u,redditrequest,post,1602440468,neutral
j8frq1,softwaregore,post,1602311957,negative
j9w4li,softwaregore,post,1602526210,neutral
j9w6ma,softwaregore,post,1602526372,neutral
jj2ptn,softwaregore,post,1603810826,negative
jlauvh,teenagers,post,1604112394,negative
j8f1xn,texas,post,1602308174,neutral
j6kloz,toys,post,1602045341,neutral
j8j34v,vancouver,post,1602330308,negative
j4193i,ween,post,1601667037,neutral
j6pi8p,worldpolitics,post,1602071958,neutral
jdl8ns,xboxone,post,1603045081,negative
jg36oz,2007scape,post,1603384799,neutral
j7cz4g,AgainstHateSubreddits,post,1602163525,negative
jau841,AmericanHorrorStory,post,1602651211,neutral
j3adnh,Art,post,1601564946,neutral
j7uh9c,AutoModerator,post,1602227564,neutral
j87y7b,AutoModerator,post,1602279487,neutral
j8tkfo,CSRRacing2,post,1602368321,negative
j3w4gb,CryptoCurrency,post,1601651017,negative
jh9fks,EDH,post,1603548152,neutral
j3dw6z,Eve,post,1601575710,positive
j7em1t,FortNiteBR,post,1602169293,neutral
j8b97g,JustUnsubbed,post,1602291546,negative
j6c1yl,JustUnsubbed,post,1602013531,negative
j7z2so,KotakuInAction,post,1602250677,negative
jhng95,Metalcore,post,1603600412,neutral
j421m3,ModSupport,post,1601669563,negative
j536wk,ModSupport,post,1601833993,negative
jkg4j3,NoFap,post,1603997541,negative
jcbrhf,PewdiepieSubmissions,post,1602861754,neutral
jciud5,PurplePillDebate,post,1602884486,negative
jdpwlm,RedditAlternatives,post,1603060557,negative
jjopll,SCJerk,post,1603895172,negative
j73ugy,ShadowBan,post,1602120570,neutral
jhp7cy,Warthunder,post,1603609501,negative
jbjk8b,bloodborne,post,1602749781,positive
j5iftl,cycling,post,1601900706,neutral
jbyftv,dankmemes,post,1602803352,neutral
je4pvg,dankmemes,post,1603124248,negative
jg8nks,dankmemes,post,1603400861,neutral
jiyiq7,deadbydaylight,post,1603793989,negative
j8ro1s,depression,post,1602361711,negative
jgklaa,geometrydash,post,1603449005,positive
jlijv8,gonwild,post,1604151674,negative
jcox2p,help,post,1602909234,neutral
j5poxy,legostarwars,post,1601924936,negative
jatur9,lgbt,post,1602649592,neutral
jjpxiy,meme,post,1603899135,neutral
ja4932,modhelp,post,1602553886,neutral
j3jqw8,modhelp,post,1601594861,neutral
jax3gs,moviescirclejerk,post,1602665765,negative
jh70z2,rant,post,1603537078,negative
jk34u8,redditrequest,post,1603943585,neutral
j9yy7j,redditrequest,post,1602534800,neutral
jkfx5p,redditrequest,post,1603996909,neutral
jdylcv,redditrequest,post,1603100004,neutral
jgytnf,redditrequest,post,1603497537,neutral
jbez9x,teenagers,post,1602728486,neutral
j3n6ym,teenagers,post,1601608936,neutral
jez29a,unpopularopinion,post,1603229260,positive
j3dlhh,yandere_simulator,post,1601574806,negative
j62233,yandere_simulator,post,1601976620,negative
j50c8s,youtube,post,1601823834,negative
ja0cjw,2007scape,post,1602539208,negative
jia0nn,AskReddit,post,1603695838,neutral
j7470z,FloridaPanthers,post,1602121930,neutral
jbbyba,FreeKarma4U,post,1602717397,neutral
jfw8qm,Jokes,post,1603357789,neutral
jkleqw,NoStupidQuestions,post,1604014078,neutral
jhc5t5,Terraria,post,1603558002,negative
jjishd,WatchRedditDie,post,1603866739,negative
jey6qs,WatchRedditDie,post,1603226610,neutral
jkceli,WatchRedditDie,post,1603986197,negative
jgdneq,ambien,post,1603418007,neutral
j4ruud,aznidentity,post,1601780031,neutral
jc5se4,catfish,post,1602834824,neutral
j8xana,fantasyfootball,post,1602383035,positive
j68e1q,funhaus,post,1602002311,neutral
j6bebj,funhaus,post,1602011505,neutral
jh5xcn,geometrydash,post,1603530742,negative
je0203,help,post,1603107735,neutral
j3hbaf,help,post,1601586352,negative
jlavqx,memes,post,1604112493,neutral
jkxpwo,memes,post,1604067945,neutral
jgnsom,modhelp,post,1603462140,neutral
j6u3ry,nyc,post,1602088309,negative
jj1ye1,redditrequest,post,1603808304,neutral
j69kyh,redditrequest,post,1602005961,neutral
jaozc7,redditrequest,post,1602631336,neutral
j7h43x,redditrequest,post,1602177249,neutral
j31dr8,transtimelines,post,1601524742,neutral
j461lj,AskReddit,post,1601684138,neutral
j4nd4u,China,post,1601761387,negative
j4nei9,China,post,1601761524,negative
j7hvwu,China,post,1602179651,neutral
jgbe4p,Conservative,post,1603409835,negative
j31jp3,CrazyIdeas,post,1601525408,positive
ji122k,CryptoCurrency,post,1603659532,positive
j9n0zq,DBZDokkanBattle,post,1602490926,negative
j3zgqw,Minecraft,post,1601661454,neutral
j6csmi,NoStupidQuestions,post,1602015777,negative
jith43,NoStupidQuestions,post,1603767966,negative
j94w5z,PewdiepieSubmissions,post,1602420760,neutral
j7rfkq,PewdiepieSubmissions,post,1602212661,neutral
jjqn4p,Seattle,post,1603901361,neutral
jkzpw9,SubredditDrama,post,1604074406,negative
j6jpd3,TagPro,post,1602041407,neutral
j6q5of,TooAfraidToAsk,post,1602074760,negative
jj3ljf,ToolBand,post,1603813586,neutral
jlag9z,Winnipeg,post,1604110779,neutral
j4rfy1,chess,post,1601778134,positive
jf5i29,exmormon,post,1603251693,positive
jkd6qg,footballmanagergames,post,1603988641,neutral
j4n8d3,karma,post,1601760887,negative
jbbqxg,modhelp,post,1602716667,neutral
j8yxqn,newreddits,post,1602390354,neutral
jehw3r,pcgaming,post,1603165518,negative
jjffvj,redditrequest,post,1603851594,neutral
j59dai,redditrequest,post,1601856013,neutral
j6iuc4,regina,post,1602037743,negative
jcls82,roosterteeth,post,1602895437,positive
j8qyw5,subnautica,post,1602359288,neutral
ja2h8o,tappedout,post,1602546881,neutral
jck0l8,techsupport,post,1602888611,neutral
jlghlk,teenagers,post,1604141984,negative
jh4izf,walkingwarrobots,post,1603522683,neutral
j7zkhs,wallstreetbets,post,1602252395,negative
j893i8,2007scape,post,1602283459,negative
jazsfo,AmItheAsshole,post,1602678776,neutral
jaztec,AmItheAsshole,post,1602678886,negative
j6tmqf,CharacterRant,post,1602086812,neutral
j3zjk9,FIFA,post,1601661686,negative
j6iacy,FIFA,post,1602035541,neutral
j9nr0a,FIFA,post,1602494818,negative
jdgjpp,FIFA,post,1603028556,negative
jig26b,FIFA,post,1603724330,negative
jdzdbl,GamePhysics,post,1603104266,neutral
jjw1ic,NSFWIAMA,post,1603918064,negative
jgqo8u,NoStupidQuestions,post,1603471216,negative
jlfb21,CryptoCurrency,post,1604135562,neutral
jex8kf,LSD,post,1603223674,negative
je1cna,Lovecraft,post,1603113046,negative
jjs702,LushCosmetics,post,1603906129,negative
jjsacd,LushCosmetics,post,1603906408,negative
ja18h5,OrthodoxChristianity,post,1602542314,neutral
j4kgr1,PewdiepieSubmissions,post,1601750884,negative
jgjhke,ShadowBan,post,1603443286,positive
j6ysrg,TheoryOfReddit,post,1602102736,neutral
jihtvk,TheoryOfReddit,post,1603730090,negative
jl2d1v,TheoryOfReddit,post,1604082704,neutral
j9x8xn,apolloapp,post,1602529577,negative
j4pbvz,dankmemes,post,1601769032,neutral
j3ilo1,facebook,post,1601590628,negative
j3j6gk,facebook,post,1601592692,neutral
j8gpy2,facebook,post,1602317096,neutral
jhl1tq,facebook,post,1603589832,negative
jl0iab,facebook,post,1604076873,negative
jl0jye,facebook,post,1604077014,negative
jdr49z,guineapigs,post,1603065096,neutral
j5stg8,intj,post,1601934982,neutral
j9jnr1,masturbation,post,1602474188,neutral
j46xkf,memes,post,1601687868,negative
j4yub1,memes,post,1601817713,negative
jht71l,memes,post,1603631849,negative
ji0ale,memes,post,1603657024,negative
jam3yj,redditrequest,post,1602622088,neutral
j9bjtb,redditrequest,post,1602443950,neutral
jfibm7,redditrequest,post,1603304119,neutral
j4apa5,redditrequest,post,1601704638,neutral
j9df6b,redditrequest,post,1602450008,neutral
jbo7dp,skyrim,post,1602770827,negative
j9w6w0,softwaregore,post,1602526394,neutral
j5pmj3,southpark,post,1601924732,negative
j8xtot,teenagers,post,1602385301,negative
j8im65,unpopularopinion,post,1602327829,negative
jcenv4,AdmiralBulldog,post,1602870851,neutral
jl34yk,AgainstHateSubreddits,post,1604085131,negative
ja4gc3,AmItheAsshole,post,1602554671,negative
jiq9jy,Anarcho_Capitalism,post,1603756060,negative
jjhms1,FashionReps,post,1603860782,negative
jkcozp,GTAV,post,1603987113,neutral
j4tdjp,GameTheorists,post,1601787338,neutral
jbfga1,Ghosts,post,1602730324,neutral
j8vaq8,Oppression,post,1602374843,negative
j40k7u,Overwatch,post,1601664862,positive
j9w4tu,ShroomID,post,1602526228,negative
jbsyv8,ShroomID,post,1602785576,neutral
jhz3sf,The100,post,1603653114,positive
jko6t7,Twitch,post,1604023847,negative
jariqn,Vent,post,1602640566,negative
jkidpd,Vent,post,1604004449,negative
j9bczm,Vinesauce,post,1602443325,negative
jfuh1r,Vinesauce,post,1603348309,negative
jerrbx,asexuality,post,1603207680,neutral
jkzlt4,blackladies,post,1604074054,negative
j8yix3,cats,post,1602388484,negative
jl8p7r,criticalrole,post,1604104040,positive
jcwucu,cyberpunkgame,post,1602947574,neutral
jjv085,dankmemes,post,1603914777,neutral
jlavwe,dankmemes,post,1604112510,neutral
jfxvgn,dankmemes,post,1603366316,negative
ji9plk,infp,post,1603694141,negative
j6j7j2,memes,post,1602039271,negative
jedepl,miraculousladybug,post,1603149566,neutral
j6o9i0,modhelp,post,1602065453,neutral
jau1jn,moviescirclejerk,post,1602650404,negative
j5z1iw,redditrequest,post,1601959811,neutral
jjmfkm,runescape,post,1603886550,negative
jehckr,wallstreetbets,post,1603163453,negative
jkttc3,whatsthisrock,post,1604051131,neutral
jh6hyt,worldnews,post,1603534081,negative
jiyiee,Advice,post,1603793932,neutral
jljl7z,CSRRacing2,post,1604155642,neutral
jjhxpp,ColoradoAvalanche,post,1603862256,neutral
jfk0o6,EDH,post,1603309200,positive
j9zika,ModSupport,post,1602536563,neutral
j379ui,Planetside,post,1601553945,negative
j4n2u8,arenaofvalor,post,1601760303,neutral
j6x5ap,awfuleverything,post,1602097663,neutral
jirxtq,boston,post,1603762071,neutral
j9lh98,chomsky,post,1602482566,negative
jlsek5,dankmemes,post,1604186943,negative
jg7egv,dankmemes,post,1603397146,negative
j9mbzg,dbxv,post,1602487113,neutral
jelots,mildlyinfuriating,post,1603183862,negative
jh57m2,modhelp,post,1603526567,neutral
jjodqz,redditrequest,post,1603894024,neutral
jlew9u,redditrequest,post,1604133057,neutral
jgjbc4,redditrequest,post,1603442351,neutral
jbvd20,redditrequest,post,1602792945,neutral
jbezc0,redditrequest,post,1602728492,neutral
jc6de5,redditrequest,post,1602837981,neutral
j4c7j2,thelastofus,post,1601713287,neutral
jfzdn4,unpopularopinion,post,1603372428,negative
jkgoz1,unpopularopinion,post,1603999273,neutral
ja4tyy,2007scape,post,1602556213,neutral
jgzxli,AgainstHateSubreddits,post,1603501829,negative
jigcyo,AskReddit,post,1603725316,positive
j60vgj,DetroitRedWings,post,1601969537,neutral
jk20kl,Dyslexia,post,1603938981,negative
jldkd7,Dyslexia,post,1604125078,negative
j59hem,FantasyPL,post,1601856461,negative
jfe2ls,ModSupport,post,1603291198,negative
j5kz1n,Oxygennotincluded,post,1601910170,negative
jh50kx,PewdiepieSubmissions,post,1603525442,neutral
j6u8xo,PiratedGames,post,1602088759,negative
jdksnw,Republican,post,1603043631,negative
je5d3n,Republican,post,1603126177,negative
jdet07,SomeOrdinaryGmrs,post,1603020788,neutral
j51k81,TagPro,post,1601828236,negative
jetooe,Thailand,post,1603213306,neutral
j6nlp4,answers,post,1602061600,negative
j9h98o,armenia,post,1602464217,negative
jhvkx4,aspergers,post,1603641062,positive
j7cw0h,bengals,post,1602163186,neutral
jjp00a,bigdickproblems,post,1603896134,negative
jjp1al,bigdickproblems,post,1603896255,negative
ji9r98,buffalobills,post,1603694404,neutral
ji9spq,buffalobills,post,1603694624,neutral
j9tpiy,chelseafc,post,1602518816,neutral
j4g2hu,dankmemes,post,1601735845,neutral
jd4qva,discordapp,post,1602974379,neutral
jcqjo4,help,post,1602917743,negative
jcrvt1,help,post,1602925530,negative
jcs1y0,help,post,1602926471,negative
jcs8ne,help,post,1602927445,negative
jdyk3i,help,post,1603099806,negative
jh1xtq,ios,post,1603510182,negative
j2z8t0,kodi,post,1601516139,neutral
j5ez6k,memes,post,1601881780,negative
j5iul5,memes,post,1601902455,negative
j4yo3i,memes,post,1601816925,neutral
jbpxo1,needamod,post,1602776433,neutral
jfks5d,nfl,post,1603311522,neutral
ja1ut7,niceguys,post,1602544553,negative
jjfhg6,rant,post,1603851761,negative
j5tcrp,redditrequest,post,1601936843,neutral
j4txfj,redditrequest,post,1601790250,neutral
j6s79a,redditrequest,post,1602082154,neutral
j7r0au,redditrequest,post,1602210906,neutral
j388cr,redditrequest,post,1601557700,neutral
jfrn89,redditrequest,post,1603335627,neutral
j8n3oq,redditrequest,post,1602346149,neutral
jbnkxk,redditrequest,post,1602768677,neutral
jjzi7j,redditrequest,post,1603929643,neutral
jet9so,relationship_advice,post,1603212109,neutral
j9av4o,stopdrinking,post,1602441741,positive
jghkvm,teenagers,post,1603433782,negative
j3obyt,teenagers,post,1601614119,positive
j4p328,ufc,post,1601768025,neutral
j31veh,weed,post,1601526842,negative
ji1n8u,weed,post,1603661487,positive
jhok13,Bend,post,1603605895,negative
j6ivrg,Bestbuy,post,1602037907,neutral
jioapx,DeFranco,post,1603749438,neutral
jbebi0,Gunpla,post,1602725974,negative
jalryv,INTP,post,1602621067,negative
j48fok,Planetside,post,1601694347,negative
ja0c71,PrequelMemes,post,1602539171,neutral
jjdciw,PublicFreakout,post,1603843885,neutral
ji8ma7,ShadowBanned,post,1603688418,negative
j5u7ad,TillSverige,post,1601939916,neutral
j5jxw7,TooAfraidToAsk,post,1601906568,neutral
jguu7q,TrueAtheism,post,1603484110,negative
jdm93w,WhitePeopleTwitter,post,1603048408,negative
jfo3ka,copypasta,post,1603322382,neutral
jd0qvv,dankmemes,post,1602960499,negative
jc47na,gaming,post,1602826836,negative
jd9xbx,gaynsfw,post,1602995277,neutral
jf5d4g,gonewild,post,1603251121,positive
j2y80y,help,post,1601512187,negative
jaqj4p,help,post,1602636911,neutral
jf43b3,memes,post,1603246216,negative
jifbci,modelmakers,post,1603721786,positive
jfyav8,pokemon,post,1603368172,neutral
jf5eai,redditrequest,post,1603251249,neutral
jigc5q,redditrequest,post,1603725238,neutral
jjqt7z,redditrequest,post,1603901884,neutral
jd5aft,redditrequest,post,1602976348,neutral
jkvwpc,redditrequest,post,1604061272,neutral
jd7r8p,redditrequest,post,1602986115,neutral
j9jfwt,redditrequest,post,1602473287,neutral
jee8ky,redditrequest,post,1603152342,neutral
jc46zu,redditrequest,post,1602826755,neutral
j4ahk9,shrooms,post,1601703473,negative
jl4jvk,shrooms,post,1604089673,negative
jla2sk,shrooms,post,1604109291,neutral
jawa5v,teenagers,post,1602661296,neutral
j5de59,teenagers,post,1601873322,negative
j68gwe,AskReddit,post,1602002542,negative
j66nyo,Bad_Cop_No_Donut,post,1601996723,neutral
jcnd06,CODZombies,post,1602902027,neutral
jbwjvs,Catholicism,post,1602796752,neutral
jins7q,LetsTalkMusic,post,1603747847,neutral
jle1d8,MakeNewFriendsHere,post,1604127829,negative
j3h3lt,NegativeWithGold,post,1601585675,negative
jf2azh,NegativeWithGold,post,1603239894,neutral
jjiegb,RocketLeague,post,1603864657,neutral
jbdxwy,SS13,post,1602724570,neutral
j7k95e,ShadowBan,post,1602187073,negative
jl55sz,bicycling,post,1604091661,negative
jfguj5,bugs,post,1603299709,negative
jc4v25,meth,post,1602830024,positive
jjwoip,mildlyinfuriating,post,1603920097,negative
j784f6,politics,post,1602138492,negative
j7rdaf,redditrequest,post,1602212412,neutral
jgeall,redditrequest,post,1603420347,neutral
jd2bjz,redditrequest,post,1602965805,neutral
jjmkwe,redditrequest,post,1603887161,neutral
jdyl6m,redditrequest,post,1603099974,neutral
jj82rt,redditrequest,post,1603827175,neutral
j5ysni,redditrequest,post,1601958643,neutral
j30ako,redditrequest,post,1601520239,neutral
jgym3o,streetwear,post,1603496756,neutral
jgyo7v,streetwear,post,1603496982,neutral
j740i5,trashy,post,1602121232,negative
j4baq6,ADHD,post,1601707954,positive
j594fm,AskOuija,post,1601855021,neutral
jlssx0,AskReddit,post,1604188537,negative
jgu7lj,Charity,post,1603482096,neutral
jd5e0h,CryptoCurrency,post,1602976741,neutral
jgx024,EscapefromTarkov,post,1603491044,negative
j9e2ms,GoForGold,post,1602452228,negative
j4f3jv,JurassicPark,post,1601732119,neutral
j433fz,LivestreamFail,post,1601673013,neutral
j8mlt6,Random_Acts_Of_Amazon,post,1602344466,positive
j3wu3z,Republican,post,1601653273,negative
j4728l,Republican,post,1601688415,negative
ja8bls,Republican,post,1602571998,negative
jf5yyz,Republican,post,1603253684,neutral
jkzmwx,RocketLeagueExchange,post,1604074151,neutral
j4c0da,SquaredCircle,post,1601712174,negative
j4t0cd,SquaredCircle,post,1601785446,negative
j79c47,SquaredCircle,post,1602145276,neutral
jj1h80,SquaredCircle,post,1603806665,negative
jjrbzq,SquaredCircle,post,1603903506,neutral
jlmlla,SquaredCircle,post,1604166076,neutral
jah8uu,borrow,post,1602607607,neutral
jfxygw,confessions,post,1603366693,negative
j3d7wh,conspiracy,post,1601573654,negative
jhsory,copypasta,post,1603629537,negative
ji8wrq,dankmemes,post,1603689833,negative
jjiji1,dankmemes,post,1603865370,neutral
jbe1p9,hamiltonmusical,post,1602724956,neutral
jbgmko,hamiltonmusical,post,1602735110,negative
jb7aca,india,post,1602702640,negative
j7tjyf,redditrequest,post,1602222576,neutral
ja3lzk,redditrequest,post,1602551351,neutral
jh0w3m,redditrequest,post,1603505749,neutral
j8jx7q,redditrequest,post,1602334234,neutral
j7chrj,redditrequest,post,1602161630,neutral
ji30zf,redditrequest,post,1603666276,neutral
j9l0xe,spaceengineers,post,1602480322,neutral
jj4y9g,summonerschool,post,1603817788,negative
j3w4xl,undelete,post,1601651057,negative
ji1i18,Advice,post,1603661000,neutral
j4bczn,AnimeSketch,post,1601708318,neutral
jhjzqx,AskReddit,post,1603585516,neutral
j97389,AskReddit,post,1602429169,neutral
j71s7h,AutoModerator,post,1602112782,neutral
j9r195,Comcast_Xfinity,post,1602509887,neutral
jgc7qt,Eminem,post,1603412695,negative
jhgysn,Filmmakers,post,1603574384,neutral
j4ufs7,ModSupport,post,1601793149,neutral
jcwwox,OnePiece,post,1602947790,negative
j6xmr0,OutOfTheLoop,post,1602099123,neutral
j3j51a,Piracy,post,1601592547,negative
j80rzn,RocketLeague,post,1602256458,neutral
jay5su,RocketLeague,post,1602671424,negative
j7lqew,SocialJusticeInAction,post,1602191884,negative
jgdjqr,australia,post,1603417626,negative
jf4hgt,australia,post,1603247669,negative
j4mfc1,awfuleverything,post,1601757921,neutral
jg3mg1,fightporn,post,1603386070,negative
jbind3,findareddit,post,1602744853,neutral
jckao7,halo,post,1602889641,neutral
jjt0hr,halo,post,1603908591,negative
jk8dsz,halo,post,1603971368,neutral
jcl2cg,instantkarma,post,1602892637,negative
jh4sw9,mbti,post,1603524208,neutral
j8lf0z,mopeio,post,1602340184,negative
jjsnxw,pansexual,post,1603907544,neutral
jassyj,popping,post,1602645409,neutral
jf5qsa,rant,post,1603252728,negative
jir3cs,redditrequest,post,1603758999,neutral
j3db8f,redditrequest,post,1601573945,neutral
j8anp5,redditrequest,post,1602289190,neutral
jil9a5,redditrequest,post,1603740346,neutral
j3cpgk,redditrequest,post,1601572132,neutral
jlnh3n,redditrequest,post,1604169025,neutral
jkgvfl,runescape,post,1603999819,neutral
j9sej9,saudiarabia,post,1602514756,neutral
j6iwy5,teenagers,post,1602038037,negative
j59d64,wallstreetbets,post,1601856001,negative
ja3l0e,Advice,post,1602551242,neutral
jbq2t7,AtlantaHawks,post,1602776860,neutral
jg1q5g,BABYMETAL,post,1603380410,neutral
j8ml35,CoDCompetitive,post,1602344396,negative
jb83pr,GoForGold,post,1602705113,neutral
jk6ihz,OreGairuSNAFU,post,1603961479,neutral
jfht7i,Republican,post,1603302585,negative
jf1zyp,ThickDick,post,1603238831,neutral
jjb04j,ThickDick,post,1603836090,negative
jc73m2,TrollYChromosome,post,1602842180,negative
jcnnqg,TwoSentenceHorror,post,1602903358,neutral
j30a2x,UGA,post,1601520190,negative
jdzv9y,asktransgender,post,1603106813,neutral
j9q2cv,copypasta,post,1602506080,negative
jdbj9x,dadjokes,post,1603003344,neutral
jixjiz,dankmemes,post,1603788525,neutral
j5qa34,forhonor,post,1601926790,neutral
j93lb6,forhonor,post,1602414536,negative
j940ue,forhonor,post,1602416767,negative
jjem6y,forhonor,post,1603848512,negative
j3pzv0,forsen,post,1601622324,neutral
j3zyak,forsen,post,1601662956,neutral
j4dqtf,forsen,post,1601721937,neutral
j4dzt1,forsen,post,1601723293,neutral
j4h6ov,forsen,post,1601739828,negative
j5tgdk,forsen,post,1601937191,neutral
j6agvc,forsen,post,1602008670,neutral
jaelr7,forsen,post,1602599578,neutral
jamjv4,forsen,post,1602623419,neutral
jbdkhl,forsen,post,1602723172,negative
jbdlaj,forsen,post,1602723256,neutral
jcy9y7,forsen,post,1602952345,neutral
jd34tb,forsen,post,1602968621,neutral
je337h,forsen,post,1603119230,neutral
jh6zu1,forsen,post,1603536890,neutral
jimo8y,forsen,post,1603744557,neutral
jkwtd8,forsen,post,1604064768,neutral
jlk0oq,forsen,post,1604157181,neutral
jh77v9,legostarwars,post,1603538068,neutral
jfol6s,leopardgeckos,post,1603324136,neutral
jl0lpi,memes,post,1604077171,negative
j5a8a7,neoliberal,post,1601859494,neutral
jhy7de,nukedmemes,post,1603650132,negative
jlsl80,paydaytheheist,post,1604187667,negative
jdukat,playrust,post,1603079186,negative
j9sagy,popping,post,1602514370,positive
j3puj9,redditrequest,post,1601621484,neutral
j7jjom,redditrequest,post,1602184877,neutral
jgdone,teenagers,post,1603418126,negative
j59zm9,teenagers,post,1601858512,neutral
jepuj1,AMA,post,1603201804,neutral
jaycol,EASportsUFC,post,1602672363,negative
jgtr6q,Falcom,post,1603480638,neutral
jcu8hh,Ferrari,post,1602937520,positive
j97ez3,GiftofGames,post,1602430303,neutral
jifjcs,GreenBayPackers,post,1603722542,neutral
j7z49i,Gunners,post,1602250826,neutral
jkwq30,ModSupport,post,1604064434,neutral
j9lzr2,ModSupport,post,1602485253,negative
jbzau9,Nerf,post,1602806591,positive
jf1i2n,NewTubers,post,1603237141,positive
jcdqj3,RealLifeShinies,post,1602867900,neutral
j3sqgc,TooAfraidToAsk,post,1601637784,positive
j41xpn,TooAfraidToAsk,post,1601669207,neutral
j4208p,TooAfraidToAsk,post,1601669434,neutral
j424i0,TooAfraidToAsk,post,1601669833,neutral
j425od,TooAfraidToAsk,post,1601669936,neutral
j5ednt,TooAfraidToAsk,post,1601878403,negative
j7mnjz,TooAfraidToAsk,post,1602194911,negative
jccaqd,TooAfraidToAsk,post,1602863440,neutral
jimboo,TooAfraidToAsk,post,1603743491,negative
jjb80n,WatchRedditDie,post,1603836781,negative
jd824c,autism,post,1602987330,negative
j6rc0o,dankmemes,post,1602079203,neutral
j9i0rs,discordapp,post,1602467286,negative
jjygu7,discordapp,post,1603926622,neutral
jdcr4r,finance,post,1603010001,neutral
jhegxn,forsen,post,1603565874,neutral
j7b2ai,modhelp,post,1602155077,neutral
jgyvv4,musicals,post,1603497755,positive
jab3of,rant,post,1602586692,negative
j7ff7p,raspberry_pi,post,1602171949,neutral
ji3vop,redditrequest,post,1603669369,neutral
j5k7e2,redditrequest,post,1601907509,neutral
j7c1tc,redditrequest,post,1602159753,neutral
j7ny8h,redditrequest,post,1602199376,neutral
jfsp57,teenagers,post,1603339964,neutral
j8c5gm,unpopularopinion,post,1602295260,negative
j7gwy7,vegan,post,1602176629,negative
ja5jt6,vegan,post,1602559101,negative
jbxkh1,vegan,post,1602800220,negative
jfobqm,vegan,post,1603323198,neutral
jjc489,vegan,post,1603839668,neutral
jj6xhh,wallstreetbets,post,1603823793,neutral
jes76d,woooosh,post,1603209000,neutral
jkfyfx,AusFinance,post,1603997019,negative
j52hd5,CasualConversation,post,1601831465,negative
jkg0k8,CasualConversation,post,1603997201,negative
jjeyji,Femdom,post,1603849797,positive
jckzuc,LonghornNation,post,1602892361,neutral
jenmi5,RPDRDRAMA,post,1603193327,negative
jdm9pc,TheLastAirbender,post,1603048458,neutral
j7z27i,Twitch,post,1602250621,neutral
ja313r,WatchRedditDie,post,1602549037,neutral
j85lad,appletv,post,1602271826,neutral
jco9uj,argentina,post,1602906193,neutral
jf4kjn,australia,post,1603248000,negative
jb2tft,chelseafc,post,1602689307,neutral
j4blzq,circlejerk,post,1601709771,neutral
jfc9i2,circlejerk,post,1603284980,negative
j3ntc7,facepalm,post,1601611698,negative
j3xsoy,fivenightsatfreddys,post,1601656282,neutral
j44mpi,fivenightsatfreddys,post,1601678569,negative
j48ozp,fivenightsatfreddys,post,1601695532,negative
jd8io3,fivenightsatfreddys,post,1602989168,negative
jgvqv3,fivenightsatfreddys,post,1603487002,neutral
j9og15,gonewild,post,1602498340,negative
j7etnb,gonewild,post,1602169974,neutral
jkvutf,horrorlit,post,1604061063,negative
j5z7a9,mildlyinfuriating,post,1601960595,neutral
jf1iou,nier,post,1603237194,negative
j9280m,redditrequest,post,1602407364,neutral
j74dyk,redditrequest,post,1602122650,neutral
jffmwm,redditrequest,post,1603296028,neutral
j4yw2s,teenagers,post,1601817928,neutral
j86gay,tifu,post,1602274610,neutral
ji7s4u,vegancirclejerk,post,1603684595,negative
j6jwgy,worldpolitics,post,1602042251,negative
jjn72m,ADHD,post,1603889727,positive
jh2ip2,AutoModerator,post,1603512681,neutral
ji26eg,BokuNoHeroAcademia,post,1603663290,negative
jjyze6,CombatFootage,post,1603927848,negative
jdc6id,CryptoCurrency,post,1603006840,negative
jhgkps,CryptoCurrency,post,1603573050,neutral
jao39s,ModSupport,post,1602628275,neutral
jlc7m5,Philippines,post,1604118178,negative
jj176i,RelayForReddit,post,1603805647,neutral
jd1z5m,RepLadies,post,1602964646,neutral
jk5s46,RimWorld,post,1603957127,negative
j31b4x,Showerthoughts,post,1601524425,negative
j4lz3n,Showerthoughts,post,1601756276,neutral
j4lzg1,Showerthoughts,post,1601756308,negative
j4lzpq,Showerthoughts,post,1601756335,negative
j4u9nk,Showerthoughts,post,1601792130,negative
j4wo1u,Showerthoughts,post,1601806353,negative
j4wogt,Showerthoughts,post,1601806410,negative
j568kd,Showerthoughts,post,1601844306,negative
j5w9yj,Showerthoughts,post,1601947966,negative
j64r8z,Showerthoughts,post,1601989825,negative
j77ai8,Showerthoughts,post,1602134284,negative
j7fpvv,Showerthoughts,post,1602172879,negative
j88c9j,Showerthoughts,post,1602280842,negative
j8jauo,Showerthoughts,post,1602331373,negative
j97xig,Showerthoughts,post,1602432014,neutral
ja8vh1,Showerthoughts,post,1602574969,neutral
jb0ak9,Showerthoughts,post,1602680762,neutral
jc22er,Showerthoughts,post,1602817670,negative
jcahyz,Showerthoughts,post,1602857462,negative
jcimfv,Showerthoughts,post,1602883790,negative
jcupjs,Showerthoughts,post,1602939639,negative
jcwhgv,Showerthoughts,post,1602946365,neutral
jcwhza,Showerthoughts,post,1602946416,neutral
jcwi48,Showerthoughts,post,1602946429,neutral
je31nh,Showerthoughts,post,1603119090,negative
jg3pgf,Showerthoughts,post,1603386298,negative
jganfd,Showerthoughts,post,1603407286,negative
jgyxe1,Showerthoughts,post,1603497909,negative
jhq2sc,Showerthoughts,post,1603614636,negative
ji1vuw,Showerthoughts,post,1603662298,neutral
jklv7d,Showerthoughts,post,1604015613,neutral
jkpp6z,Showerthoughts,post,1604029716,positive
j6sepo,awfuleverything,post,1602082847,negative
jh04xr,booty,post,1603502667,negative
j5ypkb,coolguides,post,1601958240,negative
jilr27,coys,post,1603741786,neutral
jiogs3,coys,post,1603749968,negative
j3hdjt,dankmemes,post,1601586557,neutral
j5b9a7,insanepeoplefacebook,post,1601863738,negative
jl1sju,linux,post,1604080865,neutral
jk8xh2,loseit,post,1603973803,neutral
jfotbn,randomactsofkindness,post,1603324949,neutral
je31oz,rant,post,1603119094,negative
j7sufx,redditrequest,post,1602219038,neutral
jkcvkv,redditrequest,post,1603987651,neutral
je8196,redditrequest,post,1603133802,neutral
jf5l6h,redditrequest,post,1603252061,neutral
jk0s9b,redditrequest,post,1603934306,negative
jka3dx,redditrequest,post,1603978400,neutral
j51bvm,redditrequest,post,1601827395,neutral
jhs64n,sysadmin,post,1603626882,neutral
jc3atb,teenagers,post,1602822683,neutral
jeyh09,teenagers,post,1603227500,neutral
jf1vt5,teenagers,post,1603238436,negative
jg57ue,teenagers,post,1603390823,negative
jhr5cj,teenagers,post,1603621011,negative
j37sot,unpopularopinion,post,1601556061,negative
j3e83r,unpopularopinion,post,1601576740,negative
j3fb5v,unpopularopinion,post,1601580134,negative
j3fce6,unpopularopinion,post,1601580233,negative
j3i17n,unpopularopinion,post,1601588720,negative
j3lvvj,unpopularopinion,post,1601603435,negative
j3lyfo,unpopularopinion,post,1601603730,negative
j3zkv0,unpopularopinion,post,1601661800,negative
j4ti05,unpopularopinion,post,1601787963,negative
j4tklq,unpopularopinion,post,1601788347,negative
j54961,unpopularopinion,post,1601837604,negative
j54eoc,unpopularopinion,post,1601838104,negative
j54iy8,unpopularopinion,post,1601838499,negative
j5abfx,unpopularopinion,post,1601859834,neutral
j5ppnq,unpopularopinion,post,1601924998,negative
j5y57t,unpopularopinion,post,1601955737,negative
j6ap37,unpopularopinion,post,1602009369,negative
j6jtwx,unpopularopinion,post,1602041958,negative
j6r68t,unpopularopinion,post,1602078605,negative
j6riko,unpopularopinion,post,1602079819,neutral
j6s8yx,unpopularopinion,post,1602082309,negative
j6y1cc,unpopularopinion,post,1602100325,negative
j7f54c,unpopularopinion,post,1602171036,negative
j7jmpm,unpopularopinion,post,1602185139,negative
j7jnnv,unpopularopinion,post,1602185225,negative
j7jvm1,unpopularopinion,post,1602185890,negative
j7texi,unpopularopinion,post,1602221862,negative
j7z84h,unpopularopinion,post,1602251199,negative
j8c1jk,unpopularopinion,post,1602294800,negative
j8c85u,unpopularopinion,post,1602295563,neutral
j8uhm7,unpopularopinion,post,1602371742,negative
j8uikd,unpopularopinion,post,1602371845,negative
j8vmvk,unpopularopinion,post,1602376181,negative
j93ss9,unpopularopinion,post,1602415632,negative
j9dvtr,unpopularopinion,post,1602451582,negative
ja8ox0,unpopularopinion,post,1602573975,neutral
jajv5t,unpopularopinion,post,1602615352,negative
jamagg,unpopularopinion,post,1602622636,negative
jb7r89,unpopularopinion,post,1602704129,negative
jbeojm,unpopularopinion,post,1602727347,negative
jbkjqb,unpopularopinion,post,1602755219,neutral
jbv8hn,unpopularopinion,post,1602792545,negative
jc3s9o,unpopularopinion,post,1602824969,negative
jcmmp7,unpopularopinion,post,1602898941,negative
jcn5b0,unpopularopinion,post,1602901120,negative
jcp5by,unpopularopinion,post,1602910327,negative
jcp6a4,unpopularopinion,post,1602910450,negative
jcp6o8,unpopularopinion,post,1602910507,negative
jcrkd4,unpopularopinion,post,1602923697,negative
jcrq6l,unpopularopinion,post,1602924629,negative
jcuvpo,unpopularopinion,post,1602940352,negative
jd0uo9,unpopularopinion,post,1602960849,positive
je1s96,unpopularopinion,post,1603114690,negative
jebjnn,unpopularopinion,post,1603143774,negative
jelre5,unpopularopinion,post,1603184253,negative
jf2fsa,unpopularopinion,post,1603240360,negative
jfyw5l,unpopularopinion,post,1603370565,negative
jggsx0,unpopularopinion,post,1603430202,negative
jgox68,unpopularopinion,post,1603465786,negative
jhdaw4,unpopularopinion,post,1603561935,negative
jhe548,unpopularopinion,post,1603564781,negative
jhhpxz,unpopularopinion,post,1603577005,negative
jhye2o,unpopularopinion,post,1603650754,negative
jhyfk1,unpopularopinion,post,1603650894,negative
ji1gvc,unpopularopinion,post,1603660897,negative
ji6859,unpopularopinion,post,1603678160,negative
jiob9s,unpopularopinion,post,1603749488,negative
jiroho,unpopularopinion,post,1603761121,neutral
jjgqku,unpopularopinion,post,1603856786,negative
jjj8cx,unpopularopinion,post,1603869210,negative
j9mfke,TooAfraidToAsk,post,1602487674,negative
jef521,TrueOffMyChest,post,1603155422,negative
jh4q8p,WhitePeopleTwitter,post,1603523798,neutral
jf5tfy,australia,post,1603253027,neutral
j9rfi0,aww,post,1602511367,neutral
j48tgd,cakeday,post,1601696072,positive
j97eg7,conspiracy,post,1602430253,negative
jhf5ck,dankmemes,post,1603568144,negative
j9phdi,dankmemes,post,1602503581,negative
jcw315,dankmemes,post,1602944985,negative
j99x97,dankmemes,post,1602438645,neutral
jio7is,falcons,post,1603749158,neutral
j45ti5,memes,post,1601683226,neutral
j402fz,needamod,post,1601663324,neutral
ja5wum,nfl,post,1602560656,negative
jl6wej,oddlysatisfying,post,1604097571,negative
jl77uh,oddlysatisfying,post,1604098698,positive
jbje6c,redditmobile,post,1602748861,negative
jhzcvk,redditrequest,post,1603653954,neutral
ja3ncj,redditrequest,post,1602551501,neutral
j8mv0y,redditrequest,post,1602345352,negative
jdyri0,redditrequest,post,1603100973,neutral
jf8iv7,redditrequest,post,1603266180,neutral
j9djq4,redditrequest,post,1602450413,neutral
jda94w,unpopularopinion,post,1602996827,negative
jhhmry,2007scape,post,1603576707,neutral
j3djfm,AskReddit,post,1601574637,neutral
j6deyu,AskWomen,post,1602017717,negative
jdtr00,CHIBears,post,1603075681,negative
j5tuw7,FortNiteBR,post,1601938633,negative
jbff5o,ModSupport,post,1602730198,neutral
j7ppj7,Music,post,1602205855,negative
j6r3ww,agt,post,1602078367,negative
j6bn5y,brasil,post,1602012261,neutral
j7f0xo,dankmemes,post,1602170646,neutral
jkthw3,discordapp,post,1604049433,neutral
j9k66i,gamegrumps,post,1602476424,neutral
jj90xn,grunge,post,1603830038,neutral
j86sf6,makinghiphop,post,1602275672,neutral
jfy9oq,miamidolphins,post,1603368036,neutral
jb09s3,modhelp,post,1602680682,neutral
jb2psp,modhelp,post,1602688992,neutral
ji165p,nfl,post,1603659896,negative
j6tthu,redditrequest,post,1602087406,neutral
j3wv8l,redditrequest,post,1601653374,neutral
jbh5yw,redditrequest,post,1602737599,neutral
jigzll,redditrequest,post,1603727398,neutral
je2wlz,redditrequest,post,1603118614,neutral
j7otus,redditrequest,post,1602202539,neutral
jd07gg,redditrequest,post,1602958700,neutral
jgu1qx,sadboys,post,1603481571,negative
ja8nf9,skeptic,post,1602573745,neutral
jhue2x,southcarolina,post,1603636837,neutral
j547zg,teenagers,post,1601837494,neutral
j6dcts,teenagers,post,1602017528,neutral
jj1tkf,teenagers,post,1603807837,neutral
jbqb5k,teenagers,post,1602777581,negative
jfks66,gardening,post,1603311524,neutral
j3eiq2,gonewild,post,1601577656,positive
jc2vi5,guro,post,1602820952,neutral
j70023,hentai,post,1602106646,negative
j701cc,hentai,post,1602106765,negative
j7gaoo,hentai,post,1602174692,neutral
jetyyj,hentai,post,1603214143,negative
jdsuu9,iamverybadass,post,1603071986,neutral
j37s5w,memes,post,1601556004,negative
j7eirg,mildlyinfuriating,post,1602169011,negative
jhptgw,modhelp,post,1603613098,neutral
j6by20,motorcycles,post,1602013192,negative
j897ig,needamod,post,1602283855,neutral
jfb1l7,redditrequest,post,1603279780,neutral
j3vuw9,redditrequest,post,1601650155,neutral
ja5lvg,redditrequest,post,1602559343,neutral
j91205,redditrequest,post,1602400974,neutral
jjopib,roblox,post,1603895162,neutral
j4574j,shield,post,1601680752,neutral
j82o3m,teenagers,post,1602262485,negative
j82qni,teenagers,post,1602262707,negative
j36nl6,xbox,post,1601551214,neutral
jhqvsz,youtube,post,1603619495,negative
ja30oz,Astros,post,1602548992,neutral
j3up64,BigBrother,post,1601646216,positive
jhs451,Christianity,post,1603626576,neutral
jeldyu,DoesNotTranslate,post,1603182282,neutral
j416g9,LivestreamFail,post,1601666804,negative
j5qslg,Logic_301,post,1601928413,negative
jgj8ux,Oxygennotincluded,post,1603441970,neutral
j4t9km,Plumbing,post,1601786756,negative
j96nao,TopMindsOfReddit,post,1602427631,negative
jh0ztx,Twitch,post,1603506170,neutral
j3nw3z,assholedesign,post,1601612039,negative
jfo7sn,assholedesign,post,1603322813,negative
jg4sg5,beta,post,1603389550,neutral
jdrie2,breathinginformation,post,1603066606,neutral
jl9lbz,brisbane,post,1604107421,positive
j9tbjm,college,post,1602517640,neutral
jjbedn,copypasta,post,1603837346,negative
jfca7o,dankmemes,post,1603285060,negative
jlfmed,dankmemes,post,1604137447,negative
j5nrip,deadbydaylight,post,1601918974,negative
j58pfr,findareddit,post,1601853361,negative
j5af40,findareddit,post,1601860240,negative
jiltrx,findareddit,post,1603742012,negative
jhj006,fivenightsatfreddys,post,1603581696,negative
jhydgh,help,post,1603650697,negative
jg8g0w,lordoftherings,post,1603400263,positive
j5zcyj,malaysia,post,1601961384,neutral
jj3ep3,modclub,post,1603812996,negative
jbzznr,needamod,post,1602809306,neutral
jlfk8v,rant,post,1604137120,negative
jh5pdu,redditrequest,post,1603529454,neutral
jbgyf1,thalassophobia,post,1602736598,negative
jd4xi2,ufc,post,1602975059,negative
jd6zqx,waifuism,post,1602982981,neutral
jf2b7e,wallstreetbets,post,1603239917,negative
j5n6om,wholesomememes,post,1601917177,positive
j8fzn6,wholesomememes,post,1602313153,positive
jc85jq,wholesomememes,post,1602847845,neutral
jh8iep,wholesomememes,post,1603544420,neutral
jjtha7,wholesomememes,post,1603910024,negative
jef5g9,Asexual,post,1603155457,neutral
j4f2wu,AskReddit,post,1601732044,negative
j4f3m5,AskReddit,post,1601732127,negative
jgeiv2,BHMGoneWild,post,1603421216,neutral
jjz7oi,DBZDokkanBattle,post,1603928625,positive
jas46j,JustUnsubbed,post,1602642789,negative
j5exed,LifeProTips,post,1601881489,neutral
jcwl9p,LifeProTips,post,1602946730,neutral
jketar,LifeProTips,post,1603993587,negative
ji0fdp,LivestreamFail,post,1603657461,positive
jdi46q,PewdiepieSubmissions,post,1603034620,neutral
jj6z4m,RandomActsofCards,post,1603823925,positive
jkenhn,RandomActsofCards,post,1603993103,positive
jkquls,RobinHood,post,1604034871,negative
jkrd5d,RobinHood,post,1604037487,neutral
jkoxjc,RocketLeagueExchange,post,1604026623,neutral
jgd7q3,Showerthoughts,post,1603416375,negative
jkimze,askphilosophy,post,1604005221,neutral
jbgwm7,binance,post,1602736377,negative
j62qz0,biology,post,1601980519,neutral
jenmoa,dankmemes,post,1603193351,neutral
jkqbju,dankmemes,post,1604032373,negative
j6y89r,discordapp,post,1602100916,negative
j4yvp1,europe,post,1601817877,negative
jawp4o,europe,post,1602663591,negative
jawq68,europe,post,1602663744,negative
jjljge,europe,post,1603882299,negative
jk6yxi,europe,post,1603964046,negative
jk6zk4,europe,post,1603964144,negative
jks1ps,europe,post,1604041212,negative
jl3t6q,europe,post,1604087313,negative
jlg4xr,europe,post,1604140193,negative
j7rd7m,fo4,post,1602212404,negative
jcdjcz,ihavesex,post,1602867286,negative
j8mb5s,lakers,post,1602343414,negative
j9i6zp,lakers,post,1602467999,neutral
jbhjqz,lakers,post,1602739388,neutral
jbuttr,lakers,post,1602791300,neutral
j3e5uh,lgbt,post,1601576547,neutral
jcns69,modhelp,post,1602903905,neutral
jgxk0o,outlast,post,1603492927,neutral
j5j80j,pokemon,post,1601903846,neutral
jdq57k,progressive_islam,post,1603061439,neutral
j845d3,redditrequest,post,1602267144,neutral
jge0ic,redditrequest,post,1603419313,neutral
jfcfpi,redditrequest,post,1603285618,neutral
j7cj05,redditrequest,post,1602161773,neutral
jbs6sm,redditrequest,post,1602783184,neutral
jlgue2,redditrequest,post,1604143854,neutral
jbmh41,redditrequest,post,1602764405,neutral
jlitrv,redditrequest,post,1604152767,neutral
jgf0z5,redditrequest,post,1603423091,neutral
jb8faa,teenagers,post,1602706072,neutral
jl2cfr,teenagers,post,1604082649,neutral
j90snk,themountaingoats,post,1602399644,negative
jdouzm,trailrunning,post,1603056979,neutral
jkehja,unitedkingdom,post,1603992616,neutral
jl6jyf,watch_dogs,post,1604096385,negative
jex73v,3amjokes,post,1603223545,neutral
jb9oer,AMA,post,1602709803,neutral
j3oeeg,AskMen,post,1601614456,neutral
j8d911,AskMen,post,1602299918,neutral
j9eeoe,BattleCatsCheats,post,1602453384,neutral
jhq21k,Brawlstars,post,1603614515,neutral
j3vbw0,Christianity,post,1601648387,negative
j64a9c,Cricket,post,1601987912,negative
jg19ha,DynastyFF,post,1603378926,negative
jeqs2c,FellowKids,post,1603204748,negative
jcmxam,FortNiteBR,post,1602900161,negative
jfhy66,Gunners,post,1603303002,positive
jcvwei,Instagram,post,1602944324,negative
jlahss,OnePiece,post,1604110955,neutral
jkodyg,PBSOD,post,1604024582,negative
j3v3ck,RepTime,post,1601647574,neutral
j3oyw8,TopMindsOfReddit,post,1601616961,neutral
jl3g9l,Twitch,post,1604086148,neutral
jhw9bi,conspiracy,post,1603643434,neutral
jj19pv,cscareerquestions,post,1603805911,neutral
jjw4ro,ideasfortheadmins,post,1603918352,neutral
jkwsah,mathematics,post,1604064658,negative
jl28pj,pics,post,1604082310,negative
j3h974,politics,post,1601586178,neutral
jaivyn,redditrequest,post,1602612469,neutral
j5wr95,redditrequest,post,1601949914,neutral
je44tr,redditrequest,post,1603122526,neutral
jkbrxv,redditrequest,post,1603984187,neutral
jcawmv,redditrequest,post,1602858884,neutral
j8yoyl,redditrequest,post,1602389230,neutral
jfeuhx,redditrequest,post,1603293582,neutral
j5obq3,redditrequest,post,1601920695,neutral
jjtnls,smashbros,post,1603910567,negative
jdqw3u,startrek,post,1603064208,neutral
jga76o,teenagers,post,1603405758,positive
j59krq,troubledteens,post,1601856824,neutral
jkrl78,videos,post,1604038686,negative
j6cwt5,wallstreetbets,post,1602016142,neutral
jfu9dh,6thForm,post,1603347238,negative
jiiydc,AskReddit,post,1603733482,neutral
jbk0i0,Ceramics,post,1602752307,neutral
jgs7gu,ColorBlind,post,1603475876,negative
j7h5bk,G59,post,1602177354,neutral
j4ibt1,LegalAdviceUK,post,1601743583,neutral
jgv9bf,OSU,post,1603485427,neutral
jf8q7m,Persona5,post,1603267318,negative
jf8qqj,Persona5,post,1603267391,negative
jeqfeq,RepLadies,post,1603203657,neutral
jd9tba,Tekken,post,1602994766,negative
jd91cw,Tendies,post,1602991347,negative
jd6inz,TheAvettBrothers,post,1602981098,neutral
jj0z3f,TrueOffMyChest,post,1603804819,negative
jlihxb,WatchRedditDie,post,1604151452,negative
jgy7ve,WhitePeopleTwitter,post,1603495293,negative
jl4uwu,bonehurtingjuice,post,1604090663,negative
j6qyq3,dankmemes,post,1602077860,neutral
jknjhj,destiny2,post,1604021523,negative
jfmtt8,discexchange,post,1603318000,neutral
j7n86p,engineering,post,1602196840,positive
jct7ei,help,post,1602932493,neutral
jbipkr,horror,post,1602745181,neutral
j4qj69,islam,post,1601774112,positive
j5idbl,leagueoflegends,post,1601900408,negative
jgefeh,liberalgunowners,post,1603420848,positive
jl28e1,liberalgunowners,post,1604082281,neutral
ji73fm,misc,post,1603681633,negative
j7wrnq,notinteresting,post,1602240684,negative
j4cv1q,orangetheory,post,1601716995,neutral
j4uxoh,orangetheory,post,1601796094,neutral
j5e0dq,orangetheory,post,1601876407,neutral
j8xoy7,orangetheory,post,1602384720,neutral
j9kyq2,orangetheory,post,1602480032,neutral
jd8i6d,orangetheory,post,1602989111,neutral
jdvn5q,orangetheory,post,1603084161,neutral
jhlmun,orangetheory,post,1603592270,neutral
ji7hmd,orangetheory,post,1603683323,neutral
jaaa68,redditrequest,post,1602582675,neutral
j6isom,redditrequest,post,1602037563,neutral
j8iwwr,redditrequest,post,1602329411,neutral
j7qe8v,redditrequest,post,1602208501,neutral
ja9kuh,redditrequest,post,1602578937,neutral
jflgjp,redditrequest,post,1603313647,neutral
j8z25z,uwaterloo,post,1602390940,neutral
j95u02,uwaterloo,post,1602424693,neutral
j5yszi,whatcarshouldIbuy,post,1601958684,neutral
jlj56s,Boxing,post,1604153989,neutral
jiy5xo,CrackWatch,post,1603792054,neutral
jgefop,DragonsDogma,post,1603420882,neutral
j59bbl,FreeKarma4U,post,1601855790,negative
j6y1dg,FreeKarma4U,post,1602100327,neutral
jbdfhk,FreeKarma4U,post,1602722673,negative
ji8bpm,FreeKarma4U,post,1603687034,negative
ji8c4l,FreeKarma4U,post,1603687080,negative
jl8uj1,FreeKarma4U,post,1604104580,negative
jl8ut3,FreeKarma4U,post,1604104607,negative
jhv41n,Heavymind,post,1603639431,negative
jbdzfd,JustUnsubbed,post,1602724730,negative
j7vq6k,LetItDie,post,1602234771,neutral
jh001y,Music,post,1603502109,neutral
jd1e3o,Reno,post,1602962638,neutral
j74hwn,WatchRedditDie,post,1602123067,negative
jkkfqd,admincraft,post,1604010839,neutral
j4seap,asktransgender,post,1601782481,neutral
j6eqhe,awfuleverything,post,1602022128,negative
j4cttv,brisbane,post,1601716797,negative
j5b8ii,coolguides,post,1601863647,negative
jdxjs0,dankmemes,post,1603094009,neutral
j5893q,deadcells,post,1601851635,negative
jjpwao,funny,post,1603899025,neutral
j38tt7,guitarpedals,post,1601559876,negative
jk06qj,guitarpedals,post,1603932104,neutral
jcgfld,ideasfortheadmins,post,1602876279,neutral
j8ddp1,immigration,post,1602300483,negative
j58a5t,keming,post,1601851750,neutral
jkeyyy,lexington,post,1603994068,neutral
jf9svo,linux,post,1603273354,negative
jf9tys,linux,post,1603273518,neutral
j3wx5l,memes,post,1601653542,neutral
j9ldo8,needamod,post,1602482048,neutral
jb87y5,redditrequest,post,1602705478,neutral
j7k1ls,shiba,post,1602186411,neutral
jalto3,teenagers,post,1602621210,negative
jkxyiv,watch_dogs,post,1604068736,negative
j77e0i,AMA,post,1602134755,neutral
j4c07y,AskReddit,post,1601712151,negative
j3n5wy,AutoModerator,post,1601608811,neutral
jk8z2i,BigBrother,post,1603974006,negative
jkmiay,China,post,1604017839,negative
j4yh31,CitiesSkylines,post,1601816033,negative
jbk04s,FreeSpeech,post,1602752244,negative
jleq4o,LiverpoolFC,post,1604131987,neutral
jd8dbp,PhantomForces,post,1602988568,negative
je2re1,PrequelMemes,post,1603118140,negative
jc3yqx,SkincareAddiction,post,1602825766,neutral
jfhsy5,Skullgirls,post,1603302564,neutral
j8vpzl,TeamSolomid,post,1602376544,neutral
j3dtsc,civ,post,1601575508,positive
jg137d,conspiracy,post,1603378371,negative
jdqaxb,coys,post,1603062029,positive
jcogxv,forsen,post,1602907094,neutral
jg7ymq,grool,post,1603398819,neutral
jewntg,ideasfortheadmins,post,1603221908,negative
jk2wzi,ireland,post,1603942631,neutral
j56uf9,leagueoflegends,post,1601846467,neutral
j43jed,memes,post,1601674549,neutral
jj7nov,migraine,post,1603825932,neutral
j9fk4k,oilandgasworkers,post,1602457597,negative
jkypac,rant,post,1604071177,negative
j4x7wq,redditrequest,post,1601809484,neutral
j9o3q0,redditrequest,post,1602496606,neutral
jj12x6,redditrequest,post,1603805215,neutral
jj0hb9,redditrequest,post,1603802960,neutral
jl8yaq,redditrequest,post,1604104973,neutral
j7i4yh,redditrequest,post,1602180418,neutral
jfzwv3,redditrequest,post,1603374365,neutral
j32m7a,replika,post,1601530295,neutral
jcyg8i,sex,post,1602952888,neutral
jlkbey,spotify,post,1604158250,negative
jjiuga,survivor,post,1603867029,neutral
jgpt49,teenagers,post,1603468583,negative
j8f1ce,thebachelor,post,1602308084,neutral
jb8ltj,toastme,post,1602706611,neutral
j3g1n6,wallstreetbets,post,1601582412,negative
j3mnq9,wallstreetbets,post,1601606620,negative
j3oyny,wallstreetbets,post,1601616931,negative
j42nyc,wallstreetbets,post,1601671583,negative
j6d6h1,wallstreetbets,post,1602016965,negative
j6de00,wallstreetbets,post,1602017633,negative
j7o9dd,wallstreetbets,post,1602200486,positive
j7stmp,wallstreetbets,post,1602218923,negative
j85pn4,wallstreetbets,post,1602272203,negative
j88a2u,wallstreetbets,post,1602280630,neutral
j8l59a,wallstreetbets,post,1602339132,neutral
j96b4z,wallstreetbets,post,1602426439,neutral
j9wkuj,wallstreetbets,post,1602527564,negative
jb8r36,wallstreetbets,post,1602707029,negative
jdoh4b,wallstreetbets,post,1603055671,negative
jdohvx,wallstreetbets,post,1603055746,negative
jdqxnb,wallstreetbets,post,1603064373,negative
je6h0d,wallstreetbets,post,1603129444,negative
jeut6v,wallstreetbets,post,1603216598,neutral
jf2lsu,wallstreetbets,post,1603240942,neutral
jf9ifb,wallstreetbets,post,1603271734,neutral
ji441i,wallstreetbets,post,1603670219,neutral
jjoq3a,wallstreetbets,post,1603895224,negative
jju6dq,wallstreetbets,post,1603912178,positive
j51kgm,2007scape,post,1601828259,neutral
jhxtc5,AnarchyChess,post,1603648849,negative
ja2xif,AskReddit,post,1602548628,negative
j4rr7l,AskReddit,post,1601779556,neutral
j3o2p8,Assistance,post,1601612897,neutral
j3uwuh,Colombia,post,1601646980,neutral
jijgc9,Dodgers,post,1603734963,neutral
jh3gci,DotA2,post,1603517041,negative
jkbgl6,FACEITcom,post,1603983165,negative
jeph7g,GoForGold,post,1603200523,neutral
ja22ty,LabourUK,post,1602545397,negative
jez6dh,Persona5,post,1603229604,negative
jfetkv,Persona5,post,1603293500,neutral
j7pybz,Supernatural,post,1602206787,neutral
jl963o,Terraria,post,1604105772,neutral
jdr7xe,WatchRedditDie,post,1603065499,negative
j8td4j,britishproblems,post,1602367577,neutral
j4yw3i,dankmemes,post,1601817931,neutral
jdgdg8,dankmemes,post,1603027837,neutral
ja2438,discworld,post,1602545529,neutral
j3l3yr,emetophobia,post,1601600239,neutral
j744nv,fireemblem,post,1602121679,positive
j4sh38,genderfluid,post,1601782851,neutral
j9qyxc,hawks,post,1602509656,neutral
jgupf6,kratom,post,1603483678,neutral
jgse2a,meme,post,1603476415,neutral
jaf45c,memes,post,1602601164,neutral
j8kkii,nvidia,post,1602336890,neutral
jaefzb,redditrequest,post,1602599089,neutral
jclso2,redditrequest,post,1602895489,neutral
jjed8z,redditrequest,post,1603847568,neutral
jc3t77,redditrequest,post,1602825081,neutral
j6tm56,redditrequest,post,1602086760,neutral
jh23zx,techsupport,post,1603510904,neutral
jjgaqf,theydidthemath,post,1603855000,negative
jjgbq6,theydidthemath,post,1603855119,negative
jeqns1,unpopularopinion,post,1603204387,neutral
jimob7,unpopularopinion,post,1603744563,negative
j33nd0,videos,post,1601535457,negative
j4i4ss,videos,post,1601742957,negative
j4i52x,videos,post,1601742982,negative
ji1c48,videos,post,1603660445,negative
j4lo5f,writers,post,1601755168,positive
jc8qlc,2007scape,post,1602850604,negative
ji5olp,Christianity,post,1603676085,negative
j6fe53,HistoryMemes,post,1602024441,neutral
j6xtyb,HistoryMemes,post,1602099717,negative
jaindk,HistoryMemes,post,1602611788,neutral
jenutk,HistoryMemes,post,1603194316,neutral
jgnlkn,HistoryMemes,post,1603461483,neutral
ji80pq,HistoryMemes,post,1603685648,neutral
jjaf5x,HistoryMemes,post,1603834268,neutral
jkg5a6,HistoryMemes,post,1603997604,negative
jkcmye,LabourUK,post,1603986936,neutral
jht5mh,ModSupport,post,1603631667,negative
j6nw4v,NatureIsFuckingLit,post,1602063308,neutral
japnbf,NoStupidQuestions,post,1602633692,neutral
jf9iyw,Persona5,post,1603271821,negative
jchyx2,Shitty_Car_Mods,post,1602882383,positive
jci00z,Shitty_Car_Mods,post,1602882428,positive
jci0p2,Shitty_Car_Mods,post,1602882457,positive
jevgow,Socialism_101,post,1603218463,negative
jkfcin,badlegaladvice,post,1603995186,negative
jbajiz,badroommates,post,1602712617,negative
j7ekpp,bangalore,post,1602169179,neutral
ji1vg3,cowboys,post,1603662256,negative
je1flb,help,post,1603113339,neutral
j7ngfi,modhelp,post,1602197632,neutral
j77vhp,modhelp,post,1602137168,neutral
j3ghck,nvidia,post,1601583740,positive
j48qbt,nvidia,post,1601695701,negative
j4j9ey,nvidia,post,1601746689,negative
j4jkma,nvidia,post,1601747784,negative
j95wn0,nvidia,post,1602424958,neutral
jb37f8,nvidia,post,1602690493,negative
j5staf,pics,post,1601934964,negative
j5vij9,pics,post,1601944981,negative
jbh37b,projecteternity,post,1602737218,neutral
j7wx8d,rant,post,1602241466,negative
j8pncq,redditrequest,post,1602354783,neutral
jffnve,redditrequest,post,1603296107,negative
jh6fh9,redditrequest,post,1603533712,neutral
j9yxlr,redditrequest,post,1602534754,neutral
jf23cz,redditrequest,post,1603239136,neutral
j93rd1,relationship_advice,post,1602415414,negative
j51ric,relationships,post,1601828963,negative
j5sqd6,roosterteeth,post,1601934694,positive
j9q5cm,runescape,post,1602506440,neutral
j59fb4,teenagers,post,1601856235,neutral
j5a0s9,teenagers,post,1601858636,negative
j5a1hl,teenagers,post,1601858714,negative
j5a2fn,teenagers,post,1601858819,positive
j5a2or,teenagers,post,1601858847,negative
j5a6nq,teenagers,post,1601859299,negative
j5a75h,teenagers,post,1601859359,neutral
j5abhy,teenagers,post,1601859840,negative
jj93ex,woooosh,post,1603830237,negative
j9tvov,2007scape,post,1602519363,negative
jgg5wc,7daystodie,post,1603427507,neutral
j5o4fd,AllThingsTerran,post,1601920074,positive
jfmcfd,Cubers,post,1603316466,negative
jasb7i,FACEITcom,post,1602643526,neutral
jamwq5,NoStupidQuestions,post,1602624515,neutral
jj33lz,Northwestern,post,1603812041,neutral
j6p38r,Petloss,post,1602069897,neutral
j3428a,PrequelMemes,post,1601537458,neutral
jgznu5,PrequelMemes,post,1603500766,neutral
jjgdbv,ShadowBan,post,1603855306,neutral
j8ybf3,Showerthoughts,post,1602387522,neutral
j8yeiz,Showerthoughts,post,1602387916,neutral
j8yeup,Showerthoughts,post,1602387959,neutral
jknlv1,SquaredCircle,post,1604021756,negative
j4s5z4,Switch,post,1601781431,neutral
j4fhlg,TeenMomOGandTeenMom2,post,1601733617,neutral
j3zuys,UnresolvedMysteries,post,1601662670,neutral
jfo52j,annakendrick,post,1603322537,neutral
jfpr8c,answers,post,1603328443,negative
j337oo,benzodiazepines,post,1601533240,neutral
j9d815,benzodiazepines,post,1602449356,neutral
jhe6og,benzodiazepines,post,1603564929,negative
jclv4q,copypasta,post,1602895773,negative
j5163z,cyberpunkgame,post,1601826862,positive
j4apmr,dankmemes,post,1601704693,neutral
j5a9r5,dankmemes,post,1601859657,negative
jbhyhc,dankmemes,post,1602741372,neutral
jbigq9,dankmemes,post,1602743892,neutral
jkc6z0,dankmemes,post,1603985526,neutral
jddviu,economy,post,1603015943,negative
je7bgz,environment,post,1603131831,neutral
jabaml,exjw,post,1602587534,neutral
jcdkd2,exjw,post,1602867377,neutral
jhww7q,exjw,post,1603645662,neutral
jay7v0,factorio,post,1602671703,neutral
jjoywt,help,post,1603896033,negative
j2zo0l,memes,post,1601517781,neutral
j330a8,memes,post,1601532225,neutral
j364o5,memes,post,1601548711,neutral
j3bah0,memes,post,1601567844,neutral
j3di63,memes,post,1601574534,neutral
j3ep88,memes,post,1601578236,negative
j3kczv,memes,post,1601597247,negative
j3lmmi,memes,post,1601602362,neutral
j3o80d,memes,post,1601613610,negative
j3rt7r,memes,post,1601632773,neutral
j3s8r1,memes,post,1601635156,negative
j3sbvy,memes,post,1601635623,negative
j3us7a,memes,post,1601646508,neutral
j3vy7t,memes,post,1601650465,negative
j3ww9k,memes,post,1601653461,negative
j3x6iw,memes,post,1601654379,neutral
j3xhaz,memes,post,1601655290,neutral
j3xj5s,memes,post,1601655455,neutral
j3xta4,memes,post,1601656330,neutral
j3yjyk,memes,post,1601658606,positive
j3yplt,memes,post,1601659109,positive
j43rxq,memes,post,1601675397,negative
j46pzt,memes,post,1601686992,neutral
j46zdk,memes,post,1601688077,neutral
j48ow2,memes,post,1601695518,neutral
j48vnx,memes,post,1601696304,negative
j4e201,memes,post,1601723620,neutral
j4hr4l,memes,post,1601741676,neutral
j4i3k8,memes,post,1601742841,neutral
j4i6d5,memes,post,1601743094,neutral
j4j5u7,memes,post,1601746351,neutral
j4kgj4,memes,post,1601750862,neutral
j4l79u,memes,post,1601753478,negative
j4l8r7,memes,post,1601753615,neutral
j4lac5,memes,post,1601753784,neutral
j4ndi7,memes,post,1601761420,neutral
j4pcly,memes,post,1601769118,neutral
j4r5s5,memes,post,1601776874,negative
j4r8tj,memes,post,1601777229,neutral
j50ci7,memes,post,1601823859,negative
j59ck4,memes,post,1601855932,negative
j5ekku,memes,post,1601879504,negative
j5k8s1,memes,post,1601907640,neutral
j5owzm,memes,post,1601922516,neutral
j5s2cs,memes,post,1601932483,negative
j5u5fk,memes,post,1601939713,neutral
j617hi,memes,post,1601971543,neutral
j61fwg,memes,post,1601972948,neutral
j69sua,memes,post,1602006626,neutral
j6d55m,memes,post,1602016849,negative
j6hfkt,memes,post,1602032144,neutral
j6kfrb,memes,post,1602044601,neutral
j6l6x0,memes,post,1602048122,neutral
j6mboc,memes,post,1602054081,neutral
j6nd10,memes,post,1602060151,neutral
j6pktc,memes,post,1602072280,negative
j6t2ok,memes,post,1602085025,neutral
j6wnhc,memes,post,1602096163,negative
j6wom4,memes,post,1602096259,neutral
j6ygfx,memes,post,1602101612,neutral
j725qm,memes,post,1602114155,neutral
j72x7w,memes,post,1602116973,neutral
j7507z,memes,post,1602124793,neutral
j7rfkt,memes,post,1602212661,negative
j7wbea,memes,post,1602238163,neutral
j81zes,memes,post,1602260295,neutral
j83biy,memes,post,1602264512,neutral
j86q63,memes,post,1602275477,negative
j87vcq,memes,post,1602279251,negative
j8gb3b,memes,post,1602314846,negative
j8js4d,memes,post,1602333592,neutral
j8q9hs,memes,post,1602356832,neutral
j91agl,memes,post,1602402246,neutral
j93p6a,memes,post,1602415112,neutral
j94nts,memes,post,1602419778,negative
j9sgrh,memes,post,1602514942,negative
j9tpyp,memes,post,1602518855,neutral
j9whis,memes,post,1602527278,negative
j9zp4p,memes,post,1602537120,neutral
j9zqey,memes,post,1602537229,neutral
ja051j,memes,post,1602538505,negative
ja0h9z,memes,post,1602539664,neutral
ja8tny,memes,post,1602574701,neutral
ja9jhm,memes,post,1602578710,negative
jafl75,memes,post,1602602600,negative
jahci2,memes,post,1602607900,negative
jahi5o,memes,post,1602608362,negative
jaiamv,memes,post,1602610700,negative
japbyu,memes,post,1602632576,negative
jawbu6,memes,post,1602661547,negative
jayadr,memes,post,1602672064,neutral
jazwrg,memes,post,1602679270,negative
jb2tk9,memes,post,1602689317,negative
jb3jkl,memes,post,1602691503,negative
jb4p1z,memes,post,1602694979,neutral
jbcz0z,memes,post,1602721040,negative
jbhb25,memes,post,1602738248,neutral
jbp6ae,memes,post,1602774065,neutral
jbs52s,memes,post,1602783034,negative
jbtjp7,memes,post,1602787379,negative
jbxmug,memes,post,1602800450,neutral
jc5ggc,memes,post,1602833042,neutral
jc9ape,memes,post,1602852977,neutral
jc9hn2,memes,post,1602853718,neutral
jc9s2s,memes,post,1602854810,neutral
jcaat5,memes,post,1602856775,negative
jcd5ur,memes,post,1602866098,neutral
jcgunc,memes,post,1602877626,negative
jcnbuu,memes,post,1602901887,negative
jcs1af,memes,post,1602926381,neutral
jcu15q,memes,post,1602936582,neutral
jcu6fv,memes,post,1602937264,neutral
jcw4i0,memes,post,1602945137,neutral
jd1vu2,memes,post,1602964332,neutral
jd78f1,memes,post,1602983974,neutral
jdey4b,memes,post,1603021503,neutral
jdhsu9,memes,post,1603033476,neutral
jdqc1f,memes,post,1603062143,negative
jdqyhf,memes,post,1603064464,negative
jdr0j1,memes,post,1603064690,negative
jdxd9x,memes,post,1603093038,neutral
jdzmlf,memes,post,1603105585,negative
je2hj7,memes,post,1603117212,neutral
jeg166,memes,post,1603158593,neutral
jehat9,memes,post,1603163262,neutral
jenx47,memes,post,1603194601,neutral
jeuoo1,memes,post,1603216233,neutral
jfagp4,memes,post,1603276892,neutral
jfbd2a,memes,post,1603281207,neutral
jfd8vq,memes,post,1603288476,neutral
jff2py,memes,post,1603294284,neutral
jfg189,memes,post,1603297216,negative
jfr3ae,memes,post,1603333461,neutral
jfr6vc,memes,post,1603333849,neutral
jfus9b,memes,post,1603349861,negative
jfyl15,memes,post,1603369327,negative
jg3ywx,memes,post,1603387079,neutral
jg91dk,memes,post,1603402029,negative
jgbcte,memes,post,1603409705,neutral
jgm79v,memes,post,1603456297,negative
jgmb2x,memes,post,1603456711,negative
jgoa8q,memes,post,1603463769,negative
jgp76g,memes,post,1603466667,negative
jgsa30,memes,post,1603476091,neutral
jh53bj,memes,post,1603525907,neutral
jh5g0r,memes,post,1603527890,positive
jh6u6y,memes,post,1603536035,neutral
jhcbbl,memes,post,1603558566,positive
jhcei1,memes,post,1603558868,positive
jhdn8p,memes,post,1603563105,positive
jhepdy,memes,post,1603566651,negative
jhfj0l,memes,post,1603569429,neutral
jhlig6,memes,post,1603591741,neutral
jhlo1m,memes,post,1603592419,neutral
jhx39i,memes,post,1603646341,neutral
jhzu8i,memes,post,1603655559,negative
ji2ne6,memes,post,1603664924,negative
ji4h0z,memes,post,1603671508,negative
ji5ytp,memes,post,1603677171,neutral
ji7de9,memes,post,1603682818,neutral
ji9gae,memes,post,1603692683,negative
ji9gu9,memes,post,1603692758,negative
ji9h6n,memes,post,1603692811,neutral
ji9hjf,memes,post,1603692873,neutral
jicb63,memes,post,1603709091,neutral
jicqek,memes,post,1603711214,negative
jiq3p1,memes,post,1603755487,neutral
jixfew,memes,post,1603787881,neutral
jizgyh,memes,post,1603798643,negative
jj1hla,memes,post,1603806698,neutral
jj5t0u,memes,post,1603820388,neutral
jj7259,memes,post,1603824170,neutral
jja45x,memes,post,1603833288,negative
jjaeqp,memes,post,1603834230,positive
jjcq0n,memes,post,1603841702,negative
jjif47,memes,post,1603864752,negative
jjlmdr,memes,post,1603882726,neutral
jjpr7z,memes,post,1603898561,neutral
jjrm4h,memes,post,1603904380,negative
jjt2kf,memes,post,1603908766,neutral
jjt8w1,memes,post,1603909319,neutral
jjti4c,memes,post,1603910089,neutral
jjufd9,memes,post,1603912969,negative
jjxvv6,memes,post,1603923905,neutral
jk5bb7,memes,post,1603954470,negative
jk7852,memes,post,1603965489,neutral
jkgezf,memes,post,1603998407,neutral
jki5bu,memes,post,1604003745,neutral
jkm8h1,memes,post,1604016865,neutral
jkvvse,memes,post,1604061170,negative
jl266w,memes,post,1604082085,negative
jlfehz,memes,post,1604136170,negative
jlicb8,memes,post,1604150809,negative
jllxm0,memes,post,1604163788,neutral
j3bz7s,newjersey,post,1601569948,neutral
ji9my2,oculus,post,1603693736,negative
j6zgt9,rant,post,1602104864,negative
jgz88o,redditrequest,post,1603499049,neutral
j72x65,redditrequest,post,1602116969,neutral
j5de0g,redditrequest,post,1601873304,neutral
j7vjvv,redditrequest,post,1602233788,neutral
jhg2xq,redditrequest,post,1603571320,neutral
jglcoi,redditrequest,post,1603452689,neutral
j71wwn,sixthworldproblems,post,1602113263,negative
jehy5e,AerospaceEngineering,post,1603165754,neutral
jgld7v,AskReddit,post,1603452758,neutral
j9b433,AskReddit,post,1602442544,negative
je53js,AskReddit,post,1603125369,neutral
jdy2tv,AskReddit,post,1603097053,neutral
jdy447,AskReddit,post,1603097268,neutral
j60az5,AutoModerator,post,1601966389,neutral
j3g9me,HistoryMemes,post,1601583071,neutral
jboy9s,Libertarian,post,1602773355,neutral
jldbsc,ModSupport,post,1604123799,neutral
jawmxv,OnePieceTC,post,1602663250,neutral
jdrppy,StarTrekDiscovery,post,1603067412,neutral
jj6hg0,TheLastAirbender,post,1603822426,negative
jjocje,VapePorn,post,1603893909,negative
ji8i9c,XXXTENTACION,post,1603687861,positive
jcmrwa,bigdickproblems,post,1602899557,negative
jkts98,brisbane,post,1604050965,negative
j9d1nb,cigars,post,1602448772,neutral
jbalfb,conspiracy,post,1602712783,negative
j6ya09,dankmemes,post,1602101062,neutral
jhdnvz,dankmemes,post,1603563168,neutral
j8bt5v,dankmemes,post,1602293826,negative
jdkn23,dankmemes,post,1603043110,positive
jdql0e,fo4,post,1603063053,neutral
jl1y4r,geometrydash,post,1604081352,neutral
jkp0pb,gonwild,post,1604026956,negative
j3qi3s,gtavcustoms,post,1601625216,neutral
jh3fuf,halo,post,1603516972,negative
jjmoug,india,post,1603887623,neutral
j495tz,kungfu,post,1601697462,neutral
j3bar7,memes,post,1601567870,negative
jjv4fk,modhelp,post,1603915139,neutral
j48du7,nvidia,post,1601694126,neutral
jklyzm,options,post,1604015972,negative
j86nus,questions,post,1602275272,neutral
j39959,redditrequest,post,1601561352,neutral
jl44j3,redditrequest,post,1604088298,neutral
jbw008,redditrequest,post,1602794935,neutral
jchscl,sex,post,1602880675,neutral
jc3jb1,teenagers,post,1602823778,negative
jdzkzt,teenagers,post,1603105380,neutral
ja1mgq,teenagers,post,1602543706,negative
jji3ig,wallstreetbets,post,1603863083,neutral
jjicnw,wallstreetbets,post,1603864394,neutral
j61nxq,worldpolitics,post,1601974278,negative
j3x96n,yugioh,post,1601654592,positive
j570xj,AccurateBattleSim,post,1601847109,neutral
jihzqi,AccurateBattleSim,post,1603730604,negative
j6v8py,Achievement_Hunter,post,1602091848,neutral
j76ffs,BikiniBottomTwitter,post,1602130432,neutral
jfwch8,BikiniBottomTwitter,post,1603358387,neutral
jgmekj,BikiniBottomTwitter,post,1603457086,negative
j7y7uw,CODZombies,post,1602247307,neutral
jhfk11,DDLC,post,1603569525,neutral
jbs6tz,NarutoBlazing,post,1602783186,positive
jgpjdq,Piracy,post,1603467744,negative
j5gri3,Psychic,post,1601892529,positive
j3avn8,SubredditDrama,post,1601566513,neutral
j6dv0v,TaylorSwift,post,1602019190,neutral
jcqqbb,TaylorSwift,post,1602918781,neutral
jkgros,TopsAndBottoms,post,1603999504,positive
ji7jtr,Twitch,post,1603683599,negative
j5sj65,Twitch,post,1601934028,negative
j61ivj,Twitch,post,1601973433,negative
j7jtld,Twitch,post,1602185724,negative
j7k3ym,Twitch,post,1602186626,negative
j8cztv,Twitch,post,1602298824,negative
j9x9z8,Twitch,post,1602529667,negative
jeke3d,Twitch,post,1603177172,negative
jj5b62,Twitch,post,1603818880,negative
jjifaz,Twitch,post,1603864777,neutral
jkff7p,Twitch,post,1603995413,neutral
jkfhcp,Twitch,post,1603995595,neutral
j6l34i,WatchRedditDie,post,1602047614,negative
jf421e,australia,post,1603246086,negative
jazkdh,bipolar,post,1602677841,positive
jkfjes,botsrights,post,1603995763,negative
j5a9i5,dankmemes,post,1601859630,negative
jgfdik,eagles,post,1603424414,neutral
jgffv9,eagles,post,1603424664,negative
jizhsy,fivenightsatfreddys,post,1603798753,neutral
j7m87k,justneckbeardthings,post,1602193508,negative
ja49w7,memes,post,1602553977,neutral
ji6rw5,raisedbyborderlines,post,1603680351,neutral
jghui3,rant,post,1603435087,negative
j8kf62,redditrequest,post,1602336299,neutral
jick8d,redditrequest,post,1603710364,neutral
jbnniz,redditrequest,post,1602768921,neutral
jhtlik,redditrequest,post,1603633618,neutral
jcqt3a,redditrequest,post,1602919235,neutral
jf4ckq,redditrequest,post,1603247181,neutral
jaed7a,redditrequest,post,1602598851,neutral
j5ki82,selfie,post,1601908574,negative
jecmex,summonerswar,post,1603147037,neutral
jhkea6,teenagers,post,1603587155,neutral
jfi8de,thebachelor,post,1603303843,neutral
jizar4,vmware,post,1603797815,negative
j4ig7k,worldpolitics,post,1601743997,neutral
j4n6fk,Christianity,post,1601760686,neutral
ja8wcn,CriticalTheory,post,1602575103,neutral
jkih4l,CriticalTheory,post,1604004733,neutral
jb7fad,CryptoCurrency,post,1602703069,neutral
jffne1,GreenBayPackers,post,1603296068,neutral
jif2f7,MetalMemes,post,1603720921,neutral
jdw9x9,NBA2k,post,1603087360,negative
j8zpko,NoStupidQuestions,post,1602394066,neutral
ja16a1,Switch,post,1602542097,neutral
jdak9j,TheSilphRoad,post,1602998318,negative
j5ibws,Twitch,post,1601900235,neutral
jfgong,architecture,post,1603299215,neutral
jhee2z,childfree,post,1603565607,negative
j54zr9,circlejerk,post,1601840056,negative
jhu8p4,cyberpunkgame,post,1603636276,negative
j9rv19,dankmemes,post,1602512896,neutral
jcpgzn,dankmemes,post,1602911922,neutral
jf7w89,depressed,post,1603262880,neutral
j58px8,exmuslim,post,1601853412,neutral
j3nspy,facepalm,post,1601611622,negative
j5ogm2,facepalm,post,1601921107,negative
j5pign,facepalm,post,1601924400,negative
jj6f3i,facepalm,post,1603822233,neutral
jlkgto,facepalm,post,1604158773,negative
jfdpp9,forsen,post,1603290006,negative
j4zrzu,londonontario,post,1601821682,negative
j4zty7,londonontario,post,1601821902,negative
j5058k,londonontario,post,1601823122,negative
j50akf,londonontario,post,1601823672,negative
j50gld,londonontario,post,1601824279,negative
jco4b1,mapporncirclejerk,post,1602905511,negative
j5bkim,ontario,post,1601865072,neutral
j6mqz4,pcgaming,post,1602056493,negative
jkz6ct,programming,post,1604072697,negative
jjlg0w,redditrequest,post,1603881817,neutral
jf6osy,redditrequest,post,1603256927,neutral
ja6fx3,redditrequest,post,1602562899,neutral
j76ijz,redditrequest,post,1602130797,neutral
ja8eyl,redditrequest,post,1602572474,neutral
j8o1ox,roblox,post,1602349404,negative
j7dtrc,runescape,post,1602166624,negative
jaduwn,teenagers,post,1602597282,neutral
jfyq7k,2007scape,post,1603369917,positive
j477n6,ArcherFX,post,1601689048,negative
j5bzau,AskMen,post,1601866817,neutral
ji5l2w,BingeEatingDisorder,post,1603675712,neutral
jesu5g,Browns,post,1603210862,neutral
jfff1u,EscapefromTarkov,post,1603295364,neutral
ji1yri,Food_Pantry,post,1603662569,neutral
j43ehr,LegalAdviceUK,post,1601674085,neutral
jfeoyh,ModSupport,post,1603293094,neutral
jhw3w5,Naruto,post,1603642901,neutral
j50uwl,OneyPlays,post,1601825743,neutral
j8q77m,RandomActsofCards,post,1602356622,neutral
j8f4ro,Screenwriting,post,1602308575,neutral
jij2ga,Stellaris,post,1603733822,neutral
j8v8kv,TrueOffMyChest,post,1602374610,positive
j7ddu6,Tulpas,post,1602165054,neutral
jkllfn,WatchRedditDie,post,1604014700,negative
jk5hip,aikido,post,1603955451,neutral
jbpxys,brockhampton,post,1602776458,neutral
j55vo1,crashbandicoot,post,1601843076,negative
jjlbll,cyberpunkgame,post,1603881195,negative
j3yka6,dankmemes,post,1601658634,positive
jao7a3,dankmemes,post,1602628637,negative
jbcllk,dankmemes,post,1602719709,neutral
j9trx1,forsen,post,1602519023,neutral
j6gxcj,funhaus,post,1602030177,negative
j80ft5,gwent,post,1602255367,neutral
j3lvp8,indonesia,post,1601603412,negative
j9gy67,melbourne,post,1602462976,neutral
j82gae,mildlyinfuriating,post,1602261806,negative
jczdeh,modhelp,post,1602955924,neutral
j8lhuc,modhelp,post,1602340478,neutral
je9bf2,navy,post,1603137329,neutral
jbawgl,pennystocks,post,1602713775,negative
jix9z8,redditrequest,post,1603786997,neutral
jkeryc,redditrequest,post,1603993466,neutral
j8mzyh,redditrequest,post,1602345805,neutral
jhoanl,redditrequest,post,1603604527,neutral
jer0lu,redditrequest,post,1603205453,neutral
jbke68,redditrequest,post,1602754359,neutral
j7lhxi,teenagers,post,1602191101,neutral
jk7qbz,vexillologycirclejerk,post,1603968149,neutral
jb6gx3,ACT,post,1602700176,neutral
j4bfmi,Animemes,post,1601708728,negative
j4pldz,Animemes,post,1601770116,negative
j4ptyy,Animemes,post,1601771111,positive
jixk4z,Animemes,post,1603788623,neutral
j31wzm,BigBrother,post,1601527045,negative
j5rxki,BlackSquad,post,1601932060,positive
j8cy01,BreakUps,post,1602298610,neutral
jbvjdm,DarkEnlightenment,post,1602793488,neutral
jeb1fs,IBO,post,1603142251,neutral
j8s6dr,NoMansSkyTheGame,post,1602363485,neutral
j3dpvh,PewdiepieSubmissions,post,1601575190,neutral
j3dqn2,PewdiepieSubmissions,post,1601575251,neutral
j4704a,PewdiepieSubmissions,post,1601688162,neutral
j4eru1,PewdiepieSubmissions,post,1601730687,neutral
j4es5k,PewdiepieSubmissions,post,1601730731,neutral
j4pdtp,PewdiepieSubmissions,post,1601769255,neutral
j7mhh4,PewdiepieSubmissions,post,1602194369,neutral
j7wzgy,PewdiepieSubmissions,post,1602241775,negative
j8p409,PewdiepieSubmissions,post,1602352989,neutral
ja8nd7,PewdiepieSubmissions,post,1602573737,negative
jbg9ro,PewdiepieSubmissions,post,1602733615,neutral
jbgaat,PewdiepieSubmissions,post,1602733682,neutral
jbgaln,PewdiepieSubmissions,post,1602733717,neutral
jc5d2r,PewdiepieSubmissions,post,1602832552,neutral
jczzrp,PewdiepieSubmissions,post,1602957978,neutral
jdhdcx,PewdiepieSubmissions,post,1603031854,neutral
jdhkcq,PewdiepieSubmissions,post,1603032602,neutral
jeq6of,PewdiepieSubmissions,post,1603202889,negative
jesz6l,PewdiepieSubmissions,post,1603211261,neutral
jfjrrb,PewdiepieSubmissions,post,1603308438,neutral
jg3xzn,PewdiepieSubmissions,post,1603387003,neutral
jgu6m7,PewdiepieSubmissions,post,1603482005,neutral
jgxb5m,PewdiepieSubmissions,post,1603492080,neutral
jgxg6y,PewdiepieSubmissions,post,1603492569,negative
jh97s7,PewdiepieSubmissions,post,1603547349,neutral
jhahbj,PewdiepieSubmissions,post,1603552061,neutral
jhzqed,PewdiepieSubmissions,post,1603655206,negative
jinaj2,PewdiepieSubmissions,post,1603746384,neutral
jj4m2y,PewdiepieSubmissions,post,1603816719,neutral
jjq7jx,PewdiepieSubmissions,post,1603900019,positive
jki7oj,PewdiepieSubmissions,post,1604003950,neutral
jlchm4,PewdiepieSubmissions,post,1604119479,positive
j4o4cn,PrequelMemes,post,1601764212,neutral
jlbc4c,SuddenlyGay,post,1604114362,negative
jgtbal,Warhammer40k,post,1603479280,neutral
j4yk8z,Warthunder,post,1601816452,positive
jghdwz,armenia,post,1603432862,negative
jf6uxd,australia,post,1603257733,neutral
jf5pva,copypasta,post,1603252620,negative
jgybpm,customhearthstone,post,1603495687,neutral
jjdygc,cyberpunkgame,post,1603846093,negative
jlj6cl,dankmemes,post,1604154102,neutral
jc1bi2,fantasyfootball,post,1602814670,positive
ji4kuv,fivenightsatfreddys,post,1603671915,neutral
jhn5wt,happycryingdads,post,1603599027,positive
j51x1u,lucifer,post,1601829505,neutral
j7obpe,minecraftseeds,post,1602200713,neutral
jd4qep,minecraftsuggestions,post,1602974334,positive
jced1r,poland,post,1602869888,positive
ja1it6,rant,post,1602543337,negative
jiggvy,rant,post,1603725691,negative
jje2sc,redditrequest,post,1603846511,neutral
jhqfb6,redditrequest,post,1603616755,neutral
jgvnbu,redditrequest,post,1603486691,neutral
jgafdb,redditrequest,post,1603406523,negative
jjwm4w,redditrequest,post,1603919895,neutral
jchfl4,redditrequest,post,1602879507,neutral
jc2quc,redditrequest,post,1602820393,neutral
j69kla,redditrequest,post,1602005925,neutral
jg0wwi,redditrequest,post,1603377805,neutral
jk0f29,sissyhypno,post,1603932942,neutral
j6604w,southafrica,post,1601994468,negative
j7fsd4,southafrica,post,1602173093,negative
jfe5sa,unpopularopinion,post,1603291462,negative
j7wv9p,unpopularopinion,post,1602241219,negative
jbeac3,unturned,post,1602725856,neutral
j5fxca,wow,post,1601887581,negative
jhoom3,AnarchyChess,post,1603606570,negative
j8r03y,Animemes,post,1602359398,neutral
je5yrz,AskReddit,post,1603128017,negative
j5xdyx,AskReddit,post,1601952570,neutral
j8pp5b,Catholicism,post,1602354943,neutral
jddj68,GWCouples,post,1603014073,neutral
ja8uxl,ISTJ,post,1602574887,neutral
j8v562,LivestreamFail,post,1602374252,negative
j9oaw1,ModSupport,post,1602497597,neutral
jkwfny,ModSupport,post,1604063355,negative
j5jqeq,SUBREDDITNAME,post,1601905793,neutral
j8ir35,Stormlight_Archive,post,1602328559,positive
jkzk3c,columbia,post,1604073899,neutral
jfst6m,conspiracy,post,1603340463,negative
j7y7vd,dankmemes,post,1602247308,negative
jjpwv9,dankmemes,post,1603899078,neutral
j9jzsv,help,post,1602475633,neutral
j8eo6a,modhelp,post,1602306291,neutral
jeim42,newzealand,post,1603168539,negative
jdja5u,opiates,post,1603038612,neutral
jgfp1u,politics,post,1603425662,negative
ji1u9o,redditrequest,post,1603662152,neutral
j9nrd4,redditrequest,post,1602494874,neutral
jco70t,redditrequest,post,1602905845,neutral
j4o5q7,redditrequest,post,1601764367,neutral
jl6ox5,redditrequest,post,1604096859,neutral
j4j9ma,redditrequest,post,1601746708,neutral
j5g8tu,soccercirclejerk,post,1601889524,negative
jea22p,soccercirclejerk,post,1603139386,neutral
j68efl,stunfisk,post,1602002343,neutral
jirqfk,stunfisk,post,1603761316,neutral
j46yw6,teenagers,post,1601688021,neutral
j5a1zx,teenagers,post,1601858767,neutral
jb5zce,teenagers,post,1602698700,negative
jlc4zc,teenagers,post,1604117847,neutral
j5wk7x,teenagers,post,1601949121,neutral
ji4kr1,thatHappened,post,1603671901,neutral
jjxqfc,Aquariums,post,1603923414,neutral
j36lnj,Dell,post,1601550951,neutral
jfpm5a,FreeSpeech,post,1603327925,negative
jfdu2h,Ghosts,post,1603290415,negative
j9eeb2,MapsWithoutNZ,post,1602453346,neutral
j5pzfq,Minecraft,post,1601925842,negative
j2zqm4,PUBATTLEGROUNDS,post,1601518063,negative
j3arzn,PewdiepieSubmissions,post,1601566196,negative
j4jbpf,SquaredCircle,post,1601746908,negative
jd8cqr,StackAdvice,post,1602988503,negative
jj0u8t,Thetruthishere,post,1603804300,neutral
jf2ota,WatchRedditDie,post,1603241243,negative
jgeziu,Zoomies,post,1603422937,negative
j3b4m6,asexuality,post,1601567313,neutral
jf8aey,australia,post,1603264919,negative
j4ij2k,dankmemes,post,1601744256,neutral
jlj9m7,dogecoin,post,1604154448,positive
jd8vxx,needamod,post,1602990680,neutral
jjr8vy,nvidia,post,1603903242,negative
jfc0bq,pathofexile,post,1603283988,negative
j8n608,redditrequest,post,1602346379,neutral
jhgzy9,redditrequest,post,1603574487,neutral
jd2x88,redditrequest,post,1602967895,neutral
jhqj4y,redditrequest,post,1603617394,neutral
j412os,redditrequest,post,1601666467,neutral
j6bkpf,roblox,post,1602012053,neutral
jbusop,sex,post,1602791195,negative
jhpejx,soccercirclejerk,post,1603610629,negative
jgh7s9,teenagers,post,1603432052,negative
j597sh,todayilearned,post,1601855402,negative
jenpen,todayilearned,post,1603193684,negative
jea9ur,unpopularopinion,post,1603139997,neutral
ji7v3v,vegancirclejerk,post,1603684947,negative
jfmka1,AskReddit,post,1603317162,neutral
jgxxed,AskReddit,post,1603494250,neutral
j8ar5l,AskReddit,post,1602289566,neutral
j5vi08,AutoModerator,post,1601944927,neutral
j61hpz,AutoModerator,post,1601973245,neutral
j6h91y,AutoModerator,post,1602031441,neutral
j6h9ex,AutoModerator,post,1602031478,neutral
j6ogaq,AutoModerator,post,1602066476,neutral
j7dn8i,AutoModerator,post,1602165968,neutral
j96mn4,AutoModerator,post,1602427571,neutral
j9x7o0,AutoModerator,post,1602529467,neutral
jepntk,AutoModerator,post,1603201154,neutral
jjxt4f,AutoModerator,post,1603923657,neutral
jjzall,AutoModerator,post,1603928910,neutral
j5v741,Barca,post,1601943729,neutral
ji9d3d,BookCollecting,post,1603692224,positive
jc06h5,ClashRoyale,post,1602810071,negative
jg1ycn,Comcast_Xfinity,post,1603381147,neutral
j5fei9,DAE,post,1601884388,neutral
j98jtg,Dallas,post,1602434065,negative
jknjfz,DebateAnAtheist,post,1604021518,neutral
jl3n1s,Hiphopcirclejerk,post,1604086771,negative
jlsj5f,MTVScream,post,1604187440,neutral
jlsjun,MTVScream,post,1604187516,neutral
jlskyp,MTVScream,post,1604187637,neutral
j4jm6t,Minecraft,post,1601747931,neutral
jbe8jn,ModSupport,post,1602725666,neutral
jgy1zs,pcmasterrace,post,1603494702,neutral
jhk1bj,pcmasterrace,post,1603585686,negative
j50mj0,razer,post,1601824880,negative
jkqudx,redditmobile,post,1604034841,neutral
jb5sgz,redditrequest,post,1602698138,neutral
jivzsd,redditrequest,post,1603779733,neutral
jguc1l,redditrequest,post,1603482498,neutral
jguwbl,redditrequest,post,1603484297,neutral
jkb6h0,redditrequest,post,1603982220,neutral
j9a63m,redditrequest,post,1602439458,neutral
j9d9ur,redditrequest,post,1602449520,neutral
jjhgvo,redditrequest,post,1603860011,neutral
je01wu,redditrequest,post,1603107721,neutral
jjfcrm,sandiego,post,1603851262,neutral
jesfkz,steampunk,post,1603209688,neutral
jh9y7y,teenagers,post,1603550155,negative
jdc3lr,teenagers,post,1603006408,neutral
j3mr57,teenagers,post,1601607032,negative
j6oeqy,thinkpad,post,1602066245,negative
je8ni9,2007scape,post,1603135488,negative
jk4w28,ATT,post,1603952059,negative
jeaute,CasualConversation,post,1603141689,positive
jfme9z,Conservative,post,1603316628,negative
jjkky0,Gamingcirclejerk,post,1603877122,negative
jiasal,Minecraft,post,1603700294,negative
jf49js,ModSupport,post,1603246872,neutral
jchv9i,ModSupport,post,1602882252,neutral
jl1v0n,ModSupport,post,1604081076,neutral
jcmn6v,Random_Acts_Of_Pizza,post,1602898994,positive
jkfrvw,WatchRedditDie,post,1603996461,negative
j9vv76,beta,post,1602525437,negative
j5bkhb,discordapp,post,1601865068,negative
j6q5xi,discordapp,post,1602074790,neutral
jbgqm2,discordapp,post,1602735610,neutral
jenq1n,discordapp,post,1603193762,neutral
jg5dan,discordapp,post,1603391281,neutral
jisfas,discordapp,post,1603763921,neutral
jjj5qh,discordapp,post,1603868804,neutral
jlcrc1,discordapp,post,1604120822,neutral
j47c6f,magicTCG,post,1601689585,negative
j8u78p,magicTCG,post,1602370654,neutral
jaz2a9,manga,post,1602675663,negative
jiv8ab,meme,post,1603775723,neutral
jg7j8b,modhelp,post,1603397539,neutral
j7aiki,nrl,post,1602152121,negative
jcszqu,nrl,post,1602931395,negative
jjytoz,nrl,post,1603927327,neutral
jjwj08,rant,post,1603919610,neutral
jhie7c,redditrequest,post,1603579428,neutral
j39yhi,redditrequest,post,1601563626,neutral
j4mw40,redditrequest,post,1601759617,neutral
j5d0gq,redditrequest,post,1601871511,neutral
j5lgzf,redditrequest,post,1601911794,neutral
jjt7hj,redditrequest,post,1603909193,neutral
j9hqtq,redditrequest,post,1602466165,neutral
j67yxv,redditrequest,post,1602000957,neutral
j476no,redditrequest,post,1601688934,neutral
jh9wki,redditrequest,post,1603549964,neutral
jlmr93,rupaulsdragrace,post,1604166603,negative
j7ehjd,teenagers,post,1602168888,negative
jeospr,Animemes,post,1603198094,neutral
j947my,MLBTheShow,post,1602417705,neutral
jgv6hr,Minecraft,post,1603485185,negative
jfpjhf,Minecraft,post,1603327648,neutral
jigk7h,NameThatSong,post,1603725997,neutral
jc9ix0,Thailand,post,1602853863,negative
jcnr0k,Thailand,post,1602903763,negative
jcocc4,Thailand,post,1602906500,negative
jbgjy9,Thailand,post,1602734797,positive
j91fiy,TheDickShow,post,1602403027,negative
jh63bh,Yogscast,post,1603531758,positive
jbbdja,awfuleverything,post,1602715367,negative
jkkarx,bugs,post,1604010379,neutral
jgxkt8,facepalm,post,1603493008,neutral
j3dwrz,farcry,post,1601575763,positive
j8mfcr,fnv,post,1602343824,neutral
jjwmaf,fringe,post,1603919907,negative
jbsii2,help,post,1602784170,neutral
jked64,islam,post,1603992268,positive
j3hs4k,memes,post,1601587892,neutral
j5v3sr,modhelp,post,1601943369,neutral
jl60aj,motorcycles,post,1604094520,negative
jisv2y,pokemongo,post,1603765588,negative
jisvzq,pokemongo,post,1603765683,negative
jf2nr9,raisedbynarcissists,post,1603241140,neutral
jb61mk,redditrequest,post,1602698894,positive
jasrns,redditrequest,post,1602645269,neutral
je7t6u,redditrequest,post,1603133184,neutral
j882mu,redditrequest,post,1602279916,neutral
jaqllb,redditrequest,post,1602637159,neutral
j61dgr,redditrequest,post,1601972548,neutral
jalnpu,teenagers,post,1602620692,neutral
jcpq5d,Advice,post,1602913265,negative
jk0uqy,BabyBumps,post,1603934554,neutral
jgsphg,FemBoys,post,1603477392,negative
jkmazo,FemBoys,post,1604017114,positive
j782et,GearTrade,post,1602138187,positive
j6pgfn,NoStupidQuestions,post,1602071716,neutral
je5nja,NoStupidQuestions,post,1603127078,neutral
jdp8in,PewdiepieSubmissions,post,1603058243,negative
jlcdzt,SanJose,post,1604119023,neutral
jdomm4,Showerthoughts,post,1603056182,negative
jdomvc,Showerthoughts,post,1603056204,negative
jeh3f1,Showerthoughts,post,1603162474,negative
j3eea6,assholedesign,post,1601577280,negative
j3nqvc,dankmemes,post,1601611399,negative
jlib9d,discordapp,post,1604150682,neutral
jgkxfy,dwarffortress,post,1603450733,neutral
jjcl4m,frogdogs,post,1603841253,neutral
jdmf1t,h3h3productions,post,1603048938,negative
jfnija,help,post,1603320328,neutral
j7rpum,insanepeoplefacebook,post,1602213883,negative
jedex1,memes,post,1603149585,neutral
j4vaj8,mildlyinfuriating,post,1601798283,neutral
jex42j,neoliberal,post,1603223282,neutral
j3pif6,playstation,post,1601619635,neutral
jkn070,redditrequest,post,1604019607,neutral
j70cgj,redditrequest,post,1602107794,neutral
jhbtku,teenagers,post,1603556831,neutral
jcp7g3,confessions,post,1602910614,negative
jepz6f,confessions,post,1603202236,negative
jhslt9,dankmemes,post,1603629135,negative
j3ns3i,dresdenfiles,post,1601611552,neutral
j4tf3c,eagles,post,1601787571,neutral
j5ji23,jobs,post,1601904925,neutral
j4ujoe,modhelp,post,1601793770,neutral
jb0dz2,progun,post,1602681116,negative
jgo5k0,redditrequest,post,1603463325,neutral
jaf9n0,redditrequest,post,1602601616,neutral
jlar7i,redditrequest,post,1604111997,neutral
jfh1bd,redditrequest,post,1603300256,neutral
jfhgtg,redditrequest,post,1603301546,neutral
jgoeks,redditrequest,post,1603464152,neutral
jajpx2,redditrequest,post,1602614923,neutral
j4fpij,redditrequest,post,1601734431,neutral
jgq3yn,redditrequest,post,1603469480,neutral
j5e1qf,teenagers,post,1601876609,negative
j5zyke,teenagers,post,1601964489,neutral
jgu129,vegancirclejerk,post,1603481508,neutral
ji7e2u,Adoption,post,1603682896,negative
j82fc2,AskReddit,post,1602261717,neutral
j4ngsf,Birmingham,post,1601761757,neutral
jh1qos,ChronicPain,post,1603509316,negative
jls1vo,DIY,post,1604185550,negative
jc8ih0,DMT,post,1602849598,negative
jg2kuc,DMT,post,1603383004,neutral
j8x5oa,Denver,post,1602382455,negative
jaevob,FortNiteBR,post,1602600427,neutral
j4z1g8,HotWifeRequests,post,1601818586,negative
j8cput,Israel,post,1602297670,neutral
j6e5x2,LivestreamFail,post,1602020188,neutral
jdyril,Minecraft,post,1603100975,neutral
j7tl80,NoFap,post,1602222742,negative
jib5jl,Paladins,post,1603702538,negative
jdtmix,RealLifeShinies,post,1603075155,neutral
j5u7ml,armenia,post,1601939955,neutral
j8ck2u,borrow,post,1602296978,negative
ja91l7,dankmemes,post,1602575917,neutral
jif01l,feedthebeast,post,1603720700,neutral
jfz37k,fightporn,post,1603371359,negative
j4xrc2,hiking,post,1601812461,negative
jb8g6v,hiphopheads,post,1602706149,neutral
jiud2e,hiphopheads,post,1603771701,positive
jg01h7,ireland,post,1603374830,negative
j3il90,killingfloor,post,1601590593,positive
jfl4xt,left4dead,post,1603312627,negative
jb4uj5,modhelp,post,1602695417,neutral
j4sdpw,nvidia,post,1601782413,negative
jdinrn,panthers,post,1603036486,neutral
j9pcmc,redditrequest,post,1602502982,neutral
j9l1vm,redditrequest,post,1602480444,neutral
j63x5x,unpopularopinion,post,1601986346,neutral
j63z1r,unpopularopinion,post,1601986576,neutral
j422xo,walkingwarrobots,post,1601669693,positive
je16kh,CollegeBasketball,post,1603112411,negative
j8ffk0,Columbus,post,1602310145,neutral
jgnok7,EngagementRings,post,1603461763,neutral
jcwyag,Libertarian,post,1602947938,neutral
j5s4c9,MilitaryPorn,post,1601932664,neutral
jbr2ad,ModSupport,post,1602779840,neutral
jbotbs,SiouxFalls,post,1602772913,neutral
jiszrj,SonicTheHedgehog,post,1603766074,neutral
je2mkp,UnsolvedMysteries,post,1603117687,neutral
j7l0he,WatchRedditDie,post,1602189487,negative
jlhg5b,community,post,1604146896,neutral
jhqojk,copypasta,post,1603618313,positive
j4h0bv,dirtykikpals,post,1601739242,neutral
jkzb5l,dontstarve,post,1604073137,neutral
jkzjwj,dotnet,post,1604073884,neutral
j6u5k4,ginger,post,1602088463,positive
j83zk6,insanepeoplefacebook,post,1602266635,neutral
jexqjz,lgbt,post,1603225187,neutral
jfj0mp,madlads,post,1603306194,negative
j99f81,memes,post,1602436958,neutral
jd04k6,modhelp,post,1602958425,neutral
je4vld,modhelp,post,1603124705,neutral
jkwo1m,modhelp,post,1604064226,neutral
jhamzo,nhl,post,1603552637,positive
j58kd0,nukedmemes,post,1601852817,negative
j6brns,nukedmemes,post,1602012642,negative
j85jsv,orlando,post,1602271686,negative
j3k9fn,podcasting,post,1601596866,positive
j3ywtb,rapecounseling,post,1601659745,neutral
j85sc5,redditrequest,post,1602272446,neutral
jdxlry,redditrequest,post,1603094310,neutral
jdxncn,redditrequest,post,1603094545,neutral
jh77dl,redditrequest,post,1603537992,neutral
jb5ztf,redditrequest,post,1602698741,neutral
jh55vg,teenagers,post,1603526313,negative
j5ac9t,teenagers,post,1601859920,negative
jkn7jq,teenagers,post,1604020310,neutral
jbe8vx,tfc,post,1602725703,negative
jajcs1,tucker_carlson,post,1602613850,negative
j5ju32,walkingwarrobots,post,1601906182,positive
jjcaro,2007scape,post,1603840268,negative
jbpx21,Animemes,post,1602776381,negative
jhe510,Austin,post,1603564773,negative
jgq238,FIFA,post,1603469316,negative
jj5fre,Hotwife,post,1603819274,neutral
jbg4bd,Logic_301,post,1602732997,negative
j6fem7,MLPLounge,post,1602024493,neutral
j539mx,Minecraft,post,1601834249,neutral
j3vlnw,NoFap,post,1601649312,neutral
ja2jjk,WatchRedditDie,post,1602547121,neutral
j9jijo,WatchRedditDie,post,1602473582,negative
j93ner,aww,post,1602414854,negative
j6rinx,battlecats,post,1602079827,neutral
j9b175,lgbt,post,1602442278,neutral
j75jjh,malta,post,1602126809,negative
j7ed61,memes,post,1602168478,neutral
jd8icr,needamod,post,1602989132,neutral
jkr1ax,redditrequest,post,1604035783,neutral
jaw7ns,redditrequest,post,1602660907,neutral
j6f82r,redditrequest,post,1602023838,neutral
jdpgas,redditrequest,post,1603058978,neutral
jinnis,redditrequest,post,1603747466,neutral
jb7dk9,redditrequest,post,1602702915,neutral
jaju9c,redditrequest,post,1602615276,neutral
jjri4f,redditrequest,post,1603904036,neutral
j33lr1,redditrequest,post,1601535220,neutral
jenpnv,redditrequest,post,1603193716,neutral
j75doq,redditrequest,post,1602126179,neutral
jhbf42,redditrequest,post,1603555422,neutral
j8z2ct,roosterteeth,post,1602390963,neutral
jes9a9,teenagers,post,1603209182,neutral
jhwhgb,2007scape,post,1603644239,negative
jfbf6q,Antitheism,post,1603281497,negative
jfbif7,Antitheism,post,1603281875,negative
jfdju9,Antitheism,post,1603289446,neutral
jc95bt,AskHistorians,post,1602852360,neutral
j80gww,AskReddit,post,1602255471,neutral
jdbdhd,AskReddit,post,1603002500,neutral
j46fry,AskReddit,post,1601685770,neutral
j46g4g,AskReddit,post,1601685810,neutral
jf4htp,Catloaf,post,1603247710,negative
jipdwh,Cornell,post,1603753051,neutral
j5fq9v,LandCruisers,post,1601886360,negative
j5r4g6,Minecraft,post,1601929471,neutral
j6gysc,TheoryOfReddit,post,1602030337,neutral
jgj38r,Unexpected,post,1603441152,negative
jj2ov9,Unexpected,post,1603810748,negative
jf7361,beatles,post,1603258831,negative
jh8l7z,bigfoot,post,1603544735,negative
jl1h7o,britishmilitary,post,1604079880,neutral
jabe7g,cscareerquestions,post,1602588013,neutral
j6v0y0,europe,post,1602091184,neutral
j7nc6s,help,post,1602197229,negative
j3j00s,help,post,1601592028,neutral
j6liv0,homeschool,post,1602049816,neutral
j5d3qs,infp,post,1601871947,positive
j5cjej,jailbreak,post,1601869276,neutral
jg0z2m,karma,post,1603378003,neutral
jbpn8c,modhelp,post,1602775526,neutral
jaj5aw,mycology,post,1602613238,neutral
j3yava,nosurf,post,1601657839,negative
j58t3o,nosurf,post,1601853768,neutral
j5t7yd,redditrequest,post,1601936367,neutral
jjqmm4,redditrequest,post,1603901316,neutral
jcoz4v,redditrequest,post,1602909498,neutral
j7ykqa,redditrequest,post,1602248773,neutral
ja7are,redditrequest,post,1602566787,neutral
j9iiuw,teenagers,post,1602469351,neutral
jdx16g,teenagers,post,1603091270,positive
ji78rq,unpopularopinion,post,1603682258,negative
