id,subreddit,kind,timestamp,sentiment_wrt_mods
tfjnvq,2007scape,post,1647442997,positive
tly0eh,49ers,post,1648097505,negative
tjh100,4chan,post,1647883512,negative
t8orhq,Anarcho_Capitalism,post,1646658260,neutral
tkvjg8,AskModerators,post,1648046733,neutral
tqqxbd,AskReddit,post,1648525363,neutral
td2ahj,AskReddit,post,1647159223,neutral
t72ht4,AskReddit,post,1646458328,negative
te0smg,AskReddit,post,1647273627,negative
tkr000,AskReddit,post,1648031818,negative
tl2z4r,AskUK,post,1648056444,negative
tepm5c,Bad_Cop_No_Donut,post,1647352714,negative
tg7xu7,BeamNG,post,1647516142,neutral
tjmbe0,BeamNG,post,1647897583,negative
tskacx,BeamNG,post,1648677205,neutral
t49cja,CFA,post,1646145503,neutral
tr4qgs,CPAP,post,1648568067,neutral
tge9dz,CRH,post,1647534867,neutral
tiiqgl,Chipotle,post,1647774470,neutral
tebnpx,Christianity,post,1647302821,negative
t56no3,CombatFootage,post,1646245653,negative
t59mpx,CombatFootage,post,1646253616,negative
t71p0y,CombatFootage,post,1646455424,negative
tbl7gq,CombatFootage,post,1646985743,negative
te090p,CombatFootage,post,1647272199,neutral
tgy9ce,CombatFootage,post,1647599268,negative
tixq2i,CombatFootage,post,1647818453,negative
tjc7gs,CombatFootage,post,1647870443,neutral
t5yav3,Comcast_Xfinity,post,1646332401,negative
t8w02w,Comcast_Xfinity,post,1646678109,negative
ti6ivw,DnD,post,1647728692,neutral
tf59t0,DynastyFF,post,1647392096,negative
tbv4v8,Enneagram,post,1647019596,neutral
t6tje7,Epilepsy,post,1646429625,neutral
tkzznj,F1Game,post,1648053424,neutral
ted59n,FACEITcom,post,1647307227,negative
t69cue,FreeKarma4You,post,1646364216,neutral
tgnyx4,FreeKarma4You,post,1647561382,negative
tjmsqd,GetStudying,post,1647898892,neutral
tfdy2z,GirlGamers,post,1647424180,negative
tka5m8,GunsNRoses,post,1647975216,negative
tha8d0,JoeRogan,post,1647626699,negative
telzx5,Kappa,post,1647340513,negative
tbc1ax,KendrickLamar,post,1646954563,neutral
tiql2p,Kirby,post,1647798541,neutral
tt85oq,Knife_Swap,post,1648756476,neutral
t50k7x,LigaMX,post,1646229073,negative
tbt7qf,LigaMX,post,1647014379,neutral
tsbzvo,Mcat,post,1648662246,neutral
t8h03v,MechanicAdvice,post,1646627300,neutral
tkbyes,MichiganWolverines,post,1647979993,neutral
tctzeu,Minecraft,post,1647128575,neutral
t3yyag,Minecraft,post,1646107862,negative
tb0rtw,ModSupport,post,1646925000,neutral
tj9pew,ModSupport,post,1647862435,neutral
tfsth4,ModSupport,post,1647463838,neutral
t9vhqf,Music,post,1646786846,neutral
tdkqgg,OakIsland,post,1647217780,neutral
tckhg4,OrthodoxChristianity,post,1647104003,neutral
tbyqax,PS4,post,1647028881,neutral
tmrdjw,RPI,post,1648144415,negative
t7dt33,RimWorld,post,1646499800,neutral
tslney,SonicTheHedgehog,post,1648681111,negative
tjyooa,SquaredCircle,post,1647939630,negative
t5louy,StonerThoughts,post,1646290926,neutral
tfi163,TownofSalemgame,post,1647438364,negative
t8dk4t,TrueOffMyChest,post,1646615862,neutral
thikpd,WWEGames,post,1647647490,negative
t7za1d,ak47,post,1646575087,neutral
tdxfj4,albiononline,post,1647264253,negative
tbxjhd,argentina,post,1647025530,negative
tel4wv,bigdickproblems,post,1647336925,neutral
tevrk5,boburnham,post,1647368106,neutral
tqf2q5,boburnham,post,1648489931,neutral
t8c12x,business,post,1646611104,neutral
tf5icu,canadients,post,1647392805,neutral
tfhoeo,cock,post,1647437311,negative
tgsxgr,conspiracy,post,1647576798,negative
ttcy8q,crochet,post,1648770062,neutral
t3z1aj,cybersecurity,post,1646108115,negative
tkcv2w,deadbydaylight,post,1647982428,negative
tj08cb,deathgrips,post,1647826172,neutral
tqzv0u,dementia,post,1648560820,neutral
thq4ns,dogecoin,post,1647675234,neutral
thq5lh,dogecoin,post,1647675354,neutral
thq68f,dogecoin,post,1647675432,neutral
thq6wj,dogecoin,post,1647675519,neutral
thq7uy,dogecoin,post,1647675635,neutral
tspe9f,dogecoin,post,1648692916,negative
teo1v9,exjw,post,1647347899,neutral
tt0udt,facebook,post,1648736495,neutral
t6zmrk,farmingsimulator,post,1646448282,negative
tjweqc,forsen,post,1647929641,positive
tnnko7,forsen,post,1648219736,negative
toa8v2,forsen,post,1648256891,negative
tp1aov,freefolk,post,1648323659,negative
trbyx7,h3h3productions,post,1648577410,neutral
trjeac,h3h3productions,post,1648585731,neutral
t8sx6o,help,post,1646670162,neutral
tlkjx9,help,post,1648077636,neutral
tare6n,japanlife,post,1646889785,negative
t77zpo,ladybonersgw,post,1646481496,negative
tbcwep,ladybonersgw,post,1646956936,neutral
tnzche,ladybonersgw,post,1648243060,neutral
tntgc5,longisland,post,1648230282,positive
t8rssr,malefashion,post,1646667148,positive
t5pcr3,melbourne,post,1646306327,neutral
tb50co,mildlyinfuriating,post,1646936425,negative
tkkc39,modhelp,post,1648004300,neutral
tcbbo6,modhelp,post,1647070916,neutral
tsv63l,modhelp,post,1648715243,neutral
t61iom,pakistan,post,1646341037,positive
t46efy,pakistan,post,1646136199,negative
tf8whs,philosophy,post,1647403627,negative
tqnzs2,poledancing,post,1648515557,neutral
tqo4cz,poledancing,post,1648515956,neutral
t7jnnp,popheads,post,1646516801,neutral
t4b2fc,preppers,post,1646150077,neutral
tbrx6a,redditrequest,post,1647010739,neutral
tqfy04,redditrequest,post,1648492296,neutral
t5lbtr,redditrequest,post,1646289551,neutral
tkbox8,redditrequest,post,1647979313,neutral
t9m179,redditrequest,post,1646760553,neutral
t622xj,redditrequest,post,1646342544,neutral
teu39d,redditrequest,post,1647364366,neutral
t576o6,redditrequest,post,1646247073,neutral
tf4gm5,redditrequest,post,1647389664,neutral
t4792b,redditrequest,post,1646139139,negative
tai17u,redditrequest,post,1646861124,neutral
tneec8,redditrequest,post,1648183956,neutral
t84jyv,redditrequest,post,1646590099,neutral
tjvq0t,redditrequest,post,1647926796,neutral
tfjws4,redditrequest,post,1647443687,neutral
t3xfyt,redditrequest,post,1646103367,neutral
t4ajdr,redditrequest,post,1646148711,neutral
tr10qk,redditrequest,post,1648564155,neutral
ta5qj1,redditrequest,post,1646825056,neutral
te7pde,redditrequest,post,1647291667,neutral
t6c448,rickygervais,post,1646373559,negative
t9u74p,roblox,post,1646782888,neutral
t9u7qg,roblox,post,1646782937,neutral
t5g1wt,rolex,post,1646272076,neutral
tiq5tj,rugbyunion,post,1647797394,neutral
t7jl87,runescape,post,1646516587,neutral
t5xvgz,selfie,post,1646331263,neutral
t816nh,selfie,post,1646580851,neutral
thq6mb,selfie,post,1647675485,neutral
tpxwzj,sex,post,1648430273,negative
tfjemg,shitduolingosays,post,1647442291,negative
t7uqk8,soccercirclejerk,post,1646556612,neutral
telq9e,srilanka,post,1647339417,positive
tei22s,streetwearstartup,post,1647323550,negative
t409gw,suns,post,1646112067,neutral
t3zoxa,taiwan,post,1646110243,neutral
te1asf,teenagers,post,1647274922,neutral
tez1wn,teenagers,post,1647375063,neutral
t8uz4c,teenagers,post,1646675514,neutral
t5hp1a,teenagers,post,1646277106,neutral
t4m0kl,teenagers,post,1646178503,neutral
tskxlx,tf2,post,1648678992,negative
t863ns,tf2,post,1646594352,negative
thq9tx,thefighterandthekid,post,1647675892,positive
trm9ke,thewalkingdead,post,1648588249,neutral
ti9guv,timberwolves,post,1647737762,neutral
texo4z,tippytaps,post,1647372304,neutral
taxtjh,tylerthecreator,post,1646916077,neutral
tkowe9,JordanPeterson,post,1648022251,positive
tppydt,JustUnsubbed,post,1648405820,negative
tau5an,MMA,post,1646900601,neutral
tbz9et,Memes_Of_The_Dank,post,1647030371,neutral
tt0rcj,ModSupport,post,1648736253,neutral
tt7m10,ModSupport,post,1648754960,neutral
tac8y8,ModSupport,post,1646845185,negative
tqr1fv,ModSupport,post,1648525768,neutral
t7l411,ModSupport,post,1646521175,negative
tp8rsk,ModSupport,post,1648341926,neutral
tbzb21,ModSupport,post,1647030501,negative
t7c8gl,ModSupport,post,1646495391,negative
tbyn5i,NewTubers,post,1647028654,neutral
tfw1gg,OakIsland,post,1647472687,negative
tikufu,Psychonaut,post,1647782220,negative
tk8rti,SCJerk,post,1647971579,neutral
th5d49,ShadowBan,post,1647621040,neutral
tk5aiq,ShadowBan,post,1647962205,neutral
tayh1o,SubredditDrama,post,1646918297,negative
taylln,SubredditDrama,post,1646918714,negative
tizioe,SubredditDrama,post,1647823941,negative
tk3itz,SubredditDrama,post,1647957209,negative
tkilc6,SubredditDrama,post,1647998749,negative
tqn7hp,SubredditDrama,post,1648513018,negative
tdw9su,TheOfficialPodcast,post,1647260630,negative
tbjo0y,UBC,post,1646979624,negative
tf5n71,UFOs,post,1647393218,negative
t4zuou,USF,post,1646226747,neutral
t5ektv,UkrainianConflict,post,1646267575,neutral
t5zfv5,Veterans,post,1646335430,neutral
tguxe4,WTF,post,1647584632,negative
t5z1n4,Warthunder,post,1646334364,neutral
t5zs2c,Warthunder,post,1646336370,negative
tbw7vi,WatchRedditDie,post,1647022247,negative
t5fmwe,Wellington,post,1646270813,positive
t9v1lz,Wrasslin,post,1646785479,negative
tqdo4b,Wrasslin,post,1648486217,negative
tiawju,arizona,post,1647742517,negative
tdm0pc,askgaybros,post,1647221843,negative
tjuubq,beauty,post,1647923356,negative
t7znhb,buttplug,post,1646576199,neutral
tc55wb,cannabiscultivation,post,1647047909,neutral
ta4a79,dadjokes,post,1646818811,negative
t7xr5j,depression,post,1646569689,neutral
tsxcvk,depression,post,1648724925,negative
t6dgmc,destiny2,post,1646378614,negative
ta3f7p,destiny2,post,1646814988,neutral
teqvit,destiny2,post,1647356246,neutral
tn4rdr,dykesgonemild,post,1648155937,negative
t9z1gh,exjw,post,1646798273,negative
tos2bh,facepalm,post,1648306112,negative
thy91l,farmingsimulator,post,1647705613,negative
thkfxh,fo4,post,1647653332,neutral
tlcfgy,futurebeats,post,1648066633,negative
tib8rc,gatech,post,1647743685,positive
t3zqnk,geometrydash,post,1646110403,neutral
t562cg,halo,post,1646244102,negative
th0jy4,help,post,1647607711,neutral
t6g4yp,help,post,1646390030,neutral
t6iyy5,help,post,1646400490,positive
t70004,help,post,1646449509,negative
tfr5qn,help,post,1647459597,neutral
tomxqw,help,post,1648295661,negative
tfudah,karma,post,1647468074,negative
tieq2t,lockpicking,post,1647756637,neutral
tb7n36,memes,post,1646943157,negative
tiysza,memes,post,1647821742,neutral
tf7km4,mentalhealth,post,1647399232,neutral
t5h8gs,metroidvania,post,1646275685,neutral
tawrkp,mildlyinfuriating,post,1646912143,neutral
tsj9sv,mildlyinfuriating,post,1648674435,negative
thph02,mildlyinfuriating,post,1647672246,negative
tipe8v,mildlyinfuriating,post,1647795345,negative
t7i58a,mildlyinfuriating,post,1646512240,negative
tkqyhr,modhelp,post,1648031638,neutral
tao394,nba,post,1646878787,negative
tao68m,nba,post,1646879055,negative
tao7fn,nba,post,1646879163,negative
tao830,nba,post,1646879215,negative
tpc32u,panelshow,post,1648353866,neutral
tpc3lu,panelshow,post,1648353923,neutral
t7ngvo,premed,post,1646528675,neutral
tqlrd1,pyrocynical,post,1648508491,neutral
t9ybp6,rant,post,1646795877,negative
t9fe2e,redditrequest,post,1646741187,negative
tg73c9,redditrequest,post,1647512845,neutral
tm1dmu,redditrequest,post,1648111506,neutral
tg02j9,redditrequest,post,1647485115,neutral
taiibg,redditrequest,post,1646862460,neutral
tq71ey,redditrequest,post,1648466518,neutral
tpldj5,redditrequest,post,1648392255,neutral
tkd5dn,redditrequest,post,1647983143,negative
tauzce,redditrequest,post,1646904451,negative
tsiksc,redditrequest,post,1648672572,neutral
tsuft3,redditrequest,post,1648711830,neutral
tfwyld,redditrequest,post,1647475384,neutral
tcz7yr,redditrequest,post,1647146685,neutral
tb2c2k,redditrequest,post,1646929290,neutral
tn3qhj,redditrequest,post,1648154913,neutral
tpm3s3,redditrequest,post,1648394482,neutral
tfmvzf,redditrequest,post,1647450507,neutral
tjqn0z,redditrequest,post,1647909730,neutral
t577rd,redditrequest,post,1646247154,neutral
tt8o2v,redditrequest,post,1648757868,neutral
ti7x1t,redditrequest,post,1647732882,neutral
t7ifoo,redditrequest,post,1646513106,neutral
tdn1lt,redditrequest,post,1647225200,neutral
t4k2h9,redditrequest,post,1646173265,neutral
tmrwkb,replika,post,1648144830,positive
thhy1f,revolution,post,1647645556,negative
td4xsc,russian,post,1647170611,neutral
t91kzt,sanfrancisco,post,1646692642,negative
t91wc4,sanfrancisco,post,1646693478,negative
titel0,saskatchewan,post,1647806307,negative
tr0c2i,secretsanta,post,1648562218,negative
tdbdzh,selfharm,post,1647191350,negative
tm2nlb,shittytattoos,post,1648117037,negative
t5p9fo,slimerancher,post,1646305951,neutral
tn7ydw,socialism,post,1648162755,negative
tkdw41,teenagers,post,1647985180,negative
tjy3wo,teenagers,post,1647937029,neutral
t9sdc1,teenagers,post,1646777766,negative
t8xb1h,teenagers,post,1646681511,neutral
th4nun,teenagers,post,1647619226,neutral
tnhiwi,thebachelor,post,1648197763,neutral
tbxdx2,traaaaaaannnnnnnnnns,post,1647025119,neutral
t7bg2d,trailerparkboys,post,1646493093,neutral
tpmrwo,ufc,post,1648396501,neutral
tfx3ru,ukraine,post,1647475834,positive
t5kksx,ukraine,post,1646286740,positive
tg4eim,ukraine,post,1647501310,negative
tpssok,unpopularopinion,post,1648413941,negative
tq0246,ussoccer,post,1648437619,neutral
tey2d6,vegan,post,1647373127,neutral
t6pk51,visualnovels,post,1646418671,neutral
tc6u9e,visualnovels,post,1647053744,negative
t9hjow,wallstreetbets,post,1646748388,neutral
tkpeb2,wallstreetbets,post,1648024545,negative
tr0p95,wallstreetbets,post,1648563248,negative
ta69ao,wow,post,1646827138,neutral
tp6auy,wow,post,1648334123,negative
tjfq0j,xbox,post,1647880016,neutral
tlyi7q,2007scape,post,1648099357,positive
tl91fu,2007scape,post,1648063497,negative
tpec0p,2b2t,post,1648363401,negative
tdfocr,AMA,post,1647203259,negative
tfhzyo,AZURE,post,1647438260,neutral
t5b4ua,Anarcho_Capitalism,post,1646257834,neutral
t56scz,AsianLadyboners,post,1646246003,neutral
ti5pe1,AskLibertarians,post,1647726318,negative
tbivu1,AskReddit,post,1646976621,neutral
t50grq,AskUK,post,1646228767,neutral
ti62uv,AutoModerator,post,1647727380,neutral
tipdyv,AutoModerator,post,1647795324,negative
tkuxxl,Borderlands2,post,1648045047,neutral
tkifwj,Bumble,post,1647998283,neutral
tfg2n7,Catholicism,post,1647432210,neutral
tkpfan,Chipotle,post,1648024681,positive
t9u3ge,Colts,post,1646782580,neutral
tjce1x,ContagiousLaughter,post,1647870998,negative
tgenqb,Cruise,post,1647535950,negative
tes6h6,EngineeringStudents,post,1647359751,negative
t8jx58,EnoughCommieSpam,post,1646638710,negative
ti3pl4,Eragon,post,1647720705,negative
thsx0h,FIFA,post,1647687859,negative
tqwnae,FL_Studio,post,1648549359,neutral
tpxjwj,Foofighters,post,1648429015,neutral
t87jdw,GBr4r,post,1646598357,negative
t59f30,GlobalOffensive,post,1646253018,positive
towdsi,JustUnsubbed,post,1648311955,negative
thx3wu,KDRAMA,post,1647702355,neutral
tq4j7k,Karting,post,1648455552,neutral
tla377,KingdomHearts,post,1648064564,neutral
t4lf4y,MMA,post,1646176841,negative
t8finh,MakeupAddiction,post,1646622220,neutral
tdaxf0,MapsWithoutNZ,post,1647190099,negative
tbwvsy,MassiveCock,post,1647023709,negative
tcb1xw,MechanicalKeyboards,post,1647069776,neutral
t5hh2l,Minecraft,post,1646276416,neutral
t3wm3a,ModSupport,post,1646100889,neutral
t8tzg1,ModSupport,post,1646672913,negative
t4khmh,ModSupport,post,1646174372,negative
tcphmb,ModSupport,post,1647115127,neutral
t9xwxc,ModSupport,post,1646794584,neutral
tbxs75,ModSupport,post,1647026211,neutral
tra27l,ModSupport,post,1648574325,neutral
tqisgv,ModSupport,post,1648499969,neutral
tjeaah,NSFW_Tributes,post,1647876197,negative
tpwysi,OnePiece,post,1648426947,negative
titlmy,OnePiece,post,1647806807,neutral
t7wuj4,OnePiece,post,1646565942,neutral
to7yoc,Overwatch,post,1648252242,negative
tpm5rr,PersonalFinanceCanada,post,1648394648,neutral
t59z7z,Philippines,post,1646254561,neutral
trdcjy,Rants,post,1648578211,negative
t660ju,RocketLeague,post,1646353742,negative
tjwzh7,SCJerk,post,1647932041,negative
tl9dfv,SCJerk,post,1648063819,negative
t53qy1,ScottishFootball,post,1646238095,neutral
tlwnia,SexWorkers,post,1648092740,neutral
t60y1v,ShadowBan,post,1646339462,negative
t70duk,SingleParents,post,1646450826,neutral
ta8382,TrueOffMyChest,post,1646833510,negative
tpx0yc,TrueOffMyChest,post,1648427164,negative
tll5cd,Ultralight,post,1648078167,negative
t8aa2b,VPN,post,1646605896,neutral
tcaf1c,Vans,post,1647067071,neutral
tfb1jx,WatchPeopleDieInside,post,1647411714,negative
t7ldg5,YouShouldKnow,post,1646521937,negative
tpdkwl,adventuretime,post,1648360014,neutral
tdglx4,ahegao,post,1647205786,neutral
tbpyls,askphilosophy,post,1647004718,neutral
tpofl1,assholedesign,post,1648401313,neutral
tb8co9,baseball,post,1646945103,neutral
tl1ejd,bjj,post,1648054814,neutral
tpq3qp,blogsnark,post,1648406257,neutral
t8xmsg,bugs,post,1646682377,neutral
tcy2kq,cigars,post,1647142447,negative
tomldg,coolguides,post,1648294293,negative
tbp4m8,copypasta,post,1647001910,neutral
tpx36f,creepyPMs,post,1648427379,negative
trx15u,creepyencounters,post,1648610183,neutral
t52xp8,cripplingalcoholism,post,1646235905,negative
t50vec,cyberpunkgame,post,1646229995,positive
t643bp,cyberpunkgame,post,1646348176,neutral
t8xt7p,cyberpunkgame,post,1646682848,neutral
tj5u7z,dankmemes,post,1647846617,negative
t4jhej,dankmemes,post,1646171736,neutral
tfes9a,darkjokes,post,1647427496,negative
tffvlg,darkjokes,post,1647431584,negative
tnklzg,darkjokes,post,1648210507,negative
trlezo,darkjokes,post,1648587764,negative
tqzgys,de,post,1648559625,neutral
t7nfjr,deadbydaylight,post,1646528552,negative
t7oetm,deadbydaylight,post,1646531935,negative
t87qj1,discordapp,post,1646598916,neutral
tebtig,dominion,post,1647303309,neutral
tf5kem,drones,post,1647392981,negative
tjdtja,ethereum,post,1647874957,neutral
tefesp,fantasybball,post,1647314217,neutral
tbap4z,findareddit,post,1646951107,negative
tplnvo,findareddit,post,1648393189,neutral
towxvu,forsen,post,1648312434,neutral
tfugk5,gardening,post,1647468318,neutral
tb6zym,gonewild,post,1646941387,neutral
tsvfrr,greentext,post,1648716488,negative
tctavx,gtaonline,post,1647126433,negative
tscrki,guitarcirclejerk,post,1648664282,neutral
t6qnz8,h1z1,post,1646421627,negative
trros2,h3h3productions,post,1648593143,negative
tqlwbh,help,post,1648508909,negative
tmu0vw,help,post,1648146640,negative
tar1wv,help,post,1646888570,negative
tp64mw,help,post,1648333575,neutral
tqnvs4,hentai,post,1648515194,neutral
tppx4n,howto,post,1648405715,neutral
tjid05,ideasfortheadmins,post,1647887018,neutral
tsx87z,india,post,1648724416,neutral
tn7lpj,ireland,post,1648161720,neutral
ts689b,kotor,post,1648646220,neutral
t3uty4,lawschooladmissions,post,1646095629,negative
trzz7q,legostarwars,post,1648621056,negative
t4113u,lgbt,post,1646114747,neutral
tgosmx,lockpicking,post,1647563762,negative
tidyad,magicTCG,post,1647753552,negative
tnm3sb,memes,post,1648215404,negative
tf70dq,memes,post,1647397426,neutral
tlwp06,mentalhealth,post,1648092871,negative
tmq21q,mentalhealth,post,1648143276,negative
tgjq4n,microdosing,post,1647549605,positive
t8bgwk,miraculousladybug,post,1646609393,neutral
ti1b86,modhelp,post,1647713986,negative
t4myxp,modhelp,post,1646181220,neutral
t6rc8a,modhelp,post,1646423526,neutral
tlukwk,nonprofit,post,1648087919,neutral
tt3lzy,osugame,post,1648744095,negative
tetg6c,panelshow,post,1647363116,positive
tnak8e,perth,post,1648170776,neutral
tklbzt,preppers,post,1648007550,neutral
thpjj1,rant,post,1647672577,negative
tq4qdf,rant,post,1648456510,negative
t9a5y4,redditrequest,post,1646719547,neutral
tly83a,redditrequest,post,1648098274,neutral
tsk1fb,redditrequest,post,1648676509,neutral
tqu584,redditrequest,post,1648538111,neutral
tpibwi,redditrequest,post,1648381785,neutral
tktias,redditrequest,post,1648040764,neutral
t69ny4,redditrequest,post,1646365213,neutral
tb2f0h,redditrequest,post,1646929517,neutral
t5gy6c,redditrequest,post,1646274791,neutral
trhi37,redditrequest,post,1648584485,neutral
thxu30,redditrequest,post,1647704433,neutral
tg9yjp,redditrequest,post,1647522823,neutral
tiw7i4,redditrequest,post,1647814049,neutral
tqeap2,redditrequest,post,1648487860,neutral
ts58ig,redditrequest,post,1648643026,neutral
tfikoa,redditrequest,post,1647439913,neutral
t3zvt7,redditrequest,post,1646110861,neutral
tfrl3w,redditrequest,post,1647460508,neutral
ta9jvw,redditrequest,post,1646837764,neutral
tkfcjj,redditrequest,post,1647989196,neutral
tjhn5m,redditrequest,post,1647885188,neutral
tfb2n9,redditrequest,post,1647411839,neutral
trvovs,redditrequest,post,1648605796,neutral
t7fx3l,redditrequest,post,1646505799,neutral
tg7trv,reptiles,post,1647515724,neutral
t6z8b5,roblox,post,1646446948,negative
tjp1wc,sadboys,post,1647905011,neutral
td5kzr,sbubby,post,1647173215,neutral
td69jq,sbubby,post,1647175800,neutral
tnoz0l,shittydarksouls,post,1648223727,negative
toltzx,shittydarksouls,post,1648291055,negative
tn6en1,shortstories,post,1648158389,neutral
thic8r,speedrun,post,1647646745,neutral
tc4bqw,starcraft2,post,1647045186,positive
tmf6it,teenagers,post,1648133519,negative
tgt0hx,teenagers,post,1647577115,neutral
tm3ef4,teenagers,post,1648119950,neutral
t753k5,teenagers,post,1646469032,negative
t7imez,teenagers,post,1646513664,neutral
tpfxmv,teenagers,post,1648370921,neutral
tiiu5t,teenagers,post,1647774892,negative
tiyhm8,teenagers,post,1647820790,negative
t9gbkl,teenagers,post,1646744495,neutral
tpil27,teenagers,post,1648382771,negative
t4yoci,teenagers,post,1646222617,neutral
tkb1dv,teenagers,post,1647977551,neutral
t8gbmi,teenagers,post,1646624928,negative
tdnz5r,teenagers,post,1647228291,neutral
tgp9cr,toronto,post,1647565169,negative
t8ra3d,transformers,post,1646665747,positive
thxy4y,transgendercirclejerk,post,1647704756,negative
t504vq,trees,post,1646227680,negative
t5weye,ukraine,post,1646327506,neutral
tfi0qs,ukraine,post,1647438326,neutral
tr9res,ukraine,post,1648573527,negative
t8bnc8,ultrawidemasterrace,post,1646609920,neutral
tivwpu,unpopularopinion,post,1647813215,negative
tfapb7,unpopularopinion,post,1647410331,neutral
t7rq73,unt,post,1646543746,neutral
ticdb2,untrustworthypoptarts,post,1647747679,neutral
t4ados,vexillologycirclejerk,post,1646148273,negative
t5wrk7,vexillologycirclejerk,post,1646328400,negative
tly5rj,walmart,post,1648098034,neutral
tioy30,windows,post,1647794122,neutral
tpf9tx,writing,post,1648367825,negative
tmmf1p,2007scape,post,1648140117,neutral
tcf7yf,ACMilan,post,1647087379,negative
tebjol,AZCardinals,post,1647302491,neutral
tfiuwv,ApplyingToCollege,post,1647440726,positive
tjldal,ApplyingToCollege,post,1647894989,neutral
tcpjfe,ApplyingToCollege,post,1647115261,neutral
trwyka,AskModerators,post,1648609934,negative
taurpk,AskReddit,post,1646903449,neutral
tqyost,AskReddit,post,1648557033,negative
tqc0zs,AskReddit,post,1648481785,neutral
t61q5i,AskReddit,post,1646341571,negative
tgwx9g,AutoModerator,post,1647593503,neutral
tt5tip,Bitcoin,post,1648750071,negative
t3yef6,Brawlstars,post,1646106207,neutral
tgwcpq,Brawlstars,post,1647590857,negative
teenh8,BreastEnvy,post,1647311874,neutral
tjwebp,Buddhism,post,1647929591,neutral
tcdjjb,CalPoly,post,1647080429,neutral
tnmeqp,Christianity,post,1648216343,positive
tgn26o,CitiesSkylinesModding,post,1647558700,negative
tqpry9,Conservative,post,1648521419,negative
thayfu,DC_Cinematic,post,1647627266,negative
tq12ms,DC_Cinematic,post,1648441263,neutral
tkie05,DescentIntoTyranny,post,1647998115,neutral
thaezx,DynastyFF,post,1647626827,neutral
t4a9py,Eminem,post,1646147981,neutral
td33up,FashionReps,post,1647162817,neutral
tsdjp5,FragReddit,post,1648666387,neutral
ts8wuw,FullScorpion,post,1648653873,negative
tg5poa,Guitar,post,1647507026,neutral
tg5q9w,Guitar,post,1647507104,neutral
t712s8,IndiaSpeaks,post,1646453209,neutral
tp0b4f,JordanPeterson,post,1648321196,negative
tri5i3,JordanPeterson,post,1648584864,neutral
tjcpek,JordanPeterson,post,1647871849,negative
t4c34d,Kanye,post,1646152722,neutral
te7ux3,Libertarian,post,1647292066,negative
t6y9uk,MST3K,post,1646443802,neutral
tayg0b,MadeInAbyss,post,1646918197,neutral
tfxzdv,MeetPeople,post,1647478567,negative
t4tt23,ModSupport,post,1646202584,neutral
tobkza,ModSupport,post,1648258859,negative
tbx0sc,OkCupid,post,1647024092,neutral
thq8w5,OnePiece,post,1647675772,negative
t8ee6c,PiratedGames,post,1646618519,negative
te766q,Planetside,post,1647290266,negative
te7iws,Planetside,post,1647291211,negative
te866l,Planetside,post,1647292965,negative
t4v9su,RedditLaqueristas,post,1646208315,negative
tqi46y,RocketLeagueExchange,post,1648498147,neutral
tq5q09,ScottishFootball,post,1648461025,positive
t8t59s,ShingekiNoKyojin,post,1646670769,negative
tauhz0,ShingekiNoKyojin,post,1646902241,neutral
taujy8,ShingekiNoKyojin,post,1646902489,neutral
t83zu0,Sims4,post,1646588598,neutral
t3twip,Smite,post,1646092954,negative
t7el7b,StardewValley,post,1646502003,neutral
t7yd24,StardewValley,post,1646571979,neutral
tf4hq2,StardewValley,post,1647389757,neutral
tqebaw,StardewValley,post,1648487908,negative
tsoywq,StardewValley,post,1648691563,neutral
th92ga,TooAfraidToAsk,post,1647625730,neutral
th6luf,TributeMe,post,1647623179,negative
trem3z,VietNam,post,1648580278,negative
tswj0d,Volkswagen,post,1648721412,neutral
teszyd,Warthunder,post,1647361920,neutral
tjeazd,airsoft,post,1647876245,negative
t9q6cz,atheism,post,1646771577,neutral
tjuhy3,atheism,post,1647922070,negative
tprljt,atheism,post,1648410491,negative
tqoiey,atheism,post,1648517245,negative
td67x3,autism,post,1647175621,negative
tp0bhv,avengedsevenfold,post,1648321213,neutral
tmyi37,bengals,post,1648150455,neutral
t6y8uk,borrow,post,1646443698,neutral
tdxzaj,breakingbad,post,1647265923,negative
tl6v8o,buildapc,post,1648060583,neutral
t6cjn1,cars,post,1646375130,negative
ts339i,coins,post,1648634994,neutral
t3y9i2,conspiracy,post,1646105787,negative
tgwph9,creepypasta,post,1647592504,neutral
t7s4hj,dankmemes,post,1646545328,neutral
tmjrkq,dankmemes,post,1648137884,negative
tcia1v,duckduckgo,post,1647097628,negative
tk6k77,facepalm,post,1647965654,negative
tgerhx,furry,post,1647536223,negative
tpawhr,geometrydash,post,1648349453,neutral
tkeddc,guitars,post,1647986480,neutral
tewk9n,help,post,1647369885,neutral
t4qj4n,help,post,1646191806,neutral
tesxi5,hockey,post,1647361739,neutral
ttd0m2,horizon,post,1648770283,neutral
tp0uvz,ideasfortheadmins,post,1648322815,neutral
t6crz8,islam,post,1646375988,neutral
t69rt1,leaves,post,1646365561,positive
tdhl9v,mildlyinfuriating,post,1647208522,negative
t5xanj,offmychest,post,1646329782,negative
t5yjaa,offmychest,post,1646333035,neutral
t6a59n,offmychest,post,1646366772,neutral
t7re5b,offmychest,post,1646542473,negative
te55d1,offmychest,post,1647284927,negative
tg2r21,offmychest,post,1647494468,negative
ti63b6,offmychest,post,1647727415,negative
tk8da4,offmychest,post,1647970483,negative
tpr5kd,offmychest,post,1648409238,negative
tsrxf5,offmychest,post,1648701537,negative
tt68j6,oklahoma,post,1648751204,neutral
tczo2i,panthers,post,1647148346,positive
t5ys9o,pokemon,post,1646333702,neutral
te74y9,pokemon,post,1647290175,negative
tgof9t,pokemon,post,1647562661,neutral
tsxml1,polyamory,post,1648725999,negative
tqqtqu,premed,post,1648525005,positive
t7e78j,pugs,post,1646500915,neutral
tp8v3u,raisedbynarcissists,post,1648342253,negative
tr1cgx,redditrequest,post,1648564468,neutral
tbxxt8,redditrequest,post,1647026663,neutral
tedwdq,redditrequest,post,1647309588,neutral
tpv7nr,redditrequest,post,1648421129,neutral
tgviyy,redditrequest,post,1647587153,neutral
teswfo,redditrequest,post,1647361657,neutral
tevwgs,redditrequest,post,1647368454,neutral
th2ba6,redditrequest,post,1647612850,neutral
tshe93,redditrequest,post,1648670403,neutral
tqzr03,redditrequest,post,1648560502,neutral
tboddn,redditrequest,post,1646999095,neutral
tcee1r,redditrequest,post,1647084013,neutral
tq5461,redditrequest,post,1648458252,neutral
tq7uul,redditrequest,post,1648469419,neutral
tdarew,redditrequest,post,1647189638,neutral
t40d9a,redditrequest,post,1646112412,neutral
t6ks3t,redditrequest,post,1646405871,neutral
tacfqc,skyrimmods,post,1646845648,neutral
tnxtkg,sysadmin,post,1648238703,neutral
tc0tz8,tarot,post,1647034783,neutral
t7zr1h,teenagers,post,1646576511,neutral
t6pmnf,teenagers,post,1646418858,neutral
tpkr5u,teenagers,post,1648390286,neutral
tnlmsn,thefighterandthekid,post,1648213934,negative
tqlr78,thefighterandthekid,post,1648508475,negative
ts78xo,thefighterandthekid,post,1648649260,negative
tpw8lb,thesopranos,post,1648424472,neutral
t58b56,unpopularopinion,post,1646250052,negative
tlucdg,unpopularopinion,post,1648087754,negative
tftqxb,unpopularopinion,post,1647466369,negative
t6186m,uwaterloo,post,1646340228,negative
t619er,uwaterloo,post,1646340320,negative
t61dlr,uwaterloo,post,1646340650,negative
t4qvmi,winnipegjets,post,1646192889,neutral
t5bmaj,writing,post,1646259142,negative
ta7v7k,zelda,post,1646832782,neutral
tp9i2u,2007scape,post,1648344459,negative
t5j381,7daystodie,post,1646281587,neutral
t8x1ok,7daystodie,post,1646680840,neutral
ttd5c7,ApplyingToCollege,post,1648770708,neutral
tlriiq,ApplyingToCollege,post,1648084831,positive
thxce8,AskOuija,post,1647703034,neutral
tc4or1,AskOuija,post,1647046364,neutral
tpxpmy,AskOuija,post,1648429564,negative
tl8q0k,AskReddit,post,1648062656,negative
tl8sj7,AskReddit,post,1648062841,neutral
tgd0tc,AskReddit,post,1647531547,negative
t678r2,AskThe_Donald,post,1646357539,negative
tpd4k4,BeAmazed,post,1648358051,negative
tpd5tf,BeAmazed,post,1648358207,negative
ti786l,BingeEatingDisorder,post,1647730781,negative
tpccdc,Bitcoin,post,1648354892,neutral
tcv101,Boruto,post,1647131957,positive
tgfm9h,ComedyNecrophilia,post,1647538526,negative
tki880,Cosmere,post,1647997627,neutral
tddzsk,DID,post,1647198599,neutral
t6nshi,Drag,post,1646413959,neutral
tpiarv,FortNiteBR,post,1648381663,negative
tfyd8s,Gamingcirclejerk,post,1647479740,positive
tibr1b,Gamingcirclejerk,post,1647745438,positive
tg3ors,Glocks,post,1647498262,neutral
tfgnj0,Guitar,post,1647434078,negative
tg76ja,Guitar,post,1647513216,neutral
tg7757,Guitar,post,1647513288,neutral
tkcfbv,Huskers,post,1647981252,positive
tlabem,JustUnsubbed,post,1648064789,negative
t5zffn,JusticeServed,post,1646335395,neutral
tsxvyw,KingkillerChronicle,post,1648727020,negative
tpj49o,LPOTL,post,1648384878,neutral
toyu54,Mcat,post,1648316847,neutral
t3wa8m,Minecraft,post,1646099954,negative
te48sb,NYYankees,post,1647282565,neutral
t9cvp3,Netherlands,post,1646730752,neutral
t93w9j,NoStupidQuestions,post,1646699328,negative
t97ibp,Petioles,post,1646710408,positive
tkejz3,PhantomForces,post,1647986977,negative
tfldim,PrequelMemes,post,1647446453,neutral
ts8thw,RandomActsofCards,post,1648653631,neutral
tgsa8u,Saints,post,1647574642,negative
tq0jky,SpaceXLounge,post,1648439347,negative
t9u7af,StLouis,post,1646782900,negative
tjogvx,Steam_Link,post,1647903410,negative
tfa2tr,TooAfraidToAsk,post,1647407914,neutral
tp3bst,TooAfraidToAsk,post,1648326327,negative
th6f2t,TopMindsOfReddit,post,1647622931,negative
tdebs2,Twitch,post,1647199551,neutral
t9aaq6,UkrainianConflict,post,1646720046,positive
tae3v4,Warthunder,post,1646850399,negative
t9gv1n,WatchRedditDie,post,1646746295,negative
tsdqje,YogaPants,post,1648666866,negative
t4g1ez,aikido,post,1646162817,negative
tbshem,answers,post,1647012297,negative
tf64dj,askgaybros,post,1647394690,negative
tjckdb,askwomenadvice,post,1647871457,neutral
tf60fu,baseball,post,1647394343,neutral
t79iuk,beta,post,1646487144,neutral
tooh6a,bollywood,post,1648301216,neutral
tpynpv,conspiracy,post,1648432806,neutral
tpza04,conspiracy,post,1648434909,positive
ta8uti,danganronpa,post,1646835707,neutral
tedh4p,dankmemes,post,1647308254,neutral
ta46mt,darkjokes,post,1646818358,neutral
td5jqf,deadbydaylight,post,1647173085,negative
toagmt,deals,post,1648257632,neutral
tga2qt,ethtrader,post,1647523190,neutral
tgaqy1,ethtrader,post,1647525153,neutral
t6hrtx,fatlogic,post,1646396476,negative
tbj4ey,fitness30plus,post,1646977539,negative
tffpyi,funny,post,1647431034,neutral
teophs,gaming,post,1647349989,negative
ti96xd,gaming,post,1647736843,neutral
tnvqu6,gaming,post,1648233409,neutral
t4kiep,germanshepherds,post,1646174426,neutral
t7ebha,help,post,1646501244,neutral
tju42n,help,post,1647920766,neutral
tklg3f,help,post,1648007942,neutral
t4mair,help,post,1646179270,neutral
tc4j8z,ireland,post,1647045861,neutral
t64kiz,karma,post,1646349542,neutral
ti2ogr,lego,post,1647717806,negative
ti0e4b,lgbt,post,1647711447,negative
thk14x,lostgeneration,post,1647651988,negative
tpk339,marinebiology,post,1648388192,neutral
t6hew2,mechanics,post,1646395243,negative
ts0fyf,medical,post,1648623000,negative
tno7g0,memes,post,1648221503,neutral
t9f0qs,memes,post,1646739812,negative
t5s7uk,mildlyinfuriating,post,1646316057,negative
t62xb1,mildlyinfuriating,post,1646344996,negative
t6swt9,mildlyinfuriating,post,1646427885,negative
t6zgcl,mildlyinfuriating,post,1646447686,negative
t7bf23,mildlyinfuriating,post,1646493007,negative
t7fh4b,mildlyinfuriating,post,1646504543,negative
t8fh0w,mildlyinfuriating,post,1646622075,negative
t9nrzd,mildlyinfuriating,post,1646765132,negative
t9nt82,mildlyinfuriating,post,1646765227,negative
t9s6f9,mildlyinfuriating,post,1646777189,negative
t9uv7n,mildlyinfuriating,post,1646784941,negative
ta4ooj,mildlyinfuriating,post,1646820641,negative
ta6kg4,mildlyinfuriating,post,1646828275,negative
ta92qo,mildlyinfuriating,post,1646836349,negative
tat5kk,mildlyinfuriating,post,1646896460,neutral
tbbzgt,mildlyinfuriating,post,1646954434,negative
tc7kdx,mildlyinfuriating,post,1647056299,negative
td9hgj,mildlyinfuriating,post,1647186007,negative
tdamec,mildlyinfuriating,post,1647189246,negative
tdc7vb,mildlyinfuriating,post,1647193690,negative
tdim9r,mildlyinfuriating,post,1647211420,negative
tdji3f,mildlyinfuriating,post,1647214018,negative
teisjz,mildlyinfuriating,post,1647326524,neutral
tf91h8,mildlyinfuriating,post,1647404121,negative
tfh6zf,mildlyinfuriating,post,1647435810,neutral
tfjisc,mildlyinfuriating,post,1647442627,negative
tg2jyq,mildlyinfuriating,post,1647493741,negative
thzj38,mildlyinfuriating,post,1647709119,negative
ti4ru0,mildlyinfuriating,post,1647723678,negative
tibyqz,mildlyinfuriating,post,1647746198,negative
tj05sa,mildlyinfuriating,post,1647825953,positive
tkbf1u,mildlyinfuriating,post,1647978595,negative
tmngwp,mildlyinfuriating,post,1648140974,negative
tmrkkf,mildlyinfuriating,post,1648144552,negative
tniwy1,mildlyinfuriating,post,1648204081,negative
tospuz,mildlyinfuriating,post,1648308091,negative
tpcdmy,mildlyinfuriating,post,1648355027,negative
tpyd83,mildlyinfuriating,post,1648431837,negative
tqboek,mildlyinfuriating,post,1648480821,negative
trz9uv,mildlyinfuriating,post,1648618284,negative
ts5fyn,mildlyinfuriating,post,1648643747,negative
tt8fhp,mildlyinfuriating,post,1648757206,negative
tt5qlh,modhelp,post,1648749852,neutral
tg8r09,modhelp,post,1647519005,neutral
tcsu2t,modhelp,post,1647125038,negative
tshz5y,modhelp,post,1648671629,neutral
t5vvzp,modhelp,post,1646326199,neutral
tnahqy,moviescirclejerk,post,1648170547,neutral
tlhaba,newyork,post,1648072332,negative
tqimzj,onguardforthee,post,1648499540,neutral
tk6ali,ontario,post,1647964945,negative
tqbgbu,pakistan,post,1648480187,neutral
tc77gr,quityourbullshit,post,1647055031,negative
tqs46r,r4r,post,1648529715,positive
tf78w2,redditrequest,post,1647398203,neutral
tf8yr5,redditrequest,post,1647403847,negative
tiqbjw,redditrequest,post,1647797825,neutral
tgymrk,redditrequest,post,1647600820,neutral
t4ghuy,redditrequest,post,1646164020,neutral
tigulz,redditrequest,post,1647766386,neutral
tqn1pm,redditrequest,post,1648512498,neutral
tiuzfh,redditrequest,post,1647810583,neutral
tidskr,redditrequest,post,1647752960,neutral
tahjri,redditrequest,post,1646859793,neutral
tsfqnz,redditrequest,post,1648669144,negative
tfzff6,redditrequest,post,1647483067,neutral
tjj73z,redditrequest,post,1647889223,negative
t4vud6,redditrequest,post,1646210732,neutral
tnlkob,redditrequest,post,1648213746,neutral
tef0ap,redditrequest,post,1647312978,neutral
te7nc6,redditrequest,post,1647291533,neutral
tsvtrh,redditrequest,post,1648718267,neutral
tconjt,redditrequest,post,1647112739,neutral
tfefdq,redditrequest,post,1647426089,neutral
t5l46b,redditrequest,post,1646288737,neutral
tjutbg,redditrequest,post,1647923248,neutral
tsyunz,redditrequest,post,1648730393,neutral
tj64ba,redditrequest,post,1647847842,neutral
t4dcn2,selfimprovement,post,1646155969,neutral
tny7ab,shittydarksouls,post,1648239788,negative
ts6yhu,socialanxiety,post,1648648431,neutral
tify3d,srilanka,post,1647762202,negative
th3w9j,starwarsmemes,post,1647617156,neutral
tbb0wt,stopdrinking,post,1646951912,positive
towep5,suns,post,1648311973,negative
tkwgju,teenagers,post,1648049244,negative
t3yuci,teenagers,post,1646107528,neutral
t3z0eu,teenagers,post,1646108044,neutral
t49xbx,teenagers,post,1646147072,neutral
t4rv8o,teenagers,post,1646195989,neutral
t4sidk,teenagers,post,1646198107,neutral
t4sr1c,teenagers,post,1646198911,neutral
t4th78,teenagers,post,1646201376,negative
t4x0f5,teenagers,post,1646215753,negative
t4yqkf,teenagers,post,1646222858,neutral
t514nz,teenagers,post,1646230770,negative
t53buy,teenagers,post,1646236987,negative
t53qh2,teenagers,post,1646238059,neutral
t57ctw,teenagers,post,1646247518,neutral
t57wgm,teenagers,post,1646248964,negative
t58u44,teenagers,post,1646251435,positive
t5b1sk,teenagers,post,1646257603,neutral
t5bp3z,teenagers,post,1646259370,neutral
t5byoq,teenagers,post,1646260072,negative
t5ccti,teenagers,post,1646261124,neutral
t5l622,teenagers,post,1646288947,negative
t5lzmp,teenagers,post,1646292139,neutral
t5og1i,teenagers,post,1646302633,negative
t5qear,teenagers,post,1646310196,neutral
t5qnqv,teenagers,post,1646311025,negative
t5qq59,teenagers,post,1646311249,negative
t5r40p,teenagers,post,1646312566,neutral
t64rr3,teenagers,post,1646350122,negative
t64sw5,teenagers,post,1646350214,neutral
t64tlm,teenagers,post,1646350272,neutral
t68b3o,teenagers,post,1646360898,neutral
t6dur9,teenagers,post,1646380204,negative
t6iegs,teenagers,post,1646398617,neutral
t6jh4b,teenagers,post,1646402111,neutral
t6u1ir,teenagers,post,1646431040,negative
t6u8nf,teenagers,post,1646431575,neutral
t6x9od,teenagers,post,1646440541,neutral
t6y88a,teenagers,post,1646443645,neutral
t722e2,teenagers,post,1646456744,negative
t73amh,teenagers,post,1646461443,neutral
t7anf7,teenagers,post,1646490698,negative
t7dorp,teenagers,post,1646499485,negative
t7h7i6,teenagers,post,1646509521,neutral
t7mpui,teenagers,post,1646526209,neutral
t7obw9,teenagers,post,1646531652,neutral
t7q995,teenagers,post,1646538268,negative
t7qqzr,teenagers,post,1646540056,neutral
t7shsu,teenagers,post,1646546852,negative
t7susc,teenagers,post,1646548355,neutral
t7x07d,teenagers,post,1646566626,neutral
t80fae,teenagers,post,1646578623,negative
t80umg,teenagers,post,1646579862,neutral
t8295u,teenagers,post,1646583837,negative
t83tpu,teenagers,post,1646588136,neutral
t89abx,teenagers,post,1646603186,neutral
t89qcs,teenagers,post,1646604382,neutral
t8agoj,teenagers,post,1646606417,negative
t8aids,teenagers,post,1646606557,negative
t8ap11,teenagers,post,1646607123,neutral
t8c5kk,teenagers,post,1646611461,negative
t8l8ec,teenagers,post,1646644301,neutral
t8vu2p,teenagers,post,1646677691,neutral
t8xo4o,teenagers,post,1646682477,positive
t94or5,teenagers,post,1646701710,negative
t9gdze,teenagers,post,1646744709,neutral
t9nylc,teenagers,post,1646765627,negative
t9pzds,teenagers,post,1646771054,neutral
ta2twe,teenagers,post,1646812390,neutral
taaqt1,teenagers,post,1646841117,negative
tapwa0,teenagers,post,1646884556,negative
tb7adg,teenagers,post,1646942185,neutral
tbckr0,teenagers,post,1646955998,negative
tbtnra,teenagers,post,1647015576,negative
tc9mbr,teenagers,post,1647063965,negative
tca8h8,teenagers,post,1647066333,negative
tcbz35,teenagers,post,1647073711,neutral
tcoy69,teenagers,post,1647113626,neutral
tcz7m5,teenagers,post,1647146647,negative
tcz8ru,teenagers,post,1647146767,neutral
td8d16,teenagers,post,1647182648,negative
tda9ki,teenagers,post,1647188225,negative
tdbcad,teenagers,post,1647191217,negative
tdbmz7,teenagers,post,1647192061,neutral
tdox2m,teenagers,post,1647231500,negative
te4iu5,teenagers,post,1647283284,neutral
te5c2w,teenagers,post,1647285410,negative
te8t2v,teenagers,post,1647294829,neutral
tedr7f,teenagers,post,1647309132,negative
tev3fj,teenagers,post,1647367028,neutral
tf72oi,teenagers,post,1647397632,neutral
tf905x,teenagers,post,1647403993,negative
tfa1n4,teenagers,post,1647407789,negative
tfbyv2,teenagers,post,1647415678,neutral
tfpswy,teenagers,post,1647457385,neutral
tfrsy0,teenagers,post,1647461082,neutral
tgdv0n,teenagers,post,1647533790,neutral
th0d0h,teenagers,post,1647607134,negative
tha507,teenagers,post,1647626637,neutral
thdot7,teenagers,post,1647633482,negative
thk5vc,teenagers,post,1647652402,neutral
ti2sb8,teenagers,post,1647718115,negative
ti4dil,teenagers,post,1647722566,neutral
tj144a,teenagers,post,1647829008,neutral
tj9xum,teenagers,post,1647863291,neutral
tjjdaq,teenagers,post,1647889654,neutral
tjrb3o,teenagers,post,1647911764,negative
tjyaqb,teenagers,post,1647937883,neutral
tk1d5l,teenagers,post,1647950500,positive
tk9667,teenagers,post,1647972606,neutral
tkkfjo,teenagers,post,1648004593,neutral
tkuyig,teenagers,post,1648045089,neutral
tl8ypn,teenagers,post,1648063288,negative
tlwk1k,teenagers,post,1648092417,neutral
tlyqvi,teenagers,post,1648100333,negative
tlztdd,teenagers,post,1648104748,negative
tm1gi2,teenagers,post,1648111859,negative
tm8i6a,teenagers,post,1648127202,negative
tmrofi,teenagers,post,1648144664,negative
tn5z5t,teenagers,post,1648157156,negative
tn7pqe,teenagers,post,1648162050,negative
tngi7b,teenagers,post,1648192868,neutral
tnxrw5,teenagers,post,1648238579,neutral
toh8bc,teenagers,post,1648270396,negative
tohx51,teenagers,post,1648273226,negative
tp9qt5,teenagers,post,1648345274,neutral
tppot4,teenagers,post,1648405013,negative
tpsd0j,teenagers,post,1648412678,positive
tq7l3g,teenagers,post,1648468569,neutral
tq7pzm,teenagers,post,1648468997,neutral
tq7qc4,teenagers,post,1648469028,neutral
tq7qpx,teenagers,post,1648469058,neutral
tq7r28,teenagers,post,1648469090,neutral
tqcoqq,teenagers,post,1648483582,negative
tqqs54,teenagers,post,1648524849,negative
tqtk9i,teenagers,post,1648535579,neutral
tqxsjz,teenagers,post,1648553950,positive
trwzgf,teenagers,post,1648610020,negative
ts4x6c,teenagers,post,1648641912,negative
ts5fd4,teenagers,post,1648643689,neutral
ts75eo,teenagers,post,1648648973,neutral
ts8jgv,teenagers,post,1648652860,neutral
tstel1,teenagers,post,1648707347,negative
ttajgs,teenagers,post,1648762931,negative
ttaki1,teenagers,post,1648763016,negative
tg3liw,throatpies,post,1647497901,positive
tornhf,ukraine,post,1648305312,negative
t51p89,ukraine,post,1646232473,neutral
tj3ovs,ukraine,post,1647837759,negative
t9zkap,unpopularopinion,post,1646800067,negative
tsruyx,unpopularopinion,post,1648701295,negative
ts61ip,vermont,post,1648645618,neutral
tqfgct,wallstreetbets,post,1648490945,negative
t6sbwh,wallstreetbets,post,1646426267,negative
t5brz9,40something,post,1646259589,neutral
tl1vkz,Anarcho_Capitalism,post,1648055277,neutral
tdxl0w,Anarcho_Capitalism,post,1647264730,neutral
tet9ky,ApplyingToCollege,post,1647362642,neutral
tp3uv4,ApplyingToCollege,post,1648327949,neutral
ttajx4,Aquariums,post,1648762971,neutral
tgompu,AskReddit,post,1647563272,negative
t9pn7w,AskReddit,post,1646770127,negative
teflqz,AskThe_Donald,post,1647314846,neutral
t8sfos,BDSMAdvice,post,1646668858,negative
tdv1kv,Bossfight,post,1647256221,negative
tazve7,CannabisExtracts,post,1646922415,negative
t8bron,ClashOfClans,post,1646610291,negative
tbpem7,Conservative,post,1647002895,negative
tsyf4t,Denver,post,1648728887,negative
t6nzac,Destiny,post,1646414468,negative
t6dhhl,DestinyMemes,post,1646378716,negative
tovmtm,DynastyFF,post,1648311310,neutral
to97kk,FL_Studio,post,1648253486,negative
tsxy85,FortNiteBR,post,1648727268,neutral
tlzdya,ForwardsFromKlandma,post,1648102913,negative
tar703,GameTheorists,post,1646889066,neutral
too7hb,Gamingcirclejerk,post,1648300278,negative
t7hu2h,Gymnastics,post,1646511335,positive
tjfz0l,IndiaSpeaks,post,1647880689,neutral
toexbj,Instagram,post,1648261886,neutral
t81bv9,Jokes,post,1646581269,neutral
tjeeem,Libertarian,post,1647876500,neutral
tref2d,MadokaMagica,post,1648579732,neutral
tg2wpr,ModSupport,post,1647495098,neutral
tmm3zh,ModSupport,post,1648139864,negative
t8h7mm,ModSupport,post,1646628081,negative
t8ujh3,Morrowind,post,1646674348,negative
tahs14,NHLHUT,post,1646860433,negative
tck5b1,Naruto,post,1647103022,negative
tisht6,Naruto,post,1647803793,negative
t74e9m,Philippines,post,1646465987,negative
teun6d,Piracy,post,1647365851,negative
t4ram4,PoliticalHumor,post,1646194174,negative
tiarz2,Predators,post,1647742110,neutral
tp3bn9,Rants,post,1648326314,negative
tduunk,Republican,post,1647255512,negative
t5nvsx,Sims4,post,1646300207,negative
tott19,SquaredCircle,post,1648309776,negative
t5ktif,SquaredCircle,post,1646287590,negative
tscg1t,Stormlight_Archive,post,1648663411,negative
teptpr,Texans,post,1647353291,neutral
ti2syr,Tgirls,post,1647718168,negative
tkmbub,TrueOffMyChest,post,1648011205,negative
tga2u8,TrueOffMyChest,post,1647523199,neutral
ts96ss,UnresolvedMysteries,post,1648654623,positive
tb65m4,WEPES,post,1646939276,negative
tf8iyq,WWE,post,1647402362,negative
tf8z55,WWE,post,1647403889,negative
tf93dg,WWE,post,1647404301,positive
t7lsq0,ask,post,1646523264,neutral
t7noul,ask,post,1646529452,negative
t7p6xq,ask,post,1646534599,neutral
t8gq3i,ask,post,1646626309,negative
t8gra4,ask,post,1646626427,negative
tl7rvh,asktransgender,post,1648061280,neutral
t6v5zd,assholegonewild,post,1646434233,neutral
tcv95c,assholegonewild,post,1647132740,neutral
thp2kf,assholegonewild,post,1647670395,neutral
t4mjv4,barefoot,post,1646180005,neutral
tn22tf,berkeley,post,1648153433,positive
tgrs77,bollywood,post,1647572995,negative
tp53hi,bugs,post,1648331732,negative
t578r9,childfree,post,1646247227,neutral
tbzex3,conspiracy,post,1647030799,negative
ts49ab,conspiracy,post,1648639577,neutral
tkdwhp,conspiracy,post,1647985209,negative
tsbni5,conspiracy,post,1648661314,neutral
t865fp,cripplingalcoholism,post,1646594484,neutral
tonosi,cscareerquestions,post,1648298468,neutral
tfuh7a,darkestdungeon,post,1647468370,positive
tfnwcv,dating_advice,post,1647453186,neutral
t7dcgr,denvernuggets,post,1646498516,neutral
t9ktbq,depression,post,1646757370,neutral
t6dhcd,destiny2,post,1646378702,negative
t49i9k,discgolf,post,1646145950,neutral
t51whp,discordapp,post,1646233068,neutral
tbykyh,discordapp,post,1647028486,neutral
tdcb4d,facebook,post,1647193945,negative
t9lac9,gaming,post,1646758640,neutral
tc56sk,gofundme,post,1647047993,neutral
tpng47,gtavcustoms,post,1648398440,positive
tro4xz,h3h3productions,post,1648591017,negative
t6wtj5,help,post,1646439134,negative
t51bbc,help,post,1646231310,negative
tdojay,help,post,1647230188,neutral
th77dx,infp,post,1647623900,neutral
t4pgyx,introvert,post,1646188627,positive
tgfk1a,javascript,post,1647538360,neutral
tlu32w,jerma985,post,1648087492,neutral
th3qey,jmu,post,1647616718,neutral
t9qenh,knitting,post,1646772213,neutral
t6bm2u,leagueoflegends,post,1646371752,negative
tsnu41,lgbt,post,1648687902,negative
tgc497,lgbt,post,1647529086,negative
tavgsz,loltyler1,post,1646906673,negative
t48kw2,london,post,1646143313,positive
t5szz9,marilyn_manson,post,1646318332,negative
tdp8s2,marilyn_manson,post,1647232677,neutral
tkmowu,memes,post,1648012608,neutral
tb73dl,modhelp,post,1646941656,neutral
tk30td,modhelp,post,1647955705,neutral
tm0pf5,modhelp,post,1648108541,neutral
tg3066,needamod,post,1647495477,positive
tkgd5i,notinteresting,post,1647992033,neutral
tkgdlu,notinteresting,post,1647992068,neutral
t8oqvt,offmychest,post,1646658204,negative
t86w3s,ontario,post,1646596549,negative
t86xb0,ontario,post,1646596646,neutral
tmv81j,ottawa,post,1648147688,negative
tl4x1m,pakistan,post,1648059043,neutral
tl5cll,pakistan,post,1648059364,neutral
tpkdtr,pakistan,post,1648389142,negative
tecd8q,philadelphia,post,1647304985,neutral
tecl3k,philadelphia,post,1647305652,neutral
teb43k,philadelphia,post,1647301217,neutral
t92fx9,polyamory,post,1646694978,neutral
trrq8d,privacy,post,1648593255,negative
ti7pij,privacy,post,1647732234,neutral
thjn2z,pussypassdenied,post,1647650778,negative
tq2xvy,quittingkratom,post,1648448611,neutral
tag8d6,raisedbyborderlines,post,1646856175,neutral
tdqgec,redditrequest,post,1647237343,neutral
ts694v,redditrequest,post,1648646302,neutral
t8wab3,redditrequest,post,1646678862,neutral
tnca4f,redditrequest,post,1648176387,neutral
t8ihnu,redditrequest,post,1646632821,neutral
tajk0u,redditrequest,post,1646865344,neutral
td9pag,redditrequest,post,1647186660,neutral
tf9nna,redditrequest,post,1647406346,neutral
tcgcgp,redditrequest,post,1647091537,neutral
t6dvv2,redditrequest,post,1646380326,neutral
tl6vxo,redditrequest,post,1648060597,neutral
t82ya9,redditrequest,post,1646585738,neutral
tqjb4q,redditrequest,post,1648501347,neutral
t67c1h,redditrequest,post,1646357820,neutral
tq3exm,redditrequest,post,1648450615,neutral
t8b2kn,redditrequest,post,1646608208,neutral
t8bb3p,redditrequest,post,1646608903,neutral
tojvkd,redditrequest,post,1648282006,neutral
tj506n,rockhounds,post,1647843084,neutral
tnw7as,shittydarksouls,post,1648234103,negative
t5cgfp,soccer,post,1646261404,positive
tqwtie,soccercirclejerk,post,1648550076,negative
th59cn,stopdrinking,post,1647620764,positive
tivgc3,stopdrinking,post,1647811920,negative
tqsvx6,stopdrinking,post,1648532749,negative
td2kdo,survivor,post,1647160448,negative
t646vz,teenagers,post,1646348445,neutral
tjidq0,teenagers,post,1647887070,negative
tfqr9b,teenagers,post,1647458840,neutral
t4eleh,teenagers,post,1646159123,neutral
tg74fb,teenagers,post,1647512977,neutral
t6kvlq,teenagers,post,1646406134,neutral
tcff8z,teenagers,post,1647088178,neutral
tlz6nb,teenagers,post,1648102069,negative
tpx16t,transgendercirclejerk,post,1648427187,negative
tcn9qk,tylerthecreator,post,1647108704,positive
tk2sls,ukraine,post,1647955009,negative
tj3btc,ukraine,post,1647836413,positive
t7ysa8,ukraine,post,1646573458,positive
tgcgsu,ukraine,post,1647530029,positive
tawgzx,uktrees,post,1646911002,negative
tl8ts9,unpopularopinion,post,1648062929,negative
tk39ya,unpopularopinion,post,1647956450,negative
tdlytp,vzla,post,1647221667,neutral
tk9e4g,wallstreetbets,post,1647973183,neutral
tt77bz,wallstreetbets,post,1648753829,negative
tig760,weed,post,1647763327,negative
tieaai,witchcraft,post,1647754866,neutral
t56dwn,worldpolitics,post,1646244925,neutral
t8992y,AgainstHateSubreddits,post,1646603093,negative
toj3r7,Anarcho_Capitalism,post,1648278504,positive
tpwxq5,Anarcho_Capitalism,post,1648426844,negative
tfw8z2,ApplyingToCollege,post,1647473302,neutral
tpuzxr,ApplyingToCollege,post,1648420459,positive
tgx8jp,AskEconomics,post,1647594856,neutral
tko87r,AskOuija,post,1648019211,neutral
tcxn4d,AskReddit,post,1647140874,neutral
tcxq3j,AskReddit,post,1647141171,neutral
tcxqsu,AskReddit,post,1647141248,neutral
too4u7,AskReddit,post,1648300030,negative
tbfkwm,AskWomen,post,1646965480,negative
tdx2q2,AutoModerator,post,1647263175,neutral
t4okb2,Battlefield,post,1646185901,negative
tplbrf,Battlefield,post,1648392108,negative
tfyxhs,CPTSD,post,1647481532,positive
tqotv4,CanadianForces,post,1648518306,negative
t9bcnk,CasualUK,post,1646724160,neutral
taighg,ClubPenguin,post,1646862313,neutral
t4ig7p,Comcast_Xfinity,post,1646169013,negative
t9qwiz,Comcast_Xfinity,post,1646773540,neutral
td7939,CryptoMarkets,post,1647179190,neutral
tf9cz9,DarK,post,1647405254,negative
ts8119,DnD,post,1648651462,negative
tbm3y1,Edinburgh,post,1646989569,neutral
tqzmte,EtikaRedditNetwork,post,1648560139,negative
ti9yl5,FO4mods,post,1647739373,neutral
tbxj12,FloridaGators,post,1647025495,negative
thezi0,GTA,post,1647637076,negative
t5clpy,HowToHack,post,1646261817,negative
t6rkhz,Kanye,post,1646424159,negative
tt7yyk,MMA,post,1648755955,neutral
tculsf,Marvel,post,1647130562,neutral
tivp5u,MensRights,post,1647812622,neutral
tfe35n,ModSupport,post,1647424791,positive
tlpmm3,ModSupport,post,1648082763,neutral
tj2owc,MonsterHunter,post,1647834190,neutral
tkhtba,NYYankees,post,1647996353,neutral
t6fqm2,Netherlands,post,1646388322,neutral
the6wn,OnePiece,post,1647634846,neutral
tbyi3y,PartneredYoutube,post,1647028262,neutral
tecee7,PennStateUniversity,post,1647305082,neutral
teclgw,PennStateUniversity,post,1647305686,neutral
t8jsto,PennStateUniversity,post,1646638207,negative
t8k1kl,PennStateUniversity,post,1646639224,negative
tlht35,Pizza,post,1648072796,negative
t44dtp,PrequelMemes,post,1646128277,neutral
tl3jge,Rants,post,1648057136,positive
ti1paq,Stuffers,post,1647715073,negative
td27uo,TEFL,post,1647158899,neutral
tt17ld,TownofSalemgame,post,1648737550,negative
tbd7br,TrueOffMyChest,post,1646957877,negative
tc5s5f,TrueOffMyChest,post,1647050032,negative
thzvgv,UFOs,post,1647710035,neutral
t8bix4,WatchRedditDie,post,1646609551,negative
t3v26l,XXXTENTACION,post,1646096318,positive
t8wyjb,antinatalism,post,1646680610,negative
tp9xof,ask,post,1648345966,neutral
tp9zmj,ask,post,1648346168,neutral
t86n8e,atlbeer,post,1646595862,neutral
tmunek,attackontitan,post,1648147199,negative
tmc40t,battlestations,post,1648130668,negative
tp748d,bigboobproblems,post,1648336393,negative
tbf12o,blackladies,post,1646963686,negative
tdwc5f,breakingmom,post,1647260858,negative
t6fjz5,brisbane,post,1646387535,negative
t8pr95,bugs,post,1646661383,negative
tqpzll,cardano,post,1648522149,negative
tqqhle,cardano,post,1648523850,neutral
t8zl2o,redditrequest,post,1646687427,neutral
tpg6z4,redditrequest,post,1648372161,neutral
ta2m82,redditrequest,post,1646811482,neutral
th2g13,rickygervais,post,1647613189,negative
t8b5oy,runescape,post,1646608459,neutral
tqt9nz,saskatchewan,post,1648534313,negative
toh4q5,shittydarksouls,post,1648270006,negative
trxsn7,silenthill,post,1648612821,neutral
t589v2,soccercirclejerk,post,1646249964,neutral
tfagot,spotify,post,1647409370,neutral
t9vz9o,sydney,post,1646788369,negative
t95hkb,teenagers,post,1646704164,neutral
t5kooi,teenagers,post,1646287127,positive
t7oa1w,teenagers,post,1646531477,negative
takcx0,teenagers,post,1646867571,negative
t4ssb0,teenagers,post,1646199028,neutral
t5jz2f,teenagers,post,1646284575,neutral
tqoyo3,teenagers,post,1648518759,neutral
te915t,teenagers,post,1647295415,negative
tpdn99,traphentai,post,1648360300,neutral
t9l8rl,trees,post,1646758525,negative
toldvj,twice,post,1648289044,neutral
tacgw2,udub,post,1646845739,neutral
ts8aod,udub,post,1648652214,neutral
tm3mbi,ukraine,post,1648120708,negative
t410mj,ukraine,post,1646114702,neutral
t626jy,ukraine,post,1646342888,neutral
t626ll,ukraine,post,1646342893,neutral
te3abu,ukraine,post,1647280054,negative
tjl5pb,ukraine,post,1647894439,neutral
tf5wbp,unpopularopinion,post,1647393988,positive
t3vjyo,unpopularopinion,post,1646097760,negative
tschy4,unpopularopinion,post,1648663555,negative
t3vawa,unpopularopinion,post,1646097026,negative
tho7w3,verizon,post,1647666758,negative
th3f64,wallstreetbets,post,1647615866,neutral
tgza8x,2007scape,post,1647603304,negative
td832y,6thForm,post,1647181787,negative
tfeqm2,AMA,post,1647427303,negative
t9troa,Advice,post,1646781636,negative
tk0t6x,ArianaGrande,post,1647948497,negative
thebqf,AskDocs,post,1647635237,neutral
t7opf4,AskModerators,post,1646532952,negative
tka7pm,AskReddit,post,1647975368,negative
tl5d7p,AskReddit,post,1648059376,negative
t527r4,BPDlovedones,post,1646233897,positive
tqundd,BritishTV,post,1648540341,positive
tn3gb7,ClashRoyale,post,1648154659,negative
t7mymm,ConspiracyMemes,post,1646527020,neutral
t4ffru,Cornell,post,1646161246,neutral
tecjne,CryptoCurrency,post,1647305536,positive
tecn4l,CryptoCurrency,post,1647305827,positive
tecrql,CryptoCurrency,post,1647306190,positive
tjdrnk,CryptoCurrency,post,1647874821,neutral
tmgsgw,CryptoCurrency,post,1648135469,negative
tpylgt,CryptoCurrency,post,1648432595,neutral
tpyrri,CryptoCurrency,post,1648433173,negative
tt5s3f,CryptoCurrency,post,1648749964,negative
tkghk0,Destiny,post,1647992382,positive
t696u8,DotA2,post,1646363679,neutral
tt2fly,Egypt,post,1648740888,negative
tdpgrc,FallOutBoy,post,1647233490,negative
t4k568,GoNets,post,1646173467,neutral
tg3b9s,LesbianActually,post,1647496730,negative
tljipg,MadeMeSmile,post,1648076083,negative
tq7xlu,MadeMeSmile,post,1648469639,negative
tqapqg,MadeMeSmile,post,1648478196,negative
tqarfk,MadeMeSmile,post,1648478324,negative
ttbo1v,MadeMeSmile,post,1648766122,neutral
tfk6q1,MechanicalKeyboards,post,1647444432,neutral
taa8tb,Metalcore,post,1646839733,positive
t47dwy,Minecraft,post,1646139599,negative
t4dleq,Minecraft,post,1646156603,neutral
t6w608,Minecraft,post,1646437163,negative
t7hx78,Minecraft,post,1646511587,neutral
tbk9hu,Minecraft,post,1646981964,neutral
tbsxng,Minecraft,post,1647013583,neutral
tc8sk5,Minecraft,post,1647060804,neutral
tdewma,Minecraft,post,1647201155,negative
tm2ele,Minecraft,post,1648115961,negative
tm3hdi,Minecraft,post,1648120257,neutral
tpwmdh,Minecraft,post,1648425749,positive
ts4jmf,Minecraft,post,1648640598,negative
ts4pet,Minecraft,post,1648641194,neutral
tt1g7s,Minecraft,post,1648738212,negative
tt3juv,Minecraft,post,1648743932,negative
thknfh,ModSupport,post,1647654036,neutral
td8qj8,ModSupport,post,1647183764,neutral
tglzh0,ModSupport,post,1647555682,neutral
tn7de9,ModSupport,post,1648161053,neutral
tk42ga,NoSleepOOC,post,1647958788,neutral
t6vmsv,NormMacdonald,post,1646435577,negative
t8h8ao,OldManDog,post,1646628153,negative
tqph4g,Omaha,post,1648520415,negative
tcaq0d,Overwatch,post,1647068351,neutral
td25pq,Overwatch,post,1647158641,negative
tib1dt,Overwatch,post,1647742975,negative
tqz4bf,Overwatch,post,1648558513,neutral
t859tz,Philippines,post,1646592058,neutral
tks92a,Philippines,post,1648036655,neutral
t8jxo9,PiratedGames,post,1646638779,neutral
t8jyj7,PiratedGames,post,1646638872,neutral
t9wsr6,PokemonGoSpoofing,post,1646790985,negative
tc8s1w,PokemonTCG,post,1647060750,neutral
tf2pem,PokemonTCG,post,1647384696,negative
tqsp54,Rants,post,1648531970,negative
tbj5tp,Repsneakers,post,1646977689,neutral
ti0nyo,SCJerk,post,1647712209,negative
tdbnz2,SaltLakeCity,post,1647192139,neutral
tbgx7f,ShadowBan,post,1646969803,negative
tbkjw8,Showerthoughts,post,1646983142,neutral
tqm88o,Sino,post,1648509936,neutral
t74vl5,SquaredCircle,post,1646468048,negative
tsobnl,StarWars,post,1648689482,positive
tapnhq,StardewValley,post,1646883737,neutral
taiq2z,TeamSolomid,post,1646863073,neutral
tidl6u,TheExpanse,post,1647752188,neutral
tpe0je,TrueOffMyChest,post,1648361931,negative
tezv2v,TumblrInAction,post,1647377077,negative
tb00xy,TwentyFour,post,1646922850,negative
t5dicu,UFOs,post,1646264389,negative
tlh435,army,post,1648072052,negative
tnaceh,ask,post,1648170070,negative
tfykhx,atheism,post,1647480385,negative
tggzld,aww,post,1647542224,negative
tgnu6h,aww,post,1647560975,positive
tgl8tb,beatles,post,1647553674,neutral
tjp30k,blackladies,post,1647905101,neutral
t9pzfo,bostonr4r,post,1646771059,neutral
te26le,buccaneers,post,1647277200,negative
trr6ft,childfree,post,1648592832,negative
tpotei,crafts,post,1648402467,negative
tbj2qp,datingoverthirty,post,1646977359,negative
tbjgp1,datingoverthirty,post,1646978822,negative
tqyzu5,dayz,post,1648558094,negative
teqqex,destiny2,post,1647355845,neutral
tpnacm,discordapp,post,1648397963,neutral
t68t1z,dxm,post,1646362503,negative
tn2d5d,dyinglight,post,1648153673,neutral
t5w3ai,exmormon,post,1646326710,negative
tboopu,farmingsimulator,post,1647000259,neutral
tj8jzx,feminineboys,post,1647858031,negative
tqdmcg,genetics,post,1648486092,neutral
trshrd,gmod,post,1648595530,neutral
t5tp53,gonewild,post,1646320240,neutral
t91wag,gonewild,post,1646693475,neutral
t9vni5,gonewild,post,1646787355,neutral
t9yhaq,gonewild,post,1646796402,neutral
tc45xh,gonewild,post,1647044668,neutral
thlnsx,gonewild,post,1647657455,neutral
thxv75,gonewild,post,1647704521,positive
thxx6w,gonewild,post,1647704680,positive
tkdtk2,gonewild,post,1647984992,neutral
tnd2ub,gonewild,post,1648179154,neutral
tpfhy9,gonewild,post,1648368828,neutral
tq9r6t,gonewild,post,1648475442,neutral
tlow2z,gonewild,post,1648082134,positive
tl7g0n,gorillaz,post,1648061034,negative
tglq0l,help,post,1647554957,neutral
thkll8,iamverysmart,post,1647653864,negative
tfnr8u,ideasfortheadmins,post,1647452790,neutral
t8hpnw,indieheads,post,1646629905,positive
tgvg6z,insurgency,post,1647586821,neutral
tevkwz,ireland,post,1647367746,neutral
teu2gj,italy,post,1647364306,neutral
tt457o,joinsquad,post,1648745557,neutral
tgutew,justneckbeardthings,post,1647584169,neutral
tirdwp,livesound,post,1647800716,neutral
tnn60u,meme,post,1648218563,neutral
tde5gy,memes,post,1647199046,neutral
tnuvnj,mildlyinfuriating,post,1648232167,negative
t56ije,modhelp,post,1646245269,neutral
tfwt1e,modhelp,post,1647474950,neutral
tpb9c5,modhelp,post,1648350742,neutral
t9047a,modhelp,post,1646688818,neutral
t49kkp,newjersey,post,1646146128,positive
tnvonp,newjersey,post,1648233236,neutral
t90nn7,newzealand,post,1646690229,neutral
tj8pyv,newzealand,post,1647858725,negative
teexua,nfl,post,1647312767,positive
tk6vo2,nursing,post,1647966495,neutral
tid87f,nursing,post,1647750825,positive
t6mga7,occult,post,1646410382,neutral
tahll2,pennystocks,post,1646859923,neutral
tsrts4,pics,post,1648701170,neutral
tocv0b,r4r,post,1648259997,neutral
tbkqgf,redditrequest,post,1646983866,neutral
tewfck,redditrequest,post,1647369583,neutral
t53xux,redditrequest,post,1646238601,neutral
tbc6gi,redditrequest,post,1646954923,neutral
t6j7hp,redditrequest,post,1646401279,neutral
tfsak1,redditrequest,post,1647462402,negative
tjtbpg,redditrequest,post,1647918086,neutral
tkvdsz,redditrequest,post,1648046285,neutral
tcye7e,redditrequest,post,1647143636,neutral
terdgq,redditrequest,post,1647357575,neutral
tfsn57,redditrequest,post,1647463362,neutral
tieb0e,redditrequest,post,1647754942,neutral
tdz4mg,redditrequest,post,1647269166,neutral
tc8bhe,redditrequest,post,1647059050,neutral
t776h4,redditrequest,post,1646478120,neutral
tk2otz,redditrequest,post,1647954680,neutral
tphvmb,redditrequest,post,1648379918,neutral
t4rtxa,redditrequest,post,1646195863,neutral
tac4bj,redditrequest,post,1646844836,neutral
tq4dv5,redditrequest,post,1648454862,neutral
t4fyi0,redditrequest,post,1646162594,neutral
taxh7p,runescape,post,1646914832,negative
tml8gq,runescape,post,1648139130,negative
t3wnqo,russia,post,1646101023,neutral
tlxmy1,sadcringe,post,1648096105,negative
tnglip,samsung,post,1648193302,negative
ttbnej,self,post,1648766070,negative
tolmfy,shittydarksouls,post,1648290091,neutral
tonatn,shittydarksouls,post,1648297047,negative
trxk2h,shortscarystories,post,1648612000,neutral
thm3a8,teenagers,post,1647658904,neutral
tjgt4b,teenagers,post,1647882915,neutral
t56rbw,teenagers,post,1646245926,neutral
tj4ktk,teenagers,post,1647841323,negative
tet3p9,teenagers,post,1647362198,negative
t853hu,teenagers,post,1646591576,neutral
tgfq9c,teenagers,post,1647538838,neutral
tm2qgn,teenagers,post,1648117364,neutral
tm8ual,teenagers,post,1648127494,negative
tnso60,teenagers,post,1648229640,positive
t7cbbi,trailerparkboys,post,1646495617,negative
toytge,transgendercirclejerk,post,1648316787,negative
t4dlyf,ukraine,post,1646156645,neutral
t742x6,ukraine,post,1646464621,neutral
t7ltr2,unpopularopinion,post,1646523359,neutral
tq3v2j,vexillologycirclejerk,post,1648452523,neutral
tetg4s,wallstreetbets,post,1647363112,negative
tpmghv,wallstreetbets,post,1648395570,negative
t698qq,wallstreetbets,post,1646363857,neutral
tp653f,2007scape,post,1648333616,neutral
tp0ypc,2007scape,post,1648323122,negative
tpggar,ABDL,post,1648373438,negative
tf8i5k,ANTM,post,1647402288,negative
tf8rmi,ANTM,post,1647403184,negative
tf8xp4,ANTM,post,1647403745,neutral
tf8y7q,ANTM,post,1647403797,negative
tfwcgg,AgainstHateSubreddits,post,1647473582,neutral
t50tav,AskHistorians,post,1646229824,positive
t5p3ht,AskReddit,post,1646305305,neutral
tnkfg8,AskReddit,post,1648209871,neutral
tr4l6z,AskReddit,post,1648567665,neutral
t5iuhc,Assistance,post,1646280790,neutral
t8b8pt,BattleJackets,post,1646608711,neutral
tfk5rj,BeamNG,post,1647444357,negative
tcwwd7,Bestbuy,post,1647138255,neutral
tm8acm,BitcoinMarkets,post,1648127058,neutral
tq8u1w,ChineseLanguage,post,1648472602,neutral
tkermm,ChoosingBeggars,post,1647987570,negative
tafx5i,DarkFuturology,post,1646855318,negative
to48x7,Denver,post,1648248047,neutral
t5xu2o,Destiny_2,post,1646331163,negative
tao9iv,DetroitRedWings,post,1646879345,neutral
tilxst,FIFA,post,1647785554,neutral
t8ej3q,FreeKarma4U,post,1646618951,neutral
tar38i,GNV,post,1646888701,neutral
telitw,IndianEnts,post,1647338571,neutral
tnvmpy,IndianGaming,post,1648233078,positive
t7f7x6,JustUnsubbed,post,1646503805,negative
tp0rvr,JustUnsubbed,post,1648322563,negative
tdykmn,MechanicAdvice,post,1647267565,neutral
thov8k,Minecraft,post,1647669489,neutral
t5ey9s,ModSupport,post,1646268719,neutral
t4q5rk,ModSupport,post,1646190687,neutral
t93vrz,ModSupport,post,1646699288,neutral
tr6vfp,ModSupport,post,1648571517,negative
t4npzn,ModSupport,post,1646183391,neutral
tcp7ll,MurderedByWords,post,1647114309,neutral
tnvs6j,NarcissisticAbuse,post,1648233461,neutral
t719bj,Netherlands,post,1646453873,neutral
thjwgo,NorthCarolina,post,1647651604,negative
tbpb02,OCD,post,1647002553,neutral
tdk8xy,OnePiece,post,1647216258,neutral
tlj4ju,OnePiece,post,1648075016,neutral
te78et,PS2Cobalt,post,1647290430,negative
tpmnxk,PublicFreakout,post,1648396172,negative
trtrg3,SCJerk,post,1648599462,positive
tkh85r,SCJerk,post,1647994546,negative
ti3yon,Sat,post,1647721414,negative
t3znr4,SkincareAddiction,post,1646110140,negative
t5osfg,ThickThighs,post,1646304055,neutral
t89koe,Twitter,post,1646603968,neutral
tnddki,USPS,post,1648180228,neutral
tmx5x2,UniversityOfHouston,post,1648149302,neutral
t65g6k,XRP,post,1646352081,neutral
trupsu,amazonprime,post,1648602589,neutral
t811wu,anime,post,1646580474,neutral
t4tf9j,architecture,post,1646201196,neutral
tfwc1s,australia,post,1647473544,negative
tb2q6o,beta,post,1646930376,neutral
tcofi0,bisexual,post,1647112075,negative
tinkx5,bostontrees,post,1647790284,neutral
t8uo8x,brandonsanderson,post,1646674701,positive
tqdsiu,brandonsanderson,post,1648486551,positive
t98q5r,bugs,post,1646714364,negative
tjvkqw,circlejerk,post,1647926198,neutral
thg2t7,conspiracy,post,1647640147,negative
t4yiaa,copypasta,post,1646221979,negative
tdyc9s,copypasta,post,1647266927,negative
t4p38z,dankmemes,post,1646187472,neutral
t9clkg,dankmemes,post,1646729515,neutral
tkjrpc,dayton,post,1648002424,neutral
tf6tks,democrats,post,1647396832,negative
tg1393,depression,post,1647488488,negative
thhb7m,depression,post,1647643711,negative
t94jxs,diablo2,post,1646701296,negative
teqg2z,discordapp,post,1647355044,negative
tkkuwh,dogecoin,post,1648005963,neutral
tsx7rp,domesticviolence,post,1648724395,positive
tjt206,duolingo,post,1647917202,negative
tij8xm,factorio,post,1647776537,neutral
tgisj0,fivenightsatfreddys,post,1647547093,negative
tgfteg,forhire,post,1647539082,negative
tbptt0,forsen,post,1647004274,neutral
te1k0t,gameofthrones,post,1647275602,neutral
t8xlyl,grime,post,1646682318,positive
tq5k3w,guro,post,1648460295,neutral
tb85kx,halo,post,1646944562,neutral
tb6u33,halo,post,1646940928,neutral
tdj9kd,halo,post,1647213309,neutral
thqox0,homeschool,post,1647677801,positive
tp9zkh,keto,post,1648346161,negative
to1tuj,knifeclub,post,1648245279,negative
tf81ks,lifehacks,post,1647400725,negative
tf3ebx,microgrowery,post,1647386616,neutral
tf1aks,mildlyinfuriating,post,1647380880,negative
tszqnq,modhelp,post,1648733214,neutral
t9026r,modhelp,post,1646688672,neutral
tmg7da,modhelp,post,1648134835,neutral
tqus4h,motorsports,post,1648540916,neutral
tpta4u,newzealand,post,1648415322,neutral
t5ah29,niceguys,post,1646255938,neutral
tgbvql,nihilism,post,1647528406,negative
tru0id,playstation,post,1648600278,negative
tfrlha,punk,post,1647460535,neutral
t6ici7,questions,post,1646398440,neutral
t4nm0h,raisedbynarcissists,post,1646183056,negative
tar9uc,redditgetsdrawn,post,1646889345,neutral
t7dvx0,redditrequest,post,1646500017,neutral
tliplh,redditrequest,post,1648073903,neutral
t62604,redditrequest,post,1646342833,neutral
tecl07,redditrequest,post,1647305646,neutral
tk03ya,redditrequest,post,1647945798,neutral
t62zn4,redditrequest,post,1646345163,neutral
t3uq6p,redditrequest,post,1646095308,neutral
t3vk64,redditrequest,post,1646097777,neutral
t43b6m,redditrequest,post,1646123660,neutral
t4bmtb,redditrequest,post,1646151551,neutral
t4lopq,redditrequest,post,1646177578,neutral
t4nskd,redditrequest,post,1646183609,neutral
t4ryx7,redditrequest,post,1646196315,neutral
t4sexp,redditrequest,post,1646197773,neutral
t4utk9,redditrequest,post,1646206491,neutral
t4xnbd,redditrequest,post,1646218507,neutral
t4zp27,redditrequest,post,1646226215,neutral
t4zpyl,redditrequest,post,1646226296,neutral
t520gt,redditrequest,post,1646233354,neutral
t56a4f,redditrequest,post,1646244649,neutral
t56bgk,redditrequest,post,1646244746,neutral
t5cc4z,redditrequest,post,1646261076,neutral
t5d2j4,redditrequest,post,1646263115,neutral
t5eqo0,redditrequest,post,1646268062,neutral
t5ge8u,redditrequest,post,1646273094,neutral
t5heu8,redditrequest,post,1646276232,neutral
t5hikj,redditrequest,post,1646276540,neutral
t5kexh,redditrequest,post,1646286152,neutral
t5mdyh,redditrequest,post,1646293804,neutral
t5qzza,redditrequest,post,1646312216,neutral
t5r0za,redditrequest,post,1646312311,neutral
t5svk4,redditrequest,post,1646317969,neutral
t5sz0p,redditrequest,post,1646318254,neutral
t5tl48,redditrequest,post,1646319943,neutral
t5z0g3,redditrequest,post,1646334281,neutral
t5zuna,redditrequest,post,1646336554,neutral
t5zzt0,redditrequest,post,1646336943,neutral
t61c8y,redditrequest,post,1646340543,neutral
t61zig,redditrequest,post,1646342281,neutral
t6267c,redditrequest,post,1646342851,neutral
t634d0,redditrequest,post,1646345514,neutral
t63htu,redditrequest,post,1646346545,neutral
t64jj7,redditrequest,post,1646349463,neutral
t665p0,redditrequest,post,1646354171,neutral
t66blx,redditrequest,post,1646354673,neutral
t68c7b,redditrequest,post,1646360988,neutral
t68k9o,redditrequest,post,1646361718,neutral
t6a2ct,redditrequest,post,1646366516,negative
t6csyq,redditrequest,post,1646376088,neutral
t6h0x2,redditrequest,post,1646393719,neutral
t6ki0n,redditrequest,post,1646405079,neutral
t6lgew,redditrequest,post,1646407738,neutral
t6mk1i,redditrequest,post,1646410672,neutral
t6o621,redditrequest,post,1646414964,neutral
t6p5h9,redditrequest,post,1646417594,neutral
t6pv25,redditrequest,post,1646419484,neutral
t6r0xz,redditrequest,post,1646422645,neutral
t6rtuq,redditrequest,post,1646424875,neutral
t6svfr,redditrequest,post,1646427781,neutral
t6t8ws,redditrequest,post,1646428817,neutral
t6tixh,redditrequest,post,1646429589,neutral
t6u0cg,redditrequest,post,1646430948,neutral
t6ufoz,redditrequest,post,1646432136,neutral
t6wj9b,redditrequest,post,1646438280,neutral
t6ybpp,redditrequest,post,1646443972,neutral
t6zhkj,redditrequest,post,1646447805,neutral
t6zwoc,redditrequest,post,1646449204,neutral
t700bs,redditrequest,post,1646449542,neutral
t71p8o,redditrequest,post,1646455444,neutral
t71tq9,redditrequest,post,1646455903,neutral
t74hxt,redditrequest,post,1646466429,neutral
t75jka,redditrequest,post,1646470960,neutral
t778gg,redditrequest,post,1646478333,neutral
t7a6w6,redditrequest,post,1646489280,neutral
t7amno,redditrequest,post,1646490629,neutral
t7au1d,redditrequest,post,1646491272,neutral
t7bvip,redditrequest,post,1646494392,neutral
t7c3op,redditrequest,post,1646495020,neutral
t7cuzp,redditrequest,post,1646497141,neutral
t7cvrs,redditrequest,post,1646497207,neutral
t7dhgx,redditrequest,post,1646498908,neutral
t7e1uz,redditrequest,post,1646500489,neutral
t7fwzq,redditrequest,post,1646505791,neutral
t7kd9t,redditrequest,post,1646518936,neutral
t7lqvo,redditrequest,post,1646523105,neutral
t7p77e,redditrequest,post,1646534628,neutral
t7p7wq,redditrequest,post,1646534697,neutral
t7qoxs,redditrequest,post,1646539836,neutral
t7qr08,redditrequest,post,1646540057,neutral
t7sond,redditrequest,post,1646547624,neutral
t7squ5,redditrequest,post,1646547881,neutral
t7u020,redditrequest,post,1646553335,neutral
t7u0xu,redditrequest,post,1646553444,neutral
t7ujo7,redditrequest,post,1646555756,neutral
t7xhws,redditrequest,post,1646568646,neutral
t7y9rp,redditrequest,post,1646571653,neutral
t7yn4s,redditrequest,post,1646572973,neutral
t7z29r,redditrequest,post,1646574368,neutral
t809qp,redditrequest,post,1646578143,neutral
t84ldo,redditrequest,post,1646590208,neutral
t84nai,redditrequest,post,1646590348,neutral
t84r4h,redditrequest,post,1646590640,neutral
t85hfb,redditrequest,post,1646592648,neutral
t86eo3,redditrequest,post,1646595212,neutral
t879wk,redditrequest,post,1646597582,neutral
t87bsp,redditrequest,post,1646597726,neutral
t88x1u,redditrequest,post,1646602159,neutral
t894zf,redditrequest,post,1646602781,neutral
t89zzm,redditrequest,post,1646605137,neutral
t8a6k0,redditrequest,post,1646605628,neutral
t8e6fc,redditrequest,post,1646617837,neutral
t8f9x3,redditrequest,post,1646621426,neutral
t8h0tj,redditrequest,post,1646627374,neutral
t8jazt,redditrequest,post,1646636156,neutral
t8l4nl,redditrequest,post,1646643832,neutral
t8ln7u,redditrequest,post,1646646113,neutral
t8q3m9,redditrequest,post,1646662381,neutral
t8r884,redditrequest,post,1646665606,neutral
t8t9oi,redditrequest,post,1646671083,neutral
t8u4as,redditrequest,post,1646673259,neutral
t8v40e,redditrequest,post,1646675874,neutral
t8vkl8,redditrequest,post,1646677016,neutral
t8wmlo,redditrequest,post,1646679745,neutral
t8za3m,redditrequest,post,1646686641,neutral
t90ua6,redditrequest,post,1646690694,neutral
t947q9,redditrequest,post,1646700270,positive
t94ns5,redditrequest,post,1646701624,neutral
t960h5,redditrequest,post,1646705773,neutral
t985b5,redditrequest,post,1646712426,neutral
t9ae8n,redditrequest,post,1646720420,neutral
t9b47f,redditrequest,post,1646723207,neutral
t9h4b7,redditrequest,post,1646747102,neutral
t9habn,redditrequest,post,1646747616,neutral
t9hbxr,redditrequest,post,1646747755,neutral
t9l2og,redditrequest,post,1646758079,neutral
t9nxn0,redditrequest,post,1646765556,neutral
t9nyd9,redditrequest,post,1646765611,neutral
t9q8bl,redditrequest,post,1646771728,neutral
t9rlqq,redditrequest,post,1646775597,neutral
t9vo02,redditrequest,post,1646787400,neutral
t9wpqc,redditrequest,post,1646790721,neutral
t9xrvz,redditrequest,post,1646794126,neutral
t9yryw,redditrequest,post,1646797408,neutral
ta2o6h,redditrequest,post,1646811708,neutral
ta2rq6,redditrequest,post,1646812133,neutral
ta3yns,redditrequest,post,1646817385,neutral
ta6ltu,redditrequest,post,1646828409,neutral
ta82xz,redditrequest,post,1646833483,neutral
ta83qz,redditrequest,post,1646833560,neutral
ta92mm,redditrequest,post,1646836340,neutral
taaomc,redditrequest,post,1646840947,neutral
tabab6,redditrequest,post,1646842587,neutral
taf129,redditrequest,post,1646852832,neutral
tagytr,redditrequest,post,1646858219,neutral
tahzh9,redditrequest,post,1646860985,neutral
taicgc,redditrequest,post,1646861999,neutral
tal14x,redditrequest,post,1646869557,neutral
tao8b4,redditrequest,post,1646879235,neutral
tapgqq,redditrequest,post,1646883128,neutral
tar6a5,redditrequest,post,1646889001,neutral
tarfi0,redditrequest,post,1646889920,neutral
tarhq8,redditrequest,post,1646890160,neutral
tatvjm,redditrequest,post,1646899413,neutral
tayo4r,redditrequest,post,1646918943,neutral
taz322,redditrequest,post,1646920208,neutral
tazjft,redditrequest,post,1646921486,neutral
tb0n30,redditrequest,post,1646924626,neutral
tb1qp1,redditrequest,post,1646927679,neutral
tb4o1e,redditrequest,post,1646935496,neutral
tb4pym,redditrequest,post,1646935641,neutral
tb9f25,redditrequest,post,1646947982,neutral
tbbgh3,redditrequest,post,1646953014,neutral
tbbjcc,redditrequest,post,1646953183,neutral
tbdcvf,redditrequest,post,1646958338,neutral
tbqals,redditrequest,post,1647005802,neutral
tbr8do,redditrequest,post,1647008646,neutral
tbslpg,redditrequest,post,1647012632,neutral
tbux9d,redditrequest,post,1647019013,neutral
tbwr67,redditrequest,post,1647023373,neutral
tbxfm9,redditrequest,post,1647025232,neutral
tbxkwh,redditrequest,post,1647025641,neutral
tbzdqj,redditrequest,post,1647030708,neutral
tbzhf8,redditrequest,post,1647030994,neutral
tbzq5a,redditrequest,post,1647031667,neutral
tc1ejr,redditrequest,post,1647036366,neutral
tc2mtb,redditrequest,post,1647039890,neutral
tc5914,redditrequest,post,1647048197,neutral
tc5q6h,redditrequest,post,1647049836,neutral
tc630n,redditrequest,post,1647051051,neutral
tc63qg,redditrequest,post,1647051123,neutral
tcap7f,redditrequest,post,1647068251,neutral
tcb857,redditrequest,post,1647070520,neutral
tce1w1,redditrequest,post,1647082637,neutral
tcet59,redditrequest,post,1647085782,neutral
tciiz8,redditrequest,post,1647098363,neutral
tciolj,redditrequest,post,1647098823,neutral
tcj1nv,redditrequest,post,1647099870,neutral
tckr93,redditrequest,post,1647104748,neutral
tcl4sf,redditrequest,post,1647105287,neutral
tcl7ed,redditrequest,post,1647105373,neutral
tcpj9n,redditrequest,post,1647115249,neutral
tcqixu,redditrequest,post,1647118176,neutral
tcr84j,redditrequest,post,1647120263,neutral
tcv2kf,redditrequest,post,1647132101,neutral
tcvdj2,redditrequest,post,1647133150,neutral
tcw9v0,redditrequest,post,1647136137,neutral
tcx33o,redditrequest,post,1647138908,neutral
td35kx,redditrequest,post,1647163019,neutral
td5ah1,redditrequest,post,1647172065,neutral
td68nr,redditrequest,post,1647175701,neutral
tda4xc,redditrequest,post,1647187879,neutral
tdcyct,redditrequest,post,1647195721,neutral
tdem8x,redditrequest,post,1647200356,neutral
tdgu7c,redditrequest,post,1647206421,neutral
tdgxq6,redditrequest,post,1647206686,neutral
tdhoyz,redditrequest,post,1647208808,neutral
tdivwl,redditrequest,post,1647212202,neutral
tdixkl,redditrequest,post,1647212339,neutral
tdlnvg,redditrequest,post,1647220700,neutral
tdpowh,redditrequest,post,1647234312,neutral
tdqqch,redditrequest,post,1647238454,neutral
tds2hb,redditrequest,post,1647244006,neutral
tds8ed,redditrequest,post,1647244720,neutral
tdsbso,redditrequest,post,1647245098,neutral
tdso4b,redditrequest,post,1647246656,neutral
tdspnd,redditrequest,post,1647246833,neutral
tdst3z,redditrequest,post,1647247253,neutral
tdulcj,redditrequest,post,1647254502,neutral
tdv211,redditrequest,post,1647256268,neutral
tdvxd8,redditrequest,post,1647259428,neutral
tdwwdk,redditrequest,post,1647262707,neutral
tdwyxy,redditrequest,post,1647262908,neutral
tdyep1,redditrequest,post,1647267111,neutral
tdyg6e,redditrequest,post,1647267223,neutral
te039c,redditrequest,post,1647271776,neutral
te2qut,redditrequest,post,1647278626,neutral
te4jjk,redditrequest,post,1647283337,neutral
te5e6c,redditrequest,post,1647285557,negative
te6er3,redditrequest,post,1647288220,neutral
te6in8,redditrequest,post,1647288507,neutral
te6zh4,redditrequest,post,1647289770,neutral
te7m3e,redditrequest,post,1647291444,neutral
te8i0s,redditrequest,post,1647293822,neutral
te8ujy,redditrequest,post,1647294948,neutral
te93ns,redditrequest,post,1647295584,neutral
te9gpd,redditrequest,post,1647296581,neutral
tec7lw,redditrequest,post,1647304511,neutral
teei1y,redditrequest,post,1647311416,neutral
tef14a,redditrequest,post,1647313047,neutral
tefw3k,redditrequest,post,1647315781,neutral
teioqs,redditrequest,post,1647326075,neutral
tej6w6,redditrequest,post,1647328203,neutral
tekfac,redditrequest,post,1647333743,neutral
temvi0,redditrequest,post,1647343891,neutral
temy6u,redditrequest,post,1647344180,negative
ten9zp,redditrequest,post,1647345379,neutral
teozz8,redditrequest,post,1647350868,neutral
tep43b,redditrequest,post,1647351207,neutral
tept5l,redditrequest,post,1647353249,neutral
tepz6i,redditrequest,post,1647353716,neutral
teq774,redditrequest,post,1647354344,neutral
teqir7,redditrequest,post,1647355247,neutral
tert17,redditrequest,post,1647358729,neutral
tesjr5,redditrequest,post,1647360708,neutral
tet0r1,redditrequest,post,1647361981,neutral
tev21u,redditrequest,post,1647366931,neutral
tev3yx,redditrequest,post,1647367065,neutral
teybwd,redditrequest,post,1647373765,neutral
teyg8p,redditrequest,post,1647374011,neutral
tezt1o,redditrequest,post,1647376916,neutral
tf1amw,redditrequest,post,1647380885,positive
tf33l4,redditrequest,post,1647385774,neutral
tf34r7,redditrequest,post,1647385863,neutral
tf34um,redditrequest,post,1647385871,neutral
tf40yt,redditrequest,post,1647388435,neutral
tf4ecl,redditrequest,post,1647389481,neutral
tf4hi9,redditrequest,post,1647389739,neutral
tf4kov,redditrequest,post,1647390002,neutral
tf4z6g,redditrequest,post,1647391188,neutral
tf50q6,redditrequest,post,1647391320,neutral
tf5q99,redditrequest,post,1647393469,neutral
tf64uh,redditrequest,post,1647394734,neutral
tf6q4u,redditrequest,post,1647396537,neutral
tfad15,redditrequest,post,1647408979,neutral
tfbtp3,redditrequest,post,1647415060,neutral
tfezgj,redditrequest,post,1647428308,neutral
tff15i,redditrequest,post,1647428454,neutral
tff1wa,redditrequest,post,1647428524,neutral
tffdw3,redditrequest,post,1647429777,neutral
tfftsv,redditrequest,post,1647431409,neutral
tffyk8,redditrequest,post,1647431864,neutral
tfg3pn,redditrequest,post,1647432310,neutral
tfgiad,redditrequest,post,1647433593,neutral
tfgjgs,redditrequest,post,1647433708,neutral
tfi5ou,redditrequest,post,1647438730,neutral
tfk7ty,redditrequest,post,1647444523,neutral
tfktut,redditrequest,post,1647445558,neutral
tflga2,redditrequest,post,1647446647,neutral
tfmc36,redditrequest,post,1647449004,neutral
tfmcfw,redditrequest,post,1647449035,neutral
tfo5f0,redditrequest,post,1647453849,neutral
tfqiho,redditrequest,post,1647458557,neutral
tfr89h,redditrequest,post,1647459637,negative
tfs4l0,redditrequest,post,1647461947,neutral
tfsudb,redditrequest,post,1647463907,neutral
tfvfqm,redditrequest,post,1647471007,neutral
tfwvyi,redditrequest,post,1647475195,neutral
tfx28e,redditrequest,post,1647475695,neutral
tg1kqt,redditrequest,post,1647490177,neutral
tg6g90,redditrequest,post,1647510239,neutral
tg6qni,redditrequest,post,1647511428,neutral
tgaot3,redditrequest,post,1647524986,neutral
tgawmi,redditrequest,post,1647525612,neutral
tgdbek,redditrequest,post,1647532342,neutral
tghsgq,redditrequest,post,1647544344,neutral
tgix2z,redditrequest,post,1647547415,neutral
tgkd8e,redditrequest,post,1647551303,neutral
tgmlkn,redditrequest,post,1647557418,neutral
tgpa9r,redditrequest,post,1647565232,neutral
tgpgjm,redditrequest,post,1647565762,neutral
tgpla5,redditrequest,post,1647566160,neutral
tgx37l,redditrequest,post,1647594213,neutral
tgxbg4,redditrequest,post,1647595231,neutral
tgyyqf,redditrequest,post,1647602058,neutral
th30iw,redditrequest,post,1647614764,neutral
th3br5,redditrequest,post,1647615629,neutral
th3kkd,redditrequest,post,1647616275,neutral
th3wte,redditrequest,post,1647617198,neutral
th66p8,redditrequest,post,1647622528,neutral
th89da,redditrequest,post,1647625077,neutral
thck1j,redditrequest,post,1647630359,neutral
thclgw,redditrequest,post,1647630469,neutral
thdkze,redditrequest,post,1647633172,neutral
thdygm,redditrequest,post,1647634194,neutral
thexhf,redditrequest,post,1647636921,neutral
thiwdq,redditrequest,post,1647648472,neutral
thjcwu,redditrequest,post,1647649897,neutral
thlinx,redditrequest,post,1647656970,neutral
thm29y,redditrequest,post,1647658813,neutral
thn155,redditrequest,post,1647662209,neutral
tho585,redditrequest,post,1647666444,neutral
thq39u,redditrequest,post,1647675060,neutral
thqyw5,redditrequest,post,1647679102,neutral
thwe5y,redditrequest,post,1647700251,neutral
thyc5e,redditrequest,post,1647705840,neutral
thydva,redditrequest,post,1647705969,neutral
thz7o0,redditrequest,post,1647708244,neutral
thzua1,redditrequest,post,1647709943,neutral
ti2l0x,redditrequest,post,1647717540,neutral
ti47sv,redditrequest,post,1647722130,negative
tia0to,redditrequest,post,1647739587,neutral
tiasig,redditrequest,post,1647742157,neutral
tidb9w,redditrequest,post,1647751142,neutral
tie6u3,redditrequest,post,1647754490,neutral
tigzkl,redditrequest,post,1647766977,neutral
tiiohr,redditrequest,post,1647774241,neutral
tijp2h,redditrequest,post,1647778219,neutral
tik54d,redditrequest,post,1647779854,neutral
timzpk,redditrequest,post,1647788602,neutral
tiq7ls,redditrequest,post,1647797527,neutral
tispq6,redditrequest,post,1647804411,neutral
tisrf2,redditrequest,post,1647804540,neutral
tiusl1,redditrequest,post,1647810064,neutral
tiymks,redditrequest,post,1647821178,neutral
tiyxks,redditrequest,post,1647822129,neutral
tj3p3u,redditrequest,post,1647837783,neutral
tj41dj,redditrequest,post,1647839097,neutral
tj4b9v,redditrequest,post,1647840221,neutral
tj8seg,redditrequest,post,1647859001,neutral
tj8uvf,redditrequest,post,1647859264,neutral
tjdo5o,redditrequest,post,1647874573,neutral
tjj5vs,redditrequest,post,1647889147,neutral
tjjem2,redditrequest,post,1647889751,neutral
tjk8p1,redditrequest,post,1647891997,neutral
tjkdmg,redditrequest,post,1647892367,neutral
tjklcu,redditrequest,post,1647892920,neutral
tjm0oi,redditrequest,post,1647896728,neutral
tjn3qc,redditrequest,post,1647899722,neutral
tjp02r,redditrequest,post,1647904861,neutral
tjpi10,redditrequest,post,1647906328,neutral
tjpsa2,redditrequest,post,1647907182,neutral
tjtjif,redditrequest,post,1647918806,neutral
tjttug,redditrequest,post,1647919775,neutral
tjx0xt,redditrequest,post,1647932216,neutral
tjxg8k,redditrequest,post,1647934067,neutral
tk0lk8,redditrequest,post,1647947704,neutral
tk0t83,redditrequest,post,1647948501,neutral
tk1p98,redditrequest,post,1647951607,neutral
tk1qpm,redditrequest,post,1647951737,neutral
tk50cy,redditrequest,post,1647961433,neutral
tk8u5w,redditrequest,post,1647971752,negative
tkg8i2,redditrequest,post,1647991667,neutral
tkicxw,redditrequest,post,1647998025,neutral
tkjunq,redditrequest,post,1648002687,neutral
tkn2pt,redditrequest,post,1648014204,neutral
tko0ta,redditrequest,post,1648018350,neutral
tko1cw,redditrequest,post,1648018416,neutral
tko312,redditrequest,post,1648018623,neutral
tkqfmm,redditrequest,post,1648029376,neutral
tkvbqm,redditrequest,post,1648046119,neutral
tkver8,redditrequest,post,1648046361,neutral
tlj5xc,redditrequest,post,1648075121,neutral
tlk6v6,redditrequest,post,1648077248,neutral
tlku5l,redditrequest,post,1648077893,negative
tllg29,redditrequest,post,1648078394,neutral
tllrpo,redditrequest,post,1648078700,negative
tlnnlp,redditrequest,post,1648080944,neutral
tlvdwu,redditrequest,post,1648088699,neutral
tlvos7,redditrequest,post,1648089606,neutral
tlxe2r,redditrequest,post,1648095213,neutral
tm1a8g,redditrequest,post,1648111081,neutral
tm1v5z,redditrequest,post,1648113626,neutral
tm28od,redditrequest,post,1648115262,neutral
tm29jv,redditrequest,post,1648115364,neutral
tm3145,redditrequest,post,1648118546,neutral
tm5she,redditrequest,post,1648124923,neutral
tmi0t5,redditrequest,post,1648136502,neutral
tmizlk,redditrequest,post,1648137281,neutral
tmu1ci,redditrequest,post,1648146650,neutral
tn2oq4,redditrequest,post,1648153945,neutral
tn7ewc,redditrequest,post,1648161173,neutral
tnbo4r,redditrequest,post,1648174383,neutral
tnf514,redditrequest,post,1648186904,neutral
tnf8m1,redditrequest,post,1648187325,neutral
tnfj3g,redditrequest,post,1648188537,neutral
tnj3kz,redditrequest,post,1648204879,neutral
tnj5rj,redditrequest,post,1648205142,neutral
tnlsqu,redditrequest,post,1648214461,neutral
tnmb0a,redditrequest,post,1648216031,neutral
tnoe14,redditrequest,post,1648222023,neutral
tnojo5,redditrequest,post,1648222475,neutral
tnraup,redditrequest,post,1648227999,neutral
tnt9zp,redditrequest,post,1648230135,neutral
tnu941,redditrequest,post,1648231631,neutral
tnx6fj,redditrequest,post,1648236912,neutral
tnx7eg,redditrequest,post,1648236991,neutral
tnyq1a,redditrequest,post,1648241278,neutral
to1b2e,redditrequest,post,1648244824,neutral
to6fj4,redditrequest,post,1648250881,neutral
to895t,redditrequest,post,1648252497,neutral
to9m8x,redditrequest,post,1648254807,neutral
toefgp,redditrequest,post,1648261309,neutral
toepa9,redditrequest,post,1648261531,neutral
tof02q,redditrequest,post,1648262145,neutral
tor3ir,redditrequest,post,1648304872,neutral
toxt4x,redditrequest,post,1648313858,neutral
toy6lr,redditrequest,post,1648314927,neutral
tp4n6d,redditrequest,post,1648330349,neutral
tp6ymf,redditrequest,post,1648335904,neutral
tp8gbr,redditrequest,post,1648340856,neutral
tpbeww,redditrequest,post,1648351331,neutral
tpbsos,redditrequest,post,1648352789,neutral
tpgubv,redditrequest,post,1648375248,neutral
tpkl9b,redditrequest,post,1648389761,neutral
tpltee,redditrequest,post,1648393609,neutral
tpm615,redditrequest,post,1648394672,neutral
tpmebr,redditrequest,post,1648395385,neutral
tpq35m,redditrequest,post,1648406211,neutral
tpr43o,redditrequest,post,1648409118,neutral
tpteeh,redditrequest,post,1648415673,neutral
tpuwr7,redditrequest,post,1648420182,neutral
tpw4yg,redditrequest,post,1648424147,neutral
tpwqor,redditrequest,post,1648426153,neutral
tpwrhs,redditrequest,post,1648426233,neutral
tpximn,redditrequest,post,1648428897,neutral
tpxkt9,redditrequest,post,1648429103,neutral
tpy5v8,redditrequest,post,1648431135,neutral
tpyd3z,redditrequest,post,1648431827,neutral
tpyf5f,redditrequest,post,1648432014,neutral
tq1p0g,redditrequest,post,1648443570,neutral
tq22kl,redditrequest,post,1648445005,neutral
tq5z7c,redditrequest,post,1648462109,neutral
tq7vp1,redditrequest,post,1648469490,neutral
tq7ysx,redditrequest,post,1648469737,neutral
tq9jvr,redditrequest,post,1648474811,neutral
tqac13,redditrequest,post,1648477128,neutral
tqc34p,redditrequest,post,1648481953,neutral
tqc4vy,redditrequest,post,1648482088,neutral
tqday8,redditrequest,post,1648485254,neutral
tqflzl,redditrequest,post,1648491387,neutral
tqfsbc,redditrequest,post,1648491861,neutral
tqk1f1,redditrequest,post,1648503416,neutral
tqk4df,redditrequest,post,1648503649,neutral
tqk5sk,redditrequest,post,1648503765,neutral
tqk75m,redditrequest,post,1648503875,neutral
tqkcbt,redditrequest,post,1648504294,neutral
tqmlt7,redditrequest,post,1648511113,neutral
tqo98x,redditrequest,post,1648516411,neutral
tqrb1e,redditrequest,post,1648526715,neutral
tquey5,redditrequest,post,1648539304,neutral
tqxzvb,redditrequest,post,1648554638,neutral
tqyofr,redditrequest,post,1648557002,neutral
tr1o69,redditrequest,post,1648564797,neutral
tr41iz,redditrequest,post,1648566746,neutral
tr6v9i,redditrequest,post,1648571503,neutral
tr9lh5,redditrequest,post,1648573293,neutral
tralph,redditrequest,post,1648575751,neutral
trrye7,redditrequest,post,1648593925,neutral
trsgf2,redditrequest,post,1648595419,negative
trt0yp,redditrequest,post,1648597145,neutral
trt1kp,redditrequest,post,1648597201,neutral
truh8h,redditrequest,post,1648601815,neutral
trxabt,redditrequest,post,1648611056,neutral
ts0xq4,redditrequest,post,1648625120,neutral
ts11ne,redditrequest,post,1648625610,neutral
ts232o,redditrequest,post,1648630450,neutral
ts484x,redditrequest,post,1648639458,neutral
ts4mqd,redditrequest,post,1648640918,neutral
ts4nc5,redditrequest,post,1648640981,neutral
ts4njx,redditrequest,post,1648641006,neutral
ts5563,redditrequest,post,1648642701,neutral
ts55r1,redditrequest,post,1648642758,neutral
ts56i8,redditrequest,post,1648642826,neutral
ts73ij,redditrequest,post,1648648825,neutral
tsb0qa,redditrequest,post,1648659578,neutral
tsdump,redditrequest,post,1648667165,neutral
tsjie1,redditrequest,post,1648675078,neutral
tsl791,redditrequest,post,1648679769,neutral
tsmr4q,redditrequest,post,1648684448,neutral
tsoqd4,redditrequest,post,1648690804,neutral
tsq2rc,redditrequest,post,1648695179,neutral
tssih5,redditrequest,post,1648703723,neutral
tsss30,redditrequest,post,1648704779,neutral
tst15r,redditrequest,post,1648705823,neutral
tstpoe,redditrequest,post,1648708676,neutral
tswlf8,redditrequest,post,1648721725,neutral
tsx8el,redditrequest,post,1648724433,neutral
tsxsed,redditrequest,post,1648726625,neutral
tt0z0f,redditrequest,post,1648736871,neutral
tt3qs2,redditrequest,post,1648744460,neutral
tt5qer,redditrequest,post,1648749839,neutral
tt5uuj,redditrequest,post,1648750171,neutral
t6kyn5,redditrequest,post,1646406382,neutral
tnnfl4,redditrequest,post,1648219319,neutral
t5mkks,redditrequest,post,1646294524,neutral
tae1d9,runescape,post,1646850208,positive
t8qm26,rupaulsdragrace,post,1646663907,neutral
t58dh2,russia,post,1646250218,negative
tpn17w,sanfrancisco,post,1648397221,neutral
tl0ur3,survivor,post,1648054306,negative
trxq3n,teenagers,post,1648612578,negative
t7xtvn,teenagers,post,1646569977,negative
tcrvjb,teenagers,post,1647122195,negative
tjtxhe,teenagers,post,1647920125,neutral
tlxj46,teenagers,post,1648095720,negative
t6dwr8,teenagers,post,1646380431,neutral
tem897,teenagers,post,1647341459,negative
t5nd4p,thesopranos,post,1646297983,negative
t9vttq,tortoise,post,1646787879,neutral
tozvuw,transformation,post,1648319924,negative
trzf3f,transpassing,post,1648618858,neutral
tqqwox,ufc,post,1648525298,positive
t87k0a,ufc,post,1646598406,neutral
t8alhp,ufc,post,1646606824,negative
t759ic,ukraine,post,1646469749,negative
tqbisi,unpopularopinion,post,1648480384,negative
tt5aoc,unpopularopinion,post,1648748675,negative
t8qk8m,unpopularopinion,post,1646663755,negative
tn3etp,unpopularopinion,post,1648154614,negative
tfee2i,vegan,post,1647425957,neutral
td2wi9,vegan,post,1647161944,neutral
tcc704,vexillology,post,1647074643,negative
t6a95v,vexillologycirclejerk,post,1646367116,neutral
tozu5x,vexillologycirclejerk,post,1648319781,negative
tfh1qs,40something,post,1647435397,neutral
t5d1sj,AMA,post,1646263054,negative
t7vkvb,AMA,post,1646560358,negative
tbogrn,AccidentalWesAnderson,post,1646999485,neutral
tadhc1,Advice,post,1646848538,negative
tae9me,Advice,post,1646850811,negative
tah9y8,Advice,post,1646859065,negative
tewrvl,Advice,post,1647370375,negative
tqswfy,Advice,post,1648532807,negative
tnvnx8,AgainstHateSubreddits,post,1648233177,negative
tl5mo5,AskReddit,post,1648059585,negative
t4at1a,AskReddit,post,1646149427,negative
t8sleg,AskReddit,post,1646669266,negative
t8sn7i,AskReddit,post,1646669404,negative
t44i8j,AskReddit,post,1646128794,negative
t4nu88,AskReddit,post,1646183753,neutral
t4vf9h,AskReddit,post,1646208942,neutral
t5avy8,AskReddit,post,1646257159,negative
t5og9a,AskReddit,post,1646302662,neutral
t5vljl,AskReddit,post,1646325418,neutral
t60cmv,AskReddit,post,1646337872,negative
t6azwc,AskReddit,post,1646369668,neutral
t6nhg3,AskReddit,post,1646413149,negative
t6rny3,AskReddit,post,1646424421,negative
t73o68,AskReddit,post,1646462935,neutral
t7h1as,AskReddit,post,1646509035,negative
t7h2hz,AskReddit,post,1646509134,negative
t7h3or,AskReddit,post,1646509222,negative
t7lttk,AskReddit,post,1646523364,neutral
t7lwxp,AskReddit,post,1646523635,negative
t7o0b1,AskReddit,post,1646530555,negative
t7xbn8,AskReddit,post,1646567972,negative
t7zizo,AskReddit,post,1646575827,neutral
t7zuy3,AskReddit,post,1646576867,neutral
t7zz9f,AskReddit,post,1646577242,neutral
t8a1bi,AskReddit,post,1646605235,negative
t8gto6,AskReddit,post,1646626669,neutral
t962ki,AskReddit,post,1646705947,neutral
t97lis,AskReddit,post,1646710687,neutral
t97myd,AskReddit,post,1646710806,negative
t9au4b,AskReddit,post,1646722102,neutral
t9cawm,AskReddit,post,1646728178,neutral
t9l01b,AskReddit,post,1646757880,neutral
t9wtre,AskReddit,post,1646791072,neutral
t9y0wx,AskReddit,post,1646794922,negative
taci6a,AskReddit,post,1646845838,neutral
taclqt,AskReddit,post,1646846108,neutral
taeu67,AskReddit,post,1646852329,neutral
tapv0d,AskReddit,post,1646884438,negative
tardoz,AskReddit,post,1646889732,neutral
tassrg,AskReddit,post,1646895048,negative
tatl5b,AskReddit,post,1646898223,neutral
tb12ou,AskReddit,post,1646925866,neutral
tb1rfm,AskReddit,post,1646927736,neutral
tbj5uv,AskReddit,post,1646977693,negative
tbj6lv,AskReddit,post,1646977773,neutral
tbl4jg,AskReddit,post,1646985468,neutral
tbl6k7,AskReddit,post,1646985657,negative
tcuyh7,AskReddit,post,1647131726,neutral
tczw6x,AskReddit,post,1647149215,negative
tczweu,AskReddit,post,1647149241,negative
tczwla,AskReddit,post,1647149262,negative
td5dhd,AskReddit,post,1647172401,positive
td5la1,AskReddit,post,1647173243,negative
tdh7u1,AskReddit,post,1647207464,neutral
tdmsgb,AskReddit,post,1647224339,negative
tdmtxh,AskReddit,post,1647224477,negative
tdo1hk,AskReddit,post,1647228524,neutral
tdymhb,AskReddit,post,1647267709,negative
te7wmo,AskReddit,post,1647292194,neutral
telqkr,AskReddit,post,1647339455,neutral
tfft92,AskReddit,post,1647431353,negative
tfvcer,AskReddit,post,1647470752,neutral
tfvfhf,AskReddit,post,1647470988,neutral
tga0ll,AskReddit,post,1647523000,negative
tgnhvs,AskReddit,post,1647559970,neutral
tgnirp,AskReddit,post,1647560039,neutral
tguoa7,AskReddit,post,1647583560,negative
tgv0mj,AskReddit,post,1647585002,negative
tgv44b,AskReddit,post,1647585394,negative
th57p2,AskReddit,post,1647620637,negative
th59h6,AskReddit,post,1647620773,negative
th827z,AskReddit,post,1647624816,negative
thlwb9,AskReddit,post,1647658255,neutral
thlx9o,AskReddit,post,1647658347,neutral
thr66h,AskReddit,post,1647680051,neutral
thwazd,AskReddit,post,1647699983,neutral
ti976i,AskReddit,post,1647736868,neutral
tic1lp,AskReddit,post,1647746485,negative
tich3n,AskReddit,post,1647748050,negative
tichtk,AskReddit,post,1647748121,negative
tidk3a,AskReddit,post,1647752073,neutral
tjm7it,AskReddit,post,1647897292,neutral
tjqg9e,AskReddit,post,1647909164,neutral
tjzvqp,AskReddit,post,1647944860,neutral
tjzwlo,AskReddit,post,1647944970,neutral
tk186z,AskReddit,post,1647950044,neutral
tk2mdr,AskReddit,post,1647954464,negative
tk44pz,AskReddit,post,1647958976,neutral
tlf593,AskReddit,post,1648069831,neutral
tlj06j,AskReddit,post,1648074689,negative
tlmco3,AskReddit,post,1648079315,neutral
tlmdo9,AskReddit,post,1648079396,neutral
tlme41,AskReddit,post,1648079431,neutral
tlmeoz,AskReddit,post,1648079477,neutral
tm40v2,AskReddit,post,1648122176,neutral
tn6fly,AskReddit,post,1648158467,neutral
tnytwf,AskReddit,post,1648241589,neutral
tnyu7s,AskReddit,post,1648241615,neutral
tnyud6,AskReddit,post,1648241627,neutral
tol0ri,AskReddit,post,1648287378,negative
tol1p2,AskReddit,post,1648287501,negative
tol5m9,AskReddit,post,1648288015,negative
tpca29,AskReddit,post,1648354635,neutral
tq1i2k,AskReddit,post,1648442857,negative
tq1m49,AskReddit,post,1648443263,negative
tq22cn,AskReddit,post,1648444983,negative
tq3uez,AskReddit,post,1648452442,negative
tq7oig,AskReddit,post,1648468865,negative
tqbz81,AskReddit,post,1648481652,neutral
tqppcj,AskReddit,post,1648521174,neutral
tqpqfu,AskReddit,post,1648521277,negative
tqpr3f,AskReddit,post,1648521340,neutral
tqyoun,AskReddit,post,1648557037,negative
trev7h,AskReddit,post,1648580969,neutral
trevzx,AskReddit,post,1648581028,neutral
trewvg,AskReddit,post,1648581100,neutral
trhyzs,AskReddit,post,1648584765,neutral
trwfl5,AskReddit,post,1648608216,neutral
tshxwp,AskReddit,post,1648671592,negative
tt0o85,AskReddit,post,1648735995,negative
tt49jd,AskReddit,post,1648745887,neutral
tt56ra,AskReddit,post,1648748386,negative
tt59w5,AskReddit,post,1648748616,neutral
t40d8t,AutoModerator,post,1646112410,neutral
tenndi,Bad_Cop_No_Donut,post,1647346659,negative
t5h2zo,BokuNoHeroAcademia,post,1646275201,negative
t9skse,CODZombies,post,1646778356,neutral
tirk5r,CanadaPolitics,post,1647801194,negative
tgypdd,Christianity,post,1647601103,neutral
tcgwvx,Comcast_Xfinity,post,1647093477,neutral
tertot,DynastyFF,post,1647358781,negative
teuwlm,DynastyFF,post,1647366532,neutral
tf0986,DynastyFF,post,1647378113,neutral
tfmzbt,DynastyFF,post,1647450756,negative
tha3pa,DynastyFF,post,1647626573,neutral
thamjn,DynastyFF,post,1647627007,neutral
thz0za,DynastyFF,post,1647707727,negative
thl7bf,EDC,post,1647655879,positive
tsti52,FreeKarma4You,post,1648707760,neutral
thh39c,FreeSpeech,post,1647643051,negative
te7hog,HermitCraft,post,1647291119,negative
tjnjlp,ImaginaryWarhammer,post,1647900891,positive
tdnwpr,Instantregret,post,1647228042,negative
t7jzcj,JustUnsubbed,post,1646517767,negative
trfod7,Libertarian,post,1648582619,neutral
tepp1s,MakeupRehab,post,1647352926,neutral
tk3pee,Minecraft,post,1647957732,neutral
tdaoda,NameThatSong,post,1647189401,negative
tk6rrt,NewOrleans,post,1647966213,negative
tkkyd9,OMSCS,post,1648006271,negative
tjq36o,OnePunchMan,post,1647908040,neutral
tkkyaq,OnePunchMan,post,1648006266,neutral
t3yuty,PewdiepieSubmissions,post,1646107570,neutral
toz1jx,Philippines,post,1648317458,neutral
tndbsu,Piracy,post,1648180050,negative
tl8i39,RetroFuturism,post,1648062100,negative
t8eshf,RoastMe,post,1646619813,negative
tbp59k,SCJerk,post,1647001977,negative
tb35pm,SSBM,post,1646931490,positive
t6d1l2,Sneakers,post,1646376985,negative
tgsich,Stormlight_Archive,post,1647575381,neutral
thpzul,Texans,post,1647674619,negative
th4i3o,TrueSTL,post,1647618833,neutral
tnynza,TrueSTL,post,1648241111,negative
tq51ex,Turkey,post,1648457940,neutral
tm0k5w,UCSD,post,1648107894,neutral
tsuq1l,Vore,post,1648713157,positive
tjhmh2,WatchRedditDie,post,1647885135,negative
tmj1ty,Wizard101,post,1648137324,neutral
tny0e7,WouldYouRather,post,1648239244,neutral
tt7nes,antinatalism,post,1648755063,negative
t4ri58,askTO,post,1646194849,neutral
tgvs5y,askscience,post,1647588334,negative
tib1u6,askscience,post,1647743022,negative
tso84y,asktransgender,post,1648689163,positive
t838j4,attackontitan,post,1646586514,neutral
thlubg,auburn,post,1647658056,neutral
t7xsrk,autism,post,1646569856,negative
tbqqxe,beards,post,1647007210,neutral
tpmkrq,bipolar2,post,1648395910,neutral
tqs5db,bipolar2,post,1648529840,negative
tat3sf,britishproblems,post,1646896254,neutral
tl7lvy,bugs,post,1648061141,neutral
tp3kdn,cardano,post,1648327056,neutral
t8avtg,chess,post,1646607661,neutral
t8awe5,chess,post,1646607710,negative
t7tnu8,chicago,post,1646551814,negative
t6owkh,cigars,post,1646416937,neutral
t8sqmq,cigars,post,1646669668,neutral
t8ssvs,cigars,post,1646669838,negative
t8300h,coaxedintoasnafu,post,1646585866,neutral
t5le4p,conan,post,1646289781,neutral
tr53br,confessions,post,1648569062,negative
t3zwh5,conspiracy,post,1646110917,neutral
th4w0j,conspiracy,post,1647619765,negative
t7dvzr,coys,post,1646500023,neutral
thqknz,crochet,post,1647677242,neutral
tsxmo3,dankmemes,post,1648726007,negative
ti0meu,datascience,post,1647712088,neutral
tnpz3e,depression,post,1648225855,negative
tdh8y5,destiny2,post,1647207552,neutral
tom75j,dirndls,post,1648292666,neutral
tne8zn,django,post,1648183398,neutral
th4fuk,drones,post,1647618653,neutral
tb0f04,eagles,post,1646923994,negative
tgac9x,eagles,post,1647523964,negative
t6f03t,europe,post,1646385031,neutral
tff9w1,france,post,1647429361,negative
tgdknc,gaming,post,1647533019,neutral
t82k8r,h3h3productions,post,1646584680,negative
tbyq6u,h3h3productions,post,1647028872,neutral
tiyuzl,h3h3productions,post,1647821916,neutral
tlyb8y,h3h3productions,post,1648098598,negative
tlygv3,h3h3productions,post,1648099208,negative
tlys2m,h3h3productions,post,1648100457,negative
tm2ax0,h3h3productions,post,1648115526,positive
tq092s,h3h3productions,post,1648438305,neutral
tqlzg1,h3h3productions,post,1648509176,negative
tqm59j,h3h3productions,post,1648509681,neutral
tqojoi,h3h3productions,post,1648517366,neutral
tqrbe5,h3h3productions,post,1648526753,neutral
tqs9zq,h3h3productions,post,1648530294,negative
tt5zk3,h3h3productions,post,1648750538,negative
tfo0my,halo,post,1647453501,neutral
thm0eg,iRacing,post,1647658646,neutral
tnjlc9,legaladvice,post,1648206877,neutral
tfql2s,lgbt,post,1647458598,neutral
thi4u0,mildlyinfuriating,post,1647646127,negative
tdkthl,minnesotavikings,post,1647218036,neutral
tsn3iq,modhelp,post,1648685514,neutral
tfcwyl,motorcycles,post,1647419797,neutral
tf9xqc,needadvice,post,1647407376,negative
t6rir2,needamod,post,1646424024,neutral
t4uivo,newzealand,post,1646205342,neutral
tndk59,onions,post,1648180856,neutral
tck1t8,popheads,post,1647102737,negative
tjw4f8,progresspics,post,1647928457,negative
tn2wi1,quittingkratom,post,1648154144,negative
tr0hdb,raisedbynarcissists,post,1648562627,neutral
tn9mok,redditrequest,post,1648167775,neutral
tacsub,redditrequest,post,1646846650,negative
tczooc,redditrequest,post,1647148414,neutral
t4htfg,redditrequest,post,1646167382,neutral
tccfgj,redditrequest,post,1647075625,neutral
tpssdk,redditrequest,post,1648413915,neutral
t3ugoz,redditrequest,post,1646094541,neutral
tsh4cc,redditrequest,post,1648670085,neutral
tcu1z9,redditrequest,post,1647128799,neutral
tfeird,redditrequest,post,1647426464,neutral
tkr06r,redditrequest,post,1648031839,neutral
tonn9b,redditrequest,post,1648298316,neutral
taijqk,redditrequest,post,1646862569,neutral
taraiw,redditrequest,post,1646889416,neutral
tbsp13,redditrequest,post,1647012896,neutral
th53f8,redditrequest,post,1647620331,neutral
th5mn4,redditrequest,post,1647621676,neutral
th3mip,redditrequest,post,1647616425,neutral
taiklg,redditrequest,post,1646862637,neutral
t4gdzl,MLS,post,1646163735,neutral
t3y8tz,Minecraft,post,1646105730,negative
tkh3hx,MkeBucks,post,1647994154,neutral
tnrkah,ModSupport,post,1648228271,neutral
t5z8u0,ModSupport,post,1646334901,neutral
t7ks32,ModSupport,post,1646520179,neutral
t4ilzr,ModSupport,post,1646169437,neutral
t7vlrb,NoStupidQuestions,post,1646560466,neutral
tand50,OnePiece,post,1646876552,neutral
taf588,OnePiece,post,1646853161,neutral
tculvx,OnePiece,post,1647130573,neutral
tgsh6o,OnePunchMan,post,1647575274,neutral
tl6jhd,Psychic,post,1648060315,neutral
t657qb,PurplePillDebate,post,1646351422,negative
ts8fuz,RealEstate,post,1648652586,negative
t6eml9,Repsneakers,post,1646383443,negative
t7kk4r,RimWorld,post,1646519517,neutral
te3czo,SampleSize,post,1647280256,neutral
tlhy9h,Sat,post,1648072982,neutral
t6692b,ShitPoliticsSays,post,1646354461,negative
t5asjs,Socialism_101,post,1646256894,negative
tngxd4,SuicideWatch,post,1648194857,negative
t512f6,TooAfraidToAsk,post,1646230581,positive
tlx69z,TrueOffMyChest,post,1648094477,positive
tc3c7a,TwoSentenceHorror,post,1647042069,negative
tnx25w,UMF,post,1648236580,neutral
tcpf17,UnresolvedMysteries,post,1647114912,neutral
t5q8ts,WhitePeopleTwitter,post,1646309676,neutral
tsk9bi,amiugly,post,1648677125,neutral
tbf8qg,asexuality,post,1646964345,neutral
tdztgw,asktransgender,post,1647271011,neutral
tincou,baconreader,post,1647789633,negative
tor3jm,bangalore,post,1648304874,neutral
t7kvf2,bjj,post,1646520451,negative
t41hiv,bollywood,post,1646116392,neutral
tljki0,conspiracy,post,1648076222,negative
tsd2jo,copypasta,post,1648665120,negative
tfyupw,copypasta,post,1647481289,negative
tawtbl,dankmemes,post,1646912331,neutral
td3alw,dankmemes,post,1647163618,neutral
tqwhcg,dankmemes,post,1648548669,negative
tev97h,depressed,post,1647367251,negative
thq8el,dogecoin,post,1647675708,neutral
tpe5kn,eagles,post,1648362566,negative
tlaiji,excatholic,post,1648064994,neutral
t5xsqs,fireemblem,post,1646331066,negative
t8iq18,flatearth,post,1646633733,negative
tgvk3h,forsen,post,1647587287,neutral
tg2o78,fountainpens,post,1647494191,neutral
t8yc60,ftm,post,1646684175,negative
tnj078,guns,post,1648204464,negative
t7llat,halo,post,1646522615,negative
t89i9j,help,post,1646603789,negative
tauzfs,help,post,1646904462,neutral
tfvkry,help,post,1647471386,neutral
tbrjss,hinduism,post,1647009624,positive
thqs9f,lastfm,post,1647678240,negative
t9aypm,leafs,post,1646722603,negative
t5w96h,leaves,post,1646327100,neutral
t4hsnb,lego,post,1646167323,negative
t9ye4a,legostarwars,post,1646796104,negative
tmi3mh,lingerie,post,1648136566,positive
tc66y9,lorde,post,1647051437,neutral
trf9p1,madlads,post,1648582092,neutral
tgq4jb,malaysia,post,1647567800,neutral
tp91sv,memes,post,1648342873,neutral
tpwzlx,mildlyinfuriating,post,1648427031,negative
tpw9uh,mildlyinfuriating,post,1648424593,negative
t8k69h,minecraftseeds,post,1646639764,neutral
tqz3xi,modhelp,post,1648558479,neutral
t87w57,modhelp,post,1646599352,neutral
t868a7,navy,post,1646594712,neutral
tbvyme,navy,post,1647021659,neutral
t733xa,nba,post,1646460683,negative
tgt22m,nfl,post,1647577265,negative
thekmu,nfl,post,1647635940,negative
trtqie,nfl,post,1648599374,neutral
tcf2e4,nvidia,post,1647086773,neutral
tn4luk,offmychest,post,1648155803,neutral
tmfqb0,ottawa,post,1648134257,neutral
tf9v8y,pacers,post,1647407119,negative
tpc0x0,panelshow,post,1648353640,neutral
tepwet,panicatthedisco,post,1647353501,negative
tapw7m,playstation,post,1646884549,neutral
th169i,poland,post,1647609624,neutral
tbzimk,redditrequest,post,1647031089,neutral
thlykl,redditrequest,post,1647658474,neutral
tkn64t,redditrequest,post,1648014608,neutral
t3wuq0,redditrequest,post,1646101603,neutral
tnr08c,redditrequest,post,1648227748,neutral
tnu4q4,redditrequest,post,1648231476,neutral
tf4gan,redditrequest,post,1647389639,neutral
tho5k7,redditrequest,post,1647666482,negative
tjdv16,redditrequest,post,1647875066,neutral
tf6huj,redditrequest,post,1647395832,neutral
tf6lin,redditrequest,post,1647396133,neutral
tf6nmx,redditrequest,post,1647396319,neutral
tcrkig,redditrequest,post,1647121295,negative
tqebfz,redditrequest,post,1648487919,negative
tce96o,redditrequest,post,1647083465,neutral
tbvad6,redditrequest,post,1647020001,neutral
tkjvuo,redditrequest,post,1648002795,neutral
t6l7w1,redditrequest,post,1646407102,neutral
tnywu8,redditrequest,post,1648241824,neutral
t7u2us,redditrequest,post,1646553655,neutral
t8qoae,redditrequest,post,1646664093,neutral
tdc96a,redditrequest,post,1647193795,neutral
tn7hpy,redditrequest,post,1648161396,neutral
tn7jo2,redditrequest,post,1648161556,neutral
t4j40e,redditrequest,post,1646170748,neutral
tkt8n3,redditrequest,post,1648039942,neutral
tst3gc,redditrequest,post,1648706083,neutral
tkt3ll,redditrequest,post,1648039487,neutral
t3vvhz,redditrequest,post,1646098736,neutral
t5lj1z,redditrequest,post,1646290312,neutral
tf77jn,redditrequest,post,1647398075,neutral
tqzfpl,redditrequest,post,1648559515,neutral
te80yg,redditrequest,post,1647292565,neutral
tc9cct,redditrequest,post,1647062891,neutral
te6c9d,socialwork,post,1647288044,neutral
t4bwop,softwaregore,post,1646152256,negative
t6mz80,southcarolina,post,1646411800,neutral
td7j3f,stopdrinking,post,1647180062,positive
tetuo9,swtor,post,1647363951,neutral
tpfghu,teenagers,post,1648368635,neutral
te66ip,teenagers,post,1647287646,neutral
t5o88y,teenagers,post,1646301687,neutral
t76lsl,teenagers,post,1646475665,neutral
thfftx,tf2,post,1647638327,neutral
ts0ce6,tf2,post,1648622572,neutral
tsize3,tf2,post,1648673682,negative
tsjsde,tf2,post,1648675823,negative
tsjv84,tf2,post,1648676041,negative
tsnupw,tf2,post,1648687958,neutral
tsph4e,tf2,post,1648693182,negative
tstxbu,tf2,post,1648709604,negative
t6kzsh,thatHappened,post,1646406469,negative
t90ld5,torontoraptors,post,1646690066,neutral
tg06ba,torontoraptors,post,1647485461,neutral
th89fu,transgendercirclejerk,post,1647625083,negative
tlup91,traps,post,1648088038,neutral
tqbmhw,yorku,post,1648480680,neutral
t3wiwa,2007scape,post,1646100632,negative
tkua8n,2007scape,post,1648043194,neutral
tnkdnt,AFL,post,1648209686,neutral
tffpx3,ApplyingToCollege,post,1647431030,neutral
thq4ob,ApplyingToCollege,post,1647675236,neutral
thzmuv,ApplyingToCollege,post,1647709381,neutral
trta3b,ApplyingToCollege,post,1648597940,negative
tt1cdx,ApplyingToCollege,post,1648737919,negative
tavp1y,AskHR,post,1646907639,neutral
tpumat,AskReddit,post,1648419270,positive
tjnppd,AskReddit,post,1647901360,neutral
tjnq49,AskReddit,post,1647901391,neutral
tjnrhg,AskReddit,post,1647901498,neutral
tdiyd3,AtlantaUnited,post,1647212405,positive
tjjspg,Austria,post,1647890818,neutral
tq2s71,CasualConversation,post,1648447925,neutral
t86e48,CatAdvice,post,1646595170,negative
tao7f3,Comcast_Xfinity,post,1646879162,neutral
tedo16,DynastyFF,post,1647308852,negative
tm0urz,FantasyPL,post,1648109158,neutral
tn94c6,Fantasy_Football,post,1648166233,negative
t9e4se,Guildwars2,post,1646736239,negative
tpndid,Habs,post,1648398226,negative
tpnjqp,Habs,post,1648398732,negative
tjnu87,IASIP,post,1647901703,negative
tjttem,IASIP,post,1647919733,neutral
to0pnh,IASIP,post,1648244312,negative
tds8km,Injustice2MobileGame,post,1647244740,neutral
tp0elu,JustUnsubbed,post,1648321465,negative
tdfxce,Kanye,post,1647203930,neutral
tp44xf,Libertarian,post,1648328776,negative
tqzskk,MensRights,post,1648560629,neutral
toys1o,ModSupport,post,1648316677,neutral
tqckzl,ModSupport,post,1648483299,neutral
tnhcza,ModSupport,post,1648196944,neutral
thnkwy,NFL_Draft,post,1647664241,negative
tfix9a,Nepal,post,1647440914,negative
t4gbs0,OnePiece,post,1646163574,neutral
tpzyg7,Philippines,post,1648437265,neutral
td2zw7,SCJerk,post,1647162327,negative
tdhrwa,Sexsells,post,1647209009,neutral
tixdfz,Sexsells,post,1647817415,neutral
tixeey,Sexsells,post,1647817492,neutral
t4lqh3,Showerthoughts,post,1646177720,negative
t4lvr2,Showerthoughts,post,1646178127,negative
t9npd6,TheFence,post,1646764936,neutral
tbhrbf,TooAfraidToAsk,post,1646972551,neutral
tnbxye,TwoSentenceHorror,post,1648175272,negative
tam7w6,TwoXChromosomes,post,1646873037,negative
toh1x0,XXXTENTACION,post,1648269691,neutral
tr50eo,XXXTENTACION,post,1648568839,positive
tfublo,YouShouldKnow,post,1647467959,negative
t5p97l,ask,post,1646305928,neutral
trrrkq,attackontitan,post,1648593370,negative
tawiy6,bangalore,post,1646911210,negative
tn32vj,canucks,post,1648154297,neutral
t49mz3,chomsky,post,1646146312,neutral
t81uei,collapse,post,1646582696,neutral
tfjbvd,conspiracy,post,1647442077,negative
toqn9i,copypasta,post,1648304491,neutral
tp9byy,copypasta,post,1648343870,negative
tifh8k,cripplingalcoholism,post,1647759995,positive
t6nw47,cscareerquestions,post,1646414230,neutral
t5gtsf,dankmemes,post,1646274420,negative
t7s3ro,dankmemes,post,1646545244,neutral
taw0bi,dankmemes,post,1646909020,negative
tbsneo,dankmemes,post,1647012771,neutral
teoaon,dankmemes,post,1647348715,neutral
thn9f0,dankmemes,post,1647663015,negative
tilz92,dankmemes,post,1647785682,negative
tiqup4,dankmemes,post,1647799266,neutral
tj5t1j,dankmemes,post,1647846462,neutral
tl4139,dankmemes,post,1648058263,neutral
tmn7oz,dankmemes,post,1648140754,neutral
tmxhyt,dankmemes,post,1648149625,negative
tn82s7,dankmemes,post,1648163101,negative
tnf7e5,dankmemes,post,1648187175,negative
tnuv63,dankmemes,post,1648232148,neutral
to47un,dankmemes,post,1648247960,neutral
toigku,dankmemes,post,1648275593,neutral
tovtno,dankmemes,post,1648311484,neutral
tq2jx5,dankmemes,post,1648446958,negative
tq32hl,dankmemes,post,1648449152,neutral
tqbzbb,dankmemes,post,1648481658,neutral
tqtxwx,dankmemes,post,1648537221,neutral
ts4ed1,dankmemes,post,1648640130,negative
to4ds3,deadbydaylight,post,1648248466,neutral
tnkvoo,deadbydaylight,post,1648211467,negative
t8o1ed,depression,post,1646655699,neutral
trurso,dfsports,post,1648602771,neutral
ti7ws4,duluth,post,1647732859,neutral
tgmz0c,falcons,post,1647558444,neutral
tisup1,firefly,post,1647804789,neutral
tc1zo0,flatearth,post,1647038066,negative
t8ettp,help,post,1646619940,neutral
tpp848,help,post,1648403688,neutral
tfumr5,help,post,1647468805,negative
tslgk9,help,post,1648680531,neutral
tip1l9,hiphopheads,post,1647794396,neutral
tnj0jv,houston,post,1648204507,neutral
tiacha,howyoudoin,post,1647740688,negative
tpyuqp,iphone,post,1648433447,neutral
t4ibwy,languagelearning,post,1646168704,neutral
tcm8b2,lgbt,post,1647106568,neutral
tqmy42,littlebigplanet,post,1648512194,negative
tqn928,littlebigplanet,post,1648513161,negative
tqogiw,littlebigplanet,post,1648517076,negative
t42oev,madlads,post,1646121064,neutral
tg2wlr,megalophobia,post,1647495085,positive
tejeru,memes,post,1647329184,neutral
tpbg68,memes,post,1648351465,positive
t5kr3k,mentalhealth,post,1646287357,negative
t89owb,minecraftsuggestions,post,1646604269,neutral
tktqzg,miraculousladybug,post,1648041535,neutral
tt2o2n,pakistan,post,1648741529,negative
tnd9uw,pics,post,1648179857,negative
tp41oi,pics,post,1648328508,negative
tra4ty,rant,post,1648574514,negative
tjj6iy,redditrequest,post,1647889197,neutral
t57fq6,redditrequest,post,1646247711,neutral
tphfwf,redditrequest,post,1648378026,neutral
t694xj,redditrequest,post,1646363506,negative
t4ag0e,redditrequest,post,1646148458,neutral
tpuw91,redditrequest,post,1648420138,neutral
tq3g0n,redditrequest,post,1648450741,neutral
t9tuzb,redditrequest,post,1646781897,neutral
tffega,redditrequest,post,1647429844,neutral
tp8x0g,redditrequest,post,1648342435,neutral
tasmoe,redditrequest,post,1646894373,negative
t8s697,redditrequest,post,1646668168,neutral
tg6des,redditrequest,post,1647509899,neutral
tkat7b,redditrequest,post,1647976933,neutral
tt3zxu,redditrequest,post,1648745144,neutral
t8z8c5,redditrequest,post,1646686513,neutral
thi7io,redditrequest,post,1647646349,neutral
t5m5b9,redditrequest,post,1646292780,neutral
t3u4ld,redditrequest,post,1646093562,neutral
t5ilkf,republicans,post,1646279996,neutral
tgxtt8,skyrimmods,post,1647597456,negative
tiesyh,sydney,post,1647756995,neutral
tjv8fl,teenagers,post,1647924893,neutral
t85gf8,teenagers,post,1646592570,positive
t85t0j,teenagers,post,1646593531,neutral
tjsif3,test,post,1647915458,neutral
tr8pn9,thefighterandthekid,post,1648572789,neutral
t4wlk4,transgenderUK,post,1646213972,negative
tm3nqe,troubledteens,post,1648120828,neutral
t71f3e,ukraine,post,1646454441,positive
tntmu0,unpopularopinion,post,1648230534,negative
tbik17,unpopularopinion,post,1646975391,neutral
tr9rt8,wacom,post,1648573553,neutral
tr9uxs,wacom,post,1648573783,neutral
tra2rt,wacom,post,1648574370,neutral
tra4ha,wacom,post,1648574489,neutral
traeuo,wacom,post,1648575255,neutral
tragvd,wacom,post,1648575401,neutral
tramg5,wacom,post,1648575806,neutral
tranfm,wacom,post,1648575876,neutral
trantb,wacom,post,1648575904,neutral
tgsu8w,walmart,post,1647576473,negative
tjcd1r,2007scape,post,1647870913,neutral
tf1m98,2007scape,post,1647381738,neutral
tiszgq,AFL,post,1647805148,neutral
tgf94x,AshesofCreation,post,1647537521,negative
t4gpw3,AskOuija,post,1646164593,neutral
t87kj3,AskReddit,post,1646598449,neutral
tnxs5m,AskReddit,post,1648238600,negative
tl49mk,AskReddit,post,1648058496,neutral
tl7144,AskReddit,post,1648060713,neutral
tcn0dt,AutoDetailing,post,1647107993,negative
t56gbm,AutoModerator,post,1646245105,negative
tcbghe,BostonBruins,post,1647071483,neutral
tmnkfh,BostonBruins,post,1648141066,neutral
tioxvc,Browns,post,1647794105,neutral
tqs7ew,CallOfDuty,post,1648530031,neutral
tkbkyj,CollegeBasketball,post,1647979042,neutral
tnq5ou,Comcast_Xfinity,post,1648226361,neutral
t6pf5g,Comcast_Xfinity,post,1646418309,neutral
tom5cb,Cyberpunk,post,1648292454,neutral
t4w4df,DegradingHoles,post,1646211861,negative
tb82ye,EliteDangerous,post,1646944362,negative
tjt9gp,FanFiction,post,1647917897,negative
tc0fa4,FurryKikPals,post,1647033612,negative
trx4gf,Honda,post,1648610495,neutral
trxhf2,Honda,post,1648611749,neutral
tiatbr,LateStageCapitalism,post,1647742229,negative
tlsgwr,Libertarian,post,1648085652,negative
t4dygs,Minecraft,post,1646157538,neutral
tpzo47,ModSupport,post,1648436270,neutral
tpon19,ModSupport,post,1648401926,neutral
t69vt7,ModSupport,post,1646365928,negative
t5ejb5,ModSupport,post,1646267443,neutral
t8v5iw,Nails,post,1646675989,negative
tsfhbq,NarcissisticAbuse,post,1648668994,negative
t97666,OriannaMains,post,1646709321,negative
tpx431,Philippines,post,1648427460,negative
tlwth9,Philippines,post,1648093293,neutral
t9h0bo,PlayStationPlus,post,1646746758,negative
tj9oci,PoliticalHumor,post,1647862323,neutral
ti7cj4,RandomActsofCards,post,1647731112,positive
tedr2g,RatchetAndClank,post,1647309120,neutral
ts1vwp,Romania,post,1648629518,negative
td8sso,SWGalaxyOfHeroes,post,1647183945,negative
t91v7q,ShadowBan,post,1646693393,negative
tg1yr5,Steam,post,1647491579,neutral
t9grya,ToolBand,post,1646746024,neutral
t4fyoe,TopMindsOfReddit,post,1646162609,negative
t4h7sc,TrueOffMyChest,post,1646165848,negative
t5oewn,TwoSentenceHorror,post,1646302495,negative
t4jw6a,Warthunder,post,1646172803,neutral
tfelxm,WatchRedditDie,post,1647426798,negative
t5um5o,WatchRedditDie,post,1646322767,negative
tao780,WatchRedditDie,post,1646879145,negative
te117e,WatchRedditDie,post,1647274240,negative
ti5f8d,WatchRedditDie,post,1647725530,negative
tkopj6,WatchRedditDie,post,1648021356,negative
tpp18w,WatchRedditDie,post,1648403116,negative
tt5r5z,WatchRedditDie,post,1648749895,neutral
tt0pvh,Wellthatsucks,post,1648736130,negative
tijq0l,antinatalism,post,1647778323,neutral
td0k8e,askphilosophy,post,1647151808,neutral
tfyrln,auslaw,post,1647481017,neutral
tqkvs2,battlecats,post,1648505943,neutral
thns9s,battlecats,post,1647665023,negative
t73rso,bodymods,post,1646463348,neutral
t4c1tx,brandnew,post,1646152627,neutral
t9s0to,cardano,post,1646776745,neutral
targue,careerguidance,post,1646890069,neutral
tk9z92,conspiracy,post,1647974748,negative
t6rglb,conspiracy,post,1646423867,negative
tmbgbz,deadbydaylight,post,1648129997,neutral
t7mtld,destiny2,post,1646526555,negative
t6uzkj,discordapp,post,1646433710,neutral
t7ib4f,flatearth,post,1646512728,neutral
tkfmeh,formula1,post,1647989959,neutral
tbeult,forsen,post,1646963096,neutral
tp0qiz,gainit,post,1648322449,negative
t6kxsz,gaming,post,1646406315,negative
t94v45,gmod,post,1646702249,negative
tf0fbx,gmod,post,1647378566,neutral
ts0j23,help,post,1648623371,neutral
tszgj1,help,post,1648732361,neutral
ti3mj8,help,post,1647720464,negative
tsmcgq,iran,post,1648683172,neutral
thxxf7,islam,post,1647704699,positive
tjsfcg,jhu,post,1647915190,neutral
tjj1zh,korea,post,1647888853,neutral
ttauj2,kpop,post,1648763814,negative
tbf2j4,leagueoflegends,post,1646963816,negative
t9neek,loseit,post,1646764141,neutral
ts4erd,lupus,post,1648640169,neutral
tsoi6v,meme,post,1648690072,neutral
tfdkvc,memes,post,1647422629,neutral
tdr3ni,mentalhealth,post,1647239953,neutral
t6fty4,mildlyinfuriating,post,1646388727,negative
t6fzr1,mildlyinfuriating,post,1646389415,negative
t40jjd,modhelp,post,1646113033,negative
tphq9b,modhelp,post,1648379268,negative
ta9ikk,moviescirclejerk,post,1646837659,neutral
td0pcw,moviescirclejerk,post,1647152392,negative
tfnykm,moviescirclejerk,post,1647453346,neutral
tkqmf2,moviescirclejerk,post,1648030160,neutral
tqklpt,moviescirclejerk,post,1648505086,neutral
tqkm8c,moviescirclejerk,post,1648505126,neutral
t3w4lz,no_mans_sky,post,1646099491,negative
tjuqrc,otomegames,post,1647922964,positive
tsahx0,rant,post,1648658155,negative
troyfj,reckful,post,1648591464,neutral
ts687p,redditmobile,post,1648646216,negative
tt5dy4,redditrequest,post,1648748921,neutral
tdc0dd,redditrequest,post,1647193126,neutral
t50cgn,redditrequest,post,1646228382,neutral
t7bfx7,redditrequest,post,1646493081,neutral
t9t9z6,redditrequest,post,1646780278,neutral
t5j01e,redditrequest,post,1646281287,neutral
t60phh,redditrequest,post,1646338827,neutral
t5j5zz,redditrequest,post,1646281841,neutral
t5jguf,redditrequest,post,1646282849,neutral
trvzh3,redditrequest,post,1648606742,neutral
tnfiyu,redditrequest,post,1648188519,neutral
t5vsoz,specializedtools,post,1646325952,negative
tieb2o,sports,post,1647754949,negative
tbnfd1,spotify,post,1646995212,negative
tnizzc,stopdrinking,post,1648204439,positive
ts3pil,techsupport,post,1648637540,neutral
t6fk69,teenagers,post,1646387559,negative
tchfuy,teenagers,post,1647095080,negative
t63r62,timetravel,post,1646347238,neutral
t8dowt,tipofmypenis,post,1646616299,negative
t9wngk,tipofmypenis,post,1646790529,negative
ta5wej,ukraine,post,1646825710,neutral
t5ygoa,ukraine,post,1646332835,positive
td6z9l,ukraine,post,1647178298,neutral
tkrg0b,unpopularopinion,post,1648033605,neutral
t73cg5,vexillologycirclejerk,post,1646461642,negative
t7h1ji,wallstreetbets,post,1646509057,neutral
tne2po,AFL,post,1648182757,neutral
thq92y,Aleague,post,1647675795,neutral
tnavnu,Aleague,post,1648171820,neutral
tdib22,ApplyingToCollege,post,1647210542,positive
tonzgl,AskMen,post,1648299560,neutral
tgvvzo,AskReddit,post,1647588803,neutral
t9yu54,AskReddit,post,1646797612,neutral
t9yuy6,AskReddit,post,1646797685,neutral
t4lfid,AskReddit,post,1646176869,neutral
t4lfyz,AskReddit,post,1646176906,neutral
t4lgmo,AskReddit,post,1646176955,neutral
tiz4g6,AskReddit,post,1647822716,neutral
td4qv2,Brawlstars,post,1647169814,negative
trzv8q,CasualConversation,post,1648620632,negative
tbcyy5,ClashRoyale,post,1646957148,negative
tcj4ee,ClashRoyale,post,1647100096,negative
tdoa42,ClashRoyale,post,1647229323,negative
tp8pun,ClashRoyale,post,1648341740,negative
tga2fe,CollegeBasketball,post,1647523161,negative
tmy67d,CollegeBasketball,post,1648150184,neutral
t9snsv,Comcast_Xfinity,post,1646778592,neutral
t6rllb,Cuphead,post,1646424240,neutral
t6i3r1,Cuphead,post,1646397606,neutral
tdj5lp,DesignerReps,post,1647212989,neutral
tee7le,Destiny,post,1647310519,negative
tad5bk,FortNiteBR,post,1646847605,negative
tchs2o,FortNiteBR,post,1647096125,positive
tmk3gc,FortNiteBR,post,1648138165,neutral
toylop,FortNiteBR,post,1648316151,negative
toyqo4,FortNiteBR,post,1648316559,negative
t5ouvd,Gonewild18,post,1646304346,neutral
tiijka,HayDay,post,1647773701,negative
tsskyd,IndianBabes,post,1648704001,neutral
tpmz1d,JustUnsubbed,post,1648397045,negative
tf8wz2,Kanye,post,1647403670,negative
tscecw,Kenya,post,1648663287,negative
t9hhm9,Lightbulb,post,1646748212,neutral
t87izi,MMA,post,1646598324,neutral
t87kyf,MMA,post,1646598484,negative
t8ccc8,MMA,post,1646612030,negative
tqp3vz,MechanicAdvice,post,1648519229,positive
tlfcyr,MensRights,post,1648070054,neutral
tex9g1,Minecraft,post,1647371509,negative
tlp8cz,ModSupport,post,1648082462,neutral
tgmyou,ModSupport,post,1647558423,neutral
t9c13y,ModSupport,post,1646726965,neutral
tkfuir,Morrowind,post,1647990586,positive
tkfutu,Morrowind,post,1647990599,neutral
tebj3r,MtF,post,1647302442,neutral
tt4um1,MtF,post,1648747461,positive
tn9pf6,NintendoSwitch,post,1648168019,negative
tcncck,NoMansSkyTheGame,post,1647108912,negative
tstef0,NoStupidQuestions,post,1648707330,neutral
tby7ic,PartneredYoutube,post,1647027420,neutral
t6zdj7,Philippines,post,1646447433,negative
tp45fs,Pictures,post,1648328820,negative
tf6kr3,ProgrammerHumor,post,1647396069,neutral
taf36e,PurplePillDebate,post,1646852996,negative
tbx9bi,RedHotChiliPeppers,post,1647024755,neutral
t9tewb,SS13,post,1646780648,negative
tdftch,SeattleWA,post,1647203631,negative
t8xgmh,Spokane,post,1646681924,neutral
t9jdle,StardewValley,post,1646753640,negative
t5ihmq,SteamOS,post,1646279635,negative
tq8lge,Tennesseetitans,post,1648471861,neutral
t6hily,Terraria,post,1646395613,neutral
t96tq7,TrueOffMyChest,post,1646708252,negative
trniqu,Twitter,post,1648589910,neutral
tb6ztl,UMD,post,1646941376,positive
t7ai84,VPN,post,1646490241,neutral
tdhgks,ableton,post,1647208144,negative
t7ztpm,acting,post,1646576750,positive
tgfq24,ambien,post,1647538821,positive
tbaln4,baseball,post,1646950879,neutral
tagejg,canada,post,1646856650,negative
t7dqct,caps,post,1646499607,neutral
tno1js,censorship,post,1648221024,negative
tjpygr,childfree,post,1647907666,positive
ts7pcv,cincinnati,post,1648650565,neutral
tgn6of,conspiracy,post,1647559064,negative
tju9qm,darknet,post,1647921304,negative
tphiwl,dirndls,post,1648378399,neutral
t4jg7b,doctorwho,post,1646171647,neutral
t9rjiy,dragonage,post,1646775422,neutral
tp0tu1,explainlikeimfive,post,1648322723,negative
tcldbr,futurebeats,post,1647105568,negative
tamn8y,help,post,1646874325,negative
tcs0wf,help,post,1647122627,neutral
tkiwu2,iastate,post,1647999727,neutral
tinwhu,islam,post,1647791226,neutral
t677ap,jerma985,post,1646357415,negative
tds1iz,leafs,post,1647243891,neutral
tqwucz,lgbt,post,1648550171,neutral
tibf3d,me_irl,post,1647744299,neutral
tibgim,me_irl,post,1647744440,neutral
tc1l45,mead,post,1647036902,neutral
tc3gtk,mead,post,1647042481,neutral
tc3hyw,mead,post,1647042586,neutral
tbsqr9,meme,post,1647013033,neutral
tbxdn2,meme,post,1647025096,neutral
te1w9k,meme,post,1647276461,neutral
tg5g8t,meme,post,1647505887,negative
thbq1x,meme,post,1647628047,negative
tsoal5,meme,post,1648689383,negative
tcpdct,memes,post,1647114780,neutral
t8qtsi,mildlyinfuriating,post,1646664530,negative
tpyeak,mildlyinfuriating,post,1648431935,negative
trfy0s,mildlyinfuriating,post,1648583361,negative
tqharh,modhelp,post,1648495941,neutral
trca8s,mumbai,post,1648577590,negative
toiyzm,needamod,post,1648277918,neutral
tde6wj,neoliberal,post,1647199162,neutral
tjgaka,nfsnolimits,post,1647881558,neutral
tjh13h,ontario,post,1647883519,negative
trzw8r,rant,post,1648620740,negative
t4s80c,rant,post,1646197145,negative
t5g54y,rant,post,1646272338,negative
t5g9rr,rant,post,1646272734,negative
t7k8rz,rant,post,1646518561,negative
tdd8nn,rant,post,1647196520,neutral
tdm6ba,rant,post,1647222341,negative
tf01m2,rant,post,1647377561,negative
tf6dlx,rant,post,1647395469,negative
tg9p89,rant,post,1647522033,negative
tgq8pf,rant,post,1647568164,negative
tqucgr,rant,post,1648538997,negative
tq1c5n,reddeadredemption,post,1648442226,neutral
topicc,redditrequest,post,1648303545,neutral
toxkab,redditrequest,post,1648313132,neutral
tr5s0n,redditrequest,post,1648569984,neutral
ttandj,redditrequest,post,1648763252,neutral
tkm0dj,redditrequest,post,1648009968,neutral
tow9dy,redditrequest,post,1648311836,neutral
tgy35j,redditrequest,post,1647598523,neutral
toaaqo,redditrequest,post,1648257076,neutral
ts2ex8,redditrequest,post,1648631943,neutral
tf9blx,redditrequest,post,1647405117,neutral
t6oi28,redditrequest,post,1646415846,neutral
tjn96j,redditrequest,post,1647900109,neutral
tdrko6,redditrequest,post,1647241883,neutral
tb1i5i,redditrequest,post,1646927022,neutral
tef5re,redditrequest,post,1647313432,neutral
tcjx03,redditrequest,post,1647102347,neutral
t8h1gz,redditrequest,post,1646627437,neutral
t67q2o,redditrequest,post,1646359068,neutral
tanqz6,relationship_advice,post,1646877742,neutral
tib0r6,rupaulsdragrace,post,1647742913,positive
tjms9j,sabaton,post,1647898854,neutral
td3m4b,saudiarabia,post,1647164975,negative
td4ift,saudiarabia,post,1647168849,negative
tohtax,shittydarksouls,post,1648272769,negative
tgothz,snapchat,post,1647563835,neutral
tsalvc,softwaregore,post,1648658451,neutral
tbv4h0,stopsmoking,post,1647019566,neutral
ta2jya,teenagers,post,1646811228,neutral
tdyes2,teenagers,post,1647267119,negative
tqr55r,titanfall,post,1648526148,negative
tg3kvr,ukraine,post,1647497825,negative
t61vxs,ukraine,post,1646342008,negative
tcqwnw,unpopularopinion,post,1647119282,negative
ta2gvo,unpopularopinion,post,1646810874,negative
tiaoxo,unpopularopinion,post,1647741828,negative
tiap89,unpopularopinion,post,1647741854,negative
tiapuy,unpopularopinion,post,1647741914,neutral
tiaq1r,unpopularopinion,post,1647741931,neutral
tiaq6z,unpopularopinion,post,1647741945,neutral
tiaqbj,unpopularopinion,post,1647741958,neutral
tiaqnz,unpopularopinion,post,1647741989,neutral
tiarcr,unpopularopinion,post,1647742053,neutral
tiarmo,unpopularopinion,post,1647742079,neutral
tiary6,unpopularopinion,post,1647742107,negative
tias7c,unpopularopinion,post,1647742129,negative
tiascm,unpopularopinion,post,1647742141,negative
tiash4,unpopularopinion,post,1647742153,negative
tiasn9,unpopularopinion,post,1647742169,negative
tiasuz,unpopularopinion,post,1647742187,negative
tp8p6c,uofmn,post,1648341678,neutral
t4fadw,vikingstv,post,1646160889,negative
t8m9j8,virgin,post,1646648771,neutral
t7372s,virgin,post,1646461040,negative
t73tma,virgin,post,1646463551,negative
t73x99,virgin,post,1646463936,negative
tnaetv,wallstreetbets,post,1648170283,negative
tbmla6,wallstreetbets,post,1646991642,negative
tquvnz,walmart,post,1648541385,positive
t9alm9,2meirl4meirl,post,1646721193,neutral
tfxeu5,AM2R,post,1647476782,neutral
tm06g2,ApplyingToCollege,post,1648106253,negative
tgp3dt,AskReddit,post,1647564674,negative
t4gso6,AskReddit,post,1646164797,neutral
timov1,AskReddit,post,1647787770,negative
t7un53,AskThe_Donald,post,1646556186,negative
t7uri1,AskThe_Donald,post,1646556735,negative
thxhr3,Assistance,post,1647703456,neutral
tdvpxn,BATProject,post,1647258719,neutral
tm0emy,Blep,post,1648107231,positive
tmkgov,Boruto,post,1648138474,neutral
tdv09x,Bossfight,post,1647256078,negative
tozu8u,CarletonU,post,1648319789,neutral
tp0dbe,CarletonU,post,1648321361,neutral
tkjk6w,AskReddit,post,1648001749,negative
ts26a4,AskReddit,post,1648630842,neutral
tagz39,AutoModerator,post,1646858239,neutral
tje4yn,Bitcoin,post,1647875807,neutral
tprn33,Bitcoin,post,1648410612,neutral
tjr0j2,BitcoinCA,post,1647910874,negative
tsnwx9,BravoRealHousewives,post,1648688152,positive
tb9lz8,Brawlstars,post,1646948486,negative
tm4t4p,Brawlstars,post,1648124138,neutral
toi1tr,Brawlstars,post,1648273814,neutral
tt5ewd,Brawlstars,post,1648748992,neutral
ti7kx8,Browns,post,1647731833,negative
tben9x,CookieClicker,post,1646962446,neutral
tf36wd,DotA2,post,1647386033,neutral
td3we4,EliteDangerous,post,1647166150,negative
tg8l1v,FalloutMods,post,1647518461,negative
tsafyj,Forex,post,1648658001,negative
tplwan,FunnyandSad,post,1648393856,neutral
tt6xes,Hammers,post,1648753075,neutral
tbuk7k,HistoryMemes,post,1647018030,negative
tcw869,ModSupport,post,1647135974,neutral
tk7mcj,ModSupport,post,1647968476,neutral
tmamod,ModSupport,post,1648129047,neutral
te7o2j,NewMexico,post,1647291588,neutral
tncvww,NoStupidQuestions,post,1648178462,neutral
tqltsj,Oilporn,post,1648508700,neutral
tjicw7,OnePiece,post,1647887010,positive
tblfym,Palestine,post,1646986733,negative
tevw7b,Patriots,post,1647368435,neutral
t55hfm,Piracy,post,1646242596,neutral
tkav97,Rainbow6,post,1647977087,negative
tkbluu,Rainbow6,post,1647979109,negative
tkbus3,Rainbow6,post,1647979731,negative
thqwjq,Rants,post,1647678780,negative
thqwpw,Rants,post,1647678802,negative
tiuex8,Rants,post,1647809049,negative
tswthd,RoastMe,post,1648722717,neutral
t8bs1k,SCJerk,post,1646610321,neutral
tl81ap,SCJerk,post,1648061483,neutral
tl8j3a,SCJerk,post,1648062174,negative
tl8j5r,SCJerk,post,1648062178,neutral
tl8wnw,SCJerk,post,1648063146,negative
tlhykw,SCJerk,post,1648072988,negative
tp56iw,SCJerk,post,1648331993,negative
tqdc8i,SCJerk,post,1648485344,neutral
t9obmv,Seahawks,post,1646766598,negative
tnvg3t,Seahawks,post,1648232722,neutral
tap5zf,Seaofthieves,post,1646882184,neutral
taqtj8,Seaofthieves,post,1646887779,negative
tavohf,Seaofthieves,post,1646907577,negative
tbxjpj,Serendipity,post,1647025547,negative
tspmdp,Showerthoughts,post,1648693662,negative
t7wx82,SuicideWatch,post,1646566266,neutral
t91jt7,Swingers,post,1646692556,negative
tpk3ys,TheDepthsBelow,post,1648388266,neutral
t8v2me,UFOs,post,1646675773,negative
teioea,Warthunder,post,1647326034,negative
ttc7fq,WeAreTheMusicMakers,post,1648767755,negative
ttc8uu,WeAreTheMusicMakers,post,1648767871,negative
t6udc2,YUROP,post,1646431946,neutral
t6ueom,YUROP,post,1646432058,neutral
tk8oel,actuary,post,1647971317,neutral
tfr5qq,againstmensrights,post,1647459597,negative
tq27tm,angelsbaseball,post,1648445588,neutral
tia9xf,armenia,post,1647740450,neutral
t8ovv6,ask,post,1646658593,negative
tn7e6c,ask,post,1648161112,negative
tjpfk4,autism,post,1647906125,negative
t8dhpl,bestof,post,1646615642,negative
tccnh1,bestof,post,1647076595,neutral
tc7pnu,cigars,post,1647056833,negative
t5up5u,conspiracy,post,1646322987,neutral
t5zw5w,conspiracy,post,1646336673,negative
t8ufct,conspiracy,post,1646674045,negative
tad0f5,conspiracy,post,1646847222,negative
taft7s,conspiracy,post,1646855013,negative
tbrtd4,conspiracy,post,1647010423,neutral
tftxma,conspiracy,post,1647466884,positive
ti8ze0,conspiracy,post,1647736173,negative
tjxo4n,conspiracy,post,1647935069,negative
tkaptl,conspiracy,post,1647976706,negative
tkshfy,conspiracy,post,1648037363,neutral
tnbjcn,conspiracy,post,1648173951,neutral
td6rs6,copypasta,post,1647177590,neutral
tm7hu8,dankmemes,post,1648126421,negative
ta36r5,discordapp,post,1646813918,neutral
tjfacs,electricvehicles,post,1647878861,neutral
t4g354,ethtrader,post,1646162953,negative
t6fy0r,facebook,post,1646389210,negative
t76ude,gofundme,post,1646476711,negative
tkbl69,halo,post,1647979059,neutral
t97q63,heat,post,1646711089,neutral
tdxj15,help,post,1647264569,neutral
t6wl5k,help,post,1646438428,neutral
toj583,help,post,1648278701,neutral
tofvsr,horrorlit,post,1648265287,positive
tm2j93,india,post,1648116482,positive
tft0a4,indianapolis,post,1647464366,neutral
tif1x1,kansascity,post,1647758085,neutral
tt2685,kpop,post,1648740170,negative
t5typ5,marilyn_manson,post,1646320978,negative
tp5fdh,mcgill,post,1648332378,neutral
tfv6j5,microsoft,post,1647470307,positive
t43jtg,mildlyinfuriating,post,1646124718,negative
tjd7nn,normalnudes,post,1647873302,neutral
tlc08j,normalnudes,post,1648066263,negative
tjgeyv,offmychest,post,1647881881,negative
trs7tq,pacers,post,1648594722,neutral
toyq8d,pennystocks,post,1648316522,negative
t7uml7,playark,post,1646556114,neutral
tpyls8,preppers,post,1648432626,neutral
tpmyzc,raisedbynarcissists,post,1648397041,negative
tf6hju,rangers,post,1647395807,neutral
tjxtfk,rant,post,1647935725,negative
tdlhpa,rbny,post,1647220151,neutral
tkc8m5,redditrequest,post,1647980750,neutral
trrj6h,redditrequest,post,1648593055,neutral
tq6pbc,redditrequest,post,1648465172,neutral
tlvggz,redditrequest,post,1648088914,neutral
tgtkyz,redditrequest,post,1647579224,neutral
tsn24g,redditrequest,post,1648685389,neutral
t7l1bw,redditrequest,post,1646520944,neutral
teg4wq,redditrequest,post,1647316572,neutral
tfwv5a,redditrequest,post,1647475125,negative
tfsbyh,redditrequest,post,1647462510,neutral
tq9dft,redditrequest,post,1648474265,neutral
t3zl5i,redditrequest,post,1646109900,neutral
tjkb9d,redditrequest,post,1647892191,neutral
tpxv0d,redditrequest,post,1648430083,neutral
tpxw6g,redditrequest,post,1648430194,neutral
t48dwg,redditrequest,post,1646142761,neutral
ti7tvl,redditrequest,post,1647732611,neutral
ti8gue,redditrequest,post,1647734564,neutral
tjqezr,redditrequest,post,1647909054,neutral
tp7v9j,redditrequest,post,1648338916,neutral
t719vc,redditrequest,post,1646453926,neutral
tmtcg8,relationship_advice,post,1648146083,neutral
tpsk1j,religion,post,1648413240,neutral
tpszrg,request,post,1648414504,neutral
t4yw1k,sbubby,post,1646223447,neutral
tpd8m6,selfimprovement,post,1648358525,negative
tgblo8,soccercirclejerk,post,1647527599,neutral
taw2jb,srilanka,post,1646909306,negative
ts519e,summonerswar,post,1648642323,neutral
tb6zjx,techsupport,post,1646941352,neutral
t7ulso,trippy,post,1646556011,positive
tlarcz,uberdrivers,post,1648065204,negative
t7o8jj,ukraine,post,1646531340,positive
t3y4tj,ukraine,post,1646105392,neutral
t6g8hp,ukraine,post,1646390454,neutral
t9rgf5,unpopularopinion,post,1646775191,negative
thgrik,unpopularopinion,post,1647642120,negative
tjibxl,ABDL,post,1647886939,neutral
ttd2ib,ADHD,post,1648770454,neutral
tdv93y,AMA,post,1647257010,negative
tdvadh,AMA,post,1647257135,negative
tgpu7e,AmItheAsshole,post,1647566940,neutral
tdhfcf,AskFeminists,post,1647208041,negative
te4291,AskOuija,post,1647282077,neutral
ti0cqe,AskOuija,post,1647711340,neutral
tsmykj,AskReddit,post,1648685072,negative
tjzoph,AskReddit,post,1647944009,negative
tt451g,AskReddit,post,1648745543,neutral
tishub,AskReddit,post,1647803795,neutral
tisisp,AskReddit,post,1647803874,neutral
tqf6tw,AskReddit,post,1648490248,neutral
t61jnh,BabyBumps,post,1646341111,neutral
tiaw6i,BoJackHorseman,post,1647742485,positive
t4suk6,Bumble,post,1646199238,neutral
tb3vs1,Charlotte,post,1646933361,negative
tdg5y6,Comcast_Xfinity,post,1647204584,positive
t93rgl,Comcast_Xfinity,post,1646698929,negative
tpl969,CompetitiveForHonor,post,1648391889,neutral
tjv6im,Cricket,post,1647924676,neutral
tib1fm,FreeKarma4You,post,1647742981,negative
tt3u5q,Gamingcirclejerk,post,1648744715,negative
trzsgp,Graffiti,post,1648620320,negative
tb1h5f,HighQualityGifs,post,1646926939,neutral
t7zubb,JustUnsubbed,post,1646576804,negative
thbvkb,MHOC,post,1647628469,neutral
tspye4,Michigan,post,1648694763,neutral
tre73s,ModSupport,post,1648579124,negative
tqor24,ModSupport,post,1648518040,neutral
to3bbt,MtvChallenge,post,1648246540,positive
tjfe1f,NoFap,post,1647879135,neutral
tlpz0d,NoStupidQuestions,post,1648083381,neutral
t5c7qn,Rants,post,1646260749,negative
tde0it,Rants,post,1647198658,negative
tmlell,Rants,post,1648139263,negative
tnc8yh,Rants,post,1648176276,negative
tf2da8,RepTime,post,1647383776,negative
tfdp5b,RepTime,post,1647423124,neutral
t6vpuj,RoastMe,post,1646435829,neutral
tbz3w7,Scams,post,1647029942,neutral
tneg10,SocialJusticeInAction,post,1648184139,negative
tcr2a5,Steam,post,1647119762,negative
tewrt5,Steam,post,1647370370,negative
th1k12,Steam,post,1647610772,negative
thbwhk,Steam,post,1647628544,negative
thbxx8,Steam,post,1647628657,negative
tipyr8,Steam,post,1647796859,neutral
tn8flo,Terraria,post,1648164154,neutral
tq5f9p,TrueOffMyChest,post,1648459668,neutral
tf3igk,WRX,post,1647386940,neutral
tpy9qb,WatchRedditDie,post,1648431511,negative
tcnejd,WatchRedditDie,post,1647109092,negative
tfcwhe,Wellthatsucks,post,1647419731,negative
t60u54,bestof,post,1646339175,neutral
tipsjt,boobs,post,1647796394,neutral
tsls7w,borussiadortmund,post,1648681486,neutral
t8itng,boxoffice,post,1646634138,neutral
t4p6rh,brisbane,post,1646187758,neutral
tdvjv6,collapse,post,1647258098,neutral
tcw2td,comicbookcollecting,post,1647135473,neutral
tn8ldu,conspiracy,post,1648164650,negative
t4c77o,conspiracy,post,1646153005,neutral
tqt09t,copypasta,post,1648533245,negative
tcvpwi,crappymusic,post,1647134272,negative
tm40n9,cringe,post,1648122153,negative
tnxm6r,dankmemes,post,1648238165,negative
to4a7j,discgolf,post,1648248157,neutral
tagojn,discordapp,post,1646857419,neutral
tajq8h,discordapp,post,1646865831,neutral
thgeyw,discordapp,post,1647641101,negative
tjbujv,familyguy,post,1647869344,negative
tdiwal,formula1,post,1647212229,negative
tf2wik,freedommobile,post,1647385234,negative
tk55tc,grunge,post,1647961848,negative
t9zuhj,hamptonbrandon,post,1646801066,neutral
tbdqj0,happy,post,1646959559,negative
tc7wv6,happy,post,1647057578,negative
t522kb,help,post,1646233503,neutral
tsp4nw,help,post,1648692072,neutral
t68g46,help,post,1646361339,negative
tqgtqc,help,post,1648494650,negative
tptnns,horror,post,1648416432,positive
t4w69q,islam,post,1646212092,neutral
t86c8o,leagueoflegends,post,1646595022,negative
tm5r7c,learnpython,post,1648124899,neutral
thhqj9,legaladvice,post,1647644934,neutral
t8vwix,lupus,post,1646677861,negative
tgoqog,magicTCG,post,1647563598,neutral
tgadss,memes,post,1647524089,neutral
t980a4,memes,post,1646711984,neutral
tfcjox,misophonia,post,1647418186,negative
tgt6py,modhelp,post,1647577738,neutral
toow69,modhelp,post,1648302624,neutral
tpp69i,nashville,post,1648403535,neutral
tgxa22,nevertellmetheodds,post,1647595052,neutral
tgom92,preppers,post,1647563231,neutral
truwfw,progrockmusic,post,1648603211,neutral
tmlsed,raisedbyborderlines,post,1648139602,positive
tizwq3,raleigh,post,1647825144,negative
tlnh1k,redditrequest,post,1648080685,positive
tmz0kp,redditrequest,post,1648150853,neutral
tsp7wt,redditrequest,post,1648692352,neutral
tpwj5t,redditrequest,post,1648425471,neutral
tg4ro1,redditrequest,post,1647502916,neutral
tedsf4,redditrequest,post,1647309238,neutral
tsnh7x,redditrequest,post,1648686741,neutral
tea54y,redditrequest,post,1647298471,neutral
tk1upy,redditrequest,post,1647952040,neutral
t4mx4h,redditrequest,post,1646181072,neutral
t466fe,redditrequest,post,1646135400,neutral
t62v46,redditrequest,post,1646344834,negative
t93m65,redditrequest,post,1646698512,neutral
tgpval,redditrequest,post,1647567025,neutral
tkw25t,runescape,post,1648048128,neutral
tooeuu,shittydarksouls,post,1648300993,neutral
tbkk0h,teenagers,post,1646983155,neutral
taj1tr,texas,post,1646863965,positive
tbj6ei,trans,post,1646977750,neutral
tb4cax,transgendercirclejerk,post,1646934624,neutral
tkoc2j,transgendercirclejerk,post,1648019687,neutral
thz5zu,ukraine,post,1647708114,neutral
thps3l,ukraine,post,1647673632,negative
taoz0a,yugioh,post,1646881563,neutral
tfec69,yugioh,post,1647425748,negative
tfulwx,yugioh,post,1647468736,negative
tqev44,2007scape,post,1648489351,neutral
tamwc8,ADHD,post,1646875123,positive
tayni0,AMA,post,1646918885,negative
teb3f3,AZCardinals,post,1647301158,neutral
tr41fu,Accounting,post,1648566739,neutral
t72b1g,Albuquerque,post,1646457652,neutral
tllrlv,AskDocs,post,1648078691,neutral
t5fgx1,AskReddit,post,1646270298,neutral
teq0gh,AskReddit,post,1647353820,negative
tprfas,AskReddit,post,1648409999,negative
tbdk4b,AutoModerator,post,1646958980,neutral
ta0tnv,Chipotle,post,1646804495,negative
tbtp26,Comcast_Xfinity,post,1647015673,negative
tjqqif,ConspiracyII,post,1647910032,negative
trtb69,Cricket,post,1648598040,neutral
t5wtpj,Dallas,post,1646328559,negative
tn5ejp,EliteDangerous,post,1648156523,neutral
tacl9d,FanFiction,post,1646846072,neutral
thbb4z,Fibromyalgia,post,1647627541,positive
tct7xq,Fitness,post,1647126186,negative
tag2ga,GYM,post,1646855735,neutral
t57kgg,GoNets,post,1646248056,negative
tbgwai,GoNets,post,1646969716,neutral
tq0tqf,GoNets,post,1648440369,neutral
thnbrx,Hiphopcirclejerk,post,1647663266,neutral
tllvzd,JustUnsubbed,post,1648078969,negative
tsva3h,Kenya,post,1648715763,negative
t4k1a9,KingkillerChronicle,post,1646173180,neutral
tfv93e,LSAT,post,1647470502,negative
torlnp,Madden,post,1648305275,negative
t8w4hn,ModSupport,post,1646678431,neutral
tsm544,NewOrleans,post,1648682554,neutral
t76caq,NoStupidQuestions,post,1646474510,neutral
t76gqq,NoStupidQuestions,post,1646475054,neutral
tt7wki,Odesza,post,1648755772,neutral
tdemjd,PersonalFinanceCanada,post,1647200379,neutral
thjjv7,PlasticSurgery,post,1647650501,neutral
tt7p0c,PoliticalHumor,post,1648755188,negative
tprqpq,RedHotChiliPeppers,post,1648410889,negative
tl81f9,Scams,post,1648061486,negative
tesf99,Showerthoughts,post,1647360379,neutral
tq42go,TopMindsOfReddit,post,1648453445,negative
t6aimf,ToyotaTacoma,post,1646367976,neutral
tooqsd,TrueOffMyChest,post,1648302122,negative
t9h77p,TryingForABaby,post,1646747348,neutral
tf6lvk,Vaping,post,1647396166,positive
t9jy0t,WWEGames,post,1646755187,negative
taik7f,WWEGames,post,1646862606,negative
t4jkcp,airpods,post,1646171951,positive
ta5ozp,autism,post,1646824875,negative
tepwkl,autism,post,1647353514,negative
tbzz5k,battlewagon,post,1647032370,negative
tpisty,birdpics,post,1648383631,neutral
tqo7ms,buffalobills,post,1648516263,neutral
tbkjjg,circlejerk,post,1646983101,neutral
t9tmle,cordcutters,post,1646781249,negative
t9tncj,cordcutters,post,1646781304,negative
tgnl4y,creepypasta,post,1647560231,neutral
t6corr,cripplingalcoholism,post,1646375645,negative
t7q5kw,discordapp,post,1646537900,neutral
tfon9j,facepalm,post,1647455191,negative
ts7o52,france,post,1648650465,negative
tdft7y,gallifrey,post,1647203622,neutral
tg1de7,geometrydash,post,1647489460,neutral
tgj38t,granturismo,post,1647547888,positive
tgb1mm,granturismo,post,1647525991,negative
th398f,granturismo,post,1647615458,neutral
tb8whf,greentext,post,1646946568,neutral
t4h2pw,gtaonline,post,1646165492,negative
t61vee,help,post,1646341967,neutral
tidx67,hipcleavage,post,1647753436,neutral
t9evto,homelab,post,1646739266,negative
tb3qwj,memes,post,1646932981,neutral
tbxivq,memes,post,1647025482,neutral
t4abjm,mentalhealth,post,1646148118,neutral
t5xm0p,nba,post,1646330575,negative
tsw0n8,offmychest,post,1648719135,negative
tdwzd5,outside,post,1647262934,neutral
tdq469,pennystocks,post,1647235988,negative
tqf3yf,pics,post,1648490029,negative
t5b809,projectzomboid,post,1646258076,neutral
tqtvus,projectzomboid,post,1648536992,neutral
tj7aal,redditrequest,post,1647852780,neutral
tc65nr,redditrequest,post,1647051314,neutral
t7jv31,redditrequest,post,1646517430,neutral
thj9xr,redditrequest,post,1647649639,negative
td6zhb,redditrequest,post,1647178319,neutral
tet535,redditrequest,post,1647362307,neutral
tagwsl,redditrequest,post,1646858066,negative
tpohj0,redditrequest,post,1648401479,neutral
t4rt01,redditrequest,post,1646195779,neutral
ts31vb,redditrequest,post,1648634815,neutral
ts642o,redditrequest,post,1648645844,neutral
tmtt47,redditrequest,post,1648146491,neutral
ti253r,redditrequest,post,1647716310,neutral
tg7ogg,redditrequest,post,1647515145,neutral
tpr81x,redditrequest,post,1648409433,neutral
tqi71e,redditrequest,post,1648498355,neutral
tdml05,relationship_advice,post,1647223652,neutral
tgw5yi,rpg,post,1647590055,negative
tocpjq,shittydarksouls,post,1648259891,neutral
tlx230,snapchat,post,1648094100,negative
tfqymn,sydney,post,1647459395,neutral
thobq6,synthesizers,post,1647667192,negative
t4mbe6,teachinginkorea,post,1646179335,positive
tqohj0,teachinginkorea,post,1648517165,positive
tb0tpt,teenagers,post,1646925148,neutral
td0zsc,teenagers,post,1647153604,negative
tgoemt,teenagers,post,1647562610,neutral
tqvt4x,teenagers,post,1648545656,negative
t5afll,teenagers,post,1646255817,neutral
traefe,teenagers,post,1648575223,neutral
t6uk2p,teenagers,post,1646432486,negative
tj21yq,teenagers,post,1647832080,negative
tqspbf,tf2,post,1648531989,negative
tpy9ad,thatHappened,post,1648431469,negative
t4ojnw,trans,post,1646185843,negative
tp7by5,transgendercirclejerk,post,1648337102,negative
toldab,transpassing,post,1648288960,neutral
tdewov,uAlberta,post,1647201160,neutral
tq9i5s,unpopularopinion,post,1648474666,neutral
tn7glp,virgin,post,1648161309,neutral
tknnqg,whatcarshouldIbuy,post,1648016706,negative
tbajcj,whitesox,post,1646950711,neutral
tcpduf,2007scape,post,1647114818,neutral
tb2ou3,2busty2hide,post,1646930272,neutral
tgjyll,ABCDesis,post,1647550253,neutral
t5shdz,AMA,post,1646316837,negative
t5sk2g,AMA,post,1646317058,negative
t5sn4x,AMA,post,1646317293,negative
t5sr1f,AMA,post,1646317606,negative
t6rd92,Advice,post,1646423604,negative
tgxr7s,AirBnB,post,1647597136,negative
tjkeet,AsianLadyboners,post,1647892430,neutral
t466ip,AskEurope,post,1646135409,neutral
tdvezs,AskReddit,post,1647257606,neutral
totbxf,AskReddit,post,1648309352,neutral
tp6bql,AskReddit,post,1648334195,neutral
trlyos,AskReddit,post,1648588079,neutral
tt3m39,AskReddit,post,1648744103,neutral
trh4qa,AskReddit,post,1648584257,negative
tgpmku,AskReddit,post,1647566273,negative
tex52o,Austin,post,1647371241,negative
tsid03,BlackPeopleTwitter,post,1648671988,neutral
t4kmeu,CanadianMOMs,post,1646174723,neutral
tp7coc,CarletonU,post,1648337168,neutral
thxfsm,ClashOfClans,post,1647703298,positive
t5ygmw,Comcast_Xfinity,post,1646332832,positive
tqzj66,DC_Cinematic,post,1648559822,negative
thlqbf,DC_Cinematic,post,1647657688,negative
t87ggt,DDLC,post,1646598123,neutral
t8b5no,DDLC,post,1646608457,neutral
thdgjn,DDLC,post,1647632833,neutral
tdmfil,Denver,post,1647223156,neutral
teem8r,DynastyFF,post,1647311774,neutral
tg9vs5,DynastyFF,post,1647522582,neutral
ta69p0,Eminem,post,1646827184,negative
tslryx,EscapefromTarkov,post,1648681463,negative
tsmwfv,EscapefromTarkov,post,1648684889,negative
tkh01l,FireflyFestival,post,1647993866,neutral
tnaamc,FoodNYC,post,1648169932,neutral
t7g60h,FreeSpeech,post,1646506516,negative
tepz4i,GYM,post,1647353710,positive
tn2kjf,GreenBayPackers,post,1648153860,neutral
tk188h,Hacking_Tutorials,post,1647950048,neutral
t95781,HelpMeFind,post,1646703274,neutral
t6vxmk,JordanPeterson,post,1646436481,negative
t6w7qs,JordanPeterson,post,1646437298,negative
tj4lku,LosAngeles,post,1647841412,neutral
tj59l8,LosAngeles,post,1647844172,neutral
tj5arh,LosAngeles,post,1647844303,neutral
t5evf2,MaddenMobileForums,post,1646268473,negative
tenhdz,MechanicAdvice,post,1647346081,neutral
tc6j3h,Mid_Century,post,1647052663,neutral
tr7wyc,Minecraft,post,1648572318,neutral
tdu33d,ModSupport,post,1647252447,neutral
tb5zju,ModSupport,post,1646938926,negative
teeh9d,ModSupport,post,1647311354,negative
tkll73,OnePiece,post,1648008395,neutral
tiuzyc,Rainbow6,post,1647810620,negative
tlg1dp,SCJerk,post,1648070765,neutral
tfsg9w,ShadowBan,post,1647462841,neutral
t9xkys,Showerthoughts,post,1646793514,neutral
tjzv9k,SkyrimTogether,post,1647944803,neutral
tnjiip,SkyrimTogether,post,1648206565,neutral
tqpqwm,SonicTheHedgehog,post,1648521321,negative
tmnhsh,SonicTheHedgehog,post,1648140993,negative
tfpqqp,TooAfraidToAsk,post,1647457225,negative
t5n7a0,TrueOffMyChest,post,1646297283,negative
t8uzox,UFOs,post,1646675558,negative
thuno0,UVA,post,1647694644,neutral
ti9j5g,UVA,post,1647737963,negative
t9u8a7,Vent,post,1646782991,negative
tr9aci,WTF,post,1648573119,negative
tacc6z,WWEGames,post,1646845394,negative
tbd3o2,WatchRedditDie,post,1646957546,negative
t7wgv6,anime,post,1646564296,neutral
tol86i,blackdesertonline,post,1648288354,negative
tsmadf,blackdesertonline,post,1648682996,neutral
tdxyd8,brasil,post,1647265846,negative
t9y0a8,canucks,post,1646794874,neutral
tjcq45,copypasta,post,1647871906,negative
tl89hd,couplesgonewild,post,1648061666,neutral
tnlf5a,daddit,post,1648213267,neutral
tqtzcd,dankmemes,post,1648537389,neutral
tnn5nq,dankmemes,post,1648218533,neutral
tqdcrc,deadbydaylight,post,1648485380,neutral
t8zzhz,deadbydaylight,post,1646688477,negative
ti6ub2,discordapp,post,1647729637,neutral
tc4p2p,dyinglight,post,1647046391,negative
tssn8m,evilbuildings,post,1648704250,negative
ta41wi,findareddit,post,1646817775,negative
t4etnv,freelanceWriters,post,1646159701,neutral
tnhcnr,glasgow,post,1648196897,neutral
tilzwf,gonewild,post,1647785735,neutral
thc4mi,gratefuldead,post,1647629177,negative
tik3ki,greenday,post,1647779702,neutral
tdaymz,halo,post,1647190191,neutral
tt36i6,halo,post,1648742926,neutral
td5913,help,post,1647171903,neutral
tamonz,help,post,1646874441,neutral
tanh1a,help,post,1646876896,negative
tnjnyp,help,post,1648207152,neutral
tnjp15,help,post,1648207256,negative
tllfam,help,post,1648078353,neutral
tlwifu,help,post,1648092269,neutral
t986mw,iamverybadass,post,1646712544,neutral
t472cg,india,post,1646138496,neutral
ta9zmw,infamous,post,1646838994,neutral
tf0tys,ireland,post,1647379662,neutral
tfy177,memes,post,1647478716,negative
tbb48s,mildlyinfuriating,post,1646952163,negative
tq7l4x,mildlyinfuriating,post,1648468572,neutral
t9r5eu,mildlyinfuriating,post,1646774286,neutral
thcxnj,mildlyinfuriating,post,1647631402,negative
t85ehg,modhelp,post,1646592419,neutral
taca4m,modhelp,post,1646845250,negative
ti2m74,modhelp,post,1647717624,neutral
tdc783,mormon,post,1647193641,neutral
tnh472,newzealand,post,1648195754,negative
tp6q69,offmychest,post,1648335181,neutral
teta5m,quityourbullshit,post,1647362681,positive
tna7oq,redditrequest,post,1648169661,neutral
tkem7c,redditrequest,post,1647987149,neutral
tliki1,redditrequest,post,1648073793,neutral
tsvt7j,redditrequest,post,1648718194,neutral
t6yt06,redditrequest,post,1646445556,neutral
tbkhd3,redditrequest,post,1646982845,neutral
t50rit,redditrequest,post,1646229679,neutral
tt0xm7,redditrequest,post,1648736757,neutral
t6oosi,redditrequest,post,1646416370,neutral
tiwtpe,redditrequest,post,1647815843,neutral
tjndlu,redditrequest,post,1647900434,neutral
t7g7gx,redditrequest,post,1646506632,neutral
tduhkm,redditrequest,post,1647254086,neutral
tegqw5,redditrequest,post,1647318655,neutral
t7p9m2,redditrequest,post,1646534863,neutral
t8tgnv,redditrequest,post,1646671570,negative
tjn1ai,redditrequest,post,1647899536,neutral
t9m49l,redditrequest,post,1646760765,neutral
thnoct,redditrequest,post,1647664598,positive
tfho9b,redditrequest,post,1647437300,neutral
tfhp5d,redditrequest,post,1647437376,neutral
tfhrm6,redditrequest,post,1647437573,neutral
t9a7cb,redditrequest,post,1646719690,neutral
tmea84,redditrequest,post,1648132583,neutral
t7u7nk,researchchemicals,post,1646554240,negative
tfjo84,roblox,post,1647443022,negative
tl0nfb,rva,post,1648054054,neutral
tc6sht,self,post,1647053576,negative
tgj7e2,selfimprovement,post,1647548208,neutral
teyotl,synthesizers,post,1647374308,negative
tncdgo,teenagers,post,1648176713,negative
tlzv3q,teenagers,post,1648104960,negative
tbeofa,teenagers,post,1646962550,negative
tdxqe2,teenagers,post,1647265187,neutral
t4luw4,teenagers,post,1646178060,neutral
tsu1yb,tf2,post,1648710126,negative
tsu2r1,tf2,post,1648710219,negative
tajipy,truerateme,post,1646865247,negative
tiytvp,ukraine,post,1647821823,negative
t6i7ue,ukraine,post,1646398001,negative
t54kg7,ukraine,post,1646240250,positive
tsggfq,ukraine,post,1648669591,negative
t7yojj,unpopularopinion,post,1646573107,negative
t3w7s6,unpopularopinion,post,1646099748,negative
t7posg,unpopularopinion,post,1646536357,negative
t7zwjb,vexillology,post,1646577005,neutral
tk3zy9,virgin,post,1647958584,neutral
tq3lsa,walkingwarrobots,post,1648451393,neutral
tigzhe,weed,post,1647766965,negative
tbxvbu,xboxone,post,1647026462,negative
tq2w1p,zen,post,1648448397,neutral
tlh6it,2007scape,post,1648072232,negative
t9894m,Amsterdam,post,1646712766,neutral
t9n5xw,AskReddit,post,1646763521,positive
to5eke,AskReddit,post,1648249908,neutral
tigw45,AutoModerator,post,1647766575,neutral
tcn8wo,BBW_Chubby,post,1647108635,negative
tkr5pt,BDSMpersonals,post,1648032508,neutral
tr9t93,BSA,post,1648573656,neutral
tqrr1t,Bellingham,post,1648528361,negative
tryfbg,Bellingham,post,1648615089,negative
tf0wl1,Brawlstars,post,1647379853,negative
t8d6j6,Brawlstars,post,1646614672,neutral
thfr8i,ClashOfClans,post,1647639233,neutral
tjhne3,Colts,post,1647885207,neutral
tt6prg,Crystals,post,1648752486,neutral
tdornl,DanLeBatardShow,post,1647230980,neutral
tcrzm8,Dublin,post,1647122523,neutral
taluik,FreeKarma4You,post,1646871897,neutral
tqw87o,FullScorpion,post,1648547567,negative
tc7b2p,Herpes,post,1647055398,negative
tp0gt3,JUSTNOMIL,post,1648321640,negative
tccufm,JessicaNigri,post,1647077455,neutral
t72308,Kanye,post,1646456802,neutral
tke7ck,LesbianActually,post,1647986047,neutral
to2gnc,LesbianActually,post,1648245837,neutral
tf7c1r,Malazan,post,1647398488,neutral
tl7y1u,MarioMaker,post,1648061399,neutral
tolgss,ModSupport,post,1648289412,negative
tp4mgb,ModSupport,post,1648330285,neutral
tmptn3,ModSupport,post,1648143089,neutral
tqe1hb,Nanny,post,1648487189,neutral
thhw78,NoStupidQuestions,post,1647645406,negative
tktecy,NoStupidQuestions,post,1648040430,negative
tslr0k,NoStupidQuestions,post,1648681385,neutral
tdg5oq,NoStupidQuestions,post,1647204563,neutral
t6xcvp,Ohio,post,1646440834,positive
tl72eu,OnePiece,post,1648060752,positive
tby70f,OnePiece,post,1647027382,neutral
tjlq9a,Patriots,post,1647895952,negative
tjluro,Patriots,post,1647896276,negative
tg7so6,Philippines,post,1647515603,neutral
tfgjs6,RandomKindness,post,1647433739,neutral
tgowtd,RocketLeague,post,1647564111,neutral
tk4oi6,SBU,post,1647960553,neutral
tc18yp,SCJerk,post,1647035950,negative
tntx88,Showerthoughts,post,1648231316,negative
tkacp9,SocialJusticeInAction,post,1647975725,neutral
tsntfu,Spanish,post,1648687837,negative
t8htq0,TheForest,post,1646630336,neutral
t8ktfj,TheForest,post,1646642495,neutral
td8m51,TrollXChromosomes,post,1647183429,negative
tgr0n1,Truckers,post,1647570563,neutral
t84pm7,TrueOffMyChest,post,1646590521,negative
tsd6bw,WatchRedditDie,post,1648665401,negative
tdbgms,WatchRedditDie,post,1647191560,negative
toov0d,Watchexchange,post,1648302517,neutral
t5955u,WeAreTheMusicMakers,post,1646252270,negative
tdy9lx,apolloapp,post,1647266721,neutral
tpe2pc,apolloapp,post,1648362190,negative
tkmmb7,askgaybros,post,1648012328,neutral
tkmo5v,askgaybros,post,1648012525,neutral
t8mliq,australia,post,1646650209,negative
t4bmi6,baseball,post,1646151529,neutral
t7f1n6,binance,post,1646503299,neutral
tfqqkh,cfs,post,1647458787,positive
tn8347,cfs,post,1648163123,neutral
tgl4av,chelseafc,post,1647553325,neutral
tow37g,childfree,post,1648311711,positive
tge933,coins,post,1647534845,neutral
t950gu,collapse,post,1646702686,neutral
tdaegv,conspiracy,post,1647188616,negative
tqpgfw,conspiracy,post,1648520354,negative
tq0acz,dankmemes,post,1648438431,positive
ts92mw,deadbydaylight,post,1648654302,neutral
tqwglw,deathgrips,post,1648548579,neutral
taiekh,disability,post,1646862164,neutral
taigda,disability,post,1646862306,neutral
tn19vu,doommetal,post,1648152774,neutral
tjh6p2,facepalm,post,1647883949,negative
ta4obr,forhonor,post,1646820597,neutral
tcdysn,fut,post,1647082274,neutral
thf4dr,futanari,post,1647637423,neutral
t5qify,gonewild,post,1646310529,neutral
trtxup,greatdanes,post,1648600047,negative
t97k65,h3h3productions,post,1646710572,neutral
tgf7lt,help,post,1647537398,negative
t9vjdo,help,post,1646786991,neutral
tbwqxe,help,post,1647023353,negative
tauu66,help,post,1646903773,neutral
ts232j,help,post,1648630449,negative
tdu3r7,help,post,1647252525,neutral
tgbu6x,india,post,1647528280,negative
tacjfd,insanepeoplefacebook,post,1646845937,negative
tmwiy3,investing,post,1648148754,negative
tkp5ed,learn_arabic,post,1648023377,negative
t9s7nz,ledgerwallet,post,1646777297,neutral
tres6d,linux_gaming,post,1648580731,neutral
t557g5,marijuanaenthusiasts,post,1646241876,negative
tecm16,mcrealmsservers,post,1647305732,neutral
tbjxfh,memes,post,1646980648,negative
tlu617,mildlyinteresting,post,1648087622,negative
tss73k,modhelp,post,1648702536,neutral
t98lec,nba,post,1646713903,negative
to8tbq,newzealand,post,1648252963,negative
tob3uo,newzealand,post,1648258435,neutral
tdqr5v,personalfinance,post,1647238545,neutral
tgi0ls,playstation,post,1647544991,negative
tqyxc3,quittingkratom,post,1648557866,neutral
tbns9j,raisedbynarcissists,post,1646996678,positive
t81tje,redditrequest,post,1646582629,neutral
thheve,redditrequest,post,1647644014,neutral
tt2i2m,redditrequest,post,1648741074,neutral
tad2ch,redditrequest,post,1646847370,neutral
thgync,redditrequest,post,1647642681,neutral
tc7d7n,redditrequest,post,1647055625,neutral
tc7e5n,redditrequest,post,1647055719,neutral
tgx6ak,redditrequest,post,1647594579,neutral
t8e4ti,redditrequest,post,1646617693,neutral
tbo1ov,redditrequest,post,1646997786,neutral
tcr6xx,redditrequest,post,1647120157,neutral
t689c2,redditrequest,post,1646360747,neutral
tk4uyf,redditrequest,post,1647961040,neutral
t8d0c2,redditrequest,post,1646614109,neutral
ttcldo,soccer,post,1648768936,negative
tm15vm,stopdrinking,post,1648110547,positive
tg723g,survivor,post,1647512691,positive
tpxm9g,taiwan,post,1648429235,neutral
thzbx0,teenagers,post,1647708571,neutral
tjr32g,teenagers,post,1647911081,negative
tdb2b3,teenagers,post,1647190472,negative
t9w6s0,thebachelor,post,1646789012,neutral
t5xnu1,ukraine,post,1646330707,neutral
thn0bl,ukraine,post,1647662131,positive
tgrvme,ukraine,post,1647573307,neutral
tj1s0r,unpopularopinion,post,1647831198,neutral
tml99j,unpopularopinion,post,1648139146,negative
tk03l7,vegancirclejerk,post,1647945756,neutral
t9jngf,victoria2,post,1646754404,neutral
ttcjox,wallstreetbets,post,1648768795,negative
t9upww,wesanderson,post,1646784486,negative
te87so,2007scape,post,1647293086,neutral
tpek0b,2007scape,post,1648364439,neutral
tc76nt,ApplyingToCollege,post,1647054950,neutral
tjahtf,AsianMasculinity,post,1647865171,neutral
tssgnv,AskReddit,post,1648703529,negative
tbj72k,AskReddit,post,1646977820,neutral
tt7z6n,AskReddit,post,1648755971,neutral
t6xlrk,AskReddit,post,1646441632,neutral
tcdcjv,AskUK,post,1647079596,negative
t6pj5o,BBW,post,1646418605,neutral
tf7bor,Boruto,post,1647398457,neutral
tg607z,Breakfast,post,1647508312,negative
te771v,CODZombies,post,1647290328,positive
tlg846,Comcast_Xfinity,post,1648070992,neutral
t6mq6q,Competitiveoverwatch,post,1646411131,negative
tcewkk,EliteDangerous,post,1647086183,negative
tqasqk,EtherMining,post,1648478417,negative
th66h6,IndianFood,post,1647622511,positive
t9qf5i,Jobs4Bitcoins,post,1646772253,neutral
tbodrx,Kerala,post,1646999136,neutral
t752q7,LSD,post,1646468928,neutral
tb40u0,MTB,post,1646933748,negative
tdizg0,Mavericks,post,1647212480,neutral
tn65w8,MichiganWolverines,post,1648157694,neutral
trmmwi,Mistborn,post,1648588467,positive
timz11,ModSupport,post,1647788550,neutral
to5me7,ModSupport,post,1648250107,neutral
tkvh4o,ModSupport,post,1648046543,neutral
tdy3dw,ModSupport,post,1647266254,neutral
trvox4,ModSupport,post,1648605799,neutral
tgfond,ModSupport,post,1647538716,neutral
tptict,ModSupport,post,1648415994,negative
ts392j,NanatsunoTaizai,post,1648635682,positive
tnd1pz,OnePiece,post,1648179045,positive
tq9h9a,Paladins,post,1648474588,negative
t90wiw,Paladins,post,1646690851,negative
t921qp,Paladins,post,1646693894,negative
tipd3l,Philippines,post,1647795261,negative
tjf7mb,Rants,post,1647878662,negative
tq6r2i,ShadowBan,post,1648465338,negative
t4al7q,ShadowBan,post,1646148847,negative
t4d6bb,ShadowBan,post,1646155504,negative
tnmdi5,Showerthoughts,post,1648216237,neutral
tozhll,Sims4,post,1648318729,neutral
t7krxb,SquaredCircle,post,1646520165,neutral
ta49ut,SuicideWatch,post,1646818773,negative
tcbdov,SuicideWatch,post,1647071146,neutral
teajmw,SuicideWatch,post,1647299566,negative
tibhmi,SuicideWatch,post,1647744545,negative
tjuz2i,SuicideWatch,post,1647923857,negative
tn6rr4,SuicideWatch,post,1648159376,neutral
to8bqp,TooAfraidToAsk,post,1648252571,positive
tpedzu,ToolBand,post,1648363665,negative
tbuibd,TopMindsOfReddit,post,1647017901,negative
tk7del,TopMindsOfReddit,post,1647967826,negative
tmwjnl,Welding,post,1648148772,neutral
tkb967,anonymous,post,1647978144,negative
tbltxe,askmath,post,1646988413,positive
tt518x,batman,post,1648747964,neutral
tn6i97,blackcats,post,1648158668,neutral
tc095w,buildapc,post,1647033126,positive
t6ak66,canucks,post,1646368118,negative
tdjj4u,childfree,post,1647214104,negative
tp3cne,cocaine,post,1648326402,negative
ti3y2g,confessions,post,1647721363,neutral
t6s4ns,copypasta,post,1646425718,negative
telwz3,creepyPMs,post,1647340194,neutral
tt0aas,dankmemes,post,1648734882,neutral
tn7w5s,deadbydaylight,post,1648162567,neutral
tk7p9e,discordapp,post,1647968673,negative
trv3zy,discordapp,post,1648603936,neutral
tfiyk3,discordapp,post,1647441013,neutral
tm2sfq,discordapp,post,1648117585,neutral
tb6wgi,explainlikeimfive,post,1646941105,neutral
tk5bqb,furry,post,1647962295,negative
tcw2a4,furry,post,1647135423,neutral
tf880y,greysanatomy,post,1647401314,neutral
tf0key,halo,post,1647378939,negative
tidmr6,help,post,1647752359,negative
tl3lqq,help,post,1648057311,neutral
t5z7yz,hoi4,post,1646334838,negative
tivplh,imaginarymaps,post,1647812655,neutral
tewoxs,latterdaysaints,post,1647370158,neutral
t9n3z1,lgbt,post,1646763374,neutral
tiewvx,manga,post,1647757477,neutral
ta5xpw,maryland,post,1646825852,negative
tnoalj,maryland,post,1648221747,negative
ted9cq,mildlyinfuriating,post,1647307578,negative
tq4tmw,mildlyinfuriating,post,1648456934,neutral
tjt8aq,modhelp,post,1647917787,neutral
tsmi5n,motorcycle,post,1648683667,neutral
tj28ix,nba,post,1647832683,positive
tco8np,nbacirclejerk,post,1647111536,negative
tt9vee,overlord,post,1648761089,neutral
tl5l7e,pakistan,post,1648059557,neutral
t7uq0c,poker,post,1646556539,neutral
tcsnov,redditmobile,post,1647124521,negative
t9671b,redditrequest,post,1646706324,neutral
toxvbk,redditrequest,post,1648314024,neutral
trpdfn,redditrequest,post,1648591685,neutral
tci4eb,redditrequest,post,1647097190,neutral
t4fq7o,redditrequest,post,1646162003,neutral
tfpfdz,redditrequest,post,1647456965,neutral
tfq7pm,redditrequest,post,1647458028,neutral
tfmxot,redditrequest,post,1647450634,neutral
tele9l,redditrequest,post,1647338077,neutral
trec60,redditrequest,post,1648579504,neutral
tfryqg,redditrequest,post,1647461507,neutral
tc2z92,redditrequest,post,1647040937,neutral
tspib7,redditrequest,post,1648693284,neutral
toa2bn,redditrequest,post,1648256303,neutral
tf4x2b,redditrequest,post,1647391008,neutral
tt9txp,redditrequest,post,1648760981,neutral
tb8qch,samharris,post,1646946116,neutral
tfz669,shopify,post,1647482278,neutral
tapi2s,startrek,post,1646883245,negative
tdh98c,surrealmemes,post,1647207573,neutral
t7qepg,teenagers,post,1646538814,neutral
tszclp,teenagers,post,1648732006,negative
tihzq6,teenagers,post,1647771331,neutral
tf90ni,teenagers,post,1647404045,neutral
t4rnsh,teenagers,post,1646195330,negative
tl55t1,teenagers,post,1648059206,positive
tscdd9,teenagers,post,1648663221,negative
t5ft4h,teenagers,post,1646271332,neutral
tpnh3p,trans,post,1648398522,negative
tduzg1,ukraine,post,1647255986,neutral
tosjht,war,post,1648307538,negative
t80aie,whatsthissnake,post,1646578212,neutral
tba84w,2007scape,post,1646949981,negative
trrfm4,2007scape,post,1648593001,negative
tdntch,AirForce,post,1647227729,neutral
tnowxs,ApplyingToCollege,post,1648223552,neutral
tj9hk0,ApplyingToCollege,post,1647861629,neutral
teinmg,Aquariums,post,1647325947,neutral
tah2e5,AskAstrologers,post,1646858488,neutral
t6adiz,AskReddit,post,1646367520,negative
te33w6,AskReddit,post,1647279579,neutral
tnx8zf,AskThe_Donald,post,1648237117,negative
t4dl58,Austin,post,1646156583,neutral
ta0dls,BitchImATrain,post,1646802920,negative
tgln1t,BreedingMaterial,post,1647554726,negative
tewls4,CasualUK,post,1647369994,neutral
tctc15,Chipotle,post,1647126533,negative
tp8kri,Christianity,post,1648341263,negative
tkbc7m,Comcast,post,1647978374,negative
tsnfgr,Cortex,post,1648686587,neutral
tqq358,CrazyIdeas,post,1648522488,negative
t6czm7,Jokes,post,1646376778,positive
tcbrqw,Jokes,post,1647072833,negative
tcyczh,MMA,post,1647143509,neutral
tiush5,MakeNewFriendsHere,post,1647810056,neutral
tk4t2x,MaleFashionMarket,post,1647960902,negative
t45kxs,Minecraft,post,1646133113,neutral
ticcqq,ModSupport,post,1647747622,negative
tc1i1n,ModSupport,post,1647036653,neutral
thqpwa,ModSupport,post,1647677924,neutral
tirwqr,ModSupport,post,1647802151,neutral
tsc2o5,ModSupport,post,1648662461,neutral
tn6qea,NameThatSong,post,1648159272,neutral
tlzmhg,Neverbrokeabone,post,1648103906,neutral
tkakch,NewYorkMets,post,1647976292,neutral
tebcnr,Pennsylvania,post,1647301924,negative
tfwt1z,Philippines,post,1647474951,neutral
tt1u3k,RelayForReddit,post,1648739239,neutral
t8j0w4,SCJerk,post,1646634973,negative
t803ac,SexWorkers,post,1646577588,negative
tkbjfb,ShingekiNoKyojin,post,1647978924,negative
tkbq2j,ShingekiNoKyojin,post,1647979390,negative
tj642v,Showerthoughts,post,1647847817,negative
tnw8v4,StarWars,post,1648234226,negative
tpjsf2,StardustCrusaders,post,1648387196,neutral
t4dvtv,Tekken,post,1646157350,negative
tbf0c1,TooAfraidToAsk,post,1646963616,neutral
tknqx3,TrueOffMyChest,post,1648017102,neutral
tdqj9e,UnsentLetters,post,1647237654,negative
th9fcx,WatchRedditDie,post,1647626019,neutral
t5uj5q,Wellthatsucks,post,1646322537,negative
ts9jrq,alberta,post,1648655623,neutral
tb3awh,asexuality,post,1646931792,negative
tcdjtu,bangalore,post,1647080467,negative
tdjjm0,buccaneers,post,1647214147,neutral
te34h6,budgies,post,1647279617,neutral
tf3400,community,post,1647385804,negative
tav6py,confessions,post,1646905412,neutral
tlvru8,conspiracy,post,1648089865,negative
tewf16,copypasta,post,1647369559,negative
trnlv4,copypasta,post,1648590148,negative
t7inz0,dankmemes,post,1646513794,negative
tnnolz,deadbydaylight,post,1648220050,negative
tegv8i,depression,post,1647319089,negative
tbg3e1,destiny2,post,1646967136,positive
t69fkc,discordapp,post,1646364458,neutral
tn6km9,facepalm,post,1648158847,negative
tccmir,farcry,post,1647076483,neutral
t9yzro,golf,post,1646798117,neutral
toszxp,golf,post,1648308973,negative
tr6q91,golf,post,1648571210,neutral
to1hl3,halo,post,1648244967,negative
tt0v39,help,post,1648736554,neutral
tt18fn,help,post,1648737612,negative
tk614r,help,post,1647964265,negative
tsr8mu,help,post,1648699094,neutral
t9s9wx,help,post,1646777487,neutral
tndut0,help,post,1648181944,neutral
tbsz9u,help,post,1647013717,neutral
tqelzf,help,post,1648488685,negative
tno8lw,hockey,post,1648221597,neutral
thim9e,iamverysmart,post,1647647627,negative
tfmtdx,islam,post,1647450303,positive
tid5pg,karate,post,1647750571,neutral
tjkmsn,manga,post,1647893023,neutral
thjjo4,marvelstudios,post,1647650484,neutral
tkjs05,medicine,post,1648002449,neutral
t7fjxc,memes,post,1646504759,neutral
tgjw3c,microdosing,post,1647550056,positive
thhczm,mildlyinfuriating,post,1647643854,negative
t6dr53,mildlyinfuriating,post,1646379791,negative
tk8wn2,modhelp,post,1647971940,neutral
tb4ks8,modhelp,post,1646935254,negative
tlni6j,mturk,post,1648080778,neutral
t7r1on,needamod,post,1646541165,neutral
tcrs83,needamod,post,1647121918,neutral
tpcsi3,needamod,post,1648356686,neutral
t58gjv,pokemon,post,1646250448,negative
tmnvus,politics,post,1648141328,negative
teldgx,redditmobile,post,1647337982,negative
th3324,redditmobile,post,1647614967,negative
tpihvc,redditrequest,post,1648382429,neutral
ti2480,redditrequest,post,1647716238,neutral
t74bsd,redditrequest,post,1646465686,neutral
tohsft,redditrequest,post,1648272663,neutral
tgkavi,redditrequest,post,1647551135,neutral
tgl3ph,redditrequest,post,1647553283,neutral
t3y2u8,redditrequest,post,1646105222,neutral
t4fmzg,redditrequest,post,1646161767,neutral
t4fnhd,redditrequest,post,1646161804,neutral
tjrj4k,redditrequest,post,1647912466,neutral
tesubu,redditrequest,post,1647361500,neutral
t4zw2n,redditrequest,post,1646226880,neutral
tqjj2z,redditrequest,post,1648501973,neutral
tm1lv8,redditrequest,post,1648112505,neutral
te5blj,redditrequest,post,1647285375,neutral
tfg6j6,redditrequest,post,1647432572,neutral
tjaymq,redditrequest,post,1647866608,neutral
tp0lzh,redditrequest,post,1648322080,neutral
tpwgpc,redditrequest,post,1648425248,neutral
ti7wso,redditrequest,post,1647732861,neutral
tk1d77,redditrequest,post,1647950504,neutral
tescnr,redditrequest,post,1647360192,neutral
tnla9w,redditrequest,post,1648212853,neutral
te7kf3,riskofrain,post,1647291320,neutral
tqqbib,sadboys,post,1648523268,neutral
tddy5a,skyrim,post,1647198471,neutral
tgkwam,skyrim,post,1647552728,neutral
tjdyld,splatoon,post,1647875333,neutral
t4jx3x,tax,post,1646172874,neutral
tqxu9z,teenagers,post,1648554077,neutral
t5b69p,teenagers,post,1646257946,neutral
tnzjpj,teenagers,post,1648243267,neutral
tlzhlb,teenagers,post,1648103343,neutral
t851ft,teenagers,post,1646591423,neutral
t488bs,the1975,post,1646142285,neutral
tl8yab,tressless,post,1648063254,neutral
t66gg0,udub,post,1646355074,neutral
tp4rnw,unixporn,post,1648330721,neutral
tezyk1,unpopularopinion,post,1647377331,negative
tfz9so,unpopularopinion,post,1647482582,negative
tleen0,unpopularopinion,post,1648069131,negative
tcs1vx,unpopularopinion,post,1647122708,negative
tf24pm,vegan,post,1647383116,neutral
tpo3ry,witchcraft,post,1648400369,neutral
tkmvdl,youtube,post,1648013358,neutral
t3ui5v,zen,post,1646094653,neutral
td98pp,AnimalCollective,post,1647185275,negative
tqa4lh,AskReddit,post,1648476520,neutral
tqh8mz,AskThe_Donald,post,1648495793,negative
tkanum,AskUK,post,1647976554,negative
t8pnrv,AskWomen,post,1646661078,negative
tgaczc,AskWomen,post,1647524022,neutral
tgaem6,AskWomen,post,1647524156,negative
thb7qg,AskWomen,post,1647627478,negative
tieous,AskWomen,post,1647756491,negative
tocaor,AskWomen,post,1648259512,negative
tpu3zh,AskWomen,post,1648417765,negative
t4wax9,AutoModerator,post,1646212667,neutral
t96y4w,BDSMcommunity,post,1646708624,neutral
t92mgc,CombatFootage,post,1646695488,negative
t94ccz,CombatFootage,post,1646700660,neutral
tfp6d9,Comcast_Xfinity,post,1647456419,negative
tgfnlz,CreditCards,post,1647538633,positive
thxze1,Damnthatsinteresting,post,1647704858,neutral
tdq2kz,EtherMining,post,1647235809,negative
t83v6d,FanFiction,post,1646588252,neutral
tknd0t,Glitch_in_the_Matrix,post,1648015412,neutral
t68nue,Herpes,post,1646362037,positive
tghubi,HitBoxPorn,post,1647544500,neutral
thwyv4,HomeImprovement,post,1647701984,negative
tqq162,Instagram,post,1648522300,positive
tenusk,InvestmentClub,post,1647347348,neutral
ti4rp6,Justrolledintotheshop,post,1647723668,negative
t6408k,Kanye,post,1646347941,neutral
t7jrfo,Kanye,post,1646517129,neutral
tf6410,Kanye,post,1647394660,neutral
t60lrd,Kenya,post,1646338549,negative
tjwx5a,MechanicAdvice,post,1647931753,neutral
tgazl0,Memes_Of_The_Dank,post,1647525826,negative
t3zrbs,Minecraft,post,1646110471,negative
t98zda,ModSupport,post,1646715272,neutral
tiv79f,ModSupport,post,1647811190,neutral
tqtfrn,ModSupport,post,1648535038,neutral
tsbq0a,ModSupport,post,1648661502,neutral
tnk9zd,OnePiece,post,1648209337,positive
ti2nm9,Portland,post,1647717737,negative
tcq61s,Predators,post,1647117104,neutral
tdxeo8,SAP,post,1647264176,neutral
tgqgh1,SCJerk,post,1647568821,negative
tjs6gd,SantaBarbara,post,1647914429,neutral
tj37ug,Sat,post,1647836028,neutral
tfg84f,Seaofthieves,post,1647432696,neutral
t4mz2r,SexToys,post,1646181233,negative
tabbbw,SluttyConfessions,post,1646842665,neutral
t4ck3a,TrueOffMyChest,post,1646153935,neutral
t6a2t2,TrueOffMyChest,post,1646366556,neutral
t6wwla,TrueOffMyChest,post,1646439406,negative
t7jw95,TrueOffMyChest,post,1646517531,negative
t96le3,TrueOffMyChest,post,1646707546,neutral
t9tgs7,TrueOffMyChest,post,1646780798,negative
ta0wbu,TrueOffMyChest,post,1646804769,negative
tbwqfd,TrueOffMyChest,post,1647023317,negative
tc45th,TrueOffMyChest,post,1647044656,negative
tdhyrr,TrueOffMyChest,post,1647209552,neutral
th2azu,TrueOffMyChest,post,1647612831,negative
tk7ydk,TrueOffMyChest,post,1647969362,negative
tlgtaz,TrueOffMyChest,post,1648071712,negative
tlo4mq,TrueOffMyChest,post,1648081405,negative
tm2yz1,TrueOffMyChest,post,1648118309,negative
tmsh4u,TrueOffMyChest,post,1648145341,negative
tqgwz6,TrueOffMyChest,post,1648494897,neutral
tru0pg,TrueOffMyChest,post,1648600296,negative
tlxoh7,Twitch,post,1648096260,neutral
ti965u,Twitch,post,1647736779,neutral
tbx9ow,UCONN,post,1647024787,neutral
tswxp2,WTF,post,1648723235,negative
tf94y5,WWE,post,1647404450,negative
to23o3,actuallesbians,post,1648245506,neutral
tfgknp,bigdickproblems,post,1647433812,negative
tef5np,boating,post,1647313423,neutral
tavrht,bugs,post,1646907947,neutral
tbxgq8,bugs,post,1647025316,negative
t9v4bf,cocaine,post,1646785720,neutral
tqp6e1,cocaine,post,1648519442,neutral
tqpja8,cocaine,post,1648520617,neutral
tn7tln,dankmemes,post,1648162357,positive
tnfi65,deadbydaylight,post,1648188421,neutral
ticsmi,diabetes,post,1647749175,neutral
trn30f,discordapp,post,1648588731,neutral
t9ixwz,drugscirclejerk,post,1646752405,negative
tgwz2p,ethtrader,post,1647593738,neutral
tl0nt1,farcry,post,1648054083,neutral
t7e912,ffxiv,post,1646501056,negative
taff9k,help,post,1646853931,neutral
tr26uc,help,post,1648565519,negative
t5mhuu,help,post,1646294239,neutral
tfxpb7,help,post,1647477700,neutral
tk3mm3,incremental_games,post,1647957528,negative
tgmywc,islam,post,1647558437,neutral
tkwoky,islam,post,1648049850,neutral
tpofrv,leagueoflegends,post,1648401330,negative
t54m74,madlads,post,1646240380,neutral
tfeabw,madlads,post,1647425551,neutral
tsangl,magicthecirclejerking,post,1648658578,negative
t4w4hj,mensa,post,1646211877,neutral
t5mego,newzealand,post,1646293858,neutral
tk4mha,playrust,post,1647960393,negative
t5ousn,pokememes,post,1646304338,neutral
tewpp5,r4rtoronto,post,1647370213,neutral
tewryp,r4rtoronto,post,1647370382,neutral
tjdunb,realmadrid,post,1647875041,neutral
temo4p,redditmobile,post,1647343122,neutral
tajpgq,redditrequest,post,1646865769,neutral
tog0f0,redditrequest,post,1648265741,neutral
tazhnf,redditrequest,post,1646921332,neutral
tds8jo,redditrequest,post,1647244737,neutral
tdsa3f,redditrequest,post,1647244892,neutral
t7mzlp,redditrequest,post,1646527111,neutral
t93mt4,redditrequest,post,1646698564,neutral
t55584,redditrequest,post,1646241718,neutral
tdqhkj,redditrequest,post,1647237480,neutral
tkg2l5,redditrequest,post,1647991189,neutral
t7soq9,redditrequest,post,1646547633,neutral
tsm08g,redditrequest,post,1648682150,neutral
t4hb4x,redditrequest,post,1646166080,neutral
t94y60,redditrequest,post,1646702493,neutral
tjosal,redditrequest,post,1647904257,neutral
tl15ay,redditrequest,post,1648054553,neutral
t592b6,redditrequest,post,1646252049,neutral
tkvdno,relationship_advice,post,1648046272,neutral
t9itfq,rupaulsdragrace,post,1646752063,negative
tglx4j,sadboys,post,1647555503,negative
taahy6,soccer,post,1646840428,neutral
tajp36,soccer,post,1646865737,negative
taq8pg,soccercirclejerk,post,1646885715,neutral
thd0n4,splatoon,post,1647631632,negative
tbj5o8,starwarsrebels,post,1646977672,neutral
tnzj0t,starwarsrebels,post,1648243254,neutral
trat62,teenagers,post,1648576311,positive
tc4u9l,teenagers,post,1647046848,neutral
tbb13v,teenagers,post,1646951925,neutral
tajg2h,teenagers,post,1646865038,negative
tadkao,teenagers,post,1646848763,negative
tc2b7l,teenagers,post,1647038966,positive
tsuehn,tf2,post,1648711660,negative
tbk1pr,thefighterandthekid,post,1646981114,neutral
tbv3ll,toddlers,post,1647019502,neutral
tdlyqx,toronto,post,1647221659,neutral
taujuc,transgenderUK,post,1646902473,neutral
tc16gk,ukraine,post,1647035760,positive
t8e0d2,ukraine,post,1646617314,neutral
t9ts7r,unpopularopinion,post,1646781677,negative
t5p9ww,wallstreetbets,post,1646306001,negative
tcjiub,wedding,post,1647101220,neutral
tlgk8d,2007scape,post,1648071451,neutral
tal7xs,6thForm,post,1646870092,neutral
tm3nqu,AFL,post,1648120828,neutral
tl6e6w,ATT,post,1648060157,neutral
t90i1y,Anarcho_Capitalism,post,1646689820,negative
tg1jst,Anxiety,post,1647490079,neutral
tgucz0,Art,post,1647582295,neutral
toz8ad,AsABlackMan,post,1648317974,negative
tn1gq1,AskAstrologers,post,1648152907,negative
tbvipe,AskModerators,post,1647020651,negative
tdhilh,AskModerators,post,1647208304,neutral
tjdof5,AskModerators,post,1647874594,neutral
tfu8pn,AskReddit,post,1647467737,neutral
t9r5js,AskReddit,post,1646774297,negative
tdj5dl,AskReddit,post,1647212970,negative
t8o6y8,AskReddit,post,1646656269,neutral
t5yg8t,AskReddit,post,1646332808,negative
tens0n,Bad_Cop_No_Donut,post,1647347101,negative
tenxk0,Bad_Cop_No_Donut,post,1647347524,negative
teqf9r,Bad_Cop_No_Donut,post,1647354985,negative
tf14lx,Bad_Cop_No_Donut,post,1647380444,negative
tf16wp,Bad_Cop_No_Donut,post,1647380613,negative
te90dm,Bad_Cop_No_Donut,post,1647295360,negative
tkb151,Breath_of_the_Wild,post,1647977531,positive
tlwhe3,CPTSD,post,1648092171,neutral
talunq,Christianity,post,1646871908,negative
tj87m9,ChubbyDudes,post,1647856670,neutral
t5idq1,Damnthatsinteresting,post,1646279289,negative
tpamgv,Damnthatsinteresting,post,1648348437,negative
ts5a66,Damnthatsinteresting,post,1648643191,negative
ts5bzb,Damnthatsinteresting,post,1648643365,negative
tsq1tv,Destiny,post,1648695092,negative
t6dgen,DestinyMemes,post,1646378588,negative
tqf74v,Egypt,post,1648490272,neutral
tt17lp,EngineeringStudents,post,1648737551,negative
tc32f2,FalloutMods,post,1647041217,neutral
tdi4ln,FalloutMods,post,1647210018,neutral
tgfdlj,FemBoys,post,1647537864,neutral
tfprcg,FreeSpeech,post,1647457268,negative
tgopji,Guitar,post,1647563503,negative
tbtuav,Guitar,post,1647016065,negative
tbu69z,Guitar,post,1647016969,negative
tg5oay,Guitar,post,1647506855,negative
tgcnys,Guitar,post,1647530575,neutral
tgmh2h,Guitar,post,1647557061,negative
trwbtc,Gundam,post,1648607866,neutral
tbsoa7,Herpes,post,1647012839,neutral
tq93e5,HongKong,post,1648473423,neutral
tbtggk,HumansBeingBros,post,1647015013,negative
ta4rqt,IndiaSpeaks,post,1646821018,neutral
tqv4ov,Irony,post,1648542530,neutral
tiae2y,JoeRogan,post,1647740838,neutral
tktphv,JohnMayer,post,1648041402,neutral
tiu4nq,Jokes,post,1647808262,neutral
tra3f3,Kenya,post,1648574413,positive
tndwg8,Kirby,post,1648182103,neutral
tost5c,KotakuInAction,post,1648308385,neutral
t69rlp,LivestreamFail,post,1646365542,neutral
tqinht,LofiHipHop,post,1648499581,neutral
tqiqtq,LofiHipHop,post,1648499838,neutral
tqj1zn,LofiHipHop,post,1648500698,neutral
ttbaa2,LongDistance,post,1648765010,neutral
tpf41b,ModSupport,post,1648367070,negative
tqyejc,ModSupport,post,1648556031,neutral
t66l5f,ModSupport,post,1646355501,negative
tf61h0,ModSupport,post,1647394433,neutral
tel8gm,ModSupport,post,1647337360,neutral
t8gclc,ModSupport,post,1646625018,negative
t662lr,ModSupport,post,1646353908,negative
tceni9,ModSupport,post,1647085112,negative
tbgsg7,NintendoSwitch,post,1646969365,negative
thvgnb,NoStupidQuestions,post,1647697363,negative
t4m2yf,NoStupidQuestions,post,1646178690,neutral
t631xq,OnePiece,post,1646345333,negative
t616k1,PERSoNA,post,1646340104,positive
tbaabn,PersonalFinanceCanada,post,1646950138,negative
t40css,PhantomForces,post,1646112370,negative
tga05d,PhantomForces,post,1647522962,neutral
titrrg,PhantomForces,post,1647807271,positive
tdsnc9,Planetside,post,1647246566,neutral
tp2dgf,Portland,post,1648324757,neutral
ts2o4a,PublicFreakout,post,1648633129,negative
t489qo,Rainmeter,post,1646142403,negative
t8qn7i,RocketLeague,post,1646664007,neutral
tbqmac,SCJerk,post,1647006831,neutral
tkdbxk,SCJerk,post,1647983645,negative
tdi0xj,Sat,post,1647209726,neutral
tjpyb9,Scams,post,1647907654,negative
tlhuug,Scams,post,1648072888,negative
tmsd69,ShingekiNoKyojin,post,1648145262,negative
tcwjfe,ShitLiberalsSay,post,1647137026,negative
tkmsas,ShitPoliticsSays,post,1648012988,negative
tg91or,SoulsSliders,post,1647520012,neutral
t7ru5j,SouthJersey,post,1646544170,neutral
tdhsl7,TeamSolomid,post,1647209063,negative
tqzxds,Telegram,post,1648561014,neutral
tggv0u,Terraria,post,1647541894,negative
tbgspe,TheOrville,post,1646969388,negative
tglbv4,TooAfraidToAsk,post,1647553912,neutral
t60tm8,UCSC,post,1646339133,neutral
t4ijej,VictoriaBC,post,1646169244,neutral
tadzd8,WWEGames,post,1646850011,negative
t4aobt,WatchRedditDie,post,1646149095,negative
trs2r3,Whatcouldgowrong,post,1648594295,neutral
tfbble,XXXTENTACION,post,1647412880,neutral
tq76do,YasuoMains,post,1648467072,neutral
t9leyd,amiugly,post,1646758954,negative
toaidk,anime,post,1648257799,neutral
t4aswi,autism,post,1646149418,negative
tfs83p,autism,post,1647462213,neutral
taxn3l,avorion,post,1646915437,neutral
tbymcw,baseball,post,1647028593,negative
thhdpe,baseball,post,1647643913,neutral
tk8p7l,baseball,post,1647971379,neutral
t8x4x8,beta,post,1646681077,neutral
tt81m0,bjj,post,1648756160,neutral
t55gyo,brandonsanderson,post,1646242561,neutral
t8zpb7,bugs,post,1646687741,neutral
t55jvx,chicago,post,1646242784,neutral
tshmly,cincinnati,post,1648671005,neutral
t7rh9j,collegehockey,post,1646542807,neutral
tczgn2,collegehockey,post,1647147607,neutral
ticoqq,collegehockey,post,1647748808,neutral
tpc0d9,collegehockey,post,1648353608,neutral
tkhppv,comicbooks,post,1647996053,negative
tsoxng,confessions,post,1648691449,negative
tdkuiu,conspiracy,post,1647218129,neutral
t5k66r,conspiracy,post,1646285273,negative
tpcal9,cripplingalcoholism,post,1648354697,neutral
trdlwz,dankmemes,post,1648578363,negative
t90k52,dankmemes,post,1646689980,neutral
tai6wo,dankmemes,post,1646861568,neutral
tbitxf,datingoverthirty,post,1646976423,neutral
tew50h,dirtypenpals,post,1647368910,negative
tpm378,discordapp,post,1648394440,negative
tcl5o5,duckduckgo,post,1647105315,negative
t6vqz4,exmormon,post,1646435925,positive
tqt583,facebook,post,1648533785,negative
t50pia,facebook,post,1646229532,negative
tj2byz,farmingsimulator,post,1647832993,neutral
tabbpy,findareddit,post,1646842693,negative
t3wzu0,football,post,1646102023,neutral
tgrqx7,forhonor,post,1647572886,negative
tskvts,funny,post,1648678853,neutral
tjowvs,gay,post,1647904613,negative
tn74de,gratefuldead,post,1648160361,neutral
togf4i,gtaonline,post,1648267231,neutral
tb14kl,hamsters,post,1646926018,neutral
texwez,help,post,1647372776,negative
t519am,help,post,1646231148,negative
t5nzqg,help,post,1646300684,neutral
t67fcn,help,post,1646358111,negative
t6tp0y,help,post,1646430049,neutral
t7ltff,help,post,1646523330,neutral
t7lzye,help,post,1646523906,neutral
t8cd23,help,post,1646612091,negative
t8ux2p,help,post,1646675365,neutral
t9h56g,help,post,1646747174,neutral
t9yghl,help,post,1646796327,neutral
ta6cyc,help,post,1646827494,neutral
tac3k1,help,post,1646844779,negative
taeqiq,help,post,1646852054,neutral
tb8ky2,help,post,1646945723,neutral
tbjzh4,help,post,1646980867,negative
tbmtjr,help,post,1646992669,neutral
tbnadn,help,post,1646994623,neutral
tbnxo4,help,post,1646997321,neutral
tbzqq0,help,post,1647031713,neutral
tc1pvw,help,post,1647037268,neutral
tcjp39,help,post,1647101713,neutral
tcpowu,help,post,1647115695,negative
tcrzgn,help,post,1647122512,neutral
tenov7,help,post,1647346804,neutral
tenpbh,help,post,1647346841,neutral
teof9r,help,post,1647349125,neutral
teokcz,help,post,1647349543,negative
teta6j,help,post,1647362682,negative
tetas2,help,post,1647362724,negative
tetb6k,help,post,1647362754,negative
tfih0r,help,post,1647439624,neutral
tk6kmq,help,post,1647965687,negative
tkrvj0,help,post,1648035270,negative
tksj8j,help,post,1648037540,negative
tlhare,help,post,1648072341,negative
tofim5,help,post,1648263963,neutral
tonea7,help,post,1648297406,neutral
toy0hs,help,post,1648314425,negative
tqrsg5,help,post,1648528506,neutral
trurnm,help,post,1648602758,negative
trxady,help,post,1648611061,neutral
tsduh9,help,post,1648667152,neutral
tso62i,help,post,1648688976,neutral
tsopc0,help,post,1648690714,neutral
thw8xu,hoggit,post,1647699815,neutral
t87haa,homeassistant,post,1646598189,neutral
t8zsfk,howardstern,post,1646687972,negative
to65ti,india,post,1648250640,negative
t8yfzl,interestingasfuck,post,1646684448,negative
tldioq,interestingasfuck,post,1648068191,neutral
t5c059,leagueoflegends,post,1646260183,negative
t5dv1m,leagueoflegends,post,1646265452,negative
tnnryp,lithuania,post,1648220307,neutral
tfbk5s,memes,post,1647413927,negative
tflq8t,mentalhealth,post,1647447409,neutral
toccvn,mildlyinfuriating,post,1648259614,negative
ta8yyg,modhelp,post,1646836037,neutral
tkp65d,modhelp,post,1648023485,neutral
tlrmoh,modhelp,post,1648084948,neutral
tl7467,modhelp,post,1648060784,neutral
tdoxoo,moviescirclejerk,post,1647231561,positive
tctsa1,nba,post,1647127948,neutral
td06i7,nba,post,1647150331,negative
tbu614,nbacirclejerk,post,1647016950,negative
teofuv,otomegames,post,1647349177,neutral
tkbheu,patientgamers,post,1647978773,neutral
tpk4x8,penspinning,post,1648388351,negative
t8456v,playrust,post,1646588999,negative
t7i8n0,pornID,post,1646512525,neutral
tgcj96,ptsd,post,1647530221,neutral
tqme5r,raimimemes,post,1648510447,neutral
tq3dax,redditrequest,post,1648450431,neutral
t730af,redditrequest,post,1646460284,neutral
t8cmbr,redditrequest,post,1646612890,neutral
tscbr6,redditrequest,post,1648663120,neutral
th65o9,redditrequest,post,1647622452,neutral
temuj3,redditrequest,post,1647343794,neutral
tdgcne,redditrequest,post,1647205099,neutral
tt8ymv,redditrequest,post,1648758639,neutral
t8wnvx,redditrequest,post,1646679838,neutral
te39v7,redditrequest,post,1647280020,neutral
tpjuvp,redditrequest,post,1648387432,neutral
t96rf4,redditrequest,post,1646708060,neutral
t9rasa,redditrequest,post,1646774762,neutral
tear71,redditrequest,post,1647300164,neutral
tguakj,redditrequest,post,1647582015,neutral
tlb7oo,redditrequest,post,1648065627,neutral
tajwc9,redditrequest,post,1646866303,neutral
to9ey2,redditrequest,post,1648254150,neutral
tt5fvm,redditrequest,post,1648749064,neutral
t7v09x,redditrequest,post,1646557776,neutral
tnjcae,redditrequest,post,1648205937,neutral
tgtyj3,redditrequest,post,1647580663,neutral
t94v1k,redditrequest,post,1646702243,neutral
tpq8fk,redditrequest,post,1648406635,neutral
t3xhla,redditrequest,post,1646103507,neutral
tffrz9,redditrequest,post,1647431231,neutral
t89p28,redditrequest,post,1646604281,neutral
t5n2vx,russia,post,1646296741,neutral
t9fsj3,self,post,1646742634,negative
tf3ves,self,post,1647387977,negative
tj26ny,self,post,1647832512,negative
tj2iwl,self,post,1647833629,negative
tcl2kd,sociopath,post,1647105212,negative
th8itw,stalker,post,1647625271,neutral
tps4ju,surrealmemes,post,1648411973,neutral
tnxl47,survivor,post,1648238085,neutral
t6e0um,teenagers,post,1646380881,neutral
toh3za,teenagers,post,1648269925,positive
tqot4t,teenagers,post,1648518237,neutral
t69uff,teenagers,post,1646365806,negative
tm3k7g,teenagers,post,1648120546,negative
ti8a4s,teenagers,post,1647734013,negative
tibzrp,teenagers,post,1647746303,neutral
td58av,teenagers,post,1647171814,neutral
tswrzk,tf2,post,1648722546,negative
tsky5i,tulsa,post,1648679035,neutral
t5iwza,ukraine,post,1646281020,neutral
thmrks,undelete,post,1647661246,negative
tsx27m,unpopularopinion,post,1648723767,negative
ti9vzk,unpopularopinion,post,1647739130,negative
t7yooc,unpopularopinion,post,1646573119,negative
tdeq8b,unpopularopinion,post,1647200656,negative
tshpog,vegaslocals,post,1648671241,negative
traqec,virgin,post,1648576100,neutral
tkdux2,women,post,1647985091,neutral
tby2ie,youtube,post,1647027029,neutral
tdvnar,youtube,post,1647258452,negative
t4tiyq,90DayFiance,post,1646201549,neutral
tt0o3g,ADHD,post,1648735982,neutral
tbrwyl,AMA,post,1647010720,negative
tqlxgn,AMA,post,1648509009,neutral
tqlxt3,AMA,post,1648509037,neutral
tcjxxj,Albuquerque,post,1647102422,negative
tf3y7e,Anxiety,post,1647388202,neutral
tpz957,ApplyingToCollege,post,1648434832,neutral
thgjqz,AskReddit,post,1647641486,negative
tg5ny9,AutoModerator,post,1647506805,neutral
tsbecl,BeautyGuruChatter,post,1648660604,positive
tntq96,Bellingham,post,1648230799,negative
tkf3co,Boise,post,1647988461,neutral
tgh3u6,Calgary,post,1647542489,neutral
tnx3tu,CoinBase,post,1648236706,neutral
tgjrcg,Conservative,post,1647549693,neutral
tt5log,Conservative,post,1648749500,positive
tskjtm,Cornell,post,1648677911,negative
t740sv,DnD,post,1646464362,neutral
ts49tn,DrawForMe,post,1648639638,neutral
tf3xwz,DynastyFF,post,1647388177,negative
tl076m,EmulationOnAndroid,post,1648053632,neutral
tn9w8k,Gameboy,post,1648168632,positive
tsn8cj,Gamingcirclejerk,post,1648685946,negative
t53w0b,Ghostbc,post,1646238459,neutral
tna3l8,Hardcore,post,1648169288,neutral
tgvsqm,IBO,post,1647588406,neutral
tk1n7i,ICanDrawThat,post,1647951411,neutral
t8ue55,JustUnsubbed,post,1646673959,negative
t7c3l7,JusticeServed,post,1646495012,negative
tndwmz,LigaMX,post,1648182125,negative
tgfqk5,ManyATrueNerd,post,1647538861,neutral
tm0w59,ModSupport,post,1648109323,negative
tk5h9b,ModSupport,post,1647962726,neutral
t42kwy,ModSupport,post,1646120674,neutral
t521ch,ModSupport,post,1646233417,neutral
t5keaz,ModSupport,post,1646286088,negative
t5lyq9,ModSupport,post,1646292037,neutral
t6h1gu,ModSupport,post,1646393782,neutral
t6h3te,ModSupport,post,1646394049,neutral
t86ik5,ModSupport,post,1646595510,neutral
t86trq,ModSupport,post,1646596363,negative
t8tmif,ModSupport,post,1646671992,negative
t99miv,ModSupport,post,1646717556,neutral
taelfz,ModSupport,post,1646851684,negative
tagpl0,ModSupport,post,1646857505,neutral
tako6g,ModSupport,post,1646868487,neutral
tb9ei4,ModSupport,post,1646947939,neutral
tbsjhm,ModSupport,post,1647012465,neutral
tc6q19,ModSupport,post,1647053344,negative
tcstk3,ModSupport,post,1647124996,neutral
tdxgwf,ModSupport,post,1647264375,neutral
tfstgf,ModSupport,post,1647463837,neutral
thngpg,ModSupport,post,1647663792,negative
tjdp1l,ModSupport,post,1647874643,neutral
tkhnrl,ModSupport,post,1647995890,neutral
tlwhzy,ModSupport,post,1648092232,neutral
tm3663,ModSupport,post,1648119108,neutral
tolud9,ModSupport,post,1648291103,negative
tonjpl,ModSupport,post,1648297965,neutral
tpr7mh,ModSupport,post,1648409402,neutral
tq0y0c,ModSupport,post,1648440804,neutral
tq2mw0,ModSupport,post,1648447286,neutral
trvvww,ModSupport,post,1648606427,neutral
trzljv,ModSupport,post,1648619585,neutral
tt3chq,ModSupport,post,1648743371,neutral
ttbpzr,ModSupport,post,1648766292,negative
t6nqoc,ModSupport,post,1646413819,negative
trycbf,ModSupport,post,1648614771,neutral
tpbia6,ModSupport,post,1648351693,negative
tjryoa,ModSupport,post,1647913769,neutral
t62o0j,NoStupidQuestions,post,1646344268,negative
t6fz6n,NoStupidQuestions,post,1646389350,negative
t841iq,NoStupidQuestions,post,1646588725,neutral
t9wi1p,NoStupidQuestions,post,1646790048,negative
tasf1a,NoStupidQuestions,post,1646893569,neutral
tasfjr,NoStupidQuestions,post,1646893621,neutral
tcluhf,NoStupidQuestions,post,1647106124,negative
td8sf4,NoStupidQuestions,post,1647183915,neutral
tdmla9,NoStupidQuestions,post,1647223682,negative
tizucu,NoStupidQuestions,post,1647824934,negative
toneeu,NoStupidQuestions,post,1648297420,neutral
tp7s3p,NoStupidQuestions,post,1648338610,neutral
tpaap4,NoStupidQuestions,post,1648347250,neutral
tpnaeg,NotKenM,post,1648397967,negative
t6yzbw,PartyParrot,post,1646446115,negative
tcakm1,Petloss,post,1647067728,neutral
t8kx3s,PewdiepieSubmissions,post,1646642963,neutral
tdw3y1,Philippines,post,1647260058,neutral
trfk6m,Piracy,post,1648582345,negative
tdloie,PrequelMemes,post,1647220754,negative
t40zxf,Rabbits,post,1646114641,neutral
tp5wpo,RedHotChiliPeppers,post,1648332905,neutral
t911dz,SCP,post,1646691205,neutral
tjj3yf,SCP,post,1647888998,negative
tsrgen,SWGalaxyOfHeroes,post,1648699831,negative
tbop0q,SquaredCircle,post,1647000292,neutral
tsu5zv,TooAfraidToAsk,post,1648710610,negative
tsc6x4,TrueChristian,post,1648662770,neutral
t9wzhv,TrueOffMyChest,post,1646791570,negative
t9b3rw,Twitch,post,1646723158,neutral
t7f77g,Warthunder,post,1646503745,neutral
toox34,Watchexchange,post,1648302715,neutral
tjf7oo,WeAreTheMusicMakers,post,1647878667,positive
trg7cs,anime,post,1648583718,neutral
t94y4g,apolloapp,post,1646702490,neutral
tck8k5,argentina,post,1647103282,neutral
tctolp,argentina,post,1647127627,neutral
t6qnmx,atheism,post,1646421608,negative
tbou22,aww,post,1647000830,negative
tgb6vb,bakchodi,post,1647526417,negative
tsrokt,beards,post,1648700659,neutral
tnp4iu,berlin,post,1648224143,neutral
t49igh,beyondthebump,post,1646145966,positive
t3w2lp,books,post,1646099321,negative
tg4bys,bugs,post,1647500996,neutral
trjnh9,cactus,post,1648586428,neutral
t3vzv9,cigars,post,1646099094,positive
td3dhc,creepyPMs,post,1647163940,neutral
ts4omh,dancegavindance,post,1648641116,neutral
td6w39,dankmemes,post,1647177999,negative
tpq0io,dankmemes,post,1648405996,neutral
te5i3v,digitalnomad,post,1647285846,neutral
tbh4b3,dirtypenpals,post,1646970449,negative
tp8q5f,dirtypenpals,post,1648341772,neutral
tqwzd0,discordapp,post,1648550752,positive
tjdocm,dogecoin,post,1647874588,negative
tjdq4c,dogecoin,post,1647874725,negative
tci56g,dropship,post,1647097233,neutral
tmuplr,facepalm,post,1648147270,negative
tqqp9b,florida,post,1648524580,negative
tob3j2,fo4,post,1648258429,negative
t5qn7g,forsen,post,1646310971,neutral
tmloqg,h3h3productions,post,1648139494,negative
tnc41f,help,post,1648175814,neutral
t5azti,iamverybadass,post,1646257449,negative
t5a6hg,ideasfortheadmins,post,1646255090,positive
tev9cf,ideasfortheadmins,post,1647367253,neutral
tivzf0,iphone,post,1647813427,negative
tr4tvc,karma,post,1648568334,negative
thiwxf,logophilia,post,1647648524,negative
ti3rr6,losangeleskings,post,1647720873,neutral
ts00kl,loseit,post,1648621201,neutral
tcitc4,meme,post,1647099198,negative
td99p7,meme,post,1647185362,negative
tnxd8m,mildlyinfuriating,post,1648237460,negative
tdccqy,mildlyinfuriating,post,1647194071,negative
tctgct,mildlyinfuriating,post,1647126908,negative
tmxtsz,minnesotaunited,post,1648149897,positive
tbiun6,modhelp,post,1646976501,neutral
t63rkz,modhelp,post,1646347268,neutral
t6i7wf,modhelp,post,1646398007,neutral
t7z947,modhelp,post,1646575006,neutral
t9s0tp,modhelp,post,1646776745,neutral
tb1igj,modhelp,post,1646927046,negative
tbjucl,modhelp,post,1646980323,neutral
tdxjic,modhelp,post,1647264608,neutral
tf5xn5,modhelp,post,1647394103,neutral
tfocm8,modhelp,post,1647454386,neutral
tg78al,modhelp,post,1647513420,neutral
tg98ay,modhelp,post,1647520591,neutral
tinofi,modhelp,post,1647790570,neutral
tkhnb0,modhelp,post,1647995851,neutral
tmpn8n,modhelp,post,1648142905,neutral
tonzqq,modhelp,post,1648299586,neutral
tq7c1v,modhelp,post,1648467676,neutral
tqgdra,modhelp,post,1648493495,neutral
tqiujz,modhelp,post,1648500129,neutral
tr68tb,modhelp,post,1648570555,negative
tstn0q,modhelp,post,1648708345,neutral
tt3fes,modhelp,post,1648743596,neutral
thv0j7,navyseals,post,1647695858,neutral
t9k385,news,post,1646755546,negative
tru2uj,osugame,post,1648600498,neutral
tscq6l,pennystocks,post,1648664177,negative
t9e4sl,pokemongo,post,1646736241,neutral
tt6gri,pokemongo,post,1648751810,neutral
td5cvn,psg,post,1647172330,negative
tso220,rant,post,1648688600,negative
tk0hgj,redditrequest,post,1647947248,neutral
t59p2b,redditrequest,post,1646253794,neutral
titreq,redditrequest,post,1647807246,neutral
tatrx9,redditrequest,post,1646899008,neutral
t6zu72,redditrequest,post,1646448975,neutral
tcmkg7,redditrequest,post,1647106960,neutral
tcmpka,redditrequest,post,1647107130,neutral
tcmsmi,redditrequest,post,1647107374,neutral
toxz5p,redditrequest,post,1648314325,neutral
tf04pv,redditrequest,post,1647377791,neutral
tknazr,redditrequest,post,1648015201,neutral
tk0hjb,redditrequest,post,1647947258,neutral
tareds,redditrequest,post,1646889804,neutral
tqgadd,redditrequest,post,1648493232,neutral
tdlce4,redditrequest,post,1647219692,neutral
t70pq4,redditrequest,post,1646451970,neutral
trygc4,redditrequest,post,1648615197,neutral
tptirn,redditrequest,post,1648416023,neutral
togs8i,redditrequest,post,1648268609,neutral
tqpqdi,relationship_advice,post,1648521271,neutral
t44dtc,roblox,post,1646128275,negative
tk1pk0,selfharm,post,1647951630,negative
tcwtrd,snapchat,post,1647138005,neutral
t8iiwv,teenagers,post,1646632941,neutral
t4rgsa,teenagers,post,1646194737,neutral
t4xtmv,teenagers,post,1646219195,neutral
tosqbl,teenagers,post,1648308132,neutral
tnyzwi,teenagers,post,1648242052,negative
tf5mq9,teenagers,post,1647393178,negative
tsko9m,tf2,post,1648678254,negative
t5sl9f,tifu,post,1646317152,negative
tgw3e2,trans,post,1647589737,neutral
tssqq0,twinks,post,1648704627,negative
tqr3z0,warriors,post,1648526033,positive
t9rb4l,whatsthisplant,post,1646774789,negative
tghxd6,zen,post,1647544736,neutral
tn9z50,2007scape,post,1648168889,neutral
tjpktt,7daystodie,post,1647906564,neutral
tcai6k,ApplyingToCollege,post,1647067437,neutral
tdyul1,AskOuija,post,1647268353,neutral
tie6py,AskOuija,post,1647754476,neutral
ts44w3,AskOuija,post,1648639144,neutral
to23an,AskReddit,post,1648245476,negative
t636ll,AskReddit,post,1646345684,neutral
trufkc,AskReddit,post,1648601670,negative
tdblsi,AskReddit,post,1647191973,negative
tofox5,AskRedditAfterDark,post,1648264587,negative
tqnqwf,AutoModerator,post,1648514750,neutral
tenh37,Bad_Cop_No_Donut,post,1647346049,negative
t9ntnp,CombatFootage,post,1646765258,negative
tg1tmt,Comcast_Xfinity,post,1647491059,neutral
t4g0uw,CryptoMarkets,post,1646162773,negative
tkfhwn,DID,post,1647989612,neutral
tavn0e,Degrassi,post,1646907410,neutral
tfwcr1,DenverBroncos,post,1647473605,positive
tdmkgh,EnoughCommieSpam,post,1647223602,neutral
t5p0zl,EscapefromTarkov,post,1646305051,negative
taexkr,EscapefromTarkov,post,1646852565,neutral
tf3c7s,FIFA,post,1647386447,negative
tsds10,FanFiction,post,1648666975,negative
tetam4,FireflyFestival,post,1647362712,neutral
t86czt,GRE,post,1646595079,neutral
teld5i,HighQualityGifs,post,1647337940,negative
tbcn65,ITCareerQuestions,post,1646956181,neutral
taeu3r,Jaguars,post,1646852324,neutral
t7tdlp,JustUnsubbed,post,1646550584,negative
t8vvvf,JustUnsubbed,post,1646677815,negative
tcqzxq,JustUnsubbed,post,1647119560,negative
thtiag,JustUnsubbed,post,1647690346,negative
tiyns1,JustUnsubbed,post,1647821278,negative
tjlg0n,JustUnsubbed,post,1647895199,negative
tkw1ce,JustUnsubbed,post,1648048064,negative
tnb1y9,JustUnsubbed,post,1648172388,negative
tpb5qw,JustUnsubbed,post,1648350374,negative
tdrewg,LeagueOfMemes,post,1647241219,negative
tcqfvs,Mcat,post,1647117916,neutral
tik0lq,ModSupport,post,1647779404,negative
t9jncr,ModSupport,post,1646754396,neutral
tdjb6s,NASCAR,post,1647213438,negative
tiz33o,Neuropsychology,post,1647822605,neutral
tbqaic,NewTubers,post,1647005792,neutral
tkkwqo,NoStupidQuestions,post,1648006130,negative
trxpps,OnePunchMan,post,1648612542,negative
tlydk1,Philippines,post,1648098855,neutral
toflbl,Philippines,post,1648264230,negative
te2aau,PremierLeague,post,1647277442,neutral
te9bqm,PublicFreakout,post,1647296197,negative
tt71wf,RLFashionAdvice,post,1648753410,neutral
ts9vpc,RealEstate,post,1648656486,negative
t5ce1p,RoastMe,post,1646261218,neutral
t9j3un,SCJerk,post,1646752928,neutral
tl6m83,SCJerk,post,1648060368,negative
tdpfqk,ShadowBan,post,1647233392,negative
tq2shh,ShadowBan,post,1648447962,neutral
tsjn8y,TheoryOfReddit,post,1648675441,neutral
t86724,TwoXChromosomes,post,1646594613,neutral
to7107,UkrainianConflict,post,1648251404,negative
tiqow4,Vent,post,1647798835,negative
tt4pkm,Vent,post,1648747084,negative
tesf2l,WatchRedditDie,post,1647360367,negative
tk3yk7,WayOfTheBern,post,1647958472,negative
teybgh,WestVirginia,post,1647373734,neutral
ts0hv4,WouldYouRather,post,1648623233,neutral
tjsidy,asexuality,post,1647915455,negative
tjc9hm,autism,post,1647870616,negative
th0vav,aznidentity,post,1647608694,negative
tb3nth,bigfoot,post,1646932753,negative
te4qrq,budgies,post,1647283862,neutral
tjera2,bugs,post,1647877476,neutral
t7iv6r,conspiracy,post,1646514374,negative
t50ofl,conspiracy,post,1646229440,negative
th1ucd,conspiracy,post,1647611597,negative
tqzc2m,deadbydaylight,post,1648559193,neutral
trth8y,discordapp,post,1648598556,neutral
t4h8xw,dubai,post,1646165933,negative
tbjere,dxm,post,1646978614,neutral
ts0zvh,exchristian,post,1648625396,positive
taewfm,facepalm,post,1646852487,neutral
t5eivh,facepalm,post,1646267408,negative
tjjkrv,funny,post,1647890219,negative
teor3r,gaming,post,1647350125,neutral
tep14f,gaming,post,1647350959,negative
tjl1vc,gtaglitches,post,1647894150,neutral
ttbxs1,h3h3productions,post,1648766961,neutral
tkjfd4,halo,post,1648001325,neutral
tiqqbe,halo,post,1647798947,negative
tiqvd6,halo,post,1647799312,negative
tbh4ib,help,post,1646970467,neutral
t471aq,help,post,1646138396,negative
trc1av,ideasfortheadmins,post,1648577446,neutral
t711qp,india,post,1646453111,neutral
tj6gca,infj,post,1647849271,neutral
tnkv6c,interestingasfuck,post,1648211415,neutral
tllnf4,leagueoflegends,post,1648078605,negative
tlltlc,leagueoflegends,post,1648078848,neutral
tllyx0,leagueoflegends,post,1648079023,negative
tlm5bx,leagueoflegends,post,1648079160,negative
t5sdut,memes,post,1646316544,neutral
tgn9am,memes,post,1647559271,neutral
t8m8on,memes,post,1646648667,neutral
tdpw3n,mildlyinfuriating,post,1647235088,negative
tp1eay,miraculousladybug,post,1648323750,negative
tcwr15,modhelp,post,1647137738,neutral
tlk3dk,modhelp,post,1648077005,neutral
tfojeg,norge,post,1647454890,neutral
thofjy,paypal,post,1647667630,negative
tq90l4,pittsburgh,post,1648473177,neutral
tetcl0,police,post,1647362856,negative
tt1hd2,popheads,post,1648738299,positive
t6xv6m,pussypassdenied,post,1646442439,negative
t83s6w,questions,post,1646588017,neutral
t83xm4,questions,post,1646588429,neutral
tjyi0n,questions,post,1647938818,neutral
tq79im,questions,post,1648467411,negative
tp8r4k,quityourbullshit,post,1648341866,negative
tj3fcq,raisedbynarcissists,post,1647836776,negative
tt7b5f,raleigh,post,1648754124,neutral
tayckp,redditrequest,post,1646917869,neutral
tksd64,redditrequest,post,1648036950,neutral
tc94wd,redditrequest,post,1647062072,neutral
tftjzo,redditrequest,post,1647465844,neutral
t7r65s,redditrequest,post,1646541634,neutral
t6mu4c,redditrequest,post,1646411419,neutral
teavx8,redditrequest,post,1647300551,negative
t9ref0,redditrequest,post,1646775038,neutral
tt5zli,redditrequest,post,1648750541,neutral
tcnb5n,redditrequest,post,1647108820,neutral
t4cpfm,redditrequest,post,1646154289,neutral
thri48,redditrequest,post,1647681602,neutral
tq7dik,redditrequest,post,1648467831,neutral
tjspqr,redditrequest,post,1647916088,neutral
tnnuao,redditrequest,post,1648220470,neutral
t6gcwn,redditrequest,post,1646390978,neutral
tkpaz6,redditrequest,post,1648024111,neutral
tdnhyd,redditrequest,post,1647226678,neutral
tbv9xv,redditrequest,post,1647019968,neutral
tpqswn,redditrequest,post,1648408237,neutral
tdwcd0,religion,post,1647260881,negative
tgqgf9,religion,post,1647568817,neutral
tcrw7c,roblox,post,1647122251,negative
tcrz1z,roblox,post,1647122478,negative
t7byu7,roblox,post,1646494649,negative
t90c61,roblox,post,1646689391,negative
t97lcx,roblox,post,1646710672,neutral
tbk4ke,roblox,post,1646981427,neutral
tlnjdm,roblox,post,1648080865,neutral
thmkng,runescape,post,1647660565,neutral
tns9z2,shittydarksouls,post,1648229136,negative
tap8qq,sociopath,post,1646882428,negative
tais52,swordartonline,post,1646863219,neutral
tqv6wo,teenagers,post,1648542815,negative
tasdk5,teenagers,post,1646893417,neutral
tgt3se,teenagers,post,1647577440,negative
tgy5cm,teenagers,post,1647598788,neutral
tablrb,texas,post,1646843445,neutral
tsww9m,tf2,post,1648723067,negative
t9vqvm,thebachelor,post,1646787632,neutral
tqz9v8,topofreddit,post,1648558997,negative
tjrhpc,trashy,post,1647912337,negative
t7bkve,ukraine,post,1646493500,neutral
t64vvl,ukraine,post,1646350462,neutral
tpvfe2,ukraine,post,1648421816,neutral
traug3,ukraine,post,1648576410,neutral
t5n2zs,ukraine,post,1646296754,positive
tt2kgo,unpopularopinion,post,1648741248,negative
t7j4ar,uwaterloo,post,1646515162,neutral
tn3dk9,vancouver,post,1648154524,negative
tjc903,vegancirclejerk,post,1647870578,neutral
tft2io,wallstreetbets,post,1647464519,neutral
tf711c,war,post,1647397485,negative
tbuvce,witchcraft,post,1647018863,neutral
taqmol,2007scape,post,1646887104,negative
tchu59,AMA,post,1647096312,negative
td9721,AcademicBiblical,post,1647185134,neutral
tknkd4,Aleague,post,1648016309,neutral
tee3sv,AskModerators,post,1647310206,neutral
tee6o2,AskModerators,post,1647310446,neutral
t5zbwm,AskModerators,post,1646335139,neutral
t4t69q,AskReddit,post,1646200354,neutral
t9uoof,AskReddit,post,1646784382,negative
t4j0kp,AskReddit,post,1646170500,neutral
t4sgjl,AskReddit,post,1646197930,neutral
tlvx49,AskReddit,post,1648090333,neutral
tlvxgw,AskReddit,post,1648090366,neutral
tlvxo7,AskReddit,post,1648090387,neutral
tlvych,AskReddit,post,1648090447,neutral
tjkild,BostonBruins,post,1647892734,neutral
tjklwf,BostonBruins,post,1647892956,neutral
tjkxre,BostonBruins,post,1647893843,neutral
tmetml,CasualUK,post,1648133166,positive
t65ehl,ClashOfClans,post,1646351962,negative
t65gel,ClashOfClans,post,1646352098,neutral
t8qeox,Comcast_Xfinity,post,1646663304,neutral
tfi7wk,Comcast_Xfinity,post,1647438913,neutral
tiboag,CreditCards,post,1647745199,neutral
thtrnq,DeadBedrooms,post,1647691372,positive
tndivu,DotA2,post,1648180759,neutral
tb07z6,Fitness,post,1646923432,negative
tb8h29,Grimes,post,1646945425,negative
tcimdq,Grimes,post,1647098633,negative
tp90v7,Kentucky,post,1648342808,negative
tp9z8m,Kentucky,post,1648346126,negative
tsar34,Mcat,post,1648658855,negative
tkfuj7,Morrowind,post,1647990586,neutral
tk539j,Netherlands,post,1647961656,negative
tbgz64,OnePiece,post,1646969989,positive
t9c06o,Philippines,post,1646726855,neutral
t6prtz,PokemonGoSpoofing,post,1646419241,negative
tpikxn,Rants,post,1648382758,negative
tbn2ek,SquaredCircle,post,1646993681,neutral
tna5f6,Stargate,post,1648169454,neutral
td3ob2,TheWalkingDeadGame,post,1647165230,neutral
tdpt9l,ToolBand,post,1647234779,positive
t71fqi,TrueOffMyChest,post,1646454505,negative
tf4z72,UCSC,post,1647391189,negative
tfqdem,UCSC,post,1647458363,negative
tdc1bv,abandoned,post,1647193200,neutral
t9rck1,apple,post,1646774895,negative
td7g4t,battletech,post,1647179814,neutral
t64f6e,bimbofication,post,1646349097,negative
t7vb71,blackmagicfuckery,post,1646559155,negative
te0c9k,bugs,post,1647272439,neutral
tdygc8,cat_girls,post,1647267238,negative
teuirt,churningcanada,post,1647365522,neutral
tb1jy5,crossdressing,post,1646927156,neutral
tifmxd,crossdressing,post,1647760732,negative
tqfkch,crossdressing,post,1648491261,negative
tn8jn5,datingoverthirty,post,1648164503,positive
tdqc3s,ddlg,post,1647236854,neutral
tbnxak,de,post,1646997276,neutral
t82431,depression,post,1646583446,negative
ttavwy,discordapp,post,1648763920,neutral
trt9p1,exchristian,post,1648597906,neutral
trh86p,feminineboys,post,1648584319,neutral
tfpwrw,gamecollecting,post,1647457667,neutral
te1v6q,gameofthrones,post,1647276387,neutral
tfh82x,gameofthrones,post,1647435903,neutral
tfsbpr,gameofthrones,post,1647462491,neutral
tk5hm7,gameofthrones,post,1647962754,neutral
t506mz,gso,post,1646227838,positive
t9g59y,gso,post,1646743915,positive
term5k,gso,post,1647358220,positive
tkdl90,gso,post,1647984355,positive
tr10gm,gso,post,1648564133,positive
t91evi,guineapigs,post,1646692201,neutral
tf40hi,halo,post,1647388391,neutral
tgafb4,halo,post,1647524214,negative
tc3smf,help,post,1647043497,neutral
tp340a,help,post,1648325659,neutral
toll1m,hentai,post,1648289929,neutral
tcv0h2,ireland,post,1647131905,negative
tgwsie,japanlife,post,1647592882,neutral
tmewmz,linguistics,post,1648133239,neutral
tbr6g8,mildlyinfuriating,post,1647008481,negative
tm8iku,modhelp,post,1648127210,neutral
t61ce0,modhelp,post,1646340554,neutral
tq93qh,mormon,post,1648473452,neutral
t9wdb3,nursing,post,1646789619,neutral
tp0qcf,onguardforthee,post,1648322432,neutral
t7uxo1,ontario,post,1646557459,neutral
t67qj9,options,post,1646359108,neutral
to97o0,podcasting,post,1648253495,positive
t6kt0v,preppers,post,1646405946,negative
tjhvj2,r4r,post,1647885766,neutral
t9pq0s,raisedbyborderlines,post,1646770342,neutral
t3yg2q,redditrequest,post,1646106344,neutral
t4f4wm,redditrequest,post,1646160497,neutral
t5ua5j,redditrequest,post,1646321852,neutral
tgj6pw,redditrequest,post,1647548156,positive
thnh5x,redditrequest,post,1647663844,neutral
t6qje1,redditrequest,post,1646421277,neutral
tk7ule,redditrequest,post,1647969071,neutral
tb19f6,redditrequest,post,1646926382,neutral
td9u53,redditrequest,post,1647187053,neutral
ted2et,redditrequest,post,1647307013,neutral
tq7tqa,redditrequest,post,1648469326,negative
t777u4,redditrequest,post,1646478264,neutral
t9ygby,redditrequest,post,1646796311,neutral
tr09rv,redditrequest,post,1648562027,neutral
tbillm,relationship_advice,post,1646975547,neutral
tgu3vt,sadboys,post,1647581265,positive
tohc5m,shittydarksouls,post,1648270811,neutral
tohwqu,shittydarksouls,post,1648273184,negative
tedwaw,tacticalgear,post,1647309579,neutral
tpa1jd,tacticalgear,post,1648346366,neutral
tb8s0q,teenagers,post,1646946237,negative
tj7igc,teenagers,post,1647853713,negative
tioog0,teenagers,post,1647793374,negative
t6i5ct,teenagers,post,1646397763,negative
t6pxlr,teenagers,post,1646419671,negative
toj90b,teenagers,post,1648279196,negative
tqm0sc,tifu,post,1648509298,negative
tbvs6v,transgendercirclejerk,post,1647021289,negative
toxtx2,transgendercirclejerk,post,1648313926,negative
tgjk4n,traps,post,1647549151,positive
tqtodw,traps,post,1648536070,negative
t6k56v,ukraine,post,1646404059,neutral
tnvkvr,ukraine,post,1648232938,neutral
t65uas,unpopularopinion,post,1646353230,negative
t8z6nm,unpopularopinion,post,1646686390,negative
tkzxqf,wholesomememes,post,1648053357,negative
t8423z,wicked_edge,post,1646588772,neutral
t85zd1,wicked_edge,post,1646594017,negative
tlqes2,30ROCK,post,1648083891,neutral
tp580q,AFL,post,1648332107,neutral
tdlbfz,AmItheAsshole,post,1647219614,negative
tl8trw,AmItheAsshole,post,1648062928,negative
tl9020,AmItheAsshole,post,1648063391,negative
toabsg,AmItheAsshole,post,1648257176,neutral
toacto,AmItheAsshole,post,1648257274,neutral
tikoxa,Anxiety,post,1647781711,neutral
tpcdbp,ApplyingToCollege,post,1648354991,positive
ti2osv,AskReddit,post,1647717834,neutral
t7phhy,AskReddit,post,1646535640,neutral
telchw,AskReddit,post,1647337859,negative
telve8,AskReddit,post,1647340013,negative
teyqk8,AskReddit,post,1647374408,negative
tez5mi,AskReddit,post,1647375343,negative
tgoq0m,AskReddit,post,1647563543,negative
tgoru0,AskReddit,post,1647563695,negative
tqep5c,AskReddit,post,1648488918,neutral
tf30rh,AskReddit,post,1647385558,negative
tifbim,AskWomen,post,1647759306,neutral
td270r,Barcelona,post,1647158793,neutral
tea8g9,BitcoinBeginners,post,1647298722,neutral
tt3bbn,CPTSD,post,1648743283,negative
tqq09c,Cricket,post,1648522214,neutral
ts43s7,Damnthatsinteresting,post,1648639034,negative
t6qka1,DanLeBatardShow,post,1646421347,neutral
tr4z9b,Fallout,post,1648568748,neutral
tdc2t9,FalloutMods,post,1647193305,negative
t8fk71,FanFiction,post,1646622362,neutral
tjh0ii,FantasyPL,post,1647883475,neutral
t52o89,GlobalOffensive,post,1646235165,neutral
t89oil,GoNets,post,1646604243,negative
tcv6bv,HalfLife,post,1647132464,negative
t8mvwv,JustUnsubbed,post,1646651333,negative
t8gjdw,KingOfTheHill,post,1646625661,neutral
tt86xw,Learnmusic,post,1648756572,neutral
tb8wpy,Libertarian,post,1646946586,negative
tbruvd,MemeEconomy,post,1647010548,neutral
te22qo,ModSupport,post,1647276918,neutral
tbkjtk,ModSupport,post,1646983132,neutral
t41e9i,ModSupport,post,1646116059,neutral
tb4v57,NoSleepOOC,post,1646936044,neutral
tjy6e8,NoStupidQuestions,post,1647937340,negative
tjuvbs,OnePiece,post,1647923459,positive
t81zg4,OpTicGaming,post,1646583082,neutral
t5jw74,Paladins,post,1646284302,neutral
tt8t2h,PersonalFinanceCanada,post,1648758236,neutral
tefaui,Philippines,post,1647313872,neutral
tiw4ex,Portland,post,1647813803,neutral
to9f87,Repsneakers,post,1648254176,neutral
tbzptr,Rowing,post,1647031640,neutral
tmw8mo,SeriousConversation,post,1648148526,negative
ta1uki,ShingekiNoKyojin,post,1646808324,neutral
tkzxek,SquaredCircle,post,1648053351,negative
tnw2sm,Tacoma,post,1648233744,negative
tbiu7q,TrueOffMyChest,post,1646976450,negative
tnka1p,TrueOffMyChest,post,1648209344,neutral
ta2c16,TrueOffMyChest,post,1646810322,negative
tq80ro,TwoSentenceHorror,post,1648469916,negative
tnbz7k,TwoSentenceHorror,post,1648175385,negative
t6nmqu,UKPersonalFinance,post,1646413519,negative
tnc1i5,UPenn,post,1648175579,neutral
tnax4l,USMCboot,post,1648171954,neutral
t5avoc,UVA,post,1646257139,negative
tc4et9,Unexpected,post,1647045466,neutral
tf4scv,UpliftingNews,post,1647390620,negative
tskvp1,Vaping,post,1648678843,neutral
tf4ilz,VinylCollectors,post,1647389830,neutral
timhoh,WWEGames,post,1647787204,negative
tbcnmg,Warthunder,post,1646956217,neutral
t4pttl,Whatcouldgowrong,post,1646189705,negative
trh4v2,airsoft,post,1648584259,neutral
t571hg,aliens,post,1646246682,negative
tlxiae,aliens,post,1648095641,negative
terwwz,arcadefire,post,1647359020,neutral
tfviih,askTO,post,1647471212,negative
tg9usx,berlinsocialclub,post,1647522494,negative
t6ti33,binance,post,1646429521,negative
tghuct,bindingofisaac,post,1647544503,neutral
tlbzws,bindingofisaac,post,1648066257,neutral
t9fb41,boobbounce,post,1646740895,neutral
te9xs7,cars,post,1647297876,negative
tp7o5c,classicwow,post,1648338238,negative
tkgo2u,conspiracy,post,1647992906,negative
tfak9a,deadbydaylight,post,1647409756,neutral
tj7jb0,dirtypenpals,post,1647853811,neutral
tjx9ss,dirtypenpals,post,1647933276,neutral
tkgzqs,dirtypenpals,post,1647993846,neutral
tl4w8v,discgolf,post,1648059024,negative
tor5i7,dogs,post,1648304927,negative
tgbxef,fitnesscirclejerk,post,1647528539,neutral
t5awul,foxholegame,post,1646257219,neutral
tpk8dr,france,post,1648388668,negative
tpk9d6,france,post,1648388757,negative
trzs9k,goldenretrievers,post,1648620298,negative
t924cz,gonewild,post,1646694082,neutral
tp9suc,heat,post,1648345481,negative
tc1tpv,help,post,1647037591,negative
tnc12s,iRacing,post,1648175540,negative
taxy1y,infp,post,1646916535,neutral
t6nats,karma,post,1646412668,neutral
t678t0,katawashoujo,post,1646357544,neutral
t6gfze,leagueoflegends,post,1646391352,negative
tgannx,legaladvice,post,1647524898,negative
t7kdb1,linux,post,1646518938,negative
tn09fp,magicthecirclejerking,post,1648151916,neutral
t5syog,meme,post,1646318226,neutral
t9f61f,meme,post,1646740398,neutral
t8s31u,memes,post,1646667924,negative
tev2ui,mentalhealth,post,1647366988,neutral
td2hia,mildlyinfuriating,post,1647160091,negative
tcb4o1,mildlyinfuriating,post,1647070121,neutral
td1icu,mildlyinfuriating,post,1647155793,negative
tsz3o7,modhelp,post,1648731245,neutral
tatdkf,modhelp,post,1646897365,neutral
tddxc9,modhelp,post,1647198412,neutral
t7tcri,modhelp,post,1646550482,neutral
t7cqb4,modhelp,post,1646496763,neutral
t54j3e,nba,post,1646240153,neutral
tdhfnm,neoliberal,post,1647208067,neutral
tt8ggs,offmychest,post,1648757282,positive
t802il,opiates,post,1646577520,neutral
t6u8ks,pussypassdenied,post,1646431570,negative
td5ytw,recruitinghell,post,1647174680,neutral
tc1xa5,redditrequest,post,1647037875,neutral
timjrp,redditrequest,post,1647787367,neutral
teiagm,redditrequest,post,1647324427,neutral
td8p0u,redditrequest,post,1647183647,neutral
t4f8vc,redditrequest,post,1646160787,neutral
tfu0yk,redditrequest,post,1647467129,neutral
trqq34,redditrequest,post,1648592565,neutral
tqaoeb,redditrequest,post,1648478093,neutral
t71ufd,redditrequest,post,1646455972,neutral
tkjjmb,redditrequest,post,1648001701,neutral
t701yd,redditrequest,post,1646449697,neutral
tibfq9,redditrequest,post,1647744359,neutral
tskfxj,redditrequest,post,1648677620,neutral
tg16d3,redditrequest,post,1647488786,neutral
t8td7b,redditrequest,post,1646671322,neutral
t5kgoq,redditrequest,post,1646286315,neutral
ts4iip,redditrequest,post,1648640505,neutral
tlx7a0,redditrequest,post,1648094576,neutral
tj14p5,redditrequest,post,1647829056,neutral
tb6fdi,redrising,post,1646939883,neutral
taf3xr,roblox,post,1646853058,negative
t4pfy9,rugbyunion,post,1646188537,neutral
tdk18u,runescape,post,1647215628,neutral
toj0qk,shittydarksouls,post,1648278105,neutral
tnvivt,shittydarksouls,post,1648232775,negative
tgr5fk,skyrim,post,1647570979,negative
taj0sa,soccercirclejerk,post,1646863886,positive
t9pe3x,spotify,post,1646769462,neutral
t63zn8,teenagers,post,1646347896,negative
t7jgw3,teenagers,post,1646516208,neutral
tdhtt0,teenagers,post,1647209161,positive
tci7mu,teenagers,post,1647097429,neutral
t4wjtz,teenagers,post,1646213758,neutral
tidoyg,thalassophobia,post,1647752574,negative
tngjzm,thefighterandthekid,post,1648193098,neutral
tip5c2,thefighterandthekid,post,1647794677,neutral
tb68c8,therewasanattempt,post,1646939456,neutral
tc6wg5,thesopranos,post,1647053961,negative
tc6ws3,thesopranos,post,1647053991,negative
tc6xlo,thesopranos,post,1647054055,negative
tnbtcj,uberdrivers,post,1648174857,negative
t6f1yv,ukraine,post,1646385257,neutral
tqexiz,ukraine,post,1648489535,neutral
t7aoah,unpopularopinion,post,1646490773,negative
tsozs1,unpopularopinion,post,1648691641,negative
tjk17b,uvic,post,1647891448,neutral
toy43f,vexillologycirclejerk,post,1648314715,negative
t7dn2v,vita,post,1646499344,negative
ts78fo,windows,post,1648649218,neutral
tgz48c,yandere_simulator,post,1647602667,neutral
ta9xcc,2busty2hide,post,1646838819,neutral
tatnw9,2busty2hide,post,1646898552,neutral
tawy28,2busty2hide,post,1646912849,neutral
tb0uof,2busty2hide,post,1646925224,neutral
trg16v,ADHD,post,1648583605,negative
tl9ryc,ApplyingToCollege,post,1648064300,neutral
tnm7tw,AskReddit,post,1648215753,negative
tnmzd2,AskReddit,post,1648218033,negative
t8y1ty,Austria,post,1646683438,neutral
tacqtx,Barca,post,1646846494,neutral
tt6vt2,Bellingham,post,1648752945,neutral
tjs05u,Bumble,post,1647913894,neutral
t9luos,ContestOfChampions,post,1646760077,negative
tb2c8q,Dabs,post,1646929304,negative
t7vppr,Destiny,post,1646560900,neutral
t6weue,DoesAnybodyElse,post,1646437909,negative
tart86,EngineeringStudents,post,1646891332,neutral
tm384o,FantasyPL,post,1648119323,neutral
tiq36d,FemBoys,post,1647797188,negative
t6okpi,GERD,post,1646416049,negative
tsb8bt,HVAC,post,1648660132,negative
t5oxko,IKEA,post,1646304664,neutral
tna60l,IRLgirls,post,1648169508,neutral
tffpsw,ModSupport,post,1647431018,negative
trvqp3,ModSupport,post,1648605957,negative
tctj23,ModSupport,post,1647127139,negative
tkkp5a,NoFap,post,1648005470,neutral
tmg46y,NoFap,post,1648134773,negative
tkkzsl,NoSleepOOC,post,1648006407,negative
tj99s6,NoStupidQuestions,post,1647860835,neutral
tad0wv,NoStupidQuestions,post,1646847257,neutral
t92ubu,NoStupidQuestions,post,1646696119,negative
tawr4j,PSNFriends,post,1646912093,negative
tawrkl,PSNFriends,post,1646912142,negative
ti7lyn,Philippines,post,1647731924,negative
tqzgco,Rainbow6,post,1648559569,negative
t4xpvh,RelayForReddit,post,1646218808,neutral
tk845t,Repsneakers,post,1647969799,negative
tadk0n,Repsneakers,post,1646848741,negative
tbj4wb,Repsneakers,post,1646977591,neutral
thdr0o,Repsneakers,post,1647633640,neutral
tj1q9t,Repsneakers,post,1647831041,negative
tog0hf,Repsneakers,post,1648265748,neutral
tsjyrk,Repsneakers,post,1648676310,neutral
tsmto3,Retconned,post,1648684674,neutral
tcrrch,Seaofthieves,post,1647121845,negative
tpre2l,Socialism_101,post,1648409900,negative
t4p0pw,Staples,post,1646187256,negative
tqhj28,SubredditDrama,post,1648496545,negative
ti7ta1,TheCinemassacre,post,1647732559,negative
tn3qzn,TrueOffMyChest,post,1648154952,negative
tks6fz,TrueOffMyChest,post,1648036406,negative
tpsygj,Twitch,post,1648414397,neutral
taqom0,UkrainianConflict,post,1646887289,neutral
t8pwmo,WEPES,post,1646661796,neutral
tq0smo,WatchPeopleDieInside,post,1648440253,neutral
tebadw,ask,post,1647301733,negative
tkenzj,asktransgender,post,1647987292,neutral
trs34x,boston,post,1648594326,neutral
tdxwgm,breakingbad,post,1647265694,negative
tdxxfp,breakingbad,post,1647265772,negative
tp8dkd,cats,post,1648340590,neutral
tnh52u,communism101,post,1648195872,neutral
tg9ruo,conspiracy,post,1647522246,neutral
tn67y9,dankmemes,post,1648157859,negative
tomezd,dankmemes,post,1648293590,negative
tgjl26,dankmemes,post,1647549219,neutral
thvmys,darkjokes,post,1647697939,neutral
t4wte1,discordapp,post,1646214938,neutral
t69c0o,dndnext,post,1646364145,negative
t6z748,ethdev,post,1646446841,neutral
tc95uk,exchristian,post,1647062182,neutral
tgfcr9,fnafcringe,post,1647537800,negative
t9cbq4,formula1,post,1646728276,positive
tkybd2,formula1,post,1648051768,neutral
togdd8,formula1,post,1648267074,neutral
tspwcw,formula1,post,1648694573,negative
tebfbo,government,post,1647302143,neutral
t6d2cz,gtaonline,post,1646377071,neutral
t7gl8i,guitarcirclejerk,post,1646507732,negative
t9h54r,guitarcirclejerk,post,1646747171,neutral
tghw0a,guitarcirclejerk,post,1647544631,negative
tgi14k,guitarcirclejerk,post,1647545032,negative
trx6np,guitarcirclejerk,post,1648610702,negative
tsw19a,help,post,1648719219,negative
t85auz,help,post,1646592134,neutral
t617co,houseplants,post,1646340163,neutral
tj6htd,infj,post,1647849448,negative
t8rncd,keto,post,1646666744,neutral
tksvr3,legaladvice,post,1648038742,neutral
tq4wuc,meme,post,1648457369,negative
tp4vl9,memes,post,1648331058,neutral
t3un5l,memes,post,1646095061,neutral
tatwx9,modhelp,post,1646899579,neutral
tfok9f,nfl,post,1647454955,negative
t3w580,nomanshigh,post,1646099536,negative
tjfgf9,offmychest,post,1647879312,negative
tglrxy,offmychest,post,1647555101,negative
ta94r8,pokemon,post,1646836521,negative
tk9orn,raleigh,post,1647973945,neutral
tdfjmx,rape,post,1647202887,neutral
t4tc6x,redditrequest,post,1646200894,neutral
teixpg,redditrequest,post,1647327121,negative
t5g97s,redditrequest,post,1646272686,neutral
tlxpcf,redditrequest,post,1648096351,neutral
tpx57u,redditrequest,post,1648427571,neutral
tek7n4,redditrequest,post,1647332785,neutral
tohth3,redditrequest,post,1648272790,neutral
t6j2jb,redditrequest,post,1646400824,neutral
thw360,redditrequest,post,1647699321,neutral
tcx6of,redditrequest,post,1647139265,neutral
tnlg6q,redditrequest,post,1648213357,neutral
tt22ho,redditrequest,post,1648739878,neutral
tepqbo,redditrequest,post,1647353035,neutral
teptkx,redditrequest,post,1647353282,neutral
tilbes,redditrequest,post,1647783688,neutral
tbtmyy,redditrequest,post,1647015513,neutral
t6ntlq,redditrequest,post,1646414044,neutral
t6pjw8,redditrequest,post,1646418652,neutral
tq9lsv,redditrequest,post,1648474981,neutral
tkb7id,redsox,post,1647978017,neutral
t8dqys,science,post,1646616495,negative
tipbjm,teenagers,post,1647795146,negative
tnpywr,teenagers,post,1648225841,neutral
tc6csm,teenagers,post,1647052032,neutral
t913cj,teenagers,post,1646691354,neutral
t6dorp,teenagers,post,1646379529,negative
tgw0h0,teenagers,post,1647589369,neutral
t7d284,thisisus,post,1646497722,negative
tkecuo,transgendercirclejerk,post,1647986443,negative
tj4dqn,whatsthisbug,post,1647840506,negative
tg1a26,whiteknighting,post,1647489136,positive
tp98j9,xbox,post,1648343530,neutral
tip0lk,ADHD,post,1647794321,negative
tayw2w,AMA,post,1646919659,negative
t55qaf,AgainstHateSubreddits,post,1646243238,negative
tez2ge,AgainstHateSubreddits,post,1647375105,negative
t549n2,AmItheAsshole,post,1646239469,neutral
tj9lti,AmItheAsshole,post,1647862075,negative
tflb4e,Anarcho_Capitalism,post,1647446292,negative
tk1quy,Anarcho_Capitalism,post,1647951752,negative
tp17k6,ApplyingToCollege,post,1648323600,neutral
tgohmf,AskReddit,post,1647562848,neutral
t5xavb,AskReddit,post,1646329799,neutral
tqg0s5,AskReddit,post,1648492508,negative
tjqenx,AskWomen,post,1647909027,negative
t56547,Assistance,post,1646244293,neutral
t78kd3,BostonBruins,post,1646483733,neutral
tcbhpm,BostonBruins,post,1647071636,neutral
thuvk5,BostonBruins,post,1647695384,neutral
too3bd,BostonBruins,post,1648299898,neutral
tghw4k,BostonBruins,post,1647544641,neutral
tgcwqo,Braves,post,1647531243,neutral
tewpd1,CannabisExtracts,post,1647370189,negative
tewqt5,CannabisExtracts,post,1647370294,negative
t92vsc,CombatFootage,post,1646696235,neutral
t42vy6,CrazyIdeas,post,1646121892,neutral
tcjhx1,CysticFibrosis,post,1647101147,neutral
ti1kfn,DC_Cinematic,post,1647714695,neutral
t934hi,DeadBedrooms,post,1646696937,neutral
tsqfoo,Destiny,post,1648696353,negative
tov7w7,Eyebleach,post,1648310971,neutral
tm1b7u,FanFiction,post,1648111204,neutral
t5mq1t,Fantasy,post,1646295158,neutral
tol9oi,Gamingcirclejerk,post,1648288540,negative
t8b6j6,Gifts,post,1646608528,neutral
t48t9u,IndianGaming,post,1646143972,neutral
tmkkit,Kanye,post,1648138586,neutral
tg7560,LabourUK,post,1647513056,negative
tqsvd1,Libertarian,post,1648532685,neutral
t656sh,Libertarian,post,1646351350,negative
tt86rt,LivestreamFail,post,1648756559,neutral
ts75n0,Lubbock,post,1648648994,neutral
tie07l,MarvelPuzzleQuest,post,1647753761,neutral
tojeoc,MensRights,post,1648279922,neutral
t7t6dg,Minecraft,post,1646549742,negative
t9zp7v,ModSupport,post,1646800550,neutral
tpkjhf,ModSupport,post,1648389613,negative
tfsxgx,ModSupport,post,1647464154,neutral
t6qoc1,ModSupport,post,1646421657,neutral
t66iqt,ModSupport,post,1646355317,neutral
tt9ovn,ModSupport,post,1648760587,neutral
tnl7tr,NoStupidQuestions,post,1648212626,neutral
tc2w8s,NoStupidQuestions,post,1647040681,negative
tj6d74,OnePiece,post,1647848891,neutral
tjqj0d,OnePiece,post,1647909392,positive
tjxtlb,OnePiece,post,1647935747,negative
tka9th,OnePiece,post,1647975527,neutral
tlfs3e,OnePiece,post,1648070542,neutral
t8fkge,Paranormal,post,1646622384,neutral
t402ld,PokemonTCG,post,1646111464,neutral
tn1751,RoastMe,post,1648152683,neutral
toitwp,RoastMe,post,1648277262,negative
te71zl,SCJerk,post,1647289948,negative
tic8bn,Seaofthieves,post,1647747187,negative
t3uw6s,ShadowBan,post,1646095817,neutral
tkeelm,ShadowBan,post,1647986566,neutral
tcyzow,Spore,post,1647145822,neutral
t5ohzq,Switzerland,post,1646302860,neutral
tggd2o,TheCinemassacre,post,1647540552,neutral
tiol8a,TheWire,post,1647793132,positive
tj93ei,TheWire,post,1647860215,negative
tr96hr,TooAfraidToAsk,post,1648573061,neutral
tdmnv6,TopMindsOfReddit,post,1647223915,negative
t852bj,TrueOffMyChest,post,1646591483,negative
trw63m,TrueSTL,post,1648607340,negative
t7bjl9,UKPersonalFinance,post,1646493387,negative
t91yia,UkrainianConflict,post,1646693645,neutral
t5y0w1,Vent,post,1646331657,neutral
td4wl0,Vent,post,1647170472,neutral
taez01,WTF,post,1646852674,negative
tkcnix,WorldofTanks,post,1647981873,neutral
tj93d8,askdrugs,post,1647860211,neutral
tmxfor,attackontitan,post,1648149543,negative
thxkfz,australia,post,1647703678,negative
tq2b68,australia,post,1648445953,negative
t5xii7,autism,post,1646330331,neutral
tnsnv3,autism,post,1648229618,positive
t52fwm,baseballcards,post,1646234520,neutral
t6udks,bimbofication,post,1646431966,negative
tjuke4,cats,post,1647922309,neutral
tiwbxt,childfree,post,1647814417,positive
tdkwvj,confessions,post,1647218342,neutral
titf6e,conspiracy,post,1647806352,negative
t62k01,csgo,post,1646343954,negative
t5zi1j,dankmemes,post,1646335599,positive
tki6hw,dankmemes,post,1647997484,negative
tkirgl,dankmemes,post,1647999268,negative
tp532f,deadbydaylight,post,1648331698,neutral
tph7xq,deadbydaylight,post,1648376966,neutral
tcsetm,dirtypenpals,post,1647123796,negative
thrqsk,dirtypenpals,post,1647682721,negative
tem0n5,discordapp,post,1647340598,neutral
tcoa7y,discordapp,post,1647111651,neutral
t8hzmz,dxm,post,1646630945,positive
tlvl8k,ethtrader,post,1648089308,neutral
t570o1,factorio,post,1646246617,negative
tt815d,fairytail,post,1648756125,neutral
t8a6gn,farmingsimulator,post,1646605619,neutral
tif2d8,flashcarts,post,1647758140,neutral
tdzyj4,france,post,1647271409,neutral
tet894,france,post,1647362541,negative
tek5bu,ftm,post,1647332485,negative
tp1l9c,funny,post,1648323957,negative
tl8ms6,gatekeeping,post,1648062433,neutral
t47ha0,geopolitics,post,1646139875,neutral
tg7b8g,h3h3productions,post,1647513729,neutral
t8fn23,halo,post,1646622621,neutral
td17oq,help,post,1647154547,neutral
t5sq5q,horizon,post,1646317532,negative
tkr46h,houseplants,post,1648032319,negative
tindgq,hungary,post,1647789691,negative
tetgjw,ideasfortheadmins,post,1647363143,neutral
ta34cx,islam,post,1646813630,neutral
tr52wk,karma,post,1648569030,neutral
tn86n1,karma,post,1648163414,negative
tqlpbc,lgbt,post,1648508323,neutral
tfo3d4,mcgill,post,1647453691,neutral
tjiras,mildlyinfuriating,post,1647888060,negative
th0cuc,mildlyinfuriating,post,1647607118,neutral
thjso3,mildlyinfuriating,post,1647651274,negative
tiyht2,modhelp,post,1647820805,negative
t51ugi,nier,post,1646232904,negative
tpniso,redditrequest,post,1648398654,neutral
t5et41,redditrequest,post,1646268273,neutral
t79f31,redditrequest,post,1646486797,negative
t9zuv3,redditrequest,post,1646801106,neutral
tnplmg,redditrequest,post,1648225420,neutral
tt690u,redditrequest,post,1648751239,neutral
tppqxt,redditrequest,post,1648405192,neutral
tt0kd4,redditrequest,post,1648735678,neutral
t71ili,redditrequest,post,1646454785,neutral
teff9r,redditrequest,post,1647314254,neutral
tnmahq,redditrequest,post,1648215985,neutral
tnxq54,redditrequest,post,1648238449,neutral
tiufo7,redditrequest,post,1647809102,neutral
tiukpu,redditrequest,post,1647809485,neutral
tddjqh,reptiles,post,1647197383,neutral
tq58xc,saudiarabia,post,1648458843,negative
tookik,shittydarksouls,post,1648301536,negative
toyhco,shittydarksouls,post,1648315796,negative
t5j8uy,singularity,post,1646282105,negative
th3siv,skyrimmods,post,1647616874,positive
thk1wj,skyrimmods,post,1647652053,neutral
tmu500,skyrimmods,post,1648146769,neutral
tbd1gn,smoking,post,1646957364,neutral
tss79p,straya,post,1648702555,neutral
t9m43r,teenagers,post,1646760752,neutral
tdtq9o,teenagers,post,1647251034,negative
t55jng,teenagers,post,1646242766,negative
tm1gp4,teenagers,post,1648111882,negative
t80i8c,teenagers,post,1646578850,neutral
th9pyt,teenagers,post,1647626273,negative
t4ubu5,teenagers,post,1646204545,negative
t7th3j,teenagers,post,1646550997,neutral
t9hogz,test,post,1646748784,neutral
tshs54,tf2,post,1648671435,negative
tddw7c,tulsi,post,1647198327,negative
tp73o0,uberdrivers,post,1648336343,neutral
to70w3,ukraine,post,1648251401,neutral
taisef,ukraine,post,1646863240,negative
tplvqe,ukraine,post,1648393807,neutral
t5w3rw,ukraine,post,1646326745,neutral
t6m2i7,ukraine,post,1646409384,negative
t4liky,ukraine,post,1646177103,negative
tao95h,ukraine,post,1646879314,positive
tdezpz,ukraine,post,1647201399,neutral
t47smi,ukraine,post,1646140910,neutral
t47xbl,ukraine,post,1646141350,neutral
t4b532,ukraine,post,1646150271,neutral
t4ee8m,ukraine,post,1646158618,neutral
tbpo1e,ukraine,post,1647003753,neutral
tputph,unpopularopinion,post,1648419915,positive
t6ee5e,unpopularopinion,post,1646382434,negative
tprtif,unpopularopinion,post,1648411105,negative
tg1jki,warriors,post,1647490059,negative
tgd6hr,warriors,post,1647531973,neutral
t76puz,watch_dogs,post,1646476164,negative
tgiqll,ween,post,1647546940,neutral
tbjdx8,wii,post,1646978520,neutral
tqf61y,AgainstHateSubreddits,post,1648490189,negative
ti9ox5,AskAstrologers,post,1647738480,neutral
tkwmtk,AskReddit,post,1648049709,negative
tkwrca,AskReddit,post,1648050059,negative
tkwv4y,AskReddit,post,1648050344,negative
tss202,AskReddit,post,1648702001,neutral
tswjjb,AskReddit,post,1648721477,negative
t9kzp7,AskReddit,post,1646757856,neutral
tpiscz,AskReddit,post,1648383584,neutral
tan4ol,AskReddit,post,1646875829,neutral
t7ik78,AutoModerator,post,1646513478,negative
t6rwcl,AutoModerator,post,1646425075,neutral
t8rmqj,BabyBumps,post,1646666698,neutral
te3bpm,Bad_Cop_No_Donut,post,1647280160,neutral
te5i04,Bad_Cop_No_Donut,post,1647285840,neutral
t6pco2,CodeGeass,post,1646418127,neutral
tni4rw,CombatFootage,post,1648200597,negative
t7cr2v,Comcast_Xfinity,post,1646496829,neutral
tt1lpj,Comcast_Xfinity,post,1648738635,neutral
tfl6hs,Comcast_Xfinity,post,1647446134,neutral
tld450,Corsair,post,1648067429,negative
tdl44c,FIFA,post,1647218996,neutral
t6p4jd,cummingonfigurines,post,1646417522,negative
t6pdtq,cummingonfigurines,post,1646418208,negative
t6pw06,cummingonfigurines,post,1646419551,negative
t8ycgn,dankmemes,post,1646684197,negative
tnl43x,digimon,post,1648212287,negative
trf8qq,facedownassup,post,1648582019,positive
t5zql8,fivenightsatfreddys,post,1646336257,negative
t6dc5r,fivenightsatfreddys,post,1646378116,negative
ts8dze,fountainpens,post,1648652453,neutral
t8hctz,gradadmissions,post,1646628614,neutral
t93ufe,help,post,1646699175,neutral
tiinxj,help,post,1647774176,neutral
t5etah,imaginarymaps,post,1646268289,neutral
tqclny,india,post,1648483351,neutral
tjwnmy,indonesia,post,1647930671,neutral
ti5kzu,kurdistan,post,1647725984,negative
tg3sbf,lonely,post,1647498679,neutral
t64zbn,memes,post,1646350753,negative
tc4huv,mildlyinfuriating,post,1647045734,negative
tdd096,mildlyinfuriating,post,1647195869,negative
tlczb7,mildlyinfuriating,post,1648067092,negative
tq4vkg,modhelp,post,1648457202,neutral
t90pvo,modhelp,post,1646690396,neutral
trol1n,newjersey,post,1648591255,negative
t7pige,nin,post,1646535734,positive
tp4ni9,osugame,post,1648330377,neutral
tqiavt,philadelphia,post,1648498643,neutral
t9khl1,popping,post,1646756524,neutral
t7wywn,redditmobile,post,1646566472,neutral
tk6ufp,redditrequest,post,1647966404,neutral
tj6asc,redditrequest,post,1647848592,neutral
tia489,redditrequest,post,1647739915,neutral
tsdqf7,redditrequest,post,1648666859,neutral
tf66ag,redditrequest,post,1647394853,neutral
tlzf8a,redditrequest,post,1648103072,neutral
thwqq2,redditrequest,post,1647701314,positive
tgpln2,redditrequest,post,1647566190,neutral
t5i65j,redditrequest,post,1646278608,neutral
t6y994,redditrequest,post,1646443742,neutral
t9xjon,redditrequest,post,1646793398,neutral
t83oo3,redditrequest,post,1646587762,neutral
tpvs3b,redditrequest,post,1648422942,neutral
t4g675,redditrequest,post,1646163168,neutral
tk4b6k,redditrequest,post,1647959505,neutral
t99kks,religion,post,1646717363,negative
te1at3,roblox,post,1647274923,negative
t94lyw,running,post,1646701468,negative
tmtran,sports,post,1648146416,negative
ttd57f,stalker,post,1648770697,positive
tfnfbb,subnautica,post,1647451908,neutral
tq09w0,surrealmemes,post,1648438386,negative
t4w3so,teenagers,post,1646211796,negative
t5xzks,teenagers,post,1646331566,negative
tna3e8,teenagers,post,1648169268,neutral
t6v3ge,teenagers,post,1646434037,neutral
tbi5ur,teenagers,post,1646974007,neutral
tbi6sl,teenagers,post,1646974110,negative
tbi7m3,teenagers,post,1646974193,negative
tf94qj,teenagers,post,1647404428,negative
t53fbq,teenagers,post,1646237234,negative
td9d1y,teenagers,post,1647185640,neutral
tevv6f,HotWheels,post,1647368364,neutral
t7c166,Iceland,post,1646494827,neutral
tnxzwu,Jokes,post,1648239204,neutral
tk5ae9,LeagueOfMemes,post,1647962194,neutral
thq1ta,Mabinogi,post,1647674875,neutral
t5f8i5,MakeNewFriendsHere,post,1646269578,neutral
t7uqtd,MakeNewFriendsHere,post,1646556644,negative
tste1s,MakeNewFriendsHere,post,1648707288,neutral
teqqag,Mavericks,post,1647355835,neutral
togbev,MealPrepSunday,post,1648266870,neutral
tjndw1,ModSupport,post,1647900456,neutral
ts4vim,ModSupport,post,1648641753,neutral
telg9w,ModSupport,post,1647338310,neutral
t6xuq0,NoStupidQuestions,post,1646442404,positive
tl5cr2,Rainbow6,post,1648059367,negative
tcso8v,SCJerk,post,1647124566,neutral
t7e9il,SS13,post,1646501092,neutral
tkrvjx,SS13,post,1648035273,negative
tktr1g,SS13,post,1648041541,negative
tmfo27,Sat,post,1648134153,negative
tptv59,ScarySigns,post,1648417037,negative
texd0j,SocialJusticeInAction,post,1647371770,positive
tk869b,SquaredCircle,post,1647969954,neutral
ta5n5e,TheoryOfReddit,post,1646824681,neutral
t6e1gs,TrueOffMyChest,post,1646380948,negative
tbqef7,TrueOffMyChest,post,1647006148,negative
tb5pf9,Twitter,post,1646938278,neutral
t53hbw,Vent,post,1646237387,negative
tbo9m7,Vent,post,1646998672,negative
tgduk1,Vent,post,1647533756,negative
ti656o,Vent,post,1647727571,negative
ti6bke,Vent,post,1647728089,negative
tryxvb,Vent,post,1648617001,negative
tskv9j,Vent,post,1648678809,negative
tb1qcl,Warthunder,post,1646927653,positive
tm2tql,WatchRedditDie,post,1648117746,negative
t5vxml,adorableporn,post,1646326313,neutral
t5osea,amateur_milfs,post,1646304051,neutral
t78u5i,arizona,post,1646484757,negative
t72hnn,baseball,post,1646458314,negative
tgi335,battlefield_4,post,1647545189,neutral
tgt85p,battletech,post,1647577879,neutral
tsp11l,bengals,post,1648691758,neutral
tc2naq,blackladies,post,1647039927,neutral
t93718,bodybuilding,post,1646697152,negative
tsa25u,chomsky,post,1648656977,neutral
tt64ny,computerhelp,post,1648750921,neutral
t5c2ma,conspiracy,post,1646260364,negative
tk9vb8,conspiracy,post,1647974449,negative
tjk1gs,copypasta,post,1647891466,negative
tnp5jz,crochet,post,1648224224,neutral
taelcr,dankmemes,post,1646851677,negative
tj1av3,depression,post,1647829605,neutral
toio1z,discordapp,post,1648276523,negative
tp06rl,shittydarksouls,post,1648320833,neutral
t4hsuc,steelers,post,1646167337,positive
tfcw6t,techsupportmacgyver,post,1647419695,neutral
tp3pyl,ted,post,1648327529,neutral
tdbky6,teenagers,post,1647191906,negative
tsbyeh,teenagers,post,1648662132,neutral
tjguj2,teenagers,post,1647883024,neutral
tta3qg,teenagers,post,1648761720,negative
t4klya,teenagers,post,1646174691,neutral
tix1wu,teenagers,post,1647816499,neutral
t6aim2,teenagers,post,1646367975,negative
tcj7uw,tf2,post,1647100380,negative
t71c34,thinkpad,post,1646454134,negative
tkm83q,titanfall,post,1648010799,negative
tewdgd,totalwar,post,1647369442,negative
t4dtlt,trans,post,1646157194,positive
tetdtm,ukraine,post,1647362946,negative
tg9kb3,ukraine,post,1647521618,neutral
t7inu2,unitedkingdom,post,1646513782,negative
tdecky,unpopularopinion,post,1647199615,neutral
tdei2h,unpopularopinion,post,1647200031,neutral
t73con,vexillologycirclejerk,post,1646461671,negative
tbgr7k,wallstreetbets,post,1646969244,positive
tdf1bt,walmart,post,1647201525,negative
tk5r3d,weather,post,1647963486,neutral
tibzo8,weed,post,1647746292,neutral
tfthl1,weed,post,1647465658,negative
tiaf1l,weed,post,1647740928,negative
tic80j,weed,post,1647747155,neutral
tnajyg,weed,post,1648170749,neutral
tnkxdw,2007scape,post,1648211631,negative
th2jcw,AdviceAnimals,post,1647613433,neutral
trnh0t,AdviceAnimals,post,1648589774,neutral
t9twrz,AirForce,post,1646782045,positive
t47wza,AmsterdamEnts,post,1646141317,neutral
tefdih,ApplyingToCollege,post,1647314108,neutral
tikp2p,ApplyingToCollege,post,1647781727,neutral
thgwzh,AsABlackMan,post,1647642551,negative
t9rpcy,AskModerators,post,1646775870,negative
t7ebud,AskReddit,post,1646501275,negative
t9pmpf,AskReddit,post,1646770088,neutral
t7i0fx,AskReddit,post,1646511847,neutral
tdj8d6,AskThe_Donald,post,1647213216,negative
tdl2ro,AskThe_Donald,post,1647218877,neutral
ta56ro,Battlefield,post,1646822837,neutral
t6qqg6,Bend,post,1646421817,neutral
tea3qu,Bitcoin,post,1647298359,neutral
t5671k,CasualConversation,post,1646244429,negative
ta51te,CasualConversation,post,1646822225,negative
teaeib,CasualConversation,post,1647299177,negative
tt6243,CasualConversation,post,1648750734,negative
ts91jg,Christianity,post,1648654223,neutral
tjusxv,ClashRoyale,post,1647923207,neutral
temd63,ClashRoyale,post,1647342008,neutral
t8wp1l,ClashRoyale,post,1646679920,negative
tjktxa,Colts,post,1647893538,negative
tklqxu,Colts,post,1648008979,neutral
tbwx09,Cornell,post,1647023800,negative
tby6j9,Cornell,post,1647027344,neutral
trz8md,Cornell,post,1648618160,neutral
tsk7jz,Cornell,post,1648676980,negative
tb0uxq,Cornell,post,1646925245,neutral
tqjpn6,DarK,post,1648502497,neutral
trtrav,Dodgers,post,1648599449,neutral
tdkajh,Entrepreneur,post,1647216389,neutral
th1o1r,GetStudying,post,1647611095,neutral
td89a7,Jewish,post,1647182320,neutral
tbrier,JohnMayer,post,1647009505,neutral
tn98p7,JustUnsubbed,post,1648166584,negative
tcr0s0,JustUnsubbed,post,1647119635,negative
tcr1yg,JustUnsubbed,post,1647119734,negative
tieydo,JustUnsubbed,post,1647757654,negative
tqktwy,Kappa,post,1648505792,negative
tgxsg6,Kentucky,post,1647597291,neutral
tizpw6,Knoxville,post,1647824549,neutral
t8er8f,Lawrence,post,1646619689,neutral
tbedkg,Libertarian,post,1646961589,negative
taie76,MadeMeSmile,post,1646862133,neutral
t9jio7,MakingaMurderer,post,1646754037,negative
tf39t4,NoStupidQuestions,post,1647386262,neutral
tnc1lt,OnePiece,post,1648175589,positive
ta2nyh,OnePiece,post,1646811683,neutral
tjk30y,OnePiece,post,1647891581,neutral
tbxlge,PewdiepieSubmissions,post,1647025683,neutral
t55gbq,Piracy,post,1646242515,neutral
t5a8iv,Piracy,post,1646255242,negative
t5ab14,Piracy,post,1646255444,negative
tdc0uj,Piracy,post,1647193161,neutral
tfdsis,PiratedGames,post,1647423521,neutral
tbvata,PokemonTCG,post,1647020039,negative
t5bfcg,RandomActsofCards,post,1646258617,neutral
t8y98y,RepTime,post,1646683962,neutral
t88n9e,RocketLeague,post,1646601415,neutral
t61wns,Slipknot,post,1646342067,neutral
t6yw7l,SpaceXMasterrace,post,1646445834,negative
ta9zqd,SquaredCircle,post,1646839001,negative
tf1zy9,SquaredCircle,post,1647382769,negative
tk7zfo,SquaredCircle,post,1647969443,neutral
tk83lp,SquaredCircle,post,1647969756,neutral
trxob1,TF2WeaponIdeas,post,1648612410,neutral
tfaxja,Thailand,post,1647411268,neutral
ti9vks,ThickDick,post,1647739092,negative
t5lb1l,TooAfraidToAsk,post,1646289473,negative
teptop,TooAfraidToAsk,post,1647353289,negative
tnz7bw,TooAfraidToAsk,post,1648242639,negative
tqj0uc,TooAfraidToAsk,post,1648500610,neutral
tqzodq,TooAfraidToAsk,post,1648560280,negative
tfjhei,TrueOffMyChest,post,1647442517,neutral
tp0twt,TrueOffMyChest,post,1648322730,neutral
thqtkh,Turkey,post,1647678404,neutral
te6uy0,UkrainianConflict,post,1647289439,negative
te6wj2,UkrainianConflict,post,1647289554,negative
te6xcn,UkrainianConflict,post,1647289615,negative
tetmsp,Vent,post,1647363565,negative
tanm7y,VictoriaBC,post,1646877348,neutral
toewxr,WatchRedditDie,post,1648261849,negative
tp3co6,WatchRedditDie,post,1648326404,negative
tc0odr,askgaybros,post,1647034340,negative
tcr2bt,brandonsanderson,post,1647119766,neutral
t8at6l,bustyasians,post,1646607459,negative
tafngt,cardano,post,1646854572,negative
tafoh2,cardano,post,1646854647,negative
tkhxxu,childfree,post,1647996764,neutral
thlgd8,circlejerk,post,1647656746,neutral
tkk2ji,circlejerk,post,1648003398,negative
tpby9r,circlejerk,post,1648353389,negative
ts7bwk,coins,post,1648649493,neutral
t4k8bg,conspiracy,post,1646173701,neutral
tf6b6z,cuba,post,1647395269,neutral
th02s8,datingoverthirty,post,1647606142,neutral
t4xi0h,discordapp,post,1646217864,neutral
tm241g,discordapp,post,1648114712,negative
tdsscv,discordapp,post,1647247169,neutral
tcy0c6,duckduckgo,post,1647142214,neutral
tr0gaa,florida,post,1648562538,negative
tr1ca9,florida,post,1648564452,neutral
t5x6m3,fnafcringe,post,1646329493,negative
talssi,forhonor,post,1646871748,negative
tgrcu8,forsen,post,1647571641,neutral
tgvj89,forsen,post,1647587185,neutral
tgwdvf,forsen,post,1647590999,neutral
tpycs0,forsen,post,1648431797,neutral
tri46i,forsen,post,1648584844,neutral
tskg52,forsen,post,1648677635,negative
tt7tup,forsen,post,1648755559,neutral
tt95p3,forsen,post,1648759154,neutral
tfg3yk,ftm,post,1647432333,neutral
tfhru9,gameofthrones,post,1647437592,neutral
tqfb2y,gaming,post,1648490540,neutral
th4idf,goth,post,1647618855,neutral
tfs82y,halo,post,1647462211,negative
tq615m,halo,post,1648462334,negative
t4u7w8,halo,post,1646204137,negative
t6y9wy,halo,post,1646443807,neutral
t9yltc,halo,post,1646796826,negative
t9ysn8,halo,post,1646797475,negative
tahqgi,halo,post,1646860311,negative
tdj6hh,halo,post,1647213059,negative
tgbx4t,halo,post,1647528517,neutral
tmsc04,halo,post,1648145239,negative
tounbt,halo,post,1648310493,negative
tspdn6,halo,post,1648692865,negative
ttbyrh,halo,post,1648767042,negative
tc5bia,headphones,post,1647048435,negative
t91vzb,help,post,1646693451,negative
ti1z5e,hinduism,post,1647715843,neutral
tmqr8x,hoggit,post,1648143905,neutral
tt4caz,leagueoflegends,post,1648746078,neutral
tfhqiq,mapporncirclejerk,post,1647437484,negative
tnbkup,marketing,post,1648174085,neutral
tn6hh1,mcgill,post,1648158608,negative
tnn5u6,memes,post,1648218549,neutral
tn7sfl,mildlyinfuriating,post,1648162264,negative
tn9ap3,mildyinfuriating,post,1648166743,negative
tlynlc,modhelp,post,1648099978,neutral
tbeqhi,modhelp,post,1646962725,neutral
tex5fx,nbacirclejerk,post,1647371268,neutral
t8pks1,newjersey,post,1646660812,neutral
t7hts3,nfl,post,1646511311,neutral
tb44pf,nostalgia,post,1646934038,negative
tc5unv,nrl,post,1647050277,neutral
t8ekyc,ontario,post,1646619112,negative
tccp52,opiates,post,1647076796,neutral
t6vu8x,pcmasterrace,post,1646436192,negative
t7327l,perth,post,1646460495,neutral
thzbns,premed,post,1647708549,neutral
t7yy3c,redditrequest,post,1646573994,neutral
tpv8ir,redditrequest,post,1648421202,neutral
t4e9bv,redditrequest,post,1646158270,neutral
t8z7ya,redditrequest,post,1646686486,neutral
t6tvz5,redditrequest,post,1646430590,neutral
t8jlrj,redditrequest,post,1646637370,neutral
tae19w,redditrequest,post,1646850202,neutral
tqkzn7,redditrequest,post,1648506245,neutral
tp1ea2,redditrequest,post,1648323748,neutral
tonoam,redditrequest,post,1648298416,neutral
tr0k3t,redditrequest,post,1648562840,neutral
t6ydp4,redditrequest,post,1646444154,neutral
tkd8bs,redditrequest,post,1647983360,neutral
to5m7d,redditrequest,post,1648250103,neutral
tbhd6i,redditrequest,post,1646971244,neutral
tpkn46,redditrequest,post,1648389917,neutral
tinqd2,redditrequest,post,1647790732,neutral
tb45ls,redditrequest,post,1646934107,neutral
tipexx,redditrequest,post,1647795397,neutral
tjj1jj,redditrequest,post,1647888824,neutral
toyba4,redditrequest,post,1648315297,neutral
tqplf8,redditrequest,post,1648520819,neutral
tsr73a,redditrequest,post,1648698950,neutral
t80rvu,redditrequest,post,1646579628,neutral
tmewk1,redditrequest,post,1648133231,neutral
ts93m5,redditrequest,post,1648654378,neutral
tdcr8v,redditrequest,post,1647195154,neutral
tdml58,redditrequest,post,1647223667,neutral
tdn90i,redditrequest,post,1647225886,neutral
tb3vrz,runescape,post,1646933361,neutral
tpctgi,sanfrancisco,post,1648356792,neutral
tc0n2j,serialkillers,post,1647034234,negative
t7ks5o,teenagers,post,1646520185,neutral
tpq9gb,teenagers,post,1648406714,negative
t739k9,teenagers,post,1646461321,neutral
t56xm1,teenagers,post,1646246391,negative
t68661,teenagers,post,1646360414,neutral
tm12gy,teenagers,post,1648110104,positive
tn7v9m,teenagers,post,1648162494,negative
tixjca,teenagers,post,1647817892,neutral
trjjbf,teenagers,post,1648586108,neutral
t4kzcf,teenagers,post,1646175678,neutral
t80nki,totalwar,post,1646579268,negative
t9leiu,transformers,post,1646758924,neutral
tgkrpr,transformers,post,1647552387,positive
t7csa1,ukraine,post,1646496923,negative
tl46iv,ukraine,post,1648058367,neutral
tdocs0,ukraine,post,1647229567,negative
tf6wv2,ukraine,post,1647397115,neutral
te2zxe,ukraine,post,1647279287,neutral
tq9572,unpopularopinion,post,1648473576,negative
t5v2ub,vegan,post,1646323975,negative
tbbets,vegan,post,1646952923,negative
tgj7w3,vegan,post,1647548247,negative
tjc0mv,vermont,post,1647869839,neutral
t8zo6c,wallstreetbets,post,1646687660,neutral
t4wagu,worldnews,post,1646212602,neutral
teac7k,worldnews,post,1647299005,negative
tswlq5,4chan,post,1648721765,negative
t6n7t7,600euro,post,1646412437,negative
t75fw3,ABDL,post,1646470533,negative
tmm9eo,AskElectronics,post,1648139970,neutral
tou67e,AskReddit,post,1648310073,negative
thdmla,AskReddit,post,1647633304,negative
tl9pgi,AskReddit,post,1648064128,negative
tm1nt2,AskUK,post,1648112729,negative
tkfquy,AskWomen,post,1647990291,negative
tbzbvg,Austin,post,1647030567,neutral
tgoatt,BlackPeopleTwitter,post,1647562294,negative
tp162t,BokuNoHeroAcademia,post,1648323569,neutral
tatrwf,Boruto,post,1646899005,neutral
tsidwz,CPTSD,post,1648672059,negative
tgfbhy,CharacterRant,post,1647537702,negative
th7l5k,ChicagoSuburbs,post,1647624411,neutral
t6trdy,Christianity,post,1646430232,neutral
ta487r,ClashOfClans,post,1646818565,neutral
td5i3u,CoDCompetitive,post,1647172917,neutral
tawmom,DunderMifflin,post,1646911608,neutral
ti1iym,Edmonton,post,1647714588,neutral
tee9yk,Edmonton,post,1647310725,negative
t4epwm,FORTnITE,post,1646159443,negative
tta4ml,FortNiteBR,post,1648761790,neutral
tc5fk8,Ghostbc,post,1647048809,neutral
t8dhi2,GoNets,post,1646615623,neutral
tirkut,Kingdom,post,1647801249,neutral
tl35ze,Lightroom,post,1648056706,neutral
tl3hue,Lightroom,post,1648057018,neutral
tlmedf,MaddenMobileForums,post,1648079453,negative
tf7tdc,Mariners,post,1647399987,negative
tr0277,Mavericks,post,1648561391,neutral
tje5ln,Mcat,post,1647875855,positive
thx90c,ModSupport,post,1647702763,positive
tf7olg,NYYankees,post,1647399581,neutral
tic8j5,Needafriend,post,1647747206,neutral
tdxh5d,NoFap,post,1647264398,positive
tbqaa3,NoStupidQuestions,post,1647005772,neutral
t6r5s0,Ohio,post,1646423014,negative
tedfug,OutOfTheLoop,post,1647308145,negative
tsn5s7,PEDs,post,1648685723,negative
t5gg9m,PropagandaPosters,post,1646273269,neutral
t5giib,PropagandaPosters,post,1646273457,neutral
tit2et,Rainbow6,post,1647805372,negative
t6rlv1,SAHP,post,1646424258,neutral
tk39dw,SCJerk,post,1647956405,neutral
tcbiv1,SCP,post,1647071772,negative
tt37cc,ShadowBan,post,1648742989,negative
t5dj96,Showerthoughts,post,1646264461,negative
t5e4qc,Showerthoughts,post,1646266239,negative
t5gvja,Showerthoughts,post,1646274571,negative
t7e1x0,Showerthoughts,post,1646500494,negative
t9b3u3,Showerthoughts,post,1646723165,negative
t9b48w,Showerthoughts,post,1646723212,negative
t9fr78,Showerthoughts,post,1646742499,negative
t9ft71,Showerthoughts,post,1646742706,negative
t9ftik,Showerthoughts,post,1646742737,negative
tbh5xr,Showerthoughts,post,1646970597,negative
tc48zx,Showerthoughts,post,1647044942,negative
tde0zu,Showerthoughts,post,1647198695,negative
tea4pg,Showerthoughts,post,1647298437,negative
tef2aq,Showerthoughts,post,1647313152,negative
tgi4df,Showerthoughts,post,1647545292,neutral
tjrllw,Showerthoughts,post,1647912675,neutral
toor1o,Showerthoughts,post,1648302146,negative
tp5mgv,Showerthoughts,post,1648332598,negative
tp7l1x,Showerthoughts,post,1648337954,negative
tpaw10,Showerthoughts,post,1648349405,neutral
tpv81d,Showerthoughts,post,1648421163,negative
tr2a53,Showerthoughts,post,1648565785,negative
tsytas,Showerthoughts,post,1648730254,neutral
tfon3x,SuicideWatch,post,1647455178,negative
t46oy6,Teachers,post,1646137203,neutral
tfwc1w,TheFence,post,1647473544,neutral
tapkqh,ThisIsOurMusic,post,1646883476,negative
tguv54,ThriftStoreHauls,post,1647584369,neutral
tou4tx,TrueChristian,post,1648310047,neutral
tehpln,TrueOffMyChest,post,1647322211,neutral
tt4ojg,Undertale,post,1648747004,neutral
tdrve0,VictoriaBC,post,1647243154,neutral
t88t1y,WWEGames,post,1646601855,negative
tazsah,WoT,post,1646922163,positive
thchop,admincraft,post,1647630178,neutral
tp6yb9,brandonsanderson,post,1648335878,neutral
tszr1u,brisbane,post,1648733246,neutral
tddtby,censorship,post,1647198115,negative
tddxf4,censorship,post,1647198418,neutral
tdeic1,censorship,post,1647200050,negative
tdem73,censorship,post,1647200351,negative
tncly4,dankmemes,post,1648177516,neutral
td86jx,dankmemes,post,1647182080,neutral
tqf79v,datingoverthirty,post,1648490282,neutral
tebj0x,deadbydaylight,post,1647302436,negative
tebwe8,deadbydaylight,post,1647303564,negative
tb5lr7,discordapp,post,1646937980,neutral
td0smz,disney,post,1647152768,neutral
ti764t,dontyouknowwhoiam,post,1647730611,neutral
ti77ji,dontyouknowwhoiam,post,1647730726,neutral
tra3jf,facebook,post,1648574421,neutral
tibb6v,factorio,post,1647743926,neutral
th1hcv,forsen,post,1647610562,neutral
t5myql,funny,post,1646296231,neutral
t7ie35,funny,post,1646512967,neutral
tb85lc,funny,post,1646944563,neutral
tjtdth,funny,post,1647918270,negative
tn6i4p,funny,post,1648158658,neutral
tpmeh4,funny,post,1648395399,neutral
tqluv9,funny,post,1648508785,negative
tgnrpe,gatech,post,1647560771,negative
tozc5u,golf,post,1648318283,neutral
t9ulsr,golf,post,1646784135,neutral
tbkxk2,gradadmissions,post,1646984676,neutral
tru2kt,h3h3productions,post,1648600471,positive
tgbr5a,help,post,1647528034,negative
tgl8p3,help,post,1647553663,neutral
t4b20m,help,post,1646150050,negative
t6f21k,india,post,1646385266,neutral
t69uel,india,post,1646365803,neutral
t71ftc,india,post,1646454513,neutral
tay80f,india,post,1646917440,negative
tco6ga,india,post,1647111352,negative
tglnbn,india,post,1647554748,negative
tglphg,india,post,1647554918,negative
thqgsm,india,post,1647676784,neutral
tikqa4,india,post,1647781842,neutral
tjm7uy,india,post,1647897316,negative
tjzij7,india,post,1647943286,negative
tk5kmh,india,post,1647963000,negative
tkjkj1,india,post,1648001780,negative
trbufk,india,post,1648577344,negative
ts9ywq,india,post,1648656726,neutral
t98dwl,memes,post,1646713195,neutral
tqvv2l,modhelp,post,1648545904,neutral
tosteg,modhelp,post,1648308407,neutral
tbrnnv,modhelp,post,1647009957,neutral
t7by0d,modhelp,post,1646494583,neutral
tbxfqi,moviescirclejerk,post,1647025241,neutral
teaw2p,newzealand,post,1647300564,negative
t81982,pcmasterrace,post,1646581055,negative
t4nn4p,pics,post,1646183151,neutral
td3n8f,pokemonshowdown,post,1647165101,negative
teb9wi,politics,post,1647301694,neutral
t70ven,ramen,post,1646452515,negative
tb0tvc,redditrequest,post,1646925160,neutral
tgn6m5,redditrequest,post,1647559058,neutral
tpya4t,redditrequest,post,1648431552,neutral
tdv8wx,redditrequest,post,1647256990,neutral
ttcrsp,redditrequest,post,1648769499,neutral
tjpiyf,redditrequest,post,1647906407,neutral
tckl87,redditrequest,post,1647104296,neutral
tnescp,redditrequest,post,1648185467,neutral
tgcqe0,redditrequest,post,1647530771,neutral
t753m1,redditrequest,post,1646469040,neutral
t59fbk,redditrequest,post,1646253032,neutral
t4eho0,redditrequest,post,1646158856,neutral
tpypu4,redditrequest,post,1648433003,neutral
tfqua8,redditrequest,post,1647459066,neutral
t7a99d,redditrequest,post,1646489480,neutral
taayc2,roblox,post,1646841688,negative
tdb7px,soccercirclejerk,post,1647190873,neutral
tj5bgs,straya,post,1647844383,negative
tbk99x,teenagers,post,1646981944,negative
tj5vg2,teenagers,post,1647846769,negative
t4qiri,teenagers,post,1646191777,negative
t4qp27,teenagers,post,1646192317,neutral
tk1qui,thalassophobia,post,1647951751,neutral
tdq7d1,trees,post,1647236341,neutral
timq1g,trees,post,1647787862,neutral
tin6g6,trees,post,1647789135,neutral
tq0pja,trees,post,1648439962,neutral
tbjvnr,ukraine,post,1646980463,positive
t4nfah,unpopularopinion,post,1646182538,negative
t56aqb,unpopularopinion,post,1646244694,negative
t5d85s,unpopularopinion,post,1646263556,negative
t6ep2t,unpopularopinion,post,1646383756,positive
t6epxs,unpopularopinion,post,1646383854,positive
t6fj6w,unpopularopinion,post,1646387431,neutral
t6h4yl,unpopularopinion,post,1646394185,negative
t7etgp,unpopularopinion,post,1646502664,negative
t7evit,unpopularopinion,post,1646502825,negative
t7gtpe,unpopularopinion,post,1646508423,negative
t7hc86,unpopularopinion,post,1646509905,negative
t7kqhf,unpopularopinion,post,1646520041,negative
t7pnmx,unpopularopinion,post,1646536233,negative
t8zswc,unpopularopinion,post,1646688006,negative
t904hq,unpopularopinion,post,1646688840,neutral
t9xuu9,unpopularopinion,post,1646794396,negative
tcv9bi,unpopularopinion,post,1647132757,negative
tcxanq,unpopularopinion,post,1647139656,negative
te2ocb,unpopularopinion,post,1647278443,negative
tey6o8,unpopularopinion,post,1647373442,neutral
tfw98m,unpopularopinion,post,1647473324,negative
tfwi60,unpopularopinion,post,1647474054,negative
tfwjzf,unpopularopinion,post,1647474198,negative
tfwmqp,unpopularopinion,post,1647474426,negative
tfwo4x,unpopularopinion,post,1647474543,negative
tgeb6r,unpopularopinion,post,1647535009,negative
tgh4zi,unpopularopinion,post,1647542571,negative
tghayk,unpopularopinion,post,1647542991,negative
tgkybi,unpopularopinion,post,1647552882,negative
tgmfqe,unpopularopinion,post,1647556955,negative
tinzah,unpopularopinion,post,1647791452,positive
tisiub,unpopularopinion,post,1647803878,negative
tkis2c,unpopularopinion,post,1647999319,negative
tmv1w1,unpopularopinion,post,1648147567,negative
tnb72w,unpopularopinion,post,1648172857,negative
tnb9ub,unpopularopinion,post,1648173110,negative
tnbcn9,unpopularopinion,post,1648173355,negative
tnyfqx,unpopularopinion,post,1648240463,negative
tocihd,unpopularopinion,post,1648259720,negative
tp7gbs,unpopularopinion,post,1648337510,negative
tprrpe,unpopularopinion,post,1648410965,negative
tq8xlc,unpopularopinion,post,1648472906,negative
tqq59e,unpopularopinion,post,1648522688,neutral
ts03yz,unpopularopinion,post,1648621585,negative
tsrttw,unpopularopinion,post,1648701177,negative
tbivn1,vancouver,post,1646976607,negative
tkekhn,wallstreetbets,post,1647987013,neutral
tdsfx0,woooosh,post,1647245615,neutral
t4ghg9,49ers,post,1646163990,negative
t6kaf4,AMA,post,1646404473,positive
t9tor9,Advice,post,1646781411,neutral
trnfqk,Anarcho_Capitalism,post,1648589674,negative
t3z4ex,AskDocs,post,1646108395,negative
t8gsv9,AskMen,post,1646626590,negative
taz525,AskMen,post,1646920378,negative
tlh19p,AskMen,post,1648071867,neutral
toxoix,AskReddit,post,1648313483,negative
tizjrs,AskReddit,post,1647824037,neutral
tk18az,AskReddit,post,1647950052,neutral
t7bwm2,AskReddit,post,1646494474,neutral
t61aa9,AskReddit,post,1646340391,neutral
te5q97,AskReddit,post,1647286433,negative
t4k35e,AskReddit,post,1646173315,negative
thyws7,BatmanArkham,post,1647707406,negative
tjn1aa,CarletonU,post,1647899536,neutral
tf9lm0,ClashRoyale,post,1647406120,negative
tmw2yz,CombatFootage,post,1648148405,neutral
tkuk1j,Cricket,post,1648044003,neutral
tqyd9v,DBZDokkanBattle,post,1648555907,neutral
timvew,Darts,post,1647788290,neutral
tplacs,ForeverAloneDating,post,1648391989,negative
tg6n0y,FreeKarma4U,post,1647511046,negative
th3gqb,FreeKarma4U,post,1647615983,neutral
tr2nia,HealthInsurance,post,1648566008,neutral
tf6ww7,IdiotsInCars,post,1647397119,neutral
trswm3,Izlam,post,1648596781,neutral
t4e5o2,JustUnsubbed,post,1646158015,negative
thg56g,Kaiserreich,post,1647640339,positive
teqs6b,Kerala,post,1647355986,neutral
tq58mw,Kerala,post,1648458808,negative
tgj63x,Kerala,post,1647548111,negative
tbhrk0,LeafyIsHere,post,1646972576,neutral
t4boq3,LesbianActually,post,1646151683,neutral
t50kh7,LigaMX,post,1646229098,negative
tn9g1r,Louisville,post,1648167193,neutral
ta4ge8,Lovecraft,post,1646819636,neutral
taijnq,Markiplier,post,1646862562,neutral
tapnnd,ModSupport,post,1646883752,neutral
tpvaxs,ModSupport,post,1648421414,neutral
tckrbs,Naruto,post,1647104754,negative
tcpqpy,Naruto,post,1647115853,negative
tcumzy,Naruto,post,1647130684,negative
t6e63s,OCD,post,1646381492,negative
t6j2jm,OCLions,post,1646400824,neutral
th1bgu,Overwatch,post,1647610076,positive
topw57,Palestine,post,1648303856,negative
tj2tm8,PrettyLittleLiars,post,1647834651,positive
tb0qwh,RequestABot,post,1646924924,neutral
tamviu,Retconned,post,1646875051,positive
tsyxm7,SCJerk,post,1648730673,negative
tl5mns,SCJerk,post,1648059585,neutral
tgf9qi,ShadowBan,post,1647537569,negative
tcp5ab,SluttyConfessions,post,1647114139,negative
tdlmkq,StarWars,post,1647220585,neutral
tb9p1z,SuicideWatch,post,1646948718,negative
tm2u5f,Switzerland,post,1648117791,neutral
temmfp,Thailand,post,1647342943,positive
tjv4cz,TopMindsOfReddit,post,1647924429,negative
tji9ea,TrueOffMyChest,post,1647886762,negative
tslpmr,TrueOffMyChest,post,1648681275,negative
tljc81,TrueOffMyChest,post,1648075596,negative
tb7cr8,Turkey,post,1646942374,neutral
tcus5c,Twitch,post,1647131154,neutral
t43bbt,TwoBestFriendsPlay,post,1646123676,negative
tfpq01,UCSC,post,1647457182,negative
tfpr0v,UCSC,post,1647457246,negative
tdl8j4,UWMadison,post,1647219373,neutral
tt5gw3,Wales,post,1648749142,neutral
taunb8,WeAreTheMusicMakers,post,1646902893,neutral
te3i8v,admincraft,post,1647280643,neutral
t48kkt,airsoft,post,1646143288,neutral
t8fbsv,assholedesign,post,1646621592,negative
tqkamy,assholedesign,post,1648504154,positive
tjxmrg,autism,post,1647934898,neutral
thkl0n,binance,post,1647653815,negative
tjgzu2,binance,post,1647883427,negative
t6itlz,biology,post,1646400006,neutral
tqoeo3,bugs,post,1648516902,neutral
t7lxle,cigars,post,1646523694,neutral
taqkx8,comicswap,post,1646886928,neutral
t4hhm1,conspiracy,post,1646166539,negative
t8hba9,conspiracy,post,1646628460,negative
tbixil,conspiracy,post,1646976799,negative
tdlkbv,conspiracy,post,1647220381,negative
tgq132,copypasta,post,1647567509,negative
td0kdp,cubancigars,post,1647151820,negative
tgxj24,dankmemes,post,1647596153,negative
t9oyee,dankmemes,post,1646768257,negative
taniak,dankmemes,post,1646877006,neutral
trqrw6,darkjokes,post,1648592592,negative
t8ynf6,deadbydaylight,post,1646684986,negative
tbfpdb,deadbydaylight,post,1646965879,neutral
tbkxs1,deadbydaylight,post,1646984702,negative
tbuk78,deadbydaylight,post,1647018030,negative
tc5myw,deadbydaylight,post,1647049527,positive
tdjosc,deadbydaylight,post,1647214574,neutral
tfwd9b,deadbydaylight,post,1647473647,neutral
tk3o5k,deadbydaylight,post,1647957640,neutral
tkkuyj,deadbydaylight,post,1648005969,negative
tm77vj,deadbydaylight,post,1648126201,negative
tbpts6,discordapp,post,1647004273,negative
t9vc60,discordapp,post,1646786382,neutral
tckkol,duckduckgo,post,1647104254,negative
t66wq1,eagles,post,1646356495,neutral
tfm3jj,exchristian,post,1647448373,neutral
t7pcfd,findareddit,post,1646535150,neutral
tcitzh,findareddit,post,1647099249,negative
t76rpp,findareddit,post,1646476382,negative
tjt13r,gradadmissions,post,1647917118,positive
tq1vgk,guitarcirclejerk,post,1648444214,negative
tey3lm,guitarcirclejerk,post,1647373210,negative
tsr63n,halo,post,1648698856,negative
tmftl0,help,post,1648134320,neutral
t7lx4t,help,post,1646523651,neutral
t4v5la,help,post,1646207858,neutral
t9lgnb,horizon,post,1646759080,neutral
t7zdlh,ladybonersgw,post,1646575375,neutral
tkcq92,lgbt,post,1647982071,negative
tsabkx,malepolish,post,1648657686,negative
th2ymp,martialarts,post,1647614611,negative
tfkkux,memes,post,1647445262,negative
t4a2cg,msp,post,1646147447,positive
tnvtoe,needamod,post,1648233490,neutral
tl4rj0,newjersey,post,1648058910,neutral
teoj21,news,post,1647349427,negative
t7phho,orangetheory,post,1646535639,neutral
tcxikm,orangetheory,post,1647140438,neutral
tiamxk,orangetheory,post,1647741639,neutral
tpa2ev,orangetheory,post,1648346438,neutral
tr1qlp,paris,post,1648564987,neutral
tfsjbp,patientgamers,post,1647463072,neutral
t61ryx,poker,post,1646341709,neutral
tkjudq,politics,post,1648002662,neutral
teh8ta,progressive_islam,post,1647320459,neutral
t9pq45,quityourbullshit,post,1646770349,negative
t9pt02,quityourbullshit,post,1646770565,negative
trat0o,redditrequest,post,1648576299,neutral
tdw69o,redditrequest,post,1647260289,neutral
tednt5,redditrequest,post,1647308831,neutral
ts87m4,redditrequest,post,1648651977,neutral
tg3qlo,redditrequest,post,1647498482,neutral
tcbx6d,redditrequest,post,1647073488,neutral
te4s3u,redditrequest,post,1647283959,neutral
t5nwa1,redditrequest,post,1646300267,neutral
tqcuv9,redditrequest,post,1648484061,neutral
to89h4,redditrequest,post,1648252524,neutral
to8j0u,redditrequest,post,1648252713,neutral
tt2cri,redditrequest,post,1648740679,neutral
tlpp8m,redditrequest,post,1648082818,neutral
tq9nm2,redditrequest,post,1648475135,neutral
tf9haz,redditrequest,post,1647405687,neutral
trxetx,redditrequest,post,1648611494,neutral
tb2wq4,relationship_advice,post,1646930813,neutral
t5eggi,roblox,post,1646267204,negative
tkvn0w,runescape,post,1648047016,negative
tbojkn,russian,post,1646999787,neutral
ted6qb,softwaregore,post,1647307347,neutral
tfrdpj,stopdrinking,post,1647459939,positive
tk4o65,teenagers,post,1647960529,neutral
tlps57,teenagers,post,1648083068,neutral
tbfi4s,teenagers,post,1646965218,neutral
t73w2g,teenagers,post,1646463803,neutral
t7z5cb,teenagers,post,1646574654,neutral
tstpt0,tf2,post,1648708691,negative
tsc3sc,tf2,post,1648662543,negative
t94mk9,thesopranos,post,1646701520,negative
tkd06j,trans,post,1647982797,neutral
t4kefu,transgendercirclejerk,post,1646174136,negative
trrtat,ukraine,post,1648593512,neutral
tgc0ei,ukraine,post,1647528775,neutral
t7yn9o,unpopularopinion,post,1646572985,negative
tsp8yl,vita,post,1648692446,neutral
tpl4c0,wallstreetbets,post,1648391461,negative
t7rc10,wallstreetbets,post,1646542251,neutral
t7bgqe,wallstreetbets,post,1646493150,negative
t7blj0,wallstreetbets,post,1646493552,negative
tc24qd,wallstreetbets,post,1647038450,negative
t9gu5x,weddingplanning,post,1646746218,positive
tnwhfa,whowouldwin,post,1648234898,negative
t91d70,wildhockey,post,1646692075,neutral
t7ecg7,witcher,post,1646501319,negative
tpoppo,2048,post,1648402162,negative
tg0r10,AMA,post,1647487357,negative
thbsp1,AreolasGW,post,1647628248,positive
thbw4b,AreolasGW,post,1647628515,positive
t7ubj0,AskReddit,post,1646554740,negative
t9pvxn,AskReddit,post,1646770799,neutral
tof9uo,AskReddit,post,1648263111,negative
tcge97,AskUK,post,1647091725,neutral
tn9cha,Bakersfield,post,1648166891,neutral
th52lw,BudgetAudiophile,post,1647620272,neutral
t6k9tf,CanadianMOMs,post,1646404428,neutral
t4pbic,ChronicPain,post,1646188162,negative
tr00cr,ClashRoyale,post,1648561247,negative
tq6hme,CoinBase,post,1648464271,negative
t6342r,Comcast_Xfinity,post,1646345492,neutral
t69unr,Destiny,post,1646365825,negative
tsqi0v,Destiny,post,1648696569,positive
t58dyo,Destiny,post,1646250256,negative
t87ste,DotA2,post,1646599095,positive
t8t9fa,FreeKarma4You,post,1646671066,negative
tis00h,Glitch_in_the_Matrix,post,1647802418,negative
t4pf1y,HFY,post,1646188462,neutral
t6emp4,HistoryMemes,post,1646383455,neutral
t8ocin,HistoryMemes,post,1646656829,neutral
tnkxea,HistoryMemes,post,1648211633,neutral
tii28y,LegalAdviceUK,post,1647771643,neutral
t6yj4a,Lubbock,post,1646444655,neutral
t9qeel,MensRights,post,1646772192,neutral
tgekyj,Metalcore,post,1647535750,neutral
tj76x2,Miata,post,1647852374,positive
t6m15x,ModSupport,post,1646409283,negative
t6x1dt,MouseReview,post,1646439815,neutral
ts7ii1,Negareddit,post,1648650015,negative
t47sim,Nootropics,post,1646140900,neutral
t695o1,Nootropics,post,1646363570,negative
tihqps,OCD,post,1647770267,negative
tdltii,Persona5,post,1647221202,neutral
tkr5mi,Philippines,post,1648032499,neutral
t710ob,PlantedTank,post,1646453013,neutral
tqr31b,SCJerk,post,1648525932,negative
tfmo8x,SXSW,post,1647449943,neutral
tkm4lr,Sacramento,post,1648010412,negative
t484lx,SaintsFC,post,1646141976,neutral
t4heas,SampleSize,post,1646166300,neutral
tfrkpt,ShadowBan,post,1647460477,negative
t9pjwd,ShadowBan,post,1646769878,negative
tpe70c,Showerthoughts,post,1648362754,negative
tsv0rd,Showerthoughts,post,1648714536,negative
tq5x1x,SkincareAddiction,post,1648461863,negative
taiquv,SubredditDrama,post,1646863132,negative
tqsonz,SuicideBereavement,post,1648531910,neutral
tegw5s,SuicideWatch,post,1647319185,neutral
t3zvxv,TankPorn,post,1646110872,neutral
t872ks,TrueOffMyChest,post,1646597035,negative
td39l1,Twitch,post,1647163493,neutral
tdkhst,TwoXChromosomes,post,1647217018,negative
tfixkm,UFOs,post,1647440939,neutral
t8htwe,Veterans,post,1646630351,negative
tdg5xc,Warframe,post,1647204581,neutral
t67p2a,WatchRedditDie,post,1646358983,negative
tifzqs,bangalore,post,1647762419,negative
tghe67,benzodiazepines,post,1647543242,negative
t6y4r9,bleach,post,1646443315,positive
tqt5tg,books,post,1648533855,neutral
tbd0hq,canes,post,1646957273,neutral
tn2szm,civ5,post,1648154074,negative
tixa8z,conspiracy,post,1647817174,negative
tqjq95,conspiracy,post,1648502546,negative
tm2wxv,coolguides,post,1648118092,neutral
tnjzyc,coolguides,post,1648208284,neutral
tha4t5,crossdressing,post,1647626627,neutral
thn85d,crossdressing,post,1647662885,neutral
tpzkje,dankmemes,post,1648435941,negative
tle47d,ddo,post,1648068840,negative
tpq2fs,depression,post,1648406151,negative
t83mpe,drugscirclejerk,post,1646587615,neutral
tpfdni,elliottsmith,post,1648368273,negative
t6dr5o,facepalm,post,1646379793,negative
tfttb9,findareddit,post,1647466552,neutral
t5sn2y,forsen,post,1646317289,neutral
tcvws6,funny,post,1647134924,neutral
t62s1o,grool,post,1646344597,neutral
t635cu,grool,post,1646345588,neutral
t6thw8,help,post,1646429506,neutral
tij2nv,help,post,1647775851,neutral
tb1fbx,help,post,1646926811,neutral
trs919,help,post,1648594813,neutral
t4d39i,howto,post,1646155280,neutral
tb0e6h,ideasfortheadmins,post,1646923928,neutral
tbo7n5,ideasfortheadmins,post,1646998448,neutral
tkw2vh,india,post,1648048183,neutral
tr7hsk,islam,post,1648572067,neutral
thyr5q,leagueoflegends,post,1647706964,neutral
t5r6nt,memes,post,1646312787,neutral
t68fik,memes,post,1646361284,negative
t7eth8,memes,post,1646502665,neutral
t9zugj,memes,post,1646801063,negative
ta3w4j,memes,post,1646817071,positive
tackne,memes,post,1646846027,neutral
tbso29,memes,post,1647012820,neutral
tbxcw4,memes,post,1647025037,neutral
te5z8c,memes,post,1647287099,neutral
teljm4,memes,post,1647338660,neutral
tf95go,memes,post,1647404502,neutral
tg5fsz,memes,post,1647505832,negative
tg5lgr,memes,post,1647506496,negative
tgieff,memes,post,1647546050,positive
tgif2s,memes,post,1647546099,positive
tim09e,memes,post,1647785767,neutral
tiqtk9,memes,post,1647799198,neutral
tjz5i2,memes,post,1647941752,positive
tmw8n4,memes,post,1648148526,negative
tokug8,memes,post,1648286552,negative
totczm,memes,post,1648309412,neutral
tqk733,memes,post,1648503869,negative
trpzt3,memes,post,1648592140,neutral
ts2nrw,memes,post,1648633083,negative
tsair1,memes,post,1648658220,negative
tsnrjl,meth,post,1648687662,positive
tqhz4u,mildlyinfuriating,post,1648497776,neutral
tjuudx,mildlyinteresting,post,1647923362,neutral
t94ysf,modhelp,post,1646702543,neutral
t55agx,modhelp,post,1646242094,neutral
tdkfy7,mycology,post,1647216859,negative
thxvws,nba,post,1647704580,neutral
ts5yv2,nvidia,post,1648645384,neutral
tmxz91,okc,post,1648150007,positive
tqp60b,pokemonshowdown,post,1648519407,negative
t7fy8u,questions,post,1646505894,neutral
tsp3zh,rant,post,1648692016,negative
tet58y,redditmobile,post,1647362319,negative
tn6fb3,redditrequest,post,1648158444,neutral
thzmv9,redditrequest,post,1647709382,positive
t6wopu,redditrequest,post,1646438715,negative
tigsh4,redditrequest,post,1647766109,neutral
te7cqc,redditrequest,post,1647290739,neutral
t8svaw,redditrequest,post,1646670018,neutral
tt7ery,redditrequest,post,1648754397,neutral
t65zoj,redditrequest,post,1646353672,neutral
tdmjhr,redditrequest,post,1647223510,neutral
tqljs1,redditrequest,post,1648507848,neutral
t40pn4,redditrequest,post,1646113659,neutral
ts3lwg,redditrequest,post,1648637137,neutral
tmzl0y,redditrequest,post,1648151342,negative
todnxx,redditrequest,post,1648260665,neutral
tqmht9,redditrequest,post,1648510758,neutral
ties9k,redditrequest,post,1647756912,neutral
tjbzm9,redditrequest,post,1647869761,neutral
t7tvtc,redditrequest,post,1646552807,neutral
tgk5c2,redditsync,post,1647550749,neutral
tn0r82,relationships,post,1648152327,neutral
td6asm,sbubby,post,1647175934,neutral
ti8ljg,self,post,1647734974,negative
tokogy,shittydarksouls,post,1648285779,negative
t9n2qn,starterpacks,post,1646763286,negative
tsb0k1,swordartonline,post,1648659564,neutral
t91vx2,teenagers,post,1646693446,neutral
t84466,teenagers,post,1646588924,neutral
tn7iu2,teenagers,post,1648161487,neutral
tiq2v7,teenagers,post,1647797162,negative
t7ng2u,teenagers,post,1646528604,negative
tf8fpd,teenagers,post,1647402044,negative
tdf9cu,theHunter,post,1647202110,neutral
t7o3i6,uberdrivers,post,1646530852,negative
tjae95,uberdrivers,post,1647864834,negative
tploz5,uberdrivers,post,1648393256,negative
tn4ytw,ukraine,post,1648156146,neutral
ti514f,ukraine,post,1647724417,neutral
t42wrm,ukraine,post,1646121985,neutral
t52gye,ukraine,post,1646234599,neutral
tb857j,vancouver,post,1646944534,neutral
tdu0hb,vegan,post,1647252141,negative
tagwse,vegancirclejerk,post,1646858066,negative
t5a7a5,wallstreetbets,post,1646255150,neutral
t6sfy2,wallstreetbets,post,1646426582,neutral
t6z045,wallstreetbets,post,1646446191,neutral
t70xlq,wallstreetbets,post,1646452730,negative
t7aj99,wallstreetbets,post,1646490326,neutral
t9v90o,wallstreetbets,post,1646786117,neutral
tetbcc,wallstreetbets,post,1647362767,negative
tff8mx,wallstreetbets,post,1647429229,negative
tff96f,wallstreetbets,post,1647429289,neutral
thwq2w,wallstreetbets,post,1647701257,negative
tkocic,wallstreetbets,post,1648019738,negative
tng19t,wallstreetbets,post,1648190801,neutral
tng1qu,wallstreetbets,post,1648190867,negative
tnxvv1,wallstreetbets,post,1648238877,negative
tnyldj,wallstreetbets,post,1648240906,neutral
tom1fy,wallstreetbets,post,1648291999,neutral
tom3wu,wallstreetbets,post,1648292306,neutral
tomahi,wallstreetbets,post,1648293053,neutral
tqozjs,wallstreetbets,post,1648518841,neutral
tre38d,wallstreetbets,post,1648578830,negative
trz5l8,wallstreetbets,post,1648617842,neutral
t8sg99,war,post,1646668899,negative
t8h1zy,woooosh,post,1646627493,neutral
tpzl5o,zen,post,1648435994,neutral
tqyc9v,4chan,post,1648555811,neutral
t452i6,Adelaide,post,1646131107,neutral
tnj7c5,Animemes,post,1648205336,neutral
t5xqs8,AskALiberal,post,1646330920,neutral
tpu26c,BATProject,post,1648417619,neutral
t8oywf,Brawlstars,post,1646658846,negative
t6rm97,Catholicism,post,1646424290,neutral
ti8jhf,Christianity,post,1647734794,negative
t8zzxi,ClashRoyale,post,1646688511,negative
t7nxn4,CoDCompetitive,post,1646530299,neutral
tkju1z,CoDCompetitive,post,1648002632,neutral
t692p4,Colts,post,1646363313,neutral
t6ugbt,CombatFootage,post,1646432188,negative
tfhon6,Comcast_Xfinity,post,1647437334,neutral
tk9ee9,DBZDokkanBattle,post,1647973202,neutral
tjd0xl,DestinyTheGame,post,1647872762,negative
tqe39b,Epilepsy,post,1648487317,positive
tc0ly6,FantasyPL,post,1647034149,neutral
t5vs4d,FantasyPL,post,1646325910,neutral
tfe37z,FragReddit,post,1647424799,neutral
tr6qz1,HotWheels,post,1648571268,negative
tntxck,Kirby,post,1648231325,neutral
t5abxc,LeagueOfMemes,post,1646255517,negative
t6f92j,Military,post,1646386155,negative
tkc5z8,ModSupport,post,1647980543,neutral
tomuvi,ModSupport,post,1648295348,neutral
t3wnop,ModSupport,post,1646101019,neutral
tif6ox,ModSupport,post,1647758702,negative
thnvko,ModSupport,post,1647665408,negative
thu13c,ModSupport,post,1647692370,negative
tq0axh,ModSupport,post,1648438486,neutral
tjw9n3,NoStupidQuestions,post,1647929048,neutral
tp6hsb,NonBinary,post,1648334717,negative
tqm1h1,Omaha,post,1648509353,negative
ti5oey,OpTicGaming,post,1647726244,negative
tg6ijc,OreGairuSNAFU,post,1647510520,neutral
td5n6s,PiratedGames,post,1647173439,neutral
tkftps,PokemonTCG,post,1647990510,neutral
t5kwoo,SCJerk,post,1646287927,negative
thqzl3,ShadowBan,post,1647679194,neutral
tpd2ko,ShadowBan,post,1648357816,neutral
tlic2e,Sino,post,1648073425,neutral
tfn4xl,Tools,post,1647451169,neutral
tfxl67,Twitch,post,1647477345,negative
tipp68,Twitch,post,1647796139,negative
tp4vpl,Twitch,post,1648331067,negative
tcf9fn,USLPRO,post,1647087544,positive
tpvrzh,Vaping,post,1648422931,negative
tp689r,Watches,post,1648333897,neutral
tbeedp,WayOfTheBern,post,1646961660,negative
tqfx31,Weddingsunder10k,post,1648492225,neutral
ta5c32,australia,post,1646823467,neutral
t7br7s,australia,post,1646494044,neutral
t7oggy,autism,post,1646532086,negative
t4a0dk,axolotls,post,1646147309,neutral
tnwqld,canes,post,1648235643,neutral
t523lv,careerguidance,post,1646233579,neutral
t52bwe,careerguidance,post,1646234223,neutral
tkm079,circlejerk,post,1648009948,neutral
tt5tj8,comicbooks,post,1648750072,negative
t7inco,conspiracy,post,1646513741,negative
tbgovq,dankmemes,post,1646969037,neutral
t8535r,dankmemes,post,1646591551,negative
tfemp1,darkjokes,post,1647426879,negative
tp1eii,dating,post,1648323768,neutral
tpwr9b,dating,post,1648426209,neutral
tcoc5t,de,post,1647111802,neutral
tfyhml,discgolf,post,1647480118,neutral
tlasd4,discordapp,post,1648065267,neutral
tfrddp,facebook,post,1647459914,neutral
t4uhe9,facepalm,post,1646205173,negative
t5poyp,facepalm,post,1646307692,positive
t5xenz,facepalm,post,1646330066,negative
t6dpp0,facepalm,post,1646379627,negative
t6jsv8,facepalm,post,1646403079,negative
t6kah7,facepalm,post,1646404478,negative
t7inea,facepalm,post,1646513746,neutral
tgguta,facepalm,post,1647541876,neutral
thwfvt,facepalm,post,1647700395,neutral
tjh5pq,facepalm,post,1647883869,negative
tn6j2h,facepalm,post,1648158728,negative
tooysq,facepalm,post,1648302871,negative
tpx7tu,facepalm,post,1648427822,neutral
trtdq3,facepalm,post,1648598265,negative
tjk5ak,funny,post,1647891746,negative
tjt08t,futurama,post,1647917043,negative
tshc09,futurama,post,1648670230,neutral
tqc53f,gaming,post,1648482104,negative
tll66k,gaymersgonewild,post,1648078185,neutral
t43rdq,h3h3productions,post,1646125579,neutral
tb5zk3,help,post,1646938927,neutral
tb8p8a,help,post,1646946038,neutral
tbls93,ideasfortheadmins,post,1646988220,neutral
tnac7i,india,post,1648170053,neutral
toii64,india,post,1648275796,neutral
thhf3n,justneckbeardthings,post,1647644032,negative
tt4pe3,kpop,post,1648747069,negative
tk2n2f,linux4noobs,post,1647954521,negative
tqc1al,longrange,post,1648481812,negative
tck1pk,math,post,1647102728,neutral
t6tk6q,melbourne,post,1646429683,neutral
t9p5em,meme,post,1646768798,neutral
tkhttw,memes,post,1647996400,neutral
thbtw9,memes,post,1647628342,neutral
ta9ggb,memes,post,1646837484,negative
tl0smk,mildlyinfuriating,post,1648054265,negative
tltqt7,mildlyinfuriating,post,1648087136,negative
t8iczz,mildlyinfuriating,post,1646632350,neutral
tgxhmb,mildlyinfuriating,post,1647595979,negative
t8f00a,modelmakers,post,1646620507,neutral
ti0y7x,modhelp,post,1647712980,positive
tjadna,modhelp,post,1647864774,neutral
tq0r1b,morbidquestions,post,1648440091,neutral
t9g5os,navy,post,1646743951,neutral
tso2fm,optometry,post,1648688637,neutral
tpjyea,pornID,post,1648387773,neutral
tby7yt,raisedbyborderlines,post,1647027456,neutral
t7k32j,rant,post,1646518073,negative
t7k3z0,rant,post,1646518150,negative
tj815n,redditrequest,post,1647855917,neutral
touwvy,redditrequest,post,1648310715,neutral
t6lavd,redditrequest,post,1646407320,neutral
tm39yh,redditrequest,post,1648119522,neutral
tdt91a,redditrequest,post,1647249100,neutral
tdjs4n,redditrequest,post,1647214852,neutral
tbfe8r,redditrequest,post,1646964854,neutral
tadjp5,redditrequest,post,1646848718,neutral
t6vrsa,redditrequest,post,1646435996,neutral
taz4y3,redditrequest,post,1646920371,neutral
tnm106,redditrequest,post,1648215170,neutral
tjk9yj,redditrequest,post,1647892095,neutral
tjze17,redditrequest,post,1647942785,neutral
to9frl,redditrequest,post,1648254229,neutral
tjas94,redditrequest,post,1647866024,neutral
tgtib1,redditrequest,post,1647578932,neutral
tkfenq,redditrequest,post,1647989362,neutral
tk0eaw,redditrequest,post,1647946932,neutral
tbkgiv,redditrequest,post,1646982739,neutral
tpmb8o,redditrequest,post,1648395119,neutral
tqp6iw,redditrequest,post,1648519453,neutral
t52v77,redditrequest,post,1646235705,neutral
t5efxc,redditrequest,post,1646267160,neutral
t6f9be,redditrequest,post,1646386186,neutral
tsnulj,redditrequest,post,1648687947,neutral
tn3dt5,redditsync,post,1648154537,neutral
te16hc,regina,post,1647274620,neutral
t6na1u,sanfrancisco,post,1646412609,positive
te308p,saskatoon,post,1647279311,negative
tnvnom,shittydarksouls,post,1648233157,negative
t5vchy,soccercirclejerk,post,1646324749,negative
tcvxec,soccercirclejerk,post,1647134981,negative
tgqvhx,soccercirclejerk,post,1647570099,neutral
tm33h6,soccercirclejerk,post,1648118814,negative
tpuhjn,soccercirclejerk,post,1648418865,negative
ts5vzu,soccercirclejerk,post,1648645157,neutral
th5jwf,southafrica,post,1647621533,neutral
tcj2yz,steak,post,1647099977,neutral
tm02ue,stopdrinking,post,1648105825,neutral
tnjrsa,straya,post,1648207540,neutral
tbhcek,supportlol,post,1646971193,positive
t8qelc,sysadmin,post,1646663294,positive
t5b699,teenagers,post,1646257945,neutral
t857vz,teenagers,post,1646591913,neutral
ti31wg,teenagers,post,1647718870,negative
t6eekp,teenagers,post,1646382489,neutral
t6pt7y,teenagers,post,1646419343,negative
thoyu9,teenagers,post,1647669912,negative
tkw7ee,uberdrivers,post,1648048539,negative
t7k099,ukraine,post,1646517848,positive
t7a4qe,ukraine,post,1646489095,neutral
t5o0vj,ukraine,post,1646300829,neutral
t64edv,unpopularopinion,post,1646349028,negative
traqw1,vzla,post,1648576137,neutral
t4bmix,wallstreetbets,post,1646151530,neutral
t5db2n,writing,post,1646263796,positive
ts03oe,yugioh,post,1648621550,negative
tsjzmb,yugioh,post,1648676375,negative
tsk59h,yugioh,post,1648676803,negative
t5999t,2007scape,post,1646252579,positive
t7otss,ADHD,post,1646533371,positive
tbrxeg,AMA,post,1647010755,negative
tbj2cd,AceAttorney,post,1646977315,neutral
tddkm6,Advice,post,1647197457,neutral
t6043m,Amsterdam,post,1646337253,neutral
tgczuy,AskMen,post,1647531473,neutral
tazlk5,AskReddit,post,1646921671,negative
tbbbuy,AskReddit,post,1646952731,neutral
tbbd73,AskReddit,post,1646952828,neutral
ti4gsm,AskReddit,post,1647722827,neutral
ti4itf,AskReddit,post,1647722985,neutral
tqe69c,AskReddit,post,1648487536,neutral
t4gc0c,AutoModerator,post,1646163593,neutral
t6s01q,AutoModerator,post,1646425355,neutral
t9lt6r,AutoModerator,post,1646759974,neutral
tah089,AutoModerator,post,1646858325,neutral
tdxjpw,AutoModerator,post,1647264624,neutral
tfvct0,AutoModerator,post,1647470782,neutral
ti8gg1,AutoModerator,post,1647734529,neutral
tjqqav,AutoModerator,post,1647910015,neutral
t4cil1,AutoModerator,post,1646153826,neutral
tre4vn,BeardAdvice,post,1648578958,neutral
ti6rqd,Berserk,post,1647729425,negative
t8j4l0,BillBurr,post,1646635397,neutral
tksxpu,BoostForReddit,post,1648038931,neutral
t6rydu,ClashRoyale,post,1646425227,negative
tf4tlt,CoinBase,post,1647390727,neutral
tmtokb,Comcast_Xfinity,post,1648146361,neutral
t57nv5,Comcast_Xfinity,post,1646248315,neutral
t5tq0r,Comcast_Xfinity,post,1646320309,neutral
tsbyma,CryptoCurrency,post,1648662147,negative
tesiv3,DiWHY,post,1647360646,neutral
thudgn,DynastyFF,post,1647693629,positive
tck4mn,FemBoys,post,1647102968,negative
tqx33m,FemBoys,post,1648551187,negative
tdc52b,FreeSpeech,post,1647193482,negative
tt4fzt,Gamingcirclejerk,post,1648746351,negative
tpbrkl,GoNets,post,1648352674,negative
tqkr5d,HollowKnight,post,1648505566,neutral
tb7ibq,Jobs4Bitcoins,post,1646942783,neutral
t6ogs0,JustUnsubbed,post,1646415748,negative
tdb6nm,Juve,post,1647190806,neutral
tirkel,MaddenUltimateTeam,post,1647801213,negative
tfxl4i,MaddenUltimateTeam,post,1647477341,neutral
tdmbwf,Mario,post,1647222833,neutral
t672xh,Minecraft,post,1646357039,neutral
tjggha,ModSupport,post,1647881992,neutral
tkumu5,ModSupport,post,1648044203,negative
tkvdjq,ModSupport,post,1648046263,negative
tkvl44,ModSupport,post,1648046868,negative
thf9ds,ModSupport,post,1647637815,negative
tjopgv,NUFC,post,1647904043,neutral
t5kzzp,Nepal,post,1646288292,neutral
tdi3gh,Nepal,post,1647209930,neutral
tnkte9,Nepal,post,1648211239,neutral
tdwd6x,NoFap,post,1647260963,neutral
tfg21a,OnePiece,post,1647432155,negative
tj8rt4,PeakyBlinders,post,1647858934,negative
t66psk,PersonalFinanceCanada,post,1646355931,negative
t5n20h,Random_Acts_Of_Amazon,post,1646296635,positive
tipt5g,Rants,post,1647796440,negative
tsstgo,SCJerk,post,1648704936,negative
tjfsgs,ShittyLifeProTips,post,1647880202,negative
tpncyx,ShittyLifeProTips,post,1648398178,neutral
tkg67d,SocialJusticeInAction,post,1647991479,negative
t7zu4w,Standup,post,1646576787,positive
tihz9j,TooAfraidToAsk,post,1647771276,negative
tk0r48,TrueOffMyChest,post,1647948280,negative
tru2h5,TrueOffMyChest,post,1648600460,negative
tkoaeh,UCI,post,1648019478,neutral
t4gbfd,Vent,post,1646163547,negative
tf4yox,XXXTENTACION,post,1647391144,negative
tny16x,Zoomies,post,1648239307,negative
tjis8n,asexuality,post,1647888131,neutral
t43ncy,ask,post,1646125151,neutral
tr67tu,assholedesign,post,1648570494,neutral
tkkfyd,atheism,post,1648004635,negative
tq48jc,autism,post,1648454221,neutral
ter3w6,canada,post,1647356853,negative
ti2pn8,canada,post,1647717899,negative
t9yvak,canada,post,1646797716,negative
t7w1hk,climate,post,1646562344,neutral
t63zkm,communism,post,1646347891,neutral
tan3sj,communism,post,1646875766,negative
tkxqyo,conspiracy,post,1648051272,negative
t9wbpc,conspiracy,post,1646789475,neutral
t7wsik,conspiracy,post,1646565697,negative
tnl50r,dankmemes,post,1648212370,neutral
t7qz8m,dankruto,post,1646540910,neutral
t584ku,discordapp,post,1646249574,negative
t703iq,discordapp,post,1646449848,neutral
t7yk5g,discordapp,post,1646572679,neutral
t9nk42,discordapp,post,1646764546,neutral
tab7q5,discordapp,post,1646842396,negative
tavup5,discordapp,post,1646908329,neutral
tgzvrn,discordapp,post,1647605437,neutral
tjljub,discordapp,post,1647895471,negative
tjww3r,discordapp,post,1647931624,neutral
tkj89l,discordapp,post,1648000713,neutral
tkj9gl,discordapp,post,1648000814,neutral
tpju43,discordapp,post,1648387350,negative
tpjwjj,discordapp,post,1648387592,negative
tiuf62,dubai,post,1647809062,negative
thl1vn,dune,post,1647655364,negative
thlfmk,dune,post,1647656676,negative
tjffyz,dyinglight,post,1647879281,positive
teyeby,forhonor,post,1647373939,neutral
tcwoba,fredericton,post,1647137484,neutral
tn7bv6,gaming,post,1648160943,positive
tr1imr,gencon,post,1648564547,neutral
th8lmu,geometrydash,post,1647625373,neutral
t5yk7d,gog,post,1646333097,negative
t5h0t8,gpumining,post,1646275008,neutral
tbsl5y,halo,post,1647012597,neutral
tapbti,help,post,1646882704,neutral
tnjjl4,howyoudoin,post,1648206687,negative
tjhodo,itookapicture,post,1647885280,negative
tl2u1i,kpophelp,post,1648056349,negative
t7dxu7,leagueoflegends,post,1646500170,negative
tk9pri,leaves,post,1647974021,negative
t8vtei,lebanon,post,1646677645,neutral
taqz1e,maui,post,1646888311,neutral
tlvvso,mazda3,post,1648090214,neutral
tsney4,meme,post,1648686539,neutral
tf6nbq,memes,post,1647396293,neutral
tlsiz7,modhelp,post,1648085827,neutral
tk7btt,modhelp,post,1647967704,neutral
t46r7d,modhelp,post,1646137412,negative
t4phr9,modhelp,post,1646188694,neutral
t8fnj2,nba,post,1646622664,neutral
tpbzrg,nbacirclejerk,post,1648353547,neutral
tlfy6p,ApplyingToCollege,post,1648070689,neutral
tdrsrd,ArianaGrande,post,1647242846,negative
tn9q5w,AskHistorians,post,1648168088,negative
t9wlu2,AskModerators,post,1646790382,negative
tc2rw1,AskReddit,post,1647040309,negative
tb1pxj,AskReddit,post,1646927621,negative
thzv1i,AskReddit,post,1647710003,negative
tjkhs9,AskReddit,post,1647892677,neutral
tnf1k2,AskRedditAfterDark,post,1648186499,neutral
ts9ftk,AskThe_Donald,post,1648655320,negative
tlj3bo,AskUK,post,1648074923,negative
t3vnb7,Austin,post,1646098039,negative
texdgo,Austin,post,1647371804,negative
texw9p,Austin,post,1647372766,negative
tmudm0,Austin,post,1648146940,negative
tn315q,Austin,post,1648154237,negative
tn5ynv,Austin,post,1648157119,negative
tn68fr,Austin,post,1648157895,neutral
thbvdi,BBW,post,1647628455,negative
t8mj3j,COMPLETEANARCHY,post,1646649927,negative
truc9f,COMPLETEANARCHY,post,1648601364,negative
tgc5np,CallOfDuty,post,1647529198,neutral
tgnenz,Christians,post,1647559715,negative
t6fa59,ClashOfClans,post,1646386285,neutral
t7o7pw,CoDCompetitive,post,1646531259,neutral
tqqzze,CollegeBasketball,post,1648525620,negative
ts6sa4,Colorado,post,1648647900,negative
tbuova,Comcast_Xfinity,post,1647018377,neutral
tgbb1u,Cricket,post,1647526754,neutral
tp2cpe,DarkFuturology,post,1648324698,negative
ti3wy7,DebateAnAtheist,post,1647721271,negative
tkefeq,Destiny,post,1647986629,negative
ti0d9c,DestinyTheGame,post,1647711380,negative
tb1ma0,DestinyTheGame,post,1646927333,negative
togu0a,Dogtraining,post,1648268807,neutral
tci8qp,Entrepreneur,post,1647097518,neutral
tl0m4r,Existentialism,post,1648054002,neutral
t6104i,FFVIIRemake,post,1646339613,neutral
tpehhf,FL_Studio,post,1648364133,negative
t7748p,FUTMobile,post,1646477894,neutral
tobq8u,FemBoys,post,1648259013,neutral
t9vmbo,FreeKarma4You,post,1646787249,negative
tcuruh,FreeKarma4You,post,1647131127,neutral
ti4ayf,FreeKarma4You,post,1647722375,neutral
tsie0n,FreeKarma4You,post,1648672068,negative
tl8ez4,GamerGhazi,post,1648061890,negative
t4lzrz,GoForGold,post,1646178439,positive
tbs3cq,Grimes,post,1647011180,negative
tekufx,Guildwars2,post,1647335631,negative
tfd5co,Guitar,post,1647420832,neutral
tg6p8r,Guitar,post,1647511273,negative
tnqbk8,Homebrewing,post,1648226800,neutral
t4cd7r,INTP,post,1646153455,negative
t83490,IndianGaming,post,1646586186,neutral
taaf4n,IndianGaming,post,1646840213,negative
td122h,IndianGaming,post,1647153870,negative
td12q1,IndianGaming,post,1647153951,negative
tg7m8y,IndianGaming,post,1647514922,neutral
t8ovvo,IndoorGarden,post,1646658593,neutral
t6w2qn,JordanPeterson,post,1646436892,negative
tqatgm,JordanPeterson,post,1648478470,negative
tqi1hb,JordanPeterson,post,1648497946,negative
t9ajeu,JustUnsubbed,post,1646720978,negative
t54bya,JustUnsubbed,post,1646239634,negative
tqjc2b,MemesIRL,post,1648501417,negative
t3w2c5,Minecraft,post,1646099299,negative
t3zkgn,Minecraft,post,1646109837,negative
trzqq6,MinecraftBuddies,post,1648620121,neutral
td2dob,ModSupport,post,1647159616,neutral
tix1kj,ModSupport,post,1647816472,neutral
t9jmcq,ModSupport,post,1646754319,negative
t6q1mw,ModSupport,post,1646419963,neutral
tjfu3y,NoStupidQuestions,post,1647880318,neutral
tfxk6l,NoStupidQuestions,post,1647477261,neutral
t5oft6,OnePiece,post,1646302602,negative
tpn14f,OnePiece,post,1648397212,neutral
t6xw03,Palestine,post,1646442511,neutral
t8jwzo,PennStateUniversity,post,1646638689,neutral
tpg5nd,PennStateUniversity,post,1648371983,neutral
t40bek,PokemonTCG,post,1646112241,negative
tlbn8u,Rainbow6,post,1648065973,neutral
tlbqtg,Rainbow6,post,1648066052,neutral
tso4so,RocketLeague,post,1648688860,neutral
thdau6,SaltLakeCity,post,1647632404,negative
t5uh62,Sat,post,1646322383,negative
tm5x9t,Scotland,post,1648125030,neutral
t839fk,ShadowBan,post,1646586583,neutral
t5vd71,Slipknot,post,1646324793,negative
tlgqek,SpaceXLounge,post,1648071603,negative
t63ua6,StarWars,post,1646347480,neutral
tf8ftq,Steam,post,1647402057,neutral
tpkklc,Stellaris,post,1648389702,neutral
tpfaue,SubredditDrama,post,1648367950,negative
t8jrox,SubredditDrama,post,1646638069,neutral
t8rwo7,TheForest,post,1646667442,neutral
tr9ex8,TheMentalist,post,1648573195,neutral
t5s1w3,TheSimpsons,post,1646315571,neutral
tmp3l6,Torontobluejays,post,1648142424,neutral
tsb0f6,TownofSalemgame,post,1648659553,negative
th6a28,Trumpgret,post,1647622784,neutral
t8bra7,UkrainianConflict,post,1646610255,neutral
t5hnqq,Unexpected,post,1646276989,positive
tag9qj,VictoriaBC,post,1646856284,negative
te4uns,VoiceActing,post,1647284149,neutral
t6nt6b,WatchRedditDie,post,1646414012,negative
t4duh7,WatchRedditDie,post,1646157259,negative
tbzu8j,actuary,post,1647031978,negative
tqpvhp,army,post,1648521753,neutral
tog7op,asexuality,post,1648266485,neutral
t8232q,ask,post,1646583364,negative
t7bbiq,batman,post,1646492714,neutral
tq8y8y,buccos,post,1648472966,neutral
tqdgb2,chelseafc,post,1648485634,negative
te83ze,communism,post,1647292803,neutral
tgxdtj,crossdressing,post,1647595537,neutral
tl7taa,dankchristianmemes,post,1648061305,neutral
tkx8zq,dankmemes,post,1648050801,neutral
td3mif,dankmemes,post,1647165021,negative
tbv7k6,dating,post,1647019802,neutral
t4g6hz,destiny2,post,1646163190,neutral
tt35c5,discordapp,post,1648742840,neutral
tde4nw,dontyouknowwhoiam,post,1647198982,neutral
t62btj,exchristian,post,1646343324,neutral
t62jtv,exchristian,post,1646343940,neutral
tndbxr,findareddit,post,1648180063,negative
toyc3u,fountainpens,post,1648315364,negative
toagfr,fragrance,post,1648257613,negative
tq2vw8,ftm,post,1648448376,neutral
tslwot,funny,post,1648681863,negative
t8au1l,gonewild,post,1646607531,positive
tk63sn,granturismo,post,1647964464,positive
t8djw8,greysanatomy,post,1646615839,neutral
tecaj8,help,post,1647304761,negative
topxzz,help,post,1648303913,neutral
tg06r5,help,post,1647485504,neutral
teobi6,hiking,post,1647348788,negative
tq20n7,horror,post,1648444782,neutral
tilxzx,india,post,1647785572,negative
tjexlr,insurgency,post,1647877954,negative
tnnphy,kansascity,post,1648220120,negative
ticoka,learnprogramming,post,1647748792,neutral
tim5ox,meta,post,1647786224,negative
tcrqwo,mildlyinfuriating,post,1647121808,negative
tdakkc,mildlyinfuriating,post,1647189100,negative
td2pk6,mildlyinfuriating,post,1647161094,negative
tgj6rz,mildlyinfuriating,post,1647548161,negative
tqzmcw,minecraftsuggestions,post,1648560100,negative
ta7cci,modhelp,post,1646831052,neutral
tj0mqt,modhelp,post,1647827458,neutral
t824k7,modhelp,post,1646583486,neutral
tbzrj1,modhelp,post,1647031775,neutral
tiogll,modhelp,post,1647792779,neutral
tl15lh,nflcirclejerk,post,1648054558,negative
tcu0bf,northernireland,post,1647128653,neutral
t9wsq2,orangecounty,post,1646790982,positive
tfrs4z,orangecounty,post,1647461023,neutral
t6xbbg,pcgaming,post,1646440691,neutral
t6xcea,pcgaming,post,1646440793,neutral
tjvxv5,pennystocks,post,1647927705,negative
t97d2l,podcasting,post,1646709948,neutral
ta9a87,pokemon,post,1646836975,neutral
tfi4un,puppy101,post,1647438664,positive
t62djm,quittingkratom,post,1646343453,positive
td05fh,ratemyboobs,post,1647150217,neutral
tdfg7o,redditrequest,post,1647202635,neutral
tq5u3x,redditrequest,post,1648461548,neutral
te8az7,redditrequest,post,1647293313,neutral
tiz2m9,redditrequest,post,1647822561,neutral
tn6s6k,redditrequest,post,1648159411,negative
tbgv5a,redditrequest,post,1646969611,neutral
t7ruvy,redditrequest,post,1646544250,neutral
t4o6av,redditrequest,post,1646184737,neutral
th1stt,redditrequest,post,1647611475,neutral
tpnvw3,redditrequest,post,1648399723,neutral
tbvfy6,redditrequest,post,1647020441,neutral
tiqfge,redditrequest,post,1647798110,neutral
t5fecu,redditrequest,post,1646270078,neutral
te93el,redditrequest,post,1647295568,neutral
taq1xc,redditrequest,post,1646885076,neutral
tpbu6z,redditrequest,post,1648352957,neutral
tpbvl7,redditrequest,post,1648353105,neutral
tgvzvh,redditrequest,post,1647589291,neutral
tiru4t,redditrequest,post,1647801949,neutral
teln3l,redditrequest,post,1647339066,neutral
t4xjhy,redditrequest,post,1646218049,neutral
tjvvax,redditrequest,post,1647927406,neutral
t9v3le,roblox,post,1646785654,neutral
tqk79q,scuba,post,1648503885,neutral
tcl3xt,steelers,post,1647105258,neutral
tc2j35,sugarlifestyleforum,post,1647039606,negative
tsuobj,synology,post,1648712921,neutral
te6fyb,thelastofus,post,1647288305,neutral
tpn07x,tinnitus,post,1648397140,positive
tiulfw,touhou,post,1647809539,negative
tfiek6,trees,post,1647439430,negative
t4ps4u,ukraine,post,1646189565,negative
t7do9l,ukraine,post,1646499442,negative
t92fdi,ukraine,post,1646694935,neutral
t839b1,unitedkingdom,post,1646586573,neutral
ts83oi,utdallas,post,1648651670,neutral
tfouns,vexillology,post,1647455747,negative
tirsop,wallstreetbets,post,1647801840,neutral
to9gy1,wallstreetbets,post,1648254334,neutral
toloxz,wallstreetbets,post,1648290418,neutral
tp5sme,wallstreetbets,post,1648332717,neutral
tqp28m,wallstreetbets,post,1648519084,neutral
