id,subreddit,kind,timestamp,sentiment_wrt_mods
lh64jg,AskTrumpSupporters,post,1612997121,negative
lssi6z,Bladesmith,post,1614324391,neutral
ltkisb,CatAdvice,post,1614418123,positive
ls87h3,CoinBase,post,1614264657,negative
lu9vx8,CombatFootage,post,1614496736,negative
lbi728,Cricket,post,1612336801,negative
lmmmq6,FORTnITE,post,1613654446,neutral
lj7sci,MakeupAddiction,post,1613245998,negative
lkx8y2,MakeupAddiction,post,1613454783,negative
lnjqhm,ModSupport,post,1613751591,negative
lu4k9e,NYKnicks,post,1614483305,neutral
lrgsn0,NoStupidQuestions,post,1614184020,negative
lfh633,WatchRedditDie,post,1612806147,negative
lktzmj,WeAreTheMusicMakers,post,1613443892,negative
lhxs7n,cardano,post,1613085681,neutral
lf6brp,custommagic,post,1612767708,negative
lgbldc,dankmemes,post,1612899807,negative
lthnrj,dankmemes,post,1614405536,neutral
le3p94,dogecoin,post,1612636702,neutral
lfhtms,dragonage,post,1612807840,negative
lpy47g,findaleague,post,1614023763,negative
lhsoql,findareddit,post,1613072304,negative
lekoj6,homeless,post,1612696801,neutral
lspb1w,indonesia,post,1614311787,negative
ll5qks,memes,post,1613488104,negative
leqtsg,modhelp,post,1612718588,negative
lm8bop,nbacirclejerk,post,1613605874,negative
lklmin,rape,post,1613418975,neutral
lswnso,redditrequest,post,1614342166,neutral
lqf8sm,redditrequest,post,1614075964,neutral
lgkc41,redditrequest,post,1612925864,neutral
ljv78x,redditrequest,post,1613330484,positive
lb3zje,redditrequest,post,1612293795,neutral
leh3gj,redditrequest,post,1612679233,neutral
lgccn7,redditrequest,post,1612901769,neutral
lfu717,redditrequest,post,1612843620,neutral
lhqumr,survivor,post,1613067502,negative
lha0hb,teenagers,post,1613008433,negative
lpf7mp,teenagers,post,1613968677,negative
liq34x,thebachelor,post,1613179771,positive
lkzndn,unpopularopinion,post,1613464643,negative
lqrnd4,vegancirclejerk,post,1614110761,neutral
lh7buv,wallstreetbets,post,1613000384,negative
lacu5e,wallstreetbets,post,1612210442,neutral
ld13xm,wallstreetbets,post,1612505931,negative
lc9r73,wallstreetbets,post,1612421102,negative
lca8l7,wallstreetbets,post,1612423084,neutral
ldmrmp,worldpolitics,post,1612575088,negative
lp2orp,worldpolitics,post,1613930573,neutral
ljusus,ABCDesis,post,1613329342,neutral
lsoejc,Hiphopcirclejerk,post,1614308836,neutral
liuvoq,KingOfTheHill,post,1613197129,neutral
len72y,Polska,post,1612707204,negative
lk27gz,Rainbow6,post,1613351683,negative
llf9ie,Rainbow6,post,1613514148,negative
lrzj73,ShadowBan,post,1614232371,neutral
lb8pht,TooAfraidToAsk,post,1612305511,negative
ljq0w6,TwoXChromosomes,post,1613315309,neutral
ltqgp9,WayOfTheBern,post,1614439869,negative
lki61s,alberta,post,1613409486,positive
lslb53,bayarea,post,1614299402,negative
li3k4a,books,post,1613103851,negative
lptgne,booksuggestions,post,1614013085,neutral
lfpm7n,conspiracy,post,1612828854,negative
lalzgy,modhelp,post,1612235448,negative
lblx4j,orangetheory,post,1612353130,positive
lc98sc,prisonarchitect,post,1612419042,negative
lomovw,puppy101,post,1613873768,neutral
lhle43,redditrequest,post,1613052547,neutral
lpwufj,redditrequest,post,1614020760,neutral
lf1o6w,redditrequest,post,1612750537,neutral
ltwom3,redditrequest,post,1614457953,neutral
lbolqb,redditrequest,post,1612362299,neutral
lcgn4d,redditrequest,post,1612448486,neutral
lbuauo,redditrequest,post,1612376677,neutral
lsrjhi,redditrequest,post,1614320183,neutral
lk7ypf,redditrequest,post,1613371991,neutral
lcipe0,redditrequest,post,1612454195,neutral
lldkdn,redditrequest,post,1613509335,neutral
lay4hc,redditrequest,post,1612279581,neutral
lo98ec,splatoon,post,1613834485,neutral
lsncur,unpopularopinion,post,1614305841,negative
lctba8,unpopularopinion,post,1612481013,negative
lc7rc1,wallstreetbets,post,1612413834,neutral
lrp3fo,wallstreetbets,post,1614206242,neutral
lu248v,wallstreetbets,post,1614475405,neutral
lcfrk9,wallstreetbets,post,1612445754,negative
lkttwy,ActionFigures,post,1613443385,neutral
lm7my6,BipolarReddit,post,1613603916,neutral
ll1g8o,HealthyFood,post,1613472911,neutral
ll1o6j,HealthyFood,post,1613473835,negative
lckfej,HomeDepot,post,1612458467,negative
lnb1bu,Izlam,post,1613723871,neutral
lg5adg,LifeProTips,post,1612883345,neutral
lg5bz4,LifeProTips,post,1612883471,neutral
lfhopg,McMaster,post,1612807472,neutral
loydes,Nootropics,post,1613918426,neutral
lnykv9,PlusSize,post,1613793328,neutral
lgu8zp,RATS,post,1612965769,negative
lm24o0,RedditCensors,post,1613589119,negative
lqf547,Scotland,post,1614075590,neutral
ljwh0m,ShadowBan,post,1613334121,negative
lth4n5,Wizard101,post,1614403437,negative
leviga,amazon,post,1612731856,negative
lbwkep,anarchy,post,1612382191,neutral
lt5lku,anarchy,post,1614367526,neutral
l9rve9,aznidentity,post,1612144456,negative
lmay9c,baseball,post,1613613720,neutral
lf1588,bugs,post,1612748891,negative
lg0q6d,bugs,post,1612869464,neutral
lihup1,bugs,post,1613155981,negative
lj3dgz,bugs,post,1613232737,neutral
lkkd4f,bugs,post,1613415552,neutral
lcpxq1,cripplingalcoholism,post,1612472252,negative
lrkyre,cripplingalcoholism,post,1614194296,neutral
lcjjwp,dankmemes,post,1612456331,negative
lprsu3,dankmemes,post,1614009254,positive
lbnnc8,dogecoin,post,1612359397,negative
lerx2w,findareddit,post,1612721715,negative
lpgmo6,hinduism,post,1613973753,neutral
luaae5,memes,post,1614498411,neutral
lhq71h,memes,post,1613065795,negative
lje8jw,mentalhealth,post,1613266143,negative
lrntpj,milf,post,1614203016,neutral
lsgb8f,minecraftsuggestions,post,1614285611,positive
lktjah,modhelp,post,1613442432,neutral
lcqkb9,options,post,1612473814,neutral
laudsi,pathofexile,post,1612268765,neutral
ljz31u,pathofexile,post,1613341905,negative
ljztjq,pathofexile,post,1613344187,negative
lkfsvx,pathofexile,post,1613402692,negative
lkndm1,pathofexile,post,1613423731,negative
lhu1f3,pennystocks,post,1613075684,negative
lhb24y,pitbulls,post,1613011644,negative
li2r3i,redditrequest,post,1613101108,neutral
lfi7vr,redditrequest,post,1612808876,neutral
lhpbkw,redditrequest,post,1613063504,neutral
ldh9ek,runescape,post,1612559111,negative
llye22,samsung,post,1613579399,neutral
lny13o,samsung,post,1613791488,positive
loyndo,socialjustice101,post,1613919351,neutral
lolwyy,teenagers,post,1613871103,neutral
lizlep,touhou,post,1613218941,positive
lrk1mz,unpopularopinion,post,1614191992,negative
lk5rde,unpopularopinion,post,1613363703,neutral
lm2bjp,waifuism,post,1613589645,negative
lszisk,wallstreetbets,post,1614351933,neutral
lcgsoi,wallstreetbets,post,1612448966,negative
ln94oh,AskReddit,post,1613716764,neutral
ls8pap,AskReddit,post,1614265937,negative
lt8lhv,AskReddit,post,1614375714,negative
lifxfs,AskVet,post,1613150942,neutral
lc1oi5,CoinBase,post,1612395383,negative
ln8olq,CoinBase,post,1613715251,negative
le5sj5,Columbus,post,1612642536,negative
llkce0,CryptoCurrency,post,1613530445,positive
lbub56,Jokes,post,1612376697,negative
lpsgpy,ModSupport,post,1614010766,neutral
lbwhk3,ModSupport,post,1612381987,neutral
lasvnd,Oppression,post,1612262589,negative
loz9hf,RocketLeague,post,1613921166,negative
lp08za,RocketLeague,post,1613923948,negative
lj9ac3,Sino,post,1613250409,negative
liwycx,Stellar,post,1613206307,negative
lqv8o5,Twitch,post,1614120237,negative
lddzlo,WatchRedditDie,post,1612550495,negative
lkoeco,ask,post,1613426610,neutral
lub9qw,dankmemes,post,1614502329,neutral
lgcb5g,forhonor,post,1612901652,negative
labpjb,help,post,1612207685,negative
lfdjec,rant,post,1612796390,negative
leiat7,redditrequest,post,1612684848,neutral
lr7une,redditrequest,post,1614156042,neutral
le4nt5,redditrequest,post,1612639372,neutral
lsg8m3,redditrequest,post,1614285405,neutral
l9zxhw,redditrequest,post,1612174196,neutral
ls8zuk,redditrequest,post,1614266698,neutral
ldx57x,redditrequest,post,1612616108,neutral
llykl8,redditrequest,post,1613579843,neutral
lev84d,redditrequest,post,1612731053,neutral
la4pd8,sporetraders,post,1612190962,negative
lc6yo6,wallstreetbets,post,1612411221,neutral
lcxly4,wallstreetbets,post,1612493405,positive
lbluot,wallstreetbets,post,1612352846,negative
lkp7ef,wallstreetbets,post,1613428918,negative
lc6xrr,wallstreetbets,post,1612411149,neutral
lmgcyt,wallstreetbets,post,1613631564,neutral
ltana6,Billions,post,1614381631,neutral
ldoqxs,CanadianInvestor,post,1612581699,negative
lgdney,CollegeBasketball,post,1612905253,neutral
lq18p5,CryptoCurrency,post,1614031249,negative
lgbnuw,Libertarian,post,1612899987,negative
lklw50,SquaredCircle,post,1613419678,negative
lm5467,TuberSimulator,post,1613597086,neutral
lfkcza,beta,post,1612814491,neutral
lsbftu,circlejerk,post,1614273009,neutral
lnw2v9,conspiracy,post,1613785171,negative
lbaxng,copypasta,post,1612311962,negative
lfnmm9,dogecoin,post,1612823137,negative
lleugt,gay,post,1613512936,negative
lquo3y,golf,post,1614118646,positive
lbidyf,halo,post,1612337634,neutral
lhywue,insanepeoplefacebook,post,1613088929,neutral
ls5wcj,loltyler1,post,1614257511,negative
lhg1rl,modhelp,post,1613030799,neutral
lod2zj,redditrequest,post,1613845124,neutral
lj41o1,redditrequest,post,1613234825,neutral
llkgc0,redditrequest,post,1613530789,neutral
lqyhmg,redditrequest,post,1614127325,neutral
lsb86w,teenagers,post,1614272468,neutral
ln5qbs,teenagers,post,1613706055,positive
lc70cm,wallstreetbets,post,1612411363,negative
liaxwj,wallstreetbets,post,1613136231,negative
lc8qg0,wallstreetbets,post,1612417165,neutral
laol0h,wallstreetbets,post,1612244246,neutral
lc9ux6,wallstreetbets,post,1612421526,neutral
lshsdd,1200isplenty,post,1614289566,neutral
ll7n09,AskReddit,post,1613493303,negative
ll7pp4,AskReddit,post,1613493517,negative
ll7qg3,AskReddit,post,1613493578,negative
lk2fpu,CryptoCurrency,post,1613352448,negative
llardb,DestinyTheGame,post,1613501684,negative
laf25q,HealthAnxiety,post,1612215820,negative
lbsxno,HealthAnxiety,post,1612373438,neutral
lm1qas,HealthAnxiety,post,1613588085,negative
lab8b2,MLS,post,1612206534,neutral
lhv90j,ModSupport,post,1613078830,neutral
lb2ubn,MorbidReality,post,1612290917,neutral
lehg3u,MurderedByWords,post,1612680838,negative
lbilz6,Paranormal,post,1612338608,negative
lffamq,SexPositive,post,1612801206,negative
loftmu,WatchRedditDie,post,1613852628,negative
lfi6uw,WhatsWrongWithYourDog,post,1612808799,negative
lactfk,XRP,post,1612210394,negative
lkceqy,atheism,post,1613390754,negative
lhn1m7,brexit,post,1613057350,neutral
lfuvp6,censorship,post,1612846081,negative
le8q4n,cocaine,post,1612651144,neutral
li5ol9,conspiracy,post,1613112482,neutral
lb4s2o,csuf,post,1612295787,neutral
lpwkpy,discordapp,post,1614020174,neutral
lab5d4,dogecoin,post,1612206342,positive
lt93wc,fut,post,1614377140,negative
lcxzmz,memes,post,1612494585,neutral
lbxhmi,modhelp,post,1612384435,negative
lfx5r5,movies,post,1612855129,negative
lq48s5,redditrequest,post,1614039425,neutral
ltitll,redditrequest,post,1614410377,neutral
lql07p,redditrequest,post,1614094150,neutral
la0jut,redditrequest,post,1612176832,neutral
lg9kxv,redditrequest,post,1612894623,neutral
lclupu,redditrequest,post,1612462074,neutral
lj5hqr,redditrequest,post,1613239191,neutral
ldyxgg,redditrequest,post,1612622672,neutral
lirbnd,snapleaks,post,1613183940,neutral
lfh3ke,teenagers,post,1612805963,negative
lfibc9,teenagers,post,1612809129,neutral
ll74gy,wallstreetbets,post,1613491899,neutral
ld76h6,wallstreetbets,post,1612531942,negative
la7qdn,wallstreetbets,post,1612198278,neutral
ld0jdy,wallstreetbets,post,1612503657,negative
lcudyo,wallstreetbets,post,1612483984,neutral
lc6qur,wallstreetbets,post,1612410484,negative
likdmh,xboxone,post,1613162908,negative
lhxlcc,4chan,post,1613085121,neutral
lffoax,ABCDesis,post,1612802246,neutral
ldgntu,AskReddit,post,1612557492,neutral
ln3kje,AskReddit,post,1613699554,neutral
lsagil,Championship,post,1614270520,neutral
leinul,NavalAction,post,1612686637,negative
lcbvz0,Negareddit,post,1612430003,negative
ltkots,NoFap,post,1614418883,negative
leih8f,NoMansSkyTheGame,post,1612685687,neutral
lhgh3u,PacificRim,post,1613032793,neutral
lty84t,SimplePlanes,post,1614462787,neutral
ln94cq,SuddenlyGay,post,1613716730,neutral
lijtj8,SuicideWatch,post,1613161321,negative
ldk8g4,TwoXSex,post,1612567327,positive
lmzlpq,UCSantaBarbara,post,1613688373,negative
lmzo9h,UCSantaBarbara,post,1613688561,negative
lu3d3c,Undertale,post,1614479738,positive
ld1b9u,cyberpunkgame,post,1612506783,neutral
loiktv,dogecoin,post,1613860756,neutral
ltppu3,europe,post,1614437638,positive
lpvyxe,findareddit,post,1614018772,negative
ltc87g,forhonorknights,post,1614386704,neutral
lugz23,gaybroscirclejerk,post,1614521487,positive
lpdtfa,insanepeoplefacebook,post,1613963921,neutral
lacjen,memes,post,1612209715,negative
ls6w9s,mildlyinfuriating,post,1614260695,negative
ll1zu3,minnesotatwins,post,1613475239,neutral
lnxod8,modhelp,post,1613790315,neutral
lpwqso,nba,post,1614020532,negative
lbzvf5,nfl,post,1612390428,neutral
lky1zx,papermario,post,1613457871,neutral
lcww8y,pewdiepie,post,1612491262,negative
lg8ky2,pewdiepie,post,1612892117,neutral
lu2r4f,pics,post,1614477534,neutral
lq49it,redditrequest,post,1614039486,neutral
lt3nhp,redditrequest,post,1614362459,neutral
lpbuxi,redditrequest,post,1613957437,neutral
lriawf,redditrequest,post,1614187722,neutral
lrib9t,redditrequest,post,1614187749,neutral
lt0cdy,trains,post,1614354284,positive
loh2tz,unpopularopinion,post,1613856203,negative
lqjgwp,uwaterloo,post,1614090023,neutral
lrg7vs,uwaterloo,post,1614182502,neutral
lrz7aq,uwaterloo,post,1614231108,negative
lt7bcl,uwaterloo,post,1614372123,negative
lmrxfo,wallstreetbets,post,1613668886,negative
lb8y8r,wallstreetbets,post,1612306178,negative
lakydj,wallstreetbets,post,1612232093,neutral
lasj51,wallstreetbets,post,1612261010,negative
llamj2,23andme,post,1613501316,negative
lc5fxq,AskReddit,post,1612406437,neutral
ld9eov,AskReddit,post,1612538582,negative
ld9hnn,AskReddit,post,1612538818,neutral
lgb9b8,AutoModerator,post,1612898929,neutral
lj940o,Barca,post,1613249926,negative
lpuckb,Bowling,post,1614015032,negative
lt1wj0,Drugs,post,1614358484,positive
ladvir,Libertarian,post,1612212957,negative
lfdyw8,Outlander,post,1612797561,neutral
lo3tlr,PlayStationPlus,post,1613814220,neutral
latzcl,StreetFighter,post,1612267202,neutral
lk5a6y,TooAfraidToAsk,post,1613361973,negative
lizcwc,TooAfraidToAsk,post,1613217913,neutral
lejuxg,austrian_economics,post,1612692743,negative
lab71b,cats,post,1612206449,neutral
lun839,dancemoms,post,1614538056,neutral
l9qx9u,dogecoin,post,1612141464,negative
l9r070,dogecoin,post,1612141705,neutral
l9r200,dogecoin,post,1612141866,neutral
l9r2mj,dogecoin,post,1612141922,neutral
l9resx,dogecoin,post,1612143011,neutral
l9rq7a,dogecoin,post,1612143997,neutral
l9rqn3,dogecoin,post,1612144037,neutral
l9wqwa,dogecoin,post,1612160832,negative
la1hv9,dogecoin,post,1612180678,neutral
laczld,dogecoin,post,1612210816,neutral
laiqfg,dogecoin,post,1612225578,neutral
lajrc3,dogecoin,post,1612228529,neutral
lb60iz,dogecoin,post,1612298920,neutral
lb98tj,dogecoin,post,1612306981,positive
lbdxm2,dogecoin,post,1612321302,negative
lbnr9d,dogecoin,post,1612359750,neutral
lbvh03,dogecoin,post,1612379480,neutral
lbvk1t,dogecoin,post,1612379697,neutral
lbwh8s,dogecoin,post,1612381963,negative
lc1te1,dogecoin,post,1612395744,positive
lcbkhn,dogecoin,post,1612428645,neutral
lci9el,dogecoin,post,1612453023,neutral
lcoiq7,dogecoin,post,1612468752,negative
lcwlnk,dogecoin,post,1612490506,neutral
lcxi8p,dogecoin,post,1612493075,neutral
lcxiqc,dogecoin,post,1612493118,neutral
ld0dtq,dogecoin,post,1612503050,negative
ld19dp,dogecoin,post,1612506571,negative
ld1y96,dogecoin,post,1612509547,negative
ld227q,dogecoin,post,1612510034,negative
ld22jp,dogecoin,post,1612510072,negative
ld22up,dogecoin,post,1612510112,negative
ldmn2o,dogecoin,post,1612574658,negative
leyppr,dogecoin,post,1612740958,positive
leyrn2,dogecoin,post,1612741118,neutral
lfcr7z,dogecoin,post,1612794046,negative
lfdeo5,dogecoin,post,1612796002,neutral
lfilc3,dogecoin,post,1612809868,neutral
lfilzl,dogecoin,post,1612809917,neutral
lfnzjv,dogecoin,post,1612824172,negative
lg635b,dogecoin,post,1612885587,neutral
lgn4q5,dogecoin,post,1612936133,negative
lhgtls,dogecoin,post,1613034347,neutral
lhhvt1,dogecoin,post,1613038868,neutral
li0hom,dogecoin,post,1613093737,neutral
li4ef8,dogecoin,post,1613107102,negative
lihkzx,dogecoin,post,1613155264,negative
lii1kz,dogecoin,post,1613156473,neutral
lijh9m,dogecoin,post,1613160364,neutral
linu2k,dogecoin,post,1613172810,neutral
linunk,dogecoin,post,1613172860,neutral
liruox,dogecoin,post,1613185775,negative
ljhpds,dogecoin,post,1613278548,negative
ljt03t,dogecoin,post,1613324207,neutral
lk0c73,dogecoin,post,1613345794,negative
lk8vmv,dogecoin,post,1613375767,neutral
lkwzyy,dogecoin,post,1613453872,neutral
llgnw3,dogecoin,post,1613518321,negative
llgnzq,dogecoin,post,1613518331,negative
lmkkau,dogecoin,post,1613647252,neutral
lo0e4c,dogecoin,post,1613799706,negative
loyc2g,dogecoin,post,1613918299,neutral
lq9isz,dogecoin,post,1614055606,neutral
lqc20l,dogecoin,post,1614064055,neutral
lqi2qp,dogecoin,post,1614085837,neutral
lodtv5,halifax,post,1613847159,neutral
lgwfl7,happy,post,1612972054,positive
lsicpu,ladyladyboners,post,1614291062,negative
ltpz2v,memes,post,1614438388,negative
ldmmpe,miraculousladybug,post,1612574622,neutral
lsvpbf,modhelp,post,1614338414,neutral
lbx9to,playrust,post,1612383909,neutral
lmwbkv,rant,post,1613679996,negative
ll50ul,redditrequest,post,1613486019,neutral
lowah7,redditrequest,post,1613911192,neutral
lgrffk,redditrequest,post,1612955197,neutral
lke85f,redditrequest,post,1613397671,neutral
lci89l,redditrequest,post,1612452942,neutral
le1obh,shittyideas,post,1612630968,neutral
ledcv5,steelers,post,1612665375,negative
ljce4p,teenagers,post,1613259957,negative
lco4xa,teenagers,post,1612467806,negative
lt1czx,unpopularopinion,post,1614357085,neutral
lc95fy,wallstreetbets,post,1612418689,negative
lb3dqd,wallstreetbets,post,1612292294,negative
liow4k,wallstreetbets,post,1613176016,neutral
lg6q07,wallstreetbets,post,1612887256,negative
lca46q,wallstreetbets,post,1612422562,negative
lc7hac,wallstreetbets,post,1612412890,negative
lc7jy4,wallstreetbets,post,1612413139,negative
lc7lzr,wallstreetbets,post,1612413332,neutral
laioca,wallstreetbets,post,1612225405,neutral
lrxqzz,wallstreetbets,post,1614226049,neutral
lonq23,youseeingthisshit,post,1613877377,neutral
l9r9cq,ApplyingToCollege,post,1612142529,positive
lbvopw,ApplyingToCollege,post,1612380025,positive
lqzuh7,AskReddit,post,1614131148,negative
lgz4ba,BostonU,post,1612979087,negative
ljamyu,Christianity,post,1613254401,negative
lerzrc,ClashRoyale,post,1612721914,neutral
lgysp7,DebateCommunism,post,1612978263,neutral
lindm2,ModSupport,post,1613171461,neutral
ltv77d,ModSupport,post,1614453462,neutral
logmb4,ModSupport,post,1613854882,neutral
lkhasz,ModSupport,post,1613407081,negative
lurysw,NoStupidQuestions,post,1614550194,neutral
lfjb8h,RequestABot,post,1612811746,neutral
ljcf5n,Twitch,post,1613260050,neutral
lsasv9,TwoXChromosomes,post,1614271389,neutral
lm3p2b,Utah,post,1613593363,neutral
lf5s7k,blackdesertonline,post,1612765394,negative
lhyivx,chelseafc,post,1613087818,neutral
lnpm6n,danganronpa,post,1613766367,negative
lo0y23,dankmemes,post,1613801839,positive
ls9xt0,gay,post,1614269171,negative
ls9zz1,gay,post,1614269320,negative
llizm6,grammar,post,1613525921,positive
le2yzf,ladybonersgw,post,1612634669,neutral
lu2dn5,ladybonersgw,post,1614476265,neutral
ldmv09,modhelp,post,1612575396,neutral
ll8tih,music_survivor,post,1613496425,neutral
letvq2,philosophy,post,1612727206,negative
llyywc,plants,post,1613580926,negative
lchhnc,podcasting,post,1612450936,neutral
ltnhfz,redditrequest,post,1614430256,neutral
lhedgo,redditrequest,post,1613023480,neutral
lt5dl3,redditrequest,post,1614366941,neutral
lunhxp,redditrequest,post,1614538746,neutral
lekxdl,redditrequest,post,1612697969,neutral
lbj6o9,redditrequest,post,1612341217,neutral
laz6g5,redditrequest,post,1612282125,neutral
lq52ui,roblox,post,1614041931,negative
lqc2zb,twice,post,1614064150,negative
lqc4zz,twice,post,1614064325,negative
lqs91u,vegancirclejerk,post,1614112289,negative
lap8b1,wallstreetbets,post,1612246698,neutral
lbyg8a,wallstreetbets,post,1612386797,neutral
lag90o,wallstreetbets,post,1612218807,neutral
lb4cu8,wallstreetbets,post,1612294719,neutral
lepxnx,wallstreetbets,post,1612715995,negative
lckdyo,wallstreetbets,post,1612458365,neutral
linssn,Advice,post,1613172705,neutral
lm38bp,Boruto,post,1613592115,neutral
lnxd1a,CPTSD,post,1613789278,neutral
lgxw5m,FemBoys,post,1612975961,negative
lqoii5,Fuckthealtright,post,1614102905,negative
ltu6zw,Indiana,post,1614450486,neutral
lhvcpr,ModSupport,post,1613079079,neutral
lhshtt,NoStupidQuestions,post,1613071791,negative
lj105t,RimWorld,post,1613224707,neutral
lm5e8m,Scotland,post,1613597821,neutral
ljn787,TrueCrime,post,1613304175,neutral
lu84r0,UniversityOfHouston,post,1614491079,neutral
lncw1t,binance,post,1613731074,negative
lntrpb,cats,post,1613778238,negative
lnts6y,cats,post,1613778281,negative
lms3jj,dankmemes,post,1613669314,negative
la8ncs,dogecoin,post,1612200408,negative
lad622,dogecoin,post,1612211260,negative
lc40a1,ethtrader,post,1612402098,neutral
lhixff,facepalm,post,1613043335,negative
lkt407,gunpolitics,post,1613441024,neutral
lrgnoo,logodesign,post,1614183659,neutral
ldagre,redditrequest,post,1612541487,neutral
lsc835,redditrequest,post,1614275014,neutral
lt4kwn,redditrequest,post,1614364858,neutral
lg7oli,redditrequest,post,1612889822,neutral
lmbn52,redditrequest,post,1613615899,neutral
lmmep9,redditrequest,post,1613653698,neutral
ljbisk,suns,post,1613257169,neutral
ldn8wp,tarot,post,1612576672,neutral
lpyvpu,teenagers,post,1614025562,negative
ll8vw9,unpopularopinion,post,1613496611,negative
lc9pga,wallstreetbets,post,1612420905,negative
lcukg6,2007scape,post,1612484522,neutral
lcfgdu,2007scape,post,1612444724,positive
lg24om,AskReddit,post,1612872899,neutral
lim5d6,CoinBase,post,1613167930,positive
lqugct,FortNiteBR,post,1614118064,neutral
lb64h6,HiTMAN,post,1612299200,negative
ldznzy,IndiaInvestments,post,1612625023,neutral
ln4jka,Missing411,post,1613702458,neutral
lbabs6,PS4,post,1612310145,positive
l9u3vx,SubredditDrama,post,1612151612,negative
lc6y5n,SubredditDrama,post,1612411184,negative
lcenfq,SubredditDrama,post,1612441920,negative
ledc2b,SubredditDrama,post,1612665296,neutral
lffyvi,SubredditDrama,post,1612803016,negative
llajwk,SubredditDrama,post,1613501117,negative
lnt9a4,SubredditDrama,post,1613776799,negative
lr8yvd,SubredditDrama,post,1614160107,negative
ljm75o,TopMindsOfReddit,post,1613299176,negative
limjoa,Torchwood,post,1613169120,neutral
lk1itw,TrueChristian,post,1613349507,neutral
luluj0,arlington,post,1614534608,neutral
lm9yfb,askgaybros,post,1613610659,positive
lom53k,askgaybros,post,1613871872,negative
lciixc,dykesgonemild,post,1612453718,neutral
lghk47,fcbayern,post,1612916632,negative
lgf2ig,gay,post,1612909201,neutral
le8lbu,me_irl,post,1612650748,negative
ltsc8w,memes,post,1614445341,negative
lji3x0,mensa,post,1613280005,neutral
ldoa3w,pregnant,post,1612580139,negative
lkn7l3,reddevils,post,1613423281,neutral
lu9rgf,redditrequest,post,1614496209,neutral
l9tb6h,redditrequest,post,1612149011,neutral
lrm14x,redditrequest,post,1614197036,neutral
lno4y8,redditrequest,post,1613762576,neutral
lhix91,teenagers,post,1613043313,neutral
lpuyhd,thedivision,post,1614016445,negative
le9jxt,thefighterandthekid,post,1612653564,neutral
lcxjmx,wallstreetbets,post,1612493200,positive
lmnqli,wallstreetbets,post,1613657817,neutral
ldb9en,wow,post,1612543632,negative
lgte7l,wow,post,1612962915,negative
ld5lyp,2healthbars,post,1612525979,neutral
lsoxtp,CFA,post,1614310534,negative
lt54z3,CrappyDesign,post,1614366311,negative
lr9bxs,FrankOcean,post,1614161426,neutral
le8lkp,NarutoFanfiction,post,1612650769,neutral
lpvwx3,PCOS,post,1614018639,neutral
lmtfcc,Pennsylvania,post,1613672687,negative
ljl609,Scotland,post,1613293704,neutral
l9s47y,Stellar,post,1612145198,neutral
lf8vyl,cataclysmdda,post,1612779241,positive
labkfu,dankmemes,post,1612207340,neutral
lbgbop,dankmemes,post,1612329271,neutral
ld5mvm,dankmemes,post,1612526083,neutral
lgc7v6,destiny2,post,1612901404,negative
lf6vup,freegold,post,1612770192,neutral
lrzmkb,ladyladyboners,post,1614232749,neutral
luqz3f,littlebigplanet,post,1614547653,neutral
ldlnlw,memes,post,1612571616,neutral
lbxzcv,mildlyinfuriating,post,1612385672,negative
lq581t,modhelp,post,1614042349,neutral
lu5ml9,podcasting,post,1614485650,neutral
le9s10,redditrequest,post,1612654222,neutral
lmults,redditrequest,post,1613675616,neutral
lnnux2,redditrequest,post,1613761876,neutral
lb0e2w,redditrequest,post,1612284962,neutral
lbqgw3,redditrequest,post,1612367334,neutral
lj5yub,redditrequest,post,1613240553,neutral
lohepl,redditrequest,post,1613857205,neutral
llxv9n,redditrequest,post,1613578066,neutral
lbudwe,redditrequest,post,1612376881,neutral
lqdrzw,redditrequest,post,1614070342,neutral
ll37fy,redditrequest,post,1613480057,neutral
lonlvu,redditrequest,post,1613876966,neutral
lk1ycr,redditrequest,post,1613350867,neutral
ldfuhj,redditrequest,post,1612555290,neutral
lqse20,secretsanta,post,1614112664,neutral
lthdk1,skylanders,post,1614404410,neutral
llk2mp,teenagers,post,1613529546,neutral
li9wc0,totalwar,post,1613132189,negative
ls59iw,videogamedunkey,post,1614255334,neutral
lcufpe,wallstreetbets,post,1612484123,neutral
llizj9,wallstreetbets,post,1613525914,negative
lk0ry9,2007scape,post,1613347183,neutral
ldl0dm,AskReddit,post,1612569638,neutral
lpl4vz,CatastrophicFailure,post,1613990900,negative
liz7up,Drugs,post,1613217298,positive
lfks3b,FutureWhatIf,post,1612815572,neutral
lac0bl,GameStop,post,1612208412,negative
lsf2nu,MMA,post,1614282344,neutral
lnikjx,ModSupport,post,1613748640,neutral
lmnyro,PersonOfInterest,post,1613658499,negative
ldbowz,TheoryOfReddit,post,1612544705,neutral
lhse52,Unexpected,post,1613071520,neutral
lochmk,WatchRedditDie,post,1613843565,negative
lhe7d1,beer,post,1613022810,neutral
lekawo,books,post,1612694999,positive
ltcz2o,bravelydefault,post,1614389187,neutral
l9xkv6,dogecoin,post,1612164185,neutral
l9zdqh,dogecoin,post,1612171875,neutral
lkwx04,farmingsimulator,post,1613453554,negative
lke5m3,gameofthrones,post,1613397445,negative
lp4naz,hsp,post,1613936056,negative
lus942,ios,post,1614550966,negative
lghkv0,lgbt,post,1612916699,neutral
lej1u7,memes,post,1612688594,negative
llqsk9,memes,post,1613554990,negative
lk8hu6,mildlyinfuriating,post,1613374223,negative
lrfrm0,modhelp,post,1614181287,neutral
lg5l8p,redditrequest,post,1612884194,neutral
lapfe2,redditrequest,post,1612247464,neutral
lnr56r,redditrequest,post,1613770911,neutral
l9zd17,redditrequest,post,1612171794,neutral
liyuub,redditrequest,post,1613215547,neutral
lu8a2y,redditrequest,post,1614491467,neutral
lkvw7p,redditrequest,post,1613450063,neutral
lkmw4w,roblox,post,1613422437,negative
lh9m2t,torontoraptors,post,1613007210,negative
lcaf9c,wallstreetbets,post,1612423910,negative
llgfru,wallstreetbets,post,1613517604,neutral
laq3iq,wallstreetbets,post,1612250222,neutral
l9y1v7,wallstreetbets,post,1612166240,neutral
lqg9qk,2007scape,post,1614079844,negative
lovpks,ADHD,post,1613908903,neutral
lhrf95,AskWomen,post,1613069003,negative
lkiqdd,AutoModerator,post,1613411059,neutral
lowdh4,CoinBase,post,1613911520,negative
ls0sr7,CrappyDesign,post,1614237451,negative
lavtnz,Megaten,post,1612273709,negative
llullx,Nanny,post,1613568835,neutral
lao80f,Silverbugs,post,1612242925,positive
lji9jw,UofT,post,1613280629,negative
lg5zv0,asianamerican,post,1612885339,neutral
lbufmr,asktransgender,post,1612377001,positive
lbq05h,buildmeapc,post,1612366115,positive
lbg54d,dankmemes,post,1612328631,neutral
ljgndm,destiny2,post,1613274621,neutral
lcwk5d,dogecoin,post,1612490409,negative
lrhc6f,fcbayern,post,1614185380,negative
le53lm,modhelp,post,1612640603,neutral
l9u9kn,nukedmemes,post,1612152116,negative
lsv1x1,redditrequest,post,1614335817,neutral
ljqc84,redditrequest,post,1613316329,neutral
lhao8z,redditrequest,post,1613010465,neutral
lj8rjv,teenagers,post,1613248897,neutral
loybnl,thewestwing,post,1613918257,neutral
ldszr2,uberdrivers,post,1612599210,neutral
lmzsqq,uwo,post,1613688889,negative
lcxmv7,wallstreetbets,post,1612493489,negative
lc9tiq,wallstreetbets,post,1612421360,neutral
lb1u8x,wallstreetbets,post,1612288455,neutral
lqler1,wallstreetbets,post,1614095203,neutral
ln3yge,4kTV,post,1613700679,neutral
llqjgt,Advice,post,1613553877,neutral
ltafqf,AnimationThrowdown,post,1614380990,neutral
lq1mmk,AskModerators,post,1614032214,negative
ln08gz,Catholicism,post,1613690042,neutral
lp3awl,Connecticut,post,1613932278,neutral
la43q3,HealthInsurance,post,1612189296,positive
lpf7df,HistoryMemes,post,1613968652,negative
lbm8cr,Jewdank,post,1612354301,negative
limgx2,NoFap,post,1613168894,neutral
lii7o6,PrequelMemes,post,1613156920,neutral
lb1may,ShadowBan,post,1612287922,neutral
lbng6d,SuddenlyGay,post,1612358731,neutral
lf12dk,TheWeeknd,post,1612748638,neutral
lh143u,TheWeeknd,post,1612984154,neutral
lppaur,Twitch,post,1614004229,neutral
loz1pj,XXXTENTACION,post,1613920525,negative
lt221h,animenocontext,post,1614358838,neutral
ljw0dd,askwomenadvice,post,1613332796,negative
lp6ex0,attackontitan,post,1613940954,negative
ljan3o,buffy,post,1613254414,positive
l9zhiw,buffy,post,1612172333,neutral
lp9vqf,cardano,post,1613951152,neutral
lirsm7,deadbydaylight,post,1613185566,negative
lqv95h,drugscirclejerk,post,1614120266,neutral
limi7l,geometrydash,post,1613169003,negative
ll9omf,geometrydash,post,1613498778,negative
lu99el,modhelp,post,1614494175,neutral
ltb0p7,pennystocks,post,1614382791,negative
ltb1ea,pennystocks,post,1614382848,neutral
likq3s,psychology,post,1613163880,negative
likr6c,psychology,post,1613163961,negative
liksiq,psychology,post,1613164064,negative
ll9zrt,redditrequest,post,1613499622,neutral
lkvzbg,redditrequest,post,1613450348,neutral
lcadbs,redditrequest,post,1612423663,neutral
lnj3ns,redditrequest,post,1613750033,neutral
lfixah,redditrequest,post,1612810763,neutral
la3kgx,redditrequest,post,1612187759,neutral
lmg7j4,teenagers,post,1613631020,negative
lc8z0l,wallstreetbets,post,1612418040,negative
latu26,wallstreetbets,post,1612266614,neutral
lbmkgz,wallstreetbets,post,1612355612,neutral
lc8lqc,wallstreetbets,post,1612416692,negative
lbmy78,wallstreetbets,post,1612357043,neutral
lfshj9,weather,post,1612837917,neutral
lk16om,2007scape,post,1613348425,negative
ll9vq4,AnthemTheGame,post,1613499309,positive
lg3aaw,Assistance,post,1612877166,neutral
lb3r4j,CoinBase,post,1612293207,negative
licl0i,CryptoCurrency,post,1613141664,positive
lboy60,Libertarian,post,1612363295,negative
lq7kwb,OutOfTheLoop,post,1614049598,neutral
lg3ux6,Overwatch,post,1612879132,negative
luf4vi,Random_Acts_Of_Amazon,post,1614516109,neutral
lidbm4,SubredditDrama,post,1613143768,negative
ln2qgm,aphextwin,post,1613697075,neutral
lfgzb0,blogsnark,post,1612805655,neutral
lo1uzu,conspiracy,post,1613805569,neutral
la45b3,cyberpunkgame,post,1612189422,negative
le338k,depression,post,1612634960,neutral
lrtwel,gradadmissions,post,1614217228,neutral
l9r90x,greentext,post,1612142499,negative
locdr3,mildlyinfuriating,post,1613843276,negative
lawb5r,pokemontrades,post,1612275129,neutral
ln7bhh,redditrequest,post,1613710893,neutral
li501b,redditrequest,post,1613109545,neutral
la36gc,redditrequest,post,1612186555,neutral
lt5hx5,redditrequest,post,1614367260,negative
ltpis6,redditrequest,post,1614437018,neutral
lbpm2s,redditrequest,post,1612365061,neutral
lidu01,roblox,post,1613145244,neutral
lbgcbz,running,post,1612329339,negative
lgy6ij,slp,post,1612976678,positive
ltxyfs,unpopularopinion,post,1614461922,negative
leaq1b,wallstreetbets,post,1612657115,neutral
lj756l,wallstreetbets,post,1613244096,neutral
lof7x9,wallstreetbets,post,1613850954,neutral
lc8jjp,wallstreetbets,post,1612416467,neutral
lghuem,wallstreetbets,post,1612917548,negative
lb2ptf,wallstreetbets,post,1612290604,negative
lc8new,wallstreetbets,post,1612416856,negative
laozb1,wallstreetbets,post,1612245746,positive
ll59xn,wallstreetbets,post,1613486778,negative
ltb4sb,2007scape,post,1614383147,negative
lt1jj7,2007scape,post,1614357486,negative
lpzkiy,2b2t,post,1614027191,negative
lunler,BabyBumps,post,1614538984,neutral
lsx9a5,Bonsai,post,1614344554,neutral
lbd0rg,CrusaderKings,post,1612318386,negative
ljoemu,CryptoCurrency,post,1613309393,negative
lq1bxd,HistoryMemes,post,1614031469,negative
lbp2c8,Izlam,post,1612363616,negative
lf1425,OTMemes,post,1612748789,negative
lousxx,PUBG,post,1613905084,negative
lhbhvh,Psychonaut,post,1613013000,neutral
lguzqp,SCJerk,post,1612968047,neutral
ljameq,Sino,post,1613254353,negative
lcndtv,Synesthesia,post,1612465920,neutral
lcngvg,Synesthesia,post,1612466141,neutral
lcnh1t,Synesthesia,post,1612466154,neutral
lg8o8s,TwoXChromosomes,post,1612892350,neutral
ltqdb2,WhitePeopleTwitter,post,1614439593,neutral
lat11q,XRP,post,1612263256,neutral
lj53mf,btc,post,1613238010,negative
lptu3t,buccaneers,post,1614013885,positive
lst1np,dankmemes,post,1614326924,neutral
le1ylz,darkjokes,post,1612631780,neutral
lad3eu,darkjokes,post,1612211074,neutral
le0k07,darkjokes,post,1612627735,neutral
lldsei,darkjokes,post,1613509948,negative
lljg8z,darkjokes,post,1613527472,negative
lmeu0q,darkjokes,post,1613626402,neutral
lnedfm,darkjokes,post,1613736522,negative
lput8z,darkjokes,post,1614016088,neutral
lr27qw,darkjokes,post,1614136370,neutral
ltawtm,darkjokes,post,1614382457,negative
la32qn,discordapp,post,1612186221,neutral
ld2nmh,enfj,post,1612512659,positive
lq39zu,highdeas,post,1614036691,neutral
lmqfq9,lgbt,post,1613665224,positive
la3d3k,malaysia,post,1612187113,positive
lucmxw,memes,post,1614507783,negative
ldrsdm,pussypassdenied,post,1612593595,negative
lebtp4,pussypassdenied,post,1612660463,neutral
lksrat,redditrequest,post,1613439878,neutral
llibgo,redditrequest,post,1613523668,neutral
lqtz3t,redditrequest,post,1614116786,neutral
le8eyb,redditrequest,post,1612650202,neutral
lavws8,redditrequest,post,1612273972,neutral
lkcq2r,redditrequest,post,1613392098,neutral
lro575,redditrequest,post,1614203900,negative
ldx13j,redditrequest,post,1612615630,neutral
lrwwag,redditrequest,post,1614223284,neutral
lf21ja,redditrequest,post,1612752031,neutral
ln1xgd,redditrequest,post,1613694730,neutral
ljag38,redditrequest,post,1613253819,neutral
ldcxhm,redditrequest,post,1612547802,neutral
li4h7h,toronto,post,1613107408,negative
lj3b7u,toronto,post,1613232544,neutral
ldt0dq,wallstreetbets,post,1612599297,negative
la86o6,wallstreetbets,post,1612199311,neutral
lcl4t1,wallstreetbets,post,1612460268,neutral
lkdb6v,Animemes,post,1613394391,negative
lfd3wr,ArtHistory,post,1612795125,neutral
lufjlx,AskReddit,post,1614517386,neutral
lixd55,DBZDokkanBattle,post,1613208255,neutral
lo2w9g,DBZDokkanBattle,post,1613810109,negative
lo6vc3,GetStudying,post,1613826735,negative
ldcbaq,MuslimNoFap,post,1612546239,positive
lsshn4,NoStupidQuestions,post,1614324313,neutral
leuoj2,OnePunchMan,post,1612729469,negative
lcr8dw,Outlander,post,1612475537,neutral
lfdtbe,PurplePillDebate,post,1612797123,neutral
ler6g4,ScottishFootball,post,1612719641,negative
la4kw5,SecurityAnalysis,post,1612190631,negative
ln1nu0,ShadowBanned,post,1613693982,neutral
lktqlz,SocialistRA,post,1613443118,neutral
lubya0,StardewValley,post,1614504960,positive
littve,TheExpanse,post,1613192996,neutral
lid685,atheism,post,1613143336,negative
lidjmn,atheism,post,1613144411,neutral
lcug16,brandnew,post,1612484141,positive
lhqybj,dankmemes,post,1613067765,negative
lb8m1y,dankmemes,post,1612305262,positive
lfchau,dankmemes,post,1612793192,negative
ljembh,darkjokes,post,1613267448,negative
lqpo2l,ems,post,1614105794,negative
litvug,forhonor,post,1613193212,negative
lrve6r,gtaonline,post,1614220169,neutral
ltnq8s,gtaonline,post,1614431116,negative
ljv0d6,guitarcirclejerk,post,1613329933,negative
ld9b1g,houseplants,post,1612538295,neutral
ljegei,latterdaysaints,post,1613266876,neutral
lm3nen,memphis,post,1613593231,positive
lcasgj,mildlyinteresting,post,1612425475,negative
lhv0gf,modhelp,post,1613078191,neutral
lijkon,modhelp,post,1613160629,negative
lmfo3y,modhelp,post,1613629151,neutral
lkm1ty,Paladins,post,1613420103,neutral
lp4oco,PrequelMemes,post,1613936142,neutral
leh6cz,WTF,post,1612679590,negative
ln9nzj,WhitePeopleTwitter,post,1613718686,negative
lrjsjs,algotrading,post,1614191374,neutral
lna5ls,conspiracy,post,1613720511,negative
ljt40n,conspiracy,post,1613324521,negative
lep58r,dogecoin,post,1612713651,neutral
lrf5q2,falloutsettlements,post,1614179621,negative
lf4t50,haiku,post,1612761508,neutral
ldk61m,help,post,1612567137,neutral
lmv71k,pornfree,post,1613677100,positive
li1p6y,rant,post,1613097583,negative
lr0cpg,redditrequest,post,1614132125,neutral
lpkizv,redditrequest,post,1613988582,neutral
lt1x7k,redditrequest,post,1614358538,neutral
lnv4r0,redditrequest,post,1613782230,neutral
lb58b0,redditrequest,post,1612296906,neutral
ljvu9j,redditrequest,post,1613332300,neutral
ladv8q,redditrequest,post,1612212936,neutral
lb7sag,redditrequest,post,1612303093,neutral
linwrr,rum,post,1613173044,neutral
lijeeg,shittyaskscience,post,1613160140,neutral
ln1lo9,traaaaaaannnnnnnnnns,post,1613693812,positive
lawcpw,wallstreetbets,post,1612275248,negative
lc9a4t,wallstreetbets,post,1612419194,negative
liz3hg,wallstreetbets,post,1613216712,negative
lo7ym8,walmart,post,1613830514,neutral
la9wyf,ABCDesis,post,1612203416,neutral
l9sbkg,AskReddit,post,1612145845,neutral
lteizm,Irony,post,1614394338,negative
lhtmru,KansasCityChiefs,post,1613074635,neutral
ldzkdj,Libertarian,post,1612624735,negative
ljpkqh,Philippines,post,1613313715,negative
lhbu5g,TrueOffMyChest,post,1613014172,negative
loyy0z,WatchRedditDie,post,1613920231,negative
lhbck1,albiononline,post,1613012508,neutral
lfowyw,asl,post,1612826779,positive
lkskmd,discordapp,post,1613439301,negative
llr9xl,dogecoin,post,1613556834,neutral
la1kah,dogecoin,post,1612180900,neutral
lcd8ae,ethtrader,post,1612436045,negative
ld1u5j,facepalm,post,1612509042,negative
lno0vb,golang,post,1613762292,negative
lacct0,help,post,1612209271,negative
lb0qwq,movies,post,1612285797,negative
llnqii,nudism,post,1613542486,neutral
lmm38l,papermario,post,1613652709,neutral
lr4vfx,redditrequest,post,1614145062,neutral
lg233s,redditrequest,post,1612872723,neutral
lsy2iy,redditrequest,post,1614347483,neutral
lpww2b,redditrequest,post,1614020862,neutral
lt50mx,redditrequest,post,1614366011,neutral
lnpg8o,redditrequest,post,1613765926,neutral
ll9sjr,redditrequest,post,1613499064,neutral
lhbar3,redditrequest,post,1613012365,neutral
lhbbyn,redditrequest,post,1613012457,neutral
lhjk2d,redditrequest,post,1613045953,neutral
lkyipj,redditrequest,post,1613459706,neutral
ltd1bk,redditrequest,post,1614389414,neutral
lte52v,redditrequest,post,1614393018,neutral
lqhjnf,redditrequest,post,1614084102,neutral
lkjmbp,steampunk,post,1613413482,neutral
lfg4wt,survivinginfidelity,post,1612803459,neutral
lnxdec,teenagers,post,1613789316,neutral
lrpcw6,tucker_carlson,post,1614206917,neutral
ldi9s2,ufc,post,1612561882,neutral
lahd8p,wallstreetbets,post,1612221709,positive
lahmei,wallstreetbets,post,1612222451,negative
lk61ly,weedstocks,post,1613364742,negative
lih3az,2007scape,post,1613153948,neutral
lfu282,AutoModerator,post,1612843189,negative
laawke,Buddhism,post,1612205775,negative
ll0h8x,Connecticut,post,1613468415,neutral
liowsy,CryptoCurrency,post,1613176077,neutral
lh0308,FantasyPL,post,1612981522,negative
lb0j04,FortNiteBR,post,1612285270,negative
lg9v6z,FortNiteBR,post,1612895352,negative
lg9wix,FortNiteBR,post,1612895448,negative
ljmf14,GooglePixel,post,1613300358,negative
lde9r7,MaddenUltimateTeam,post,1612551190,negative
lpyz91,ModSupport,post,1614025801,negative
lu1anr,NotHowDrugsWork,post,1614472719,negative
lt1d0a,PewdiepieSubmissions,post,1614357086,negative
lf5zw4,TrueOffMyChest,post,1612766308,negative
lnhitc,brisbane,post,1613745922,neutral
lnhovg,brisbane,post,1613746382,negative
lnimh1,brisbane,post,1613748780,negative
lniqqq,brisbane,post,1613749073,negative
lnt29u,brisbane,post,1613776249,negative
lntez5,brisbane,post,1613777242,negative
luo9o7,brisbane,post,1614540707,negative
lb3rvg,dogecoin,post,1612293259,neutral
lhundr,dogecoin,post,1613077285,neutral
lqoxl1,funny,post,1614103946,neutral
lhm1jb,memes,post,1613054501,negative
luekgc,modhelp,post,1614514325,neutral
l9u3wc,offmychest,post,1612151613,negative
lbc8i7,offmychest,post,1612315958,negative
lbypgd,offmychest,post,1612387429,negative
lhk0jk,offmychest,post,1613047804,negative
lk6qi4,offmychest,post,1613367280,negative
lnvigc,offmychest,post,1613783381,negative
lnvkiz,offmychest,post,1613783559,negative
lp80ts,offmychest,post,1613945562,negative
lpz3pg,offmychest,post,1614026089,negative
lu6wu7,offmychest,post,1614488443,negative
lgryk2,redditrequest,post,1612957497,neutral
laf6iq,redditrequest,post,1612216143,neutral
lokemi,redditrequest,post,1613866217,neutral
lb0mq5,redditrequest,post,1612285509,neutral
lcuiyz,starcitizen,post,1612484394,neutral
loi1m6,teenagers,post,1613859118,negative
lni3aa,teenagers,post,1613747384,neutral
ll6nsd,turtle,post,1613490669,positive
liui7p,undelete,post,1613195652,negative
ld0ck8,wallstreetbets,post,1612502905,negative
lc9ldj,wallstreetbets,post,1612420440,neutral
lcvmh6,wallstreetbets,post,1612487610,positive
ln6ux4,Advice,post,1613709487,neutral
lfwaam,Astronomy,post,1612851459,neutral
ljqsjo,DC_Cinematic,post,1613317812,negative
lq3b2l,DC_Cinematic,post,1614036773,negative
lq9p4c,DC_Cinematic,post,1614056169,neutral
lj83gs,DankMemesFromSite19,post,1613246901,neutral
lgmc29,FortNiteBR,post,1612933091,neutral
lp3z8d,GCXRep,post,1613934173,neutral
lbb92x,HelpMeFind,post,1612312925,positive
lpiohi,JustUnsubbed,post,1613981224,neutral
lg7ric,KamenRider,post,1612890019,neutral
lfbhj9,SocialistRA,post,1612789905,neutral
lr9qai,SocialistRA,post,1614162880,negative
lefu0x,WatchRedditDie,post,1612674093,negative
ld2btp,airsoft,post,1612511213,negative
lu4xje,assassinscreed,post,1614484137,positive
lp129t,audiophile,post,1613926200,negative
ltu6qb,cats,post,1614450465,neutral
ltog1u,cigars,post,1614433575,negative
loqxo1,coins,post,1613889135,neutral
ltdjgy,darksouls3,post,1614391079,negative
lfu1hw,dogecoin,post,1612843116,neutral
lf0pau,dogecoin,post,1612747375,neutral
lrp2xr,dogecoin,post,1614206204,neutral
lj1ymf,funny,post,1613228176,negative
lnnpdo,modhelp,post,1613761502,neutral
ll6s5v,redditrequest,post,1613491024,neutral
liyrgl,redditrequest,post,1613215101,neutral
lak0d3,redditrequest,post,1612229240,neutral
lr9w2s,redditrequest,post,1614163504,neutral
lkcx06,redditrequest,post,1613392880,neutral
lqv4fb,redditrequest,post,1614119924,neutral
lb8x76,redditrequest,post,1612306096,neutral
lnxz3g,redditrequest,post,1613791294,neutral
ldi5sl,totalwar,post,1612561592,positive
ldi6ek,totalwar,post,1612561641,positive
ldiacj,totalwar,post,1612561928,negative
lc9l4q,wallstreetbets,post,1612420408,neutral
lc6q3f,wallstreetbets,post,1612410414,neutral
lado9o,wallstreetbets,post,1612212443,negative
lafqwg,wallstreetbets,post,1612217539,neutral
lc4kex,wallstreetbets,post,1612403772,negative
lgyy7y,wallstreetbets,post,1612978653,negative
l9snxh,wallstreetbets,post,1612146940,neutral
lc8hqj,wallstreetbets,post,1612416280,negative
lc8ob3,wallstreetbets,post,1612416945,negative
lc8plh,wallstreetbets,post,1612417073,negative
lc6hmq,wallstreetbets,post,1612409633,negative
ldr3ev,ASUS,post,1612590598,negative
li2r51,CryptoCurrency,post,1613101112,neutral
lnkcbw,EthereumClassic,post,1613753063,neutral
ld9tfy,FUTMobile,post,1612539725,neutral
ljznzw,Hair,post,1613343719,neutral
lh5pn2,Piracy,post,1612995965,neutral
l9rguv,ShingekiNoKyojin,post,1612143186,negative
lfpf0x,ShingekiNoKyojin,post,1612828270,negative
likg2o,ShingekiNoKyojin,post,1613163104,negative
lhx9o3,StardewValley,post,1613084254,neutral
lihk1s,StardewValley,post,1613155186,neutral
lne9qk,StardewValley,post,1613736175,neutral
lq3gm8,StardewValley,post,1614037215,negative
lr0oiu,StardewValley,post,1614132729,negative
lrk7b3,StardewValley,post,1614192402,neutral
lasr56,Warhammer,post,1612262000,negative
lt8l6p,WatchRedditDie,post,1614375691,negative
lech9d,awfuleverything,post,1612662531,negative
lc8e0d,conspiracy,post,1612415916,negative
lmoekg,danganronpa,post,1613659815,neutral
lgezip,dankmemes,post,1612908965,neutral
l9wvi4,dogecoin,post,1612161345,negative
lcibvz,exmuslim,post,1612453209,negative
ldt42v,feedthebeast,post,1612599799,neutral
lhndao,fnafcringe,post,1613058264,positive
lpqph7,fnafcringe,post,1614007416,neutral
lqltzj,help,post,1614096248,neutral
lk4be6,help,post,1613358692,neutral
lfxol9,indianews,post,1612857494,negative
leojxw,legaladvice,post,1612711781,neutral
lu1bxb,madlads,post,1614472828,negative
lt79sf,meme,post,1614372005,neutral
lk6zos,modhelp,post,1613368241,neutral
lb1kbt,nfl,post,1612287784,neutral
lg7rd9,nfl,post,1612890015,neutral
lmyntd,pokemon,post,1613685926,positive
ltcqno,pokemon,post,1614388378,negative
lk2erh,redditrequest,post,1613352358,neutral
llf9f0,redditrequest,post,1613514140,neutral
lm8zob,salty,post,1613607787,positive
lbknhp,tressless,post,1612347678,neutral
lhc57e,triangle,post,1613015222,negative
l9ql8o,unpopularopinion,post,1612140452,negative
lqg3fl,vegan,post,1614079192,neutral
lr8drm,vegan,post,1614157958,positive
ladbzk,visualnovels,post,1612211664,positive
lgshh6,wallstreetbets,post,1612959626,neutral
lp07dg,wallstreetbets,post,1613923844,negative
lroabb,wallstreetbets,post,1614204238,negative
lodqur,wallstreetbets,post,1613846928,neutral
lavch2,AskReddit,post,1612272197,negative
lrhinj,AskReddit,post,1614185827,negative
lpzo3v,AskReddit,post,1614027429,neutral
lgkiyy,AutoModerator,post,1612926477,neutral
lb5q6u,EscapefromTarkov,post,1612298175,negative
ljnew6,FortNiteBR,post,1613305153,negative
ligbaq,LegalTeens,post,1613151937,neutral
ljbftb,Minecraft,post,1613256903,negative
ll9o48,ModSupport,post,1613498741,neutral
lc17b7,ModSupport,post,1612394004,neutral
ld5wgw,NewsOfTheStupid,post,1612527135,negative
lrhgl1,Outlander,post,1614185680,neutral
layr2u,SquaredCircle,post,1612281115,positive
ltfvbg,assassinscreed,post,1614398874,negative
lrn7lx,changemyview,post,1614199991,negative
lta3be,dankmemes,post,1614379955,neutral
le8u7f,dankmemes,post,1612651448,negative
lp6v5o,dogpictures,post,1613942239,negative
lnskvb,findareddit,post,1613774907,neutral
lr25y5,help,post,1614136217,neutral
ltwyz8,help,post,1614458850,neutral
lf94la,help,post,1612780332,neutral
la3sn1,hockey,post,1612188395,neutral
lsco2m,mildlyinfuriating,post,1614276136,negative
lu17sa,mildlyinfuriating,post,1614472452,negative
lufiui,mildlyinfuriating,post,1614517322,neutral
lqzh1r,modhelp,post,1614129972,neutral
lhdw8v,neoliberal,post,1613021561,neutral
lt7d3q,pakistan,post,1614372270,neutral
lsyyr7,pokemon,post,1614350328,neutral
leorqu,pyrocynical,post,1612712465,negative
lr46o1,redditrequest,post,1614142708,neutral
lizmul,redditrequest,post,1613219106,neutral
lb2yvi,redditrequest,post,1612291244,neutral
lr4o6l,redditrequest,post,1614144340,neutral
lcs9hb,redditrequest,post,1612478236,neutral
lqxvor,redditrequest,post,1614126026,neutral
lbw7m7,redditrequest,post,1612381315,neutral
llisoi,redditrequest,post,1613525263,neutral
ll0w91,redditrequest,post,1613470360,neutral
l9sz2c,running,post,1612147944,negative
ldrrw1,selfharm,post,1612593531,neutral
ldt74k,teenagers,post,1612600217,negative
lrn1kd,teenagers,post,1614199572,negative
l9shsj,teenagers,post,1612146396,negative
l9sq4c,teenagers,post,1612147134,negative
l9uy27,teenagers,post,1612154374,neutral
la2cnr,teenagers,post,1612183857,neutral
la9r96,teenagers,post,1612203023,negative
labp06,teenagers,post,1612207648,negative
lacpp8,teenagers,post,1612210138,neutral
lag48v,teenagers,post,1612218486,neutral
lar7te,teenagers,post,1612255203,negative
lbf1v0,teenagers,post,1612324953,negative
lceb84,teenagers,post,1612440600,negative
lchyb8,teenagers,post,1612452194,positive
lciovr,teenagers,post,1612454157,neutral
lcqiyu,teenagers,post,1612473717,neutral
lcqzus,teenagers,post,1612474923,neutral
lcsfdu,teenagers,post,1612478671,negative
lcubqo,teenagers,post,1612483826,negative
lcv33c,teenagers,post,1612486059,neutral
lcz2or,teenagers,post,1612498244,neutral
ld62ng,teenagers,post,1612527844,negative
ld6ymy,teenagers,post,1612531184,neutral
le54ha,teenagers,post,1612640669,negative
le8qu7,teenagers,post,1612651202,neutral
lea1tl,teenagers,post,1612655061,negative
lewong,teenagers,post,1612735229,neutral
lf1mq9,teenagers,post,1612750392,negative
lf8pxg,teenagers,post,1612778506,neutral
lfear9,teenagers,post,1612798497,negative
lfec3n,teenagers,post,1612798607,neutral
lg2r4e,teenagers,post,1612875309,negative
lgexwo,teenagers,post,1612908832,negative
lgq413,teenagers,post,1612949262,negative
lgrv5z,teenagers,post,1612957092,negative
lh73na,teenagers,post,1612999777,negative
lhi67i,teenagers,post,1613040131,negative
lhqwlh,teenagers,post,1613067637,neutral
lhty17,teenagers,post,1613075444,negative
lhwa2e,teenagers,post,1613081530,neutral
limsod,teenagers,post,1613169787,neutral
lip72f,teenagers,post,1613176951,negative
liqqyt,teenagers,post,1613181956,neutral
lixljd,teenagers,post,1613209409,negative
lj05ox,teenagers,post,1613221276,negative
lj44za,teenagers,post,1613235115,neutral
lj5peo,teenagers,post,1613239779,negative
lj6i6z,teenagers,post,1613242158,neutral
ljdedg,teenagers,post,1613263282,negative
ljfl4x,teenagers,post,1613270776,negative
lji325,teenagers,post,1613279905,negative
lji4e7,teenagers,post,1613280057,negative
lji58s,teenagers,post,1613280152,neutral
lji631,teenagers,post,1613280244,negative
lji8hg,teenagers,post,1613280524,neutral
lji8wt,teenagers,post,1613280574,neutral
lk57s6,teenagers,post,1613361735,neutral
lkgq3y,teenagers,post,1613405411,neutral
lkkt00,teenagers,post,1613416719,negative
lkm4u5,teenagers,post,1613420335,negative
lkmjbo,teenagers,post,1613421446,negative
lkmvof,teenagers,post,1613422400,neutral
lkogc4,teenagers,post,1613426767,negative
ll3ntv,teenagers,post,1613481692,negative
llcbgb,teenagers,post,1613505920,neutral
llin0u,teenagers,post,1613524727,negative
llk03k,teenagers,post,1613529303,negative
lll72z,teenagers,post,1613533241,negative
llpwju,teenagers,post,1613551218,negative
lm3qru,teenagers,post,1613593489,negative
lm6t1c,teenagers,post,1613601671,negative
lm8yec,teenagers,post,1613607688,positive
lmd5bw,teenagers,post,1613620740,negative
lmo00x,teenagers,post,1613658606,neutral
lmqtrn,teenagers,post,1613666200,negative
lmtb68,teenagers,post,1613672405,negative
lmxgd0,teenagers,post,1613682888,negative
ln4jn6,teenagers,post,1613702465,neutral
lnmgis,teenagers,post,1613758337,neutral
lnzxmq,teenagers,post,1613798030,neutral
lpzn04,teenagers,post,1614027353,neutral
lqsp4j,teenagers,post,1614113465,neutral
lr35f1,teenagers,post,1614139306,neutral
lr7s64,teenagers,post,1614155767,neutral
lr9nfi,teenagers,post,1614162597,negative
lr9s6g,teenagers,post,1614163088,negative
lre0us,teenagers,post,1614176564,neutral
lrmkx6,teenagers,post,1614198423,negative
lrtppw,teenagers,post,1614216863,neutral
lrwbvo,teenagers,post,1614222073,neutral
lrwjpc,teenagers,post,1614222506,neutral
lsl408,teenagers,post,1614298796,negative
lsl4uz,teenagers,post,1614298866,neutral
lsn5vr,teenagers,post,1614305211,neutral
lsp3gg,teenagers,post,1614311060,neutral
lss2ws,teenagers,post,1614322512,neutral
lt2mpf,teenagers,post,1614359903,negative
lt9bnl,teenagers,post,1614377751,neutral
lth9b1,teenagers,post,1614403953,negative
ltomyj,teenagers,post,1614434222,neutral
lu19db,teenagers,post,1614472597,negative
lu1ccz,teenagers,post,1614472867,negative
lu3jkj,teenagers,post,1614480379,negative
lufvx6,teenagers,post,1614518381,neutral
lughd5,teenagers,post,1614520091,negative
lutdit,teenagers,post,1614553958,negative
lutqdq,teenagers,post,1614554919,neutral
lt5px4,wallstreetbets,post,1614367847,neutral
lm0lpk,wallstreetbets,post,1613585120,neutral
lm0okz,wallstreetbets,post,1613585321,neutral
lew543,wallstreetbets,post,1612733632,negative
lsctkq,wallstreetbets,post,1614276534,negative
lhueo1,2007scape,post,1613076662,negative
lilj1e,7daystodie,post,1613166143,neutral
lhbpz2,ApplyingToCollege,post,1613013757,positive
lhbq9v,ApplyingToCollege,post,1613013788,positive
lab2wt,AskModerators,post,1612206184,negative
lbe0j3,AskReddit,post,1612321549,negative
llahj1,Brawlhalla,post,1613500940,neutral
lnr916,Cloud9,post,1613771266,negative
lj5rs6,CoDCompetitive,post,1613239964,negative
ltfxu7,CryptoCurrency,post,1614399103,neutral
lms1du,CryptoCurrency,post,1613669164,neutral
laf6la,Fallout,post,1612216149,positive
leupck,IASIP,post,1612729537,neutral
lhwbef,Libertarian,post,1613081631,neutral
lposdv,Testosterone,post,1614002786,neutral
lpox5z,Testosterone,post,1614003150,neutral
luboo6,books,post,1614503889,negative
lm5vz8,cardano,post,1613599156,negative
lkjwcg,conspiracy,post,1613414251,negative
ls8vs0,discordapp,post,1614266414,neutral
loains,fantasyhockey,post,1613838158,neutral
lakwly,ffxiv,post,1612231935,negative
lmgib6,memes,post,1613632016,neutral
l9u3jm,modhelp,post,1612151580,negative
lhdh18,oculus,post,1613019947,neutral
lp0cd8,paintball,post,1613924195,negative
la3jri,pennystocks,post,1612187701,neutral
lkwqnr,phr4r,post,1613452964,negative
lbatp0,redditrequest,post,1612311628,neutral
lhr9av,redditrequest,post,1613068576,neutral
ll4yne,redditrequest,post,1613485862,neutral
lhbm0v,redditrequest,post,1613013387,neutral
lal3bn,redditrequest,post,1612232529,neutral
lrmb7w,redditrequest,post,1614197725,neutral
ltxz4t,redditrequest,post,1614461984,neutral
lltemp,sex,post,1613564875,negative
ljglsn,stocks,post,1613274440,negative
le7syu,stocks,post,1612648426,negative
lbxqvt,visualnovels,post,1612385081,neutral
le0iza,wallstreetbets,post,1612627654,negative
lsnilr,weddingplanning,post,1614306363,neutral
llelmi,AskModerators,post,1613512241,neutral
lgc86m,AskReddit,post,1612901428,neutral
ljk9nu,AutoModerator,post,1613289131,neutral
ldvnlh,Autoflowers,post,1612609494,negative
laml1e,CrossStitch,post,1612237424,neutral
lgvp68,FIFA,post,1612970020,neutral
ll9o6n,GNV,post,1613498745,neutral
lpn49n,LivestreamFail,post,1613997767,neutral
ld84g6,NoStupidQuestions,post,1612534940,neutral
lligca,PhotoshopRequest,post,1613524103,neutral
lulvjk,PokemonGoSpoofing,post,1614534678,neutral
lulxg3,PokemonGoSpoofing,post,1614534813,neutral
ltg88h,ToyotaTacoma,post,1614400140,neutral
lhaxyo,asktransgender,post,1613011276,negative
lj45kb,canada,post,1613235159,negative
lffvt9,dankmemes,post,1612802795,neutral
lehfq0,destiny2,post,1612680786,neutral
lfxfis,dogecoin,post,1612856341,positive
lo7anj,dogecoinbeg,post,1613828266,neutral
ldcmpo,gaming,post,1612547027,negative
loazve,gaming,post,1613839506,neutral
lin1ju,infj,post,1613170541,neutral
lpdf83,lastfm,post,1613962607,negative
lnn7hp,lgbt,post,1613760268,neutral
lt0xmz,lgbt,post,1614355937,negative
lklljg,modhelp,post,1613418901,neutral
lqspf4,redditrequest,post,1614113488,neutral
ljuxbj,redditrequest,post,1613329696,neutral
lcxce8,redditrequest,post,1612492573,neutral
lld2x0,redditrequest,post,1613508030,neutral
ld1x68,redditrequest,post,1612509407,neutral
lczn36,redditrequest,post,1612500281,neutral
lslr3w,rickandmorty,post,1614300779,negative
lesjav,secretsanta,post,1612723437,neutral
ld1jfg,srilanka,post,1612507761,neutral
lf20za,srilanka,post,1612751805,neutral
lssw8y,unpopularopinion,post,1614326280,negative
ld96d5,wallstreetbets,post,1612537943,negative
lboauy,wallstreetbets,post,1612361388,negative
ljp6d0,wallstreetbets,post,1613312296,positive
log6wj,wallstreetbets,post,1613853679,neutral
logbql,wallstreetbets,post,1613854063,neutral
lqg85k,AndroidMasterRace,post,1614079677,negative
lc4ztt,Anxiety,post,1612405065,positive
lpf9x7,ArtistLounge,post,1613968900,neutral
lgnsam,AsianMasculinity,post,1612938794,neutral
leq69z,FIFA,post,1612716716,negative
lieceh,GMAT,post,1613146695,neutral
lknr2k,Garmin,post,1613424794,negative
lh7t1x,IBO,post,1613001746,neutral
lh57wh,PokemonROMhacks,post,1612994650,negative
ls78sc,PrivateInternetAccess,post,1614261784,negative
lpvp5q,RealEstate,post,1614018129,neutral
leefeg,TrueChristian,post,1612668951,negative
lnxvop,Twitch,post,1613790983,negative
lfuaus,Wordpress,post,1612843991,neutral
lbiwn8,aww,post,1612339945,neutral
lepvo0,bitcoin_uncensored,post,1612715827,neutral
lk5u9f,deadbydaylight,post,1613363959,neutral
lc99q2,marvelstudios,post,1612419147,neutral
ldxpd9,medical,post,1612618316,neutral
lieqan,memes,post,1613147775,negative
ltieln,mildlyinfuriating,post,1614408594,neutral
ldi73b,r4r,post,1612561698,neutral
lensf9,r4r,post,1612709276,negative
lbh8av,rant,post,1612332757,negative
lgpte1,redditrequest,post,1612947852,neutral
lo9s1o,redditrequest,post,1613836058,neutral
lrldq8,redditrequest,post,1614195381,neutral
ldxr2q,redditrequest,post,1612618505,neutral
lbpjxc,redditrequest,post,1612364909,neutral
lnkuk2,redditrequest,post,1613754268,neutral
ltpvi5,shitpost,post,1614438104,negative
lhr1nz,tf2,post,1613068010,negative
lr3tjj,wallstreetbets,post,1614141454,neutral
lg3l8r,wallstreetbets,post,1612878229,neutral
ldsek9,wallstreetbets,post,1612596403,negative
laxhco,wallstreetbets,post,1612278064,neutral
lbn621,wallstreetbets,post,1612357779,negative
ldw4sm,ANormalDayInRussia,post,1612611726,neutral
lntmvq,AskMenOver30,post,1613777850,neutral
lu90t7,Calgary,post,1614493247,neutral
lairg4,Gamingcirclejerk,post,1612225669,negative
lhhlk4,Gamingcirclejerk,post,1613037642,neutral
llfqa1,HollywoodUndead,post,1613515502,neutral
liwmte,Hotwife,post,1613204725,negative
lnygjx,JoeRogan,post,1613792931,negative
lpzqo6,JoeRogan,post,1614027605,negative
lrtx8c,JoeRogan,post,1614217276,negative
lcvs6s,Minecraft,post,1612488070,negative
lphfin,NoStupidQuestions,post,1613976627,negative
lhrtgg,PrequelMemes,post,1613070039,neutral
lnk2bg,StarWarsBattlefront,post,1613752410,negative
lqxarj,TooAfraidToAsk,post,1614124806,negative
lies6b,dankmemes,post,1613147925,negative
lhk2we,deadbydaylight,post,1613048063,negative
lfwfow,lostgeneration,post,1612852078,negative
lq90qc,needforspeed,post,1614054042,neutral
lj5cyq,poppunkers,post,1613238786,negative
lkyhft,redditrequest,post,1613459540,neutral
lpw3d3,redditrequest,post,1614019065,neutral
lrulgu,redditrequest,post,1614218592,neutral
lj5jk3,redditrequest,post,1613239315,neutral
laclvj,secretsanta,post,1612209881,neutral
lagd4m,stocks,post,1612219096,negative
lsz3ps,teenagers,post,1614350753,negative
lbyllh,unpopularopinion,post,1612387157,negative
lc7t9q,wallstreetbets,post,1612414011,negative
lfds33,wallstreetbets,post,1612797026,negative
lcm0tc,wallstreetbets,post,1612462507,negative
lgsi0p,wallstreetbets,post,1612959686,negative
l9ywyz,wallstreetbets,post,1612169915,neutral
lkx4ei,AskPhysics,post,1613454337,negative
lhocw8,AskReddit,post,1613060943,negative
ll2edf,AutoModerator,post,1613476917,neutral
ln3kfe,AutoModerator,post,1613699545,neutral
lufdls,BadDragon,post,1614516932,neutral
lsaa9l,Finland,post,1614270063,positive
lrymsg,FrankOcean,post,1614229092,negative
ljy84q,FreeKarma4U,post,1613339303,neutral
lb1642,FreeKarma4You,post,1612286819,neutral
lidgz9,GoForGold,post,1613144201,neutral
lqw3zh,JustUnsubbed,post,1614122303,negative
lqd1ut,KitchenConfidential,post,1614067697,negative
lfeahv,MLBTheShow,post,1612798475,negative
li2elo,TankPorn,post,1613099937,negative
lnn8xp,binance,post,1613760373,negative
lb5d64,copywriting,post,1612297243,neutral
lswo4t,cssbuy,post,1614342205,neutral
llvh13,discordapp,post,1613571509,neutral
lg9rrl,electronic_cigarette,post,1612895101,neutral
lkl27b,fasting,post,1613417423,neutral
loq0we,ffxiv,post,1613885636,neutral
ldgkpo,modhelp,post,1612557249,neutral
lp9hte,needadvice,post,1613949959,neutral
ldnehp,pathofexile,post,1612577164,neutral
ls3ls0,playstation,post,1614248868,negative
lt39d3,pokemon,post,1614361424,neutral
lmv250,redditrequest,post,1613676754,neutral
lr1aqj,redditrequest,post,1614133952,neutral
l9rmto,redditrequest,post,1612143695,neutral
lhrioi,redditrequest,post,1613069256,neutral
lt3cfe,redditrequest,post,1614361657,neutral
lffkkt,redditrequest,post,1612801967,neutral
lldi6z,redditrequest,post,1613509193,neutral
lnon76,sph,post,1613763856,neutral
ljimgf,splatoon,post,1613282066,neutral
li3f75,teenagers,post,1613103361,neutral
la97q9,wallstreetbets,post,1612201732,neutral
ld22jx,wallstreetbets,post,1612510073,negative
ljxvl1,warriors,post,1613338246,negative
ltbqlx,Advice,post,1614385076,negative
lgtn24,AutoModerator,post,1612963765,neutral
lf536m,BlackHair,post,1612762577,negative
lbsg27,Boruto,post,1612372253,neutral
lm35b5,CryptoCurrency,post,1613591903,neutral
lo1n9p,FortNiteBR,post,1613804652,negative
lhlgzv,Gamingcirclejerk,post,1613052794,positive
lle5vv,GoForGold,post,1613510980,neutral
la36ov,ModSupport,post,1612186574,neutral
lf0v7d,OTMemes,post,1612747971,negative
lb8uhn,Oxygennotincluded,post,1612305888,neutral
ld0sz4,SeriousConversation,post,1612504740,negative
lsrkj7,ShitPoliticsSays,post,1614320301,negative
lfcyxl,Tronix,post,1612794698,negative
lkdm3j,TrueOffMyChest,post,1613395497,negative
lr575h,WatchRedditDie,post,1614146236,negative
ld6ndq,acappella,post,1612530053,neutral
lno4nc,agile,post,1613762555,neutral
ldcd45,ask,post,1612546366,neutral
lddp85,bettafish,post,1612549738,neutral
lbd0tw,civ,post,1612318392,neutral
lr6l9s,civ,post,1614151260,neutral
lcys2y,dankmemes,post,1612497231,neutral
ligdi8,discordapp,post,1613152104,neutral
llbciu,findareddit,post,1613503320,neutral
lghpbd,forsen,post,1612917093,neutral
ljewua,forsen,post,1613268406,neutral
lfxzdd,github,post,1612858827,neutral
llryvj,haikyuu,post,1613559565,neutral
lgfav7,help,post,1612909864,neutral
lkm4ph,oneliners,post,1613420324,neutral
ld2hty,pakistan,post,1612511978,negative
ldj8uq,pennystocks,post,1612564570,neutral
lasj3x,perth,post,1612261007,negative
lcjw0d,progun,post,1612457163,negative
lhf36w,redditrequest,post,1613026526,neutral
lja8kq,redditrequest,post,1613253215,neutral
lihiaq,redditrequest,post,1613155043,neutral
lnyims,redditrequest,post,1613793122,neutral
lh9z1s,redditrequest,post,1613008300,neutral
ldhmns,redditrequest,post,1612560111,neutral
lppzkj,redditrequest,post,1614005910,positive
lm7tw4,swingersr4r,post,1613604449,neutral
lqar13,twitchplayspokemon,post,1614059561,neutral
lqb1tv,unpopularopinion,post,1614060593,neutral
l9r185,wallstreetbets,post,1612141795,neutral
lbp639,wallstreetbets,post,1612363905,negative
lct45d,wallstreetbets,post,1612480506,neutral
ldofuu,writers,post,1612580660,neutral
llmadh,ARK,post,1613537013,positive
ljyxvr,ApplyingToCollege,post,1613341458,neutral
ldxpl4,ArtistLounge,post,1612618335,negative
lgirse,AutoModerator,post,1612920581,neutral
llfpl5,Denver,post,1613515446,negative
lcgiys,Futurology,post,1612448131,negative
lokork,LawSchool,post,1613867106,neutral
lq689n,ModSupport,post,1614045393,neutral
lksvcy,Mustang,post,1613440252,neutral
lfw7pr,PoliticalHumor,post,1612851174,negative
lcjk6j,ShadowBan,post,1612456349,neutral
lcky0u,Steam,post,1612459781,negative
lr5tj4,TagPro,post,1614148399,negative
ljwj1o,UofT,post,1613334279,negative
ljwjir,UofT,post,1613334317,negative
lhjii0,bestof,post,1613045766,negative
lu8r07,caps,post,1614492514,neutral
lj01ku,conspiracy,post,1613220830,negative
ln8qp5,dankmemes,post,1613715437,neutral
leoo6j,dankmemes,post,1612712142,negative
lid03x,facebook,post,1613142858,negative
lobplp,fivenightsatfreddys,post,1613841437,neutral
lqltg1,funhaus,post,1614096210,neutral
la08dv,getdisciplined,post,1612175482,neutral
lqngr2,getdisciplined,post,1614100265,neutral
lh019w,help,post,1612981402,neutral
ldsolf,malaysia,post,1612597737,neutral
ltcz6s,memes,post,1614389197,neutral
lh223d,needamod,post,1612986589,neutral
lust8q,notinteresting,post,1614552445,negative
lmq0qn,overlord,post,1613664137,neutral
ltvwsf,plants,post,1614455621,negative
lbw1hf,pyrocynical,post,1612380890,neutral
lc9p5g,redditrequest,post,1612420869,neutral
lpm3v0,redditrequest,post,1613994326,neutral
lajlw9,redditrequest,post,1612228070,neutral
lozqah,redditrequest,post,1613922536,neutral
lq3wnn,redditrequest,post,1614038483,neutral
lir7nh,redditrequest,post,1613183524,neutral
lhc2xe,runescape,post,1613015004,neutral
lmxz64,swordartonline,post,1613684211,negative
liarx6,teenagers,post,1613135621,negative
lhgges,teenagers,post,1613032702,negative
lolzey,teslamotors,post,1613871330,neutral
lh6fqj,vegancirclejerk,post,1612997954,negative
lc6obm,wallstreetbets,post,1612410254,negative
laz5r9,wallstreetbets,post,1612282081,neutral
lctnn3,wallstreetbets,post,1612481963,negative
lirneu,wallstreetbets,post,1613185068,neutral
la4d74,wallstreetbets,post,1612190050,neutral
la4et8,wallstreetbets,post,1612190175,neutral
lbu6yl,wallstreetbets,post,1612376427,negative
lburd9,wallstreetbets,post,1612377759,neutral
lbz0jl,wallstreetbets,post,1612388201,neutral
lgd0qy,2007scape,post,1612903630,negative
llc11k,2007scape,post,1613505152,negative
lae0r2,2007scape,post,1612213293,negative
ljhf8b,AskReddit,post,1613277418,neutral
ldbq9u,ModSupport,post,1612544782,neutral
lkppb7,PublicFreakout,post,1613430359,negative
lkwpra,PublicFreakout,post,1613452874,negative
ll4tid,PublicFreakout,post,1613485425,negative
lexdd8,Rants,post,1612737081,negative
llf6ed,StarWarsBattlefront,post,1613513892,neutral
loxcis,TwoSentenceHorror,post,1613915090,neutral
ls4fxa,WeAreTheMusicMakers,post,1614252221,negative
llgljy,climateskeptics,post,1613518110,neutral
lj45xs,deadcells,post,1613235193,negative
ljdd1z,fo4,post,1613263156,neutral
lmgjjd,fo4,post,1613632135,negative
ls03u8,fo4,post,1614234644,neutral
ln7tia,memes,post,1613712431,negative
lk947s,memes,post,1613376717,neutral
lhl19c,oculusnsfw,post,1613051436,positive
lhmc4h,privacy,post,1613055357,neutral
lcy1d9,redditrequest,post,1612494720,neutral
lnzmwj,redditrequest,post,1613796969,neutral
lmmju5,redditrequest,post,1613654181,neutral
lt8ca5,redditrequest,post,1614374984,neutral
lnzb0g,redditrequest,post,1613795792,neutral
lo03nq,redditrequest,post,1613798641,neutral
lf8ems,redditrequest,post,1612777065,neutral
li12i4,redditrequest,post,1613095581,neutral
liwpln,redditrequest,post,1613205073,neutral
lq3kal,redditrequest,post,1614037509,neutral
lohwmw,redditrequest,post,1613858708,neutral
lokkib,redditrequest,post,1613866723,neutral
loklgq,redditrequest,post,1613866811,neutral
lfop2t,redditrequest,post,1612826142,neutral
lkmuy7,teenagers,post,1613422339,negative
ln8pe8,teenagers,post,1613715335,neutral
lrg4bq,vandwellers,post,1614182240,negative
li1x2n,wallstreetbets,post,1613098346,negative
le6zj2,wallstreetbets,post,1612645994,negative
lslt18,wallstreetbets,post,1614300936,negative
lt7zqo,ADTR,post,1614373987,neutral
lrvdkv,AskReddit,post,1614220134,neutral
lbu9m6,AskReddit,post,1612376598,neutral
lp4fnt,ChicoCA,post,1613935445,negative
lc3k3h,KitchenConfidential,post,1612400744,negative
lfe6m9,MCPE,post,1612798165,positive
lla84o,ModSupport,post,1613500246,negative
leigeb,RocketLeagueExchange,post,1612685579,neutral
llw484,RotMG,post,1613573379,negative
lsp8nk,VictoriaBC,post,1614311559,negative
lpyejr,WatchRedditDie,post,1614024427,negative
lh6twe,WorldofTanks,post,1612998997,neutral
ldo9pz,ambien,post,1612580115,neutral
lnek3e,cissp,post,1613737169,positive
lpnhc3,dankmemes,post,1613998936,positive
lle1ez,demonssouls,post,1613510627,neutral
lpezvs,discordapp,post,1613967917,neutral
lp3ouu,discordapp,post,1613933368,neutral
la80fp,dogecoinbeg,post,1612198908,positive
ldfvqd,gmod,post,1612555378,neutral
llal7f,gtaonline,post,1613501212,negative
lewrs4,help,post,1612735473,neutral
llkt40,help,post,1613531943,negative
lp452z,joerogan2,post,1613934618,negative
lpzpy6,mbti,post,1614027555,neutral
lsg65u,mbti,post,1614285229,neutral
lunsig,mbti,post,1614539470,neutral
lgg86s,racism,post,1612912595,negative
lh6o95,redditrequest,post,1612998575,neutral
lfel1e,redditrequest,post,1612799307,neutral
lseenn,redditrequest,post,1614280620,neutral
lpztqc,thelongdark,post,1614027786,neutral
lafvmq,wallstreetbets,post,1612217877,negative
lake39,wallstreetbets,post,1612230390,neutral
ldd3rc,wallstreetbets,post,1612548234,positive
ltaw1p,youtubetitties,post,1614382385,negative
ls72v3,AskReddit,post,1614261279,neutral
lj5uby,Dreams,post,1613240179,neutral
lqarxt,Enough_Sanders_Spam,post,1614059656,negative
lhwx7b,ExCons,post,1613083297,neutral
l9wpp6,Feminism,post,1612160707,neutral
lt7wqj,Feminism,post,1614373754,neutral
ldxtzc,Naruto,post,1612618821,neutral
lfpouk,Naruto,post,1612829063,negative
lkw2zz,Naruto,post,1613450726,neutral
lqm1u3,Naruto,post,1614096789,negative
luphvt,RequestNetwork,post,1614543838,neutral
lehye7,TombRaider,post,1612683195,neutral
ljk7u1,aspergirls,post,1613288874,negative
l9vw24,binance,post,1612157662,neutral
lmkexn,dankmemes,post,1613646692,negative
lmkfnr,dankmemes,post,1613646773,negative
lejw4w,dankmemes,post,1612692917,neutral
lejyyq,dankmemes,post,1612693317,neutral
ldy4d2,dankmemes,post,1612619947,neutral
li7bez,ethereum,post,1613120442,neutral
lq2vid,forsen,post,1614035569,negative
lrywxs,gonewild,post,1614230046,neutral
lhoy55,ideasfortheadmins,post,1613062553,neutral
lmerq0,kotor,post,1613626187,neutral
lggj4d,mormon,post,1612913525,neutral
lm922x,redditrequest,post,1613607998,positive
lnt9l1,redditrequest,post,1613776822,neutral
lhrj7m,redditrequest,post,1613069293,neutral
lshmzh,redditrequest,post,1614289168,neutral
loxae4,redditrequest,post,1613914864,neutral
ls7p1j,redditrequest,post,1614263179,neutral
lizwrx,runescape,post,1613220269,negative
lrqkva,sandiego,post,1614210139,positive
ldytlj,stopdrinking,post,1612622339,neutral
lfv41e,teenagers,post,1612846933,positive
la62wf,wallstreetbets,post,1612194324,neutral
lab1c5,wallstreetbets,post,1612206082,positive
ld20nj,wallstreetbets,post,1612509841,neutral
li47qf,wow,post,1613106381,neutral
lbicfx,AskReddit,post,1612337455,negative
lbxsfj,Draven,post,1612385195,neutral
ldgbh3,Eve,post,1612556553,negative
ldauda,Foofighters,post,1612542528,neutral
lu1e5q,Iowa,post,1614473028,neutral
lbq6t5,MurderedByWords,post,1612366603,negative
ljivsy,OSU,post,1613283088,neutral
le6977,Romania,post,1612643897,negative
lsjfcx,StardewValley,post,1614294012,neutral
lm4ahq,WatchRedditDie,post,1613594942,negative
liotu0,arenaofvalor,post,1613175818,neutral
lf4g1g,askscience,post,1612760177,negative
lexej1,dankmemes,post,1612737175,neutral
lt2qbm,dankmemes,post,1614360099,negative
lljgms,darkjokes,post,1613527507,neutral
lalc2r,dogecoin,post,1612233321,neutral
lppyxc,fastfood,post,1614005861,neutral
lpxip6,fo4,post,1614022331,neutral
lildw5,fresno,post,1613165742,neutral
ls7z1d,howto,post,1614264012,neutral
ldmx7y,miraculousladybug,post,1612575605,neutral
ldnb6h,miraculousladybug,post,1612576859,neutral
ldnmbe,miraculousladybug,post,1612577869,neutral
lu3gmi,notinteresting,post,1614480102,neutral
liojhg,quoteporn,post,1613174957,neutral
ll4hv3,rant,post,1613484412,neutral
ll6h8k,rapecounseling,post,1613490211,neutral
leponn,redditrequest,post,1612715259,neutral
lhuc7y,redditrequest,post,1613076493,neutral
llbukb,teenagers,post,1613504650,negative
lb0azb,wallstreetbets,post,1612284761,neutral
lfyqku,wallstreetbets,post,1612862369,positive
lalv46,AmItheAsshole,post,1612235053,negative
ll4pdh,AskReddit,post,1613485050,neutral
ll4qb2,AskReddit,post,1613485139,neutral
lf1llb,BlackPeopleTwitter,post,1612750279,negative
lu0xpt,Comcast_Xfinity,post,1614471487,neutral
lu1js9,CryptoCurrency,post,1614473560,negative
lr47k2,DC_Cinematic,post,1614142792,neutral
leem8p,GreenBayPackers,post,1612669617,neutral
ll4ax9,Kentucky,post,1613483829,neutral
ls8f0l,MensRights,post,1614265224,negative
lcx1k7,NarcissisticAbuse,post,1612491687,positive
lf6y4y,PUBG,post,1612770466,negative
lebpws,PrequelMemes,post,1612660139,neutral
leu9hf,PrequelMemes,post,1612728256,negative
lfqwcn,PrequelMemes,post,1612832809,negative
lhi3j8,PrequelMemes,post,1613039801,neutral
ljuc3n,PrequelMemes,post,1613328019,neutral
lndybi,PrequelMemes,post,1613735006,neutral
ltc751,PrequelMemes,post,1614386615,negative
luc5p1,PrequelMemes,post,1614505788,neutral
ludact,PrequelMemes,post,1614510169,neutral
lbqaz9,RobinHood,post,1612366898,negative
lo2r7q,RobinHood,post,1613809466,neutral
lurkbi,RobinHood,post,1614549156,negative
leea1y,Smite,post,1612668489,negative
ldczds,TMNT,post,1612547946,negative
lml80x,TalesFromTheFrontDesk,post,1613649689,negative
lgelzr,TwoXChromosomes,post,1612907918,positive
lh6o26,UCDavis,post,1612998558,neutral
llyp9b,Unexpected,post,1613580198,positive
lbrlq9,Vent,post,1612370216,negative
lt68ik,asktransgender,post,1614369235,neutral
lnb0in,copypasta,post,1613723780,negative
lreh8v,darkjokes,post,1614177821,neutral
lgat8f,dogecoinbeg,post,1612897772,neutral
lue5zj,elderscrollsonline,post,1614513102,neutral
lml4pm,gaming,post,1613649409,negative
lfahr5,gonewild30plus,post,1612786177,neutral
le4y4x,help,post,1612640168,negative
lawsby,hoi4,post,1612276382,negative
le6dfg,hoi4,post,1612644244,neutral
ljgj1d,hoi4,post,1613274138,neutral
lodhrg,hoi4,post,1613846247,neutral
lpr5tt,hoi4,post,1614008190,neutral
ld6z43,ottawa,post,1612531230,negative
lckrpa,redditmobile,post,1612459324,neutral
lsko6u,redditrequest,post,1614297544,neutral
lr8ti9,redditrequest,post,1614159600,neutral
l9xkpf,redditrequest,post,1612164164,neutral
ldt6bz,redditrequest,post,1612600111,neutral
ljc6zo,redditrequest,post,1613259306,neutral
ldh8zj,wallstreetbets,post,1612559081,negative
lgk16s,wallstreetbets,post,1612924817,negative
la824f,wallstreetbets,post,1612199015,neutral
laczwl,wallstreetbets,post,1612210836,neutral
lrnon5,wallstreetbets,post,1614202219,neutral
lkcpul,2007scape,post,1613392071,negative
lurotm,Animemes,post,1614549489,neutral
lnhtav,AskReddit,post,1613746688,neutral
lfbykj,AutoModerator,post,1612791532,neutral
lhbqd6,ConspiracyII,post,1613013797,negative
lq8z7f,Destiny,post,1614053909,negative
loo1ad,DynastyFF,post,1613878493,neutral
llf9yl,GTA,post,1613514185,neutral
lo8yqf,Minecraft,post,1613833673,neutral
lj9pbc,Nanny,post,1613251611,neutral
ltrgl8,NewTubers,post,1614442789,neutral
lsoqkx,PS4Pro,post,1614309878,neutral
lsz4a0,PhotoshopRequest,post,1614350800,positive
leq3fy,RocketLeagueExchange,post,1612716478,neutral
lniber,ShitPoliticsSays,post,1613747962,neutral
ltsq21,TooAfraidToAsk,post,1614446417,negative
lck5vi,TopMindsOfReddit,post,1612457841,negative
lkxjxt,Welding,post,1613455913,negative
lq59c3,Wellthatsucks,post,1614042456,negative
lf9964,XXXTENTACION,post,1612780930,negative
lfgyxh,XXXTENTACION,post,1612805627,neutral
ljg2gr,XXXTENTACION,post,1613272440,negative
ljizjg,XXXTENTACION,post,1613283486,neutral
lrvb5v,XXXTENTACION,post,1614220002,negative
lrx5hs,XXXTENTACION,post,1614224088,negative
lry1g2,XXXTENTACION,post,1614227023,positive
lrylra,XXXTENTACION,post,1614228988,neutral
lm1mmc,changemyview,post,1613587813,negative
lsh7iu,chess,post,1614288001,negative
lp2e68,chicagobulls,post,1613929793,negative
lhi0bn,civic,post,1613039423,neutral
lj8k8q,coolguides,post,1613248283,negative
lmt1rb,dogecoin,post,1613671774,neutral
laz3uy,dogecoinbeg,post,1612281960,neutral
ld3npt,facepalm,post,1612517389,neutral
lk6mgx,gtaonline,post,1613366825,neutral
lp7jxq,help,post,1613944254,neutral
lkit6q,ireland,post,1613411281,neutral
ln55vj,jacksonville,post,1613704296,neutral
lcjw98,madlads,post,1612457179,negative
ln5hlg,njpw,post,1613705312,neutral
ltytir,philosophy,post,1614464621,neutral
lejbqr,redditrequest,post,1612690036,neutral
ld09zc,redditrequest,post,1612502625,neutral
lnb782,redditrequest,post,1613724569,neutral
lj74xz,redditrequest,post,1613244077,neutral
lg4tys,redditrequest,post,1612882081,neutral
lg5lfa,redditrequest,post,1612884209,neutral
ludqen,redditrequest,post,1614511629,neutral
lopqau,redditrequest,post,1613884525,neutral
lfrsqx,redditrequest,post,1612835729,neutral
lcq7wc,redditrequest,post,1612472917,neutral
llpw6j,redditrequest,post,1613551170,neutral
lnq519,redditrequest,post,1613767730,neutral
lqipkn,redditrequest,post,1614087809,neutral
lqlde0,redditrequest,post,1614095101,neutral
ldyvoq,redditrequest,post,1612622506,neutral
lhoja1,redditrequest,post,1613061420,neutral
lgabmo,science,post,1612896535,negative
louxtp,tennis,post,1613905586,neutral
lbhs0a,wallstreetbets,post,1612335029,negative
ls9hjs,wallstreetbets,post,1614268005,neutral
ld7asb,wallstreetbets,post,1612532346,negative
lsixv3,AskReddit,post,1614292663,negative
ldphq3,AskReddit,post,1612584347,neutral
lj59al,GoForGold,post,1613238488,neutral
lchmfp,MetalMemes,post,1612451294,neutral
lh71bf,Nanny,post,1612999592,positive
li79a8,Showerthoughts,post,1613120151,negative
lct2dx,Tekken,post,1612480373,negative
lrxc4p,Thunder,post,1614224691,neutral
lc3f9j,Vulfpeck,post,1612400410,neutral
ltuy3r,cardano,post,1614452685,negative
lbf132,curvy,post,1612324883,positive
lfn5f6,dankruto,post,1612821818,negative
lir5rg,dankruto,post,1613183387,negative
lq5m2v,dankruto,post,1614043500,neutral
lq5new,dankruto,post,1614043615,negative
lazmqi,infp,post,1612283152,positive
lboasm,insurgency,post,1612361382,neutral
lnrtn0,memes,post,1613772821,negative
lh3yd2,modhelp,post,1612991360,neutral
lck4xy,redditrequest,post,1612457776,neutral
lmycxs,redditrequest,post,1613685171,neutral
lgifd5,redditrequest,post,1612919422,neutral
lks6if,redditrequest,post,1613437993,neutral
lan5gh,redditrequest,post,1612239268,neutral
legzqt,redditrequest,post,1612678779,neutral
lgo5hl,redditrequest,post,1612940414,neutral
lfmvni,relationship_advice,post,1612821082,neutral
laelz9,stopdrinking,post,1612214722,positive
luo8lo,teenagers,post,1614540629,neutral
lbf2ro,teenagers,post,1612325035,negative
lcjt0o,wallstreetbets,post,1612456956,negative
lcx3l7,wallstreetbets,post,1612491855,positive
lecl08,wallstreetbets,post,1612662875,neutral
ls7vxy,AskReddit,post,1614263756,negative
lhqc3n,AutoModerator,post,1613066171,neutral
ls36o3,Forex,post,1614247238,neutral
luo9bf,Kaiserreich,post,1614540678,negative
la50o5,PERSoNA,post,1612191753,negative
lc4clh,Paladins,post,1612403136,neutral
lehoe9,XXXTENTACION,post,1612681875,negative
lpzcix,atheismrebooted,post,1614026677,negative
ls8eom,communism,post,1614265207,negative
lr63il,curvy,post,1614149452,neutral
lsdomh,dankmemes,post,1614278793,negative
lm8ra2,diablo2,post,1613607095,negative
lt1mhb,gtaonline,post,1614357697,neutral
lasn8z,lebanon,post,1612261518,negative
lmo1rk,madlads,post,1613658745,neutral
lrvtgp,newtothenavy,post,1614221030,neutral
lnjzr3,numenera,post,1613752224,negative
lrgn3m,pokemongo,post,1614183617,negative
lai9p2,redditrequest,post,1612224224,neutral
ljrbih,redditrequest,post,1613319429,neutral
lfxudz,redditrequest,post,1612858200,neutral
ljxvv2,redditrequest,post,1613338271,neutral
law9jx,redditrequest,post,1612275000,neutral
llnxji,redditrequest,post,1613543272,neutral
lfeypv,sysadmin,post,1612800323,neutral
lacyo4,teenagers,post,1612210751,negative
levtxx,teenagers,post,1612732742,negative
llol9a,unpopularopinion,post,1613545886,negative
laabwr,wallstreetbets,post,1612204407,neutral
lbu8w6,wallstreetbets,post,1612376552,neutral
leq7kh,wallstreetbets,post,1612716826,negative
law6hc,wallstreetbets,post,1612274759,positive
laz8nt,wallstreetbets,post,1612282259,neutral
liwtb5,weed,post,1613205591,neutral
lebt6d,worldpowers,post,1612660414,negative
lmmor8,CallOfDuty,post,1613654585,negative
lc7878,DotA2,post,1612412059,neutral
lg05v8,Egypt,post,1612866996,neutral
ldhl6p,FORTnITE,post,1612559998,positive
lm18r8,FreeKarma4You,post,1613586781,neutral
lhkdm6,GODZILLA,post,1613049147,negative
leab07,Music,post,1612655870,neutral
lfv5v5,ShadowBan,post,1612847109,neutral
lpdqnl,Showerthoughts,post,1613963660,negative
lca2sv,TheoryOfReddit,post,1612422405,positive
lrdsu0,WorldofTanks,post,1614175943,neutral
lmqkb9,arduino,post,1613665534,neutral
lgeuf6,army,post,1612908553,neutral
lj0hpq,dogecoin,post,1613222656,negative
ljqzpe,dubai,post,1613318441,positive
lb3ul3,gonewild,post,1612293450,positive
lbos36,gonewild,post,1612362807,neutral
lbot8l,gonewild,post,1612362902,neutral
lcwf8v,gonewild,post,1612490030,neutral
ldygub,gonewild,post,1612621119,neutral
ldyixf,gonewild,post,1612621291,neutral
ldyjr2,gonewild,post,1612621374,neutral
lecdug,gonewild,post,1612662247,neutral
lfvamy,gonewild,post,1612847591,neutral
lg8ifr,gonewild,post,1612891936,neutral
lgowui,gonewild,post,1612943836,negative
ludpys,gonewild,post,1614511597,positive
lspy4k,malaysia,post,1614314053,negative
le3l1u,medicine,post,1612636352,positive
lgz8w8,pennystocks,post,1612979416,negative
lctp0e,pennystocks,post,1612482060,negative
lgja3s,redditrequest,post,1612922309,negative
lu41yv,redditrequest,post,1614482120,neutral
lk12ve,redditrequest,post,1613348076,neutral
llyksf,redditrequest,post,1613579857,neutral
lisixt,redditrequest,post,1613188249,neutral
lp7y2t,redditrequest,post,1613945341,neutral
ld8nz8,sanfrancisco,post,1612536573,negative
leoxcg,sanfrancisco,post,1612712958,negative
lph8pw,teenagers,post,1613975911,neutral
luj02d,traphentai,post,1614527209,neutral
lnoolq,trashy,post,1613763957,negative
lmsu68,trashy,post,1613671273,negative
lalua7,twitchplayspokemon,post,1612234981,neutral
lb8l26,twitchplayspokemon,post,1612305204,positive
lpsq64,virgin,post,1614011365,neutral
la1lpp,wallstreetbets,post,1612181043,neutral
lc8mw5,wallstreetbets,post,1612416804,negative
lac6ac,wallstreetbets,post,1612208812,negative
la72kr,wallstreetbets,post,1612196676,neutral
lbzbp6,wallstreetbets,post,1612389031,neutral
lqmu6s,witchcraft,post,1614098721,neutral
lb80k0,AskReddit,post,1612303665,neutral
li23w3,Blogging,post,1613098952,neutral
lj9joq,BoostForReddit,post,1613251169,neutral
lk674h,GirlGamers,post,1613365263,negative
lmyarh,GoForGold,post,1613685023,neutral
lijmht,LSAT,post,1613160768,positive
lkv8ki,Meditation,post,1613447878,neutral
ljfznd,Militaryfaq,post,1613272195,negative
lpxsqc,NonBinary,post,1614023004,neutral
lfpdyt,PokemonTCG,post,1612828185,negative
lfpphf,PokemonTCG,post,1612829113,negative
lgvbw3,PokemonTCG,post,1612969031,neutral
loy7my,PokemonTCG,post,1613917914,negative
lc32o1,Rabbits,post,1612399352,neutral
lmdwyn,TrueOffMyChest,post,1613623262,negative
lfy87e,Veterinary,post,1612860011,positive
lrl70x,WatchRedditDie,post,1614194896,neutral
lirwqo,WatchRedditDie,post,1613185998,negative
litv98,aww,post,1613193145,negative
luhpco,aww,post,1614523574,neutral
lfzk0k,cyberpunkgame,post,1612865782,negative
ljaerw,destiny2,post,1613253715,neutral
ljkqid,destiny2,post,1613291489,neutral
ld6o85,dogecoin,post,1612530128,neutral
lan0m4,dogecoin,post,1612238826,negative
lfblkd,killthosewhodisagree,post,1612790299,negative
lt83ns,modhelp,post,1614374292,neutral
likq1b,privacytoolsIO,post,1613163876,neutral
lryqeh,redditrequest,post,1614229428,neutral
lctyfm,redditrequest,post,1612482806,neutral
ltwxza,redditrequest,post,1614458758,neutral
leoji4,redditrequest,post,1612711742,neutral
lmixm3,redditrequest,post,1613640954,neutral
lnw8cq,redditrequest,post,1613785668,neutral
ljm8e8,redditrequest,post,1613299367,neutral
libdlv,redditrequest,post,1613137781,neutral
ladury,relationship_advice,post,1612212903,neutral
lmgk8v,stocks,post,1613632205,neutral
ld9f8c,subnautica,post,1612538622,negative
le1972,teenagers,post,1612629797,neutral
lqn4ox,vegan,post,1614099455,negative
lcp3z9,wallstreetbets,post,1612470216,neutral
l9wr0c,Advice,post,1612160845,neutral
ltam9s,AskAnAmerican,post,1614381540,neutral
lciqu8,AskReddit,post,1612454303,neutral
lciqx4,AskReddit,post,1612454310,neutral
lldmgk,AskReddit,post,1613509492,neutral
lu22t3,BioshockInfinite,post,1614475273,negative
lpvkvw,Christianity,post,1614017878,neutral
lb3apo,CryptoCurrency,post,1612292075,negative
lb3f6g,CryptoCurrency,post,1612292398,negative
ld4t40,CryptoCurrency,post,1612522601,neutral
ldfcp6,CryptoCurrency,post,1612554014,negative
ldmeyu,CryptoCurrency,post,1612573957,negative
lerlsa,CryptoCurrency,post,1612720869,negative
lfct4v,CryptoCurrency,post,1612794207,negative
lfhet9,CryptoCurrency,post,1612806783,neutral
linz78,CryptoCurrency,post,1613173266,negative
lj3xh2,CryptoCurrency,post,1613234473,neutral
lk0olf,CryptoCurrency,post,1613346866,negative
lkwbpb,CryptoCurrency,post,1613451562,neutral
lo0s3b,CryptoCurrency,post,1613801182,negative
loyj2h,CryptoCurrency,post,1613918983,positive
lqf7qw,CryptoCurrency,post,1614075854,neutral
lqglik,CryptoCurrency,post,1614080985,neutral
lqgmhx,CryptoCurrency,post,1614081080,neutral
lqx59k,CryptoCurrency,post,1614124477,negative
luibrm,CryptoCurrency,post,1614525349,neutral
lgnp0i,IOTAmarkets,post,1612938416,neutral
lkvr8f,Izlam,post,1613449585,neutral
leumtg,Marriage,post,1612729328,neutral
lchssi,Minecraft,post,1612451774,negative
lu5rsk,ModSupport,post,1614485956,neutral
lsqnye,NoStupidQuestions,post,1614316713,negative
lnmy28,Oppression,post,1613759590,neutral
lqc31j,PewdiepieSubmissions,post,1614064154,neutral
llrgnw,Planetside,post,1613557572,neutral
lic1gq,Trophies,post,1613139940,negative
lj6mzs,binance,post,1613242568,negative
li5w80,community,post,1613113429,negative
lukcfg,facepalm,post,1614530740,negative
lkp37v,falloutshelter,post,1613428590,neutral
lljjv6,memes,post,1613527810,neutral
lezhjj,nfl,post,1612743392,negative
lf6qg9,redditrequest,post,1612769500,neutral
ldgcii,redditrequest,post,1612556637,neutral
ldfif0,redditrequest,post,1612554392,neutral
lgpmam,redditrequest,post,1612946971,neutral
lt3bv1,sandiego,post,1614361616,neutral
lf4wks,sandiego,post,1612761864,negative
lj49q3,teenagers,post,1613235526,neutral
lr01b8,vegancirclejerk,post,1614131543,neutral
lcx0qd,wallstreetbets,post,1612491614,negative
lbtqug,wallstreetbets,post,1612375395,neutral
laxafh,wallstreetbets,post,1612277618,neutral
l9ru20,wallstreetbets,post,1612144337,negative
lbktb4,2007scape,post,1612348417,neutral
lnk43p,AMA,post,1613752524,positive
lugd6g,AskModerators,post,1614519747,neutral
lj1ogq,AskNYC,post,1613227161,neutral
llm8s3,AskReddit,post,1613536856,neutral
lh8qav,Christianity,post,1613004505,negative
lo2zyx,EliteTraders,post,1613810571,positive
lokl60,FreeKarma4U,post,1613866784,negative
lqni6m,Minecraft,post,1614100357,neutral
lg7xeu,ModSupport,post,1612890412,neutral
lnt0zv,Overwatch,post,1613776151,negative
lnt2wm,Overwatch,post,1613776293,negative
lfcl0h,PacificRim,post,1612793507,neutral
lqknf2,Rowing,post,1614093200,neutral
lixc8a,Showerthoughts,post,1613208135,neutral
lsqvj0,StockMarket,post,1614317528,negative
ldx9yw,TooAfraidToAsk,post,1612616614,negative
lu5g1x,Twitch,post,1614485259,neutral
lpd8v3,anime,post,1613962020,neutral
lajvcr,askphilosophy,post,1612228831,negative
lewnqw,chromeos,post,1612735161,neutral
lewo4q,chromeos,post,1612735196,neutral
lrjg3s,chromeos,post,1614190503,neutral
lf00ld,dankmemes,post,1612745142,neutral
le6ihp,excel,post,1612644655,neutral
lsp3rl,forsen,post,1614311092,neutral
lfs1do,ireland,post,1612836478,neutral
lpl7kh,ireland,post,1613991154,neutral
lbnt8e,liberalgunowners,post,1612359927,neutral
lfc6un,mildlyinfuriating,post,1612792284,negative
lfrf00,netflix,post,1612834478,negative
l9tdb7,pennystocks,post,1612149201,neutral
lc2g53,pennystocks,post,1612397497,neutral
ldk42k,pennystocks,post,1612566979,neutral
leaqvp,pennystocks,post,1612657193,negative
lfro1u,pennystocks,post,1612835303,positive
lgnmve,pennystocks,post,1612938161,negative
lgu9m3,pennystocks,post,1612965822,neutral
lguafa,pennystocks,post,1612965894,neutral
lgz5m2,pennystocks,post,1612979181,negative
lh0tl7,pennystocks,post,1612983417,positive
lh1byi,pennystocks,post,1612984728,negative
lhnsny,pennystocks,post,1613059428,neutral
lhpc39,pennystocks,post,1613063542,neutral
lhpfgv,pennystocks,post,1613063783,neutral
lhpfxc,pennystocks,post,1613063817,neutral
llhgmc,pennystocks,post,1613520847,negative
lq93zr,pennystocks,post,1614054326,positive
lqidbp,pennystocks,post,1614086761,neutral
lbaabl,ps2,post,1612310018,positive
lu0v1b,redditrequest,post,1614471235,neutral
ltd4ns,redditrequest,post,1614389728,neutral
lrl116,redditrequest,post,1614194462,neutral
lnk53n,redditrequest,post,1613752581,neutral
lgnb6w,redditrequest,post,1612936841,neutral
lmspv4,redditrequest,post,1613670978,neutral
le9i9y,redditrequest,post,1612653412,neutral
lerz4f,redditrequest,post,1612721866,neutral
lfl49h,redditrequest,post,1612816460,neutral
lcxoud,runescape,post,1612493673,neutral
lacyat,runescape,post,1612210726,neutral
lb1wgp,runescape,post,1612288613,neutral
lda7vx,runescape,post,1612540836,neutral
lge1cq,runescape,post,1612906309,neutral
lh5noi,runescape,post,1612995830,negative
ln05dx,runescape,post,1613689807,neutral
lnsa2i,runescape,post,1613774069,negative
lqq9ya,runescape,post,1614107295,positive
lre6hg,runescape,post,1614177010,neutral
lrxi7q,runescape,post,1614225247,positive
lb8fec,stocks,post,1612304825,neutral
liw4p5,teenagers,post,1613202453,negative
lb1b3e,toddlers,post,1612287151,neutral
le4e68,wallstreetbets,post,1612638590,neutral
lb6v2n,wallstreetbets,post,1612301098,negative
lblrxx,wallstreetbets,post,1612352522,negative
lcjb4e,wallstreetbets,post,1612455709,negative
lcmcal,wallstreetbets,post,1612463344,neutral
lc8ory,wallstreetbets,post,1612416992,negative
lgrlr9,2007scape,post,1612955945,negative
lrmumn,2b2t,post,1614199094,negative
lnd3qw,AskReddit,post,1613731928,neutral
lnwom8,AskReddit,post,1613787058,neutral
lhv12o,AutoModerator,post,1613078241,neutral
lmro20,AutoModerator,post,1613668254,neutral
lmiuje,FreeSpeech,post,1613640607,negative
lkt5si,JustUnsubbed,post,1613441181,negative
la5730,Minecraft,post,1612192185,neutral
lame7g,Minecraft,post,1612236788,neutral
lbqtus,Minecraft,post,1612368279,neutral
lbuxa7,Minecraft,post,1612378180,neutral
lcg9z8,Minecraft,post,1612447374,neutral
ldp1e9,Minecraft,post,1612582697,neutral
lfhli7,Minecraft,post,1612807255,neutral
lhcxjo,Minecraft,post,1613017979,neutral
liw9sl,Minecraft,post,1613203100,neutral
lly8kj,Minecraft,post,1613579022,neutral
ln1ehd,Minecraft,post,1613693255,negative
ln1gnb,Minecraft,post,1613693417,negative
ln1ies,Minecraft,post,1613693553,negative
ln8jgm,Minecraft,post,1613714753,neutral
lofbcj,Minecraft,post,1613851221,negative
lqh0kk,Minecraft,post,1614082387,negative
lqo8k4,Minecraft,post,1614102198,neutral
lrjncc,Minecraft,post,1614191016,negative
lsm7k1,Minecraft,post,1614302160,neutral
lsx3v2,Minecraft,post,1614344008,neutral
lt0mjw,Minecraft,post,1614355086,neutral
ltgak9,Minecraft,post,1614400363,neutral
ltyios,Minecraft,post,1614463681,neutral
laxz74,Minecraft,post,1612279232,neutral
lfrp49,PeakyBlinders,post,1612835398,negative
lc1j8f,PublicFreakout,post,1612394960,negative
lr8eqx,RobinHood,post,1614158073,negative
lik4dv,Vent,post,1613162162,negative
lde7g0,WatchRedditDie,post,1612551045,negative
lkzrvb,blackmirror,post,1613465200,negative
lsv2e9,britishproblems,post,1614335877,neutral
lt50i8,cardano,post,1614366004,positive
lq9rcp,chelseafc,post,1614056372,neutral
lhvz5u,cocaine,post,1613080784,positive
lsguc5,cocaine,post,1614287008,positive
lbkg3q,deepweb,post,1612346784,negative
lhnemi,dogecoin,post,1613058371,negative
lew678,evolution,post,1612733716,neutral
lmlql1,haikyuu,post,1613651513,negative
lnwpw9,iamverysmart,post,1613787167,negative
la275s,memes,post,1612183314,neutral
lmzlzj,migraine,post,1613688392,neutral
lfg11t,mildlyinfuriating,post,1612803175,negative
lnyjgk,preppers,post,1613793199,positive
lmyz9l,redditrequest,post,1613686756,neutral
lccaci,redditrequest,post,1612431823,neutral
lccakd,redditrequest,post,1612431853,neutral
ldh919,redditrequest,post,1612559085,negative
letrj2,redditrequest,post,1612726887,neutral
lgcwd2,redditrequest,post,1612903273,neutral
la1ru7,redditrequest,post,1612181718,neutral
lfim1f,redditrequest,post,1612809921,neutral
lc7464,redditrequest,post,1612411698,neutral
lg3ql3,southpark,post,1612878734,neutral
ljb31z,teenagers,post,1613255792,neutral
lmodow,unpopularopinion,post,1613659738,negative
lchjei,wallstreetbets,post,1612451058,negative
lbp906,wallstreetbets,post,1612364130,neutral
lkiw61,wallstreetbets,post,1613411518,neutral
lsnaaj,whatsthatbook,post,1614305601,neutral
ld9dia,Libraries,post,1612538489,neutral
lhxwsy,Libraries,post,1613086048,neutral
lhmg4g,LoveNikki,post,1613055661,neutral
lf95w1,ModSupport,post,1612780496,negative
loibuk,MurderedByWords,post,1613859996,negative
lr03nz,PokemonGoSpoofing,post,1614131663,neutral
lge953,Unexpected,post,1612906908,neutral
lffs57,WWU,post,1612802527,negative
lsplpu,copypasta,post,1614312787,negative
ldwavj,dogecoin,post,1612612497,neutral
ldwvxz,dogecoin,post,1612615019,neutral
lea7wl,dogecoin,post,1612655589,neutral
lmb0u8,dogecoin,post,1613613935,negative
lufolk,help,post,1614517806,negative
lic87c,redditrequest,post,1613140544,neutral
lewexo,redditrequest,post,1612734419,neutral
llpuy5,redditrequest,post,1613551014,neutral
lnmzf1,redditrequest,post,1613759681,neutral
lfn81v,teenagers,post,1612822010,negative
lky5hm,teenagers,post,1613458234,negative
lhntyr,waifuism,post,1613059522,neutral
ldku5g,wallstreetbets,post,1612569150,neutral
la36t5,wallstreetbets,post,1612186585,negative
laf9wj,wallstreetbets,post,1612216367,neutral
ldz06u,wallstreetbets,post,1612622942,positive
lhe011,wallstreetbets,post,1613021968,negative
ldhgj4,wallstreetbets,post,1612559619,negative
ldls7h,wallstreetbets,post,1612571991,neutral
lmac83,Bondage,post,1613611852,negative
legfhj,Dabs,post,1612676459,negative
legguz,Dabs,post,1612676608,negative
legkle,Dabs,post,1612677024,negative
lovvve,Design,post,1613909547,neutral
lhsluh,FargoTV,post,1613072086,neutral
ls14zd,JustUnsubbed,post,1614238834,negative
lo98e0,ModSupport,post,1613834484,neutral
la3lut,MurderedByWords,post,1612187882,neutral
lcjx6a,Random_Acts_Of_Amazon,post,1612457240,neutral
lilkmk,UCSD,post,1613166266,neutral
li1owi,WatchRedditDie,post,1613097553,negative
lica30,WatchRedditDie,post,1613140713,negative
lousno,apple,post,1613905047,neutral
ljw446,bigboobproblems,post,1613333066,neutral
lpruzt,classicwow,post,1614009360,neutral
lopye4,danganronpa,post,1613885372,neutral
lfrha4,deadbydaylight,post,1612834683,negative
lurdib,gradadmissions,post,1614548673,neutral
llduvc,ideasfortheadmins,post,1613510131,negative
llpxuh,memes,post,1613551372,negative
lcw5h9,modhelp,post,1612489189,neutral
lcqqit,movies,post,1612474252,negative
lf1s8k,occupywallstreet,post,1612750899,neutral
ldylx5,quittingkratom,post,1612621593,neutral
lr3kzh,redditrequest,post,1614140674,neutral
lrg56v,redditrequest,post,1614182306,neutral
lpqg9b,redditrequest,post,1614006969,neutral
lqvvs1,redditrequest,post,1614121723,neutral
lileha,secretsanta,post,1613165787,neutral
lbfrgx,survivor,post,1612327330,neutral
lja5ln,survivor,post,1613252973,neutral
lqjm2m,teenagers,post,1614090425,neutral
lae4ui,wallstreetbets,post,1612213553,neutral
lae82h,wallstreetbets,post,1612213765,neutral
laedlh,wallstreetbets,post,1612214127,neutral
lagnao,wallstreetbets,post,1612219848,neutral
lbg9ha,wallstreetbets,post,1612329046,negative
lere40,wallstreetbets,post,1612720268,negative
ll5vdl,winkhub,post,1613488456,negative
lte1e1,2007scape,post,1614392682,neutral
lutqvd,AskReddit,post,1614554958,neutral
lmpq1l,Drama,post,1613663390,positive
ltzm90,HealthAnxiety,post,1614467141,neutral
lol1lt,PewdiepieSubmissions,post,1613868267,neutral
ldqf2v,PoliticalHumor,post,1612587863,neutral
ll06rb,PublicFreakout,post,1613466986,negative
lbhw27,RLFashionAdvice,post,1612335524,neutral
ltcq2n,Showerthoughts,post,1614388324,negative
lrzk5b,StardewValley,post,1614232470,positive
lc8zsb,XXXTENTACION,post,1612418121,negative
lkouxw,cardano,post,1613427910,neutral
lry5hs,dankmemes,post,1614227406,negative
lbzvc7,dogecoin,post,1612390422,neutral
lc06zt,dogecoin,post,1612391312,neutral
lc0ea6,dogecoin,post,1612391827,neutral
lfyox3,formula1,post,1612862143,neutral
lulinn,forsen,post,1614533760,neutral
leqgug,india,post,1612717551,neutral
lhyh4o,liberalgunowners,post,1613087709,neutral
ltap51,moderatepolitics,post,1614381793,neutral
lffw8j,pakistan,post,1612802824,negative
leawz1,raisedbynarcissists,post,1612657677,neutral
leb2n9,raisedbynarcissists,post,1612658191,neutral
leg0vk,raisedbynarcissists,post,1612674827,neutral
lpwqdw,raisedbynarcissists,post,1614020512,neutral
laxc39,redditrequest,post,1612277730,negative
lb3jiy,redditrequest,post,1612292681,neutral
lj85gc,redditrequest,post,1613247060,neutral
lbgof2,redditrequest,post,1612330614,neutral
lfqwzv,runescape,post,1612832869,positive
lolikd,socialwork,post,1613869770,negative
lmkwm3,trans,post,1613648544,neutral
lchstp,wallstreetbets,post,1612451776,negative
lc7qxv,wallstreetbets,post,1612413795,negative
lblzwa,wallstreetbets,post,1612353452,negative
lb63l1,wallstreetbets,post,1612299139,neutral
ll50lp,youtube,post,1613485998,negative
la7aek,AnimeSketch,post,1612197200,negative
lcxuwb,ApplyingToCollege,post,1612494156,neutral
lo3ph7,AskModerators,post,1613813690,neutral
lkjlms,CoinBase,post,1613413430,neutral
lssb4j,Connery,post,1614323491,negative
ll0691,Filmmakers,post,1613466918,negative
lu1rop,Filmmakers,post,1614474288,neutral
lp1ca0,Genealogy,post,1613926933,neutral
lrolco,KingOfTheHill,post,1614204987,negative
lcauu7,PoliticalHumor,post,1612425715,neutral
lme8ob,PoliticalHumor,post,1613624401,negative
ln1pte,PoliticalHumor,post,1613694136,neutral
ln2oup,PoliticalHumor,post,1613696941,neutral
lnjztt,PoliticalHumor,post,1613752230,negative
lrij56,PoliticalHumor,post,1614188289,negative
ltkncm,PoliticalHumor,post,1614418697,negative
lb5ql2,UCONN,post,1612298203,negative
ldn1a6,UnethicalLifeProTips,post,1612575945,neutral
ldn5iz,UnethicalLifeProTips,post,1612576369,neutral
ldnaig,Warthunder,post,1612576818,neutral
lrmo9u,WeWantPlates,post,1614198657,neutral
lhsm42,adoptareddit,post,1613072106,neutral
lfrnza,conspiracy,post,1612835297,negative
lty3m1,conspiracy,post,1614462375,negative
lhnsn1,dankmemes,post,1613059426,neutral
lliowz,financialindependence,post,1613524903,neutral
liexw9,ftm,post,1613148371,neutral
lp3c8y,houston,post,1613932380,negative
ldnyqv,memes,post,1612579024,positive
lngpt4,modhelp,post,1613743768,neutral
lkw9xg,needamod,post,1613451371,neutral
lm06wq,needamod,post,1613584086,neutral
lgvkgr,pennystocks,post,1612969682,neutral
ljqq76,redditrequest,post,1613317596,neutral
low2om,redditrequest,post,1613910301,neutral
l9pwoq,redditrequest,post,1612138359,neutral
l9r1zq,redditrequest,post,1612141865,neutral
l9rrwi,redditrequest,post,1612144152,neutral
l9rx6v,redditrequest,post,1612144615,neutral
l9t9as,redditrequest,post,1612148840,neutral
l9u06m,redditrequest,post,1612151264,neutral
l9v2gq,redditrequest,post,1612154804,neutral
l9vhp3,redditrequest,post,1612156249,neutral
l9wzje,redditrequest,post,1612161792,neutral
l9yjzc,redditrequest,post,1612168378,neutral
l9zc5a,redditrequest,post,1612171682,neutral
l9zi18,redditrequest,post,1612172395,neutral
la29sh,redditrequest,post,1612183570,neutral
la2d2y,redditrequest,post,1612183902,neutral
la2mgb,redditrequest,post,1612184741,neutral
la38hm,redditrequest,post,1612186729,neutral
la3x9r,redditrequest,post,1612188772,neutral
la5sic,redditrequest,post,1612193644,neutral
la7yh2,redditrequest,post,1612198803,neutral
la8fm9,redditrequest,post,1612199899,neutral
la8if6,redditrequest,post,1612200083,neutral
la8ox6,redditrequest,post,1612200514,neutral
la9qwf,redditrequest,post,1612203002,neutral
laa799,redditrequest,post,1612204106,neutral
lachdb,redditrequest,post,1612209592,neutral
lad0x4,redditrequest,post,1612210906,neutral
lad26e,redditrequest,post,1612210988,neutral
lad4kt,redditrequest,post,1612211156,neutral
ladc0c,redditrequest,post,1612211666,neutral
ladq15,redditrequest,post,1612212568,neutral
lae87s,redditrequest,post,1612213774,neutral
laerl3,redditrequest,post,1612215102,neutral
lafav9,redditrequest,post,1612216439,neutral
lafls0,redditrequest,post,1612217169,neutral
lafnmy,redditrequest,post,1612217303,neutral
lahiqg,redditrequest,post,1612222150,neutral
lahs0c,redditrequest,post,1612222880,neutral
lajddb,redditrequest,post,1612227392,neutral
lakjy4,redditrequest,post,1612230893,neutral
lal4lm,redditrequest,post,1612232639,neutral
lali5r,redditrequest,post,1612233880,neutral
lalltq,redditrequest,post,1612234213,neutral
lamxsy,redditrequest,post,1612238573,neutral
lanekf,redditrequest,post,1612240130,neutral
lang82,redditrequest,post,1612240290,neutral
laogmh,redditrequest,post,1612243786,neutral
lap0bw,redditrequest,post,1612245853,neutral
lapbg8,redditrequest,post,1612247029,neutral
laqako,redditrequest,post,1612251079,neutral
laqzvl,redditrequest,post,1612254219,neutral
larapk,redditrequest,post,1612255552,neutral
larm61,redditrequest,post,1612256915,neutral
las6fs,redditrequest,post,1612259449,neutral
lasoa7,redditrequest,post,1612261650,neutral
latac7,redditrequest,post,1612264326,neutral
latju9,redditrequest,post,1612265415,neutral
laukvj,redditrequest,post,1612269529,neutral
lauozs,redditrequest,post,1612269957,neutral
lauw6h,redditrequest,post,1612270691,neutral
lavdum,redditrequest,post,1612272315,neutral
law5k5,redditrequest,post,1612274687,neutral
lawldx,redditrequest,post,1612275883,neutral
lawsbb,redditrequest,post,1612276381,neutral
lawznj,redditrequest,post,1612276896,neutral
lax2dr,redditrequest,post,1612277085,neutral
laxqe7,redditrequest,post,1612278651,neutral
layp6y,redditrequest,post,1612280985,neutral
layptz,redditrequest,post,1612281029,neutral
layq8f,redditrequest,post,1612281058,neutral
laz8u1,redditrequest,post,1612282270,neutral
lazasc,redditrequest,post,1612282395,neutral
lazg41,redditrequest,post,1612282735,neutral
lb1e0b,redditrequest,post,1612287347,neutral
lb1mhd,redditrequest,post,1612287934,neutral
lb2cy9,redditrequest,post,1612289701,neutral
lb2njc,redditrequest,post,1612290444,neutral
lb2x2h,redditrequest,post,1612291115,neutral
lb3aro,redditrequest,post,1612292079,neutral
lb3ic3,redditrequest,post,1612292599,neutral
lb3l7v,redditrequest,post,1612292798,neutral
lb4ngg,redditrequest,post,1612295458,neutral
lb4opi,redditrequest,post,1612295544,neutral
lb5hc1,redditrequest,post,1612297535,neutral
lb9ch3,redditrequest,post,1612307261,neutral
lba6a2,redditrequest,post,1612309689,neutral
lbakir,redditrequest,post,1612310847,neutral
lbaxov,redditrequest,post,1612311965,neutral
lbbqy2,redditrequest,post,1612314450,neutral
lbc61q,redditrequest,post,1612315751,neutral
lbfrze,redditrequest,post,1612327376,neutral
lbfzm7,redditrequest,post,1612328141,neutral
lbgzm9,redditrequest,post,1612331842,neutral
lbhsmz,redditrequest,post,1612335104,neutral
lbht0i,redditrequest,post,1612335145,neutral
lbi4qs,redditrequest,post,1612336515,neutral
lbidcj,redditrequest,post,1612337564,neutral
lbjjjm,redditrequest,post,1612342875,neutral
lbl5s5,redditrequest,post,1612349981,neutral
lbpimr,redditrequest,post,1612364819,neutral
lbq2pj,redditrequest,post,1612366304,neutral
lbq4a8,redditrequest,post,1612366420,neutral
lbqodb,redditrequest,post,1612367897,neutral
lbqu80,redditrequest,post,1612368302,neutral
lbrimm,redditrequest,post,1612369985,neutral
lbrvc3,redditrequest,post,1612370882,neutral
lbt1tg,redditrequest,post,1612373728,neutral
lbt4k0,redditrequest,post,1612373923,neutral
lbtns4,redditrequest,post,1612375203,neutral
lbvtmn,redditrequest,post,1612380340,neutral
lbwlup,redditrequest,post,1612382294,neutral
lbxs4v,redditrequest,post,1612385172,neutral
lbxsw9,redditrequest,post,1612385229,neutral
lbxwxs,redditrequest,post,1612385499,neutral
lbye0t,redditrequest,post,1612386639,negative
lbyrsp,redditrequest,post,1612387598,neutral
lc1zh8,redditrequest,post,1612396231,neutral
lc2gwx,redditrequest,post,1612397557,neutral
lc2i3a,redditrequest,post,1612397657,neutral
lc2l8n,redditrequest,post,1612397917,neutral
lc3b1t,redditrequest,post,1612400071,neutral
lc4akc,redditrequest,post,1612402960,neutral
lc4ftl,redditrequest,post,1612403425,neutral
lc4idv,redditrequest,post,1612403621,neutral
lc4n0t,redditrequest,post,1612404002,neutral
lc51dk,redditrequest,post,1612405209,neutral
lc52b2,redditrequest,post,1612405265,neutral
lc56nk,redditrequest,post,1612405643,neutral
lc6in4,redditrequest,post,1612409728,neutral
lc7m16,redditrequest,post,1612413337,neutral
lc7syz,redditrequest,post,1612413983,neutral
lc8ndj,redditrequest,post,1612416853,neutral
lca03f,redditrequest,post,1612422111,neutral
lcahmb,redditrequest,post,1612424192,neutral
lccqsy,redditrequest,post,1612433902,neutral
lcctet,redditrequest,post,1612434225,neutral
lcddd6,redditrequest,post,1612436612,neutral
lcf41r,redditrequest,post,1612443592,neutral
lcfpik,redditrequest,post,1612445565,neutral
lcg6cm,redditrequest,post,1612447080,neutral
lcghly,redditrequest,post,1612448016,neutral
lcgmep,redditrequest,post,1612448427,neutral
lcjrrd,redditrequest,post,1612456872,neutral
lcm8qw,redditrequest,post,1612463080,neutral
lcm9h9,redditrequest,post,1612463137,negative
lcp8yp,redditrequest,post,1612470580,neutral
lcpzo7,redditrequest,post,1612472397,neutral
lcrs6s,redditrequest,post,1612476950,neutral
lcsga6,redditrequest,post,1612478739,neutral
lcsvrd,redditrequest,post,1612479869,neutral
lctmu9,redditrequest,post,1612481901,neutral
lcuh5i,redditrequest,post,1612484225,neutral
lcvgdf,redditrequest,post,1612487096,neutral
lcwojp,redditrequest,post,1612490714,neutral
lcx139,redditrequest,post,1612491647,neutral
lcy0f1,redditrequest,post,1612494641,neutral
lcycpa,redditrequest,post,1612495750,neutral
lcz57e,redditrequest,post,1612498496,neutral
lcz84e,redditrequest,post,1612498772,neutral
lczb25,redditrequest,post,1612499063,neutral
lczg7s,redditrequest,post,1612499570,neutral
lczk1c,redditrequest,post,1612499966,neutral
lczuta,redditrequest,post,1612501090,neutral
ld1j21,redditrequest,post,1612507710,neutral
ld31i2,redditrequest,post,1612514484,neutral
ld4epp,redditrequest,post,1612520767,neutral
ld5p1e,redditrequest,post,1612526345,neutral
ld5rl6,redditrequest,post,1612526589,neutral
ld6qc7,redditrequest,post,1612530341,neutral
ld8jvs,redditrequest,post,1612536230,negative
ldbw5e,redditrequest,post,1612545170,neutral
ldcbjv,redditrequest,post,1612546259,neutral
ldfitq,redditrequest,post,1612554423,neutral
ldfy3f,redditrequest,post,1612555542,neutral
ldh6wm,redditrequest,post,1612558918,neutral
ldicdn,redditrequest,post,1612562091,neutral
ldjpf3,redditrequest,post,1612565851,neutral
ldm2dg,redditrequest,post,1612572903,neutral
ldm7po,redditrequest,post,1612573300,neutral
ldmagp,redditrequest,post,1612573544,neutral
ldmc7e,redditrequest,post,1612573701,neutral
ldmoc9,redditrequest,post,1612574774,neutral
ldphwz,redditrequest,post,1612584364,neutral
ldpvhw,redditrequest,post,1612585796,neutral
ldr2j9,redditrequest,post,1612590497,neutral
ldrnxv,redditrequest,post,1612593047,neutral
ldrs6s,redditrequest,post,1612593572,neutral
ldru9x,redditrequest,post,1612593835,neutral
ldrxbd,redditrequest,post,1612594217,neutral
lds4le,redditrequest,post,1612595105,neutral
ldt5kq,redditrequest,post,1612600005,neutral
ldttrr,redditrequest,post,1612603341,neutral
lduz6k,redditrequest,post,1612606241,neutral
ldv9r0,redditrequest,post,1612607637,neutral
ldvxss,redditrequest,post,1612610822,positive
ldxoog,redditrequest,post,1612618237,neutral
ldzcy0,redditrequest,post,1612624055,neutral
ldzwnp,redditrequest,post,1612625799,neutral
le0k6b,redditrequest,post,1612627750,neutral
le0tt3,redditrequest,post,1612628531,neutral
le12u2,redditrequest,post,1612629297,neutral
le388b,redditrequest,post,1612635358,negative
le4zi0,redditrequest,post,1612640285,neutral
le8isu,redditrequest,post,1612650532,neutral
leaq66,redditrequest,post,1612657127,neutral
lebl9c,redditrequest,post,1612659785,neutral
lebn55,redditrequest,post,1612659935,neutral
lec0bj,redditrequest,post,1612661056,neutral
lef9t4,redditrequest,post,1612671959,neutral
legm9e,redditrequest,post,1612677227,neutral
lehdfd,redditrequest,post,1612680492,neutral
lehepp,redditrequest,post,1612680663,neutral
lehoio,redditrequest,post,1612681883,neutral
leknw4,redditrequest,post,1612696716,neutral
lel71m,redditrequest,post,1612699215,neutral
lem5ll,redditrequest,post,1612703393,neutral
leodea,redditrequest,post,1612711182,neutral
leoo4l,redditrequest,post,1612712137,neutral
lep0yh,redditrequest,post,1612713277,neutral
lep1pk,redditrequest,post,1612713345,neutral
lep8tn,redditrequest,post,1612713936,neutral
leqxxi,redditrequest,post,1612718938,neutral
ler1zv,redditrequest,post,1612719273,neutral
lertif,redditrequest,post,1612721450,neutral
letato,redditrequest,post,1612725566,neutral
letdy1,redditrequest,post,1612725815,neutral
letz7d,redditrequest,post,1612727491,neutral
lev618,redditrequest,post,1612730893,neutral
lewc9b,redditrequest,post,1612734202,neutral
lewm70,redditrequest,post,1612735028,neutral
lewxev,redditrequest,post,1612735920,neutral
ley4f1,redditrequest,post,1612739169,neutral
ley5rg,redditrequest,post,1612739282,neutral
lezl14,redditrequest,post,1612743719,neutral
lf0oid,redditrequest,post,1612747309,neutral
lf391l,redditrequest,post,1612756078,neutral
lf4zc2,redditrequest,post,1612762168,neutral
lf54ls,redditrequest,post,1612762730,neutral
lf5ax0,redditrequest,post,1612763441,neutral
lf6s5b,redditrequest,post,1612769714,neutral
lf8nca,redditrequest,post,1612778197,neutral
lf90v1,redditrequest,post,1612779841,neutral
lfal7o,redditrequest,post,1612786558,neutral
lfanc3,redditrequest,post,1612786788,neutral
lfbtf6,redditrequest,post,1612791048,neutral
lfc5hl,redditrequest,post,1612792159,neutral
lfc9k6,redditrequest,post,1612792528,neutral
lfcrfd,redditrequest,post,1612794064,neutral
lfe49n,redditrequest,post,1612797974,neutral
lffzww,redditrequest,post,1612803094,neutral
lfgh6f,redditrequest,post,1612804308,neutral
lfgocf,redditrequest,post,1612804839,neutral
lfgomv,redditrequest,post,1612804864,neutral
lfhja0,redditrequest,post,1612807111,neutral
lfhnxf,redditrequest,post,1612807415,neutral
lfieog,redditrequest,post,1612809378,neutral
lfky1g,redditrequest,post,1612815997,neutral
lfm1j4,redditrequest,post,1612818868,neutral
lfm5dx,redditrequest,post,1612819150,neutral
lfmqhs,redditrequest,post,1612820692,neutral
lfnv5s,redditrequest,post,1612823817,neutral
lfo2yg,redditrequest,post,1612824443,neutral
lfo92p,redditrequest,post,1612824925,negative
lfpvfy,redditrequest,post,1612829615,neutral
lfqjs2,redditrequest,post,1612831733,neutral
lfqsdg,redditrequest,post,1612832472,neutral
lfsrrf,redditrequest,post,1612838864,neutral
lft9pp,redditrequest,post,1612840460,negative
lfu6k3,redditrequest,post,1612843574,neutral
lfuowx,redditrequest,post,1612845397,neutral
lfuuqv,redditrequest,post,1612845988,negative
lfvsao,redditrequest,post,1612849472,neutral
lfw7cx,redditrequest,post,1612851126,neutral
lfwlpq,redditrequest,post,1612852773,neutral
lfygsc,redditrequest,post,1612861142,neutral
lfywr3,redditrequest,post,1612863197,neutral
lfywrp,redditrequest,post,1612863199,neutral
lg0g85,redditrequest,post,1612868304,neutral
lg3ho5,redditrequest,post,1612877892,neutral
lg4o3y,redditrequest,post,1612881590,neutral
lg5duj,redditrequest,post,1612883616,neutral
lg5fb1,redditrequest,post,1612883731,neutral
lg5n6v,redditrequest,post,1612884347,neutral
lg5oba,redditrequest,post,1612884437,neutral
lg60mk,redditrequest,post,1612885398,neutral
lg65q9,redditrequest,post,1612885780,neutral
lg67ac,redditrequest,post,1612885894,neutral
lg6dxy,redditrequest,post,1612886400,neutral
lg6rxw,redditrequest,post,1612887407,neutral
lg9ok5,redditrequest,post,1612894876,neutral
lga7jl,redditrequest,post,1612896243,neutral
lgaacy,redditrequest,post,1612896446,neutral
lgae2o,redditrequest,post,1612896718,neutral
lgb5ji,redditrequest,post,1612898643,neutral
lgczy5,redditrequest,post,1612903564,neutral
lgd4k7,redditrequest,post,1612903946,neutral
lgdg4a,redditrequest,post,1612904691,neutral
lgdrc6,redditrequest,post,1612905557,neutral
lge0r1,redditrequest,post,1612906266,neutral
lgfx41,redditrequest,post,1612911690,neutral
lgg3dy,redditrequest,post,1612912191,neutral
lggic4,redditrequest,post,1612913459,neutral
lggv75,redditrequest,post,1612914545,neutral
lgh26o,redditrequest,post,1612915131,neutral
lghh7n,redditrequest,post,1612916391,negative
lghhjm,redditrequest,post,1612916420,neutral
lghxa4,redditrequest,post,1612917806,neutral
lghyb5,redditrequest,post,1612917898,neutral
lgiv6w,redditrequest,post,1612920900,neutral
lgj8oo,redditrequest,post,1612922171,neutral
lgj9l2,redditrequest,post,1612922259,negative
lgjgiw,redditrequest,post,1612922865,neutral
lgjkfx,redditrequest,post,1612923227,neutral
lgjo78,redditrequest,post,1612923584,neutral
lgknr4,redditrequest,post,1612926933,neutral
lgln9p,redditrequest,post,1612930418,neutral
lglykd,redditrequest,post,1612931618,neutral
lgm71x,redditrequest,post,1612932545,neutral
lgmpem,redditrequest,post,1612934433,neutral
lgmrxn,redditrequest,post,1612934706,neutral
lgmu2r,redditrequest,post,1612934956,neutral
lgofn6,redditrequest,post,1612941635,neutral
lgoft8,redditrequest,post,1612941655,neutral
lgpeqq,redditrequest,post,1612946025,neutral
lgpvz7,redditrequest,post,1612948192,neutral
lgqd3f,redditrequest,post,1612950431,neutral
lgrvow,redditrequest,post,1612957159,neutral
lgrzv9,redditrequest,post,1612957660,neutral
lgsug9,redditrequest,post,1612960975,neutral
lgtmbw,redditrequest,post,1612963693,neutral
lgtpiv,redditrequest,post,1612964011,neutral
lgu0mb,redditrequest,post,1612965046,neutral
lgv7xw,redditrequest,post,1612968717,neutral
lgw8qj,redditrequest,post,1612971527,neutral
lgx6c7,redditrequest,post,1612974045,neutral
lgxo09,redditrequest,post,1612975362,neutral
lgxvir,redditrequest,post,1612975911,neutral
lgy7yt,redditrequest,post,1612976782,neutral
lgz12b,redditrequest,post,1612978857,neutral
lgzbkc,redditrequest,post,1612979607,neutral
lgznyb,redditrequest,post,1612980462,neutral
lh165m,redditrequest,post,1612984299,neutral
lh19on,redditrequest,post,1612984561,neutral
lh2dj0,redditrequest,post,1612987368,neutral
lh4551,redditrequest,post,1612991810,negative
lh49ht,redditrequest,post,1612992158,neutral
lh4hpk,redditrequest,post,1612992729,neutral
lh4l0v,redditrequest,post,1612992973,neutral
lh4sf3,redditrequest,post,1612993535,neutral
lh4xiu,redditrequest,post,1612993893,neutral
lh6kga,redditrequest,post,1612998299,neutral
lh6qnl,redditrequest,post,1612998733,neutral
lh771m,redditrequest,post,1613000003,neutral
lh87gp,redditrequest,post,1613002902,neutral
lh8z7c,redditrequest,post,1613005236,neutral
lhb6q1,redditrequest,post,1613012025,neutral
lhba1e,redditrequest,post,1613012293,neutral
lhchps,redditrequest,post,1613016395,neutral
lhd3xt,redditrequest,post,1613018645,neutral
lhd6l8,redditrequest,post,1613018920,neutral
lhdhvd,redditrequest,post,1613020036,neutral
lhdqx6,redditrequest,post,1613020991,neutral
lhhvfc,redditrequest,post,1613038817,neutral
lhicgq,redditrequest,post,1613040873,neutral
lhiker,redditrequest,post,1613041767,neutral
lhipm8,redditrequest,post,1613042378,neutral
lhjz1y,redditrequest,post,1613047650,neutral
lhl23h,redditrequest,post,1613051509,neutral
lhlalv,redditrequest,post,1613052243,neutral
lhmfqr,redditrequest,post,1613055633,neutral
lhmuvk,redditrequest,post,1613056829,neutral
lhnb40,redditrequest,post,1613058093,neutral
lhnla5,redditrequest,post,1613058882,neutral
lhnm13,redditrequest,post,1613058939,negative
lhnod6,redditrequest,post,1613059124,neutral
lhnvcc,redditrequest,post,1613059630,neutral
lho7fa,redditrequest,post,1613060540,neutral
lhohyp,redditrequest,post,1613061318,neutral
lhotgq,redditrequest,post,1613062196,neutral
lhpaid,redditrequest,post,1613063423,neutral
lhpepv,redditrequest,post,1613063726,neutral
lhph87,redditrequest,post,1613063917,neutral
lhq02c,redditrequest,post,1613065294,neutral
lhqtet,redditrequest,post,1613067407,neutral
lhrsmh,redditrequest,post,1613069990,neutral
lhtug6,redditrequest,post,1613075185,neutral
lhukdc,redditrequest,post,1613077070,neutral
lhv3iu,redditrequest,post,1613078429,neutral
lhvwoc,redditrequest,post,1613080584,negative
lhvy9b,redditrequest,post,1613080713,neutral
lhxp0s,redditrequest,post,1613085433,neutral
lhzfek,redditrequest,post,1613090485,neutral
li07hx,redditrequest,post,1613092829,neutral
li2wpv,redditrequest,post,1613101631,neutral
li2y58,redditrequest,post,1613101752,neutral
li4aeb,redditrequest,post,1613106665,neutral
li88id,redditrequest,post,1613124772,neutral
li8r41,redditrequest,post,1613127195,neutral
li8ve4,redditrequest,post,1613127706,neutral
li9jt3,redditrequest,post,1613130770,neutral
li9tme,redditrequest,post,1613131864,neutral
li9xtp,redditrequest,post,1613132376,neutral
lia0xv,redditrequest,post,1613132733,neutral
liccah,redditrequest,post,1613140906,neutral
lid6sq,redditrequest,post,1613143378,neutral
lid7ll,redditrequest,post,1613143442,neutral
lidbjx,redditrequest,post,1613143762,neutral
lidnwu,redditrequest,post,1613144745,neutral
lidu4l,redditrequest,post,1613145255,neutral
lienz5,redditrequest,post,1613147598,neutral
lig0qc,redditrequest,post,1613151191,neutral
ligfjj,redditrequest,post,1613152260,neutral
ligq7p,redditrequest,post,1613153007,neutral
lijlwr,redditrequest,post,1613160721,neutral
lik9nt,redditrequest,post,1613162592,neutral
lill6k,redditrequest,post,1613166308,neutral
lilpez,redditrequest,post,1613166644,neutral
limpgr,redditrequest,post,1613169558,neutral
limyox,redditrequest,post,1613170299,neutral
linfnx,redditrequest,post,1613171639,neutral
liolt2,redditrequest,post,1613175117,neutral
liowl4,redditrequest,post,1613176057,neutral
lip0me,redditrequest,post,1613176371,neutral
lipbnn,redditrequest,post,1613177334,neutral
lipojp,redditrequest,post,1613178426,neutral
liqlp6,redditrequest,post,1613181485,neutral
lire2t,redditrequest,post,1613184175,neutral
lis4w9,redditrequest,post,1613186807,neutral
lis5da,redditrequest,post,1613186858,neutral
list2i,redditrequest,post,1613189239,neutral
liv0g3,redditrequest,post,1613197645,neutral
liwevu,redditrequest,post,1613203709,neutral
liwq8c,redditrequest,post,1613205162,neutral
lixl3s,redditrequest,post,1613209345,neutral
liycy0,redditrequest,post,1613213144,neutral
liyfqg,redditrequest,post,1613213539,neutral
liz0vz,redditrequest,post,1613216364,neutral
liz8tl,redditrequest,post,1613217424,neutral
lizelf,redditrequest,post,1613218121,neutral
lizth8,redditrequest,post,1613219890,neutral
lj0jdi,redditrequest,post,1613222857,neutral
lj0jjy,redditrequest,post,1613222878,neutral
lj0k1f,redditrequest,post,1613222931,neutral
lj0lz6,redditrequest,post,1613223148,neutral
lj1bm2,redditrequest,post,1613225856,neutral
lj200s,redditrequest,post,1613228323,neutral
lj2oaq,redditrequest,post,1613230549,neutral
lj31zd,redditrequest,post,1613231773,neutral
lj3u9d,redditrequest,post,1613234186,neutral
lj4cq7,redditrequest,post,1613235752,neutral
lj4d6m,redditrequest,post,1613235788,negative
lj4nvk,redditrequest,post,1613236689,neutral
lj4ra7,redditrequest,post,1613236966,neutral
lj5on8,redditrequest,post,1613239720,neutral
lj7gp6,redditrequest,post,1613245039,neutral
lj8iir,redditrequest,post,1613248144,neutral
lja9ud,redditrequest,post,1613253323,neutral
ljad0l,redditrequest,post,1613253589,neutral
ljafui,redditrequest,post,1613253801,neutral
ljasfv,redditrequest,post,1613254868,neutral
ljaypu,redditrequest,post,1613255420,neutral
ljbfj5,redditrequest,post,1613256879,neutral
ljc4vl,redditrequest,post,1613259117,neutral
ljfcxk,redditrequest,post,1613269935,neutral
ljflm5,redditrequest,post,1613270826,neutral
ljfp00,redditrequest,post,1613271138,neutral
ljfv6s,redditrequest,post,1613271755,neutral
ljfzvm,redditrequest,post,1613272215,neutral
ljh9qt,redditrequest,post,1613276891,neutral
ljj0ka,redditrequest,post,1613283618,neutral
ljjymv,redditrequest,post,1613287726,neutral
ljkwhy,redditrequest,post,1613292353,neutral
ljlipk,redditrequest,post,1613295544,neutral
ljm9vb,redditrequest,post,1613299577,neutral
ljn3lz,redditrequest,post,1613303723,neutral
ljof82,redditrequest,post,1613309458,neutral
ljoxv1,redditrequest,post,1613311445,neutral
ljp7ky,redditrequest,post,1613312416,neutral
ljra15,redditrequest,post,1613319304,neutral
ljvsy5,redditrequest,post,1613332189,neutral
ljw47h,redditrequest,post,1613333074,neutral
ljwblb,redditrequest,post,1613333674,neutral
ljwtww,redditrequest,post,1613335147,neutral
ljwwzy,redditrequest,post,1613335407,neutral
ljztzq,redditrequest,post,1613344226,neutral
lk0tlq,redditrequest,post,1613347286,neutral
lk1h70,redditrequest,post,1613349355,neutral
lk1p70,redditrequest,post,1613350050,neutral
lk3mi4,redditrequest,post,1613356349,negative
lk7uxb,redditrequest,post,1613371551,negative
lk8xai,redditrequest,post,1613375989,neutral
lkbcsu,redditrequest,post,1613386489,neutral
lkdo7v,redditrequest,post,1613395718,neutral
lkf6zv,redditrequest,post,1613400842,neutral
lkgk7z,redditrequest,post,1613404956,neutral
lki5sh,redditrequest,post,1613409466,neutral
lkie5q,redditrequest,post,1613410123,neutral
lkiv5a,redditrequest,post,1613411433,neutral
lkjhiq,redditrequest,post,1613413106,neutral
lkk223,redditrequest,post,1613414687,neutral
lkm8z1,redditrequest,post,1613420639,neutral
lkmjif,redditrequest,post,1613421461,neutral
lkmjm1,redditrequest,post,1613421470,neutral
lknbh4,redditrequest,post,1613423573,neutral
lknc8d,redditrequest,post,1613423625,neutral
lknwaj,redditrequest,post,1613425203,negative
lkplrc,redditrequest,post,1613430080,neutral
lkq79j,redditrequest,post,1613431817,neutral
lkrww7,redditrequest,post,1613437158,neutral
lks18i,redditrequest,post,1613437518,neutral
lkthst,redditrequest,post,1613442287,neutral
lkttaq,redditrequest,post,1613443329,neutral
lkv7zt,redditrequest,post,1613447820,neutral
lkvz71,redditrequest,post,1613450336,neutral
lkwe9j,redditrequest,post,1613451792,neutral
lkwvd6,redditrequest,post,1613453420,neutral
lky15a,redditrequest,post,1613457779,neutral
lkye1a,redditrequest,post,1613459199,neutral
lkyeml,redditrequest,post,1613459268,neutral
lkzirz,redditrequest,post,1613464055,neutral
lkztf5,redditrequest,post,1613465410,neutral
ll0vre,redditrequest,post,1613470293,neutral
ll2jmz,redditrequest,post,1613477503,neutral
ll319x,redditrequest,post,1613479403,negative
ll6zgl,redditrequest,post,1613491558,neutral
ll8ue4,redditrequest,post,1613496491,neutral
ll9jyo,redditrequest,post,1613498440,positive
llcto4,redditrequest,post,1613507318,neutral
llcxdc,redditrequest,post,1613507601,neutral
lld39b,redditrequest,post,1613508057,neutral
lld3ef,redditrequest,post,1613508068,neutral
lld52g,redditrequest,post,1613508192,neutral
lldp9z,redditrequest,post,1613509706,neutral
llevqm,redditrequest,post,1613513034,negative
llfab5,redditrequest,post,1613514214,neutral
llfu4b,redditrequest,post,1613515823,neutral
llg7ll,redditrequest,post,1613516914,neutral
llghl1,redditrequest,post,1613517756,neutral
lli991,redditrequest,post,1613523479,neutral
llja85,redditrequest,post,1613526926,neutral
lljfp2,redditrequest,post,1613527419,neutral
lljlzs,redditrequest,post,1613528008,neutral
llkdhd,redditrequest,post,1613530539,neutral
llmq09,redditrequest,post,1613538559,neutral
llnu5l,redditrequest,post,1613542904,neutral
llokyj,redditrequest,post,1613545864,neutral
llp6tx,redditrequest,post,1613548305,neutral
llpvxq,redditrequest,post,1613551138,neutral
llpxog,redditrequest,post,1613551355,neutral
llpzd3,redditrequest,post,1613551562,neutral
llq0gm,redditrequest,post,1613551709,neutral
llq0qj,redditrequest,post,1613551746,neutral
llq759,redditrequest,post,1613552453,neutral
llq7uc,redditrequest,post,1613552525,neutral
llqkd6,redditrequest,post,1613553977,negative
llrhz5,redditrequest,post,1613557727,neutral
llrxd6,redditrequest,post,1613559399,neutral
llt6s0,redditrequest,post,1613564100,neutral
lltj1s,redditrequest,post,1613565302,neutral
llu3s1,redditrequest,post,1613567259,neutral
lluu43,redditrequest,post,1613569610,neutral
llwb9u,redditrequest,post,1613573932,neutral
llxzr5,redditrequest,post,1613578362,neutral
lly2fo,redditrequest,post,1613578558,neutral
llytei,redditrequest,post,1613580509,neutral
llz0ns,redditrequest,post,1613581063,neutral
llz195,redditrequest,post,1613581107,neutral
lm0y20,redditrequest,post,1613585996,neutral
lm10dr,redditrequest,post,1613586166,neutral
lm1qsm,redditrequest,post,1613588123,neutral
lm2tzs,redditrequest,post,1613591018,neutral
lm3kbl,redditrequest,post,1613592998,neutral
lm3kzp,redditrequest,post,1613593047,neutral
lm3lqa,redditrequest,post,1613593102,neutral
lm3uos,redditrequest,post,1613593790,neutral
lm4iak,redditrequest,post,1613595500,neutral
lm50w1,redditrequest,post,1613596836,positive
lm5xlx,redditrequest,post,1613599273,neutral
lm5xuz,redditrequest,post,1613599291,neutral
lm9ef4,redditrequest,post,1613609030,neutral
lm9f3b,redditrequest,post,1613609084,neutral
lma34v,redditrequest,post,1613611068,neutral
lmcce0,redditrequest,post,1613618096,neutral
lmckym,redditrequest,post,1613618878,neutral
lmdkar,redditrequest,post,1613622083,neutral
lmecmz,redditrequest,post,1613624742,neutral
lmej26,redditrequest,post,1613625337,neutral
lmiwz3,redditrequest,post,1613640904,neutral
lmjhgw,redditrequest,post,1613643131,neutral
lmjjpc,redditrequest,post,1613643367,neutral
lmkggo,redditrequest,post,1613646858,neutral
lml1u9,redditrequest,post,1613649127,neutral
lml459,redditrequest,post,1613649366,neutral
lmlnsk,redditrequest,post,1613651228,neutral
lmm3e4,redditrequest,post,1613652724,neutral
lmmhfh,redditrequest,post,1613653956,neutral
lmnvp4,redditrequest,post,1613658237,neutral
lmoax6,redditrequest,post,1613659491,neutral
lmogp7,redditrequest,post,1613659968,neutral
lmolo5,redditrequest,post,1613660342,neutral
lmq8kw,redditrequest,post,1613664680,neutral
lmr6lc,redditrequest,post,1613667088,neutral
lmrs8y,redditrequest,post,1613668546,neutral
lmsjkl,redditrequest,post,1613670496,neutral
lmsjn3,redditrequest,post,1613670502,neutral
lmv0vb,redditrequest,post,1613676667,neutral
lmvh6e,redditrequest,post,1613677798,neutral
lmwspw,redditrequest,post,1613681257,neutral
lmxsmq,redditrequest,post,1613683746,neutral
lmzh3s,redditrequest,post,1613688036,negative
ln1fd5,redditrequest,post,1613693321,neutral
ln3gm1,redditrequest,post,1613699229,neutral
ln3gn4,redditrequest,post,1613699232,neutral
ln3ir7,redditrequest,post,1613699407,neutral
ln3jmr,redditrequest,post,1613699477,neutral
ln3p81,redditrequest,post,1613699940,neutral
ln3urb,redditrequest,post,1613700371,neutral
ln4ohn,redditrequest,post,1613702864,neutral
ln7qfa,redditrequest,post,1613712163,neutral
ln7vr4,redditrequest,post,1613712631,neutral
ln7x2p,redditrequest,post,1613712748,neutral
ln89ew,redditrequest,post,1613713865,neutral
ln8fw8,redditrequest,post,1613714437,neutral
ln974m,redditrequest,post,1613717004,neutral
ln9fu1,redditrequest,post,1613717860,neutral
lnbbhg,redditrequest,post,1613724995,neutral
lndllq,redditrequest,post,1613733721,neutral
lnetuz,redditrequest,post,1613738104,neutral
lneuqi,redditrequest,post,1613738176,neutral
lnewo5,redditrequest,post,1613738347,neutral
lnexy8,redditrequest,post,1613738466,neutral
lnez7b,redditrequest,post,1613738580,neutral
lnfqiq,redditrequest,post,1613740964,neutral
lngf3h,redditrequest,post,1613742979,neutral
lnglmd,redditrequest,post,1613743436,neutral
lngmlo,redditrequest,post,1613743508,neutral
lngqup,redditrequest,post,1613743846,neutral
lnh2sj,redditrequest,post,1613744731,neutral
lnh6rc,redditrequest,post,1613745048,neutral
lnhi4h,redditrequest,post,1613745870,neutral
lnhjwl,redditrequest,post,1613746002,neutral
lniw6g,redditrequest,post,1613749467,neutral
lnj51n,redditrequest,post,1613750127,neutral
lnjqdm,redditrequest,post,1613751583,neutral
lnk9eo,redditrequest,post,1613752867,neutral
lnknqt,redditrequest,post,1613753841,neutral
lnlyic,redditrequest,post,1613757004,neutral
lnm6ol,redditrequest,post,1613757612,neutral
lnmumd,redditrequest,post,1613759347,neutral
lnn2j3,redditrequest,post,1613759912,neutral
lnpd3v,redditrequest,post,1613765691,neutral
lnrz1r,redditrequest,post,1613773226,neutral
lnsaoh,redditrequest,post,1613774115,neutral
lnsyxi,redditrequest,post,1613775995,neutral
lnt0w4,redditrequest,post,1613776142,neutral
lnup52,redditrequest,post,1613780931,neutral
lnuwg2,redditrequest,post,1613781532,neutral
lnviif,redditrequest,post,1613783386,neutral
lnvyn6,redditrequest,post,1613784799,neutral
lny5eo,redditrequest,post,1613791887,neutral
lnyzk9,redditrequest,post,1613794693,neutral
lnztx1,redditrequest,post,1613797660,neutral
lo2bd0,redditrequest,post,1613807554,neutral
lo2bvj,redditrequest,post,1613807623,neutral
lo32ge,redditrequest,post,1613810873,neutral
lo3waw,redditrequest,post,1613814564,neutral
lo45qn,redditrequest,post,1613815714,neutral
lo4m15,redditrequest,post,1613817713,neutral
lo7yrs,redditrequest,post,1613830531,neutral
lo83ys,redditrequest,post,1613831005,neutral
lo84yx,redditrequest,post,1613831090,neutral
lo883u,redditrequest,post,1613831375,neutral
lo8mp0,redditrequest,post,1613832631,neutral
lo8zsx,redditrequest,post,1613833763,neutral
lo9y1m,redditrequest,post,1613836541,neutral
lobcvz,redditrequest,post,1613840496,neutral
lobfp1,redditrequest,post,1613840698,neutral
lobg1n,redditrequest,post,1613840724,neutral
loc04h,redditrequest,post,1613842225,neutral
lod30c,redditrequest,post,1613845126,neutral
lof50y,redditrequest,post,1613850733,negative
log1xu,redditrequest,post,1613853281,neutral
loh485,redditrequest,post,1613856323,neutral
loh8gt,redditrequest,post,1613856687,negative
lohiex,redditrequest,post,1613857526,neutral
loiahm,redditrequest,post,1613859872,neutral
loirsp,redditrequest,post,1613861329,neutral
lok5wl,redditrequest,post,1613865485,neutral
lom549,redditrequest,post,1613871874,neutral
lom6ds,redditrequest,post,1613871994,neutral
lonshe,redditrequest,post,1613877620,neutral
loo4a7,redditrequest,post,1613878790,neutral
lopddm,redditrequest,post,1613883246,neutral
lornb3,redditrequest,post,1613891974,neutral
lotj8g,redditrequest,post,1613899691,neutral
lottu9,redditrequest,post,1613900984,neutral
loupca,redditrequest,post,1613904649,neutral
loupnf,redditrequest,post,1613904676,neutral
lovvxj,redditrequest,post,1613909554,neutral
lowjwg,redditrequest,post,1613912220,neutral
lown7m,redditrequest,post,1613912546,neutral
loxc2q,redditrequest,post,1613915040,neutral
loy4lf,redditrequest,post,1613917652,neutral
loynvk,redditrequest,post,1613919385,neutral
loyr2k,redditrequest,post,1613919646,neutral
lozazj,redditrequest,post,1613921298,neutral
lozqne,redditrequest,post,1613922566,neutral
lozwdz,redditrequest,post,1613922988,neutral
lp0bfx,redditrequest,post,1613924132,neutral
lp0zv1,redditrequest,post,1613926009,neutral
lp5xsc,redditrequest,post,1613939594,neutral
lpardn,redditrequest,post,1613953878,neutral
lpcgk7,redditrequest,post,1613959425,neutral
lpcmuo,redditrequest,post,1613959996,neutral
lpg8id,redditrequest,post,1613972331,neutral
lpg9uj,redditrequest,post,1613972476,neutral
lph1de,redditrequest,post,1613975172,neutral
lph3hu,redditrequest,post,1613975403,neutral
lphkks,redditrequest,post,1613977137,neutral
lpipzi,redditrequest,post,1613981386,neutral
lpjgea,redditrequest,post,1613984274,neutral
lpk63b,redditrequest,post,1613987060,neutral
lpkcsn,redditrequest,post,1613987886,neutral
lpl507,redditrequest,post,1613990912,neutral
lpmcl1,redditrequest,post,1613995189,neutral
lpnii9,redditrequest,post,1613999034,neutral
lpnso4,redditrequest,post,1613999954,neutral
lpnue6,redditrequest,post,1614000078,neutral
lpodcl,redditrequest,post,1614001627,neutral
lpp3ny,redditrequest,post,1614003671,neutral
lpp41g,redditrequest,post,1614003698,neutral
lppiq4,redditrequest,post,1614004732,neutral
lppjn4,redditrequest,post,1614004802,neutral
lpq7jr,redditrequest,post,1614006405,neutral
lpq7pt,redditrequest,post,1614006415,neutral
lpq8av,redditrequest,post,1614006451,neutral
lpq8mq,redditrequest,post,1614006473,neutral
lpq8ss,redditrequest,post,1614006485,neutral
lpuzv3,redditrequest,post,1614016539,neutral
lpyd28,redditrequest,post,1614024331,neutral
lpzsje,redditrequest,post,1614027708,neutral
lq10i8,redditrequest,post,1614030679,neutral
lq1pt2,redditrequest,post,1614032433,neutral
lq1q3n,redditrequest,post,1614032452,neutral
lq21b0,redditrequest,post,1614033308,neutral
lq2j2i,redditrequest,post,1614034640,neutral
lq6emy,redditrequest,post,1614045937,neutral
lq6rj1,redditrequest,post,1614047036,neutral
lqbjwp,redditrequest,post,1614062323,neutral
lqdf93,redditrequest,post,1614069072,neutral
lqe3ut,redditrequest,post,1614071568,neutral
lqe5qt,redditrequest,post,1614071761,neutral
lqeeju,redditrequest,post,1614072704,neutral
lqezyc,redditrequest,post,1614075000,neutral
lqf0v0,redditrequest,post,1614075104,neutral
lqilrz,redditrequest,post,1614087487,neutral
lqkphw,redditrequest,post,1614093354,neutral
lqkvbj,redditrequest,post,1614093781,neutral
lqlai6,redditrequest,post,1614094888,neutral
lqmy2x,redditrequest,post,1614098991,neutral
lqog8j,redditrequest,post,1614102748,neutral
lqoiry,redditrequest,post,1614102923,neutral
lqoopb,redditrequest,post,1614103335,neutral
lqoq5q,redditrequest,post,1614103440,neutral
lqoylz,redditrequest,post,1614104014,negative
lqp1yv,redditrequest,post,1614104249,neutral
lqque4,redditrequest,post,1614108703,neutral
lqqxqj,redditrequest,post,1614108945,neutral
lqr0ry,redditrequest,post,1614109162,neutral
lqrnuw,redditrequest,post,1614110798,neutral
lqv4g5,redditrequest,post,1614119925,neutral
lqv6zr,redditrequest,post,1614120120,neutral
lqvgmo,redditrequest,post,1614120764,neutral
lqvtar,redditrequest,post,1614121529,neutral
lqwjtr,redditrequest,post,1614123229,neutral
lqxc6c,redditrequest,post,1614124876,neutral
lqyijp,redditrequest,post,1614127383,neutral
lqzhyy,redditrequest,post,1614130053,neutral
lqzv93,redditrequest,post,1614131217,neutral
lr0zry,redditrequest,post,1614133315,negative
lr1gpf,redditrequest,post,1614134302,neutral
lr1r1x,redditrequest,post,1614134942,neutral
lr1t6g,redditrequest,post,1614135134,neutral
lr1v7d,redditrequest,post,1614135302,neutral
lr25fj,redditrequest,post,1614136174,neutral
lr25xs,redditrequest,post,1614136216,neutral
lr5688,redditrequest,post,1614146141,neutral
lr5poi,redditrequest,post,1614148024,neutral
lr73bt,redditrequest,post,1614153171,neutral
lr80si,redditrequest,post,1614156671,neutral
lr84m1,redditrequest,post,1614157081,neutral
lrc197,redditrequest,post,1614170766,neutral
lrcdgy,redditrequest,post,1614171768,neutral
lrcqt3,redditrequest,post,1614172881,neutral
lrcsg5,redditrequest,post,1614173014,neutral
lrcuui,redditrequest,post,1614173219,neutral
lrd2sg,redditrequest,post,1614173879,neutral
lrdwi0,redditrequest,post,1614176225,neutral
lrdxdb,redditrequest,post,1614176298,neutral
lrf29f,redditrequest,post,1614179372,neutral
lrfujv,redditrequest,post,1614181508,neutral
lrg65f,redditrequest,post,1614182382,neutral
lrg7rc,redditrequest,post,1614182494,neutral
lrgd0v,redditrequest,post,1614182876,neutral
lrgrkb,redditrequest,post,1614183938,neutral
lrilcy,redditrequest,post,1614188448,neutral
lrimfr,redditrequest,post,1614188524,neutral
lrivxs,redditrequest,post,1614189181,neutral
lrk6st,redditrequest,post,1614192367,neutral
lrl4r8,redditrequest,post,1614194728,neutral
lrlc5d,redditrequest,post,1614195273,neutral
lrp7bc,redditrequest,post,1614206521,neutral
lrphrm,redditrequest,post,1614207275,neutral
lrqqgf,redditrequest,post,1614210567,neutral
lrrjmu,redditrequest,post,1614212737,neutral
lrrnda,redditrequest,post,1614213014,neutral
lrtltg,redditrequest,post,1614216650,neutral
lrx5iv,redditrequest,post,1614224091,neutral
lry1jm,redditrequest,post,1614227033,neutral
lry8xy,redditrequest,post,1614227733,neutral
lryxhq,redditrequest,post,1614230104,neutral
ls027u,redditrequest,post,1614234462,neutral
ls0bbn,redditrequest,post,1614235498,neutral
ls0c6l,redditrequest,post,1614235603,neutral
ls1dy1,redditrequest,post,1614239852,neutral
ls1qym,redditrequest,post,1614241317,neutral
ls3hn3,redditrequest,post,1614248430,neutral
ls5apw,redditrequest,post,1614255425,neutral
ls5b36,redditrequest,post,1614255463,neutral
ls5bni,redditrequest,post,1614255523,neutral
ls826b,redditrequest,post,1614264263,neutral
ls8ur7,redditrequest,post,1614266335,neutral
ls9gvy,redditrequest,post,1614267963,neutral
ls9jrs,redditrequest,post,1614268171,neutral
lsajam,redditrequest,post,1614270727,neutral
lsazhz,redditrequest,post,1614271868,neutral
lscg4e,redditrequest,post,1614275577,neutral
lsdszr,redditrequest,post,1614279108,neutral
lsebsx,redditrequest,post,1614280407,neutral
lseeye,redditrequest,post,1614280640,neutral
lsewjn,redditrequest,post,1614281908,neutral
lsfzz6,redditrequest,post,1614284773,neutral
lshqgr,redditrequest,post,1614289421,neutral
lshwl0,redditrequest,post,1614289885,neutral
lsj5gn,redditrequest,post,1614293246,neutral
lsj68h,redditrequest,post,1614293307,neutral
lsjna1,redditrequest,post,1614294580,neutral
lsjsi4,redditrequest,post,1614294986,neutral
lsk45p,redditrequest,post,1614295912,neutral
lskgrb,redditrequest,post,1614296928,neutral
lskzvz,redditrequest,post,1614298450,neutral
lslf2z,redditrequest,post,1614299742,neutral
lslgfd,redditrequest,post,1614299859,neutral
lsm3ip,redditrequest,post,1614301806,neutral
lsozdb,redditrequest,post,1614310676,neutral
lsp08p,redditrequest,post,1614310760,neutral
lspndf,redditrequest,post,1614312953,neutral
lsq7kk,redditrequest,post,1614315028,neutral
lsqqm7,redditrequest,post,1614317000,neutral
lsreh7,redditrequest,post,1614319629,neutral
lsrfrm,redditrequest,post,1614319766,neutral
lsrnc0,redditrequest,post,1614320622,neutral
lsslfe,redditrequest,post,1614324822,neutral
lssnca,redditrequest,post,1614325079,neutral
lst37q,redditrequest,post,1614327119,neutral
lstwie,redditrequest,post,1614330777,neutral
lstxu8,redditrequest,post,1614330948,neutral
lsv1pp,redditrequest,post,1614335791,neutral
lsv5c9,redditrequest,post,1614336237,neutral
lsv5fr,redditrequest,post,1614336250,neutral
lsv5o1,redditrequest,post,1614336281,neutral
lsvmju,redditrequest,post,1614338096,neutral
lsvnx7,redditrequest,post,1614338248,neutral
lszw2r,redditrequest,post,1614353016,neutral
lt13ih,redditrequest,post,1614356392,neutral
lt2nsv,redditrequest,post,1614359964,neutral
lt4e5i,redditrequest,post,1614364368,neutral
lt4rk4,redditrequest,post,1614365347,neutral
lt585a,redditrequest,post,1614366538,neutral
lt82r9,redditrequest,post,1614374222,neutral
lt8atv,redditrequest,post,1614374868,neutral
lt8mif,redditrequest,post,1614375793,neutral
lt8ntv,redditrequest,post,1614375891,neutral
lt9cs4,redditrequest,post,1614377840,neutral
lt9v2m,redditrequest,post,1614379295,neutral
lt9wel,redditrequest,post,1614379402,neutral
ltaf5j,redditrequest,post,1614380946,neutral
ltagpa,redditrequest,post,1614381070,neutral
ltawxy,redditrequest,post,1614382468,neutral
ltdl97,redditrequest,post,1614391230,neutral
ltfl3t,redditrequest,post,1614397901,neutral
ltfrs6,redditrequest,post,1614398546,neutral
ltgdum,redditrequest,post,1614400708,neutral
ltgqh3,redditrequest,post,1614402014,neutral
lti47h,redditrequest,post,1614407374,neutral
ltigzb,redditrequest,post,1614408889,neutral
ltihz2,redditrequest,post,1614409010,neutral
ltirjo,redditrequest,post,1614410127,neutral
ltk2nb,redditrequest,post,1614416101,neutral
ltl914,redditrequest,post,1614421272,neutral
ltqa48,redditrequest,post,1614439326,neutral
ltqhni,redditrequest,post,1614439946,neutral
ltv83c,redditrequest,post,1614453536,neutral
ltwmu8,redditrequest,post,1614457810,neutral
ltx0gx,redditrequest,post,1614458990,neutral
ltx3ft,redditrequest,post,1614459260,neutral
ltxh9x,redditrequest,post,1614460451,neutral
ltxi9n,redditrequest,post,1614460524,neutral
lty6tm,redditrequest,post,1614462667,neutral
ltyejj,redditrequest,post,1614463338,neutral
ltzdgn,redditrequest,post,1614466387,neutral
lu12t7,redditrequest,post,1614471979,neutral
lu14bl,redditrequest,post,1614472133,neutral
lu1wji,redditrequest,post,1614474725,neutral
lu20u1,redditrequest,post,1614475100,neutral
lu27i4,redditrequest,post,1614475711,neutral
lu3r3v,redditrequest,post,1614481116,neutral
lu606v,redditrequest,post,1614486457,neutral
lu6xe5,redditrequest,post,1614488477,neutral
lucdfk,redditrequest,post,1614506710,neutral
lucvb9,redditrequest,post,1614508674,neutral
luea3h,redditrequest,post,1614513445,neutral
lufsdu,redditrequest,post,1614518095,negative
lufsma,redditrequest,post,1614518114,neutral
lufv72,redditrequest,post,1614518319,neutral
lui09q,redditrequest,post,1614524497,neutral
lukjec,redditrequest,post,1614531230,neutral
lukme8,redditrequest,post,1614531450,neutral
lulasb,redditrequest,post,1614533186,neutral
lulpz4,redditrequest,post,1614534276,neutral
lumenv,redditrequest,post,1614536002,neutral
lumosj,redditrequest,post,1614536719,neutral
lun5of,redditrequest,post,1614537885,neutral
lunba8,redditrequest,post,1614538284,neutral
luni0y,redditrequest,post,1614538752,neutral
lupejy,redditrequest,post,1614543596,neutral
luptpt,redditrequest,post,1614544696,neutral
lurxrz,redditrequest,post,1614550119,neutral
lbvpas,redditrequest,post,1612380057,neutral
lmveo7,redditrequest,post,1613677618,neutral
lmtj28,redditrequest,post,1613672946,neutral
lsgys5,sandiego,post,1614287335,neutral
liusfu,thebachelor,post,1613196722,positive
ldtl68,ukpolitics,post,1612602158,negative
ldtp2x,ukpolitics,post,1612602673,negative
lbtxqh,unpopularopinion,post,1612375845,negative
ltiwpm,unpopularopinion,post,1614410753,negative
luhw5q,wallstreetbets,post,1614524204,neutral
lbvrdq,wallstreetbets,post,1612380192,negative
lgnagx,wallstreetbets,post,1612936778,negative
laodnc,wallstreetbets,post,1612243481,positive
lic1m4,wallstreetbets,post,1613139956,negative
lapsko,wallstreetbets,post,1612248985,negative
lh5k4r,2007scape,post,1612995550,negative
llq6mm,AskReddit,post,1613552416,neutral
llwb67,CoinBase,post,1613573923,negative
ljr8bz,CryptoCurrency,post,1613319164,negative
lcnoyr,DeathStranding,post,1612466703,neutral
laajk0,FreeKarma4U,post,1612204904,neutral
laak83,FreeKarma4U,post,1612204950,neutral
ltxzvi,FreeKarma4U,post,1614462049,negative
lgda1n,GlobalOffensive,post,1612904375,negative
ll3mk6,Glocks,post,1613481564,neutral
lm65wf,ModSupport,post,1613599898,neutral
lfmjs0,NonBinary,post,1612820203,neutral
lflnaf,OldSchoolCool,post,1612817855,negative
latjfs,Planetside,post,1612265372,negative
ln1r6h,Seaofthieves,post,1613694241,neutral
lrfevj,Showerthoughts,post,1614180323,negative
lbzazu,TheoryOfReddit,post,1612388980,neutral
lpbeg0,Veterinary,post,1613955940,neutral
lfkxm3,AskReddit,post,1612815966,negative
lga2h2,AskReddit,post,1612895890,neutral
lgawqw,AskReddit,post,1612898016,neutral
lgby2i,AskReddit,post,1612900704,negative
lghzhh,AskReddit,post,1612918005,negative
lgsxek,AskReddit,post,1612961277,neutral
lgzl7g,AskReddit,post,1612980275,negative
lh6bl8,AskReddit,post,1612997612,neutral
lha294,AskReddit,post,1613008563,negative
lhdrst,AskReddit,post,1613021080,neutral
lhgob0,AskReddit,post,1613033754,neutral
lhstjn,AskReddit,post,1613072645,neutral
lhvjah,AskReddit,post,1613079579,neutral
li0soc,AskReddit,post,1613094713,neutral
li3lt9,AskReddit,post,1613104034,neutral
li4crn,AskReddit,post,1613106917,negative
lij4on,AskReddit,post,1613159418,neutral
lij9eu,AskReddit,post,1613159793,neutral
lija3j,AskReddit,post,1613159845,neutral
liyw1c,AskReddit,post,1613215712,neutral
lj84ke,AskReddit,post,1613246989,negative
lj9obb,AskReddit,post,1613251533,neutral
lj9pl1,AskReddit,post,1613251632,neutral
ljrgun,AskReddit,post,1613319863,neutral
ljri5a,AskReddit,post,1613319969,neutral
ljwpry,AskReddit,post,1613334815,neutral
lk7oye,AskReddit,post,1613370917,neutral
lk7uqz,AskReddit,post,1613371529,neutral
lka4ne,AskReddit,post,1613381215,neutral
lkr7dv,AskReddit,post,1613434868,neutral
lktpd0,AskReddit,post,1613443003,negative
lkufqg,AskReddit,post,1613445306,negative
ll59d1,AskReddit,post,1613486733,negative
ll5bpl,AskReddit,post,1613486937,negative
llddw5,AskReddit,post,1613508865,neutral
llml0j,AskReddit,post,1613538104,neutral
llmold,AskReddit,post,1613538434,negative
llmtrh,AskReddit,post,1613538951,negative
llmuia,AskReddit,post,1613539033,neutral
llr0bo,AskReddit,post,1613555831,negative
llvpw0,AskReddit,post,1613572237,negative
llw87o,AskReddit,post,1613573676,negative
llwd8p,AskReddit,post,1613574071,neutral
llxaxt,AskReddit,post,1613576618,neutral
lm7rrx,AskReddit,post,1613604277,negative
lmkrff,AskReddit,post,1613648020,negative
lmrojx,AskReddit,post,1613668289,neutral
lmsrhz,AskReddit,post,1613671091,negative
ln68i2,AskReddit,post,1613707546,negative
lnagf5,AskReddit,post,1613721656,neutral
lnahob,AskReddit,post,1613721787,neutral
lnajdt,AskReddit,post,1613721967,neutral
lnajti,AskReddit,post,1613722018,neutral
lnak5i,AskReddit,post,1613722050,neutral
lnakqx,AskReddit,post,1613722119,neutral
lnpxv0,AskReddit,post,1613767205,neutral
lntk0c,AskReddit,post,1613777628,negative
lod2j0,AskReddit,post,1613845090,neutral
lofr9m,AskReddit,post,1613852448,neutral
lojh2b,AskReddit,post,1613863347,negative
loo3hz,AskReddit,post,1613878709,neutral
lood3p,AskReddit,post,1613879654,neutral
loovwq,AskReddit,post,1613881447,neutral
loxyr8,AskReddit,post,1613917105,neutral
lp3auh,AskReddit,post,1613932274,neutral
lpfmpg,AskReddit,post,1613970145,negative
lpfzyd,AskReddit,post,1613971449,neutral
lpi7o2,AskReddit,post,1613979458,negative
lpjx2w,AskReddit,post,1613986056,negative
lpjxjm,AskReddit,post,1613986110,negative
lpjxqa,AskReddit,post,1613986132,neutral
lpsc85,AskReddit,post,1614010480,neutral
lq6062,AskReddit,post,1614044705,negative
lq7myh,AskReddit,post,1614049770,negative
lqtcqi,AskReddit,post,1614115136,neutral
lr4e9f,AskReddit,post,1614143389,neutral
lr9uri,AskReddit,post,1614163351,neutral
lrkntg,AskReddit,post,1614193538,neutral
lrpdz5,AskReddit,post,1614206994,negative
lrtm2m,AskReddit,post,1614216663,negative
lrvpxk,AskReddit,post,1614220831,negative
ls0ctv,AskReddit,post,1614235684,neutral
ls0ddm,AskReddit,post,1614235748,neutral
lse9or,AskReddit,post,1614280250,neutral
lsmzpo,AskReddit,post,1614304685,negative
lt8ng4,AskReddit,post,1614375862,negative
lt9gk8,AskReddit,post,1614378137,negative
lt9jtv,AskReddit,post,1614378391,negative
lt9luw,AskReddit,post,1614378556,negative
lt9nvq,AskReddit,post,1614378721,neutral
lte7aa,AskReddit,post,1614393224,negative
ltm53w,AskReddit,post,1614425005,negative
lu42wk,AskReddit,post,1614482213,neutral
lu46ud,AskReddit,post,1614482481,neutral
ludn13,AskReddit,post,1614511338,neutral
lumpl0,AskReddit,post,1614536773,neutral
lqyrzk,Bitcoin,post,1614127952,neutral
ldba9w,BodyAcceptance,post,1612543698,neutral
la7ztx,CrappyDesign,post,1612198875,negative
ll2yze,Daredevil,post,1613479153,negative
lny94i,Dodgers,post,1613792233,neutral
lgaeqq,Doom,post,1612896766,neutral
lca7nt,Drizzy,post,1612422970,neutral
liuvrx,Drizzy,post,1613197141,neutral
lcppsi,LSAT,post,1612471743,neutral
lgaxyd,PewdiepieSubmissions,post,1612898098,negative
lnz1ea,RimWorld,post,1613794875,neutral
lu65g1,SelenaGomez,post,1614486783,negative
lo70h9,SuicideWatch,post,1613827264,neutral
lnimfw,TheSilphRoad,post,1613748778,negative
la1pv1,britishproblems,post,1612181497,negative
lkmjto,cardano,post,1613421487,neutral
lnyzmm,cardano,post,1613794700,neutral
lqbdf6,cardano,post,1614061699,negative
lfmtpj,conspiracy,post,1612820934,neutral
lew1gx,cringepics,post,1612733346,negative
lsqzfy,cringepics,post,1614317964,negative
lp2auq,dankmemes,post,1613929522,negative
l9trik,dogecoin,post,1612150479,neutral
lf4z0d,dogecoin,post,1612762131,neutral
ldw1zf,dogecoin,post,1612611364,positive
lg4mq4,ethereum,post,1612881468,negative
lfaf77,h3h3productions,post,1612785886,neutral
lpcm5d,kings,post,1613959930,negative
lrtb0h,memes,post,1614216036,neutral
lhu6ij,modhelp,post,1613076072,neutral
lsfiiz,neoliberal,post,1614283496,neutral
lq0ilq,paintball,post,1614029418,neutral
lnko19,redditrequest,post,1613753862,neutral
lev4hx,redditrequest,post,1612730768,neutral
le9mp3,redditrequest,post,1612653758,neutral
lqn2eg,roblox,post,1614099293,neutral
lckkle,rockets,post,1612458827,negative
lt64mp,russia,post,1614368941,neutral
lmw40h,trashy,post,1613679431,negative
lb9nbo,wallstreetbets,post,1612308142,negative
ls9q97,wallstreetbets,post,1614268639,negative
ladxjs,wallstreetbets,post,1612213097,positive
lanw94,wallstreetbets,post,1612241850,negative
lr6nkc,ATBGE,post,1614151500,negative
lswuch,Advice,post,1614342931,neutral
llyn9o,Austin,post,1613580048,positive
liosyo,JordanPeterson,post,1613175740,negative
lruclm,McJuggerNuggets,post,1614218116,neutral
lcir3p,ModSupport,post,1612454323,neutral
le612n,ModSupport,post,1612643255,neutral
lbbwji,MurderedByWords,post,1612314930,negative
lepi71,PhotoshopRequest,post,1612714723,negative
lj6xpq,Reformed,post,1613243464,neutral
l9zhqb,ShingekiNoKyojin,post,1612172359,neutral
lfewvv,WatchRedditDie,post,1612800187,neutral
lrxb8n,XXXTENTACION,post,1614224614,neutral
lnpvjn,albiononline,post,1613767037,negative
lqsi16,albiononline,post,1614112952,negative
lqvoc3,albiononline,post,1614121244,negative
lnwqz0,binance,post,1613787267,neutral
ldcxzz,chess,post,1612547841,neutral
lfy9hx,confessions,post,1612860182,negative
lnvb1i,conspiracy,post,1613782763,neutral
lt7o9h,conspiracy,post,1614373141,neutral
leug0i,cringe,post,1612728762,negative
lioksz,cringe,post,1613175049,negative
lp1hda,cringe,post,1613927303,negative
lgz3tx,dogecoin,post,1612979054,neutral
letqga,help,post,1612726813,neutral
lslxh7,iRacing,post,1614301297,negative
ldu32e,kdramarecommends,post,1612604650,neutral
ld8zuo,keto,post,1612537471,neutral
lc859w,madlads,post,1612415105,negative
lc86rf,madlads,post,1612415228,negative
lom7m9,modhelp,post,1613872117,neutral
lfrr0z,outlast,post,1612835576,neutral
lb35x7,playmygame,post,1612291736,neutral
laengq,premed,post,1612214827,neutral
lq9wk9,redditrequest,post,1614056812,negative
lck98n,redditrequest,post,1612458055,neutral
leu5ei,redditrequest,post,1612727970,neutral
llhnww,redditrequest,post,1613521510,neutral
lspudy,sportsbook,post,1614313661,positive
lha319,stocks,post,1613008635,negative
lb9aeb,teenagers,post,1612307096,neutral
lmb13z,teenagers,post,1613613960,neutral
loti60,trashy,post,1613899541,negative
la6ptv,wallstreetbets,post,1612195828,negative
ldecgz,wallstreetbets,post,1612551401,negative
ldchav,wallstreetbets,post,1612546639,neutral
lir5qk,wallstreetbets,post,1613183385,negative
lbtnr7,Advice,post,1612375201,neutral
lhs6tr,Advice,post,1613070983,negative
lshlbb,Advice,post,1614289040,neutral
lto9p3,DnD,post,1614432979,negative
ljqd0o,Drifting,post,1613316405,neutral
lpgc93,GreenManGaming,post,1613972726,neutral
lj9f0q,OliveMUA,post,1613250784,negative
ljfh1n,RealEstate,post,1613270365,neutral
lty2ve,RocketLeaguePS4Trades,post,1614462314,neutral
lmzqyx,ScottishFootball,post,1613688757,neutral
lnbt64,attackontitan,post,1613726973,negative
lmqirc,dankmemes,post,1613665420,neutral
lopxsp,deadbydaylight,post,1613885307,neutral
lj7cpw,discordapp,post,1613244716,neutral
lslm7x,espresso,post,1614300355,neutral
lohuuu,memes,post,1613858569,negative
lji499,rantgrumps,post,1613280043,neutral
lb2nht,redditrequest,post,1612290440,neutral
liskn3,redditrequest,post,1613188429,neutral
likszd,redditrequest,post,1613164100,neutral
lktdru,redditrequest,post,1613441921,neutral
lp4oqu,redditrequest,post,1613936176,neutral
lj9rbm,timetravel,post,1613251774,neutral
ln045x,trashy,post,1613689718,negative
lsz0vz,tulsa,post,1614350519,positive
lcls0e,uruguay,post,1612461881,neutral
lrx2r4,wallstreetbets,post,1614223857,neutral
ledec9,wallstreetbets,post,1612665510,neutral
loitqs,web_design,post,1613861484,neutral
lc0nmk,ApplyingToCollege,post,1612392554,positive
lga7ie,AskReddit,post,1612896241,neutral
lmrs0f,AskReddit,post,1613668531,neutral
lgwojx,Bitcoin,post,1612972743,negative
lnxztp,Draven,post,1613791364,negative
lbhxi3,FalloutMods,post,1612335678,neutral
lgjdop,FirstWorldConformists,post,1612922617,neutral
lo1ct3,GoForGold,post,1613803472,neutral
lini1p,H3VR,post,1613171833,negative
luh318,KingdomHearts,post,1614521789,positive
lokj6t,Logic_301,post,1613866606,neutral
luf74i,Militaryfaq,post,1614516325,neutral
lecwyt,Petioles,post,1612663909,positive
lcx00c,PublicFreakout,post,1612491554,neutral
lg1z5b,PublicFreakout,post,1612872273,neutral
lao8qm,UnresolvedMysteries,post,1612242997,neutral
ls8rji,Warframe,post,1614266101,neutral
lp2m1f,WatchRedditDie,post,1613930379,negative
lb8555,WatchRedditDie,post,1612304001,negative
lolggw,ask,post,1613869584,negative
lceyco,aww,post,1612443029,neutral
lshw5h,conspiracy,post,1614289854,negative
lbg58n,dankmemes,post,1612328643,positive
laqafc,help,post,1612251061,negative
lnrmck,magicbuilding,post,1613772253,negative
lgwssd,memes,post,1612973048,neutral
lkm8ix,modhelp,post,1613420607,neutral
lqw8sp,mopeio,post,1614122590,negative
lqwk6d,mopeio,post,1614123250,negative
le4rn5,movies,post,1612639644,negative
lhzbw9,movies,post,1613090180,neutral
lou70n,movies,post,1613902485,neutral
ldj0yv,redditmobile,post,1612563974,neutral
luf3ta,redditrequest,post,1614516031,neutral
limaxd,redditrequest,post,1613168400,neutral
lqxe5h,redditrequest,post,1614124990,neutral
lhss9a,redditrequest,post,1613072555,neutral
liflmu,redditrequest,post,1613150108,neutral
lp3qm1,redditrequest,post,1613933514,neutral
lnmwqa,redditrequest,post,1613759494,neutral
la598u,redditrequest,post,1612192332,neutral
llqzvw,redditrequest,post,1613555778,neutral
lud2ia,redditrequest,post,1614509386,neutral
lfjq9f,redditrequest,post,1612812849,neutral
ltk8wd,redditrequest,post,1614416888,neutral
ld9n7t,redditrequest,post,1612539245,neutral
lnfsj8,redditrequest,post,1613741136,neutral
lc9iyb,wallstreetbets,post,1612420172,negative
lnn9o0,wallstreetbets,post,1613760422,positive
ld56mh,wallstreetbets,post,1612524145,negative
lafzkj,wallstreetbets,post,1612218136,positive
lcgaqp,wallstreetbets,post,1612447437,negative
lhqnz6,AgainstHateSubreddits,post,1613067012,negative
ljje91,AskReddit,post,1613285271,neutral
ljwbs3,AutoModerator,post,1613333689,neutral
ld3jsn,BitcoinBeginners,post,1612516863,negative
lna901,Cigarettes,post,1613720890,neutral
lr3bl6,CryptoCurrencies,post,1614139845,negative
lc9mbu,GamingDetails,post,1612420549,negative
lc5wni,Glitch_in_the_Matrix,post,1612407827,neutral
lc07ec,HermitCraft,post,1612391338,neutral
lo2v7e,Hiphopcirclejerk,post,1613809971,neutral
lqsbl8,MemesIRL,post,1614112476,neutral
lj1079,TooAfraidToAsk,post,1613224712,neutral
lbortd,assholegonewild,post,1612362784,negative
lk31tm,atx4atx,post,1613354481,negative
lfny2j,awfuleverything,post,1612824062,negative
lcin2k,bayarea,post,1612454023,negative
ld1vcr,help,post,1612509188,neutral
lm0o8d,india,post,1613585298,neutral
laucaa,meme,post,1612268604,neutral
lm5uzw,memes,post,1613599080,neutral
lawkbm,modclub,post,1612275807,neutral
lbu3gh,modhelp,post,1612376194,neutral
lr2gbl,needamod,post,1614137106,neutral
latc3s,redditrequest,post,1612264524,neutral
ldhxg4,redditrequest,post,1612560919,neutral
lpg1vg,redditrequest,post,1613971640,neutral
lnuvql,redditrequest,post,1613781474,neutral
loik35,redditrequest,post,1613860692,neutral
lndby8,redditrequest,post,1613732746,neutral
lf4bp5,redditrequest,post,1612759713,neutral
lhpges,secretsanta,post,1613063852,neutral
ll92qs,softwaregore,post,1613497133,positive
ljn88r,tipofmypenis,post,1613304304,neutral
li0vs9,unpopularopinion,post,1613094973,positive
lfdr59,wallstreetbets,post,1612796955,negative
lpabhm,wallstreetbets,post,1613952484,negative
lcni5v,wallstreetbets,post,1612466233,neutral
lc7xap,wallstreetbets,post,1612414391,negative
lf4nn2,AskReddit,post,1612760930,neutral
lck3wl,Assistance,post,1612457704,positive
lts18o,ConspiracyII,post,1614444495,negative
lrm3ac,FootFetish,post,1614197183,negative
lnix6w,GunFights,post,1613749544,negative
lge82g,MetalGearSolidV_PC,post,1612906826,negative
lls2uv,ShingekiNoKyojin,post,1613559959,neutral
lobavy,ShitPoliticsSays,post,1613840368,negative
lj5mri,Somerville,post,1613239558,neutral
lkv7s7,addiction,post,1613447800,neutral
lj72px,amiugly,post,1613243887,negative
lbwm93,dankmemes,post,1612382322,neutral
low7in,depression,post,1613910826,negative
lj2o81,dogecoin,post,1613230542,neutral
ljw7z9,dogecoin,post,1613333380,neutral
lsmi58,entj,post,1614303103,negative
lcmrtq,facebook,post,1612464447,negative
lfi19e,geometrydash,post,1612808407,negative
ldp1ml,lgbt,post,1612582722,neutral
lj6l7b,memes,post,1613242420,neutral
ld1hsg,nfl,post,1612507557,negative
ld1irt,nfl,post,1612507674,negative
lfka81,nfl,post,1612814305,negative
lhgjwf,nfl,post,1613033169,negative
ljeboq,nfl,post,1613266442,negative
lju5yj,nfl,post,1613327529,negative
lpdk2r,nfl,post,1613963035,negative
lqv5wq,nfl,post,1614120039,negative
ljuvdx,nonprofit,post,1613329540,neutral
l9vorb,oddlyterrifying,post,1612156935,negative
lc6yau,redditrequest,post,1612411199,neutral
lajs17,redditrequest,post,1612228571,neutral
le76mr,redditrequest,post,1612646591,neutral
loprdr,redditrequest,post,1613884635,neutral
lpg229,redditrequest,post,1613971657,neutral
lucfap,starwarsmemes,post,1614506930,neutral
ll05p1,teenagers,post,1613466847,negative
lceng6,tf2,post,1612441921,neutral
lm8f73,tf2,post,1613606157,negative
lh7mti,thefighterandthekid,post,1613001238,neutral
la5hv6,wallstreetbets,post,1612192936,neutral
leuvyd,wallstreetbets,post,1612730071,negative
lirj5v,wallstreetbets,post,1613184648,negative
lnz4n5,90DayFiance,post,1613795193,neutral
lmnn6d,ApplyingToCollege,post,1613657562,neutral
ltrbjs,Archaeology,post,1614442372,negative
lnskzo,AskReddit,post,1613774917,positive
ltcoi8,Calgary,post,1614388174,neutral
ldxi3v,CoinBase,post,1612617506,negative
lcgoq5,CryptoCurrency,post,1612448628,negative
lcgqao,CryptoCurrency,post,1612448759,negative
llk6yt,Jeep,post,1613529906,neutral
lilovr,KSU,post,1613166602,positive
lha3tc,Marijuana,post,1613008708,neutral
lm8f4a,Random_Acts_Of_Pizza,post,1613606151,positive
lesk12,Rants,post,1612723492,negative
lkzj5y,SCJerk,post,1613464111,negative
lasrzx,ShadowBan,post,1612262113,negative
labhhz,StockMarket,post,1612207144,neutral
labm5h,StockMarket,post,1612207456,neutral
lkwguj,armenia,post,1613452003,neutral
lt4vnu,armenia,post,1614365643,neutral
lt4w4f,armenia,post,1614365675,neutral
lgtaxv,badtattoos,post,1612962610,negative
lkh1qk,boxoffice,post,1613406361,positive
ldd233,dankmemes,post,1612548117,negative
lme857,dirtypenpals,post,1613624350,neutral
luat92,investing,post,1614500469,negative
l9rvx0,leaves,post,1612144500,neutral
lei7oi,leaves,post,1612684429,positive
ltvpoi,leaves,post,1614455050,negative
ljg6iv,memes,post,1613272863,neutral
ldr6w6,memes,post,1612591015,neutral
lmdqwe,mildlyinfuriating,post,1613622694,negative
lrmz7x,modhelp,post,1614199413,neutral
lbtjal,redditrequest,post,1612374911,negative
lg7jpz,redditrequest,post,1612889468,neutral
lhy65x,redditrequest,post,1613086794,neutral
loicgo,redditrequest,post,1613860048,neutral
ljwts8,redditrequest,post,1613335136,neutral
lc25j7,redditrequest,post,1612396739,neutral
lm4qdm,runescape,post,1613596063,negative
l9rkum,sugarlifestyleforum,post,1612143537,neutral
lqdoyn,tipofmytongue,post,1614070023,neutral
lfoeni,unpopularopinion,post,1612825343,negative
lmzjx2,wallstreetbets,post,1613688238,negative
lmzl56,wallstreetbets,post,1613688329,negative
lmzmsv,wallstreetbets,post,1613688455,negative
lc8f6o,wallstreetbets,post,1612416035,negative
ld2mub,wallstreetbets,post,1612512560,negative
la6315,wallstreetbets,post,1612194334,neutral
lax7xe,wallstreetbets,post,1612277455,negative
ldvfkv,2007scape,post,1612608456,neutral
lc5o03,AmItheAsshole,post,1612407123,negative
lr3m29,Assistance,post,1614140772,neutral
lrdd0d,Catholicism,post,1614174709,negative
ldd6vg,DebunkThis,post,1612548434,neutral
la3jkv,FireEmblemHeroes,post,1612187684,neutral
lmoyzy,Izlam,post,1613661341,neutral
lmqa6g,Izlam,post,1613664804,neutral
lmqkgy,Izlam,post,1613665542,positive
ljy5p0,Kairosoft,post,1613339105,negative
le7drh,LateStageCapitalism,post,1612647169,negative
llbchc,Minecraft,post,1613503317,negative
laenek,MtF,post,1612214822,neutral
lh85m6,NoStupidQuestions,post,1613002735,neutral
lf1wvj,PersonalFinanceCanada,post,1612751280,neutral
ld3wdy,Re_Zero,post,1612518496,neutral
ldv6zq,Sino,post,1612607269,negative
lrn8vh,Smite,post,1614200075,negative
lkcfox,Stellaris,post,1613390870,negative
lk1hxg,TooAfraidToAsk,post,1613349425,neutral
lkbfpy,WeddingsGoneWild,post,1613386832,neutral
lgx5u3,adoptareddit,post,1612974004,neutral
loc8a6,cardano,post,1613842853,neutral
lm8be0,discordapp,post,1613605850,neutral
lcssdh,dontdeadopeninside,post,1612479646,neutral
lqqo61,dontdeadopeninside,post,1614108265,negative
lrq9cn,gonwild,post,1614209277,neutral
liwfki,legostarwars,post,1613203797,neutral
liapwt,liberalgunowners,post,1613135417,neutral
ljc6n4,liberalgunowners,post,1613259273,neutral
l9quvb,marvelstudios,post,1612141264,neutral
ltkmpd,marvelstudios,post,1614418611,neutral
lmkt5v,meme,post,1613648207,neutral
lmwf15,meme,post,1613680251,neutral
ljrezi,memes,post,1613319705,negative
lezitz,memes,post,1612743516,negative
lthcow,nba,post,1614404317,negative
litphr,pennystocks,post,1613192570,neutral
lmcg8l,rant,post,1613618458,negative
lcytdz,redditrequest,post,1612497359,neutral
luqn3i,redditrequest,post,1614546788,neutral
lk5aqb,redditrequest,post,1613362034,neutral
lai3s3,skyrim,post,1612223793,negative
lb4jrs,stocks,post,1612295190,neutral
l9s5cb,wallstreetbets,post,1612145299,neutral
lbwfxc,wallstreetbets,post,1612381870,neutral
la5srw,wallstreetbets,post,1612193664,neutral
lb3dfc,AskHistorians,post,1612292273,positive
li2eez,AutoModerator,post,1613099917,neutral
lev0ko,CharlotteHornets,post,1612730448,negative
ld4vch,CryptoCurrency,post,1612522836,neutral
lbxsx6,FortNiteBR,post,1612385231,neutral
lcshfu,FreeKarma4U,post,1612478830,negative
lmm7b6,IBO,post,1613653112,negative
lhhro2,Smite,post,1613038359,negative
lkdofn,Smite,post,1613395740,negative
lrnwj0,StardewValley,post,1614203282,neutral
ln8cvu,Synesthesia,post,1613714187,neutral
lp3bkb,TopMindsOfReddit,post,1613932331,positive
lt2fif,TopMindsOfReddit,post,1614359529,neutral
ls7gmx,astrology,post,1614262451,positive
lgadgd,blogsnark,post,1612896672,neutral
lhxyjb,boardgames,post,1613086199,negative
lnfmkf,btc,post,1613740642,neutral
ll9pyw,cscareerquestions,post,1613498880,neutral
lj7tfi,dankmemes,post,1613246090,positive
lecc9q,deadisland,post,1612662098,neutral
lbowwv,dogecoin,post,1612363200,negative
lihixt,findareddit,post,1613155095,negative
lhtwcn,gaming,post,1613075327,negative
lncwiv,harrypotter,post,1613731131,neutral
lkpp94,memes,post,1613430354,neutral
lr9e1i,memes,post,1614161640,negative
lae5uz,modhelp,post,1612213610,neutral
luf0jx,modhelp,post,1614515754,negative
ljbvgs,opiates,post,1613258271,neutral
lad7jb,redditrequest,post,1612211363,neutral
lnlkqi,redditrequest,post,1613756066,neutral
lupvpb,redditrequest,post,1614544834,neutral
llviwe,unpopularopinion,post,1613571673,negative
li9hf1,vegan,post,1613130460,neutral
lcu3sd,wallstreetbets,post,1612483207,neutral
lcu4k9,wallstreetbets,post,1612483254,neutral
lc6s1w,wallstreetbets,post,1612410599,negative
lc72ld,wallstreetbets,post,1612411561,neutral
lepnxf,wallstreetbets,post,1612715199,negative
lnoybl,wallstreetbets,post,1613764657,neutral
lkx8ur,Advice,post,1613454773,negative
ldmfgw,Assistance,post,1612574005,negative
lbe9pt,AusFinance,post,1612322375,negative
li06ow,AusFinance,post,1613092755,negative
lo98vt,AutoModerator,post,1613834523,neutral
lb53zk,CasualUK,post,1612296611,neutral
lrojmc,DevilMayCry,post,1614204864,neutral
loq1of,FortNiteBR,post,1613885717,negative
lu8tuv,FortNiteBR,post,1614492690,negative
luig9d,FortNiteBR,post,1614525704,negative
luih1m,FortNiteBR,post,1614525764,negative
ldlqww,NEO,post,1612571868,neutral
lg8f76,NoFap,post,1612891708,neutral
lchkq8,Psychic,post,1612451162,neutral
lj8uvi,Psychic,post,1613249173,neutral
lb9b1c,PurplePillDebate,post,1612307151,neutral
lagtbg,RobinHood,post,1612220275,neutral
lgfbiq,UVA,post,1612909913,neutral
lgmymv,UVA,post,1612935461,negative
lhv4e6,bassfishing,post,1613078498,negative
lnxnhf,bindingofisaac,post,1613790237,negative
lgox9r,cockatiel,post,1612943891,negative
lphnbu,cockatiel,post,1613977359,positive
lg6kxh,dankmemes,post,1612886894,neutral
ld1btz,dogecoin,post,1612506850,negative
lhel0m,dogecoin,post,1613024373,negative
lctvun,dragonballfighterz,post,1612482612,neutral
lghd8u,gtaonline,post,1612916039,neutral
lexku9,hittableFaces,post,1612737647,negative
lcdvkn,modhelp,post,1612438792,neutral
ld22o1,redditrequest,post,1612510089,neutral
larbrn,redditrequest,post,1612255688,neutral
loi56x,redditrequest,post,1613859422,neutral
lb9d0q,redditrequest,post,1612307307,neutral
lnmngi,redditrequest,post,1613758836,neutral
ljm046,redditrequest,post,1613298118,neutral
lo13sn,redditrequest,post,1613802484,neutral
lr6xty,redditrequest,post,1614152543,neutral
lfsyr8,redditrequest,post,1612839488,neutral
lp00pe,redditrequest,post,1613923319,neutral
lige25,shittysuperpowers,post,1613152149,neutral
ld9ggo,softwaregore,post,1612538720,neutral
lkls6g,startrek,post,1613419385,neutral
lgn7dy,teenagers,post,1612936430,negative
levru3,teenagers,post,1612732573,neutral
lgzjok,wallstreetbets,post,1612980175,negative
ldotl1,wallstreetbets,post,1612581963,negative
lagykd,wallstreetbets,post,1612220650,negative
lcxe1r,wallstreetbets,post,1612492725,negative
limba0,wallstreetbets,post,1613168430,negative
luqu6m,zen,post,1614547301,negative
lqkvn5,2007scape,post,1614093805,neutral
lm0jlu,CryptoCurrency,post,1613584973,negative
lejh81,CryptoCurrency,post,1612690853,negative
litr8y,Doom,post,1613192731,negative
lkh6op,KingdomHearts,post,1613406759,neutral
lo8hvy,LabourUK,post,1613832219,neutral
lcp3pu,MaddenUltimateTeam,post,1612470197,neutral
lcp6gt,MaddenUltimateTeam,post,1612470396,neutral
ldhhsk,MaddenUltimateTeam,post,1612559718,negative
ldhim0,MaddenUltimateTeam,post,1612559784,negative
lcagps,MakeupAddiction,post,1612424086,neutral
lob3rl,ModSupport,post,1613839819,neutral
ltl3xh,NoStupidQuestions,post,1614420668,neutral
lm0zj4,OutOfTheLoop,post,1613586104,neutral
ldl6m5,RocketLeague,post,1612570170,neutral
lkssph,ballpython,post,1613440007,negative
lu13s1,binance,post,1614472074,negative
lma9q2,bootroom,post,1613611630,neutral
lncpre,dankmemes,post,1613730440,neutral
l9xw7e,dankmemes,post,1612165545,neutral
lat4g1,dankmemes,post,1612263652,neutral
lb5sam,dankmemes,post,1612298326,neutral
lbb64r,dankmemes,post,1612312672,negative
lbf8mp,dankmemes,post,1612325556,neutral
lbinbh,dankmemes,post,1612338774,positive
lbl7rn,dankmemes,post,1612350180,neutral
lbu16o,dankmemes,post,1612376065,negative
lbu2hq,dankmemes,post,1612376143,negative
lbuz0q,dankmemes,post,1612378306,neutral
lbwj85,dankmemes,post,1612382107,neutral
lc4ru8,dankmemes,post,1612404390,neutral
lcbnn5,dankmemes,post,1612429036,neutral
lcg6tt,dankmemes,post,1612447122,negative
lchorw,dankmemes,post,1612451466,neutral
lclqn5,dankmemes,post,1612461790,neutral
lclxhx,dankmemes,post,1612462268,neutral
ld6a8g,dankmemes,post,1612528655,negative
ld8h4k,dankmemes,post,1612535997,neutral
ldp64y,dankmemes,post,1612583145,neutral
ldq0fw,dankmemes,post,1612586341,negative
ldqsl2,dankmemes,post,1612589315,negative
ldqswh,dankmemes,post,1612589350,negative
ldwbd4,dankmemes,post,1612612564,neutral
le62a5,dankmemes,post,1612643361,neutral
le62ju,dankmemes,post,1612643384,neutral
lef75d,dankmemes,post,1612671682,neutral
lefl0c,dankmemes,post,1612673147,negative
lehka2,dankmemes,post,1612681375,neutral
lenhqw,dankmemes,post,1612708226,neutral
lesdc3,dankmemes,post,1612722976,positive
lf8ink,dankmemes,post,1612777582,neutral
lff8st,dankmemes,post,1612801067,neutral
lffhor,dankmemes,post,1612801740,negative
lfgni7,dankmemes,post,1612804776,neutral
lg6j2u,dankmemes,post,1612886755,neutral
lgc6ng,dankmemes,post,1612901317,negative
lgd9cw,dankmemes,post,1612904337,neutral
lgkaei,dankmemes,post,1612925688,neutral
lgkfvk,dankmemes,post,1612926196,neutral
lgky1v,dankmemes,post,1612927921,negative
lgmvye,dankmemes,post,1612935162,neutral
lgs2yw,dankmemes,post,1612958027,negative
lh4g89,dankmemes,post,1612992644,negative
lhnkod,dankmemes,post,1613058834,negative
lhs9mm,dankmemes,post,1613071195,negative
li4eaz,dankmemes,post,1613107089,negative
lijhs0,dankmemes,post,1613160403,neutral
lijjru,dankmemes,post,1613160556,neutral
liwe2b,dankmemes,post,1613203599,negative
ljplpa,dankmemes,post,1613313811,negative
ljqtc0,dankmemes,post,1613317881,positive
lk5kus,dankmemes,post,1613363035,positive
lk6ycs,dankmemes,post,1613368104,neutral
lk79ah,dankmemes,post,1613369222,negative
lka8rq,dankmemes,post,1613381725,neutral
lkgoic,dankmemes,post,1613405291,neutral
lkp8ej,dankmemes,post,1613428997,negative
lkwx61,dankmemes,post,1613453571,neutral
lkwzhz,dankmemes,post,1613453821,neutral
ll0chq,dankmemes,post,1613467784,positive
ll3wsi,dankmemes,post,1613482555,negative
ll5noo,dankmemes,post,1613487868,neutral
llaguf,dankmemes,post,1613500893,neutral
llggqy,dankmemes,post,1613517686,negative
lm7q3i,dankmemes,post,1613604157,neutral
lmq36i,dankmemes,post,1613664307,neutral
lmwfdh,dankmemes,post,1613680277,neutral
lnbmpg,dankmemes,post,1613726215,neutral
lnc7zl,dankmemes,post,1613728547,neutral
lnh61r,dankmemes,post,1613744994,negative
lnidxa,dankmemes,post,1613748125,neutral
lnjefh,dankmemes,post,1613750752,negative
lnlu0s,dankmemes,post,1613756679,neutral
lnx3lr,dankmemes,post,1613788412,neutral
lo8xjs,dankmemes,post,1613833570,neutral
losyjj,dankmemes,post,1613897325,neutral
louibk,dankmemes,post,1613903771,neutral
lp2hr7,dankmemes,post,1613930060,negative
lp7h0j,dankmemes,post,1613944005,negative
lpaij8,dankmemes,post,1613953101,negative
lpji0b,dankmemes,post,1613984442,negative
lpoid7,dankmemes,post,1614002023,negative
lpyz00,dankmemes,post,1614025784,negative
lq8ktu,dankmemes,post,1614052711,negative
lqbz7y,dankmemes,post,1614063817,neutral
lqejy5,dankmemes,post,1614073288,neutral
lqezvy,dankmemes,post,1614074990,positive
lqheth,dankmemes,post,1614083654,neutral
lqlzok,dankmemes,post,1614096636,negative
lqnt89,dankmemes,post,1614101126,negative
lr90yz,dankmemes,post,1614160344,neutral
lrctlr,dankmemes,post,1614173113,negative
lrwhh6,dankmemes,post,1614222383,neutral
lrzr7l,dankmemes,post,1614233241,neutral
lshdax,dankmemes,post,1614288444,neutral
lsihje,dankmemes,post,1614291431,neutral
lsjy9o,dankmemes,post,1614295440,neutral
lsnaxl,dankmemes,post,1614305665,negative
lstyam,dankmemes,post,1614331003,neutral
lswnrm,dankmemes,post,1614342162,neutral
lud61n,dankmemes,post,1614509773,neutral
lul2k1,dankmemes,post,1614532579,neutral
lunoyw,dankmemes,post,1614539229,negative
luqxf9,dankmemes,post,1614547530,positive
lut96e,dankmemes,post,1614553632,neutral
lajudw,dankmemes,post,1612228750,neutral
lt3v2u,darkjokes,post,1614362978,negative
lg2y8e,django,post,1612876006,neutral
la7cqw,fnafcringe,post,1612197354,negative
lbu4tv,geometrydash,post,1612376286,neutral
ltwn41,memes,post,1614457832,negative
l9qaex,modhelp,post,1612139506,neutral
lbi9o0,modhelp,post,1612337103,neutral
ljv9i4,modhelp,post,1613330660,neutral
lrdh4i,needamod,post,1614175045,neutral
lrdllw,needamod,post,1614175387,neutral
lrn25y,redditrequest,post,1614199611,neutral
lsis8z,redditrequest,post,1614292244,neutral
lg6igb,redditrequest,post,1612886708,neutral
linmve,redditrequest,post,1613172250,neutral
lpsml5,redditrequest,post,1614011127,neutral
lpmktk,transgenderUK,post,1613995923,negative
la6q77,wallstreetbets,post,1612195852,negative
lc6xpj,wallstreetbets,post,1612411143,neutral
lc70tr,wallstreetbets,post,1612411406,negative
lc84wc,wallstreetbets,post,1612415074,negative
lg8vgb,wallstreetbets,post,1612892855,negative
lc8kcf,wallstreetbets,post,1612416553,neutral
lcm33u,wallstreetbets,post,1612462679,neutral
lkvf5q,wallstreetbets,post,1613448479,neutral
lkvhy9,wallstreetbets,post,1613448729,neutral
lnor1y,ApplyingToCollege,post,1613764135,neutral
lgcaix,AutoModerator,post,1612901605,neutral
lbmpkh,Boruto,post,1612356143,neutral
lrfhz8,CryptoCurrency,post,1614180561,neutral
lbcs8n,DanLeBatardShow,post,1612317658,negative
lfincq,MorbidReality,post,1612810018,neutral
lecdul,Music,post,1612662248,negative
lqcnke,PokemonTCG,post,1614066213,neutral
lngc0j,PurplePillDebate,post,1613742744,neutral
lpcas5,RocketLeagueExchange,post,1613958912,negative
lh5avj,TEFL,post,1612994862,positive
li5dqt,TheoryOfReddit,post,1613111126,neutral
lkoe00,TwoSentenceHorror,post,1613426583,negative
lkoh96,TwoSentenceHorror,post,1613426840,negative
lei5rq,TwoXChromosomes,post,1612684174,neutral
lmaqqg,TwoXChromosomes,post,1613613092,positive
lroon1,UIUC,post,1614205206,neutral
ld6o8v,acappella,post,1612530130,neutral
lczud5,baseball,post,1612501041,neutral
lazi8e,dankmemes,post,1612282872,neutral
lcgb9d,dogecoin,post,1612447480,neutral
lacl8b,fresno,post,1612209837,negative
lik910,meth,post,1613162541,neutral
ltt3i6,pyrocynical,post,1614447480,neutral
ljy3f3,redditrequest,post,1613338911,neutral
lueb48,redditrequest,post,1614513550,neutral
lt2l3l,redditrequest,post,1614359817,neutral
lgajrt,redditrequest,post,1612897122,neutral
lgam21,redditrequest,post,1612897268,neutral
lqm2ws,redditrequest,post,1614096859,neutral
lqjsnv,redditrequest,post,1614090954,neutral
lmbbjy,redditrequest,post,1613614877,neutral
ljde45,russian,post,1613263263,neutral
lsqv58,secretsanta,post,1614317488,positive
lk7y0u,teenagers,post,1613371912,negative
lnhjv6,teenagers,post,1613746000,neutral
llpr8p,ucf,post,1613550631,neutral
lnacdc,unpopularopinion,post,1613721222,negative
lkx5lw,unpopularopinion,post,1613454440,negative
la9ps4,wallstreetbets,post,1612202928,negative
lcif79,wallstreetbets,post,1612453448,neutral
ljufa5,yoga,post,1613328270,neutral
liys1h,AskReddit,post,1613215182,negative
lp12xd,CarletonU,post,1613926241,neutral
lgjt1e,CasualUK,post,1612924033,positive
lrxejq,ChoosingBeggars,post,1614224917,negative
lbqzps,Coffee,post,1612368669,negative
lsriyu,Coffee,post,1614320121,negative
ls85m2,CoinBase,post,1614264527,negative
lq2yjx,DDLC,post,1614035800,neutral
lsewlb,DestinyTheGame,post,1614281911,neutral
lh2uiz,ExNoContact,post,1612988548,neutral
leq341,FortNiteBR,post,1612716453,neutral
lqpr7p,HollowKnight,post,1614106001,neutral
lfd8sg,JustUnsubbed,post,1612795522,negative
lsm5c2,MakeNewFriendsHere,post,1614301962,neutral
lio4re,Minecraft,post,1613173739,neutral
lie6wy,NoStupidQuestions,post,1613146249,negative
logwmr,PokemonTCG,post,1613855706,negative
lstfsg,RimWorld,post,1614328687,neutral
lqtdy7,Sororities,post,1614115226,positive
lp48s0,atheism,post,1613934898,neutral
lsmi2s,attackontitan,post,1614303097,neutral
lokld9,conspiracy,post,1613866803,negative
lf3v2q,copypasta,post,1612758091,neutral
lh2jhw,copypasta,post,1612987778,neutral
llshao,copypasta,post,1613561523,neutral
lq7wv1,copypasta,post,1614050593,negative
lrlvuf,copypasta,post,1614196672,negative
lubmc3,copypasta,post,1614503641,negative
luorsn,copypasta,post,1614542005,negative
ljuq75,dancemoms,post,1613329152,neutral
lmcsh2,discordapp,post,1613619558,neutral
lcy4zs,hockeyplayers,post,1612495017,neutral
lb68gs,memes,post,1612299478,neutral
lb6ab4,memes,post,1612299606,neutral
los4o0,mildlyinfuriating,post,1613893947,neutral
lbn5w0,neckbeardstories,post,1612357763,negative
lbwu7m,neckbeardstories,post,1612382823,negative
lekmpy,neckbeardstories,post,1612696548,negative
lblb82,pennystocks,post,1612350568,negative
ldbhya,pics,post,1612544231,negative
lgk9xm,pics,post,1612925641,negative
lktzkx,pics,post,1613443887,neutral
lqmrwp,pics,post,1614098566,neutral
lramyo,pics,post,1614166126,neutral
ld2ge1,reddeadredemption,post,1612511793,positive
lqtagp,redditrequest,post,1614114965,neutral
lnfamn,redditrequest,post,1613739632,neutral
lfoyaq,redditrequest,post,1612826894,neutral
lus92w,redditrequest,post,1614550964,neutral
lqal7v,redditrequest,post,1614058988,neutral
li89v3,redditrequest,post,1613124950,neutral
li40ed,teenagers,post,1613105640,neutral
ldvgba,thesims,post,1612608556,negative
lucuu7,tortoise,post,1614508624,neutral
ll2pv9,unpopularopinion,post,1613478184,negative
lae42b,wallstreetbets,post,1612213515,neutral
lcn0hb,wallstreetbets,post,1612465046,negative
lb66n5,wallstreetbets,post,1612299351,negative
lalbpn,wallstreetbets,post,1612233287,negative
ldkjdc,wallstreetbets,post,1612568214,negative
lcjn36,wallstreetbets,post,1612456549,negative
lcjnmh,wallstreetbets,post,1612456585,negative
lc9jrs,wallstreetbets,post,1612420263,negative
lt9yqh,wallstreetbets,post,1614379592,neutral
lspl6u,walmart,post,1614312735,neutral
lhqmt1,worldpolitics,post,1613066927,negative
lfbogs,AskReddit,post,1612790581,negative
lfbq1y,AskReddit,post,1612790728,neutral
lfbqtv,AskReddit,post,1612790801,negative
lbhfkf,AskReddit,post,1612333556,neutral
le2jo2,AskReddit,post,1612633461,negative
lhleck,Detroit,post,1613052569,neutral
lbdpcr,DoesAnybodyElse,post,1612320577,negative
lrlvtb,Feet_NSFW,post,1614196670,negative
lmotqp,Gameboy,post,1613660947,neutral
lo3bgy,Retconned,post,1613811969,negative
leddn8,StardustCrusaders,post,1612665448,neutral
lok52x,TickTockManitowoc,post,1613865414,neutral
lhap9r,Twitch,post,1613010555,neutral
ljgu0l,army,post,1613275260,neutral
lhre75,chanceme,post,1613068929,negative
lhtl92,chanceme,post,1613074526,neutral
lc1ph3,communism101,post,1612395460,neutral
lm63qz,dankmemes,post,1613599736,neutral
lq7z2d,datingoverthirty,post,1614050778,neutral
lil1is,deadbydaylight,post,1613164768,negative
lgqjee,digitalnomad,post,1612951245,positive
lcdgz0,dogecoin,post,1612437028,negative
lnn6if,exmuslim,post,1613760197,neutral
lmc9bm,gmod,post,1613617832,neutral
lprlu3,help,post,1614008935,neutral
ld5z47,pennystocks,post,1612527444,neutral
ljld9a,redditrequest,post,1613294725,neutral
lnr9c8,redditrequest,post,1613771294,neutral
lsacva,redditrequest,post,1614270254,negative
lsq86l,redditrequest,post,1614315092,neutral
ll7btq,redditrequest,post,1613492467,neutral
lk1iio,roblox,post,1613349478,negative
lfss3k,sharktank,post,1612838893,negative
lojl4x,teenagers,post,1613863683,positive
lpzw8i,thelastofusfactions,post,1614027938,negative
lhdhn3,virtualreality,post,1613020011,neutral
lckzgt,wallstreetbets,post,1612459886,neutral
lc8rcj,wallstreetbets,post,1612417255,negative
lc8ezg,wallstreetbets,post,1612416016,neutral
lnm6gr,wallstreetbets,post,1613757599,neutral
lb721c,wallstreetbets,post,1612301517,negative
lb7t04,wallstreetbets,post,1612303143,negative
lgzmgb,2007scape,post,1612980360,negative
ldwbv0,2007scape,post,1612612632,neutral
laclo0,AskReddit,post,1612209867,negative
llbntk,AskWomen,post,1613504153,neutral
ltffeu,Brawlhalla,post,1614397346,neutral
lptn9x,Cleveland,post,1614013469,neutral
ldgpqv,CozyPlaces,post,1612557647,neutral
lghz6c,CozyPlaces,post,1612917978,neutral
lmshvl,Cyberpunk,post,1613670357,negative
ljpz6z,EmoScreamo,post,1613315147,neutral
laeac0,GoForGold,post,1612213900,neutral
lb8vsz,Maher,post,1612305987,neutral
lslg49,SexyWomanOfTheDay,post,1614299831,neutral
lkhrfx,Switzerland,post,1613408388,neutral
lleev0,Terraria,post,1613511685,neutral
lhg317,WatchRedditDie,post,1613030961,negative
ld5fh2,WayOfTheBern,post,1612525218,negative
lgwer0,atheism,post,1612971989,negative
lfiibp,bodymods,post,1612809646,neutral
lqrso3,bodymods,post,1614111128,neutral
ln3t9r,confessions,post,1613700254,negative
lfgyeb,danganronpa,post,1612805589,neutral
lqr0ol,danganronpa,post,1614109155,neutral
lm9urj,firstimpression,post,1613610360,neutral
ltgzsu,flatearth,post,1614402921,negative
lca2qv,forhonorknights,post,1612422399,neutral
lp1x7g,gmod,post,1613928465,neutral
lp3771,gmod,post,1613932001,neutral
lp4ahu,gmod,post,1613935040,neutral
lpzhzk,gmod,post,1614027029,neutral
lfxpqf,indianews,post,1612857628,negative
lnwh3z,infj,post,1613786433,negative
lo0xne,memes,post,1613801794,positive
ltt583,modhelp,post,1614447609,neutral
labd3w,moviescirclejerk,post,1612206844,negative
ley2os,moviescirclejerk,post,1612739034,negative
ljrf4t,moviescirclejerk,post,1613319718,negative
lk00oo,moviescirclejerk,post,1613344818,neutral
ltwixm,moviescirclejerk,post,1614457484,neutral
ld59tj,redditdev,post,1612524531,neutral
la4dvg,redditrequest,post,1612190104,neutral
lhev0s,redditrequest,post,1613025546,neutral
lsqfn6,redditrequest,post,1614315831,neutral
ltp466,redditrequest,post,1614435736,neutral
lgmpm3,redditrequest,post,1612934456,neutral
lits90,stalker,post,1613192816,neutral
lmldam,trashy,post,1613650216,negative
lfo3nb,vexillology,post,1612824496,neutral
lct4rx,wallstreetbets,post,1612480541,negative
lc9hbo,wallstreetbets,post,1612419981,negative
lcgjcd,wallstreetbets,post,1612448165,negative
ld49iq,wallstreetbets,post,1612520080,negative
lc800p,wallstreetbets,post,1612414647,negative
law02e,wallstreetbets,post,1612274256,negative
llivc3,2007scape,post,1613525511,neutral
lopkq1,ADHD,post,1613883979,neutral
lt0ybd,DBZDokkanBattle,post,1614355985,negative
lchv3n,DestinyMemes,post,1612451955,negative
lddqmq,EnoughCommieSpam,post,1612549837,negative
lj22ws,NoStupidQuestions,post,1613228567,neutral
lf3t5h,RocketLeagueExchange,post,1612757928,neutral
lm3i0f,SaltLakeCity,post,1613592818,positive
lc4yud,Scams,post,1612404974,neutral
lbqn8k,WatchRedditDie,post,1612367813,negative
lc3p1q,WatchRedditDie,post,1612401142,negative
lcxlck,WatchRedditDie,post,1612493354,negative
lh146o,WatchRedditDie,post,1612984161,negative
lh2g13,WatchRedditDie,post,1612987533,negative
lh2oed,WatchRedditDie,post,1612988095,negative
lhksm5,WatchRedditDie,post,1613050624,negative
lifvsx,WatchRedditDie,post,1613150817,neutral
ljdh8i,WatchRedditDie,post,1613263566,neutral
ljt93w,WatchRedditDie,post,1613324919,negative
ljv15y,WatchRedditDie,post,1613329997,negative
lk11dv,WatchRedditDie,post,1613347941,negative
lk1x5p,WatchRedditDie,post,1613350797,negative
lk8d0g,WatchRedditDie,post,1613373634,negative
llw25i,WatchRedditDie,post,1613573205,negative
lmo36q,WatchRedditDie,post,1613658864,negative
lmo4jr,WatchRedditDie,post,1613658964,negative
lmo5j1,WatchRedditDie,post,1613659027,negative
lmtmzc,WatchRedditDie,post,1613673212,negative
ln5ssn,WatchRedditDie,post,1613706260,negative
lof4nx,WatchRedditDie,post,1613850703,negative
loutnl,WatchRedditDie,post,1613905174,negative
lpxgww,WatchRedditDie,post,1614022216,negative
lqkzdf,WatchRedditDie,post,1614094083,negative
lr39ny,WatchRedditDie,post,1614139675,negative
lrthfi,baduk,post,1614216412,neutral
lei379,cardano,post,1612683831,positive
ln1wjs,cardano,post,1613694663,negative
lbyurr,creepyencounters,post,1612387821,neutral
lafh7c,dogecoin,post,1612216858,neutral
lk7cgv,dogecoin,post,1613369532,neutral
leam3j,exmuslim,post,1612656762,neutral
lklhhb,giveaways,post,1613418594,neutral
lfelxb,redditrequest,post,1612799374,neutral
lfdj3y,redditrequest,post,1612796369,neutral
lpz5jp,redditrequest,post,1614026207,neutral
lqnhm5,redditrequest,post,1614100322,neutral
lac5l8,redditrequest,post,1612208763,neutral
ljh24u,relationship_advice,post,1613276107,neutral
legszk,sleep,post,1612677972,neutral
latq7f,stocks,post,1612266153,neutral
ls978j,supportlol,post,1614267240,negative
lh46ix,tarot,post,1612991921,negative
lcu4ov,teenagers,post,1612483263,neutral
ldfbmx,wallstreetbets,post,1612553936,negative
lj9ykb,wallstreetbets,post,1613252385,negative
lfe7ju,wallstreetbets,post,1612798234,negative
lcsu82,wallstreetbets,post,1612479759,neutral
leqyny,wallstreetbets,post,1612719000,negative
laep9e,wallstreetbets,post,1612214954,negative
lqv5k7,wallstreetbets,post,1614120013,neutral
la1lc0,wallstreetbets,post,1612181004,neutral
leqq0x,wholesomememes,post,1612718290,neutral
lggph6,writers,post,1612914060,neutral
lex85p,Anarchy101,post,1612736685,negative
lf01dl,Anarchy101,post,1612745218,negative
laqtr8,AskReddit,post,1612253429,neutral
ldw70p,AskReddit,post,1612612011,negative
ldw7ek,AskReddit,post,1612612063,negative
la8i2f,AskReddit,post,1612200059,neutral
ls7gto,AskRetail,post,1614262468,positive
lgq72w,AusFinance,post,1612949653,positive
lbtp79,AutoModerator,post,1612375284,neutral
lrm7t2,BSA,post,1614197488,neutral
lpzuqa,CRedit,post,1614027848,negative
ldh003,CoinBase,post,1612558391,neutral
lnw7xy,DatGuyLirik,post,1613785630,negative
lh4ys1,FurryKikPals,post,1612993978,neutral
lspzzk,PhantomForces,post,1614314244,negative
lu1o6h,RealGirls,post,1614473975,negative
lf7z0y,deepweb,post,1612775084,negative
lcolxc,discordapp,post,1612468962,neutral
lcvs7x,enf,post,1612488073,negative
ld26b1,ftm,post,1612510534,negative
lhj6px,gtaonline,post,1613044461,negative
ltzc1l,heroesofthestorm,post,1614466258,negative
ll3yi3,learnmachinelearning,post,1613482720,neutral
lmo9l7,mildlyinfuriating,post,1613659375,negative
lbq50h,modhelp,post,1612366474,neutral
lipqig,offmychest,post,1613178609,negative
lo6lfo,preppers,post,1613825757,neutral
lgpzlk,progressive_islam,post,1612948685,positive
ll2ddu,progressive_islam,post,1613476824,positive
lfm6ns,puzzles,post,1612819239,neutral
lfb7g3,redditrequest,post,1612788926,neutral
ljlczu,redditrequest,post,1613294687,neutral
lcz45z,redditrequest,post,1612498395,neutral
lb4lh8,redditrequest,post,1612295318,neutral
ldzqo5,redditrequest,post,1612625259,negative
ley22f,sanfrancisco,post,1612738984,positive
lb5ugw,southafrica,post,1612298484,negative
lhusfw,wallstreetbets,post,1613077624,neutral
ls9hev,wallstreetbets,post,1614267997,positive
li1990,wallstreetbets,post,1613096159,negative
lkhkoy,wallstreetbets,post,1613407852,negative
lauzte,wallstreetbets,post,1612271009,negative
laxj8e,wallstreetbets,post,1612278185,neutral
leqsfq,AskReddit,post,1612718482,neutral
lequp6,AskReddit,post,1612718666,neutral
lccny9,AskReddit,post,1612433541,negative
lccoqi,AskReddit,post,1612433643,neutral
lccpur,AskReddit,post,1612433779,negative
lccq8l,AskReddit,post,1612433828,negative
ltakeq,AudioPost,post,1614381383,neutral
lo9twh,AutoModerator,post,1613836208,neutral
lg1va9,CatTaps,post,1612871873,neutral
lnjuu7,CraftBeer,post,1613751879,negative
lf4amm,Dreadlocks,post,1612759607,negative
lhfcdn,ModSupport,post,1613027626,neutral
lpv833,Rabbits,post,1614017045,positive
lbm204,Stoicism,post,1612353652,positive
lel3oa,Superbowl,post,1612698771,neutral
lgf2am,VictoriaBC,post,1612909184,negative
lsysd2,WatchRedditDie,post,1614349773,negative
lmla6y,WatchRedditDie,post,1613649888,negative
lorcsm,bonehurtingjuice,post,1613890778,negative
lhjnj6,dankmemes,post,1613046355,negative
lcjs7v,help,post,1612456903,negative
lsb4u7,modhelp,post,1614272241,neutral
lso8l4,muacjdiscussion,post,1614308362,neutral
lokjg6,redditrequest,post,1613866627,neutral
lnxopx,redditrequest,post,1613790348,neutral
lb1scx,redditrequest,post,1612288336,neutral
lt4ik5,redditrequest,post,1614364682,neutral
ljacqf,redditrequest,post,1613253567,neutral
laavtq,redditrequest,post,1612205725,neutral
ldm92e,sbubby,post,1612573413,neutral
ljsp0e,shield,post,1613323318,negative
lhyovh,teenagers,post,1613088284,neutral
ldt1hx,trashy,post,1612599451,negative
lcxken,wallstreetbets,post,1612493270,negative
lcgadv,wallstreetbets,post,1612447406,neutral
ldjw95,wallstreetbets,post,1612566380,neutral
ldjx9j,wallstreetbets,post,1612566463,neutral
lc8iab,wallstreetbets,post,1612416336,negative
lcpkiw,wallstreetbets,post,1612471363,neutral
lgsjbb,wallstreetbets,post,1612959816,negative
lclp9m,wallstreetbets,post,1612461700,neutral
l9xe8o,wet,post,1612163414,positive
lftor0,woodworking,post,1612841923,neutral
lebex4,2007scape,post,1612659226,neutral
le9m12,AskMen,post,1612653706,neutral
lnby0s,AskModerators,post,1613727461,neutral
llaguh,Austin,post,1613500893,neutral
lgk18x,CryptoCurrency,post,1612924823,negative
llq1rq,EscapefromTarkov,post,1613551861,neutral
ll6zv1,Indiemakeupandmore,post,1613491581,positive
ls9ah3,NonBinary,post,1614267485,neutral
lbubo6,PerfectTiming,post,1612376731,negative
lkwf3e,ShittyLifeProTips,post,1613451871,neutral
leyzp1,Terraria,post,1612741851,neutral
li5uqo,Terraria,post,1613113252,negative
ll44yf,Terraria,post,1613483324,neutral
lngpdy,Terraria,post,1613743733,neutral
lor4n8,Terraria,post,1613889902,neutral
lp6fiv,Terraria,post,1613941007,neutral
lpe9ec,Turkey,post,1613965437,negative
ldk4g3,VinylCollectors,post,1612566999,neutral
ldqro9,Warthunder,post,1612589213,negative
ln58ap,Whatisthis,post,1613704501,neutral
libl2t,deadbydaylight,post,1613138460,negative
lb3eof,dogecoin,post,1612292363,neutral
lawhj1,dogecoin,post,1612275606,positive
levdgp,gtaglitches,post,1612731496,negative
li81hb,memes,post,1613123922,neutral
la5kuc,memes,post,1612193136,positive
ljmoip,minimalist,post,1613301643,positive
lj1zu1,pakistan,post,1613228305,neutral
lefm37,redditrequest,post,1612673261,neutral
lg5kdd,redditrequest,post,1612884123,neutral
lsb09v,redditrequest,post,1614271917,neutral
lk2tau,redditrequest,post,1613353717,neutral
lqderf,redditrequest,post,1614069030,neutral
lu6xmz,redditrequest,post,1614488490,neutral
lpadei,redditrequest,post,1613952647,neutral
lr6tcs,roblox,post,1614152114,neutral
ltci1h,showerbeer,post,1614387594,negative
lummmz,showerbeer,post,1614536576,negative
lizrk1,skateboarding,post,1613219673,neutral
lcwpai,teenagers,post,1612490764,negative
ld7bcc,wallstreetbets,post,1612532399,neutral
lcxxpl,wallstreetbets,post,1612494419,negative
ld2e19,wallstreetbets,post,1612511490,neutral
ld2e1w,wallstreetbets,post,1612511493,neutral
ld2e62,wallstreetbets,post,1612511507,neutral
lc8iof,wallstreetbets,post,1612416377,negative
lktqyp,2007scape,post,1613443151,negative
lnmqt7,ApplyingToCollege,post,1613759083,neutral
lgg30d,BitcoinCA,post,1612912157,neutral
ldci53,ColoradoRockies,post,1612546702,positive
lfgqfm,CryptoCurrency,post,1612804995,neutral
leg1vq,DestinyFashion,post,1612674935,neutral
lcdb2h,DunderMifflin,post,1612436385,negative
lpaini,EngineeringStudents,post,1613953111,neutral
ltpu5v,Hiphopcirclejerk,post,1614438007,neutral
lqko46,LabourUK,post,1614093253,neutral
lmowmb,ModSupport,post,1613661165,neutral
lm8mh6,MovieSuggestions,post,1613606712,neutral
ln4gpz,Ohlympics,post,1613702217,neutral
lct1kw,Screenwriting,post,1612480308,positive
lhb5f6,Vent,post,1613011900,negative
lti212,WormFanfic,post,1614407114,neutral
lkyz2u,discordapp,post,1613461660,neutral
lccew7,diyaudio,post,1612432425,neutral
lqvxlu,dogecoin,post,1614121859,negative
lsfpy7,eu4,post,1614284032,neutral
llx03m,meme,post,1613575788,neutral
laju93,memes,post,1612228739,negative
lo8e0q,phgonewild,post,1613831894,negative
la7gjp,police,post,1612197613,negative
lt3exu,redditrequest,post,1614361840,neutral
lbc5jr,redditrequest,post,1612315705,neutral
lfvkam,redditrequest,post,1612848610,neutral
lpx8uy,techsupport,post,1614021685,negative
lc1xpc,wallstreetbets,post,1612396078,negative
lcbwuv,wallstreetbets,post,1612430108,neutral
leei2f,wallstreetbets,post,1612669227,neutral
lc9ypi,wallstreetbets,post,1612421981,neutral
lcjrx5,wallstreetbets,post,1612456883,neutral
lazxg6,2007scape,post,1612283852,neutral
lcecrd,2007scape,post,1612440765,negative
lerz26,ClashRoyale,post,1612721862,neutral
lufzz5,ClashRoyale,post,1614518715,neutral
lfqq9y,CoinBase,post,1612832304,negative
lp6y58,HistoryMemes,post,1613942473,neutral
lp8cb8,HistoryMemes,post,1613946497,negative
ll09jj,Indiana,post,1613467355,neutral
ljh0um,canes,post,1613275959,neutral
ljg3w5,dankmemes,post,1613272574,neutral
lbk5la,dogecoin,post,1612345552,positive
la45t6,dogecoin,post,1612189461,positive
lbggdk,dogecoin,post,1612329768,neutral
lneppk,gmod,post,1613737697,neutral
ldenx4,me_irl,post,1612552217,negative
lqnq70,memes,post,1614100916,negative
lqns8z,memes,post,1614101057,negative
lsp6tl,mildlyinfuriating,post,1614311386,neutral
lfmwol,preppers,post,1612821161,neutral
lhp6hp,redditrequest,post,1613063129,neutral
lkskg0,redditrequest,post,1613439284,neutral
lo7499,redditrequest,post,1613827642,neutral
lkrmtx,redditrequest,post,1613436225,neutral
lllpfg,redditrequest,post,1613534898,neutral
llgynk,redditrequest,post,1613519286,neutral
lfe2k4,redditrequest,post,1612797841,neutral
ltgh7x,redditrequest,post,1614401061,neutral
lee9tf,self,post,1612668461,neutral
ldk1hm,skiing,post,1612566799,neutral
ltrb57,snapchat,post,1614442341,negative
lcjm5y,titanfall,post,1612456483,neutral
lca97a,uofmn,post,1612423158,neutral
lc7p9y,wallstreetbets,post,1612413637,negative
lc7us8,wallstreetbets,post,1612414159,negative
lcf136,wallstreetbets,post,1612443295,negative
lc1m8m,wallstreetbets,post,1612395202,negative
lgn8y2,wallstreetbets,post,1612936606,positive
lk8j3g,Austria,post,1613374330,neutral
lgvyvp,Crowdfunding,post,1612970764,neutral
lbp73t,Eve,post,1612363983,negative
lbysff,FalloutMods,post,1612387646,neutral
lqes0x,InlandEmpire,post,1614074169,neutral
lg8uz9,Judaism,post,1612892820,neutral
lbv0bv,Minecraft,post,1612378393,neutral
ljecv0,bugs,post,1613266551,negative
lrmp27,fresno,post,1614198709,neutral
llmtoq,gatekeeping,post,1613538940,negative
lr1cpv,guineapigs,post,1614134070,neutral
llz21w,help,post,1613581167,neutral
lao26m,leagueoflegends,post,1612242373,negative
laoc5r,leagueoflegends,post,1612243340,negative
lbxc7v,leagueoflegends,post,1612384081,negative
lc1anj,leagueoflegends,post,1612394255,negative
lc1eua,leagueoflegends,post,1612394593,negative
lc1fqy,leagueoflegends,post,1612394666,negative
lj6lsv,leagueoflegends,post,1613242467,negative
lmc6sc,leagueoflegends,post,1613617619,neutral
lqimgh,leagueoflegends,post,1614087546,negative
ltvnb6,leagueoflegends,post,1614454846,negative
ljbdgr,minecraftsuggestions,post,1613256697,neutral
lk0fa7,modhelp,post,1613346068,negative
lnnxx8,offmychest,post,1613762082,neutral
llzz2l,politics,post,1613583504,negative
lnh0x3,rant,post,1613744581,negative
lbc453,rant,post,1612315581,negative
lc61wi,rant,post,1612408240,negative
lcfac1,rant,post,1612444162,negative
lfh32y,rant,post,1612805927,neutral
lfpha6,rant,post,1612828456,negative
ljc0y0,rant,post,1613258773,negative
lkrlcu,rant,post,1613436093,neutral
llpdkc,rant,post,1613549077,negative
llqr6r,rant,post,1613554828,negative
llw30l,rant,post,1613573277,negative
lm2s6d,rant,post,1613590877,negative
lmr29m,rant,post,1613666780,negative
lmutry,rant,post,1613676177,negative
lp0vqc,rant,post,1613925692,negative
lp9u14,rant,post,1613951004,negative
lph13v,rant,post,1613975148,negative
lqfqao,rant,post,1614077917,negative
lqrtwx,rant,post,1614111211,neutral
lrwggr,rant,post,1614222327,negative
ls8583,rant,post,1614264496,neutral
lthuuc,rant,post,1614406298,negative
ltuh6x,rant,post,1614451292,negative
lkt25h,reddeadredemption,post,1613440865,neutral
ldifnt,redditrequest,post,1612562346,neutral
lp02kd,redditrequest,post,1613923470,neutral
lb1yvz,redditrequest,post,1612288780,neutral
lm23b8,redditrequest,post,1613589015,neutral
law88h,redditrequest,post,1612274898,neutral
lj49ea,redditrequest,post,1613235498,neutral
lkjvfo,redditrequest,post,1613414180,neutral
lkjzj1,redditrequest,post,1613414496,neutral
linff3,redditrequest,post,1613171617,neutral
lesb8b,redditrequest,post,1612722809,neutral
lepfv1,redditrequest,post,1612714524,neutral
lja4eg,redditrequest,post,1613252875,neutral
lcft6l,redditrequest,post,1612445895,neutral
ljppiz,shittyaskreddit,post,1613314286,negative
lurva8,torontoraptors,post,1614549937,neutral
lpe55s,vmware,post,1613965031,neutral
lc7t8r,wallstreetbets,post,1612414008,negative
lc7g7f,wallstreetbets,post,1612412791,negative
lcifu7,wallstreetbets,post,1612453494,neutral
le76wy,wallstreetbets,post,1612646617,negative
lsjk07,xboxone,post,1614294342,positive
lbrq43,2007scape,post,1612370531,neutral
lulopq,2007scape,post,1614534186,negative
lls7ny,2007scape,post,1613560491,neutral
llgjd6,ArtOfRolling,post,1613517917,negative
lhrn2q,AskReddit,post,1613069574,neutral
lguocu,AskReddit,post,1612967088,neutral
ls7yrw,AutoCAD,post,1614263991,neutral
lechrc,Bad_Cop_No_Donut,post,1612662575,negative
lsmzkz,BigBrother,post,1614304673,positive
lfqtip,CoinBase,post,1612832564,negative
lsuttu,CryptoCurrency,post,1614334845,neutral
lomldu,Dragonballsuper,post,1613873424,neutral
lruvna,Epilepsy,post,1614219146,positive
lhwql9,FortNiteBR,post,1613082773,negative
lrvlf1,Hammers,post,1614220572,positive
lml20v,LogitechG,post,1613649145,negative
lfwnlu,NCAAFBseries,post,1612852989,positive
lpgsto,NeckbeardNests,post,1613974346,negative
ltwgn0,NoStupidQuestions,post,1614457292,negative
ln12nn,Sino,post,1613692362,neutral
ljd2y2,The_Mueller,post,1613262194,neutral
lnilit,XXXTENTACION,post,1613748711,negative
lrxcct,changemyview,post,1614224710,negative
lu0dsx,dankmemes,post,1614469655,neutral
ljfe5o,darkjokes,post,1613270063,negative
lc5h3q,darkjokes,post,1612406507,negative
ljci4b,h3h3productions,post,1613260324,positive
ln0gvp,help,post,1613690683,neutral
lsd478,howardstern,post,1614277327,negative
lbljpx,meme,post,1612351546,neutral
leni3m,meme,post,1612708260,neutral
lfwijs,meme,post,1612852407,neutral
lgwq9d,meme,post,1612972863,neutral
lj3vxh,meme,post,1613234335,positive
ll0c5q,meme,post,1613467733,positive
lqezw9,meme,post,1614074992,negative
lr90iz,meme,post,1614160300,neutral
lf0yjt,memes,post,1612748285,negative
lat3a0,memes,post,1612263534,neutral
lkyojc,newzealand,post,1613460407,positive
lmjnk7,redditrequest,post,1613643756,neutral
ligmyn,redditrequest,post,1613152813,neutral
lcgoqb,redditrequest,post,1612448628,neutral
laco3y,redditrequest,post,1612210031,neutral
lnqr3u,redditrequest,post,1613769653,neutral
lhh5gz,redditrequest,post,1613035713,neutral
lfhy4u,redditrequest,post,1612808177,neutral
lf3n6l,redditrequest,post,1612757372,neutral
lswf3d,self,post,1614341169,neutral
lt4kgy,self,post,1614364822,negative
lnixxn,southafrica,post,1613749603,neutral
lbaibb,stocks,post,1612310671,negative
lc7h9f,wallstreetbets,post,1612412888,neutral
lc7l9j,wallstreetbets,post,1612413266,negative
la2dtx,wallstreetbets,post,1612183984,neutral
la840m,wallstreetbets,post,1612199136,negative
lk95dw,BABYMETAL,post,1613376864,neutral
lamnrx,CryptoCurrency,post,1612237673,positive
ld9ttz,FORTnITE,post,1612539754,neutral
lliyl3,FortNiteBR,post,1613525825,neutral
lc9s0l,FortNiteBR,post,1612421198,neutral
ldq14w,FortNiteBR,post,1612586425,negative
ldulsk,FortNiteBR,post,1612605885,negative
lfk1la,FortNiteBR,post,1612813668,neutral
lgs4t7,FortNiteBR,post,1612958251,neutral
lh72t4,FortNiteBR,post,1612999710,negative
libesp,FortNiteBR,post,1613137895,neutral
licg7q,FortNiteBR,post,1613141256,negative
liw54y,FortNiteBR,post,1613202517,negative
ll6fnl,FortNiteBR,post,1613490083,negative
losvrw,FortNiteBR,post,1613896997,neutral
lpjk17,FortNiteBR,post,1613984654,negative
lmwkzs,GoForGold,post,1613680696,neutral
lpl11f,LegalAdviceUK,post,1613990470,neutral
ld2h68,LightNovels,post,1612511893,neutral
ldmapi,MakeupAddiction,post,1612573566,neutral
lr79mu,NoStupidQuestions,post,1614153798,negative
lhsrwc,Residency,post,1613072529,neutral
lc864j,StockMarket,post,1612415173,negative
ldfl67,TheExpanse,post,1612554614,positive
lpf7p0,Twitch,post,1613968684,negative
lfmtrw,WatchRedditDie,post,1612820940,negative
lb8xjv,chess,post,1612306124,neutral
lc6oui,dankmemes,post,1612410303,negative
lpl11l,depression,post,1613990471,negative
lusi9v,ethereum,post,1614551649,neutral
lkl7j8,flyfishing,post,1613417833,negative
lf7ygp,graphicnovels,post,1612775012,negative
lb7p78,ich_iel,post,1612302882,neutral
ll2cy3,kitchener,post,1613476794,negative
li9exl,memes,post,1613130144,neutral
lcwxxj,memes,post,1612491378,neutral
lohplp,queensuniversity,post,1613858143,negative
lr5zbx,redditrequest,post,1614149010,neutral
lrx4mp,redditrequest,post,1614224021,neutral
lkducu,redditrequest,post,1613396338,neutral
lnmadz,redditrequest,post,1613757877,neutral
lcuidc,redditrequest,post,1612484335,positive
lb70cr,redditrequest,post,1612301418,neutral
lrive4,redditrequest,post,1614189145,neutral
lgxfej,redditrequest,post,1612974730,neutral
lndqvu,sanmarcos,post,1613734267,neutral
lrxh5b,teenagers,post,1614225154,neutral
lgymgb,toronto,post,1612977811,negative
lc8tpf,wallstreetbets,post,1612417491,positive
lc8ucd,wallstreetbets,post,1612417556,positive
lc8vux,wallstreetbets,post,1612417716,negative
lbztqd,wallstreetbets,post,1612390300,neutral
la9y6m,wallstreetbets,post,1612203498,positive
lc9bsi,wallstreetbets,post,1612419370,negative
ltjyr2,AskUK,post,1614415561,negative
llw1ky,Conservative,post,1613573168,negative
lcmicc,CryptoCurrency,post,1612463778,neutral
ldscm9,Foofighters,post,1612596135,neutral
lcevwc,IndiaSpeaks,post,1612442791,neutral
lnexwl,IndiaSpeaks,post,1613738463,neutral
lbbgq3,IreliaMains,post,1612313590,negative
l9zx2j,Ripple,post,1612174142,negative
lj6pev,TheExpanse,post,1613242772,positive
lo9zaz,TrueCrimeDiscussion,post,1613836645,neutral
lshngh,Warframe,post,1614289202,negative
legjnp,audiophile,post,1612676906,negative
ljagbo,btc,post,1613253839,positive
lop2py,copypasta,post,1613882130,negative
ltgqvw,discordapp,post,1614402043,neutral
llbovp,discordapp,post,1613504231,neutral
lg4g78,dogecoin,post,1612880924,neutral
lm6zgg,ethtrader,post,1613602177,positive
lkcmoi,help,post,1613391705,neutral
lkewuq,help,post,1613399939,neutral
lu3663,lastimages,post,1614479037,neutral
lkm2b1,liberalgunowners,post,1613420139,negative
lgbryl,meme,post,1612900272,neutral
lqzo9j,onejob,post,1614130604,neutral
ltvbom,plants,post,1614453839,negative
lqym4p,redditrequest,post,1614127594,neutral
lilq72,redditrequest,post,1613166706,neutral
lg1rgt,redditrequest,post,1612871757,neutral
le7h5y,redditrequest,post,1612647454,neutral
lpv56e,redditrequest,post,1614016878,neutral
lpzywo,redditrequest,post,1614028112,neutral
lomg1g,teenagers,post,1613872921,negative
lngw1r,transformers,post,1613744223,negative
lculba,wallstreetbets,post,1612484596,negative
lc2d0g,wallstreetbets,post,1612397269,negative
lcc17d,wallstreetbets,post,1612430652,negative
lb83gy,wallstreetbets,post,1612303878,neutral
ltgomq,CasualPokemonTrades,post,1614401832,negative
lq022j,EscapefromTarkov,post,1614028320,negative
lqjp6v,ForeignMovies,post,1614090679,neutral
ls1qcb,GoForGold,post,1614241259,neutral
lekx01,LGBTeens,post,1612697914,negative
lfgxzj,LivestreamFail,post,1612805557,negative
llw4rd,LivestreamFail,post,1613573422,negative
lqqycg,LivestreamFail,post,1614108989,negative
ln0vw0,NoFap,post,1613691843,negative
lmecqm,PoliticalHumor,post,1613624752,neutral
lhwzcc,Supplements,post,1613083468,negative
lhx1ta,Supplements,post,1613083655,neutral
lu6v82,askcarsales,post,1614488356,neutral
led9yr,bigdickproblems,post,1612665101,negative
lu7x76,cardano,post,1614490624,positive
lfl0zd,crochet,post,1612816214,neutral
lelig1,dankmemes,post,1612700605,neutral
lelj94,dankmemes,post,1612700703,neutral
ladw1b,dankmemes,post,1612212991,negative
lqou6z,depression,post,1614103719,negative
lbsxvn,disability,post,1612373455,neutral
lsm0oj,dogecoin,post,1614301570,neutral
lll5ct,homelab,post,1613533089,positive
lsedox,ideasfortheadmins,post,1614280552,neutral
l9q53r,oklahoma,post,1612139058,neutral
lhtkt2,redditrequest,post,1613074493,neutral
lk7ipy,redditrequest,post,1613370162,neutral
lkqrz4,redditrequest,post,1613433544,neutral
lo3jba,redditrequest,post,1613812942,neutral
lry3zm,redditrequest,post,1614227260,neutral
ln9i6v,redditrequest,post,1613718097,neutral
lqzobc,redditrequest,post,1614130609,negative
lt44ow,redditrequest,post,1614363673,neutral
lt3el8,relationship_advice,post,1614361813,neutral
lcdyuj,secretsanta,post,1612439186,neutral
lu1mnw,sneakermarket,post,1614473827,neutral
lae8a5,wallstreetbets,post,1612213779,neutral
lc7tnz,wallstreetbets,post,1612414049,negative
lazct5,wallstreetbets,post,1612282525,neutral
lqpsb2,wallstreetbets,post,1614106080,positive
ll7qlj,ApplyingToCollege,post,1613493590,negative
ldb553,Denton,post,1612543337,neutral
lfj0nz,IASIP,post,1612810986,neutral
lu71n2,MobileAL,post,1614488723,neutral
lggdlc,NewTubers,post,1612913047,neutral
ljb4r6,NewTubers,post,1613255936,positive
lddgj3,NewYorkMets,post,1612549119,negative
lgh8kw,NintendoSwitch,post,1612915638,negative
ltalwv,Showerthoughts,post,1614381508,negative
lk79tj,Sneakers,post,1613369284,neutral
lkn44v,TooAfraidToAsk,post,1613423031,neutral
li9f3k,Warthunder,post,1613130167,neutral
lrxmxj,XXXTENTACION,post,1614225677,neutral
lb3r22,bugs,post,1612293203,neutral
lhkzhv,cardano,post,1613051279,positive
lkajfm,cars,post,1613383040,negative
lkd3jd,cars,post,1613393621,negative
llf8vv,cars,post,1613514095,neutral
lleamg,climateskeptics,post,1613511353,neutral
lacn69,copypasta,post,1612209969,negative
lof5ko,dankmemes,post,1613850777,neutral
lfs0ey,deadbydaylight,post,1612836390,negative
lczvfe,dogecoin,post,1612501157,neutral
ldlxw7,ekkomains,post,1612572492,negative
lhh5cy,intermittentfasting,post,1613035699,negative
lc9070,investing,post,1612418166,negative
le60yx,investing,post,1612643247,neutral
lh8jpr,manga,post,1613003936,neutral
ljjzx3,marvelstudios,post,1613287892,positive
lkia6t,meth,post,1613409811,neutral
llac8x,redditrequest,post,1613500544,neutral
lnfks4,redditrequest,post,1613740510,neutral
lucd89,redditrequest,post,1614506688,neutral
lcfiva,redditrequest,post,1612444959,negative
ll6c88,redditrequest,post,1613489815,negative
lm534c,redditrequest,post,1613597003,neutral
ld8nkn,redditrequest,post,1612536542,neutral
lnor2a,redditrequest,post,1613764135,neutral
ltpz3a,unpopularopinion,post,1614438389,negative
lqqfo7,vegancirclejerk,post,1614107684,negative
l9rkvc,wallstreetbets,post,1612143539,positive
lc8mb9,wallstreetbets,post,1612416751,neutral
lc8odd,wallstreetbets,post,1612416952,neutral
lras6e,2007scape,post,1614166638,negative
lo1700,AskModerators,post,1613802835,negative
lnlqv6,Bestbuy,post,1613756459,negative
lrl9ak,Borderlands,post,1614195067,neutral
lo2zo2,Eve,post,1613810534,negative
ldz86g,FifaCareers,post,1612623671,negative
llj3dr,KoreanFood,post,1613526261,neutral
llmnlp,KoreanFood,post,1613538347,positive
lh8usz,OutOfTheLoop,post,1613004864,negative
lli0c9,Scams,post,1613522660,neutral
lqban0,WritingPrompts,post,1614061454,neutral
la20p5,XRP,post,1612182660,negative
lslbj4,bisexual,post,1614299432,neutral
lhe86m,chomsky,post,1613022900,negative
lfizja,danganronpa,post,1612810905,neutral
ltr85p,devils,post,1614442096,neutral
lg6o32,discordapp,post,1612887115,neutral
lo7kfo,discordapp,post,1613829205,neutral
lpfkd6,exmormon,post,1613969935,neutral
ltuntx,forhonor,post,1614451847,negative
la8m9l,forsen,post,1612200336,neutral
l9st1q,gtaonline,post,1612147401,neutral
lk9aug,gtaonline,post,1613377567,neutral
llb6d1,gtaonline,post,1613502790,negative
ltnthi,gtaonline,post,1614431416,negative
ltnu70,gtaonline,post,1614431478,neutral
lhpuad,modhelp,post,1613064877,neutral
lod4w7,modhelp,post,1613845272,negative
ljk4tb,prolife,post,1613288462,negative
ljrb0m,prolife,post,1613319388,negative
ljrfu5,prolife,post,1613319780,negative
lse1xr,rant,post,1614279718,negative
lse3dh,rant,post,1614279818,negative
lh651s,redditrequest,post,1612997148,neutral
lex7qp,redditrequest,post,1612736655,neutral
lbul58,redditrequest,post,1612377361,neutral
lpb08m,stopdrinking,post,1613954673,negative
lk8obq,unpopularopinion,post,1613374945,negative
lc6qq3,wallstreetbets,post,1612410470,negative
ldd3t4,wallstreetbets,post,1612548238,positive
lc6io9,Advice,post,1612409731,neutral
lb8dgw,AskNYC,post,1612304631,neutral
lmxk80,CFB,post,1613683158,neutral
lte3ju,CFB,post,1614392876,neutral
la2x6y,Comcast_Xfinity,post,1612185731,neutral
lphc9x,Comcast_Xfinity,post,1613976266,neutral
ln3m84,GayKink,post,1613699690,neutral
lkd2zj,Rainbow6,post,1613393554,neutral
lajd7h,ShadowBan,post,1612227382,neutral
libzb8,Trophies,post,1613139749,neutral
lnukas,USPS,post,1613780537,negative
lqvx8p,Watches,post,1614121831,negative
laqscf,adoptareddit,post,1612253246,neutral
ltvgu8,adoptareddit,post,1614454314,neutral
lolx20,ak47,post,1613871112,positive
ls8x01,anarchy,post,1614266505,neutral
lcuw2p,aspergers,post,1612485452,negative
lstrgi,awfuleverything,post,1614330163,negative
lb1rrk,chicagobulls,post,1612288298,neutral
luoqep,circlejerk,post,1614541901,neutral
lgiwml,conspiracy,post,1612921030,negative
lo55i8,dankmemes,post,1613820001,negative
laut1v,discordapp,post,1612270372,neutral
ldkf4r,dogecoin,post,1612567889,negative
lil81r,foreskin_restoration,post,1613165273,positive
ldx3aa,pcmasterrace,post,1612615886,negative
lr4u85,redditmobile,post,1614144944,neutral
llcwv5,redditrequest,post,1613507560,neutral
lobkh5,redditrequest,post,1613841059,neutral
lpgt31,redditrequest,post,1613974372,neutral
li8nrk,redditrequest,post,1613126753,neutral
lkrkvo,redditrequest,post,1613436052,neutral
lalkc7,redditrequest,post,1612234080,negative
ln1npt,redditrequest,post,1613693971,neutral
ldcjwx,redditrequest,post,1612546829,neutral
lebjj3,redditrequest,post,1612659646,neutral
lq3xpm,redditrequest,post,1614038562,neutral
lsk2j5,redditrequest,post,1614295784,neutral
lo5a7u,redditrequest,post,1613820544,neutral
lh6n4r,redditrequest,post,1612998484,neutral
lj7kdz,redditrequest,post,1613245339,neutral
lnhrm1,teenagers,post,1613746577,neutral
ls7344,teenagers,post,1614261299,neutral
lggo0v,teenagers,post,1612913938,negative
l9xgnr,wallstreetbets,post,1612163685,positive
lampjz,wallstreetbets,post,1612237839,neutral
lmsw4z,wow,post,1613671406,negative
lh615p,2007scape,post,1612996854,positive
lcwlxi,CoinBase,post,1612490529,negative
lal2kg,GoForGold,post,1612232462,negative
lf82qg,NoStupidQuestions,post,1612775551,neutral
lkm458,OfficeDepot,post,1613420284,neutral
lgn2rd,PCOS,post,1612935918,neutral
lt2oxd,PewdiepieSubmissions,post,1614360026,negative
lcibz6,Political_Revolution,post,1612453215,positive
lghdgb,SCJerk,post,1612916059,negative
lgheh6,SCJerk,post,1612916149,negative
lghg15,SCJerk,post,1612916286,negative
lghgw0,SCJerk,post,1612916362,negative
ljlis8,SCJerk,post,1613295557,neutral
ltpxjc,ShingekiNoKyojin,post,1614438266,negative
lnqyps,SuicideWatch,post,1613770346,neutral
lgl3hi,Undertale,post,1612928474,neutral
lqswws,Undertale,post,1614114016,neutral
lt1yek,Undertale,post,1614358633,neutral
lfvu41,Vent,post,1612849678,negative
lf71u3,ethtrader,post,1612770935,negative
lowqv4,fnafcringe,post,1613912890,negative
lse4bv,fnafcringe,post,1614279886,negative
lrbggn,golf,post,1614168947,neutral
lk9a7h,hajimenoippo,post,1613377497,negative
lpptak,ios,post,1614005488,neutral
lf70ud,netflix,post,1612770816,negative
lt1z6i,rant,post,1614358691,negative
lnhhr7,redditrequest,post,1613745840,neutral
lbctck,redditrequest,post,1612317748,neutral
lfmkvr,redditrequest,post,1612820287,neutral
lgcnif,redditrequest,post,1612902601,neutral
lupd86,redditrequest,post,1614543500,neutral
lmv1j8,redditrequest,post,1613676711,neutral
lmyxpm,redditrequest,post,1613686648,neutral
ll2r5l,redditrequest,post,1613478320,neutral
lla0tj,redditrequest,post,1613499697,neutral
ldczge,redditrequest,post,1612547951,neutral
lmbm7i,stocks,post,1613615815,neutral
lhaod4,teenagers,post,1613010477,neutral
ljcdy9,tumblr,post,1613259941,neutral
lc8uvl,wallstreetbets,post,1612417612,negative
lcxcrr,wallstreetbets,post,1612492601,negative
lcxrlw,wallstreetbets,post,1612493897,negative
lpyvie,wallstreetbets,post,1614025547,neutral
ldyof4,wallstreetbets,post,1612621847,neutral
laioqg,2007scape,post,1612225436,neutral
lqkzgo,6thForm,post,1614094091,neutral
lhvjll,ADHD,post,1613079603,positive
lc0x1f,Bitcoin,post,1612393253,negative
lslair,Bitcoin,post,1614299350,neutral
lssn1j,Bitcoin,post,1614325035,neutral
lbiczs,Brawlstars,post,1612337521,neutral
lkf6yx,Brawlstars,post,1613400839,neutral
ld4al0,CoinBase,post,1612520223,neutral
ls1n7i,CombatFootage,post,1614240882,neutral
le733u,CryptoCurrency,post,1612646287,positive
llwi9c,FellowKids,post,1613574422,neutral
lm5eek,FellowKids,post,1613597834,positive
lrqpgw,HannibalTV,post,1614210491,positive
lbuesl,Minecraft,post,1612376942,negative
lhr5hn,NintendoSwitch,post,1613068296,negative
lmm3b8,NintendoSwitch,post,1613652717,negative
lpyu1k,NintendoSwitch,post,1614025459,negative
le6g8u,PrequelMemes,post,1612644475,negative
lfwusq,angelsbaseball,post,1612853851,neutral
lai2ix,conspiracy,post,1612223686,negative
leh7pk,conspiracy,post,1612679761,neutral
lg5i8s,conspiracy,post,1612883963,negative
lj1hzl,conspiracy,post,1613226514,negative
lms9sl,conspiracy,post,1613669755,neutral
lmsao9,conspiracy,post,1613669809,neutral
lmscjs,conspiracy,post,1613669947,neutral
ln1gre,conspiracy,post,1613693425,negative
lnxzpp,conspiracy,post,1613791353,negative
loifk8,conspiracy,post,1613860317,negative
ltx52d,conspiracy,post,1614459406,neutral
ltx5at,conspiracy,post,1614459427,neutral
ltx5gw,conspiracy,post,1614459442,neutral
ltx5mp,conspiracy,post,1614459459,neutral
ltx66y,conspiracy,post,1614459508,neutral
lty5da,conspiracy,post,1614462541,negative
lu8rs9,conspiracy,post,1614492564,negative
lmby4o,copypasta,post,1613616859,negative
ldvfhj,dogecoin,post,1612608442,negative
lacsgw,expats,post,1612210326,neutral
lc6jnx,help,post,1612409824,neutral
lsq6pc,ideasfortheadmins,post,1614314935,neutral
lnqhde,orlando,post,1613768789,negative
ln0bp2,pagan,post,1613690289,neutral
lmrhzh,redditrequest,post,1613667831,neutral
lee30l,redditrequest,post,1612667784,neutral
lhd3q0,redditrequest,post,1613018623,neutral
ln551k,redditrequest,post,1613704226,neutral
ls0bwb,redditrequest,post,1614235567,neutral
lamp23,redditrequest,post,1612237793,neutral
lausnn,runescape,post,1612270337,neutral
lbyy5l,swordartonline,post,1612388062,neutral
lbfqpu,tabletopsimulator,post,1612327257,negative
lmwdbw,trashy,post,1613680124,negative
lc8qfi,wallstreetbets,post,1612417163,negative
lb0v4s,wallstreetbets,post,1612286076,neutral
lckrrp,wallstreetbets,post,1612459330,negative
ldoit5,wallstreetbets,post,1612580956,negative
lcfhkv,wallstreetbets,post,1612444838,negative
lkki1s,wallstreetbets,post,1613415894,negative
lfo08h,wallstreetbets,post,1612824227,negative
lbx1xd,zec,post,1612383344,neutral
lc5no3,ABCDesis,post,1612407092,neutral
le5278,AskReddit,post,1612640494,neutral
lhf2xz,Bestbuy,post,1613026498,neutral
lcmzjp,FreeKarma4U,post,1612464980,negative
lmjtm2,LoLChampConcepts,post,1613644462,neutral
lediei,Nepal,post,1612665899,neutral
lg8397,Random_Acts_Of_Amazon,post,1612890845,neutral
lgkmtp,StockMarket,post,1612926849,negative
lafqxf,anime,post,1612217541,neutral
lcrnoa,conspiracy,post,1612476632,negative
ldi7e4,discordapp,post,1612561723,neutral
ldis31,discordapp,post,1612563299,negative
lf3ruw,discworld,post,1612757805,neutral
la3qyu,dogecoin,post,1612188269,neutral
lgswjv,dogecoin,post,1612961187,positive
lukki3,findareddit,post,1614531309,negative
lpvcpd,gaming,post,1614017335,neutral
lfinav,karma,post,1612810013,negative
lr6jnk,meme,post,1614151092,neutral
lay9ro,modhelp,post,1612279932,neutral
l9sys4,redditrequest,post,1612147925,neutral
ll3lac,redditrequest,post,1613481432,neutral
lkufuo,redditrequest,post,1613445316,neutral
lbe5cu,redditrequest,post,1612321985,neutral
lmw6ok,samsung,post,1613679630,neutral
la2l9v,stopdrinking,post,1612184641,neutral
lgl7zb,thedivision,post,1612928917,neutral
lkqq2k,unpopularopinion,post,1613433376,negative
ld4tj5,wallstreetbets,post,1612522655,negative
lc8d37,wallstreetbets,post,1612415823,negative
lcsrm0,wallstreetbets,post,1612479612,positive
ld3s9c,Animemes,post,1612517976,neutral
lnejnm,AtlantaTV,post,1613737125,neutral
lp0tks,AutoModerator,post,1613925522,neutral
lfdeao,CryptoCurrencies,post,1612795972,negative
lfnkr2,CryptoMarkets,post,1612822993,negative
l9q78q,FortNiteBR,post,1612139235,negative
lhghjw,JUSTNOFAMILY,post,1613032857,negative
lhm59a,Minecraft,post,1613054792,negative
lf7h2l,ModSupport,post,1612772789,negative
lkag84,NintendoSwitch,post,1613382630,neutral
lbfym3,Paranormal,post,1612328040,neutral
lomnla,Parenting,post,1613873642,negative
lm5dm6,TwoBestFriendsPlay,post,1613597780,neutral
lgaq3w,TwoXChromosomes,post,1612897551,neutral
ld0zvl,Winnipeg,post,1612505468,negative
lpeem8,YUROP,post,1613965938,negative
lcyqb3,anime,post,1612497052,neutral
llnpo8,gonwild,post,1613542388,neutral
lrqigd,gonwild,post,1614209955,neutral
lc8v7e,meme,post,1612417645,neutral
letigq,normalnudes,post,1612726176,neutral
lh2emc,normalnudes,post,1612987439,neutral
lhorlj,northernireland,post,1613062056,negative
lslq79,pokemongo,post,1614300701,neutral
lc8egp,promote,post,1612415961,neutral
liggcd,redditrequest,post,1613152323,neutral
lasktn,redditrequest,post,1612261216,neutral
lp3rve,redditrequest,post,1613933612,neutral
lj20q3,redditrequest,post,1613228395,neutral
ld7s6s,redditrequest,post,1612533896,neutral
lgx72r,redditrequest,post,1612974101,neutral
loxaua,redditrequest,post,1613914912,neutral
lcuh0p,scifiwriting,post,1612484214,neutral
ldf37r,shortscarystories,post,1612553306,negative
lqmxrx,unpopularopinion,post,1614098971,negative
lkj2i2,water,post,1613412008,negative
llw24n,zec,post,1613573203,neutral
les93l,23andme,post,1612722648,negative
liu5qv,AskReddit,post,1613194248,neutral
livgam,AskReddit,post,1613199535,neutral
ll73e2,BPD,post,1613491820,positive
lc82fu,CoinBase,post,1612414859,negative
lbr9iu,FortNiteBR,post,1612369354,negative
lsib9d,conspiracy,post,1614290961,negative
lp745y,conspiracy,post,1613942963,negative
lcxrew,dogecoin,post,1612493877,neutral
lgf0hz,dogecoin,post,1612909044,negative
lirrg6,meme,post,1613185457,negative
l9z1of,memes,post,1612170424,neutral
llj970,modhelp,post,1613526832,neutral
lfmzls,redditrequest,post,1612821384,neutral
luggh8,redditrequest,post,1614520013,neutral
lt7kjk,redditrequest,post,1614372847,neutral
lc7a3x,redditrequest,post,1612412235,neutral
laahqz,rpg,post,1612204784,positive
lfld28,sanantonio,post,1612817099,negative
lm54xq,sanantonio,post,1613597144,negative
llzl6w,sandiego,post,1613582507,negative
lcuslh,vexillologycirclejerk,post,1612485183,negative
lhgbx0,wallstreetbets,post,1613032121,negative
lbvxiy,wallstreetbets,post,1612380606,negative
lcwaoe,wallstreetbets,post,1612489634,negative
ljrtgu,yaoi,post,1613320869,neutral
lpsram,2007scape,post,1614011440,neutral
ln8vbo,ApplyingToCollege,post,1613715867,neutral
li0ty4,AskReddit,post,1613094814,neutral
law8up,AskReddit,post,1612274944,negative
lbtkc4,AskReddit,post,1612374964,neutral
lpk3s8,AskReddit,post,1613986824,negative
lpk5eo,AskReddit,post,1613986981,negative
lpk5r3,AskReddit,post,1613987018,neutral
lcpn7l,CrusaderKings,post,1612471553,neutral
lru4z4,Dota2Trade,post,1614217694,neutral
lcjjv8,ForeverAlone,post,1612456328,negative
lcildj,FortNiteBR,post,1612453896,negative
lmq1l1,NSFW411,post,1613664195,positive
leqa4n,NoFap,post,1612717029,neutral
loeo5m,PS4,post,1613849394,negative
lgnzon,Poetry,post,1612939690,neutral
limdsa,Sims4,post,1613168639,neutral
lb7087,angry,post,1612301410,negative
lsiek4,binance,post,1614291202,negative
lk9jx8,britishmilitary,post,1613378718,neutral
liimjv,creepy,post,1613158009,neutral
ltwj59,dankmemes,post,1614457504,negative
lroa8w,drums,post,1614204232,neutral
lkou1r,falloutshelter,post,1613427837,negative
lgliwt,fleshlight,post,1612929995,neutral
lukzi3,fnafcringe,post,1614532349,negative
lhoy4u,geology,post,1613062552,negative
lrvrdz,ideasfortheadmins,post,1614220914,negative
le7hw9,islam,post,1612647521,neutral
lfm2bz,islam,post,1612818925,neutral
lpx3q8,memes,post,1614021366,neutral
lnp8qu,memes,post,1613765383,negative
l9xwl7,motorcycles,post,1612165594,neutral
lqxdaj,neoliberal,post,1614124939,negative
lkmv8a,options,post,1613422362,negative
lnt38b,options,post,1613776316,neutral
lljnet,redditrequest,post,1613528141,neutral
lqoake,redditrequest,post,1614102341,neutral
lmt8tq,subnautica,post,1613672241,negative
lmt9ta,subnautica,post,1613672309,negative
lqwk36,unpopularopinion,post,1614123246,neutral
ldbdly,wallstreetbets,post,1612543911,negative
lc84qx,wallstreetbets,post,1612415060,negative
lpkq68,DestinyTheGame,post,1613989359,negative
ljzo2a,FIFA,post,1613343725,neutral
lbvfhb,IBD,post,1612379374,negative
ldzj89,Kirby,post,1612624628,neutral
lf2cnq,Memes_Of_The_Dank,post,1612753149,negative
ldkwo9,Nude_Selfie,post,1612569354,neutral
luiqzk,Piracy,post,1614526513,negative
lol6oj,SLO,post,1613868735,negative
laq2z9,Steam,post,1612250155,negative
lrn38q,Steam,post,1614199685,neutral
lbz4c1,TF2fashionadvice,post,1612388479,positive
lhbypp,Ultralight,post,1613014602,neutral
lh9hro,blogsnark,post,1613006806,negative
lfqgo6,bugs,post,1612831457,neutral
ln9gyk,carporn,post,1613717985,negative
ls8k9s,cfs,post,1614265589,neutral
ljplkx,conspiracy,post,1613313800,negative
lmv3g6,copypasta,post,1613676847,negative
labkc0,dogecoin,post,1612207333,neutral
lbpwv9,explainlikeimfive,post,1612365867,neutral
ldcop5,explainlikeimfive,post,1612547176,negative
ljrjhm,explainlikeimfive,post,1613320076,neutral
ldj4g4,findareddit,post,1612564244,neutral
ll85se,hacking,post,1613494721,neutral
ln0o4p,karma,post,1613691249,neutral
l9pty9,lakers,post,1612138123,neutral
ll40a9,learnpython,post,1613482889,neutral
lfl4ua,memes,post,1612816500,negative
labx3q,minimalism,post,1612208196,neutral
lk40eb,modhelp,post,1613357678,neutral
lafc5h,redditrequest,post,1612216523,neutral
lrpjrb,redditrequest,post,1614207416,neutral
lqha8r,redditrequest,post,1614083264,neutral
lnfa7u,redditrequest,post,1613739617,neutral
lu2l60,teenagers,post,1614476963,neutral
lfggsc,teenagers,post,1612804278,negative
lr4wbu,teenagers,post,1614145146,negative
luq6oy,wallstreetbets,post,1614545627,neutral
lc93mu,wallstreetbets,post,1612418510,positive
lsdst8,wallstreetbets,post,1614279095,neutral
ldg3nb,wallstreetbets,post,1612555930,negative
lpnwif,Doom,post,1614000251,neutral
lmv3t4,GoForGold,post,1613676872,neutral
lbph4n,Handwriting,post,1612364714,neutral
lk3n96,JUSTNOMIL,post,1613356423,neutral
lkl0nz,KitchenConfidential,post,1613417303,neutral
lqod2f,ModSupport,post,1614102521,neutral
lcezo9,Monitors,post,1612443163,negative
lk4sug,Monitors,post,1613360333,negative
l9u3zv,Undertale,post,1612151621,neutral
ldfwcj,deadisland,post,1612555419,neutral
ln5krd,discordapp,post,1613705573,neutral
lgokst,dogecoin,post,1612942272,neutral
limlyv,help,post,1613169310,neutral
lnmdm8,help,post,1613758130,neutral
lq0aok,memes,post,1614028899,neutral
lskusm,modhelp,post,1614298042,neutral
lhlpts,mormon,post,1613053561,neutral
lf5hmf,nyjets,post,1612764175,neutral
li4d6n,painting,post,1613106968,neutral
li07vh,pyrocynical,post,1613092861,neutral
levspo,redditrequest,post,1612732645,neutral
la19e4,redditrequest,post,1612179725,neutral
lr8xl1,redditrequest,post,1614159973,neutral
lnzau8,redditrequest,post,1613795776,neutral
lh56ey,runescape,post,1612994536,negative
liwz55,slimerancher,post,1613206417,neutral
lrr2dr,softwaregore,post,1614211450,negative
lccci2,spirituality,post,1612432104,neutral
lkmrp5,teenagers,post,1613422094,neutral
lftdh9,unpopularopinion,post,1612840817,negative
ld2wt0,wallstreetbets,post,1612513856,negative
lkph0s,yugioh,post,1613429701,negative
lgtcm0,AnimalCrossing,post,1612962765,negative
lhuln9,CoinBase,post,1613077173,neutral
lswopw,CryptoCurrencies,post,1614342271,neutral
loty6z,Destiny,post,1613901472,negative
lf2hze,Fallout,post,1612753609,neutral
lfxirf,Fallout,post,1612856739,neutral
lie0k7,Fallout,post,1613145761,negative
lmp3wb,Fallout,post,1613661732,neutral
lmwfyj,FalloutMods,post,1613680319,neutral
lg4t2s,JustUnsubbed,post,1612882003,neutral
lpdjk4,Libertarian,post,1613962989,negative
llhi1f,MakeNewFriendsHere,post,1613520978,neutral
lpazro,NBA2k,post,1613954632,negative
le0tmu,NatureIsFuckingLit,post,1612628517,negative
lhgjjx,NoStupidQuestions,post,1613033121,neutral
lc8fjb,Showerthoughts,post,1612416071,negative
lnhc34,Twitter,post,1613745418,neutral
la8ygq,XRP,post,1612201133,neutral
ljnnl7,assassinscreed,post,1613306242,negative
lgloer,badphilosophy,post,1612930538,positive
lletd6,dankmemes,post,1613512855,positive
lbeyec,dogecoin,post,1612324644,positive
lgl7on,gaybears,post,1612928885,negative
lcim5n,hockeyplayers,post,1612453954,neutral
lse30y,minecraftsuggestions,post,1614279794,negative
ldurve,modhelp,post,1612606050,neutral
lf93lk,modhelp,post,1612780209,neutral
lpcn51,rant,post,1613960024,negative
lpsnox,redditrequest,post,1614011196,neutral
lb9ivq,redditrequest,post,1612307778,negative
la4uvz,redditrequest,post,1612191366,negative
layeqr,redditrequest,post,1612280284,neutral
lfgi3s,redditrequest,post,1612804375,neutral
lnyjxm,redditrequest,post,1613793243,neutral
lreaud,redditrequest,post,1614177334,neutral
lai7gk,redditrequest,post,1612224063,neutral
lhqsog,redditrequest,post,1613067355,neutral
leshgy,redditrequest,post,1612723294,neutral
lbx9ks,russia,post,1612383890,neutral
lmrz8p,shittydarksouls,post,1613669013,neutral
lnhj7o,shittydarksouls,post,1613745951,neutral
lo9py4,shittydarksouls,post,1613835884,neutral
lpu6ce,shittydarksouls,post,1614014653,neutral
lo4fat,southafrica,post,1613816888,neutral
lalou6,wallstreetbets,post,1612234488,neutral
la81dt,wallstreetbets,post,1612198968,neutral
lc81q3,wallstreetbets,post,1612414810,negative
lgvw8b,wallstreetbets,post,1612970561,neutral
lo8u3f,wallstreetbets,post,1613833271,positive
lhglv6,wallstreetbets,post,1613033435,neutral
lc8ryd,youseeingthisshit,post,1612417313,negative
lf9y8w,AskReddit,post,1612783974,neutral
lclh74,Assistance,post,1612461141,neutral
lqy09m,Atlanta,post,1614126288,negative
leraiz,Brawlstars,post,1612719979,neutral
lbrron,Brewers,post,1612370641,positive
lg0hly,Coldplay,post,1612868458,neutral
lh0ks2,GrandTheftAutoV,post,1612982793,neutral
lp4nc6,JoeRogan,post,1613936058,negative
lfx6bf,NoStupidQuestions,post,1612855202,neutral
ldczar,ProgrammerHumor,post,1612547939,neutral
ljlh5z,SoundsLikeMusic,post,1613295305,negative
l9teg7,dankmemes,post,1612149298,neutral
lmyosg,dankmemes,post,1613685997,neutral
lma56a,dogecoin,post,1613611241,negative
lma69o,dogecoin,post,1613611339,negative
lfutko,florida,post,1612845871,negative
ls36eo,help,post,1614247217,neutral
lqgbkq,ideasfortheadmins,post,1614080006,neutral
ltd4q1,leagueoflegends,post,1614389733,negative
ldax0f,lgbt,post,1612542725,positive
lgvtrs,mildlyinfuriating,post,1612970370,negative
lrjxe7,modhelp,post,1614191702,neutral
lsir9s,redditrequest,post,1614292165,neutral
lknew2,redditrequest,post,1613423835,negative
ld7nl5,redditrequest,post,1612533532,neutral
llfie2,redditrequest,post,1613514866,neutral
lmz9xi,redditrequest,post,1613687514,neutral
lcjsft,redditrequest,post,1612456917,neutral
ldsdbi,redditrequest,post,1612596228,neutral
lk9auf,runescape,post,1613377567,neutral
lkluaj,runescape,post,1613419542,neutral
lkz1n0,runescape,post,1613461946,neutral
ll0x0k,runescape,post,1613470461,neutral
llf8jb,runescape,post,1613514066,neutral
ln0y1t,runescape,post,1613692011,neutral
lh2l5a,surrealmemes,post,1612987868,neutral
lnl80y,teenagers,post,1613755166,neutral
la7zhb,teenagers,post,1612198854,negative
laxfxl,wallstreetbets,post,1612277986,neutral
laxvpz,wallstreetbets,post,1612279004,negative
le9xyv,wallstreetbets,post,1612654758,negative
layenq,wallstreetbets,post,1612280278,neutral
l9s246,wallstreetbets,post,1612145025,neutral
lsh70v,wallstreetbets,post,1614287961,negative
lp3su6,2007scape,post,1613933684,neutral
lboiqr,2007scape,post,1612362058,neutral
lp7onw,AskOuija,post,1613944648,neutral
lcbhru,Barca,post,1612428310,neutral
lh8709,CannabisExtracts,post,1613002860,negative
lt50m7,Dodge,post,1614366010,negative
lmp6uo,Needafriend,post,1613661947,neutral
ldlf3v,Omaha,post,1612570858,neutral
lel30u,PhantomForces,post,1612698680,neutral
lub695,PvZGardenWarfare,post,1614501929,negative
laeu9q,Random_Acts_Of_Amazon,post,1612215291,positive
lt4ou9,Yogscast,post,1614365146,neutral
levwqh,androiddev,post,1612732970,negative
lt1x3p,bostonceltics,post,1614358530,neutral
lfni2i,curvy,post,1612822784,neutral
ls7b4j,dankmemes,post,1614261979,negative
lflosf,etiquette,post,1612817966,neutral
lqr2pv,golf,post,1614109299,neutral
lba4al,ideasfortheadmins,post,1612309520,neutral
lntl0v,loltyler1,post,1613777703,neutral
lrr2cg,motorcycles,post,1614211448,neutral
leruk5,pennystocks,post,1612721530,neutral
ldgk4g,redditrequest,post,1612557199,neutral
lf2i0t,redditrequest,post,1612753614,neutral
lf0rph,redditrequest,post,1612747615,neutral
liuokl,redditrequest,post,1613196299,neutral
lb8mdz,redditrequest,post,1612305284,neutral
lpu070,redditrequest,post,1614014263,neutral
lnrvqu,socialjustice101,post,1613772982,neutral
lp3d6c,transgendercirclejerk,post,1613932447,negative
ll7qyp,unpopularopinion,post,1613493619,negative
lc86y1,wallstreetbets,post,1612415245,neutral
lf657e,wallstreetbets,post,1612766941,negative
lchk9t,wallstreetbets,post,1612451126,negative
lc71kn,wallstreetbets,post,1612411473,negative
lcx7i3,wallstreetbets,post,1612492193,negative
l9yriv,wallstreetbets,post,1612169261,neutral
lcnv1v,wallstreetbets,post,1612467106,negative
letspr,worldpowers,post,1612726977,positive
lf09kw,zen,post,1612745992,negative
lcu8jv,2b2t,post,1612483568,negative
lfl93w,2b2t,post,1612816813,neutral
ltbljb,2b2t,post,1614384620,negative
l9r1as,AskHistorians,post,1612141802,positive
lc6xm4,BokuNoHeroAcademia,post,1612411133,neutral
lddzdz,CallOfDuty,post,1612550479,negative
ltwxe4,Fishing,post,1614458708,neutral
lika6n,HistoryMemes,post,1613162630,negative
ljneor,JDM,post,1613305125,positive
ln9u6h,LigaMX,post,1613719319,neutral
lqworp,RocketLeague,post,1614123520,negative
lel4p7,Superbowl,post,1612698917,neutral
lb1d6c,TrueOffMyChest,post,1612287292,negative
la7xpy,attackontitan,post,1612198759,negative
lopvre,deadbydaylight,post,1613885088,negative
lni7qz,leagueoflegends,post,1613747717,neutral
lbtew1,modhelp,post,1612374610,neutral
lt0jon,modhelp,post,1614354864,neutral
lr5ksb,modhelp,post,1614147522,neutral
len8gi,pennystocks,post,1612707329,neutral
leraf8,pinkfloyd,post,1612719969,neutral
ltf063,questions,post,1614395905,neutral
li86kc,redditrequest,post,1613124526,neutral
lnz3nd,redditrequest,post,1613795094,neutral
lktk1a,redditrequest,post,1613442504,neutral
lcc6cl,redditrequest,post,1612431327,neutral
le5frn,redditrequest,post,1612641567,neutral
le7gog,redditrequest,post,1612647413,neutral
ll9ri0,redditrequest,post,1613498992,neutral
lsosf1,redditrequest,post,1614310045,neutral
laakp2,secretsanta,post,1612204978,neutral
ld8gdi,theratio,post,1612535930,negative
ljkyh3,titanfall,post,1613292640,neutral
lhu8u2,trapmuzik,post,1613076249,negative
lmkpat,trashy,post,1613647795,negative
lbbky0,unixporn,post,1612313972,negative
lcq13z,vegetarian,post,1612472473,neutral
le7hc8,wallstreetbets,post,1612647471,neutral
lafloa,wallstreetbets,post,1612217161,neutral
lagijk,wallstreetbets,post,1612219499,neutral
lcgo6k,wallstreetbets,post,1612448581,neutral
lc8j72,wallstreetbets,post,1612416430,negative
lonwdt,AskReddit,post,1613878002,neutral
lhyo0i,EscapefromTarkov,post,1613088216,neutral
luov30,Eugene,post,1614542242,neutral
levwum,FortNiteBR,post,1612732980,negative
ln17ct,G59,post,1613692729,neutral
lp8pwe,HVAC,post,1613947633,negative
le5do9,KansasCityChiefs,post,1612641387,neutral
llcigp,MDMA,post,1613506456,neutral
lpxqzf,ModSupport,post,1614022887,neutral
labjxp,OCD,post,1612207308,neutral
li7r4x,PKA,post,1613122558,negative
lbldcg,ReefTank,post,1612350816,negative
lsb1qi,RocketLeague,post,1614272020,neutral
lmyw7r,UVA,post,1613686540,negative
lb12v9,Ultralight,post,1612286600,neutral
lmeeao,berlin,post,1613624895,neutral
ldx13s,darksouls3,post,1612615631,negative
ls9fk6,darksouls3,post,1614267864,neutral
lk6i8j,glutenfree,post,1613366385,neutral
lgmbkv,lgbt,post,1612933037,positive
lreqm2,redditrequest,post,1614178537,negative
ljn530,redditrequest,post,1613303940,neutral
lim2cs,redditrequest,post,1613167687,neutral
lcawhx,redditrequest,post,1612425900,neutral
ll6fa1,redditrequest,post,1613490057,neutral
laqjd9,relationship_advice,post,1612252155,neutral
ld1yir,sanfrancisco,post,1612509580,neutral
llb2to,secretsanta,post,1613502519,neutral
llnomk,selfimprovement,post,1613542272,negative
lktmuo,shrooms,post,1613442774,neutral
lpsh0y,softwaregore,post,1614010790,negative
lh8c2c,teenagers,post,1613003307,neutral
llki8t,teenagers,post,1613530941,negative
lg250p,teenagers,post,1612872935,negative
lm97si,wallstreetbets,post,1613608478,negative
lc44qo,wallstreetbets,post,1612402460,negative
ld76uw,wallstreetbets,post,1612531980,positive
lc98wf,wallstreetbets,post,1612419053,negative
ln2m7h,AskReddit,post,1613696721,neutral
lk9doj,DestinyTheGame,post,1613377903,neutral
lf1q4z,DotA2,post,1612750723,negative
lt6j9q,ModSupport,post,1614370011,negative
lgvhb7,NintendoSwitch,post,1612969434,negative
lfuhf6,OldSchoolCool,post,1612844638,negative
lq5535,RandomActsofCards,post,1614042106,positive
lp75xn,Tinder,post,1613943103,negative
lqey0k,Tinder,post,1614074787,negative
lnl49j,chelseafc,post,1613754923,positive
lkz0sh,conspiracy,post,1613461851,negative
lsjgka,dankmemes,post,1614294090,negative
lhzgm0,dankmemes,post,1613090588,negative
ldnees,dogecoin,post,1612577157,neutral
ld1m16,dogecoin,post,1612508088,neutral
ljpno0,greenday,post,1613314006,neutral
locvcq,help,post,1613844556,neutral
lmtj4x,inthenews,post,1613672952,neutral
lq879r,inthenews,post,1614051487,neutral
los4dq,ipad,post,1613893911,neutral
lhs8k4,modhelp,post,1613071112,negative
lg49om,pcmasterrace,post,1612880360,neutral
la5x86,ptcgo,post,1612193959,neutral
ljc41q,redditrequest,post,1613259041,neutral
lrlirk,redditrequest,post,1614195741,neutral
ld9qzp,redditrequest,post,1612539536,neutral
lm6o1u,redditrequest,post,1613601283,neutral
lc74zh,stocks,post,1612411769,negative
ldmv9j,tipofmytongue,post,1612575420,neutral
lb0tr9,truerateme,post,1612285991,neutral
lu8av3,unpopularopinion,post,1614491525,negative
lgnwim,uofm,post,1612939299,neutral
ls09nm,vandwellers,post,1614235309,negative
lckuaq,wallstreetbets,post,1612459507,neutral
ldzy5p,wallstreetbets,post,1612625940,neutral
lag480,whatsthisrock,post,1612218484,neutral
lcsjru,worldpolitics,post,1612479014,positive
liv87o,zen,post,1613198567,negative
ls9mss,zen,post,1614268389,neutral
lc550c,AskReddit,post,1612405498,neutral
lli3t1,AutoModerator,post,1613522979,neutral
lt178o,CryptoCurrency,post,1614356684,neutral
llqkny,FreeSpeech,post,1613554017,neutral
liedxt,IndiaSpeaks,post,1613146808,negative
ljv2tn,ModSupport,post,1613330127,neutral
lg7we3,NiceHash,post,1612890340,neutral
lue287,Showerthoughts,post,1614512781,negative
lklzc7,SonicTheHedgehog,post,1613419919,negative
lmgluz,SquaredCircle,post,1613632333,negative
lgn8rz,Twitch,post,1612936584,negative
lgh4cp,antinatalism,post,1612915290,neutral
lji4os,bakchodi,post,1613280090,neutral
lau5gn,btc,post,1612267854,neutral
lepot1,btc,post,1612715272,neutral
ljjnn3,btc,post,1613286374,negative
ldydk2,dankmemes,post,1612620821,negative
lenh3o,dankmemes,post,1612708172,neutral
ldk4f1,duolingo,post,1612566996,neutral
lf55jv,ethereum,post,1612762842,negative
lf5few,ethereum,post,1612763959,neutral
liwbth,findareddit,post,1613203340,negative
lnvruz,gofundme,post,1613784199,positive
lmk2q6,iamverybadass,post,1613645457,negative
lmk402,iamverybadass,post,1613645612,negative
losvmp,iamverybadass,post,1613896980,neutral
lqlpoz,karma,post,1614095967,neutral
lfoqbz,modhelp,post,1612826242,neutral
lrhfag,modhelp,post,1614185593,neutral
lnm9z4,rant,post,1613757844,negative
lpyto2,redditrequest,post,1614025435,neutral
lo5z0j,redditrequest,post,1613823344,neutral
ll46fn,redditrequest,post,1613483456,neutral
li8im9,science,post,1613126082,negative
lop4cl,steampunk,post,1613882301,neutral
lrodbn,teenagers,post,1614204447,neutral
lk7b9v,teenagers,post,1613369435,neutral
lgmt54,teenagers,post,1612934844,negative
lkqnlr,ussoccer,post,1613433160,neutral
lbawxa,wallstreetbets,post,1612311900,neutral
lat5ky,AskReddit,post,1612263777,neutral
leazjn,AskReddit,post,1612657904,neutral
lrnr2t,BillBurr,post,1614202703,negative
le0ugv,BipolarSOs,post,1612628586,neutral
ldr05q,DeadSpace,post,1612590209,neutral
lih8ng,DeadSpace,post,1613154353,neutral
ln3q9o,DestinyTheGame,post,1613700016,negative
lhvze6,Drugs,post,1613080803,positive
lsgtjy,Drugs,post,1614286953,neutral
lle22e,Fantasy_Football,post,1613510677,negative
lr1zyn,NoFap,post,1614135713,neutral
lhixp8,Twitch,post,1613043372,neutral
ljcymx,WatchRedditDie,post,1613261792,negative
lu1qfl,adultery,post,1614474175,neutral
lt0ysy,ainbow,post,1614356026,negative
ltfhgp,dankmemes,post,1614397546,negative
lm1ma4,dankmemes,post,1613587786,negative
lkmmrs,goth,post,1613421717,neutral
lluvel,help,post,1613569734,neutral
lbbmjn,help,post,1612314084,negative
lp197v,jailbreak,post,1613926721,neutral
laahq2,modhelp,post,1612204783,neutral
ldfg6i,nyc,post,1612554252,positive
lcttp5,oakland,post,1612482435,negative
ldwbdt,ontario,post,1612612566,negative
lkjjgh,redditrequest,post,1613413259,neutral
lkjl2t,redditrequest,post,1613413386,neutral
lksxsv,redditrequest,post,1613440477,neutral
lpdulr,redditrequest,post,1613964031,neutral
llg82z,redditrequest,post,1613516953,neutral
liwtta,redditrequest,post,1613205663,neutral
lgef4c,redditrequest,post,1612907369,neutral
lrw1mx,redditrequest,post,1614221487,neutral
lj4f3w,redditrequest,post,1613235937,neutral
lfmpsg,redditrequest,post,1612820643,neutral
lu76sb,redditrequest,post,1614489033,neutral
low1xn,reggae,post,1613910215,negative
lctlkq,teenagers,post,1612481799,negative
lebzmb,wallstreetbets,post,1612660999,negative
lgnm58,wallstreetbets,post,1612938076,neutral
lck5q2,wallstreetbets,post,1612457831,negative
lkcprk,ClashOfClans,post,1613392061,neutral
li8hpv,HollowKnight,post,1613125959,negative
lkgtu6,ModSupport,post,1613405717,neutral
lis9zj,Showerthoughts,post,1613187348,negative
lfsa0v,amiugly,post,1612837247,neutral
lhq6ud,dogecoin,post,1613065782,neutral
ljizwa,ghostbusters,post,1613283530,neutral
lkdy8t,marilyn_manson,post,1613396718,neutral
lm0su4,minimalism,post,1613585614,neutral
lh6vao,modhelp,post,1612999120,neutral
lu77ig,nukedmemes,post,1614489077,negative
lir27e,pennystocks,post,1613183025,neutral
lbt6v8,redditrequest,post,1612374061,neutral
lftw9w,redditrequest,post,1612842625,neutral
lqeg74,redditrequest,post,1614072897,neutral
lql3zi,redditrequest,post,1614094415,neutral
ls8bn3,redditrequest,post,1614264979,neutral
lrfqvy,redditrequest,post,1614181236,neutral
lohndf,tarantulas,post,1613857952,neutral
lsti48,transgendercirclejerk,post,1614328981,negative
lc8ker,wallstreetbets,post,1612416560,negative
le0nuq,wallstreetbets,post,1612628068,negative
ldyei0,wallstreetbets,post,1612620914,negative
ldyzat,wallstreetbets,post,1612622856,negative
lsivv5,wallstreetbets,post,1614292511,negative
lsixza,wallstreetbets,post,1614292672,negative
lan522,wallstreetbets,post,1612239229,neutral
lhp2s6,AskReddit,post,1613062876,neutral
lb9ddc,AskReddit,post,1612307333,negative
lu5pkw,AutoModerator,post,1614485828,neutral
lctmn0,Bitcoin,post,1612481885,negative
ldhd0t,DoesAnybodyElse,post,1612559378,negative
lm9muv,LoveNikki,post,1613609727,neutral
lixcpf,MyChemicalRomance,post,1613208197,neutral
lo4eu2,PewdiepieSubmissions,post,1613816826,neutral
lbhhnc,Pmsforsale,post,1612333787,neutral
ldhb4v,RocketLeagueExchange,post,1612559232,neutral
lubarm,Strava,post,1614502432,negative
legqs5,dankmemes,post,1612677732,negative
lhze7u,discordapp,post,1613090383,neutral
loraoe,dogecoin,post,1613890524,positive
luj5dm,dogecoin,post,1614527616,negative
lf80zr,ethereum,post,1612775333,negative
lfloa0,indianews,post,1612817929,negative
ll95ut,memes,post,1613497373,neutral
lr5dcm,memes,post,1614146813,neutral
lsk5lj,mildlyinfuriating,post,1614296028,negative
lsdnwj,modhelp,post,1614278743,neutral
lczkz8,options,post,1612500064,neutral
ll6nzm,pyrocynical,post,1613490685,negative
luh4cd,rant,post,1614521883,negative
lb1acb,redditrequest,post,1612287099,neutral
lavwrp,redditrequest,post,1612273971,neutral
lm8tne,redditrequest,post,1613607289,neutral
lln0d2,redditrequest,post,1613539657,neutral
lp010w,redditrequest,post,1613923346,neutral
lgwlli,redditrequest,post,1612972510,neutral
luhsxp,redditrequest,post,1614523954,neutral
lq5wrp,redditrequest,post,1614044425,neutral
l9xo9o,rupaulsdragrace,post,1612164586,neutral
lieekj,satanism,post,1613146857,neutral
ltoyvs,seduction,post,1614435261,positive
lefyee,teenagers,post,1612674552,neutral
laxahn,wallstreetbets,post,1612277622,neutral
lc8swd,wallstreetbets,post,1612417408,positive
lchul4,wallstreetbets,post,1612451918,neutral
lan4rc,wallstreetbets,post,1612239207,neutral
lc7kfv,wallstreetbets,post,1612413187,negative
lro5zl,AsiansGoneWild,post,1614203956,neutral
lu9xvt,BATProject,post,1614496964,negative
lsyi3w,CryptoCurrency,post,1614348864,neutral
ll5r6e,CryptoCurrency,post,1613488155,neutral
lc3dpy,HoustonClassifieds,post,1612400278,neutral
llda31,JustUnsubbed,post,1613508578,negative
l9taca,RBI,post,1612148935,neutral
ldbtsy,RocketLeague,post,1612545021,neutral
lddj0f,RocketLeagueExchange,post,1612549304,neutral
l9rj3v,Schizoid,post,1612143382,neutral
lldf47,Silverbugs,post,1613508957,positive
lfjscy,SocialJusticeInAction,post,1612813002,negative
lefg9b,Undertale,post,1612672635,neutral
lu2ux0,adventuretime,post,1614477878,negative
ln866j,autism,post,1613713545,neutral
lpltzf,csgo,post,1613993387,negative
lr2243,cyberpunkgame,post,1614135892,neutral
lb8gal,dancemoms,post,1612304903,neutral
lf1y9a,dogecoin,post,1612751449,neutral
ljaf48,firefox,post,1613253740,neutral
lecupt,mildlyinfuriating,post,1612663712,negative
lfb5vh,modhelp,post,1612788760,neutral
lh1ji8,nier,post,1612985286,neutral
lm6sjk,oakland,post,1613601633,negative
lj1jdx,recordthis,post,1613226660,positive
ld73h1,redditrequest,post,1612531645,neutral
loujqw,redditrequest,post,1613903958,neutral
likd6e,redditrequest,post,1613162868,neutral
lb9bnt,redditrequest,post,1612307201,neutral
lrq5ej,redditrequest,post,1614208976,neutral
leagf2,redditrequest,post,1612656311,neutral
lpopru,redditrequest,post,1614002577,neutral
ll3wzl,runescape,post,1613482574,neutral
lanijo,stocks,post,1612240522,negative
lpflkj,teenagers,post,1613970038,negative
li1wkp,unitedkingdom,post,1613098295,negative
lgzknu,unpopularopinion,post,1612980239,negative
lnekm3,unpopularopinion,post,1613737221,negative
lm5c2g,wallstreetbets,post,1613597666,neutral
lcg8yl,wallstreetbets,post,1612447288,neutral
lc1fvn,weed,post,1612394676,negative
ld3r7q,2007scape,post,1612517832,negative
lkl4d0,Comcast_Xfinity,post,1613417585,neutral
lc1xrm,Concordia,post,1612396084,positive
la9gj5,DebateReligion,post,1612202331,neutral
lja27l,EthereumClassic,post,1613252688,neutral
luch3a,Fantasy,post,1614507156,neutral
lm09gg,FellowKids,post,1613584271,negative
lg2r4h,Gundam,post,1612875309,neutral
lhnkd1,Habs,post,1613058805,positive
l9q9ax,SCP,post,1612139413,neutral
lmkni1,TownofSalemgame,post,1613647590,negative
ljm2mz,dankmemes,post,1613298511,neutral
ld8uh1,discordapp,post,1612537090,neutral
ljueu8,kreiswichs,post,1613328234,positive
lps1q9,memes,post,1614009791,neutral
lcarqv,mildlyinteresting,post,1612425389,neutral
locg2e,mildlyinteresting,post,1613843451,neutral
lq4jgc,pussypassdenied,post,1614040297,neutral
lrkpem,redditrequest,post,1614193646,neutral
lbe9me,redditrequest,post,1612322368,neutral
lh5xt2,redditrequest,post,1612996591,neutral
lmkkuw,redditrequest,post,1613647305,neutral
lg4jtw,redditrequest,post,1612881226,neutral
led7bg,redditrequest,post,1612664854,negative
lu6nzk,samsung,post,1614487928,negative
lq67hm,sissypersonals,post,1614045327,neutral
lbwgd9,teenagers,post,1612381902,neutral
lbrbm7,vegan,post,1612369505,negative
lcwjoc,wallstreetbets,post,1612490372,positive
lb3iql,wallstreetbets,post,1612292625,negative
lo1ngq,Animemes,post,1613804674,neutral
lbhdx3,ApplyingToCollege,post,1612333375,positive
lfg9yq,Bellingham,post,1612803797,negative
ligxxo,BillBurr,post,1613153566,negative
lpxuh6,CryptoCurrency,post,1614023112,negative
lfpcuh,GCXRep,post,1612828092,neutral
lo9e8y,Jewdank,post,1613834954,positive
ltt6h8,ShadowBan,post,1614447705,neutral
lh32cu,Twitter,post,1612989085,neutral
lhtxzy,WatchRedditDie,post,1613075442,negative
lkrip0,attackontitan,post,1613435863,negative
lrpwxz,dankmemes,post,1614208365,neutral
lncccb,dankmemes,post,1613729022,neutral
lk11vk,dankmemes,post,1613347988,negative
lq49em,guns,post,1614039476,neutral
lf04fo,help,post,1612745527,neutral
ltktpf,jailbreak,post,1614419503,neutral
lneljm,meme,post,1613737301,neutral
lonq61,mentalhealth,post,1613877389,neutral
li9bqs,modhelp,post,1613129745,neutral
ld7jw2,moviescirclejerk,post,1612533188,negative
lb7lzo,needamod,post,1612302664,neutral
lmums4,oregon,post,1613675685,neutral
lfpvu3,pennystocks,post,1612829653,negative
lef90t,pennystocks,post,1612671873,neutral
lhv5cc,prochoice,post,1613078569,neutral
ljzk99,redditrequest,post,1613343405,neutral
ldakkc,redditrequest,post,1612541772,neutral
lir0a4,redditrequest,post,1613182831,neutral
ld0whs,socialmedia,post,1612505092,neutral
lfznzn,teenagers,post,1612866052,negative
loj8uv,tinydick,post,1613862668,neutral
lmjyqu,trashy,post,1613644999,negative
labvwg,wallstreetbets,post,1612208114,neutral
lrpm4n,youtube,post,1614207587,neutral
lqnwez,AZURE,post,1614101353,negative
lmubdy,Austin,post,1613674900,negative
lqbhmt,China,post,1614062101,negative
lch5ty,CoinBase,post,1612450015,negative
ltdulw,DavidBowie,post,1614392049,neutral
lhvu94,DegradingHoles,post,1613080387,neutral
lffb5f,FortNiteBR,post,1612801245,neutral
lcv81p,Gamingcirclejerk,post,1612486439,negative
ltg3hz,NBAForums,post,1614399646,negative
lcw7lo,PersonalFinanceCanada,post,1612489367,negative
lojt0b,Silverbugs,post,1613864370,positive
lc24y3,Warthunder,post,1612396688,negative
lknht2,Watchexchange,post,1613424071,neutral
lt5ruw,anarchy,post,1614367989,neutral
ltozmy,anarchy,post,1614435326,negative
lq2hyd,askaconservative,post,1614034559,negative
lge0gh,brum,post,1612906244,neutral
lrz73t,darkjokes,post,1614231088,neutral
lczom2,de_IAmA,post,1612500442,neutral
lqr469,discordapp,post,1614109404,neutral
la8cf2,dogecoin,post,1612199681,neutral
lcq97f,dogecoin,post,1612473009,neutral
lsuz4i,gaybroscirclejerk,post,1614335477,negative
ltsecq,grandorder,post,1614445489,neutral
lpou54,huntersbell,post,1614002936,neutral
llj3qy,ideasfortheadmins,post,1613526295,neutral
ldtcbw,marvelstudios,post,1612600942,neutral
lafbe0,medlabprofessionals,post,1612216477,neutral
lh29mh,omegle,post,1612987107,negative
lhr10t,redditrequest,post,1613067962,neutral
lowwym,redditrequest,post,1613913480,neutral
lfmsys,redditrequest,post,1612820877,neutral
lfp9ln,redditrequest,post,1612827822,neutral
lq5bok,redditrequest,post,1614042640,neutral
lhopha,redditrequest,post,1613061900,neutral
lbgxvd,redditrequest,post,1612331645,neutral
lcq5wb,redditrequest,post,1612472781,neutral
llpspt,redditrequest,post,1613550755,neutral
lpzafn,singing,post,1614026535,neutral
lczrzl,thebachelor,post,1612500792,neutral
lg6o3n,timberwolves,post,1612887116,neutral
lhyrne,vegancirclejerk,post,1613088514,neutral
lox786,vegancirclejerk,post,1613914515,negative
lqlum4,vegancirclejerk,post,1614096291,neutral
lca6qf,AsianMasculinity,post,1612422854,neutral
llggml,AsianMasculinity,post,1613517676,neutral
lg8lu4,AskReddit,post,1612892181,negative
lr8gs2,AutoModerator,post,1614158293,neutral
lqnkut,AutoModerator,post,1614100545,neutral
lh80b9,AutoModerator,post,1613002306,neutral
lucv62,BipolarReddit,post,1614508659,positive
lfz9p8,Blogging,post,1612864858,negative
laqr3o,Boruto,post,1612253091,negative
le6fd1,ChronicPain,post,1612644400,positive
lc8do8,Drama,post,1612415881,negative
lma65h,FloridaPanthers,post,1613611329,neutral
lkpna6,FreeKarma4U,post,1613430199,negative
lbb2bq,GoneMildPlus,post,1612312356,neutral
li3vng,GunFights,post,1613105102,neutral
ltf585,HistoryMemes,post,1614396378,negative
licnoy,IndiaSpeaks,post,1613141894,negative
lfps0u,ModSupport,post,1612829321,negative
lijpdn,ModSupport,post,1613160990,positive
lqx2x4,ModSupport,post,1614124341,negative
lr3l64,NSFWFunny,post,1614140690,negative
lob224,SEO,post,1613839684,neutral
lpofoj,WatchRedditDie,post,1614001829,negative
lq4psl,asoiaf,post,1614040811,positive
ltivd1,damngoodinterracial,post,1614410590,positive
ltovk8,damngoodinterracial,post,1614434970,neutral
lcf95q,discordapp,post,1612444055,negative
lcwtd6,excel,post,1612491050,neutral
lcqbzh,help,post,1612473196,negative
lj6mg8,leaves,post,1613242522,positive
laginx,memes,post,1612219507,negative
lrjd7p,memes,post,1614190310,neutral
locwc4,modhelp,post,1613844630,neutral
lennm7,ns2,post,1612708790,neutral
lb6tte,redditrequest,post,1612301033,neutral
lb72mv,redditrequest,post,1612301550,neutral
lqun7m,redditrequest,post,1614118578,neutral
ll0cc2,redditrequest,post,1613467759,neutral
ltqlvd,redditrequest,post,1614440297,neutral
lh2ynu,redditrequest,post,1612988843,neutral
lcscg9,redditrequest,post,1612478453,neutral
lhcmhf,redsox,post,1613016873,negative
lowsr0,skyrim,post,1613913049,neutral
lofdd2,sugarlifestyleforum,post,1613851364,negative
lrtygh,teenagers,post,1614217339,negative
lpclw4,vegetarian,post,1613959906,neutral
lhnpeo,waifuism,post,1613059205,neutral
lcocr8,wallstreetbets,post,1612468316,neutral
lcoeov,wallstreetbets,post,1612468451,neutral
legnpz,wallstreetbets,post,1612677395,negative
lb4oup,wallstreetbets,post,1612295553,neutral
lc8ftt,wallstreetbets,post,1612416100,negative
lkpyk6,wallstreetbets,post,1613431113,negative
ls1daw,2007scape,post,1614239772,neutral
ll45x4,AskProgramming,post,1613483417,neutral
lbpdvq,AskReddit,post,1612364484,negative
lhqt1g,EscapefromTarkov,post,1613067381,negative
lu5xlz,Futurology,post,1614486301,negative
ll436m,GetStudying,post,1613483143,neutral
lajx4g,HoustonClassifieds,post,1612228956,neutral
lgvthu,Minecraft,post,1612970346,negative
lrxgef,NYCC,post,1614225087,neutral
loqbp0,OCPoetry,post,1613886794,neutral
lfakno,ScottishFootball,post,1612786497,negative
lhn5ma,ScottishFootball,post,1613057665,neutral
lmudc6,ScottishFootball,post,1613675031,neutral
lmuw9w,ScottishFootball,post,1613676350,neutral
llh69n,ShingekiNoKyojin,post,1613519962,negative
luqmq2,ShitPoliticsSays,post,1614546761,neutral
llkarr,UPS,post,1613530286,negative
lornda,aspergers,post,1613891981,neutral
lkzlsa,bloomington,post,1613464421,neutral
lfhzus,dankmemes,post,1612808304,neutral
lgxlaq,dankmemes,post,1612975165,neutral
l9rs3v,dogecoin,post,1612144169,neutral
ln7mr9,ffxiv,post,1613711842,negative
lbu7sl,geometrydash,post,1612376481,neutral
lgy679,help,post,1612976657,neutral
legi9k,marvelstudios,post,1612676752,neutral
lrl0iu,paypal,post,1614194424,neutral
lps9u0,playstation,post,1614010312,neutral
lea6kz,redditrequest,post,1612655472,neutral
ljgrkd,redditrequest,post,1613275001,neutral
lmbcrj,redditrequest,post,1613614984,neutral
ljfyas,redditrequest,post,1613272065,neutral
lkczhy,redditrequest,post,1613393162,neutral
lqu61f,redditrequest,post,1614117300,neutral
lnxw3s,redditrequest,post,1613791019,neutral
lpe7p1,relationship_advice,post,1613965271,negative
la0gif,runescape,post,1612176433,neutral
lsnx22,satanism,post,1614307542,neutral
lclsjp,sorceryofthespectacle,post,1612461919,negative
lnuic8,subnautica,post,1613780373,neutral
layehb,wallstreetbets,post,1612280265,negative
lkrx7z,AnthemTheGame,post,1613437186,negative
leopyh,Aquariums,post,1612712302,positive
lgvpl4,Bitcoin,post,1612970048,neutral
lh9s5g,CoinBase,post,1613007700,neutral
lejar3,CoinBase,post,1612689886,negative
lu2vhr,Competitiveoverwatch,post,1614477941,negative
lumpa4,CryptoCurrency,post,1614536754,negative
le3pin,Drugs,post,1612636724,neutral
lewvp3,Drugs,post,1612735779,neutral
lh9k6t,GameTheorists,post,1613007035,neutral
lblztt,MtF,post,1612353445,neutral
lg17el,MtvChallenge,post,1612871353,negative
lg1xny,MtvChallenge,post,1612872115,neutral
lh532d,NoStupidQuestions,post,1612994303,negative
lb959n,NoStupidQuestions,post,1612306720,neutral
lt1ygm,Showerthoughts,post,1614358636,neutral
liujkd,SubredditDrama,post,1613195810,negative
lcnei2,SuicideWatch,post,1612465972,neutral
legb2h,SuicideWatch,post,1612675959,negative
lft10u,SuicideWatch,post,1612839682,negative
lk6se1,SuicideWatch,post,1613367477,negative
llb8yd,SuicideWatch,post,1613502988,negative
lq81kw,SuicideWatch,post,1614051001,negative
ld7dzn,TheLastAirbender,post,1612532644,positive
llggk7,adoptareddit,post,1613517670,neutral
lbbo6p,conspiracy,post,1612314217,negative
ldgur5,dogecoin,post,1612558015,neutral
le5t86,dogecoin,post,1612642597,neutral
ltp04i,dubai,post,1614435368,negative
lj9i54,explainlikeimfive,post,1613251041,neutral
laqwtn,manga,post,1612253826,negative
luh5fj,redditmobile,post,1614521979,neutral
luicot,redditmobile,post,1614525423,negative
lqv5pq,redditrequest,post,1614120024,neutral
llemmu,redditrequest,post,1613512328,neutral
lehzxy,sanfrancisco,post,1612683398,negative
lhx88o,tf2,post,1613084140,neutral
lhahxd,thatHappened,post,1613009876,neutral
ljeweo,AutoModerator,post,1613268375,neutral
lb9v2x,AutoModerator,post,1612308755,negative
ldxl7g,DMT,post,1612617838,neutral
lppfs3,GrandTheftAutoV_PC,post,1614004547,neutral
lppg65,GrandTheftAutoV_PC,post,1614004576,neutral
ll1c6f,HealthyFood,post,1613472396,negative
ll1ci4,HealthyFood,post,1613472439,neutral
ll1vt4,HealthyFood,post,1613474762,neutral
l9tfu9,INTP,post,1612149423,negative
l9wrua,Minecraft,post,1612160937,negative
lgdamt,ModSupport,post,1612904406,neutral
lupn5g,ModSupport,post,1614544228,neutral
lltc0z,Philippines,post,1613564598,neutral
loierb,PoliticalDiscussion,post,1613860250,negative
losypv,Showerthoughts,post,1613897347,negative
losz8v,Showerthoughts,post,1613897407,negative
lscfwb,TopMindsOfReddit,post,1614275564,negative
lm71o7,apolloapp,post,1613602338,negative
ltomdi,cigars,post,1614434167,negative
lgilvt,dogecoin,post,1612920021,neutral
lbdyjs,ftm,post,1612321382,neutral
le5rxf,ftm,post,1612642484,neutral
lc00j6,help,post,1612390819,neutral
le5yr2,investing,post,1612643062,neutral
lhhm2c,manga,post,1613037696,negative
lrcrit,memes,post,1614172939,neutral
lh58hp,movies,post,1612994696,negative
lsnioj,muacirclejerk,post,1614306370,neutral
lczssj,newreddits,post,1612500879,neutral
lh87u6,offmychest,post,1613002935,neutral
lfe6p8,redditrequest,post,1612798173,neutral
litg8z,redditrequest,post,1613191611,neutral
lohvpk,redditrequest,post,1613858635,negative
lctrnl,redditrequest,post,1612482269,neutral
ldeyyk,redditrequest,post,1612553014,neutral
ldvveq,redditrequest,post,1612610510,neutral
ldmpm8,silenthill,post,1612574897,positive
libzgq,southafrica,post,1613139764,neutral
lknstu,swrpg,post,1613424934,neutral
lhs2i9,teenagers,post,1613070677,neutral
ldde01,undelete,post,1612548927,negative
lhjv2c,undelete,post,1613047208,negative
llo9zt,vagina,post,1613544644,neutral
lcio5b,wallstreetbets,post,1612454103,negative
lmw782,wallstreetbets,post,1613679672,neutral
lck9tb,wallstreetbets,post,1612458091,negative
lc8w0c,wallstreetbets,post,1612417733,negative
li4got,wallstreetbets,post,1613107350,neutral
lc7hgg,wallstreetbets,post,1612412906,neutral
laav2s,wallstreetbets,post,1612205676,negative
lnvak7,ABraThatFits,post,1613782724,positive
lfynfm,AgainstHateSubreddits,post,1612861942,negative
lg37p0,AskElectronics,post,1612876919,neutral
lun4q4,Buttcoin,post,1614537822,negative
ldphdc,CryptoCurrency,post,1612584319,negative
lcrb6y,EngineeringStudents,post,1612475737,neutral
lsvlvt,FreeKarma4U,post,1614338022,neutral
liow7v,HomeworkHelp,post,1613176024,neutral
ltwzvh,Minecraft,post,1614458932,neutral
lpibmi,NoStupidQuestions,post,1613979905,negative
lbyxa9,TrueChristian,post,1612388000,neutral
ltx1rn,WoT,post,1614459111,positive
lanqts,abortion,post,1612241320,neutral
lkvvd3,benzodiazepines,post,1613449983,neutral
lo4u7j,boottoobig,post,1613818755,negative
lqgb3n,coaxedintoasnafu,post,1614079957,neutral
lma4jh,dankmemes,post,1613611188,neutral
la5x62,darksouls,post,1612193955,neutral
lqkhkg,elderscrollsonline,post,1614092786,negative
luc64b,fitness30plus,post,1614505839,negative
lp163o,help,post,1613926482,negative
lfwg3d,lostgeneration,post,1612852124,negative
lolwbl,memes,post,1613871046,neutral
lgvfy3,meta,post,1612969331,negative
lt999r,nba,post,1614377566,negative
lt9c3n,nba,post,1614377788,negative
ligk5h,pathofexile,post,1613152599,positive
lluc72,pcmasterrace,post,1613567983,negative
llzgkv,punk,post,1613582178,negative
lm1d8k,rant,post,1613587107,neutral
lgrj45,redditrequest,post,1612955624,neutral
lsxgm6,redditrequest,post,1614345297,neutral
leikm7,redditrequest,post,1612686171,neutral
lnwe8b,redditrequest,post,1613786192,neutral
livpr3,redditrequest,post,1613200569,neutral
ling0q,redditrequest,post,1613171665,neutral
lqh3fq,redditrequest,post,1614082645,neutral
lqj8nr,redditrequest,post,1614089375,neutral
ljl422,redditrequest,post,1613293421,neutral
la76s5,wallstreetbets,post,1612196964,neutral
lcf5w8,wallstreetbets,post,1612443738,negative
lc9r1u,wallstreetbets,post,1612421086,negative
lafin2,wallstreetbets,post,1612216943,negative
lctszf,wallstreetbets,post,1612482377,negative
lbn2ig,wallstreetbets,post,1612357449,neutral
lghmrx,wallstreetbets,post,1612916870,negative
lghnnv,wallstreetbets,post,1612916950,negative
leng8r,wallstreetbets,post,1612708089,negative
lce6rd,wallstreetbets,post,1612440107,negative
ln0zaf,AcademicPsychology,post,1613692107,neutral
lj7lha,AutoModerator,post,1613245427,neutral
lcl505,CasualUK,post,1612460284,neutral
ljqrfy,CasualUK,post,1613317709,negative
lr31x3,CoinBase,post,1614139009,negative
ljnh6g,Drugs,post,1613305452,neutral
ljc0a2,Entrepreneur,post,1613258711,negative
linyj6,FloridaGators,post,1613173205,neutral
lj8stp,FoodPorn,post,1613249001,negative
ledmrg,Jokes,post,1612666290,negative
lehtx0,Jokes,post,1612682596,negative
lep93s,Jokes,post,1612713961,neutral
lf1bjx,Jokes,post,1612749446,neutral
loy077,Jokes,post,1613917243,negative
lsljpg,Memes_Of_The_Dank,post,1614300148,positive
lff07p,NoSleepOOC,post,1612800434,negative
lms5v2,Showerthoughts,post,1613669476,negative
lfhqes,Splatoon_2,post,1612807596,neutral
ld4ta0,SquaredCircle,post,1612522623,neutral
lfu65e,StarWars,post,1612843539,negative
ll7i6j,StarWars,post,1613492926,neutral
lane47,StockMarket,post,1612240087,neutral
lc8zi0,StockMarket,post,1612418093,negative
lgk91d,StockMarket,post,1612925552,neutral
lo2zox,StockMarket,post,1613810538,negative
llci05,SubredditDrama,post,1613506420,negative
loqore,TheExpanse,post,1613888183,neutral
loydql,alltheleft,post,1613918459,negative
lgt8n3,auslaw,post,1612962392,positive
lpluif,binance,post,1613993433,negative
lfxys5,coding,post,1612858748,neutral
lcg7dk,dancemoms,post,1612447168,positive
lj1gnt,discordapp,post,1613226381,neutral
lcvn55,dogecoin,post,1612487666,positive
lcxl1m,dogecoin,post,1612493325,neutral
lcxq0v,dogecoin,post,1612493757,neutral
ld97dh,dogecoin,post,1612538019,neutral
lmzjml,forsen,post,1613688214,neutral
lcpvvf,help,post,1612472145,neutral
lo6zoy,help,post,1613827184,negative
lmc0y1,herpetology,post,1613617120,neutral
lbunow,infertility,post,1612377520,neutral
lfrvlh,malaysia,post,1612835988,neutral
lci3la,mildlyinfuriating,post,1612452598,negative
lfdyjf,preppers,post,1612797534,neutral
lcni3z,redditrequest,post,1612466229,neutral
lr4dvc,redditrequest,post,1614143350,neutral
lr6l8l,redditrequest,post,1614151257,neutral
lgx6na,redditrequest,post,1612974069,neutral
lmel6j,redditrequest,post,1613625543,neutral
l9x57v,redditrequest,post,1612162433,neutral
ld9qsu,redditrequest,post,1612539521,neutral
lbkd98,teenagers,post,1612346476,negative
lu14y4,teenagers,post,1614472197,negative
lh0ncz,teenagers,post,1612982977,negative
lflmzb,totalwar,post,1612817833,negative
lrqgz4,totalwar,post,1614209841,neutral
lbbk95,unixporn,post,1612313909,negative
lcoq5q,wallstreetbets,post,1612469256,negative
lhj070,wallstreetbets,post,1613043680,neutral
ld2qy6,wallstreetbets,post,1612513083,negative
lh7qtk,workout,post,1613001578,neutral
lm2vuf,2007scape,post,1613591153,positive
ln52xi,Advice,post,1613704051,neutral
ljgs2w,AskModerators,post,1613275057,negative
lhouq9,FreeKarma4U,post,1613062294,neutral
li9sh4,FreeKarma4U,post,1613131737,neutral
lic3vw,FreeKarma4U,post,1613140168,neutral
lh5sff,PokemonROMhacks,post,1612996192,neutral
lb89k9,RelayForReddit,post,1612304334,neutral
lbwis7,SluttyConfessions,post,1612382074,positive
llic5y,StockMarket,post,1613523731,negative
ln8uzh,TheDarkTower,post,1613715831,neutral
lqpkp3,anime,post,1614105558,negative
ltb2o7,chesthairporn,post,1614382959,neutral
ln9bq5,cscareerquestions,post,1613717486,neutral
lt24ru,darkjokes,post,1614358982,negative
lnsmik,depression,post,1613775035,negative
ld23ju,dogecoin,post,1612510200,negative
lnicxf,houston,post,1613748068,negative
ljyr76,keyboards,post,1613340886,neutral
lle9ry,korea,post,1613511288,neutral
ltctvn,legaladvice,post,1614388692,neutral
lmngax,memes,post,1613656983,neutral
le96ml,misanthropy,post,1612652458,negative
lswzgv,modhelp,post,1614343507,neutral
lp7wb1,modhelp,post,1613945205,neutral
lpo8vk,modhelp,post,1614001251,neutral
lkss50,playrust,post,1613439959,negative
lbz7s9,redditrequest,post,1612388729,neutral
lbzhx0,redditrequest,post,1612389471,neutral
ltu7nf,redditrequest,post,1614450534,neutral
lnn3gg,redditrequest,post,1613759980,neutral
lulcv4,redditrequest,post,1614533343,neutral
lt644x,supportlol,post,1614368904,neutral
lpzztd,unpopularopinion,post,1614028172,negative
lcfeb4,wallstreetbets,post,1612444535,negative
lazsfz,wallstreetbets,post,1612283527,neutral
lhlksr,wallstreetbets,post,1613053128,neutral
lcupbd,wallstreetbets,post,1612484938,positive
lg0buw,AVoid5,post,1612867742,neutral
lgf4q1,FalloutMods,post,1612909373,neutral
lfthnw,ModSupport,post,1612841236,neutral
lt4ts1,ModSupport,post,1614365511,neutral
lhksuy,NUFC,post,1613050647,neutral
ljeks7,NoStupidQuestions,post,1613267298,negative
lmc5fl,Terraria,post,1613617497,negative
lih293,TryingForABaby,post,1613153863,neutral
lssvs5,WatchRedditDie,post,1614326216,neutral
lpnlfz,conspiracy,post,1613999305,negative
lqqkjx,dontdeadopeninside,post,1614108019,neutral
lk5cue,ghibli,post,1613362257,neutral
lfhsh6,ideasfortheadmins,post,1612807753,neutral
leovba,imaginarymaps,post,1612712776,negative
ldt7ik,nudism,post,1612600275,neutral
ludgic,pawg,post,1614510722,neutral
lo16vl,politics,post,1613802822,negative
ldinef,redditmobile,post,1612562942,neutral
le0dun,redditmobile,post,1612627262,neutral
lhj4g5,redditrequest,post,1613044190,neutral
lck0hy,redditrequest,post,1612457469,neutral
lnnq8o,redditrequest,post,1613761561,neutral
lat9tm,redditrequest,post,1612264261,neutral
lliqsy,redditrequest,post,1613525078,neutral
lbavlg,redditrequest,post,1612311783,neutral
lllx2g,sanantonio,post,1613535671,negative
lammwg,tax,post,1612237593,neutral
lepqvd,undelete,post,1612715439,negative
lc8yhu,wallstreetbets,post,1612417992,neutral
lc9kk9,wallstreetbets,post,1612420346,neutral
lc9s20,wallstreetbets,post,1612421204,neutral
likbw9,7daystodie,post,1613162762,negative
lftal3,Advice,post,1612840544,neutral
lfhqnn,AskModerators,post,1612807615,neutral
lgyeno,AskReddit,post,1612977252,negative
lnaz72,AskUK,post,1613723658,negative
lslg4q,BabyBumps,post,1614299832,positive
lm8gxd,CraftBeer,post,1613606298,neutral
lbz402,Music,post,1612388455,neutral
lsx2ai,TheoryOfReddit,post,1614343831,negative
lt5ngs,WatchRedditDie,post,1614367665,negative
lo3jmr,askgaybros,post,1613812986,neutral
ln1cxc,copypasta,post,1613693133,negative
lqbkrv,dankmemes,post,1614062415,negative
lh9pg9,discordapp,post,1613007479,neutral
ljk06j,gentlemanboners,post,1613287922,negative
lhaken,harrypotter,post,1613010104,neutral
ll99oj,harrypotter,post,1613497669,neutral
lngmwt,help,post,1613743534,negative
lr0oi7,leagueoflegends,post,1614132727,negative
lecqzi,modhelp,post,1612663414,neutral
lo3i5w,modhelp,post,1613812797,neutral
li7ely,needamod,post,1613120882,neutral
lkx9v9,needamod,post,1613454895,neutral
ltvkg8,needamod,post,1614454613,neutral
lacsky,nursing,post,1612210335,positive
lovy2u,raisedbynarcissists,post,1613909808,positive
ldcgdy,redditrequest,post,1612546572,negative
lshadg,redditrequest,post,1614288216,neutral
ljnr3u,redditrequest,post,1613306669,neutral
lbcfhj,redditrequest,post,1612316563,neutral
lsa4ds,redditrequest,post,1614269624,neutral
laa0is,redditrequest,post,1612203658,neutral
lty4g0,rocket_league_trading,post,1614462458,neutral
ltex7e,teenagers,post,1614395635,neutral
lhjb6i,totalwar,post,1613044940,neutral
lkj6w6,transadorable,post,1613412308,negative
ld92zz,wallstreetbets,post,1612537697,neutral
lauyet,wallstreetbets,post,1612270879,negative
ld2aqg,wallstreetbets,post,1612511081,neutral
lssq9b,wallstreetbets,post,1614325457,negative
lal84n,wallstreetbets,post,1612232968,negative
lc8kv2,weedstocks,post,1612416604,negative
ltcz4a,ASUS,post,1614389191,neutral
ldv3c0,AskReddit,post,1612606774,neutral
lqr7ef,Comcast_Xfinity,post,1614109639,neutral
ldrddf,Conservative,post,1612591780,negative
lho6ci,CryptoCurrency,post,1613060459,negative
lan8aa,FreeKarma4U,post,1612239535,neutral
l9tk3i,Instagram,post,1612149790,negative
lka26v,JusticeServed,post,1613380944,negative
lqjbxd,Kerala,post,1614089630,neutral
laapum,LiverpoolFC,post,1612205322,neutral
lloi7m,Nepal,post,1613545553,neutral
lg8nhi,NiceHash,post,1612892297,positive
lfazrt,OOTP,post,1612788120,neutral
lknxfv,PokemonGoSpoofing,post,1613425296,negative
lknymp,PokemonGoSpoofing,post,1613425388,negative
lau51c,ShadowBan,post,1612267803,neutral
ln2bi8,SquaredCircle,post,1613695844,positive
lcf6ik,WeAreTheMusicMakers,post,1612443797,negative
lez94v,bisexual,post,1612742653,neutral
lqv1jv,communism,post,1614119698,neutral
lggyf5,deadbydaylight,post,1612914809,negative
lmh7kz,discordapp,post,1613634459,neutral
llg8z0,discordapp,post,1613517027,neutral
ljjou2,dogecoin,post,1613286526,neutral
lonxf8,duolingo,post,1613878113,neutral
ld0wp9,facebook,post,1612505116,neutral
lnjm77,funny,post,1613751313,neutral
le4n2h,insanepeoplefacebook,post,1612639313,neutral
lbb6gh,modhelp,post,1612312700,neutral
lehr3f,neoliberal,post,1612682218,negative
lmagho,normalnudes,post,1613612201,neutral
lh75ml,raimimemes,post,1612999894,neutral
lt8ozm,redditrequest,post,1614375981,neutral
lspl11,redditrequest,post,1614312722,negative
lekmiz,redditrequest,post,1612696520,neutral
lu642x,rolltide,post,1614486697,negative
lozrhm,sadboys,post,1613922629,neutral
lpm60k,sadboys,post,1613994557,neutral
lgbps5,secretsanta,post,1612900123,neutral
ll1wb2,sissyhypno,post,1613474827,neutral
la0rmj,wallstreetbets,post,1612177692,neutral
lc9jmq,wallstreetbets,post,1612420246,neutral
lc98m5,wallstreetbets,post,1612419023,negative
ldibrg,wallstreetbets,post,1612562040,neutral
ld56ux,wallstreetbets,post,1612524172,negative
lrojsv,wallstreetbets,post,1614204878,neutral
lbs7sb,2007scape,post,1612371695,negative
lu3kp3,AskReddit,post,1614480496,neutral
lm9w9s,CatastrophicFailure,post,1613610484,negative
lm9xgc,CatastrophicFailure,post,1613610575,negative
lcqacn,Cricket,post,1612473072,neutral
lsk7kv,Destiny,post,1614296184,neutral
lct1go,DevilMayCry,post,1612480299,negative
lctc4l,DevilMayCry,post,1612481080,negative
lufrmo,EuroTruck2,post,1614518031,positive
lfr49v,ForwardsFromKlandma,post,1612833530,neutral
lolxdl,JustUnsubbed,post,1613871142,negative
lkbwo4,Needafriend,post,1613388706,neutral
luaoum,PvZGardenWarfare,post,1614500006,negative
lub49r,PvZGardenWarfare,post,1614501679,negative
lc1u7o,Repsneakers,post,1612395814,negative
lqr8xi,addiction,post,1614109748,neutral
ls901w,conspiracy,post,1614266713,negative
lh4pt3,crappyoffbrands,post,1612993343,negative
lqoem7,dankmemes,post,1614102628,negative
ld5guc,dankmemes,post,1612525375,neutral
ljx6y5,jailbreak,post,1613336228,negative
lett9i,jakeandamir,post,1612727022,negative
lfapcp,madlads,post,1612787003,negative
lflsgf,madlads,post,1612818211,neutral
lmlpv9,madlads,post,1613651443,negative
let77o,memes,post,1612725280,neutral
lijwxq,mildlyinfuriating,post,1613161589,neutral
lp69fk,pokemon,post,1613940499,neutral
lsrol6,redditrequest,post,1614320768,neutral
lqh52b,redditrequest,post,1614082797,neutral
lc503x,redditrequest,post,1612405091,neutral
lqw93y,redditrequest,post,1614122608,neutral
leavar,redditrequest,post,1612657557,neutral
lndk33,redditrequest,post,1613733558,neutral
lqz6wm,redditrequest,post,1614129114,neutral
lmz0mo,redditrequest,post,1613686849,neutral
lcrsy3,redditrequest,post,1612476997,neutral
lj0vs5,soccer,post,1613224231,negative
lb88i3,soccer,post,1612304250,neutral
lleam5,soccer,post,1613511352,negative
lqq0i5,teenagers,post,1614106656,neutral
ld7dqd,wallstreetbets,post,1612532622,positive
lcpsb9,wallstreetbets,post,1612471916,negative
lcpvuu,wallstreetbets,post,1612472144,negative
lcpzb3,wallstreetbets,post,1612472372,negative
lcytna,wallstreetbets,post,1612497382,neutral
lf78gh,wallstreetbets,post,1612771714,negative
lf7bqp,wallstreetbets,post,1612772114,negative
lf7chw,wallstreetbets,post,1612772207,negative
lf7fjh,wallstreetbets,post,1612772589,negative
lutwo6,wallstreetbets,post,1614555408,neutral
lb0s0k,wallstreetbets,post,1612285872,neutral
lck0i7,wallstreetbets,post,1612457470,negative
lc9lf6,wallstreetbets,post,1612420446,negative
ldyd5r,2007scape,post,1612620785,neutral
lgbzs1,DDLC,post,1612900819,neutral
ll011l,Dallas,post,1613466324,negative
lnw7q2,GoForGold,post,1613785611,neutral
lb39h7,HaggardGarage,post,1612291989,positive
li4y3a,Kanye,post,1613109330,neutral
l9s6js,KillLaKill,post,1612145405,neutral
lk4y8e,MomForAMinute,post,1613360810,positive
lpz7xo,PewdiepieSubmissions,post,1614026378,neutral
lgn5gf,PrequelMemes,post,1612936213,negative
lkpmgh,Rants,post,1613430132,negative
ls7stl,SluttyConfessions,post,1614263486,neutral
lhpry6,SocialJusticeInAction,post,1613064704,neutral
lb6jss,TrueOffMyChest,post,1612300326,negative
lbxu97,TrueOffMyChest,post,1612385329,negative
le9uyc,TrueOffMyChest,post,1612654481,negative
liu5df,TrueOffMyChest,post,1613194209,negative
llyd8l,TrueOffMyChest,post,1613579336,negative
lmxju7,TrueOffMyChest,post,1613683130,negative
lph5nr,TrueOffMyChest,post,1613975628,negative
lqb6k7,TrueOffMyChest,post,1614061045,negative
lriaoj,TrueOffMyChest,post,1614187707,neutral
lriolq,TrueOffMyChest,post,1614188669,neutral
ley9e5,animation,post,1612739593,negative
ls0l67,drugscirclejerk,post,1614236637,negative
ls16eq,drugscirclejerk,post,1614238992,negative
lsozmv,drugscirclejerk,post,1614310702,negative
lir8a6,formula1,post,1613183591,negative
locslf,grandorder,post,1613844357,neutral
lofken,iosgaming,post,1613851913,negative
lj7yzu,kansas,post,1613246537,neutral
lla036,massachusetts,post,1613499644,neutral
llu0fv,memes,post,1613566959,neutral
lesbga,mildlyinfuriating,post,1612722826,neutral
lafo24,milwaukee,post,1612217333,neutral
lagm3z,milwaukee,post,1612219774,negative
lhi579,nukedmemes,post,1613040008,negative
ln04dl,nukedmemes,post,1613689733,negative
lje1eh,redditrequest,post,1613265458,neutral
lgc64u,redditrequest,post,1612901280,neutral
lqod8f,redditrequest,post,1614102532,neutral
lqofmb,redditrequest,post,1614102704,neutral
lopsfz,redditrequest,post,1613884744,neutral
lltnwu,redditrequest,post,1613565757,neutral
lug4ra,redditrequest,post,1614519072,neutral
lmsyy0,redditrequest,post,1613671588,neutral
lhm5dh,redditrequest,post,1613054803,neutral
lrdyqv,redditrequest,post,1614176411,neutral
lccsrj,redditrequest,post,1612434141,neutral
lb7yqo,teenagers,post,1612303534,neutral
lds7q1,teenagers,post,1612595496,negative
laaeko,unpopularopinion,post,1612204582,negative
lgm1qd,waifuism,post,1612931968,negative
ld5k2j,wallstreetbets,post,1612525757,negative
lcyeqw,wallstreetbets,post,1612495938,negative
lgjwos,wallstreetbets,post,1612924387,negative
lc1p41,wallstreetbets,post,1612395430,negative
lfosi2,wallstreetbets,post,1612826417,negative
lkhawa,xmen,post,1613407087,neutral
lmczmh,90DayFiance,post,1613620208,neutral
lcfe3r,ADHD,post,1612444516,positive
lnuevr,AndroidMasterRace,post,1613780091,negative
lqg559,AndroidMasterRace,post,1614079366,positive
lamr81,AskWomen,post,1612237993,negative
lblscf,AskWomen,post,1612352567,neutral
lmbytg,AskWomen,post,1613616920,negative
lprw9p,AskWomen,post,1614009443,negative
lukipy,Bitcoin,post,1614531181,neutral
l9sm08,CryptoCurrency,post,1612146768,positive
lryji8,DBZDokkanBattle,post,1614228753,neutral
ljj3wv,DC_Cinematic,post,1613284036,neutral
loto6d,KamenRider,post,1613900274,neutral
lepecm,Memes_Of_The_Dank,post,1612714399,neutral
lkikov,Memes_Of_The_Dank,post,1613410625,neutral
lamw5i,ModSupport,post,1612238432,negative
lr9kcl,NoMansSkyTheGame,post,1614162298,neutral
lgv66w,NoStupidQuestions,post,1612968568,negative
lmdhxo,NoStupidQuestions,post,1613621874,negative
lfierd,Pennsylvania,post,1612809383,positive
lhjspn,ProgrammerHumor,post,1613046941,neutral
lk2itu,RedditCensors,post,1613352759,negative
lndrj7,ShadowBan,post,1613734321,neutral
ldzxeg,VietNam,post,1612625869,neutral
lh0i4a,cartoons,post,1612982604,neutral
ln9gcj,discordapp,post,1613717918,negative
lbdc1v,dogecoin,post,1612319387,negative
llbbxj,gtaonline,post,1613503266,negative
lfjlkn,leagueoflegends,post,1612812504,negative
ls82xw,modhelp,post,1614264320,negative
ljs03x,modhelp,post,1613321417,neutral
leg1x1,pyrocynical,post,1612674940,neutral
ls629k,redditrequest,post,1614258064,neutral
lpxbdt,redditrequest,post,1614021852,neutral
la1d0f,redditrequest,post,1612180126,neutral
lifzt0,redditrequest,post,1613151123,neutral
la3cky,redditrequest,post,1612187071,neutral
lhnwf3,roblox,post,1613059717,negative
lhvjld,self,post,1613079603,negative
lhhuwy,soccer,post,1613038754,neutral
lat3z9,tezos,post,1612263616,negative
li8aet,unpopularopinion,post,1613125028,neutral
lia31s,waiting_to_try,post,1613132980,neutral
l9rvdx,wallstreetbets,post,1612144455,neutral
lepc33,wallstreetbets,post,1612714207,negative
linn1y,wallstreetbets,post,1613172263,neutral
lc295p,wallstreetbets,post,1612397000,neutral
ls05z7,wallstreetbets,post,1614234883,negative
lacovo,wallstreetbets,post,1612210083,positive
ld7ahz,wallstreetbets,post,1612532317,negative
lt57fu,worldbuilding,post,1614366486,neutral
llkybe,ytp,post,1613532396,positive
lkrp74,zen,post,1613436444,neutral
lkrdob,90s,post,1613435425,neutral
lgqlbw,AFL,post,1612951474,neutral
lgj0fv,AnarchyChess,post,1612921388,negative
l9whh8,CHIBears,post,1612159828,negative
lbq5yn,CoinBase,post,1612366541,negative
liav47,CoinBase,post,1613135946,negative
liyjex,CoinBase,post,1613214035,negative
lf38od,Damnthatsinteresting,post,1612756044,negative
ljk4jt,Damnthatsinteresting,post,1613288428,negative
li2x8d,ModSupport,post,1613101671,neutral
lm4vd0,Nanny,post,1613596424,neutral
lgldqj,NoFap,post,1612929506,negative
lennbo,PersonalFinanceCanada,post,1612708763,neutral
lce915,PhantomForces,post,1612440363,neutral
lbzcis,RocketLeague,post,1612389091,negative
liszmk,SuddenlyGay,post,1613189949,neutral
llwq38,WeAreTheMusicMakers,post,1613574999,negative
lnfsg2,Wellthatsucks,post,1613741126,negative
lryvb8,WritingPrompts,post,1614229884,negative
li8rx7,anime,post,1613127304,neutral
liqwo4,anime,post,1613182456,neutral
lf05k1,dankmemes,post,1612745623,negative
lnq4jz,dankmemes,post,1613767694,neutral
lkuh31,discordapp,post,1613445420,neutral
lhzjuk,forhonor,post,1613090868,neutral
lj5n15,ftm,post,1613239581,negative
lj5zzp,ftm,post,1613240650,negative
laekpy,help,post,1612214631,negative
laizmq,help,post,1612226281,neutral
lar3xw,help,post,1612254718,neutral
lb1tl8,help,post,1612288410,neutral
lb3lvr,help,post,1612292845,neutral
lbyv2c,help,post,1612387836,negative
lcb958,help,post,1612427312,neutral
lcr7x6,help,post,1612475501,neutral
ld6m4o,help,post,1612529949,neutral
ldoo2i,help,post,1612581435,neutral
lffrpg,help,post,1612802496,negative
lfqmmr,help,post,1612831984,neutral
lfz6wg,help,post,1612864533,neutral
lgcblj,help,post,1612901686,negative
lgfl04,help,post,1612910690,negative
lhe5i8,help,post,1613022597,negative
lhl2f5,help,post,1613051539,negative
lj2rr0,help,post,1613230864,negative
lkvt2o,help,post,1613449775,negative
lm8zxy,help,post,1613607808,neutral
lmfx3a,help,post,1613630022,neutral
lml66x,help,post,1613649553,neutral
ln4o22,help,post,1613702828,neutral
lnflcr,help,post,1613740551,neutral
lnmobj,help,post,1613758900,negative
lnocdf,help,post,1613763100,negative
logusj,help,post,1613855553,negative
loqv3g,help,post,1613888876,negative
lpecne,help,post,1613965748,neutral
lq76ft,help,post,1614048336,negative
lrkbbt,help,post,1614192681,neutral
lrncfc,help,post,1614200319,negative
lrx3aa,help,post,1614223902,negative
ls8vvy,help,post,1614266422,negative
lt76yv,help,post,1614371786,negative
ltbx2q,help,post,1614385683,negative
lu5qsn,help,post,1614485898,neutral
lufv12,help,post,1614518304,negative
lql05e,hiphopheads,post,1614094144,negative
lixqnq,ipod,post,1613210124,neutral
lq6j96,modhelp,post,1614046333,neutral
lclky6,nosleep,post,1612461409,negative
lhy7r2,redditrequest,post,1613086905,neutral
lrafcs,redditrequest,post,1614165381,neutral
lt75tt,redditrequest,post,1614371698,neutral
ll4kys,redditrequest,post,1613484682,neutral
lj1x4f,trucksim,post,1613228037,negative
lcedap,wallstreetbets,post,1612440826,negative
lk199w,washingtonwizards,post,1613348640,neutral
ljjc2m,youtube,post,1613284985,neutral
lknwl0,AskReddit,post,1613425225,neutral
lisj9a,BeautyGuruChatter,post,1613188283,negative
lb1khi,CSRRacing2,post,1612287795,neutral
lrcfbh,DotA2,post,1614171923,negative
lbyjfi,DuelLinks,post,1612386996,negative
lfjpmg,Fallout,post,1612812803,negative
lgcjnf,FalloutMods,post,1612902295,negative
le249g,Jewish,post,1612632235,neutral
lpl8d8,NarcissisticAbuse,post,1613991253,negative
ldsh1r,PewdiepieSubmissions,post,1612596733,negative
limunv,SquaredCircle,post,1613169957,negative
lgdj5d,StarWars,post,1612904921,neutral
lsw6n1,TREZOR,post,1614340415,negative
ll9h53,TrueOffMyChest,post,1613498240,negative
lml1r2,WatchRedditDie,post,1613649117,negative
lo3jtn,arenaofvalor,post,1613813002,neutral
ltcs16,badpeoplestories,post,1614388508,negative
lt0dc1,conspiracy,post,1614354359,negative
lnuwci,creepyPMs,post,1613781525,negative
ljn66n,dankmemes,post,1613304048,neutral
lglz1w,dankmemes,post,1612931675,negative
lt3tam,haiku,post,1614362854,negative
lg8xb4,memes,post,1612892982,positive
lupk5z,minecraftsuggestions,post,1614544010,negative
lha8n0,oakland,post,1613009106,negative
lp77a9,pathofexile,post,1613943211,positive
lp7j15,pathofexile,post,1613944174,negative
ld6yar,philadelphia,post,1612531150,neutral
ld730a,philadelphia,post,1612531601,negative
lbbczz,pyrocynical,post,1612313265,negative
lbc70z,pyrocynical,post,1612315830,negative
lgv6jv,pyrocynical,post,1612968597,neutral
lht95c,pyrocynical,post,1613073706,positive
lhuc2y,pyrocynical,post,1613076483,positive
li1at4,pyrocynical,post,1613096285,positive
liozp1,pyrocynical,post,1613176301,negative
lszfv1,pyrocynical,post,1614351698,negative
ltgr69,pyrocynical,post,1614402068,neutral
luo24s,pyrocynical,post,1614540156,negative
lkt15r,redditrequest,post,1613440788,negative
lugod5,redditrequest,post,1614520642,neutral
lmjys8,redditrequest,post,1613645004,neutral
lta9l2,redditrequest,post,1614380486,neutral
lfihom,redditrequest,post,1612809599,neutral
lb4meu,redditrequest,post,1612295383,neutral
libn1l,redditrequest,post,1613138637,neutral
lg9wzk,redditrequest,post,1612895484,neutral
lcu7w3,roblox,post,1612483513,negative
lh378x,saudiarabia,post,1612989431,neutral
leb3k3,self,post,1612658280,negative
lk2f25,self,post,1613352382,negative
lor983,sewing,post,1613890357,negative
lazu19,stocks,post,1612283630,neutral
lpff2k,techsupport,post,1613969392,negative
lu4rsx,teenagers,post,1614483781,negative
lm76qp,texas,post,1613602740,negative
lelo05,tf2,post,1612701308,negative
lfe9js,tylerthecreator,post,1612798399,neutral
lrm3vq,unpopularopinion,post,1614197223,negative
lcfj9q,wallstreetbets,post,1612445000,negative
lcgo3s,wallstreetbets,post,1612448575,neutral
lk1c14,wallstreetbets,post,1613348867,negative
lo16mn,wallstreetbets,post,1613802794,negative
ljuec7,wallstreetbets,post,1613328193,neutral
lb6tdp,wallstreetbets,post,1612301008,neutral
lc21ko,AmItheAsshole,post,1612396404,neutral
lc6n1p,AmItheAsshole,post,1612410140,neutral
lfa7pk,AskReddit,post,1612785082,neutral
lf48fb,AskReddit,post,1612759387,neutral
lgzck4,DebateAChristian,post,1612979679,negative
lor4m2,DoesAnybodyElse,post,1613889898,negative
lrcksi,FreeKarma4U,post,1614172380,neutral
ll8km2,Guitar,post,1613495743,negative
lfqmw4,HuntsvilleAlabama,post,1612832008,negative
look73,KatarinaMains,post,1613880328,negative
lu5mle,KatarinaMains,post,1614485650,negative
lrixi5,Screenwriting,post,1614189285,positive
ldlldq,TooAfraidToAsk,post,1612571421,negative
lu1k12,TooAfraidToAsk,post,1614473583,negative
lc35mv,TrueOffMyChest,post,1612399604,negative
le7vn0,baseball,post,1612648656,negative
lpe2sk,baseball,post,1613964811,negative
lntp8d,camping,post,1613778045,positive
lryfqy,copypasta,post,1614228397,negative
lryfr0,copypasta,post,1614228397,negative
litq37,dogecoin,post,1613192627,negative
lckw5c,dogecoin,post,1612459646,negative
lebr21,dogecoin,post,1612660223,neutral
lozlv2,fnafcringe,post,1613922155,negative
lem0um,massachusetts,post,1612702858,positive
lenb3o,memes,post,1612707595,neutral
lilcre,memes,post,1613165651,neutral
lgnb3s,nba,post,1612936831,negative
lhfydt,nba,post,1613030403,neutral
lpcv26,nba,post,1613960756,neutral
lpwne4,nba,post,1614020354,negative
lrumcf,nba,post,1614218641,negative
lrzjfq,nba,post,1614232398,negative
lskzas,nba,post,1614298400,negative
lb7kli,northernireland,post,1612302580,negative
lnkpxb,pennystocks,post,1613753996,neutral
lmkh8f,progressive_islam,post,1613646949,negative
lhssy2,redditrequest,post,1613072603,neutral
lf6642,redditrequest,post,1612767042,neutral
lqbuuu,redditrequest,post,1614063387,neutral
lhxs4b,redditrequest,post,1613085675,neutral
lqo5js,self,post,1614101987,neutral
lj7krf,teenagers,post,1613245371,neutral
lca1pr,wallstreetbets,post,1612422286,negative
lcxu28,wallstreetbets,post,1612494085,negative
la3wra,wallstreetbets,post,1612188728,positive
lkoytg,2007scape,post,1613428233,negative
lsm4qv,Advice,post,1614301911,neutral
lov1tv,Anarcho_Capitalism,post,1613906047,neutral
lfemyd,AskModerators,post,1612799453,negative
lj25wn,AskModerators,post,1613228833,neutral
ln4zx9,AskModerators,post,1613703805,negative
lnqood,AskModerators,post,1613769442,negative
loqxzs,AskModerators,post,1613889168,neutral
lqc8lu,AskModerators,post,1614064680,negative
lado9q,AskReddit,post,1612212443,neutral
ldbgb4,Assistance,post,1612544103,neutral
lki2wq,Edmonton,post,1613409241,positive
luhst9,KamenRider,post,1614523944,negative
lfe9x1,ModSupport,post,1612798428,negative
lbx4cq,PewdiepieSubmissions,post,1612383519,neutral
lcumow,RocketLeague,post,1612484710,neutral
ldl4xl,RocketLeague,post,1612570024,neutral
lnoxna,RocketLeague,post,1613764608,negative
ls87hj,SEO,post,1614264658,negative
ldoe5w,Seiko,post,1612580490,neutral
lh88pu,TeamSESH,post,1613003009,negative
lam112,Vore,post,1612235587,neutral
lefsxt,collegehockey,post,1612674008,neutral
ljhs0b,collegehockey,post,1613278808,neutral
lopgul,collegehockey,post,1613883607,neutral
lu6w24,collegehockey,post,1614488407,neutral
leu04i,copypasta,post,1612727560,negative
lp01i2,copypasta,post,1613923383,neutral
lg3b3c,dankmemes,post,1612877251,neutral
lhfvvo,iamverybadass,post,1613030074,positive
lqeizh,memes,post,1614073188,neutral
laxdzj,redditrequest,post,1612277856,neutral
lq4pgt,redditrequest,post,1614040784,neutral
lmzfqg,redditrequest,post,1613687935,neutral
lo818i,redditrequest,post,1613830758,neutral
lngwnj,redditrequest,post,1613744266,neutral
lb6r6b,russia,post,1612300865,positive
lb6r7m,russia,post,1612300865,positive
lt4v83,sad,post,1614365612,neutral
lfotxs,sydney,post,1612826536,negative
lj34jc,teenagers,post,1613231999,positive
lh2c3q,teenagers,post,1612987270,neutral
ldag1r,teenagers,post,1612541437,negative
lcvi87,teenagers,post,1612487255,neutral
lcxag1,teenagers,post,1612492434,neutral
lgl584,teenagers,post,1612928645,positive
li344l,teenagers,post,1613102331,positive
lenjd4,transgendercirclejerk,post,1612708386,positive
lckg9q,wallstreetbets,post,1612458525,neutral
lc7apz,wallstreetbets,post,1612412292,negative
lcmcnf,wallstreetbets,post,1612463371,negative
lf1wb1,wallstreetbets,post,1612751227,negative
lbuw15,wallstreetbets,post,1612378093,negative
lgygi1,AMA,post,1612977387,negative
lelnov,AlisonBrie,post,1612701268,negative
lexdrk,Art,post,1612737114,negative
lq7fzj,Art,post,1614049184,negative
ltocd8,AskAstrologers,post,1614433236,neutral
ldcn7p,AskReddit,post,1612547062,negative
ldcoqm,AskReddit,post,1612547180,negative
lby4w3,AskReddit,post,1612386037,neutral
lczkuy,AusFinance,post,1612500052,negative
lsklpt,BattleNetwork,post,1614297339,neutral
lqs7yd,Bossfight,post,1614112212,negative
ljii6k,Brawlhalla,post,1613281594,neutral
ldkhgf,DnD,post,1612568092,neutral
leuwfx,DotA2,post,1612730111,negative
lbrq5v,GarlicBreadMemes,post,1612370534,negative
lj8660,SUBREDDITNAME,post,1613247113,negative
lrj0a0,ShadowBan,post,1614189472,neutral
lpigdv,StockMarket,post,1613980399,neutral
luk01g,That70sshow,post,1614529842,neutral
ls846z,WatchRedditDie,post,1614264418,negative
lhjdgk,WatchRedditDie,post,1613045182,negative
lr4qhq,brisbane,post,1614144573,negative
ldxnea,cardano,post,1612618100,positive
lqrpw5,conservatives,post,1614110936,neutral
ldcp3f,cringepics,post,1612547206,negative
lo45uu,exmormon,post,1613815726,neutral
lbzios,marchingband,post,1612389531,negative
ll98ce,offmychest,post,1613497567,neutral
ltu9v5,pokemon,post,1614450695,negative
lmyac2,rant,post,1613684991,negative
lbedwn,redditrequest,post,1612322738,neutral
ls2try,redditrequest,post,1614245760,neutral
liadjy,redditrequest,post,1613134148,neutral
lepkgf,redditrequest,post,1612714915,neutral
leprww,redditrequest,post,1612715521,neutral
lt4aem,redditrequest,post,1614364091,neutral
lkjou3,redditrequest,post,1613413675,neutral
laix33,redditrequest,post,1612226102,neutral
ldihkb,redditrequest,post,1612562481,neutral
lf2ro4,redditrequest,post,1612754497,neutral
ls2cn9,redditrequest,post,1614243799,neutral
lansey,residentevil,post,1612241476,negative
ll9h3y,roblox,post,1613498238,negative
ljfja4,rupaulsdragrace,post,1613270595,neutral
laqn3i,russian,post,1612252628,neutral
llxxf3,samsung,post,1613578217,negative
lui9oa,samsung,post,1614525196,neutral
lgf34t,starterpacks,post,1612909252,negative
llni4v,teenagers,post,1613541632,neutral
lq3tx9,wallstreetbets,post,1614038280,positive
ldx08f,wallstreetbets,post,1612615526,negative
li0lwr,wallstreetbets,post,1613094095,neutral
ltopwb,woooosh,post,1614434480,neutral
lbyld1,worldpolitics,post,1612387140,negative
lug70a,worldpolitics,post,1614519238,negative
lpse4h,2007scape,post,1614010590,negative
luq1v0,ATBGE,post,1614545282,negative
lstvb7,AnarchyChess,post,1614330630,positive
lkngdo,AskReddit,post,1613423957,negative
ll6jny,AskReddit,post,1613490373,neutral
lqae74,CryptoCurrency,post,1614058366,negative
ldyn4h,Gunners,post,1612621719,neutral
lmrsdq,JoeRogan,post,1613668554,negative
lc7gc6,McJuggerNuggets,post,1612412802,neutral
lrijrr,Metallica,post,1614188336,neutral
litmse,Minecraft,post,1613192348,neutral
lsdd3n,NoStupidQuestions,post,1614277972,neutral
lcmclz,Physics,post,1612463369,neutral
lrjpfc,TheoryOfReddit,post,1614191155,neutral
lozz4l,TrueOffMyChest,post,1613923210,negative
lf8qhx,askgaybros,post,1612778573,neutral
lohay2,berserklejerk,post,1613856891,neutral
lkz7x8,drunk,post,1613462715,negative
lgjh0e,fordranger,post,1612922913,positive
lcbhf9,interestingasfuck,post,1612428271,negative
ldoqj0,interestingasfuck,post,1612581664,positive
lescoe,interestingasfuck,post,1612722919,negative
lhfnkq,interestingasfuck,post,1613029004,neutral
loys8o,interestingasfuck,post,1613919744,negative
ljubsy,kreiswichs,post,1613327997,positive
lbsuev,marvelstudios,post,1612373209,neutral
lo5cse,modhelp,post,1613820847,neutral
lf9ilp,reddeadredemption,post,1612782093,negative
lgoy33,redditrequest,post,1612944001,neutral
lfo5oq,redditrequest,post,1612824656,neutral
lffgvk,redditrequest,post,1612801679,neutral
ln2ulb,redditrequest,post,1613697412,neutral
li31uz,redditrequest,post,1613102115,neutral
ls6oey,redditrequest,post,1614260020,neutral
lh0m3t,redditrequest,post,1612982888,neutral
ll8syh,redditrequest,post,1613496381,neutral
lrgftw,redditsync,post,1614183077,positive
ldp8gn,residentevil,post,1612583394,positive
lka7gu,symphonicmetal,post,1613381550,neutral
lmwv2r,teenagers,post,1613681429,negative
lc7ymd,wallstreetbets,post,1612414513,negative
ldlt67,wallstreetbets,post,1612572065,negative
lag2yx,wallstreetbets,post,1612218389,neutral
lc88hg,wallstreetbets,post,1612415385,neutral
lc8fxl,wallstreetbets,post,1612416108,negative
lc8ibi,wallstreetbets,post,1612416340,negative
lh1u5c,wallstreetbets,post,1612986050,negative
lcask6,wallstreetbets,post,1612425488,negative
lpf8xs,wow,post,1613968806,negative
lnt6jh,ApplyingToCollege,post,1613776577,neutral
lqiqd5,Bitcoin,post,1614087881,neutral
lpcny5,ChoosingBeggars,post,1613960098,neutral
lr9sll,ChoosingBeggars,post,1614163136,neutral
lrh1u0,ChoosingBeggars,post,1614184668,neutral
li4uma,DotA2,post,1613108941,negative
lrzhaa,DotA2,post,1614232160,negative
lj19p2,LiverpoolFC,post,1613225649,negative
lhuu35,MechanicalKeyboards,post,1613077747,neutral
lpxza8,ModSupport,post,1614023429,negative
lsor4l,NYKnicks,post,1614309926,neutral
lqvdec,TrueOffMyChest,post,1614120523,negative
lujoyi,askTO,post,1614529025,neutral
lk7wo4,beermoney,post,1613371776,negative
lnkvb3,childfree,post,1613754321,positive
lflf6q,conservatives,post,1612817254,negative
lo076n,conspiracy,post,1613799008,neutral
lnq9og,devils,post,1613768131,negative
lkkyvk,discordapp,post,1613417159,neutral
lc5vpd,dogecoin,post,1612407750,positive
ll456o,getdisciplined,post,1613483349,neutral
lhcz1s,help,post,1613018131,neutral
lu2yrj,memes,post,1614478275,neutral
lf0x59,neoliberal,post,1612748152,negative
lbstsr,pyrocynical,post,1612373168,negative
lghbye,rapecounseling,post,1612915929,neutral
ltw9nv,redditrequest,post,1614456700,neutral
lfwxev,redditrequest,post,1612854136,neutral
lf6obn,redditrequest,post,1612769226,neutral
lmjcpl,redditrequest,post,1613642590,neutral
lmnit2,redditrequest,post,1613657203,neutral
lht7qt,redditrequest,post,1613073616,neutral
lmnti7,selfpublish,post,1613658055,neutral
lh4wxr,teenagers,post,1612993863,negative
lhy1zp,teenagers,post,1613086483,neutral
lis03j,teenagers,post,1613186348,negative
leictt,wallstreetbets,post,1612685117,neutral
ld8l6b,wallstreetbets,post,1612536335,negative
la1xun,wallstreetbets,post,1612182355,neutral
lc8geh,wallstreetbets,post,1612416156,neutral
laoi6g,wallstreetbets,post,1612243951,negative
ln3eqt,AskReddit,post,1613699074,neutral
lb9410,AskReddit,post,1612306625,neutral
li7yhg,CoinBase,post,1613123518,negative
ldbr8h,Conservative,post,1612544850,negative
lek617,Conservative,post,1612694316,neutral
lhv04l,Conservative,post,1613078167,negative
ljrtbs,Conservative,post,1613320858,neutral
lm5eoq,Conservative,post,1613597855,negative
lnec7k,Conservative,post,1613736405,negative
llwgro,FellowKids,post,1613574324,neutral
lm080r,FellowKids,post,1613584166,negative
la7d04,FemBoys,post,1612197372,neutral
liw5z4,FortNiteBR,post,1613202622,negative
lry5cw,GTA,post,1614227395,neutral
le8d29,HighMileageHoles,post,1612650072,neutral
ltilgy,NoFap,post,1614409413,neutral
lbnuda,NoStupidQuestions,post,1612360036,neutral
lqtagu,PrequelMemes,post,1614114965,neutral
l9u795,SCJerk,post,1612151926,negative
leslvk,ShadowBan,post,1612723634,neutral
lkazq1,TaylorSwift,post,1613384947,positive
ln3e1w,Warthunder,post,1613699017,neutral
llzf6m,cuboulder,post,1613582085,neutral
lijipi,dogecoin,post,1613160476,neutral
lmiwyc,dogecoin,post,1613640902,neutral
leza80,help,post,1612742751,neutral
lboypu,k12sysadmin,post,1612363337,neutral
lr3ie1,memes,post,1614140452,neutral
lau4dm,modhelp,post,1612267730,neutral
lii7u6,pennystocks,post,1613156933,negative
lqvyr5,redditrequest,post,1614121945,neutral
llxgjp,redditrequest,post,1613577024,neutral
lgzxza,redditrequest,post,1612981169,neutral
lj4n2a,redditrequest,post,1613236616,neutral
lhbxm6,redditrequest,post,1613014498,neutral
lomzgz,redditrequest,post,1613874798,neutral
lbsdaj,teenagers,post,1612372065,neutral
lgfocg,teenagers,post,1612910962,positive
lole4a,thebachelor,post,1613869378,neutral
lj3rdq,waifuism,post,1613233927,negative
la7dps,wallstreetbets,post,1612197418,neutral
lagfbo,wallstreetbets,post,1612219266,negative
lg6035,whatisthisthing,post,1612885356,negative
ldxi3o,AMA,post,1612617505,neutral
lfsja9,AMA,post,1612838083,neutral
lhfavy,AMA,post,1613027438,negative
lhheqm,AMA,post,1613036828,negative
lhnrno,AMA,post,1613059356,negative
li62eh,AMA,post,1613114230,neutral
lickyi,AMA,post,1613141660,negative
liud12,AMA,post,1613195041,negative
lj87xy,AMA,post,1613247258,neutral
lja9ql,AMA,post,1613253314,positive
llz9x3,AMA,post,1613581714,negative
lmz8u6,ApplyingToCollege,post,1613687440,neutral
leofhc,AutoModerator,post,1612711370,neutral
lkdi4a,BlackMetal,post,1613395088,negative
lcjdny,CasualUK,post,1612455889,positive
ld3dn2,CoinBase,post,1612516055,positive
loiuts,CollegeBasketball,post,1613861574,neutral
ltviy9,ModSupport,post,1614454486,neutral
lqpmdq,NYKnicks,post,1614105680,neutral
ll3dkq,PixelArt,post,1613480652,neutral
lntvtk,SAHP,post,1613778577,neutral
lrx8z2,Summit1G,post,1614224415,negative
ldnldb,ToyotaTacoma,post,1612577775,neutral
lrv9bw,TwoBestFriendsPlay,post,1614219905,neutral
licosm,Undertale,post,1613141987,neutral
lcc8cc,XXXTENTACION,post,1612431574,negative
laee6d,conspiracy,post,1612214169,negative
lgftix,deadbydaylight,post,1612911403,negative
lfoq4r,dogecoin,post,1612826226,neutral
ltaty7,homeschool,post,1614382205,neutral
louoka,insanepeoplefacebook,post,1613904565,positive
lgdesg,meme,post,1612904609,neutral
lrcte3,meme,post,1614173096,neutral
lmvqjz,memes,post,1613678446,neutral
ln6rls,mildlyinfuriating,post,1613709206,negative
ljms3i,minimalism,post,1613302153,positive
ldctrr,oddlysatisfying,post,1612547529,negative
lo7wlx,reddCoin,post,1613830327,neutral
la5um7,redditrequest,post,1612193788,neutral
lfy29a,redditrequest,post,1612859215,neutral
lgb4hh,redditrequest,post,1612898568,neutral
lldxpt,redditrequest,post,1613510355,neutral
lkn5ot,redditrequest,post,1613423142,neutral
ltgewr,redditrequest,post,1614400819,neutral
lj3sse,redditrequest,post,1613234055,neutral
ll541z,teenagers,post,1613486294,neutral
lpgz9t,unpopularopinion,post,1613974974,negative
ld15ve,wallstreetbets,post,1612506156,neutral
lct9h9,wallstreetbets,post,1612480877,neutral
lc7k4y,wallstreetbets,post,1612413157,negative
lcfi60,2b2t,post,1612444894,negative
lmjovo,ABoringDystopia,post,1613643908,negative
lhllrn,AutoModerator,post,1613053216,neutral
loks1d,Chipotle,post,1613867403,negative
lo45bc,Minecraft,post,1613815663,negative
lamxjx,ModSupport,post,1612238549,negative
lapm4r,ModSupport,post,1612248227,neutral
lba4hm,ModSupport,post,1612309538,neutral
lbe2vs,ModSupport,post,1612321762,neutral
ldaezu,ModSupport,post,1612541357,neutral
ldg5ee,ModSupport,post,1612556070,neutral
ldukos,ModSupport,post,1612605856,neutral
le4xmq,ModSupport,post,1612640124,neutral
lett3b,ModSupport,post,1612727008,negative
lf3vol,ModSupport,post,1612758149,neutral
lf7mce,ModSupport,post,1612773485,neutral
linf2x,ModSupport,post,1613171587,neutral
liotnl,ModSupport,post,1613175803,negative
livj0e,ModSupport,post,1613199833,neutral
ljdtpp,ModSupport,post,1613264717,neutral
ljysho,ModSupport,post,1613340998,neutral
lkkbfp,ModSupport,post,1613415423,neutral
lkmkqk,ModSupport,post,1613421560,neutral
lkufg4,ModSupport,post,1613445279,negative
lm19yy,ModSupport,post,1613586868,neutral
lm2iq7,ModSupport,post,1613590181,neutral
lmqrh0,ModSupport,post,1613666036,negative
lnp395,ModSupport,post,1613764995,negative
lnyuy7,ModSupport,post,1613794247,negative
lorsn1,ModSupport,post,1613892548,neutral
lowp1p,ModSupport,post,1613912732,neutral
lq56w6,ModSupport,post,1614042254,negative
lqqths,ModSupport,post,1614108639,neutral
lryxvo,ModSupport,post,1614230143,neutral
lsdejo,ModSupport,post,1614278078,neutral
lsfuj5,ModSupport,post,1614284375,neutral
lus1is,ModSupport,post,1614550406,negative
li84n3,SWGalaxyOfHeroes,post,1613124272,negative
lr8o8y,SWGalaxyOfHeroes,post,1614159032,neutral
ltr3q3,StardewValley,post,1614441753,positive
lc90yc,bipolar,post,1612418253,neutral
lumi4s,conspiracy,post,1614536252,negative
lpjz6d,dankmemes,post,1613986271,negative
lqaf0l,dankmemes,post,1614058444,negative
lccnd6,dauntless,post,1612433466,negative
lfxw20,dirtypenpals,post,1612858410,neutral
lg8fie,dirtypenpals,post,1612891732,neutral
lgjc0a,dirtypenpals,post,1612922472,neutral
lhxl9z,dirtypenpals,post,1613085115,negative
lsrjib,everything,post,1614320186,neutral
lu5dtn,funhaus,post,1614485129,neutral
lll2l1,funhaus,post,1613532816,negative
lpdfg8,help,post,1613962628,neutral
lafnx9,ireland,post,1612217323,negative
l9x4fa,modhelp,post,1612162336,neutral
l9xpv5,modhelp,post,1612164773,negative
latm9y,modhelp,post,1612265702,neutral
lb0woj,modhelp,post,1612286179,neutral
lb3ck5,modhelp,post,1612292208,neutral
lc9zcc,modhelp,post,1612422038,neutral
lcibqq,modhelp,post,1612453198,neutral
ldfiow,modhelp,post,1612554412,neutral
ldfkfg,modhelp,post,1612554552,neutral
ldfm9v,modhelp,post,1612554686,neutral
ldfmv1,modhelp,post,1612554733,neutral
ler2fz,modhelp,post,1612719309,neutral
lf6ony,modhelp,post,1612769270,negative
lgg5w6,modhelp,post,1612912406,neutral
lh2ida,modhelp,post,1612987696,neutral
li37p1,modhelp,post,1613102646,neutral
li9l33,modhelp,post,1613130925,neutral
lijqx3,modhelp,post,1613161118,neutral
lipq1s,modhelp,post,1613178573,neutral
lizkv5,modhelp,post,1613218871,neutral
lj5j68,modhelp,post,1613239285,neutral
lj63gl,modhelp,post,1613240938,neutral
lk1p6o,modhelp,post,1613350049,neutral
lkkdx5,modhelp,post,1613415610,negative
llow1r,modhelp,post,1613547133,neutral
lm47l6,modhelp,post,1613594739,neutral
lmxone,modhelp,post,1613683461,neutral
lmzmmc,modhelp,post,1613688442,neutral
lnijjx,modhelp,post,1613748562,neutral
lo8yiw,modhelp,post,1613833654,neutral
lpx0ed,modhelp,post,1614021144,neutral
lq0bf7,modhelp,post,1614028947,neutral
lt5cxe,modhelp,post,1614366891,neutral
ltsth9,modhelp,post,1614446690,neutral
lehy5i,neoliberal,post,1612683166,neutral
lm0b2i,neoliberal,post,1613584383,neutral
lu2imo,neoliberal,post,1614476724,neutral
lrmn9v,pennystocks,post,1614198587,neutral
li37ly,penspinning,post,1613102636,positive
lmixig,penspinning,post,1613640946,neutral
lndpp4,penspinning,post,1613734160,neutral
lq7hpk,philadelphia,post,1614049320,neutral
lbb4ch,rape,post,1612312523,negative
lplza9,redditrequest,post,1613993835,neutral
lo4tte,redditrequest,post,1613818706,neutral
lrrogm,redditrequest,post,1614213070,neutral
lknt6c,redditrequest,post,1613424960,neutral
lcasyv,stocks,post,1612425536,negative
lc6u7z,wallstreetbets,post,1612410803,negative
la20a5,wallstreetbets,post,1612182613,positive
lj2av5,2007scape,post,1613229289,negative
lrrhls,2007scape,post,1614212584,negative
lfo47w,BoostForReddit,post,1612824541,neutral
lctq8t,ClubPenguin,post,1612482159,neutral
lo1f1h,CryptoCurrency,post,1613803728,negative
lst0e8,Edmonton,post,1614326758,negative
lgpfbm,MMA,post,1612946097,neutral
la46hw,ModSupport,post,1612189515,neutral
l9rmfd,NoStupidQuestions,post,1612143661,neutral
l9trju,NoStupidQuestions,post,1612150482,negative
la9siz,NoStupidQuestions,post,1612203111,neutral
lb1lbr,NoStupidQuestions,post,1612287855,negative
lb574o,NoStupidQuestions,post,1612296828,neutral
lddh3h,NoStupidQuestions,post,1612549162,negative
ldeedy,NoStupidQuestions,post,1612551553,negative
lgr6eb,NoStupidQuestions,post,1612954119,neutral
ljahkg,NoStupidQuestions,post,1613253937,neutral
lkt56e,NoStupidQuestions,post,1613441125,negative
llvlfs,NoStupidQuestions,post,1613571890,neutral
llws2u,NoStupidQuestions,post,1613575168,neutral
lm82kg,NoStupidQuestions,post,1613605133,neutral
lm96y8,NoStupidQuestions,post,1613608409,neutral
lnqoxk,NoStupidQuestions,post,1613769467,negative
lrihbq,NoStupidQuestions,post,1614188165,neutral
lrz81m,NoStupidQuestions,post,1614231185,neutral
ls02gj,NoStupidQuestions,post,1614234489,neutral
ls75lo,NoStupidQuestions,post,1614261526,neutral
lsguup,NoStupidQuestions,post,1614287046,neutral
lsmo4p,NoStupidQuestions,post,1614303632,neutral
lsybk9,NoStupidQuestions,post,1614348299,negative
lis1ls,PhantomForces,post,1613186476,neutral
lt7eus,ShingekiNoKyojin,post,1614372402,neutral
lk771k,WTF,post,1613368975,neutral
lqtmok,conspiracy,post,1614115879,negative
lg2nh3,gaming,post,1612874938,neutral
louemp,hentai,post,1613903389,negative
lhyumq,memes,post,1613088741,neutral
lgt6gw,memes,post,1612962180,neutral
llyojg,memes,post,1613580142,neutral
lgdrsw,modhelp,post,1612905591,neutral
ldqn2j,polyamory,post,1612588696,neutral
lae0wu,redditrequest,post,1612213302,neutral
lkco3f,redditrequest,post,1613391864,neutral
lluzj4,redditrequest,post,1613570069,neutral
lo3zi1,redditrequest,post,1613814978,neutral
lkap2m,redditrequest,post,1613383667,neutral
lnmta2,roblox,post,1613759251,neutral
lg3wib,waifuism,post,1612879257,positive
lg9bkr,wallstreetbets,post,1612893972,neutral
lg9djb,wallstreetbets,post,1612894114,neutral
lg9mwc,wallstreetbets,post,1612894761,neutral
lc8g69,wallstreetbets,post,1612416133,negative
laj81c,wallstreetbets,post,1612226996,neutral
lab5ps,wallstreetbets,post,1612206364,neutral
lab65y,wallstreetbets,post,1612206392,neutral
la4l1d,wallstreetbets,post,1612190642,neutral
lcvh61,wallstreetbets,post,1612487164,negative
lciear,wallstreetbets,post,1612453385,negative
lc8xwd,wallstreetbets,post,1612417929,neutral
ln985f,Anxiety,post,1613717105,neutral
ljnarg,AutoModerator,post,1613304620,neutral
lo82xs,BitcoinBeginners,post,1613830915,neutral
lnobad,EliteDangerous,post,1613763024,negative
lnql3u,HistoryMemes,post,1613769123,neutral
lg2rxl,ImageStabilization,post,1612875398,neutral
le5qr7,Jokes,post,1612642391,neutral
laagv0,Minecraft,post,1612204728,neutral
lb7qr2,ModSupport,post,1612302988,neutral
lhxyrk,Plumbing,post,1613086217,neutral
lormib,RobinHood,post,1613891874,negative
lqts08,Tallahassee,post,1614116273,positive
llmowi,TwoXSex,post,1613538459,neutral
lm09tw,WatchRedditDie,post,1613584299,negative
lje0gf,adorableporn,post,1613265363,neutral
llikxc,baseball,post,1613524526,neutral
lhzvim,dankmemes,post,1613091813,neutral
lgw1i1,deadbydaylight,post,1612970957,negative
lenfo8,dragonball,post,1612708033,neutral
ln06d8,homeautomation,post,1613689882,neutral
lqfm80,insanepeoplefacebook,post,1614077449,neutral
lm82rr,ladybonersgw,post,1613605151,neutral
lbqlzv,legaladvice,post,1612367719,neutral
lbr2en,modclub,post,1612368866,neutral
llgvt7,modhelp,post,1613519027,neutral
lh3br3,opiates,post,1612989763,positive
lljxao,personalfinance,post,1613529033,neutral
lionzc,redditrequest,post,1613175305,neutral
la4k54,redditrequest,post,1612190578,neutral
ltht7j,redditrequest,post,1614406123,neutral
lfby2o,redditrequest,post,1612791484,neutral
lugbao,redditrequest,post,1614519594,neutral
lad93e,redditrequest,post,1612211461,neutral
lmz8vn,redditrequest,post,1613687443,neutral
lnis2i,redditrequest,post,1613749175,neutral
lkng0b,redditrequest,post,1613423927,neutral
lasutd,rupaulsdragrace,post,1612262484,negative
lsxpd4,showerbeer,post,1614346191,positive
llf33w,unpopularopinion,post,1613513624,negative
lm6p5z,unpopularopinion,post,1613601370,negative
lk1vbi,vancouverwa,post,1613350617,negative
laiawg,wallstreetbets,post,1612224324,positive
lb097j,wallstreetbets,post,1612284638,neutral
lc7ez4,wallstreetbets,post,1612412681,negative
lednr2,AskReddit,post,1612666393,negative
lfddnf,CryptoMarkets,post,1612795924,negative
lsg5p5,DestinyTheGame,post,1614285193,negative
lg7d8w,HistoryMemes,post,1612888987,positive
ld9fqq,NeckbeardNests,post,1612538663,neutral
lf7vrk,OnePiece,post,1612774707,neutral
ljmxf2,Overwatch,post,1613302897,neutral
laemjd,Silverbugs,post,1612214760,positive
le4hu3,XXXTENTACION,post,1612638878,neutral
lulosn,bipolar,post,1614534192,neutral
lq46z7,dankmemes,post,1614039285,neutral
le6ll9,dankmemes,post,1612644897,neutral
lpezqw,discordapp,post,1613967906,neutral
l9zja7,dogecoin,post,1612172544,neutral
l9spsz,fut,post,1612147106,negative
lnya37,meth,post,1613792323,neutral
lky2yk,papermario,post,1613457962,negative
lofzou,podcasting,post,1613853103,neutral
les8x3,redditrequest,post,1612722634,neutral
logjsc,redditrequest,post,1613854698,neutral
lf3pse,redditrequest,post,1612757611,neutral
lf44es,redditrequest,post,1612758968,neutral
lqzpx8,redditrequest,post,1614130755,neutral
ldn1s6,redditrequest,post,1612575996,neutral
ltokxp,redditrequest,post,1614434031,neutral
lhcwhg,softwaregore,post,1613017869,neutral
lie1is,stocks,post,1613145833,negative
lhjsx1,topofreddit,post,1613046966,negative
lhjt15,topofreddit,post,1613046981,negative
lmjrfr,trashy,post,1613644216,negative
lmkrsn,trashy,post,1613648065,negative
lmlg2r,trashy,post,1613650507,negative
lmnap4,trashy,post,1613656546,negative
lmr5qs,trashy,post,1613667029,negative
lax5ci,wallstreetbets,post,1612277287,neutral
lcg34x,wallstreetbets,post,1612446789,neutral
laergn,wallstreetbets,post,1612215094,neutral
l9qqzw,whatisthisthing,post,1612140956,negative
ltm7m8,ACT,post,1614425277,neutral
ljcau0,AutoModerator,post,1613259662,neutral
lskdvo,BoJackHorseman,post,1614296690,neutral
lffk9s,Comcast_Xfinity,post,1612801941,neutral
ll8y1s,CraftBeer,post,1613496766,positive
leqevg,DBZDokkanBattle,post,1612717394,neutral
luk21q,DotA2,post,1614529989,neutral
laxqsy,Fallout,post,1612278679,neutral
lri15s,HunterXHunter,post,1614187053,negative
ljq1s0,NASCAR,post,1613315386,negative
lkimck,NASCAR,post,1613410755,neutral
ljtbe9,TrueOffMyChest,post,1613325097,negative
lsrbah,redditrequest,post,1614319280,neutral
lsreo9,redditrequest,post,1614319654,neutral
ljzchm,redditrequest,post,1613342736,neutral
ldit6i,redditrequest,post,1612563367,neutral
lf7k01,redditrequest,post,1612773177,neutral
ll4675,redditrequest,post,1613483438,neutral
lo5yse,sanantonio,post,1613823320,neutral
l9uo9b,stocks,post,1612153447,neutral
lomgvk,texas,post,1613873001,negative
lomka4,texas,post,1613873316,negative
lp0uln,texas,post,1613925605,negative
luuekf,thebachelor,post,1614556774,neutral
ldc5xy,wallstreetbets,post,1612545861,negative
l9ys0j,wallstreetbets,post,1612169322,neutral
lp49j9,2007scape,post,1613934961,neutral
lk0hop,2007scape,post,1613346271,negative
lhm8aj,AskReddit,post,1613055039,negative
lptn33,Bitcoin,post,1614013458,positive
lajdhk,ColoradoRockies,post,1612227399,negative
ljx0vo,EscapefromTarkov,post,1613335730,negative
lqp7a1,EscapefromTarkov,post,1614104633,negative
lq7k0i,Filmmakers,post,1614049525,neutral
lnghqq,JETProgramme,post,1613743181,negative
lhcmgw,JustUnsubbed,post,1613016872,negative
lo8ok5,LitecoinMarkets,post,1613832790,neutral
lhnd22,ModSupport,post,1613058246,negative
lkrpob,NiceHash,post,1613436488,negative
liihae,NoStupidQuestions,post,1613157595,negative
ldzlhm,NoStupidQuestions,post,1612624831,neutral
llfw9w,PrequelMemes,post,1613516005,neutral
ltgq8f,SWGalaxyOfHeroes,post,1614401994,negative
lgf2of,SquaredCircle,post,1612909215,negative
loh0n1,WatchRedditDie,post,1613856028,neutral
lh8x81,Wilmington,post,1613005081,negative
lnrqaj,Winnipeg,post,1613772553,positive
lmhuov,dankmemes,post,1613636823,neutral
lhl2b1,dogecoin,post,1613051529,neutral
lrdo1y,gravityfalls,post,1614175569,neutral
li6x7c,memes,post,1613118399,neutral
lsp5m3,redditrequest,post,1614311272,neutral
liexkr,redditrequest,post,1613148347,neutral
lrssfv,redditrequest,post,1614215043,neutral
loansy,redditrequest,post,1613838574,neutral
li2nj4,roblox,post,1613100748,negative
ll3pec,roblox,post,1613481845,negative
lnyksp,roblox,post,1613793321,negative
ltrvfd,roblox,post,1614444037,negative
ltrwq7,roblox,post,1614444142,negative
la2a8p,wallstreetbets,post,1612183618,negative
lclrn2,wallstreetbets,post,1612461856,negative
le12rl,wallstreetbets,post,1612629291,negative
ldxwfo,wallstreetbets,post,1612619082,neutral
lgzmv6,AskProgramming,post,1612980388,neutral
lkcg3q,AskReddit,post,1613390922,neutral
ldoet1,AskRedditAfterDark,post,1612580553,negative
lrvzwc,ClashRoyale,post,1614221388,neutral
ldira7,Drugs,post,1612563231,positive
lhrrdb,Entrepreneur,post,1613069895,neutral
lbb8gu,JustUnsubbed,post,1612312868,negative
leriw8,JustUnsubbed,post,1612720654,negative
lk5siz,JustUnsubbed,post,1613363788,negative
lkm1pu,JustUnsubbed,post,1613420095,negative
lkuky3,JustUnsubbed,post,1613445724,negative
llcnb2,JustUnsubbed,post,1613506833,negative
llcq0w,JustUnsubbed,post,1613507043,negative
llcrgi,JustUnsubbed,post,1613507148,negative
lm0m3v,JustUnsubbed,post,1613585150,negative
lnd4xf,JustUnsubbed,post,1613732064,negative
lppwiq,JustUnsubbed,post,1614005703,negative
ltsjhq,JustUnsubbed,post,1614445892,negative
ltyl0c,JustUnsubbed,post,1614463877,negative
lfesma,MandelaEffect,post,1612799888,neutral
le9hai,Marvel,post,1612653323,neutral
ldn8hs,ModSupport,post,1612576631,neutral
lchj8d,SiegeAcademy,post,1612451047,negative
ldl0q6,autism,post,1612569663,negative
lfkcrn,aznidentity,post,1612814477,negative
llgf07,aznidentity,post,1613517534,neutral
lohggl,aznidentity,post,1613857348,neutral
llzd6q,farmingsimulator,post,1613581947,neutral
lug5tn,help,post,1614519145,neutral
lqgifm,ideasfortheadmins,post,1614080654,neutral
lsd300,linuxmint,post,1614277233,negative
lb8dvh,mcrealmsservers,post,1612304674,positive
ltq4w1,nyc,post,1614438872,neutral
lp571v,options,post,1613937585,negative
lhfieh,ptsd,post,1613028362,negative
lgx5dc,redditrequest,post,1612973968,neutral
lnnry6,redditrequest,post,1613761673,neutral
lg687b,redditrequest,post,1612885962,neutral
lhrfq7,redditrequest,post,1613069034,neutral
lq9sh9,redditrequest,post,1614056458,neutral
ln4c7n,redditrequest,post,1613701838,neutral
lugy37,redditrequest,post,1614521427,neutral
ll02nw,redditrequest,post,1613466491,neutral
l9s8ag,redditrequest,post,1612145558,neutral
l9scty,redditrequest,post,1612145956,neutral
liufma,redditrequest,post,1613195341,neutral
leokaw,redditrequest,post,1612711811,neutral
lb9afp,unpopularopinion,post,1612307099,positive
lboupx,wallstreetbets,post,1612363024,positive
lc6mx9,wallstreetbets,post,1612410128,negative
lh75n8,wallstreetbets,post,1612999896,negative
lldqeh,AskReddit,post,1613509794,neutral
lldrhx,AskReddit,post,1613509879,negative
llds72,AskReddit,post,1613509933,negative
l9t590,AskReddit,post,1612148490,negative
l9t6me,AskReddit,post,1612148612,negative
lrcby1,AskReddit,post,1614171644,neutral
lf9usu,BPD,post,1612783558,neutral
ltz680,ConspiracyMemes,post,1614465742,negative
lra20w,FortNiteBR,post,1614164086,neutral
lrau7t,FortNiteBR,post,1614166853,negative
ls4orm,Gameboy,post,1614253216,negative
lgoo3b,GoForGold,post,1612942698,neutral
laszku,HotWheels,post,1612263070,neutral
lszduq,MkeBucks,post,1614351553,neutral
lru8pt,NFL_Draft,post,1614217899,neutral
lex4vb,TheWeeknd,post,1612736459,neutral
lcr8d6,WatchRedditDie,post,1612475535,negative
la2k2x,confessions,post,1612184533,neutral
lqz95q,confessions,post,1614129300,negative
lqptxk,cruisers,post,1614106191,neutral
l9puv2,dogecoin,post,1612138201,negative
l9qxmn,dogecoin,post,1612141493,negative
l9qzti,dogecoin,post,1612141673,negative
lal5h1,investing,post,1612232720,negative
l9t5vu,jetta,post,1612148546,neutral
lnmvyd,modhelp,post,1613759442,neutral
lhncub,podcasting,post,1613058228,positive
lktu5o,redditrequest,post,1613443403,neutral
lm1h6r,redditrequest,post,1613587403,neutral
lenrh9,redditrequest,post,1612709160,neutral
lq0os2,redditrequest,post,1614029845,neutral
lgc729,redditrequest,post,1612901344,neutral
lgc8v3,redditrequest,post,1612901476,neutral
lqh1xr,redditrequest,post,1614082521,neutral
lcndpt,rupaulsdragrace,post,1612465911,negative
lumres,tezos,post,1614536902,neutral
le8px1,wallstreetbets,post,1612651125,positive
lahprj,wallstreetbets,post,1612222726,neutral
ladba8,wallstreetbets,post,1612211613,neutral
lsqftd,wallstreetbets,post,1614315851,neutral
lnnohu,wallstreetbets,post,1613761445,neutral
lnnpuu,wallstreetbets,post,1613761536,neutral
lcpiee,wallstreetbets,post,1612471211,negative
lcmhab,wallstreetbets,post,1612463703,negative
lru2fv,witcher,post,1614217552,neutral
luubip,AgainstHateSubreddits,post,1614556538,negative
lcpmgc,AskReddit,post,1612471497,negative
laad7h,ClashRoyale,post,1612204490,neutral
ljuou0,CoinBase,post,1613329041,negative
lm25w1,Draven,post,1613589208,neutral
leegoz,NarutoFanfiction,post,1612669084,negative
lfdn3j,NoMansSkyTheGame,post,1612796645,neutral
ljdf6o,RBI,post,1613263364,neutral
lcs8hw,ShitPoliticsSays,post,1612478170,negative
lb736c,TREZOR,post,1612301579,neutral
lb7381,TREZOR,post,1612301579,neutral
lof8nq,Warhammer40k,post,1613851014,neutral
lawskp,adrenaline,post,1612276398,negative
lbd10w,dankmemes,post,1612318408,neutral
lp5xdc,dankmemes,post,1613939560,negative
lmrsow,dankmemes,post,1613668571,positive
lu2dh9,fifthworldproblems,post,1614476250,neutral
le0nln,modhelp,post,1612628049,neutral
lrn6xp,newhampshire,post,1614199945,neutral
lhmr91,redditrequest,post,1613056530,neutral
lhp343,redditrequest,post,1613062897,neutral
lhbf1r,redditrequest,post,1613012727,neutral
lqqeyp,relationship_advice,post,1614107640,neutral
ljxz75,tacticalgear,post,1613338556,negative
leyh2j,tressless,post,1612740233,neutral
lu5qi8,vegancirclejerk,post,1614485882,neutral
lcpju4,wallstreetbets,post,1612471312,negative
lcq7y8,wallstreetbets,post,1612472920,negative
lcq8n4,wallstreetbets,post,1612472967,negative
lcqain,wallstreetbets,post,1612473086,negative
lcqbf9,wallstreetbets,post,1612473155,negative
layz11,wallstreetbets,post,1612281647,neutral
lc75a9,wallstreetbets,post,1612411796,neutral
lszx7u,wallstreetbets,post,1614353105,neutral
li7l1t,AskReddit,post,1613121738,neutral
lhz5wq,AskReddit,post,1613089724,neutral
lhz6xd,AskReddit,post,1613089816,neutral
larxbw,BitHeroes,post,1612258306,negative
lm8dd2,CRedit,post,1613606009,negative
lm50ae,Cardiff,post,1613596789,positive
ltt5hy,CryptoCurrency,post,1614447630,neutral
ltv9v4,CryptoCurrency,post,1614453688,positive
lrp8mg,Egypt,post,1614206616,neutral
ldggob,GIRLSundPANZER,post,1612556950,neutral
la71nq,IBO,post,1612196613,negative
lggplu,MensRights,post,1612914073,neutral
lqmw7d,Metallica,post,1614098860,neutral
ls87zx,ModSupport,post,1614264697,neutral
ljdlfp,Re_Zero,post,1613263966,positive
lq3rxw,RocketLeague,post,1614038115,neutral
ldom57,ShittyPoetry,post,1612581281,neutral
lifixo,SubredditDrama,post,1613149892,negative
lo9y4p,TrueCrimeDiscussion,post,1613836548,neutral
le3eqe,UKPersonalFinance,post,1612635877,negative
lbbreh,Ultralight,post,1612314494,negative
lmy46h,UnethicalLifeProTips,post,1613684558,negative
ltagit,askaconservative,post,1614381053,neutral
lei6ce,copypasta,post,1612684254,negative
ljzogs,crossdressing,post,1613343760,neutral
lsfpvq,crossdressing,post,1614284027,negative
lf4hj8,dogecoin,post,1612760339,neutral
lasieu,gatekeeping,post,1612260916,neutral
lbyv2p,gatekeeping,post,1612387836,negative
lbz5f7,gatekeeping,post,1612388560,negative
ld4hgw,gatekeeping,post,1612521105,neutral
ld4hy7,gatekeeping,post,1612521168,neutral
ldsi7u,gatekeeping,post,1612596888,neutral
leboyb,gatekeeping,post,1612660060,negative
lf3m0a,gatekeeping,post,1612757260,neutral
lfp91s,gatekeeping,post,1612827779,neutral
lfxtyr,gatekeeping,post,1612858145,neutral
lfxv4s,gatekeeping,post,1612858291,neutral
lfy6zz,gatekeeping,post,1612859845,neutral
lly2z9,gatekeeping,post,1613578599,neutral
ln4xom,knitting,post,1613703629,neutral
lij7c6,meme,post,1613159622,neutral
lrr5jr,memes,post,1614211688,neutral
laazcb,memes,post,1612205962,neutral
lai11w,modhelp,post,1612223570,neutral
lp64e1,playrust,post,1613940101,negative
lhgt6p,redditrequest,post,1613034296,neutral
lufnxu,redditrequest,post,1614517751,neutral
lo0tl8,redditrequest,post,1613801351,neutral
lnjo1k,secretsanta,post,1613751419,neutral
lcali4,self,post,1612424640,negative
ldm9b7,slp,post,1612573437,negative
lc8kny,softwaregore,post,1612416586,negative
lqm0ts,swtor,post,1614096720,neutral
lkmkdu,teenagers,post,1613421531,neutral
loln38,thebachelor,post,1613870183,neutral
ld4tkt,vegancirclejerk,post,1612522661,negative
lcob4f,wallstreetbets,post,1612468224,neutral
ld72pr,wallstreetbets,post,1612531573,negative
latj5q,wallstreetbets,post,1612265338,neutral
laistl,wallstreetbets,post,1612225788,neutral
lmt5yv,wallstreetbets,post,1613672039,neutral
laz4gt,wallstreetbets,post,1612281999,negative
lnr8vu,wallstreetbets,post,1613771253,negative
lsgxj2,ABCDesis,post,1614287242,neutral
lg2p70,ADHD,post,1612875109,neutral
lq7vxe,AskModerators,post,1614050511,negative
lnosmx,AutoModerator,post,1613764246,neutral
li8e8l,CryptoCurrency,post,1613125512,negative
lk9667,CryptoCurrency,post,1613376961,negative
ld2dwr,DunderMifflin,post,1612511475,neutral
lh1bmy,DunderMifflin,post,1612984704,negative
lonu9k,DunderMifflin,post,1613877791,neutral
lpbawi,ElsaGate,post,1613955634,neutral
lfvp87,FeMRADebates,post,1612849130,negative
le75xq,GaymersGoneMild,post,1612646531,negative
le7lfu,GaymersGoneMild,post,1612647779,negative
le7upr,GaymersGoneMild,post,1612648569,negative
lr9pjd,Music,post,1614162802,neutral
lqqcvz,PurplePillDebate,post,1614107496,neutral
lhqxq4,StardewValley,post,1613067721,neutral
lhi0yn,SubredditDrama,post,1613039498,negative
lll3rh,TownofSalemgame,post,1613532934,neutral
lmris7,WatchRedditDie,post,1613667888,negative
lf2hem,XRP,post,1612753560,neutral
ldhpy9,alcoholicsanonymous,post,1612560360,positive
ltq5ox,battlefield_one,post,1614438943,neutral
lak4hy,buffalobills,post,1612229617,neutral
lhpt46,conspiracy,post,1613064789,negative
lur4i1,ethereum,post,1614548032,negative
lby5t0,leagueoflegends,post,1612386093,negative
lh887w,madlads,post,1613002964,neutral
lhnzpp,memes,post,1613059959,positive
lb2o1j,quityourbullshit,post,1612290481,negative
ljpb6z,reddevils,post,1613312774,neutral
lad1m3,redditrequest,post,1612210953,neutral
ler6sh,redditrequest,post,1612719671,neutral
lqjeei,redditrequest,post,1614089827,neutral
ll8cvm,redditrequest,post,1613495163,neutral
lsy3uw,redditrequest,post,1614347610,neutral
lm3uv7,teenagers,post,1613593803,negative
lsi72y,teenagers,post,1614290656,negative
lphqla,traps,post,1613977723,positive
luc0oj,traps,post,1614505215,neutral
lk7l1c,vexillology,post,1613370435,negative
lh4r5e,wallstreetbets,post,1612993450,negative
lho26b,wallstreetbets,post,1613060145,negative
la21yr,wallstreetbets,post,1612182794,neutral
lc7k3h,wallstreetbets,post,1612413153,negative
lcxv1s,wallstreetbets,post,1612494172,negative
lctw2w,wallstreetbets,post,1612482625,positive
lmopd1,AmItheAsshole,post,1613660604,neutral
ltn7h6,BPD,post,1614429193,positive
lsm5ps,BostonBruins,post,1614301995,neutral
lf29sn,CasualConversation,post,1612752886,negative
lkq0dk,CodeGeass,post,1613431265,neutral
lf5s64,MadeMeSmile,post,1612765388,neutral
le4jhz,Marriage,post,1612639018,neutral
lq0xmb,Michigan,post,1614030475,neutral
lcmpvf,ModSupport,post,1612464309,neutral
lm5exa,ModSupport,post,1613597870,neutral
liyh7k,Sino,post,1613213743,negative
llz32h,Stargate,post,1613581227,positive
lajdjl,StockMarket,post,1612227402,neutral
lrqp7v,TheGoodPlace,post,1614210473,negative
lrqrl7,TheGoodPlace,post,1614210656,negative
lgtyyw,Twitch,post,1612964895,neutral
lrx5tz,XXXTENTACION,post,1614224120,negative
ln5599,ZombieSurvivalTactics,post,1613704243,neutral
lj7xzk,bindingofisaac,post,1613246462,negative
lt7ms7,classicwow,post,1614373023,neutral
lojnv5,creepyPMs,post,1613863920,negative
lea8xg,dankmemes,post,1612655681,neutral
labf04,diabetes_t1,post,1612206971,neutral
lm521g,dirtyr4r,post,1613596923,neutral
lfi37o,dogecoin,post,1612808546,neutral
lkgywt,forza,post,1613406130,neutral
lbmrnr,help,post,1612356364,neutral
llkwyu,redditrequest,post,1613532286,neutral
lewwjv,redditrequest,post,1612735850,neutral
lt6jbr,redditrequest,post,1614370016,neutral
ltl7s3,redditrequest,post,1614421121,neutral
lc7j6y,redditrequest,post,1612413068,neutral
lhalrt,redditrequest,post,1613010233,neutral
lt4pdv,startrekgifs,post,1614365188,neutral
lc4t9f,teenagers,post,1612404510,neutral
lao1ns,teenagers,post,1612242326,negative
lb3ejp,teenagers,post,1612292354,neutral
lb49ih,teenagers,post,1612294487,negative
lcoc76,teenagers,post,1612468278,neutral
lcqzp3,teenagers,post,1612474910,positive
luj2g2,unpopularopinion,post,1614527387,negative
ls6t71,unpopularopinion,post,1614260448,negative
lcz83b,wallstreetbets,post,1612498769,neutral
lce19d,wallstreetbets,post,1612439474,negative
lc7oa2,wallstreetbets,post,1612413542,neutral
ltddo9,worldpolitics,post,1614390552,negative
lpiz6r,BleachBraveSouls,post,1613982391,negative
lq9sp8,DenverBroncos,post,1614056478,positive
lemnbj,Idaho,post,1612705277,negative
lbjctj,Morocco,post,1612342022,positive
lj96h1,OutOfTheLoop,post,1613250104,negative
ln6hxs,TrueOffMyChest,post,1613708336,negative
lm7i1j,WatchRedditDie,post,1613603540,negative
lg8hre,aliens,post,1612891886,negative
lp2mq9,badpeoplestories,post,1613930421,negative
ljd9my,dankmemes,post,1613262826,negative
lkbpwj,darkjokes,post,1613387981,negative
lkbraf,darkjokes,post,1613388149,negative
ldpsw8,depression,post,1612585510,neutral
lalkhx,dogecoin,post,1612234094,neutral
l9sa46,forhonor,post,1612145718,negative
ld5qa2,france,post,1612526454,neutral
lr1dv4,guineapigs,post,1614134136,neutral
lialf9,india,post,1613134966,negative
lai5zb,marilyn_manson,post,1612223977,negative
lgv2e3,memes,post,1612968260,negative
lmkdk4,modhelp,post,1613646541,neutral
lfpjbd,northernlion,post,1612828623,neutral
llly46,politics,post,1613535765,negative
ln1pgl,redditrequest,post,1613694110,neutral
ln1r6o,redditrequest,post,1613694241,neutral
lh48md,redditrequest,post,1612992090,neutral
lenjvk,redditrequest,post,1612708435,neutral
lnif8r,redditrequest,post,1613748227,neutral
loa4v7,redditrequest,post,1613837065,neutral
lplyzi,redditrequest,post,1613993812,neutral
ljk6zh,thebachelor,post,1613288756,negative
lglx8s,waifuism,post,1612931482,negative
lgkgum,wallstreetbets,post,1612926282,negative
lafozl,wallstreetbets,post,1612217398,positive
lc8rpn,wallstreetbets,post,1612417290,negative
lc5mxm,AmItheAsshole,post,1612407025,neutral
lc5ouq,AmItheAsshole,post,1612407198,negative
lfv0wh,AmItheAsshole,post,1612846632,neutral
lgenf7,AmItheAsshole,post,1612908023,negative
lgeu9y,AmItheAsshole,post,1612908544,negative
lgf1cc,AmItheAsshole,post,1612909110,negative
lqi6ck,AmItheAsshole,post,1614086149,negative
lt0l6y,AmItheAsshole,post,1614354976,neutral
lubljj,AmItheAsshole,post,1614503552,neutral
lubms7,AmItheAsshole,post,1614503694,neutral
lrkv5k,AskReddit,post,1614194036,neutral
lukz8s,BitHeroes,post,1614532330,negative
ln2ecd,BravoRealHousewives,post,1613696099,neutral
laimat,Calgary,post,1612225237,neutral
lotu07,Calgary,post,1613901005,neutral
lqv4ot,CollegeBasketball,post,1614119943,neutral
lgbee2,Enough_Sanders_Spam,post,1612899293,neutral
lgpb9u,GoneMild,post,1612945599,neutral
luojmd,Israel,post,1614541420,neutral
lm59dw,ShitRedditSays,post,1613597474,negative
lbfbdu,Showerthoughts,post,1612325817,neutral
lf1cc7,TheWeeknd,post,1612749525,negative
lfcsjp,TheWeeknd,post,1612794158,positive
lkpyb5,TheWeeknd,post,1613431093,neutral
lslxpn,arma,post,1614301317,neutral
lt1mw1,dankmemes,post,1614357731,negative
lcaq17,democrats,post,1612425184,neutral
lbjxig,gtaglitches,post,1612344566,neutral
lhg2uw,memes,post,1613030941,negative
lm2kwe,modhelp,post,1613590346,neutral
lfvtfi,osugame,post,1612849599,neutral
lln85d,phgonewild,post,1613540516,neutral
lccxff,redditrequest,post,1612434728,neutral
lui4w0,redditrequest,post,1614524839,neutral
ll88j8,redditrequest,post,1613494879,neutral
lbhhlj,redditrequest,post,1612333781,neutral
loai76,videoessay,post,1613838125,negative
lc7t09,wallstreetbets,post,1612413986,negative
ldk9l3,wallstreetbets,post,1612567418,negative
lcsm0x,wallstreetbets,post,1612479188,negative
lbt7k8,wallstreetbets,post,1612374114,neutral
lcbz5r,ABCDesis,post,1612430402,neutral
lk08bm,JoeRogan,post,1613345442,negative
lhbvxn,LosAngelesRams,post,1613014337,positive
lmou18,Minecraft,post,1613660969,neutral
lfeptj,ModSupport,post,1612799673,negative
lp9ds7,RoastMe,post,1613949618,neutral
lo4qnb,Stoicism,post,1613818316,neutral
lee4jf,Twitch,post,1612667937,neutral
lhfic8,WatchRedditDie,post,1613028354,negative
ll1f2b,WatchRedditDie,post,1613472768,negative
ldnlqx,XXXTENTACION,post,1612577813,negative
lp9wrb,bostonceltics,post,1613951238,negative
lszybx,cuckquean,post,1614353198,neutral
lmo1wo,drawing,post,1613658757,negative
lmo2yu,drawing,post,1613658846,neutral
lhnlc5,facebook,post,1613058886,neutral
lslrwm,fasting,post,1614300845,positive
ljt5y0,gtaonline,post,1613324668,neutral
leqz1t,help,post,1612719030,neutral
ljlwdg,ideasfortheadmins,post,1613297560,neutral
ljm0xw,ideasfortheadmins,post,1613298237,neutral
ljm37a,ideasfortheadmins,post,1613298595,neutral
lolcsf,ideasfortheadmins,post,1613869270,neutral
lbskks,memes,post,1612372556,neutral
lmujb1,memes,post,1613675442,neutral
lguq5r,memes,post,1612967249,neutral
lm8s87,mildlyinfuriating,post,1613607174,negative
lsf7mr,nbacirclejerk,post,1614282713,neutral
lm2qjw,netsecstudents,post,1613590764,neutral
lqfqb2,redditrequest,post,1614077919,neutral
ln8aos,redditrequest,post,1613713994,neutral
lhf1r2,redditrequest,post,1613026344,neutral
lipcqc,teenagers,post,1613177431,negative
lt4gtv,wallstreetbets,post,1614364552,neutral
lcnlxg,wallstreetbets,post,1612466484,negative
lb51zl,wallstreetbets,post,1612296466,neutral
lcvoui,wallstreetbets,post,1612487786,neutral
la6ria,CPTSD,post,1612195940,negative
lery2h,Calgary,post,1612721791,negative
lik9uc,Csgotrading,post,1613162606,negative
lro546,DenverBroncos,post,1614203894,neutral
lkgpwj,FACEITcom,post,1613405396,neutral
lhhpua,KendrickLamar,post,1613038124,neutral
labdgo,ModSupport,post,1612206869,neutral
lp05tf,ModSupport,post,1613923736,neutral
lreiem,ShittyLifeProTips,post,1614177910,negative
lhmj53,TheAdventureZone,post,1613055894,neutral
leiik0,TwoSentenceHorror,post,1612685886,neutral
lp9gob,aliens,post,1613949863,positive
lnpdb5,beta,post,1613765705,negative
laj1ky,bonehurtingjuice,post,1612226451,positive
lbdvni,cripplingalcoholism,post,1612321147,neutral
lbdwok,cripplingalcoholism,post,1612321224,neutral
lcxdvs,dankmemes,post,1612492706,negative
leqeaw,dogecoin,post,1612717352,neutral
ljiw0o,gmod,post,1613283114,neutral
lup3zi,memes,post,1614542857,neutral
liar9z,memes,post,1613135555,neutral
lba4dh,modhelp,post,1612309528,neutral
legezq,needamod,post,1612676406,neutral
lb8msa,occupywallstreet,post,1612305309,neutral
le76ed,quittingkratom,post,1612646571,neutral
ldc3jw,redditrequest,post,1612545682,neutral
lea9lf,redditrequest,post,1612655744,neutral
lh5a7u,redditrequest,post,1612994810,neutral
ll3uhu,redditrequest,post,1613482344,neutral
laojes,redditrequest,post,1612244081,neutral
lajh6s,redditrequest,post,1612227683,neutral
lgitc6,redditrequest,post,1612920719,neutral
ld1lo8,smalldickproblems,post,1612508041,neutral
laqmhe,teenagers,post,1612252548,negative
lohrrb,teenagers,post,1613858331,negative
lahmw5,wallstreetbets,post,1612222491,neutral
lca5yc,wallstreetbets,post,1612422760,negative
lateio,wallstreetbets,post,1612264806,neutral
la32c9,wallstreetbets,post,1612186188,neutral
lkeu92,Arkansas,post,1613399696,negative
lkfcw9,Arkansas,post,1613401328,negative
lm03t0,AskReddit,post,1613583860,negative
lg4ikt,AskReddit,post,1612881121,neutral
lnd0vn,AutoModerator,post,1613731624,neutral
ltcfkw,CoinBase,post,1614387362,negative
lft3p4,Drizzy,post,1612839911,negative
lekb4r,EnglishLearning,post,1612695027,negative
lpwfbq,Gunners,post,1614019817,negative
lq64bt,HomeDepot,post,1614045066,negative
lo387j,JustUnsubbed,post,1613811612,negative
lf391m,Minecraft,post,1612756078,neutral
lf8776,ModSupport,post,1612776138,negative
lp5ul2,PoliticalHumor,post,1613939340,neutral
l9ua6r,Sneakers,post,1612152168,neutral
ln0d1i,Twitter,post,1613690393,negative
lk87wu,askportland,post,1613373048,neutral
lf58rb,bonehurtingjuice,post,1612763192,negative
lqatb1,dankmemes,post,1614059790,neutral
lstuwk,dankmemes,post,1614330580,neutral
lusy27,ethereum,post,1614552811,neutral
l9xaly,guitarcirclejerk,post,1612163020,negative
l9xipg,guitarcirclejerk,post,1612163927,negative
lijpd6,guitarcirclejerk,post,1613160989,negative
lnzs3h,guitarcirclejerk,post,1613797475,negative
lnztyo,guitarcirclejerk,post,1613797664,negative
ljh4d9,leaves,post,1613276299,negative
ltey0e,menkampf,post,1614395713,negative
lf3do2,modhelp,post,1612756524,neutral
lq6wly,modhelp,post,1614047483,neutral
llhwgq,pcmasterrace,post,1613522303,neutral
llz8d4,redditrequest,post,1613581599,neutral
lm3f4c,redditrequest,post,1613592603,neutral
lre24k,redditrequest,post,1614176664,neutral
lqzcg1,redditrequest,post,1614129580,neutral
lb2e4g,redditrequest,post,1612289782,neutral
lhte1k,reptiles,post,1613074028,negative
lc6758,rit,post,1612408687,negative
ls2c6g,rpg,post,1614243740,neutral
li9xe1,tf2,post,1613132322,negative
lijtjx,thalassophobia,post,1613161322,negative
ld822y,unpopularopinion,post,1612534735,neutral
lg5ymk,vegan,post,1612885242,negative
ljktp1,wallstreetbets,post,1613291960,negative
lgmht3,wallstreetbets,post,1612933651,neutral
lqx2ge,Denver,post,1614124315,neutral
lp7rs2,Hiphopcirclejerk,post,1613944873,neutral
loo7u4,KSU,post,1613879128,neutral
lk3wjq,ModSupport,post,1613357313,neutral
lukzba,NewParents,post,1614532334,neutral
ldxp34,NoFap,post,1612618283,neutral
lgl7gn,NoFap,post,1612928864,negative
lgltfb,NoFap,post,1612931067,neutral
liht6p,NoFap,post,1613155875,neutral
lir4c4,NoFap,post,1613183234,neutral
ltv6uf,NoFap,post,1614453428,neutral
la0s76,PewdiepieSubmissions,post,1612177759,negative
ld9hog,Re_Zero,post,1612538819,neutral
lsv0b4,RocketLeague,post,1614335616,neutral
loe5yd,Sino,post,1613848019,negative
lau4e5,Twitch,post,1612267732,neutral
lujuy0,awakened,post,1614529465,negative
lgr53v,aznidentity,post,1612953959,negative
lt60y4,baldursgate,post,1614368658,neutral
lfv699,beermoney,post,1612847144,negative
ltuf9k,cats,post,1614451134,negative
lttuli,copypasta,post,1614449531,negative
lixi91,dankmemes,post,1613208952,negative
lo75vn,dogecoin,post,1613827802,neutral
lijngi,fnafcringe,post,1613160840,neutral
ldewff,formula1,post,1612552841,neutral
lr6ym7,funny,post,1614152627,negative
llr8ip,gaybroscirclejerk,post,1613556681,neutral
lt4ugl,meta,post,1614365556,neutral
lbu67t,modhelp,post,1612376378,neutral
lmgocn,redditrequest,post,1613632567,neutral
lf84r5,redditrequest,post,1612775812,neutral
lj7lkv,redditrequest,post,1613245437,neutral
lb57bm,redditrequest,post,1612296841,neutral
lf95kf,redditrequest,post,1612780452,neutral
lcb5zo,redditrequest,post,1612426953,neutral
lcb6q1,redditrequest,post,1612427032,neutral
ltqew9,secretsanta,post,1614439726,positive
lonp84,shrooms,post,1613877291,neutral
l9u0vm,space,post,1612151332,negative
lr15b1,teenagers,post,1614133620,neutral
lqyx6m,teenagers,post,1614128303,positive
lrxfl6,unpopularopinion,post,1614225011,neutral
ld3ntz,wallstreetbets,post,1612517404,positive
lahba7,wallstreetbets,post,1612221590,neutral
l9tv5d,youtube,post,1612150818,neutral
lsic5u,Adelaide,post,1614291024,neutral
lg988q,AmItheAsshole,post,1612893742,neutral
lsh8dx,AnthemTheGame,post,1614288065,neutral
lj38mg,AskReddit,post,1613232321,neutral
lgtsvw,ComedyNecrophilia,post,1612964336,neutral
lidw2d,DestinyTheGame,post,1613145417,neutral
lm0itb,DestinyTheGame,post,1613584919,neutral
lnjqjp,DestinyTheGame,post,1613751596,neutral
lo6no4,DestinyTheGame,post,1613825991,negative
lgj8et,DoesAnybodyElse,post,1612922143,neutral
le1ior,FIFA,post,1612630558,negative
lfzh97,Feminism,post,1612865427,neutral
leuw9e,FortNiteBR,post,1612730094,neutral
lkys9e,FortNiteBR,post,1613460828,negative
lqwfjm,Games,post,1614122986,neutral
lrxprg,Minecraft,post,1614225929,neutral
lqh8hu,Repsneakers,post,1614083116,neutral
lr2s6f,Repsneakers,post,1614138154,neutral
lc0gvb,Syria,post,1612392025,negative
lgk2u7,Tronix,post,1612924976,positive
ljwocy,UofT,post,1613334704,negative
lpio7v,WEPES,post,1613981200,negative
lki2pm,XRP,post,1613409224,neutral
ljt245,ak47,post,1613324366,negative
le15rq,blackdesertonline,post,1612629539,neutral
lg2x4u,dogecoin,post,1612875893,neutral
ltv5l3,fargo,post,1614453316,neutral
lfhvtm,ffxiv,post,1612808004,negative
lfi0dp,ffxiv,post,1612808342,negative
lfi33p,ffxiv,post,1612808538,negative
lfi8a5,ffxiv,post,1612808905,negative
lfibic,ffxiv,post,1612809142,negative
lfii0i,ffxiv,post,1612809623,negative
lfijox,ffxiv,post,1612809743,negative
lfin30,ffxiv,post,1612809997,negative
lfiw5o,ffxiv,post,1612810677,negative
lfix9r,ffxiv,post,1612810762,negative
lb95su,forsen,post,1612306760,negative
lmxmqh,help,post,1613683325,neutral
ltrh00,memes,post,1614442825,negative
lp7xxa,misophonia,post,1613945329,neutral
llub5q,modhelp,post,1613567883,neutral
lfnewx,pathofexile,post,1612822547,negative
lt6pdu,redditrequest,post,1614370459,neutral
lqic2a,redditrequest,post,1614086652,neutral
laire3,stocks,post,1612225664,neutral
lq635d,teenagers,post,1614044959,negative
luq8r0,teenagers,post,1614545773,negative
li9u8r,titanfall,post,1613131932,negative
lcuojc,wallstreetbets,post,1612484867,neutral
laurpd,wallstreetbets,post,1612270238,neutral
lc72wg,wallstreetbets,post,1612411588,negative
lc7swx,wallstreetbets,post,1612413978,negative
lc8goh,wallstreetbets,post,1612416184,negative
lcx4zs,wallstreetbets,post,1612491980,negative
llwyzo,wallstreetbets,post,1613575697,positive
lc8kjn,wallstreetbets,post,1612416573,negative
ligbd6,wallstreetbets,post,1613151942,negative
lq1xni,2007scape,post,1614033027,negative
lh79le,AskAnthropology,post,1613000193,neutral
lg8j42,Austria,post,1612891983,neutral
lbuh2i,CAguns,post,1612377089,neutral
lpu8v8,CryptoCurrency,post,1614014799,neutral
lq2f5s,Elsanna,post,1614034346,neutral
llc6hu,Hotwife,post,1613505573,negative
ljf6dc,MaddenUltimateTeam,post,1613269309,negative
lcl48j,Paladins,post,1612460226,neutral
lfr7co,Random_Acts_Of_Pizza,post,1612833789,neutral
lmyx2p,Supplements,post,1613686603,neutral
lt0zxc,asktransgender,post,1614356108,negative
lkqhcx,badphilosophy,post,1613432629,negative
lmbbhy,batman,post,1613614873,neutral
lbk32h,copypasta,post,1612345239,negative
lf9499,dankmemes,post,1612780290,negative
ltvz3g,formula1,post,1614455820,neutral
lumspu,modhelp,post,1614536998,neutral
lcgew6,niceguys,post,1612447788,negative
lsgk88,niceguys,post,1614286275,neutral
lsglop,niceguys,post,1614286388,negative
lsgw58,niceguys,post,1614287139,negative
lsr5gp,niceguys,post,1614318642,negative
lhmy4a,nukedmemes,post,1613057079,negative
lj2iif,redditrequest,post,1613230016,neutral
lq7bd0,redditrequest,post,1614048766,neutral
lb4b8a,redditrequest,post,1612294605,neutral
ljoyyi,redditrequest,post,1613311556,neutral
lo76tp,redditrequest,post,1613827892,neutral
ljak9f,redpandas,post,1613254165,negative
lr3kbv,seventhworldproblems,post,1614140622,neutral
lfjtp5,suns,post,1612813103,neutral
lj8bz5,teenagers,post,1613247598,negative
lj8e36,thebachelor,post,1613247775,neutral
lcnu4r,wallstreetbets,post,1612467037,negative
lc8gtf,wallstreetbets,post,1612416196,negative
lspi2i,4chan,post,1614312438,neutral
llj76v,AskModerators,post,1613526636,neutral
lo3kc5,CharacterRant,post,1613813070,negative
lb6mb0,CoinBase,post,1612300525,neutral
lps67f,CryptoCurrency,post,1614010066,negative
lk01db,DID,post,1613344868,neutral
ll6ly9,FortNiteBR,post,1613490543,neutral
lsbx1i,HaloWars,post,1614274225,neutral
ljuqxy,Residency,post,1613329208,negative
lham7x,SCJerk,post,1613010278,negative
ljj47v,britishproblems,post,1613284073,negative
lih5zc,dogecoin,post,1613154150,neutral
lbcc2g,dogecoin,post,1612316269,neutral
lk2043,halo,post,1613351012,neutral
lp4d80,help,post,1613935252,negative
lfkojs,modhelp,post,1612815318,neutral
ln0pzl,msu,post,1613691389,neutral
lf77n4,newzealand,post,1612771611,negative
lbaong,redditrequest,post,1612311207,neutral
lfrfm4,redditrequest,post,1612834531,negative
llm0hc,redditrequest,post,1613535980,neutral
lpafyk,redditrequest,post,1613952869,neutral
lamsdc,redditrequest,post,1612238102,neutral
lf9mgh,redditrequest,post,1612782543,neutral
lt3jtd,redditrequest,post,1614362203,neutral
lfynnq,redditrequest,post,1612861974,neutral
ll2nnc,sadboys,post,1613477944,negative
l9tagz,teenagers,post,1612148946,neutral
l9s9fz,wallstreetbets,post,1612145660,neutral
lc8nl7,wallstreetbets,post,1612416874,neutral
lb7a16,wallstreetbets,post,1612301983,negative
lb7a1t,wallstreetbets,post,1612301983,negative
lb7ahs,wallstreetbets,post,1612302015,negative
ldcem5,wallstreetbets,post,1612546475,neutral
lc7oc9,wallstreetbets,post,1612413547,negative
ljlkfo,2007scape,post,1613295816,neutral
ldpjcw,AmItheAsshole,post,1612584522,negative
lsnmbz,Idaho,post,1614306688,neutral
lid9yx,Texans,post,1613143633,neutral
lkg6ud,TrueOffMyChest,post,1613403870,negative
lmvpf3,dankmemes,post,1613678378,neutral
llrz2a,dankmemes,post,1613559587,negative
lbnfgm,dankmemes,post,1612358666,negative
lgb05a,iamverysmart,post,1612898260,negative
lgb27z,iamverysmart,post,1612898407,negative
lgqhb3,iamverysmart,post,1612950989,negative
lgwitv,iamverysmart,post,1612972300,neutral
lh0dtu,iamverysmart,post,1612982295,neutral
lh73me,iamverysmart,post,1612999775,negative
lefirf,memes,post,1612672905,positive
lp737w,memes,post,1613942887,negative
ln3k5m,modhelp,post,1613699523,neutral
lauo9b,needamod,post,1612269880,neutral
lg368k,privacy,post,1612876782,neutral
lof80z,redditrequest,post,1613850961,neutral
la2cxs,redditrequest,post,1612183887,neutral
lb2poh,skyrimmods,post,1612290596,neutral
llf8tm,skyrimmods,post,1613514090,neutral
lmnmby,skyrimmods,post,1613657495,neutral
lqtjwl,skyrimmods,post,1614115676,neutral
lsqy8b,skyrimmods,post,1614317824,neutral
lfgo2m,southafrica,post,1612804819,negative
lj48im,suggestmeabook,post,1613235421,positive
lb4djw,unpopularopinion,post,1612294769,negative
lrbrn7,vegancirclejerk,post,1614169928,neutral
lcl2gs,wallstreetbets,post,1612460099,neutral
laxvwn,wallstreetbets,post,1612279017,neutral
lcbr0m,2007scape,post,1612429404,neutral
lk0dr2,Advice,post,1613345947,negative
lk0ehf,Advice,post,1613346013,negative
ljvmdg,AskReddit,post,1613331680,negative
lawgwj,AskReddit,post,1612275563,negative
lawgxc,AskReddit,post,1612275565,negative
ljlxyv,ComedyNecrophilia,post,1613297795,neutral
lmf5am,CryptoCurrency,post,1613627414,negative
lnugjl,CryptoCurrency,post,1613780223,negative
lnuycr,CryptoCurrency,post,1613781688,negative
lkidfu,DynastyFF,post,1613410068,negative
lpsk3s,FortNiteBR,post,1614010966,neutral
ldiw6m,GWABackstage,post,1612563588,neutral
lrelft,JustUnsubbed,post,1614178147,negative
ldsa9b,ModSupport,post,1612595831,neutral
lusdir,TrueOffMyChest,post,1614551290,negative
lombuv,WTF,post,1613872533,negative
lr36ih,WTF,post,1614139399,positive
lt4iqj,WTF,post,1614364696,negative
lim4ja,cardano,post,1613167859,neutral
llz3kh,collapse,post,1613581261,neutral
lpeu70,dankmemes,post,1613967370,negative
ld8kvr,depression,post,1612536310,neutral
lk8dvz,help,post,1613373745,neutral
li266t,iamverybadass,post,1613099171,negative
lovrll,lanadelrey,post,1613909100,negative
lfu0wi,modhelp,post,1612843058,neutral
lo34jt,pcmasterrace,post,1613811139,positive
lkhmy8,redditrequest,post,1613408027,neutral
lb9mz6,redditrequest,post,1612308115,neutral
lor2yd,redditrequest,post,1613889703,neutral
lb2apg,redditrequest,post,1612289546,neutral
lncgff,redditrequest,post,1613729447,neutral
lbcp1a,redditrequest,post,1612317400,neutral
ll6cy6,redditrequest,post,1613489871,neutral
libkul,secretsanta,post,1613138441,neutral
ls9qe4,skylanders,post,1614268650,neutral
ljyw8a,socialskills,post,1613341316,negative
lmk7sm,trashy,post,1613645973,negative
la9cho,wallstreetbets,post,1612202048,neutral
ld3k38,wallstreetbets,post,1612516900,neutral
ldrwa9,wallstreetbets,post,1612594091,negative
lgct4f,2007scape,post,1612903027,positive
lsxrzj,4Runner,post,1614346448,negative
ln3uqx,Advice,post,1613700370,negative
lhzyb9,AskReddit,post,1613092061,neutral
lrs015,Brawlhalla,post,1614213613,negative
lkq1r0,CemuPiracy,post,1613431374,neutral
lieqbz,Cuckold,post,1613147777,neutral
loub5x,FreeKarma4U,post,1613902946,negative
lh49hv,Hamilton,post,1612992158,neutral
llheun,PokemonTCG,post,1613520685,neutral
ldt15b,Vent,post,1612599402,negative
lewt25,binance,post,1612735575,neutral
likayt,diablo2,post,1613162686,negative
lghmf3,dirtykikpals,post,1612916837,positive
lbyuqs,dogecoin,post,1612387818,neutral
llu7fn,dogecoin,post,1613567552,negative
llubh7,dogecoin,post,1613567912,neutral
lcamiv,entp,post,1612424763,negative
ldcffm,entp,post,1612546525,negative
lno3gl,exmormon,post,1613762476,positive
llzqxx,help,post,1613582907,neutral
limx3u,ideasfortheadmins,post,1613170163,neutral
loz00b,ideasfortheadmins,post,1613920386,neutral
ljq9yw,pennystocks,post,1613316127,neutral
lfpt8q,redditrequest,post,1612829423,neutral
lbb39l,redditrequest,post,1612312434,neutral
lgl0ad,redditrequest,post,1612928138,neutral
litcai,redditrequest,post,1613191242,neutral
lobmoj,softwaregore,post,1613841223,neutral
lg34m9,sports,post,1612876620,negative
ls0xgn,subnautica,post,1614238031,positive
lpwer5,supremeclothing,post,1614019778,negative
ltrvyv,ucf,post,1614444080,negative
lqap5e,unpopularopinion,post,1614059382,negative
lijd9o,vandwellers,post,1613160060,negative
lc8klz,wallstreetbets,post,1612416580,neutral
lsbww6,wallstreetbets,post,1614274214,negative
lb6qz5,wallstreetbets,post,1612300854,negative
lci3ty,wallstreetbets,post,1612452614,neutral
lgl6ti,warriors,post,1612928801,negative
lgll1e,warriors,post,1612930200,negative
li4vvp,warriors,post,1613109077,neutral
ljxuhn,warriors,post,1613338158,neutral
lr4b67,Anarchism,post,1614143099,negative
lq2irt,AskFeminists,post,1614034619,negative
lm2id0,AutoModerator,post,1613590155,neutral
lufwoy,CollegeBasketball,post,1614518446,neutral
lmpqz0,Destiny,post,1613663452,neutral
l9psjd,DnD,post,1612138001,neutral
ln5qjf,FanFiction,post,1613706074,neutral
labk8k,Fantasy,post,1612207327,positive
lc7i9l,Ghosts,post,1612412982,negative
lt969b,HistoryMemes,post,1614377317,neutral
lekwg7,LGBTeens,post,1612697839,negative
li9srg,NBAForums,post,1613131768,negative
ljufrd,OnePiece,post,1613328309,neutral
lk0jof,OnePiece,post,1613346422,neutral
leaqmv,PhantomForces,post,1612657171,neutral
lk3ww3,Portland,post,1613357348,negative
li3qp2,SCP,post,1613104564,neutral
ldbsxz,StarWarsBattlefront,post,1612544969,positive
lpj5sc,Terraria,post,1613983124,neutral
lmlga6,anime,post,1613650528,neutral
ljm03l,blackops3,post,1613298115,negative
lu1hd5,copypasta,post,1614473340,negative
liwbnh,dankmemes,post,1613203319,neutral
lqbzgg,dankmemes,post,1614063843,neutral
lqbzhy,dankmemes,post,1614063847,neutral
lkrn2a,dontyouknowwhoiam,post,1613436246,neutral
luj7u9,geometrydash,post,1614527802,negative
lmyguy,haiku,post,1613685454,negative
libbg5,memes,post,1613137575,negative
lnlmti,needamod,post,1613756195,neutral
lpzjdt,questions,post,1614027121,negative
lrp3on,r4r,post,1614206261,positive
ltenls,redditrequest,post,1614394784,neutral
lgh2se,redditrequest,post,1612915179,neutral
lk9835,redditrequest,post,1613377215,neutral
lgk0v9,redditrequest,post,1612924784,neutral
lhnwv8,redditrequest,post,1613059750,neutral
ldr5so,sorceryofthespectacle,post,1612590877,negative
ljoann,teenagers,post,1613308940,neutral
lhwqp6,unitedkingdom,post,1613082783,negative
ld0t6n,wallstreetbets,post,1612504762,positive
ldnqj8,wallstreetbets,post,1612578274,negative
le6f9h,wallstreetbets,post,1612644392,negative
lgscvu,wallstreetbets,post,1612959113,negative
lfqirr,wallstreetbets,post,1612831641,negative
lawvjx,wallstreetbets,post,1612276613,neutral
lckpoi,AskReddit,post,1612459188,neutral
lr4d7d,BingeEatingDisorder,post,1614143287,neutral
lu1bgg,Christian,post,1614472788,neutral
lbvsdn,FortNiteBR,post,1612380261,negative
litryo,FreeSpeech,post,1613192784,neutral
lrdriz,MetalMemes,post,1614175840,neutral
lby8pm,ModSupport,post,1612386284,neutral
le2eag,NoStupidQuestions,post,1612633046,neutral
lnrkp7,PersonalFinanceCanada,post,1613772135,neutral
lgsvgn,PrequelMemes,post,1612961077,neutral
lfodpd,RocketLeagueExchange,post,1612825278,neutral
lpca6q,RocketLeagueExchange,post,1613958853,negative
lpebp9,RocketLeagueExchange,post,1613965655,negative
ldnh6b,ShadowBan,post,1612577417,neutral
ljcz39,TopMindsOfReddit,post,1613261831,negative
lex19t,Warthunder,post,1612736196,negative
lcyrt6,actuallesbians,post,1612497204,neutral
lfmxvp,autism,post,1612821251,neutral
lk5b1t,bangalore,post,1613362069,negative
liegki,buffy,post,1613147012,negative
lkj9x0,censorship,post,1613412543,neutral
leqo39,dankmemes,post,1612718127,negative
lswvb6,dankmemes,post,1614343043,neutral
lqelmx,dankmemes,post,1614073444,neutral
lsfsrr,help,post,1614284240,neutral
lfio1g,modhelp,post,1612810071,neutral
lez9mx,pansexual,post,1612742698,neutral
le42nc,pennystocks,post,1612637723,neutral
lm8ksq,redditrequest,post,1613606589,neutral
lukq6g,runescape,post,1614531703,positive
lhxfmc,softwaregore,post,1613084700,negative
lladp4,softwaregore,post,1613500655,negative
lc1f3q,trailerparkboys,post,1612394614,negative
la5lpy,wallstreetbets,post,1612193199,neutral
lpd620,wowservers,post,1613961758,positive
ldvin1,2007scape,post,1612608873,neutral
lihuv2,Austria,post,1613155995,neutral
lh6zma,Bestbuy,post,1612999462,neutral
leszuo,CODZombies,post,1612724722,negative
lamiax,CryptoCurrency,post,1612237171,negative
lfl76z,Cyberpunk,post,1612816675,negative
lfctsw,Egypt,post,1612794267,positive
lr98wg,Filmmakers,post,1614161134,neutral
lmwz7p,Ghosts,post,1613681723,neutral
lhyy0r,HealthInsurance,post,1613089012,neutral
locn80,ModSupport,post,1613843985,neutral
ley1uf,ShadowBan,post,1612738964,neutral
ldcirl,WatchRedditDie,post,1612546747,negative
lndje5,atheism,post,1613733482,neutral
lbri64,conspiracy,post,1612369947,negative
lceas4,dankmemes,post,1612440548,negative
lb19sh,dontyouknowwhoiam,post,1612287061,neutral
lfrq76,marilyn_manson,post,1612835499,neutral
lp56hy,modhelp,post,1613937541,neutral
lqioxy,redditrequest,post,1614087756,neutral
lkk515,redditrequest,post,1613414932,neutral
lielox,redditrequest,post,1613147411,neutral
lac0l7,redditrequest,post,1612208430,neutral
lfn9wb,redditrequest,post,1612822143,neutral
lrmtd1,redditrequest,post,1614199007,neutral
lgfzn1,redditrequest,post,1612911884,neutral
lil6mq,redditrequest,post,1613165166,neutral
lqbw69,redditrequest,post,1614063525,neutral
lqbh4w,vegancirclejerk,post,1614062055,negative
lda8xh,wallstreetbets,post,1612540907,negative
laa7g5,wallstreetbets,post,1612204117,neutral
lebzhj,wallstreetbets,post,1612660987,neutral
lcm2y4,wallstreetbets,post,1612462667,negative
lf67ve,2007scape,post,1612767262,neutral
lnfv6o,ClashOfClans,post,1613741363,negative
lt58x9,FreeSpeech,post,1614366590,neutral
lkdqmz,Garmin,post,1613395961,neutral
li1jbi,IndiaSpeaks,post,1613097076,negative
lai44a,LabiaGW,post,1612223820,neutral
laivrg,OSHA,post,1612225997,negative
lmbu8a,Showerthoughts,post,1613616512,negative
lfhwli,Twitch,post,1612808060,positive
le4cbb,UnnecessaryCensorship,post,1612638439,negative
lrx5m1,XXXTENTACION,post,1614224100,positive
lrx8r5,XXXTENTACION,post,1614224395,neutral
lnvtg2,classicwow,post,1613784337,negative
lehymo,dogecoin,post,1612683226,neutral
lt5unw,freefolk,post,1614368197,positive
lszm9n,modhelp,post,1614352213,negative
leqr4x,nursing,post,1612718381,neutral
lm41ef,paydaytheheist,post,1613594296,neutral
lusdco,redditrequest,post,1614551277,neutral
lrlpsg,redditrequest,post,1614196252,neutral
lq623o,redditrequest,post,1614044869,neutral
lgigx5,redditrequest,post,1612919569,neutral
lo8j4c,redditrequest,post,1613832322,neutral
lns6uy,redditrequest,post,1613773820,neutral
ldqkjc,unpopularopinion,post,1612588420,negative
leoqtj,wallstreetbets,post,1612712384,negative
lcwpuk,wallstreetbets,post,1612490802,neutral
lcyhw0,wallstreetbets,post,1612496247,positive
lc893b,wallstreetbets,post,1612415442,negative
lc8h68,wallstreetbets,post,1612416228,negative
lc8jqe,wallstreetbets,post,1612416486,negative
ld9442,wallstreetbets,post,1612537775,neutral
lc86y2,wallstreetbets,post,1612415245,positive
lastc8,wallstreetbets,post,1612262291,negative
li4wsf,warriors,post,1613109183,neutral
ln1ffu,AMA,post,1613693326,neutral
lbgvlx,ArtistLounge,post,1612331402,negative
lsyx1z,AskDocs,post,1614350181,negative
lhqezu,AskOuija,post,1613066387,neutral
ltscdj,BoostForReddit,post,1614445350,neutral
lh3gyt,China,post,1612990144,negative
lmsnnt,Cyberpunk,post,1613670816,negative
llsq50,JustUnsubbed,post,1613562466,negative
l9znq1,JustUnsubbed,post,1612173063,negative
lqpvip,MechanicAdvice,post,1614106306,neutral
leusmq,ModSupport,post,1612729805,neutral
ljb36e,ModSupport,post,1613255801,neutral
lp5cil,Oppression,post,1613937985,negative
lq2wt1,Oppression,post,1614035665,negative
ltrf7e,SquaredCircle,post,1614442679,neutral
la1dk4,conspiracy,post,1612180186,neutral
libhqp,dankmemes,post,1613138170,neutral
licwhg,dankmemes,post,1613142565,neutral
la11e2,dogecoin,post,1612178816,negative
lbthio,ethereum,post,1612374786,neutral
lk1wsi,furry,post,1613350761,negative
loaltw,litecoin,post,1613838413,neutral
lpe0sx,memes,post,1613964624,neutral
lnvx90,modhelp,post,1613784677,neutral
lfont0,nba,post,1612826042,negative
lnobe1,redditrequest,post,1613763031,neutral
lfytiw,redditrequest,post,1612862750,neutral
lbnlf1,redditrequest,post,1612359221,neutral
letmp8,redditrequest,post,1612726505,neutral
lug6k1,redditrequest,post,1614519206,neutral
liu1ix,rpghorrorstories,post,1613193794,negative
lnatq3,rpghorrorstories,post,1613723067,neutral
lb1ll1,subnautica,post,1612287873,neutral
ld5e4k,subnautica,post,1612525053,negative
leei8k,teenagers,post,1612669246,positive
lahenl,wallstreetbets,post,1612221819,negative
lsfx8s,wallstreetbets,post,1614284577,negative
lhb0hv,wallstreetbets,post,1613011500,negative
lea02a,wallstreetbets,post,1612654911,negative
laov6j,18_19,post,1612245326,positive
lczpg3,AskModerators,post,1612500525,neutral
lopt0n,Audi,post,1613884803,neutral
lett8b,DirtySnapchat,post,1612727019,neutral
lcfnzm,EOOD,post,1612445430,neutral
la82ws,FIFA,post,1612199065,neutral
ldwalm,FIFA,post,1612612461,negative
ldwk4e,FIFA,post,1612613586,negative
lm6mbz,FortNiteBR,post,1613601151,negative
lnn730,HighStrangeness,post,1613760237,positive
lghoii,JordanPeterson,post,1612917022,neutral
lulf49,MarkMyWords,post,1614533509,neutral
lc4oox,NSFWIAMA,post,1612404124,positive
lc4qnl,NSFWIAMA,post,1612404293,positive
lgx856,OnePiece,post,1612974182,neutral
lgv47s,ShadowBan,post,1612968411,negative
lh4tod,ShadowBan,post,1612993631,negative
lmzk29,ShadowBan,post,1613688249,negative
lgrv6p,UKPersonalFinance,post,1612957094,neutral
lkvaxy,Warthunder,post,1613448082,neutral
lle24t,cpp_questions,post,1613510682,neutral
lmwdqp,dankmemes,post,1613680155,neutral
lmwf7q,dankmemes,post,1613680264,neutral
lmuhyg,dogecoin,post,1613675346,neutral
lcx1wp,dogecoin,post,1612491719,negative
lfmz7n,japan,post,1612821353,negative
lh0hk4,jerseycity,post,1612982564,neutral
lk1src,modhelp,post,1613350374,negative
lcwqnb,rant,post,1612490862,negative
la2g3j,redditrequest,post,1612184201,neutral
loq9x1,redditrequest,post,1613886597,neutral
lufme5,redditrequest,post,1614517616,neutral
luipwm,redditrequest,post,1614526435,neutral
ll6phd,redditrequest,post,1613490803,neutral
ls02qx,redditrequest,post,1614234521,neutral
lb79dn,redditrequest,post,1612301953,neutral
lh2p8j,redditrequest,post,1612988152,neutral
l9tbma,redditrequest,post,1612149049,neutral
lajcsj,sex,post,1612227357,positive
lancay,teenagers,post,1612239916,negative
lay964,teenagers,post,1612279895,negative
ljkokz,teenagers,post,1613291201,negative
ljlyvf,teenagers,post,1613297932,negative
lrs533,teenagers,post,1614213875,positive
lrlzie,vegan,post,1614196922,neutral
lcnp75,wallstreetbets,post,1612466720,negative
lhkvf1,wallstreetbets,post,1613050898,negative
lbflu5,2007scape,post,1612326778,negative
lbfwzw,2007scape,post,1612327877,neutral
lbg0o1,2007scape,post,1612328245,neutral
lbrdwg,2007scape,post,1612369647,negative
lby2nd,2007scape,post,1612385885,negative
lcp9vi,2007scape,post,1612470640,neutral
ldbo6f,2007scape,post,1612544650,positive
le8qq7,2007scape,post,1612651193,neutral
lf9ne5,2007scape,post,1612782656,neutral
lfh67t,2007scape,post,1612806156,negative
lgd3co,2007scape,post,1612903849,negative
lggx2m,2007scape,post,1612914697,neutral
lh08pc,2007scape,post,1612981932,neutral
lh121n,2007scape,post,1612984009,negative
lh3lz9,2007scape,post,1612990483,negative
lh3ouh,2007scape,post,1612990690,negative
lhdlku,2007scape,post,1613020414,negative
lhikt3,2007scape,post,1613041806,negative
lhmpjl,2007scape,post,1613056394,negative
li6i2j,2007scape,post,1613116343,neutral
lia3is,2007scape,post,1613133028,negative
lkzv6d,2007scape,post,1613465601,negative
ll2imi,2007scape,post,1613477395,negative
lnbk26,2007scape,post,1613725912,negative
lnce5h,2007scape,post,1613729207,negative
lolsv6,2007scape,post,1613870719,neutral
loydmv,2007scape,post,1613918449,neutral
lprxz0,2007scape,post,1614009559,negative
lqh3z9,2007scape,post,1614082695,negative
lrqjq3,2007scape,post,1614210053,neutral
lrqvvi,2007scape,post,1614210977,negative
lrrlux,2007scape,post,1614212912,negative
lsg8ed,2007scape,post,1614285387,negative
lj8hfp,AgainstHateSubreddits,post,1613248053,negative
lur8ul,AgainstHateSubreddits,post,1614548339,negative
lfm6mf,AskDocs,post,1612819236,neutral
lg5zoe,AskDocs,post,1612885323,neutral
lh1pht,Christianity,post,1612985722,negative
lr5jr0,Comcast_Xfinity,post,1614147419,neutral
lodwts,Conservative,post,1613847361,neutral
lthklq,JusticeServed,post,1614405178,neutral
lb4hnt,MurderedByWords,post,1612295043,neutral
lidf92,NarcissisticAbuse,post,1613144063,negative
llmvv6,PvZGardenWarfare,post,1613539188,negative
lkls3g,RocketLeague,post,1613419380,negative
l9vomq,TheoryOfReddit,post,1612156923,negative
ldg1no,TheoryOfReddit,post,1612555796,neutral
lk0qdo,TheoryOfReddit,post,1613347032,neutral
lpfjr0,TheoryOfReddit,post,1613969869,negative
lt77xb,TheoryOfReddit,post,1614371858,neutral
lmkffx,WTF,post,1613646749,neutral
lpd38w,attackontitan,post,1613961506,negative
lpro6j,bipolar2,post,1614009038,positive
llvy3p,dogecoin,post,1613572905,neutral
ldh2ts,dogecoin,post,1612558616,neutral
lbsd6p,facebook,post,1612372058,neutral
lnd4pc,joi,post,1613732038,positive
lcvd8d,mildlyinfuriating,post,1612486845,negative
lawju0,mildlyinfuriating,post,1612275771,negative
lehx3i,neoliberal,post,1612683024,neutral
ld4trv,redditrequest,post,1612522685,neutral
lh64py,redditrequest,post,1612997131,neutral
lhnsow,redditrequest,post,1613059430,neutral
lqqy1t,redditrequest,post,1614108969,neutral
labsyp,redditrequest,post,1612207915,neutral
lfyx49,redditrequest,post,1612863244,neutral
l9sp41,samharris,post,1612147043,neutral
lc17x7,tampa,post,1612394053,neutral
lhmz19,tf2,post,1613057148,negative
lgk7xc,wallstreetbets,post,1612925449,positive
lc88kc,wallstreetbets,post,1612415393,neutral
lirn0c,Animemes,post,1613185024,negative
lpi4v6,DBZDokkanBattle,post,1613979214,neutral
lf4jqq,Dreadlocks,post,1612760541,negative
lr2srd,FashionReps,post,1614138205,neutral
lr88kb,FreeKarma4U,post,1614157446,positive
ll8q94,ModSupport,post,1613496176,neutral
l9yn7s,NoFap,post,1612168754,negative
lp3485,Oxygennotincluded,post,1613931777,neutral
leqg8q,Residency,post,1612717501,positive
lsh59w,MtF,post,1614287823,negative
llswv2,Screenwriting,post,1613563133,positive
legga9,Stormlight_Archive,post,1612676545,negative
ljdojc,adorableporn,post,1613264262,neutral
li6un2,anarchy,post,1613118043,neutral
lf4j4e,aspergers,post,1612760478,negative
lnin7k,aspergers,post,1613748841,negative
louy8p,beta,post,1613905625,negative
lb2xoe,binance,post,1612291160,negative
lcu1mi,dancemoms,post,1612483037,neutral
lre34w,discordapp,post,1614176743,neutral
lok0vd,ireland,post,1613865046,neutral
lq8xdn,lawofattraction,post,1614053754,neutral
ln5tam,leagueoflegends,post,1613706301,neutral
ldc69r,legaladvice,post,1612545888,neutral
licgsf,memes,post,1613141306,neutral
ljqpv6,newfoundland,post,1613317565,neutral
lnurbp,oblivion,post,1613781104,neutral
ln7xbu,r4r,post,1613712775,negative
lm5192,rape,post,1613596864,neutral
ltgj12,readyplayerone,post,1614401251,neutral
lu111g,redditrequest,post,1614471807,neutral
lfw4la,redditrequest,post,1612850814,neutral
lawbcp,redditrequest,post,1612275145,neutral
lfoh8d,redditrequest,post,1612825529,neutral
lo71si,redditrequest,post,1613827391,neutral
lh939m,redditrequest,post,1613005555,neutral
lt4oi1,redditrequest,post,1614365122,neutral
lm87dz,redditrequest,post,1613605520,neutral
llms8p,redditrequest,post,1613538773,neutral
lu4rse,redditrequest,post,1614483780,neutral
lrweed,runescape,post,1614222208,negative
lpi98c,sporetraders,post,1613979625,neutral
lqvc3q,television,post,1614120444,neutral
lu412n,unpopularopinion,post,1614482035,negative
lhdzso,wallstreetbets,post,1613021942,negative
lcx0ru,webdev,post,1612491617,neutral
lh978k,woooosh,post,1613005889,neutral
lcpfhg,AskReddit,post,1612471002,neutral
lcpg5k,AskReddit,post,1612471048,neutral
lrgo4v,CODZombies,post,1614183686,neutral
lbtzlz,FIFA,post,1612375960,neutral
lcxsm1,Frugal,post,1612493993,neutral
lov3cb,GreenParty,post,1613906244,neutral
lktmog,NotHowDrugsWork,post,1613442758,neutral
lq15z3,TheExpanse,post,1614031056,neutral
lsdfat,ThemeParkitect,post,1614278127,neutral
ldk78p,TruePokemon,post,1612567234,neutral
lf5sa3,UCalgary,post,1612765402,neutral
lbeg7u,WatchRedditDie,post,1612322950,negative
lcy20a,WatchRedditDie,post,1612494777,negative
labtn0,WhitePeopleTwitter,post,1612207960,negative
lfnzzi,chinchilla,post,1612824207,neutral
lszhsu,collapse,post,1614351852,neutral
lm2c1z,dankmemes,post,1613589679,neutral
ltnbjg,houseplants,post,1614429632,neutral
ljp4tj,japancirclejerk,post,1613312139,negative
lnkwth,mcrealmsservers,post,1613754423,neutral
lhpf0v,memes,post,1613063750,neutral
lnew39,meth,post,1613738285,neutral
lg5iqf,montreal,post,1612883999,neutral
lhuvxq,pyrocynical,post,1613077864,negative
lkli28,rape,post,1613418638,neutral
lossqs,redditrequest,post,1613896639,neutral
ld9q2h,redditrequest,post,1612539462,neutral
lu3fum,redditrequest,post,1614480022,neutral
ls0b9i,redditrequest,post,1614235491,neutral
lngh33,redditrequest,post,1613743129,neutral
ljyaee,redditrequest,post,1613339500,neutral
lb2rq5,redditrequest,post,1612290736,neutral
lu0hb6,redditrequest,post,1614469986,neutral
lbjc7p,redditrequest,post,1612341933,neutral
lcfvwo,shrooms,post,1612446142,neutral
lh6ul0,shrooms,post,1612999055,neutral
lmk6s2,trashy,post,1613645859,negative
lmrx4j,unpopularopinion,post,1613668868,neutral
lc9c51,wallstreetbets,post,1612419410,negative
lejima,wallstreetbets,post,1612691055,negative
lekxfp,webdev,post,1612697977,neutral
lfvlrj,2007scape,post,1612848758,negative
lm5m2l,Achievement_Hunter,post,1613598400,neutral
lrp0us,AskReddit,post,1614206055,neutral
lmrouq,AskReddit,post,1613668310,neutral
lgog0g,CoinBase,post,1612941680,neutral
lnuz5y,Comcast_Xfinity,post,1613781758,neutral
loxi40,Draven,post,1613915584,negative
lqufd0,Drugs,post,1614117993,neutral
lls77s,DuelLinks,post,1613560441,negative
ljlg29,Eve,post,1613295143,neutral
loboro,MakeNewFriendsHere,post,1613841377,neutral
lgzfiv,ModSupport,post,1612979904,neutral
lnhu91,Physics,post,1613746756,neutral
ladjb1,Smite,post,1612212154,neutral
lpboy6,atheism,post,1613956901,neutral
lmg823,dankmemes,post,1613631068,negative
le4q41,dogecoin,post,1612639542,positive
lk65te,dogecoin,post,1613365155,positive
luowx7,dogecoin,post,1614542377,neutral
lrptp3,footballmanagergames,post,1614208122,neutral
lh1zzh,gofundme,post,1612986440,negative
lldub5,modhelp,post,1613510087,neutral
lb8y7b,motorsportsstreams,post,1612306175,neutral
lbvek3,neckbeardstories,post,1612379317,negative
le64uj,redditrequest,post,1612643525,neutral
lsid8d,redditrequest,post,1614291101,neutral
lc9hee,redditrequest,post,1612419991,neutral
ljxzh7,redditrequest,post,1613338579,neutral
lhfu4l,redditrequest,post,1613029852,neutral
lnrcvo,redditrequest,post,1613771559,neutral
lg9af0,streetwear,post,1612893895,neutral
lrok98,streetwear,post,1614204911,neutral
lr9p67,teenagers,post,1614162761,negative
lty0s9,tolkienfans,post,1614462130,positive
lc23ac,triplej,post,1612396548,neutral
lkgtdm,unpopularopinion,post,1613405678,negative
lca4ln,wallstreetbets,post,1612422609,negative
le2nco,wallstreetbets,post,1612633730,neutral
lch03n,wallstreetbets,post,1612449570,negative
lcg6ai,wallstreetbets,post,1612447075,negative
laa8kl,wallstreetbets,post,1612204192,neutral
lb1cft,wallstreetbets,post,1612287244,neutral
lnvg2p,wallstreetbets,post,1613783180,negative
lccn60,2007scape,post,1612433439,positive
lsuku0,2meirl4meirl,post,1614333755,neutral
lt0l50,Animemes,post,1614354972,neutral
ldmoft,AskOuija,post,1612574784,negative
lbu823,BitcoinCA,post,1612376497,neutral
licb5q,CorporateFacepalm,post,1613140813,neutral
lifusc,DestinyTheGame,post,1613150742,neutral
lc9kab,FortNiteBR,post,1612420323,neutral
lkjxpa,JustUnsubbed,post,1613414360,negative
lodpcn,MysteryDungeon,post,1613846816,neutral
loe73n,MysteryDungeon,post,1613848100,neutral
loe7p4,MysteryDungeon,post,1613848145,neutral
logy6v,MysteryDungeon,post,1613855832,neutral
lohd70,MysteryDungeon,post,1613857072,neutral
loheja,MysteryDungeon,post,1613857190,neutral
lohq16,MysteryDungeon,post,1613858180,neutral
lq5ybk,MysteryDungeon,post,1614044556,neutral
lonnj8,Psychonaut,post,1613877125,neutral
lakpqh,Ripple,post,1612231357,negative
llf2mw,SquaredCircle,post,1613513587,negative
llf4dd,SquaredCircle,post,1613513729,negative
lrh5e9,Svenska,post,1614184906,neutral
lgnqb6,TooAfraidToAsk,post,1612938568,positive
lfgxln,Virginia,post,1612805529,neutral
lg6p6b,YouShouldKnow,post,1612887196,negative
letwu2,armenia,post,1612727297,negative
lu1xof,audiophile,post,1614474821,neutral
lju36u,bugs,post,1613327314,negative
lpxbcv,classicwow,post,1614021850,neutral
lb7p9g,dankmemes,post,1612302886,positive
lnmci2,dankmemes,post,1613758042,neutral
ld3l11,dogecoin,post,1612517025,neutral
ll581d,elderscrollsonline,post,1613486629,negative
lresyf,exmuslim,post,1614178707,negative
lc9m7k,guitarcirclejerk,post,1612420533,negative
li7drn,lgbt,post,1613120767,neutral
lfvl2n,luciomains,post,1612848686,neutral
lnfkb0,raisedbyborderlines,post,1613740471,neutral
l9v7av,redditrequest,post,1612155281,neutral
lm6o4s,redditrequest,post,1613601289,neutral
lhk5jz,redditrequest,post,1613048360,neutral
lpxof1,redditrequest,post,1614022720,neutral
lqvgbb,redditrequest,post,1614120741,neutral
lbqpsh,redditrequest,post,1612368002,neutral
lfeqtp,sanfrancisco,post,1612799749,negative
lc6gp6,stopdrinking,post,1612409549,negative
lnmu6n,teenagers,post,1613759314,negative
lqdesw,teenagers,post,1614069034,negative
lqz59c,teenagers,post,1614128978,negative
layh5g,todayilearned,post,1612280451,neutral
lh1owz,wallstreetbets,post,1612985681,neutral
lc7qnx,wallstreetbets,post,1612413769,positive
lhmwlb,wallstreetbets,post,1613056964,negative
lcho8f,wallstreetbets,post,1612451427,neutral
lrqbsa,ABCDesis,post,1614209458,negative
lk4ysy,AnimalsBeingBros,post,1613360870,neutral
lftnoc,ApplyingToCollege,post,1612841810,neutral
lj50y4,AskReddit,post,1613237780,neutral
lpgf7c,Attackontitangame,post,1613973036,negative
ldgaxl,Bestbuy,post,1612556508,negative
lju8je,Christianity,post,1613327731,negative
la8r7a,CryptoCurrency,post,1612200662,negative
lkff5l,Destiny,post,1613401517,negative
libm06,ModSupport,post,1613138543,neutral
lisk7b,PhantomForces,post,1613188387,neutral
lfo2pz,Piracy,post,1612824423,neutral
llt75a,RequestABot,post,1613564129,neutral
le4ct4,SonicTheHedgehog,post,1612638478,neutral
llzyai,Spiderman,post,1613583446,neutral
lqf0w4,TheLastAirbender,post,1614075108,negative
lu87o7,TheLastAirbender,post,1614491290,neutral
ltm4yl,UKPersonalFinance,post,1614424989,neutral
lfbrp8,Warthunder,post,1612790882,negative
lpvrnd,conspiracy,post,1614018289,negative
lkjkue,conspiracy,post,1613413371,neutral
li8pz0,india,post,1613127040,negative
lpptwx,modhelp,post,1614005534,neutral
lo4cur,popping,post,1613816571,negative
lijs07,redditrequest,post,1613161203,neutral
lcgzcw,redditrequest,post,1612449508,neutral
lpv84k,redditrequest,post,1614017049,neutral
latizl,redditrequest,post,1612265317,neutral
lmi0td,selfharm,post,1613637444,neutral
lk7gyx,sex,post,1613369973,neutral
lrqb0d,stalker,post,1614209402,negative
ltuzrj,wallstreetbets,post,1614452818,neutral
ldpsrw,wallstreetbets,post,1612585496,negative
lb4wbm,wallstreetbets,post,1612296069,negative
lbpt07,wallstreetbets,post,1612365571,neutral
ld8mig,wallstreetbets,post,1612536450,negative
lb1y5g,wallstreetbets,post,1612288729,neutral
lcz8oy,wallstreetbets,post,1612498827,neutral
lb1q5h,AdviceAnimals,post,1612288188,negative
lb2vhr,AdviceAnimals,post,1612291003,negative
lhs485,DayZmod,post,1613070796,negative
lemob0,FACEITcom,post,1612705375,neutral
lqyjyp,FACEITcom,post,1614127464,neutral
lcr061,ModSupport,post,1612474947,negative
lnv9ms,ModSupport,post,1613782647,neutral
lradqw,ModSupport,post,1614165213,neutral
lc234w,NoStupidQuestions,post,1612396535,negative
ls5xjr,PewdiepieSubmissions,post,1614257625,neutral
los614,SuicideWatch,post,1613894120,positive
lp9qqk,ThickDick,post,1613950728,neutral
lq1u4e,ThickDick,post,1614032756,neutral
lcadvl,bangalore,post,1612423734,neutral
leznu6,childfree,post,1612743967,neutral
lp82jc,copypasta,post,1613945694,negative
lgtx0z,copypasta,post,1612964719,negative
lqt2ed,dankmemes,post,1614114388,negative
lpef9g,discordapp,post,1613965996,neutral
lonr83,discordapp,post,1613877491,neutral
ld1d04,dogecoin,post,1612506989,negative
ld27o2,dogecoin,post,1612510700,neutral
lhcata,excel,post,1613015759,negative
lf1fi1,facepalm,post,1612749795,negative
ler6rl,forhonor,post,1612719669,negative
lgiho9,forhonor,post,1612919633,neutral
lsgy2a,forhonor,post,1614287280,negative
lakj3s,forsen,post,1612230820,neutral
lb0sx6,forsen,post,1612285934,neutral
lbxm8o,forsen,post,1612384747,neutral
lk0t8e,forsen,post,1613347265,neutral
llml9m,forsen,post,1613538127,neutral
loe5c9,forsen,post,1613847974,neutral
lpz3yn,forsen,post,1614026105,neutral
lpz92s,forsen,post,1614026447,neutral
lpzl10,forsen,post,1614027223,neutral
ls4zpp,forsen,post,1614254408,neutral
lu0702,forsen,post,1614469021,neutral
luti26,forsen,post,1614554290,negative
lbqnne,furry,post,1612367841,neutral
lcfab1,geometrydash,post,1612444158,negative
lel827,goth,post,1612699313,neutral
loi0mp,help,post,1613859034,neutral
lakcqf,loseit,post,1612230274,negative
ldmc6r,macdemarco,post,1612573700,neutral
lgbz7v,modhelp,post,1612900791,neutral
ldwzwj,namenerds,post,1612615487,neutral
llb1mq,nba,post,1613502430,neutral
lfqe4m,paydaytheheist,post,1612831248,neutral
lk1eev,paydaytheheist,post,1613349092,neutral
luj7qv,redditrequest,post,1614527795,neutral
ljc19r,redditrequest,post,1613258800,neutral
ltb7zd,redditrequest,post,1614383445,neutral
lb7ksg,redditrequest,post,1612302592,neutral
ldgags,redditrequest,post,1612556474,neutral
lh0wz3,redditrequest,post,1612983648,neutral
lua9hw,redditrequest,post,1614498330,neutral
lcp7sz,rnb,post,1612470496,neutral
lj3gdi,singapore,post,1613232982,neutral
lcg72g,teenagers,post,1612447143,neutral
ldezsk,teenagers,post,1612553077,negative
lqx090,teenagers,post,1614124191,negative
lt9x8i,teenagers,post,1614379468,negative
lmnk91,trashy,post,1613657326,negative
lk0kjh,unpopularopinion,post,1613346501,negative
lbp39w,wallstreetbets,post,1612363689,neutral
l9xfqs,wallstreetbets,post,1612163586,neutral
lc7ys8,wallstreetbets,post,1612414528,negative
lq69lw,worldpowers,post,1614045511,neutral
lgs07v,2007scape,post,1612957702,negative
lb8soe,AccidentalRenaissance,post,1612305753,neutral
lp3tnr,Advice,post,1613933747,neutral
ldmc7r,Anxiety,post,1612573702,negative
lurwjb,AskReddit,post,1614550028,neutral
ljwv4u,Capitalism,post,1613335250,positive
lsp29y,Firearms,post,1614310958,neutral
lpcpsw,FreeKarma4U,post,1613960283,negative
lmxvuv,Louisiana,post,1613683975,neutral
l9xorz,MensRights,post,1612164646,negative
ll8qrh,NYYankees,post,1613496213,neutral
lcxuik,NoStupidQuestions,post,1612494124,negative
lhpzls,PvZGardenWarfare,post,1613065265,negative
lumfi7,Scotland,post,1614536064,positive
lgto5p,TheWeeknd,post,1612963874,neutral
lm8hwd,TooAfraidToAsk,post,1613606383,negative
lowl57,TooAfraidToAsk,post,1613912359,neutral
lr5nzh,TooAfraidToAsk,post,1614147847,neutral
lo1gi5,boobs,post,1613803882,negative
lol96o,britishproblems,post,1613868954,neutral
lprc8e,coins,post,1614008485,neutral
lu7hxl,coins,post,1614489710,neutral
lefj2e,dankmemes,post,1612672940,positive
liipzc,dogecoin,post,1613158271,negative
lctbzf,fivenightsatfreddys,post,1612481068,neutral
ldr996,help,post,1612591280,neutral
llginv,marketing,post,1613517853,negative
lkjcrm,modhelp,post,1613412750,neutral
lij0ei,modhelp,post,1613159079,neutral
ldxfbn,modhelp,post,1612617203,neutral
lamz7c,pennystocks,post,1612238694,negative
lch3ws,podcasting,post,1612449865,neutral
lrni04,powerrangers,post,1614200875,neutral
leazb7,raisedbynarcissists,post,1612657882,neutral
leb4iy,raisedbynarcissists,post,1612658373,neutral
lb1s3i,redditdev,post,1612288320,neutral
lmla8v,redditrequest,post,1613649893,neutral
lm2dxh,redditrequest,post,1613589824,neutral
lkwwn8,redditrequest,post,1613453521,neutral
lai3ny,redditrequest,post,1612223784,neutral
lai4ft,redditrequest,post,1612223847,neutral
lpff3j,redditrequest,post,1613969396,neutral
lp7t0l,science,post,1613944962,neutral
lp7t1a,science,post,1613944964,neutral
lp7t1o,science,post,1613944965,neutral
lp7t9f,science,post,1613944980,neutral
lp7t9r,science,post,1613944981,neutral
lp7t9y,science,post,1613944981,neutral
lp7tab,science,post,1613944982,neutral
lp7tah,science,post,1613944982,neutral
lp7tar,science,post,1613944983,neutral
lp7taz,science,post,1613944984,neutral
lp7tbd,science,post,1613944984,neutral
lp7tbm,science,post,1613944985,neutral
lp7tcw,science,post,1613944987,neutral
lp7td4,science,post,1613944988,neutral
lp7tdf,science,post,1613944989,neutral
lp7tdt,science,post,1613944990,neutral
lp7te9,science,post,1613944990,neutral
lp7tek,science,post,1613944991,neutral
lp7tex,science,post,1613944992,neutral
lp7tfe,science,post,1613944993,neutral
lp7tfp,science,post,1613944993,neutral
lp7tg4,science,post,1613944994,neutral
lp7tgj,science,post,1613944994,neutral
lp7tgy,science,post,1613944996,neutral
lp7th3,science,post,1613944996,neutral
lp7the,science,post,1613944997,neutral
lp7tho,science,post,1613944997,neutral
lp7thx,science,post,1613944998,neutral
lp7tij,science,post,1613944999,neutral
lp7tj1,science,post,1613945000,neutral
lp7tjf,science,post,1613945001,neutral
lp7tkn,science,post,1613945003,neutral
lp7tku,science,post,1613945004,neutral
lp7tlc,science,post,1613945004,neutral
lp7tlm,science,post,1613945005,neutral
lp7tm4,science,post,1613945006,neutral
lp7tmh,science,post,1613945007,neutral
lp7tmz,science,post,1613945007,neutral
lp7tng,science,post,1613945008,neutral
lp7tny,science,post,1613945009,neutral
lp7tog,science,post,1613945010,neutral
lp7toz,science,post,1613945011,neutral
lp7tpn,science,post,1613945012,neutral
lp7tq5,science,post,1613945013,neutral
lp7tqi,science,post,1613945014,neutral
lp7tqw,science,post,1613945015,neutral
lp7trf,science,post,1613945016,neutral
lp7tsd,science,post,1613945018,neutral
lp7tsq,science,post,1613945019,neutral
lp7tt1,science,post,1613945020,neutral
lp7ttr,science,post,1613945021,neutral
lp7tu1,science,post,1613945021,neutral
lp7tum,science,post,1613945023,neutral
lp7tv5,science,post,1613945024,neutral
lp7tvo,science,post,1613945024,neutral
lp7tvv,science,post,1613945025,neutral
lp7tw8,science,post,1613945026,neutral
lp7tws,science,post,1613945027,neutral
lp7txa,science,post,1613945029,neutral
lp7txm,science,post,1613945029,neutral
lp7ty4,science,post,1613945030,neutral
lp7tyd,science,post,1613945031,neutral
lp7tyw,science,post,1613945032,neutral
lp7tzd,science,post,1613945033,neutral
lp7tzr,science,post,1613945033,neutral
lp7u11,science,post,1613945034,neutral
lp7u1d,science,post,1613945035,neutral
lp7u1u,science,post,1613945036,neutral
lp7u2g,science,post,1613945037,neutral
lp7u2u,science,post,1613945038,neutral
lp7u3c,science,post,1613945039,neutral
lp7u4l,science,post,1613945039,neutral
lp7u55,science,post,1613945040,neutral
lp7u5n,science,post,1613945041,neutral
lp7u6b,science,post,1613945042,neutral
lp7u6l,science,post,1613945043,neutral
lp7u70,science,post,1613945044,neutral
lp7u7f,science,post,1613945044,neutral
lp7u84,science,post,1613945046,neutral
lp7u8i,science,post,1613945046,neutral
lp7u8u,science,post,1613945047,neutral
lp7u98,science,post,1613945048,neutral
lp7u9o,science,post,1613945049,neutral
lp7uaf,science,post,1613945050,neutral
lp7uas,science,post,1613945051,neutral
lp7ub6,science,post,1613945051,neutral
lp7ubn,science,post,1613945052,neutral
lp7uc7,science,post,1613945053,neutral
lp7ucr,science,post,1613945054,neutral
lp7ud4,science,post,1613945055,neutral
lp7udd,science,post,1613945056,neutral
lp7ue6,science,post,1613945058,neutral
lp7uf0,science,post,1613945059,neutral
lp7ufw,science,post,1613945061,neutral
lp7ug6,science,post,1613945062,neutral
lp7ugj,science,post,1613945062,neutral
lp7ugt,science,post,1613945063,neutral
lp7uh1,science,post,1613945064,neutral
lp7ui8,science,post,1613945066,neutral
lp7urk,science,post,1613945085,neutral
lp7uro,science,post,1613945086,neutral
lp7us2,science,post,1613945087,neutral
lpyt7r,ideasfortheadmins,post,1614025404,positive
lls9i5,modhelp,post,1613560654,neutral
lpz8k0,movies,post,1614026416,neutral
lbsfls,pokemon,post,1612372226,neutral
lguslv,rant,post,1612967444,negative
lnihii,redditrequest,post,1613748401,neutral
lh97kg,redditrequest,post,1613005916,neutral
lnuoz1,redditrequest,post,1613780918,neutral
la397y,redditrequest,post,1612186790,neutral
llsnht,redditrequest,post,1613562170,neutral
lj7vv5,rickandmorty,post,1613246300,negative
lpqp3v,runescape,post,1614007398,positive
lkxe10,teenagers,post,1613455351,negative
lad92a,worstof,post,1612211459,negative
lcdcqd,DBZDokkanBattle,post,1612436546,neutral
ld3i6g,Diepio,post,1612516646,neutral
lcduhm,ElectricSkateboarding,post,1612438660,neutral
lhpzn2,ModSupport,post,1613065267,neutral
lod8rr,ModSupport,post,1613845566,negative
llut4v,NoStupidQuestions,post,1613569533,neutral
lfkt5n,Outlander,post,1612815648,positive
lcg7wz,Showerthoughts,post,1612447213,neutral
lcg9dk,Showerthoughts,post,1612447325,neutral
lcqw0x,Showerthoughts,post,1612474637,negative
lerf7w,Showerthoughts,post,1612720357,negative
lesjjh,Showerthoughts,post,1612723457,negative
lgzcse,Showerthoughts,post,1612979694,negative
ljf8xo,Showerthoughts,post,1613269561,negative
llk2xs,Showerthoughts,post,1613529577,negative
lls1qj,Showerthoughts,post,1613559835,negative
lmt0fg,Showerthoughts,post,1613671691,neutral
lp7gmf,Showerthoughts,post,1613943972,negative
lpdrcl,Showerthoughts,post,1613963719,neutral
lqnada,Showerthoughts,post,1614099837,negative
lr3g19,Showerthoughts,post,1614140236,negative
lr4zxw,Showerthoughts,post,1614145511,negative
ltbhsw,Showerthoughts,post,1614384300,negative
ltptpj,Showerthoughts,post,1614437972,negative
ls9hxc,TownofSalemgame,post,1614268028,neutral
la04vk,batman,post,1612175051,negative
lstjkk,coys,post,1614329166,neutral
llr50a,darkjokes,post,1613556344,negative
lsa50j,discordapp,post,1614269672,neutral
lmbkrm,dogecoin,post,1613615687,neutral
lka1f8,flatearth,post,1613380837,neutral
llggkr,insanepeoplefacebook,post,1613517672,neutral
lfk1gs,jakeandamir,post,1612813660,negative
lpxf3i,memes,post,1614022098,neutral
lfym6k,mildlyinfuriating,post,1612861775,neutral
lt8uso,redditrequest,post,1614376443,neutral
lc85yx,redditrequest,post,1612415159,neutral
lee8at,redditrequest,post,1612668312,negative
latpg0,redditrequest,post,1612266075,neutral
lh08eh,redditrequest,post,1612981909,neutral
lipor9,redditrequest,post,1613178448,neutral
lbtqj1,redditrequest,post,1612375375,neutral
lqddst,redditrequest,post,1614068928,neutral
lsaksi,redditrequest,post,1614270835,neutral
liksxc,relationship_advice,post,1613164094,neutral
lctrrh,skylanders,post,1612482277,negative
lor003,teenagers,post,1613889357,negative
lpcit4,teenagers,post,1613959627,neutral
lafqj4,unpopularopinion,post,1612217514,negative
lbsx7i,unpopularopinion,post,1612373408,negative
lbyyrl,unpopularopinion,post,1612388108,negative
ldimx9,unpopularopinion,post,1612562904,negative
ldiyyw,unpopularopinion,post,1612563807,negative
lfpg29,unpopularopinion,post,1612828353,negative
lfpi93,unpopularopinion,post,1612828537,negative
lha10j,unpopularopinion,post,1613008475,negative
lhaco2,unpopularopinion,post,1613009440,negative
lhukse,unpopularopinion,post,1613077103,negative
lj02fx,unpopularopinion,post,1613220928,negative
lj9t9s,unpopularopinion,post,1613251935,negative
lj9yoo,unpopularopinion,post,1613252394,negative
ljj1h5,unpopularopinion,post,1613283731,negative
ljza44,unpopularopinion,post,1613342527,negative
lkumvl,unpopularopinion,post,1613445901,neutral
llc9oz,unpopularopinion,post,1613505793,negative
lli4lf,unpopularopinion,post,1613523048,negative
llib5p,unpopularopinion,post,1613523644,negative
llxuif,unpopularopinion,post,1613578011,negative
lmotra,unpopularopinion,post,1613660948,negative
lnoklf,unpopularopinion,post,1613763677,negative
lntdse,unpopularopinion,post,1613777145,negative
lo2pmv,unpopularopinion,post,1613809267,neutral
lo6njx,unpopularopinion,post,1613825979,negative
lor9s0,unpopularopinion,post,1613890417,neutral
lp79g0,unpopularopinion,post,1613943394,negative
lpbwkc,unpopularopinion,post,1613957586,negative
lpby3h,unpopularopinion,post,1613957723,negative
lpnjib,unpopularopinion,post,1613999124,negative
lq2fue,unpopularopinion,post,1614034396,negative
lqbk93,unpopularopinion,post,1614062361,negative
lqpyr6,unpopularopinion,post,1614106529,negative
lqq35s,unpopularopinion,post,1614106820,negative
lqq4ue,unpopularopinion,post,1614106933,negative
lrneo8,unpopularopinion,post,1614200471,negative
ltbmm3,unpopularopinion,post,1614384712,negative
ltuw7j,unpopularopinion,post,1614452534,negative
luis4u,unpopularopinion,post,1614526599,neutral
luiy1j,unpopularopinion,post,1614527050,neutral
lddrwx,vancouver,post,1612549908,negative
lfncju,wallstreetbets,post,1612822355,neutral
lcsnxt,wallstreetbets,post,1612479330,neutral
lcziom,wallstreetbets,post,1612499825,neutral
lszkas,wallstreetbets,post,1614352056,neutral
laik7b,DestinyTheGame,post,1612225054,negative
lqz2nu,Drugs,post,1614128760,neutral
lmp0bg,FreeCompliments,post,1613661430,positive
lf9s2i,GoForGold,post,1612783222,neutral
ll8nsg,Gunners,post,1613495991,neutral
liuezo,Hamilton,post,1613195259,negative
lfgs6g,Iota,post,1612805123,neutral
lmpm1z,NoStupidQuestions,post,1613663103,neutral
lgrmsu,OneDirection,post,1612956072,positive
lbw49z,OutOfTheLoop,post,1612381090,negative
lcn2mj,OutOfTheLoop,post,1612465197,neutral
lflqeu,OutOfTheLoop,post,1612818068,neutral
lnyrej,OutOfTheLoop,post,1613793912,negative
lnyt5l,OutOfTheLoop,post,1613794080,negative
laxir7,Palestine,post,1612278153,negative
laf56q,Silverbugs,post,1612216046,positive
lemj47,aoe2,post,1612704861,negative
lqt0o5,dankmemes,post,1614114272,neutral
lla2z7,dogecoin,post,1613499852,neutral
ljqy7o,dubai,post,1613318332,positive
ljqyo7,dubai,post,1613318372,positive
ljqzm3,dubai,post,1613318434,positive
lthzj1,dubai,post,1614406834,negative
lsh1xt,dynastywarriors,post,1614287573,negative
liy2at,facepalm,post,1613211693,neutral
liy2zq,facepalm,post,1613211787,neutral
lcmceh,fitnesscirclejerk,post,1612463353,neutral
lq87vw,help,post,1614051544,neutral
lfl2f1,howto,post,1612816321,neutral
lc7nnu,india,post,1612413480,negative
lc7q3d,india,post,1612413713,negative
lc7ynx,india,post,1612414517,neutral
li504u,india,post,1613109558,negative
lm76wx,india,post,1613602753,negative
lnkvej,india,post,1613754327,neutral
lkqhn4,lotr,post,1613432653,neutral
lu9b49,modhelp,post,1614494368,neutral
ldrfcg,nursing,post,1612592015,neutral
lfji68,preppers,post,1612812262,neutral
lrxlzn,quityourbullshit,post,1614225593,negative
lsojnl,redditrequest,post,1614309264,neutral
ljr8uc,redditrequest,post,1613319206,neutral
lsex3v,redditrequest,post,1614281948,neutral
lnzvzf,redditrequest,post,1613797864,neutral
lbu3ha,redditrequest,post,1612376195,neutral
ljmwhk,simpleliving,post,1613302772,positive
li4a3i,tf2memes,post,1613106632,negative
lk3a2a,thebachelor,post,1613355237,positive
l9uhsy,wallstreetbets,post,1612152850,neutral
lf31xl,wallstreetbets,post,1612755469,neutral
lq1dpz,wallstreetbets,post,1614031596,neutral
ln0nv9,youtubers,post,1613691228,negative
ln2abz,Austin,post,1613695742,neutral
lm3j4u,Chattanooga,post,1613592903,neutral
lt1n0v,Christian,post,1614357740,neutral
lfz8gw,CoinBase,post,1612864730,negative
lqrtkc,Denver,post,1614111190,negative
lhb1nl,Firefighting,post,1613011601,positive
lteuk2,FortNiteBR,post,1614395400,negative
lp6ck3,FortNiteBR,post,1613940755,negative
lhp64v,ITCareerQuestions,post,1613063104,neutral
lqpkii,Libertarian,post,1614105546,negative
lctn3l,Markiplier,post,1612481922,neutral
lh49h4,Mavericks,post,1612992157,negative
ld5i1i,Metallica,post,1612525512,neutral
lan9xh,StockMarket,post,1612239691,neutral
lf7pl1,askportland,post,1612773901,negative
lm4zfl,copypasta,post,1613596722,neutral
legt2n,india,post,1612677982,neutral
lcipvk,outside,post,1612454234,neutral
lo0vp2,popping,post,1613801578,positive
llkc3i,redditrequest,post,1613530417,neutral
lszqxi,redditrequest,post,1614352593,neutral
lamqw9,redditrequest,post,1612237963,neutral
ldf0t8,redditrequest,post,1612553140,neutral
ln8nzd,redditrequest,post,1613715190,neutral
lqwdyx,skylanders,post,1614122889,neutral
lsidpt,teenagers,post,1614291138,negative
lsiet2,teenagers,post,1614291219,negative
lsmpqr,teenagers,post,1614303778,negative
lfv60o,unpopularopinion,post,1612847124,negative
lc1up8,wallstreetbets,post,1612395854,neutral
lku5vg,yandere_simulator,post,1613444467,neutral
ls7qga,AskReddit,post,1614263302,neutral
le4boo,Assistance,post,1612638395,neutral
lefjb9,BokuNoHeroAcademia,post,1612672970,negative
lq3xl1,Breadit,post,1614038553,positive
lplprw,CollegeBasketball,post,1613992936,positive
lakhfy,DBZDokkanBattle,post,1612230682,neutral
lh8254,Kappa,post,1613002466,negative
lc7iyh,NBASpurs,post,1612413046,negative
lsmdy5,Plumbing,post,1614302731,neutral
layf64,TrueOffMyChest,post,1612280312,negative
lojikn,bestoflegaladvice,post,1613863465,negative
lhr4hu,bigseo,post,1613068222,neutral
lop8ty,bravelydefault,post,1613882777,neutral
lcxtfv,canes,post,1612494042,neutral
le6nmm,discordapp,post,1612645056,negative
lgah5q,dogecoin,post,1612896939,neutral
lbbfry,dogecoin,post,1612313513,neutral
lg0peb,findapath,post,1612869368,neutral
ln9gs2,help,post,1613717966,neutral
lkj9k1,hoi4,post,1613412514,neutral
lptb3s,mcgill,post,1614012718,neutral
lle9b7,modhelp,post,1613511251,neutral
le6wx6,modhelp,post,1612645812,neutral
lql6u3,myfavoritemurder,post,1614094610,neutral
ljph8v,opendirectories,post,1613313376,neutral
lluqyc,pakistan,post,1613569329,neutral
leyo2i,rant,post,1612740837,negative
leyquy,rant,post,1612741042,neutral
lean7e,redditrequest,post,1612656865,neutral
ll87i1,redditrequest,post,1613494830,neutral
larv1t,redditrequest,post,1612258014,neutral
llxz8j,sanfrancisco,post,1613578325,neutral
lkt0v8,teenagers,post,1613440762,negative
lqjfby,teenagers,post,1614089901,neutral
lk9lgg,teenagers,post,1613378857,neutral
lc01dq,wallstreetbets,post,1612390867,negative
lboc9j,wallstreetbets,post,1612361502,negative
lqb2n6,wallstreetbets,post,1614060667,negative
ln1s35,wallstreetbets,post,1613694313,neutral
lnbel5,wallstreetbets,post,1613725338,neutral
lcijgk,wallstreetbets,post,1612453758,neutral
lcfey5,work,post,1612444597,neutral
lsmy4b,2007scape,post,1614304538,neutral
lt8pa2,2007scape,post,1614376004,neutral
ljuww7,ApplyingToCollege,post,1613329661,neutral
lenptu,AskReddit,post,1612708999,neutral
ll7ymm,AskReddit,post,1613494164,neutral
ll81i4,AskReddit,post,1613494394,neutral
lkbdv1,BoostForReddit,post,1613386626,neutral
ltyuga,BostonU,post,1614464695,negative
ljnkg1,Briggs,post,1613305872,neutral
lkdr3x,CoinBase,post,1613396008,neutral
lb2rd4,ComedyNecrophilia,post,1612290712,negative
lsxzl5,CuteLittleButts,post,1614347195,neutral
lpu4ol,DMAcademy,post,1614014545,neutral
lpygio,Firefighting,post,1614024556,neutral
lo945f,Minecraft,post,1613834130,neutral
lg67zi,NatureIsFuckingLit,post,1612885945,neutral
lpl011,NewTubers,post,1613990367,negative
lr8ko3,Otters,post,1614158668,negative
lfwpy6,PlusSize,post,1612853265,neutral
lbqixc,TownofSalemgame,post,1612367487,neutral
lkn1o4,UCSD,post,1613422850,neutral
lqsomr,Undertale,post,1614113428,neutral
ltna8l,WTF,post,1614429491,neutral
lf4inu,buccaneers,post,1612760439,neutral
lkn0db,dankmemes,post,1613422768,neutral
lchh2t,dogecoin,post,1612450894,positive
lgcltc,dogecoin,post,1612902465,neutral
lhideb,dogecoin,post,1613040987,neutral
la1qfq,funny,post,1612181566,negative
lfgyie,funny,post,1612805597,negative
lg36wk,funny,post,1612876848,negative
loj96x,funny,post,1613862697,negative
lfj8hp,gonewildaudio,post,1612811543,positive
leybkl,help,post,1612739775,negative
lswxz3,modhelp,post,1614343345,neutral
lbw75p,pcgaming,post,1612381284,negative
lbz1ta,popping,post,1612388294,neutral
laxhuh,redditrequest,post,1612278096,neutral
lbhf2q,redditrequest,post,1612333500,neutral
lecd8s,redditrequest,post,1612662190,negative
la5hu4,redditrequest,post,1612192933,neutral
lcrrit,redditrequest,post,1612476912,neutral
lsp801,redditrequest,post,1614311504,neutral
lr5ebj,redditrequest,post,1614146908,neutral
lbczja,stocks,post,1612318276,negative
lbv7hc,stocks,post,1612378853,neutral
lazxnp,trees,post,1612283865,neutral
ltusc6,wallstreetbets,post,1614452230,negative
lbxbdw,wallstreetbets,post,1612384020,positive
lkpem6,yugioh,post,1613429500,negative
lioxnn,AnimalCrossing,post,1613176153,neutral
lgk6z2,ApplyingToCollege,post,1612925360,neutral
lcizxc,CPTSD,post,1612454926,negative
leadtv,CoDCompetitive,post,1612656090,neutral
lh0epr,DnD,post,1612982362,neutral
leqxgn,Habs,post,1612718896,negative
le5fcb,HalfLife,post,1612641530,neutral
ls9ijo,Hammers,post,1614268074,positive
ljf190,IndiaSpeaks,post,1613268785,neutral
ljk6gi,IndiaSpeaks,post,1613288681,neutral
lqbssy,ModSupport,post,1614063163,neutral
l9tn2b,Petioles,post,1612150059,positive
lnt876,PinkOmega,post,1613776708,neutral
ljh81z,Steam,post,1613276708,neutral
lh33ll,TwoXChromosomes,post,1612989168,positive
log4yt,autism,post,1613853523,neutral
lgscxi,bodymods,post,1612959118,neutral
liipem,hentai,post,1613158225,neutral
lhekx3,memes,post,1613024361,neutral
lgdrtc,mercedes_benz,post,1612905592,neutral
lqy4fj,modhelp,post,1614126540,neutral
llxox0,modhelp,post,1613577640,neutral
lk5ult,olympia,post,1613363995,negative
lk45m7,redditrequest,post,1613358145,neutral
lrrjgk,redditrequest,post,1614212723,neutral
lilos8,redditrequest,post,1613166593,neutral
ljshfj,redditrequest,post,1613322737,neutral
llt09j,redditrequest,post,1613563424,neutral
ldrovg,redditrequest,post,1612593155,neutral
lhgo38,redditrequest,post,1613033724,neutral
lqs3fb,redditrequest,post,1614111876,neutral
ljf1k0,shield,post,1613268817,neutral
llej7x,subnautica,post,1613512040,negative
lcrdfy,teenagers,post,1612475901,negative
lm1ug3,trashy,post,1613588393,negative
la57wr,wallstreetbets,post,1612192239,neutral
lqkf3n,wallstreetbets,post,1614092612,negative
lgjsqd,wallstreetbets,post,1612924006,negative
l9u481,wallstreetbets,post,1612151641,neutral
ldokv8,wallstreetbets,post,1612581157,neutral
ldh495,wallstreetbets,post,1612558733,negative
laithb,wallstreetbets,post,1612225829,neutral
lljeh2,Austin,post,1613527310,positive
lqhmtn,BitcoinUK,post,1614084395,neutral
lttvfz,BustyPetite,post,1614449598,neutral
ljrh5d,JusticeServed,post,1613319884,negative
lhn56i,Libertarian,post,1613057630,negative
ldy9d9,MBA,post,1612620411,neutral
layvol,Norse,post,1612281434,neutral
lm8xb2,Plumbing,post,1613607597,neutral
lce26j,SmallYTChannel,post,1612439584,neutral
lml7s5,berlin,post,1613649672,negative
llnzhh,conspiracy,post,1613543472,neutral
lukbzv,cyberpunkgame,post,1614530710,positive
lp2w4s,dankmemes,post,1613931140,negative
lfpr4i,deadbydaylight,post,1612829247,negative
li4u3h,deadbydaylight,post,1613108882,neutral
lid4aj,deadbydaylight,post,1613143192,negative
lsjpgt,deadbydaylight,post,1614294752,negative
ljd3jl,findareddit,post,1613262249,neutral
lmvvw3,findareddit,post,1613678819,negative
lo331j,findareddit,post,1613810953,negative
lqqpum,findareddit,post,1614108385,negative
lsrvtj,goth,post,1614321632,neutral
lrwu25,help,post,1614223085,neutral
ldkvie,italy,post,1612569274,neutral
lepf5e,italy,post,1612714467,negative
lfzjg7,ledgerwallet,post,1612865699,negative
lcahx1,memes,post,1612424232,neutral
lpnvq0,memes,post,1614000184,negative
lpskyu,modclub,post,1614011026,neutral
lbqq72,modhelp,post,1612368021,neutral
lt91nf,pics,post,1614376963,neutral
ltjnry,redditrequest,post,1614414127,neutral
lql0jc,redditrequest,post,1614094174,neutral
lqyo18,redditrequest,post,1614127711,neutral
lfj652,redditrequest,post,1612811375,neutral
lnctxv,redditrequest,post,1613730860,neutral
lt8fl3,runescape,post,1614375239,negative
lp2jm3,teenagers,post,1613930191,neutral
lcbkea,wallstreetbets,post,1612428633,neutral
lh5wlq,wallstreetbets,post,1612996493,negative
ldcy2d,wholesomememes,post,1612547845,negative
lee7xd,wholesomememes,post,1612668277,neutral
lf1iu5,wholesomememes,post,1612750061,neutral
liqote,wholesomememes,post,1613181764,negative
lpxydu,wholesomememes,post,1614023373,negative
le2zus,AnimalCrossing,post,1612634731,positive
ltwl6r,AskEconomics,post,1614457675,negative
lc84sh,AskReddit,post,1612415064,negative
lc86vm,AskReddit,post,1612415238,negative
lhwwp8,Comcast_Xfinity,post,1613083258,neutral
ldr8a3,Drugs,post,1612591187,negative
lbozcr,FACEITcom,post,1612363387,neutral
l9rn0m,MapPorn,post,1612143713,neutral
lszcxj,MapPorn,post,1614351483,neutral
ltc8xd,PrequelMemes,post,1614386774,negative
llk1jq,ShitRedditSays,post,1613529436,negative
lh0fwc,StardewValley,post,1612982447,neutral
lqa9dk,askwomenadvice,post,1614057955,neutral
loap95,badroommates,post,1613838681,neutral
lfpn92,binance,post,1612828934,neutral
lo5a18,binance,post,1613820519,negative
lgxser,dankmemes,post,1612975691,neutral
lahwg9,detroitlions,post,1612223202,neutral
lry7eu,espresso,post,1614227589,negative
lctdwk,europe,post,1612481226,neutral
ldnlht,europe,post,1612577787,negative
lj6acd,europe,post,1613241512,negative
lpdyv1,europe,post,1613964438,negative
lpe0bv,europe,post,1613964580,negative
lpe1fj,europe,post,1613964685,negative
lkp32k,lakers,post,1613428578,neutral
lcmxcx,math,post,1612464840,neutral
lert2d,poker,post,1612721420,neutral
lmk7al,progressive_islam,post,1613645917,negative
lpk4b7,redditrequest,post,1613986868,neutral
lcum8t,redditrequest,post,1612484673,neutral
lah5y1,redditrequest,post,1612221190,neutral
lueqmh,redditrequest,post,1614514851,neutral
llbqgo,redditrequest,post,1613504351,neutral
ljxett,redditrequest,post,1613336851,neutral
lta8sp,redditrequest,post,1614380418,neutral
lksi8l,redditrequest,post,1613439083,neutral
lrbwd7,redditrequest,post,1614170334,neutral
lgoxml,redditrequest,post,1612943942,neutral
la9cg9,redditrequest,post,1612202046,neutral
llegxq,redditrequest,post,1613511853,neutral
lofip2,redditrequest,post,1613851782,neutral
lqtmni,relationship_advice,post,1614115877,neutral
lt4uik,teenagers,post,1614365559,neutral
ldb2jn,unt,post,1612543141,neutral
lebfr2,wallstreetbets,post,1612659304,negative
lg90gd,wallstreetbets,post,1612893197,neutral
lcugty,wallstreetbets,post,1612484200,positive
lcg2a2,wallstreetbets,post,1612446716,negative
lcqz4f,wallstreetbets,post,1612474870,neutral
lcd408,2007scape,post,1612435527,negative
lcdwud,2007scape,post,1612438938,negative
llhyrr,2007scape,post,1613522521,neutral
levu9b,2007scape,post,1612732769,neutral
lpx7qf,AnimalCrossing,post,1614021621,neutral
lal69t,AskMen,post,1612232796,neutral
lcc6wd,AskMen,post,1612431395,neutral
le9nhp,AskMen,post,1612653831,neutral
lemjmx,AskMen,post,1612704915,neutral
les1aq,AskMen,post,1612722036,neutral
lp8dz4,AskMen,post,1613946638,neutral
lpg54k,AskMen,post,1613971973,neutral
lream1,Christianity,post,1614177317,neutral
lu9k2u,ChronicPain,post,1614495384,neutral
lhio02,Cloud9,post,1613042173,negative
ltjt03,Dallas,post,1614414797,neutral
ljzjh4,Mavericks,post,1613343341,neutral
lt0yiz,NoStupidQuestions,post,1614356002,neutral
lpjjd7,PlayStationPlus,post,1613984582,negative
lqacr4,Trumpgret,post,1614058257,negative
lgxn6q,WayOfTheBern,post,1612975300,negative
lpj256,ak47,post,1613982699,negative
lfqjbw,conspiracy,post,1612831692,neutral
ltmx95,conspiracy,post,1614428114,negative
lddmqx,copypasta,post,1612549554,negative
lqnb0d,dankmemes,post,1614099880,negative
lg873i,dankmemes,post,1612891123,negative
lfqzbb,deadbydaylight,post,1612833083,negative
lmkni8,dogecoin,post,1613647590,neutral
l9uc99,dogpictures,post,1612152342,neutral
lquib9,insomnia,post,1614118207,neutral
lcjul8,instant_regret,post,1612457065,negative
lehgcq,instant_regret,post,1612680873,negative
ljrswg,instant_regret,post,1613320822,negative
lq5j5k,korea,post,1614043248,negative
lqbrid,korea,post,1614063044,negative
lqikhy,korea,post,1614087383,negative
l9u930,kratom,post,1612152075,negative
lm3jkx,kratom,post,1613592941,negative
lesogv,memes,post,1612723842,neutral
lt2kkq,pokemon,post,1614359792,positive
loh9sj,redditrequest,post,1613856801,neutral
lgbsx1,redditrequest,post,1612900339,neutral
lsokuv,redditrequest,post,1614309374,neutral
lbqupa,redditrequest,post,1612368332,neutral
lesf6k,redditrequest,post,1612723117,neutral
li3wxf,redditrequest,post,1613105248,neutral
lnneoo,redditrequest,post,1613760763,neutral
lcq2mp,redditrequest,post,1612472579,neutral
lf2h52,redditrequest,post,1612753538,neutral
loc6ry,redditrequest,post,1613842731,negative
lc41mf,wallstreetbets,post,1612402213,negative
lcggut,wallstreetbets,post,1612447955,negative
laovep,wallstreetbets,post,1612245352,neutral
lortvw,wallstreetbets,post,1613892679,negative
lisc4w,witcher,post,1613187583,neutral
lkkg7t,witcher,post,1613415765,neutral
lhrb8t,BabyBumps,post,1613068719,neutral
lcnv51,CryptoCurrency,post,1612467113,neutral
liud23,DirtySnapchat,post,1613195045,neutral
lbbqbh,Genealogy,post,1612314396,positive
lczfwt,Kerala,post,1612499538,negative
lnbmx4,ModSupport,post,1613726242,neutral
liyagj,PokemonGoSpoofing,post,1613212806,negative
lnhzb1,PoliticalHumor,post,1613747087,negative
lr3gg5,Terraria,post,1614140275,negative
lea9kx,TheStrokes,post,1612655742,negative
lpqbpj,WatchRedditDie,post,1614006668,negative
lrj87b,copypasta,post,1614189975,negative
lej2vy,dankmemes,post,1612688745,neutral
lu9gtm,dankmemes,post,1614495013,negative
lmjo4o,darksouls3,post,1613643821,neutral
ldiloe,dogecoin,post,1612562802,negative
le05as,dogecoin,post,1612626532,positive
le08xy,dogecoin,post,1612626860,positive
lcwmh6,fivenightsatfreddys,post,1612490567,neutral
lrvsl7,gtaonline,post,1614220980,neutral
lpevv1,leagueoflegends,post,1613967533,neutral
lscidh,londonontario,post,1614275743,neutral
la4wyu,memes,post,1612191519,negative
ld7ef4,memes,post,1612532685,negative
lu16hi,modhelp,post,1614472338,neutral
lrlcse,nvidia,post,1614195316,neutral
l9x8s7,orangetheory,post,1612162827,neutral
ledshz,orangetheory,post,1612666835,neutral
lf6b2m,orangetheory,post,1612767627,neutral
ljftvr,orangetheory,post,1613271635,neutral
ll1dbm,orangetheory,post,1613472549,neutral
longc7,orangetheory,post,1613876435,neutral
lphlmp,orangetheory,post,1613977228,neutral
lu3sdj,orangetheory,post,1614481235,neutral
ldelf8,pakistan,post,1612552039,negative
lknywo,pokemmo,post,1613425408,negative
lsnjuc,pokemon,post,1614306470,neutral
lbx0em,redditrequest,post,1612383236,neutral
l9pxfr,redditrequest,post,1612138424,neutral
lm1x45,redditrequest,post,1613588567,neutral
lfh7fd,redditrequest,post,1612806244,neutral
llq1tf,redditrequest,post,1613551865,neutral
lik5a0,redditrequest,post,1613162234,neutral
llg49r,redditrequest,post,1613516644,neutral
lkhlst,redditrequest,post,1613407941,neutral
ld4k5e,relationship_advice,post,1612521449,neutral
lemsqf,teenagers,post,1612705826,neutral
lsfysi,teenagers,post,1614284688,neutral
lldqyq,thebachelor,post,1613509836,neutral
lezadk,trans,post,1612742766,neutral
lbwpaq,unpopularopinion,post,1612382512,neutral
larp1s,vainglorygame,post,1612257276,negative
lc86nx,wallstreetbets,post,1612415218,negative
lc73uq,wallstreetbets,post,1612411670,neutral
lm3mir,wisconsin,post,1613593164,positive
l9t91b,AskDocs,post,1612148817,neutral
limnkx,AskDocs,post,1613169408,negative
lg12z6,AskReddit,post,1612871023,neutral
lsk9hz,CrackWatch,post,1614296341,negative
ldycfw,DuelLinks,post,1612620717,neutral
llpi0w,FanFiction,post,1613549529,neutral
lg5vl8,FreeKarma4U,post,1612885005,negative
lgrlxu,FreeKarma4U,post,1612955967,neutral
lq03bx,FreeKarma4U,post,1614028402,negative
lsfws7,FreeKarma4U,post,1614284548,negative
lhcn45,Guiltygear,post,1613016942,neutral
lhi007,Honda,post,1613039391,neutral
livo9p,Ijustwatched,post,1613200379,neutral
la492f,JUSTNOMIL,post,1612189724,negative
leg4fl,NarcissisticAbuse,post,1612675222,negative
ldt9tf,NarutoFanfiction,post,1612600593,positive
lt9p28,Showerthoughts,post,1614378815,negative
lfxkwz,Songwriting,post,1612857016,neutral
lttnjl,VictoriaBC,post,1614449003,neutral
lenz0q,WatchRedditDie,post,1612709902,neutral
lnahw0,ass,post,1613721810,negative
lhvroc,gamedev,post,1613080192,neutral
lpre2a,gonewildaudio,post,1614008571,neutral
lsskpr,memes,post,1614324725,negative
lfz5j0,microsoft,post,1612864349,negative
ld7ddm,options,post,1612532591,positive
lbk13p,raisedbynarcissists,post,1612344994,negative
le5s0b,reddevils,post,1612642490,neutral
lhmgde,redditrequest,post,1613055677,neutral
l9txc2,redditrequest,post,1612151006,neutral
lluvri,redditrequest,post,1613569769,neutral
ltfcg6,redditrequest,post,1614397056,neutral
lb6zgs,redditrequest,post,1612301368,neutral
liy9et,redditrequest,post,1613212661,neutral
linawf,redditrequest,post,1613171237,neutral
lrv330,rickandmorty,post,1614219561,neutral
lci2wh,stocks,post,1612452543,neutral
lpd3om,torontoraptors,post,1613961546,positive
lmpa6s,trashy,post,1613662182,negative
lesfsw,wallstreetbets,post,1612723163,neutral
lf6u71,wallstreetbets,post,1612769980,negative
lig5t9,wallstreetbets,post,1613151568,neutral
loveb6,wallstreetbets,post,1613907580,neutral
lci4z1,wallstreetbets,post,1612452700,positive
lfc5yb,writing,post,1612792202,neutral
lqr13x,yugioh,post,1614109185,neutral
lcyo53,AskReddit,post,1612496849,negative
led35z,AskReddit,post,1612664499,negative
lq6vny,AutoModerator,post,1614047401,neutral
lotwyh,Destiny,post,1613901356,negative
li6ztw,FIFA,post,1613118768,negative
lhwi8n,GODZILLA,post,1613082169,negative
lujumu,HuntsvilleAlabama,post,1614529443,neutral
lh871m,Jokes,post,1613002864,neutral
lcfxqe,JustUnsubbed,post,1612446302,negative
lbjiku,Markiplier,post,1612342786,neutral
lmbqyk,ModSupport,post,1613616228,negative
lpb9pp,PokemonTCG,post,1613955539,neutral
lsok8i,WatchRedditDie,post,1614309315,negative
lhg7bt,boating,post,1613031523,neutral
lmsxps,cardistry,post,1613671513,positive
lhwn3t,copypasta,post,1613082544,negative
lnfz2p,dankmemes,post,1613741705,neutral
ldk7pu,dankmemes,post,1612567263,neutral
le575q,dankmemes,post,1612640844,negative
la97h5,dogecoin,post,1612201715,neutral
lsdrlm,electricdaisycarnival,post,1614279008,neutral
likr7r,findareddit,post,1613163965,negative
lpm03q,redditrequest,post,1613993926,neutral
ljs9u4,redditrequest,post,1613322175,neutral
llg76e,redditrequest,post,1613516880,neutral
lsr002,redditrequest,post,1614318029,neutral
ll4e98,redditrequest,post,1613484110,neutral
ll4fsk,redditrequest,post,1613484248,neutral
loz4g2,redditrequest,post,1613920731,neutral
lcde6w,riskofrain,post,1612436700,neutral
lfvit5,sadcringe,post,1612848454,negative
liqd6m,smalldickproblems,post,1613180703,neutral
lqtgql,vegancirclejerk,post,1614115436,neutral
ll1jo1,wallstreetbets,post,1613473312,neutral
laikd0,wallstreetbets,post,1612225067,negative
lgv4cp,wallstreetbets,post,1612968422,neutral
lb3smk,wallstreetbets,post,1612293312,negative
lc7lgq,wallstreetbets,post,1612413281,neutral
l9pwa7,wallstreetbets,post,1612138325,negative
l9q3j9,wallstreetbets,post,1612138929,neutral
l9q869,wallstreetbets,post,1612139314,neutral
l9qho7,wallstreetbets,post,1612140139,neutral
l9qzpg,wallstreetbets,post,1612141665,negative
l9rhnt,wallstreetbets,post,1612143261,negative
l9u05y,wallstreetbets,post,1612151262,neutral
l9w063,wallstreetbets,post,1612158070,neutral
l9w1tx,wallstreetbets,post,1612158227,neutral
l9waci,wallstreetbets,post,1612159104,neutral
l9x1xb,wallstreetbets,post,1612162058,negative
l9x3rg,wallstreetbets,post,1612162264,negative
l9yn0x,wallstreetbets,post,1612168730,neutral
l9z03b,wallstreetbets,post,1612170240,neutral
l9zhox,wallstreetbets,post,1612172354,negative
la0whd,wallstreetbets,post,1612178259,neutral
la10x0,wallstreetbets,post,1612178764,positive
la143p,wallstreetbets,post,1612179132,neutral
la17o1,wallstreetbets,post,1612179533,negative
la18e5,wallstreetbets,post,1612179615,negative
la1qxb,wallstreetbets,post,1612181621,neutral
la1uap,wallstreetbets,post,1612181988,negative
la2hzo,wallstreetbets,post,1612184377,negative
la3lrr,wallstreetbets,post,1612187874,neutral
la4ju6,wallstreetbets,post,1612190555,negative
la4ymr,wallstreetbets,post,1612191622,neutral
la5i4j,wallstreetbets,post,1612192956,neutral
la5l3z,wallstreetbets,post,1612193157,negative
la5yw8,wallstreetbets,post,1612194066,negative
la6hfw,wallstreetbets,post,1612195287,negative
la6q0k,wallstreetbets,post,1612195840,neutral
la6qal,wallstreetbets,post,1612195859,negative
la7iwz,wallstreetbets,post,1612197767,neutral
la7sgn,wallstreetbets,post,1612198410,neutral
la8oac,wallstreetbets,post,1612200473,neutral
la8z3r,wallstreetbets,post,1612201175,neutral
la9ete,wallstreetbets,post,1612202210,neutral
la9ke1,wallstreetbets,post,1612202565,neutral
la9xkn,wallstreetbets,post,1612203456,neutral
laa6by,wallstreetbets,post,1612204042,neutral
laaew5,wallstreetbets,post,1612204602,negative
laahtj,wallstreetbets,post,1612204788,neutral
laaibw,wallstreetbets,post,1612204822,neutral
lab05e,wallstreetbets,post,1612206014,neutral
labh9l,wallstreetbets,post,1612207127,negative
labl4i,wallstreetbets,post,1612207389,neutral
labl62,wallstreetbets,post,1612207393,neutral
labmae,wallstreetbets,post,1612207466,negative
labmqc,wallstreetbets,post,1612207496,negative
labmtp,wallstreetbets,post,1612207503,neutral
labnox,wallstreetbets,post,1612207561,negative
labpek,wallstreetbets,post,1612207675,neutral
labukr,wallstreetbets,post,1612208021,negative
lacnei,wallstreetbets,post,1612209984,neutral
ladpei,wallstreetbets,post,1612212523,neutral
ladxnz,wallstreetbets,post,1612213105,neutral
laeot8,wallstreetbets,post,1612214922,neutral
laf2yq,wallstreetbets,post,1612215881,negative
laf68w,wallstreetbets,post,1612216123,neutral
lafn0i,wallstreetbets,post,1612217257,neutral
lafuwa,wallstreetbets,post,1612217825,positive
lah3zf,wallstreetbets,post,1612221042,neutral
lah588,wallstreetbets,post,1612221133,negative
lahsxl,wallstreetbets,post,1612222944,positive
laiagr,wallstreetbets,post,1612224288,neutral
laig5u,wallstreetbets,post,1612224707,neutral
laiou5,wallstreetbets,post,1612225444,neutral
lajwg9,wallstreetbets,post,1612228903,neutral
lak3y8,wallstreetbets,post,1612229568,neutral
lak4jd,wallstreetbets,post,1612229621,neutral
lak5pt,wallstreetbets,post,1612229722,neutral
lalifu,wallstreetbets,post,1612233906,neutral
lan7h7,wallstreetbets,post,1612239462,neutral
laogid,wallstreetbets,post,1612243775,negative
laojwx,wallstreetbets,post,1612244130,neutral
laon9u,wallstreetbets,post,1612244484,neutral
laong9,wallstreetbets,post,1612244500,negative
laopdu,wallstreetbets,post,1612244704,neutral
laoq4o,wallstreetbets,post,1612244782,neutral
laoqkx,wallstreetbets,post,1612244829,neutral
laoqu4,wallstreetbets,post,1612244857,neutral
laor4j,wallstreetbets,post,1612244888,neutral
laorbs,wallstreetbets,post,1612244911,neutral
laorj6,wallstreetbets,post,1612244932,neutral
laos6m,wallstreetbets,post,1612245003,neutral
laosgk,wallstreetbets,post,1612245030,neutral
lap72o,wallstreetbets,post,1612246560,positive
lapt1j,wallstreetbets,post,1612249042,positive
larl6t,wallstreetbets,post,1612256794,negative
lasx54,wallstreetbets,post,1612262766,neutral
lat9ve,wallstreetbets,post,1612264266,neutral
latbgt,wallstreetbets,post,1612264458,neutral
latuvi,wallstreetbets,post,1612266712,neutral
laujt8,wallstreetbets,post,1612269414,neutral
lauuew,wallstreetbets,post,1612270511,negative
lav82h,wallstreetbets,post,1612271781,neutral
lavsxz,wallstreetbets,post,1612273646,neutral
lawn4v,wallstreetbets,post,1612276007,neutral
laxak0,wallstreetbets,post,1612277626,negative
laxg6j,wallstreetbets,post,1612278002,negative
laxnm4,wallstreetbets,post,1612278468,negative
laxycs,wallstreetbets,post,1612279179,negative
lay2hz,wallstreetbets,post,1612279451,negative
lay5am,wallstreetbets,post,1612279637,negative
lay6qy,wallstreetbets,post,1612279739,negative
layk9b,wallstreetbets,post,1612280656,neutral
laymkv,wallstreetbets,post,1612280810,neutral
layz5n,wallstreetbets,post,1612281658,neutral
laz6ej,wallstreetbets,post,1612282122,neutral
lazbik,wallstreetbets,post,1612282438,negative
lazesq,wallstreetbets,post,1612282653,negative
lazgwo,wallstreetbets,post,1612282785,negative
lazjlh,wallstreetbets,post,1612282955,negative
lazp5w,wallstreetbets,post,1612283310,neutral
lazqes,wallstreetbets,post,1612283394,neutral
lazup0,wallstreetbets,post,1612283670,neutral
lb06wh,wallstreetbets,post,1612284481,positive
lb07sq,wallstreetbets,post,1612284541,negative
lb0e09,wallstreetbets,post,1612284958,neutral
lb0j0u,wallstreetbets,post,1612285271,neutral
lb0v4w,wallstreetbets,post,1612286076,neutral
lb1q9k,wallstreetbets,post,1612288196,neutral
lb2lgm,wallstreetbets,post,1612290300,neutral
lb3meq,wallstreetbets,post,1612292883,negative
lb3u83,wallstreetbets,post,1612293425,negative
lb52e6,wallstreetbets,post,1612296496,neutral
lb5v5s,wallstreetbets,post,1612298537,neutral
lb5yz5,wallstreetbets,post,1612298807,negative
lb613z,wallstreetbets,post,1612298962,negative
lb6cs9,wallstreetbets,post,1612299770,negative
lb6uyg,wallstreetbets,post,1612301099,neutral
lb8384,wallstreetbets,post,1612303860,neutral
lb88fv,wallstreetbets,post,1612304246,neutral
lb9uwq,wallstreetbets,post,1612308742,negative
lbc1mx,wallstreetbets,post,1612315361,neutral
lbcocz,wallstreetbets,post,1612317343,positive
lbddjn,wallstreetbets,post,1612319513,neutral
lbf1gg,wallstreetbets,post,1612324916,neutral
lbhezq,wallstreetbets,post,1612333492,neutral
lbhh28,wallstreetbets,post,1612333718,neutral
lbi660,wallstreetbets,post,1612336692,neutral
lbjto9,wallstreetbets,post,1612344111,neutral
lbmbpn,wallstreetbets,post,1612354668,neutral
lbo97z,wallstreetbets,post,1612361252,negative
lboycc,wallstreetbets,post,1612363305,neutral
lbp08e,wallstreetbets,post,1612363455,neutral
lbpnwg,wallstreetbets,post,1612365196,negative
lbroa6,wallstreetbets,post,1612370401,negative
lbrqoy,wallstreetbets,post,1612370570,neutral
lbsojx,wallstreetbets,post,1612372834,negative
lbt443,wallstreetbets,post,1612373891,negative
lbt4yy,wallstreetbets,post,1612373954,negative
lbt5qn,wallstreetbets,post,1612374006,negative
lbumq2,wallstreetbets,post,1612377451,neutral
lbup5y,wallstreetbets,post,1612377617,neutral
lbzq5f,wallstreetbets,post,1612390032,neutral
lbzvm6,wallstreetbets,post,1612390442,negative
lc2jg8,wallstreetbets,post,1612397766,neutral
lc2s8v,wallstreetbets,post,1612398514,neutral
lc490n,wallstreetbets,post,1612402823,neutral
lc4a4t,wallstreetbets,post,1612402918,neutral
lc4gew,wallstreetbets,post,1612403461,negative
lc4vbd,wallstreetbets,post,1612404691,neutral
lc5vlk,wallstreetbets,post,1612407741,negative
lc6pl0,wallstreetbets,post,1612410367,neutral
lc6v1e,wallstreetbets,post,1612410881,neutral
lc6vak,wallstreetbets,post,1612410905,negative
lc6wdq,wallstreetbets,post,1612411012,neutral
lc6wjc,wallstreetbets,post,1612411027,neutral
lc6x3e,wallstreetbets,post,1612411082,negative
lc6yy6,wallstreetbets,post,1612411244,positive
lc75xn,wallstreetbets,post,1612411853,neutral
lc762s,wallstreetbets,post,1612411867,negative
lc7956,wallstreetbets,post,1612412149,neutral
lc7a7m,wallstreetbets,post,1612412245,negative
lc7bea,wallstreetbets,post,1612412359,neutral
lc7cj6,wallstreetbets,post,1612412462,negative
lc7eoe,wallstreetbets,post,1612412651,negative
lc7evc,wallstreetbets,post,1612412670,neutral
lc7fcf,wallstreetbets,post,1612412714,negative
lc7iqq,wallstreetbets,post,1612413026,negative
lc7iul,wallstreetbets,post,1612413035,negative
lc7j1i,wallstreetbets,post,1612413054,negative
lc7k5g,wallstreetbets,post,1612413158,negative
lc7kpq,wallstreetbets,post,1612413212,neutral
lc7l5r,wallstreetbets,post,1612413256,negative
lc7lxv,wallstreetbets,post,1612413327,neutral
lc7mxe,wallstreetbets,post,1612413415,negative
lc7n6s,wallstreetbets,post,1612413440,neutral
lc7ok4,wallstreetbets,post,1612413569,negative
lc7p0y,wallstreetbets,post,1612413613,negative
lc7p4z,wallstreetbets,post,1612413624,neutral
lc7rg7,wallstreetbets,post,1612413845,negative
lc7snp,wallstreetbets,post,1612413953,negative
lc7u7d,wallstreetbets,post,1612414104,negative
lc7usk,wallstreetbets,post,1612414160,negative
lc7v70,wallstreetbets,post,1612414191,negative
lc7vdj,wallstreetbets,post,1612414208,negative
lc7y26,wallstreetbets,post,1612414460,negative
lc7yt7,wallstreetbets,post,1612414531,negative
lc7yuk,wallstreetbets,post,1612414535,neutral
lc7zo9,wallstreetbets,post,1612414614,neutral
lc7zzi,wallstreetbets,post,1612414644,negative
lc803w,wallstreetbets,post,1612414655,negative
lc8089,wallstreetbets,post,1612414667,negative
lc80ih,wallstreetbets,post,1612414694,positive
lc82e1,wallstreetbets,post,1612414854,neutral
lc82ij,wallstreetbets,post,1612414866,negative
lc83nu,wallstreetbets,post,1612414966,neutral
lc84fi,wallstreetbets,post,1612415033,negative
lc86n1,wallstreetbets,post,1612415216,negative
lc87xs,wallstreetbets,post,1612415332,neutral
lc887a,wallstreetbets,post,1612415357,negative
lc88po,wallstreetbets,post,1612415407,negative
lc8919,wallstreetbets,post,1612415438,neutral
lc89bj,wallstreetbets,post,1612415465,neutral
lc89m4,wallstreetbets,post,1612415492,negative
lc8af5,wallstreetbets,post,1612415569,negative
lc8c38,wallstreetbets,post,1612415724,neutral
lc8cyg,wallstreetbets,post,1612415808,negative
lc8fks,wallstreetbets,post,1612416075,negative
lc8gnr,wallstreetbets,post,1612416183,negative
lc8gv6,wallstreetbets,post,1612416201,negative
lc8ig3,wallstreetbets,post,1612416352,negative
lc8iq6,wallstreetbets,post,1612416382,negative
lc8ix5,wallstreetbets,post,1612416401,negative
lc8j9y,wallstreetbets,post,1612416437,neutral
lc8jmi,wallstreetbets,post,1612416476,neutral
lc8jty,wallstreetbets,post,1612416499,neutral
lc8kak,wallstreetbets,post,1612416547,neutral
lc8kkp,wallstreetbets,post,1612416577,negative
lc8koc,wallstreetbets,post,1612416587,negative
lc8lms,wallstreetbets,post,1612416681,negative
lc8odc,wallstreetbets,post,1612416952,negative
lc8pdl,wallstreetbets,post,1612417050,negative
lc8pti,wallstreetbets,post,1612417094,negative
lc8t80,wallstreetbets,post,1612417441,negative
lc8tpx,wallstreetbets,post,1612417492,negative
lc8uni,wallstreetbets,post,1612417590,negative
lc8uqk,wallstreetbets,post,1612417599,neutral
lc8vr6,wallstreetbets,post,1612417705,neutral
lc8vrm,wallstreetbets,post,1612417706,neutral
lc8wp8,wallstreetbets,post,1612417799,negative
lc8xch,wallstreetbets,post,1612417872,negative
lc8xrn,wallstreetbets,post,1612417917,negative
lc8zqi,wallstreetbets,post,1612418116,neutral
lc916d,wallstreetbets,post,1612418275,negative
lc916i,wallstreetbets,post,1612418276,negative
lc9451,wallstreetbets,post,1612418561,neutral
lc945m,wallstreetbets,post,1612418563,negative
lc94cg,wallstreetbets,post,1612418583,neutral
lc94po,wallstreetbets,post,1612418616,negative
lc95q2,wallstreetbets,post,1612418717,negative
lc95vn,wallstreetbets,post,1612418736,negative
lc97f4,wallstreetbets,post,1612418894,neutral
lc980o,wallstreetbets,post,1612418958,negative
lc9acj,wallstreetbets,post,1612419214,negative
lc9bni,wallstreetbets,post,1612419354,neutral
lc9dtx,wallstreetbets,post,1612419601,neutral
lc9e79,wallstreetbets,post,1612419637,neutral
lc9h1m,wallstreetbets,post,1612419947,neutral
lc9h6o,wallstreetbets,post,1612419966,negative
lc9jiu,wallstreetbets,post,1612420235,neutral
lc9jym,wallstreetbets,post,1612420284,negative
lc9kma,wallstreetbets,post,1612420352,neutral
lc9mvn,wallstreetbets,post,1612420612,neutral
lc9qkj,wallstreetbets,post,1612421032,negative
lc9wpi,wallstreetbets,post,1612421734,negative
lc9xc7,wallstreetbets,post,1612421809,negative
lca3jq,wallstreetbets,post,1612422491,negative
lcbap7,wallstreetbets,post,1612427481,negative
lcbh9s,wallstreetbets,post,1612428253,negative
lcblli,wallstreetbets,post,1612428773,negative
lcbmv1,wallstreetbets,post,1612428939,neutral
lcboae,wallstreetbets,post,1612429116,negative
lcbqa1,wallstreetbets,post,1612429320,neutral
lcbqq1,wallstreetbets,post,1612429372,neutral
lcbsby,wallstreetbets,post,1612429555,neutral
lcc46f,wallstreetbets,post,1612431037,negative
lccacv,wallstreetbets,post,1612431824,neutral
lcccpc,wallstreetbets,post,1612432133,positive
lccgxo,wallstreetbets,post,1612432696,negative
lccjko,wallstreetbets,post,1612433000,neutral
lccl2u,wallstreetbets,post,1612433187,negative
lccrgd,wallstreetbets,post,1612433974,neutral
lccvxh,wallstreetbets,post,1612434540,negative
lcda5a,wallstreetbets,post,1612436269,negative
lce3yy,wallstreetbets,post,1612439802,negative
lce7cw,wallstreetbets,post,1612440184,neutral
lcebwg,wallstreetbets,post,1612440672,negative
lceqlr,wallstreetbets,post,1612442252,negative
lcewxz,wallstreetbets,post,1612442897,neutral
lcezic,wallstreetbets,post,1612443146,negative
lcfahs,wallstreetbets,post,1612444176,neutral
lcfkpp,wallstreetbets,post,1612445136,negative
lcfrga,wallstreetbets,post,1612445744,negative
lcfue4,wallstreetbets,post,1612446004,negative
lcfx9n,wallstreetbets,post,1612446263,negative
lcgg1r,wallstreetbets,post,1612447886,neutral
lcgmv8,wallstreetbets,post,1612448464,neutral
lcgp35,wallstreetbets,post,1612448658,neutral
lcgp3o,wallstreetbets,post,1612448659,negative
lcgqg3,wallstreetbets,post,1612448773,negative
lcgtsb,wallstreetbets,post,1612449055,neutral
lci30t,wallstreetbets,post,1612452553,neutral
lcidge,wallstreetbets,post,1612453322,negative
lcirfb,wallstreetbets,post,1612454349,negative
lciwjy,wallstreetbets,post,1612454686,negative
lcix1f,wallstreetbets,post,1612454719,negative
lcixkk,wallstreetbets,post,1612454758,negative
lcj0jb,wallstreetbets,post,1612454966,neutral
lcj52l,wallstreetbets,post,1612455287,negative
lcj88m,wallstreetbets,post,1612455505,neutral
lcjeht,wallstreetbets,post,1612455948,negative
lcjer9,wallstreetbets,post,1612455967,negative
lcjfo6,wallstreetbets,post,1612456031,neutral
lcjgzj,wallstreetbets,post,1612456120,negative
lcjh5y,wallstreetbets,post,1612456134,neutral
lcjlzw,wallstreetbets,post,1612456471,neutral
lcjmkg,wallstreetbets,post,1612456511,negative
lcjthi,wallstreetbets,post,1612456988,negative
lck0ow,wallstreetbets,post,1612457483,neutral
lck4i3,wallstreetbets,post,1612457743,neutral
lckb55,wallstreetbets,post,1612458176,negative
lckg2r,wallstreetbets,post,1612458513,negative
lckofo,wallstreetbets,post,1612459096,negative
lckpu2,wallstreetbets,post,1612459199,neutral
lcl6xx,wallstreetbets,post,1612460422,neutral
lcl86c,wallstreetbets,post,1612460503,neutral
lcl90p,wallstreetbets,post,1612460562,negative
lclj0y,wallstreetbets,post,1612461270,negative
lclmnx,wallstreetbets,post,1612461537,negative
lclpbb,wallstreetbets,post,1612461703,negative
lclu3x,wallstreetbets,post,1612462032,neutral
lcm25o,wallstreetbets,post,1612462607,negative
lcm9ob,wallstreetbets,post,1612463150,negative
lcmcey,wallstreetbets,post,1612463354,negative
lcmh4v,wallstreetbets,post,1612463692,negative
lcmztd,wallstreetbets,post,1612464998,neutral
lcn0a1,wallstreetbets,post,1612465032,neutral
lcn5xt,wallstreetbets,post,1612465382,negative
lcnakb,wallstreetbets,post,1612465697,negative
lcnkds,wallstreetbets,post,1612466391,negative
lcnmfz,wallstreetbets,post,1612466520,negative
lcnpko,wallstreetbets,post,1612466740,negative
lco0qb,wallstreetbets,post,1612467510,neutral
lco3bd,wallstreetbets,post,1612467690,neutral
lco3v9,wallstreetbets,post,1612467730,neutral
lco5oq,wallstreetbets,post,1612467862,negative
lco91x,wallstreetbets,post,1612468077,neutral
lcocci,wallstreetbets,post,1612468286,negative
lcoepl,wallstreetbets,post,1612468452,negative
lcohap,wallstreetbets,post,1612468643,neutral
lcolak,wallstreetbets,post,1612468919,negative
lcp1v5,wallstreetbets,post,1612470061,negative
lcp6r8,wallstreetbets,post,1612470418,neutral
lcp94m,wallstreetbets,post,1612470592,negative
lcq0kt,wallstreetbets,post,1612472437,negative
lcqbj2,wallstreetbets,post,1612473163,neutral
lcqdmd,wallstreetbets,post,1612473308,neutral
lcqo67,wallstreetbets,post,1612474087,negative
lcqw34,wallstreetbets,post,1612474642,neutral
lcr9k7,wallstreetbets,post,1612475628,negative
lcrh1w,wallstreetbets,post,1612476155,negative
lcrpju,wallstreetbets,post,1612476762,negative
lcs75u,wallstreetbets,post,1612478089,neutral
lcsbjf,wallstreetbets,post,1612478399,negative
lct0j5,wallstreetbets,post,1612480230,negative
lct74m,wallstreetbets,post,1612480714,neutral
lcta8f,wallstreetbets,post,1612480931,negative
lctbi6,wallstreetbets,post,1612481029,neutral
lctbkw,wallstreetbets,post,1612481035,negative
lcty2d,wallstreetbets,post,1612482778,neutral
lcua45,wallstreetbets,post,1612483701,neutral
lcubh0,wallstreetbets,post,1612483812,neutral
lcuezd,wallstreetbets,post,1612484065,positive
lcurgh,wallstreetbets,post,1612485089,negative
lcuvk4,wallstreetbets,post,1612485405,negative
lcv3y9,wallstreetbets,post,1612486130,negative
lcvazd,wallstreetbets,post,1612486676,neutral
lcvbib,wallstreetbets,post,1612486721,neutral
lcvgt1,wallstreetbets,post,1612487133,neutral
lcvm9v,wallstreetbets,post,1612487589,negative
lcvqv3,wallstreetbets,post,1612487960,neutral
lcwb6g,wallstreetbets,post,1612489678,positive
lcwgq9,wallstreetbets,post,1612490143,neutral
lcwp3z,wallstreetbets,post,1612490751,neutral
lcwpgw,wallstreetbets,post,1612490776,neutral
lcx0ig,wallstreetbets,post,1612491595,neutral
lcxjph,wallstreetbets,post,1612493206,negative
lcxlbf,wallstreetbets,post,1612493352,neutral
lcxqap,wallstreetbets,post,1612493774,neutral
lcxszs,wallstreetbets,post,1612494017,neutral
lcxt5a,wallstreetbets,post,1612494027,neutral
lcxtn2,wallstreetbets,post,1612494054,negative
lcxx64,wallstreetbets,post,1612494370,neutral
lcy9o3,wallstreetbets,post,1612495456,neutral
lcyfb2,wallstreetbets,post,1612495990,neutral
lcylgb,wallstreetbets,post,1612496588,neutral
lcyw58,wallstreetbets,post,1612497621,negative
lcz3vz,wallstreetbets,post,1612498365,neutral
lcz5rc,wallstreetbets,post,1612498548,negative
lcz9eo,wallstreetbets,post,1612498902,neutral
lcziv8,wallstreetbets,post,1612499843,negative
lczjg7,wallstreetbets,post,1612499900,positive
lczoq2,wallstreetbets,post,1612500454,negative
lczrv5,wallstreetbets,post,1612500780,negative
ld0czy,wallstreetbets,post,1612502958,positive
ld0oe1,wallstreetbets,post,1612504219,negative
ld0utv,wallstreetbets,post,1612504918,negative
ld0uwd,wallstreetbets,post,1612504924,negative
ld1xgd,wallstreetbets,post,1612509443,positive
ld2a7q,wallstreetbets,post,1612511017,positive
ld2dtl,wallstreetbets,post,1612511463,neutral
ld2si0,wallstreetbets,post,1612513276,positive
ld2u3d,wallstreetbets,post,1612513493,negative
ld46q3,wallstreetbets,post,1612519737,negative
ld4dl5,wallstreetbets,post,1612520614,neutral
ld7qee,wallstreetbets,post,1612533747,negative
ld8g7q,wallstreetbets,post,1612535916,neutral
ld8ilb,wallstreetbets,post,1612536127,neutral
ld8n3z,wallstreetbets,post,1612536505,neutral
ld8odf,wallstreetbets,post,1612536602,negative
ld9hql,wallstreetbets,post,1612538824,negative
ld9q54,wallstreetbets,post,1612539468,negative
ldabj6,wallstreetbets,post,1612541094,neutral
ldacil,wallstreetbets,post,1612541167,neutral
ldagd6,wallstreetbets,post,1612541459,neutral
ldajak,wallstreetbets,post,1612541672,negative
ldam0v,wallstreetbets,post,1612541880,neutral
ldarob,wallstreetbets,post,1612542318,positive
ldb9yf,wallstreetbets,post,1612543675,neutral
ldcb3s,wallstreetbets,post,1612546226,negative
ldcbll,wallstreetbets,post,1612546262,negative
lddn92,wallstreetbets,post,1612549588,negative
ldeymd,wallstreetbets,post,1612552987,neutral
ldg3rv,wallstreetbets,post,1612555941,neutral
ldhbth,wallstreetbets,post,1612559284,neutral
ldko5u,wallstreetbets,post,1612568625,neutral
ldkyjs,wallstreetbets,post,1612569497,negative
ldl2j4,wallstreetbets,post,1612569820,neutral
ldm1f3,wallstreetbets,post,1612572821,positive
ldmjru,wallstreetbets,post,1612574371,negative
ldn868,wallstreetbets,post,1612576595,neutral
ldn8ku,wallstreetbets,post,1612576640,neutral
ldne9b,wallstreetbets,post,1612577138,positive
ldntbn,wallstreetbets,post,1612578565,neutral
ldnvqh,wallstreetbets,post,1612578780,negative
ldpdzk,wallstreetbets,post,1612583996,neutral
ldpjy3,wallstreetbets,post,1612584585,neutral
ldpt3d,wallstreetbets,post,1612585531,negative
ldqd68,wallstreetbets,post,1612587675,neutral
ldqfvn,wallstreetbets,post,1612587943,negative
ldsvb5,wallstreetbets,post,1612598625,negative
ldwo1l,wallstreetbets,post,1612614073,negative
ldxlar,wallstreetbets,post,1612617847,neutral
ldyxtr,wallstreetbets,post,1612622710,negative
ldzmvx,wallstreetbets,post,1612624922,positive
ldzur8,wallstreetbets,post,1612625638,negative
le3nf3,wallstreetbets,post,1612636551,negative
le41yv,wallstreetbets,post,1612637666,neutral
le8s3z,wallstreetbets,post,1612651281,neutral
le8ucg,wallstreetbets,post,1612651460,neutral
le8w5s,wallstreetbets,post,1612651599,negative
le9uvf,wallstreetbets,post,1612654475,neutral
lea402,wallstreetbets,post,1612655232,negative
lecesg,wallstreetbets,post,1612662328,negative
leco4l,wallstreetbets,post,1612663170,neutral
led12w,wallstreetbets,post,1612664312,neutral
ledhqw,wallstreetbets,post,1612665832,neutral
ledrna,wallstreetbets,post,1612666775,negative
ledvwi,wallstreetbets,post,1612667148,neutral
leeg1e,wallstreetbets,post,1612669018,neutral
lefemc,wallstreetbets,post,1612672462,negative
lefgnm,wallstreetbets,post,1612672675,negative
lei3pr,wallstreetbets,post,1612683900,neutral
lei41y,wallstreetbets,post,1612683945,neutral
lei5ki,wallstreetbets,post,1612684149,neutral
lei6b1,wallstreetbets,post,1612684248,neutral
lei6lc,wallstreetbets,post,1612684287,neutral
leid8r,wallstreetbets,post,1612685176,negative
leif6z,wallstreetbets,post,1612685425,neutral
leozyn,wallstreetbets,post,1612713185,negative
lezoqc,wallstreetbets,post,1612744033,neutral
lf1sxo,wallstreetbets,post,1612750959,neutral
lf20jn,wallstreetbets,post,1612751755,neutral
lf220q,wallstreetbets,post,1612752083,neutral
lf82sn,wallstreetbets,post,1612775559,negative
lf8gjs,wallstreetbets,post,1612777314,negative
lf9pcq,wallstreetbets,post,1612782887,negative
lfccez,wallstreetbets,post,1612792799,neutral
lfcy2v,wallstreetbets,post,1612794627,neutral
lfe209,wallstreetbets,post,1612797798,negative
lfea65,wallstreetbets,post,1612798451,negative
lfi9yo,wallstreetbets,post,1612809028,neutral
lfkmhh,wallstreetbets,post,1612815169,neutral
lfmqou,wallstreetbets,post,1612820706,negative
lfqjdw,wallstreetbets,post,1612831697,neutral
lfuzp6,wallstreetbets,post,1612846500,negative
lfxun1,wallstreetbets,post,1612858231,neutral
lg565c,wallstreetbets,post,1612883028,negative
lg5tkx,wallstreetbets,post,1612884841,neutral
lgawlt,wallstreetbets,post,1612898007,negative
lgd1qo,wallstreetbets,post,1612903712,neutral
lgfz1m,wallstreetbets,post,1612911839,negative
lghw5s,wallstreetbets,post,1612917708,negative
lgikus,wallstreetbets,post,1612919931,neutral
lgj3ak,wallstreetbets,post,1612921659,neutral
lgjtet,wallstreetbets,post,1612924070,neutral
lgjz31,wallstreetbets,post,1612924612,negative
lgk4o0,wallstreetbets,post,1612925145,negative
lglg8e,wallstreetbets,post,1612929733,negative
lgm3j8,wallstreetbets,post,1612932158,negative
lgm3wj,wallstreetbets,post,1612932201,negative
lgmrr4,wallstreetbets,post,1612934687,negative
lgpisc,wallstreetbets,post,1612946527,negative
lgpjnz,wallstreetbets,post,1612946634,negative
lgr5zd,wallstreetbets,post,1612954068,negative
lgu4h7,wallstreetbets,post,1612965401,negative
lgvme3,wallstreetbets,post,1612969817,negative
lgzhyc,wallstreetbets,post,1612980059,negative
lgzu4j,wallstreetbets,post,1612980892,negative
lh1ic7,wallstreetbets,post,1612985199,negative
lh27jq,wallstreetbets,post,1612986949,negative
lh37eb,wallstreetbets,post,1612989442,neutral
lh8gsw,wallstreetbets,post,1613003704,neutral
lh8q9i,wallstreetbets,post,1613004503,negative
lh98ag,wallstreetbets,post,1613005977,neutral
lhajg8,wallstreetbets,post,1613010018,negative
lhauud,wallstreetbets,post,1613010990,negative
lhbrsu,wallstreetbets,post,1613013936,neutral
lhedkq,wallstreetbets,post,1613023493,neutral
lhj5ms,wallstreetbets,post,1613044330,positive
lhn282,wallstreetbets,post,1613057398,neutral
lhn5u2,wallstreetbets,post,1613057682,neutral
lhn88e,wallstreetbets,post,1613057866,neutral
lhrmix,wallstreetbets,post,1613069534,neutral
lhx2zi,wallstreetbets,post,1613083753,neutral
lhxn2b,wallstreetbets,post,1613085265,positive
lhxo4k,wallstreetbets,post,1613085361,positive
li0da6,wallstreetbets,post,1613093371,neutral
li10b5,wallstreetbets,post,1613095382,neutral
li1ulf,wallstreetbets,post,1613098128,negative
liekt8,wallstreetbets,post,1613147343,negative
lihmnm,wallstreetbets,post,1613155396,negative
lijiuz,wallstreetbets,post,1613160488,neutral
lijr1n,wallstreetbets,post,1613161128,neutral
lijwa6,wallstreetbets,post,1613161536,neutral
limmez,wallstreetbets,post,1613169338,neutral
lint9w,wallstreetbets,post,1613172743,positive
lixhy5,wallstreetbets,post,1613208907,negative
lj2wqs,wallstreetbets,post,1613231307,negative
lj3gnj,wallstreetbets,post,1613233006,neutral
lji8s7,wallstreetbets,post,1613280558,neutral
ljrv76,wallstreetbets,post,1613321013,neutral
lkcj58,wallstreetbets,post,1613391290,neutral
lkxyux,wallstreetbets,post,1613457517,neutral
ll0t6i,wallstreetbets,post,1613469953,neutral
llbvkt,wallstreetbets,post,1613504724,positive
llk0um,wallstreetbets,post,1613529372,neutral
llyi4x,wallstreetbets,post,1613579666,negative
lm2sbb,wallstreetbets,post,1613590888,negative
lm2v3d,wallstreetbets,post,1613591097,negative
lmiryq,wallstreetbets,post,1613640308,neutral
lmlz4g,wallstreetbets,post,1613652309,neutral
lmq9um,wallstreetbets,post,1613664783,negative
lmquys,wallstreetbets,post,1613666289,negative
lmrf85,wallstreetbets,post,1613667672,neutral
lmtzv5,wallstreetbets,post,1613674109,neutral
lmu1y2,wallstreetbets,post,1613674256,neutral
lmvxpl,wallstreetbets,post,1613678956,negative
lmyczu,wallstreetbets,post,1613685176,neutral
ln0sn4,wallstreetbets,post,1613691596,negative
ln195o,wallstreetbets,post,1613692856,neutral
lnfeph,wallstreetbets,post,1613739968,positive
lo14nv,wallstreetbets,post,1613802582,neutral
lo3nj1,wallstreetbets,post,1613813458,neutral
log4qs,wallstreetbets,post,1613853505,negative
loppbd,wallstreetbets,post,1613884428,neutral
lp9oac,wallstreetbets,post,1613950514,negative
lponva,wallstreetbets,post,1614002434,neutral
lpsndi,wallstreetbets,post,1614011175,neutral
lqdb97,wallstreetbets,post,1614068646,negative
lqitw1,wallstreetbets,post,1614088183,negative
lrhet0,wallstreetbets,post,1614185561,neutral
lrlgzg,wallstreetbets,post,1614195608,neutral
lrlm7k,wallstreetbets,post,1614195992,neutral
lrnaeh,wallstreetbets,post,1614200176,negative
lrnbv5,wallstreetbets,post,1614200278,neutral
lrnyg8,wallstreetbets,post,1614203429,negative
lro7s9,wallstreetbets,post,1614204069,negative
lrousr,wallstreetbets,post,1614205635,negative
lrp7k7,wallstreetbets,post,1614206539,positive
lrvpxj,wallstreetbets,post,1614220831,neutral
lryr3r,wallstreetbets,post,1614229494,neutral
ls80cv,wallstreetbets,post,1614264114,neutral
ls8haf,wallstreetbets,post,1614265378,neutral
ls99vy,wallstreetbets,post,1614267444,negative
ls9ktu,wallstreetbets,post,1614268253,neutral
lseyey,wallstreetbets,post,1614282039,negative
lsh76i,wallstreetbets,post,1614287973,negative
lsh79w,wallstreetbets,post,1614287981,negative
lsh7by,wallstreetbets,post,1614287985,negative
lsifss,wallstreetbets,post,1614291297,negative
lsixd8,wallstreetbets,post,1614292628,negative
lsm9kz,wallstreetbets,post,1614302338,neutral
lsuyav,wallstreetbets,post,1614335378,neutral
lsxc66,wallstreetbets,post,1614344849,negative
lsyhop,wallstreetbets,post,1614348826,positive
lt0fcn,wallstreetbets,post,1614354520,neutral
lt44vk,wallstreetbets,post,1614363687,neutral
lt9rtv,wallstreetbets,post,1614379034,negative
lu1ggg,wallstreetbets,post,1614473251,neutral
lumesq,wallstreetbets,post,1614536012,negative
lumhg5,wallstreetbets,post,1614536201,negative
lunt61,wallstreetbets,post,1614539517,negative
lc8853,wallstreetbets,post,1612415351,neutral
lcgu68,wallstreetbets,post,1612449089,neutral
lazvci,wallstreetbets,post,1612283710,negative
lc8473,wallstreetbets,post,1612415013,negative
lh5be3,AskReddit,post,1612994899,neutral
lug4h5,AskReddit,post,1614519055,neutral
la2oof,Bitcoin,post,1612184949,positive
lb292g,CanadianInvestor,post,1612289434,neutral
logsa0,CoinBase,post,1613855346,negative
lpuqqa,DesignPorn,post,1614015937,neutral
llw6sk,Persona5,post,1613573560,neutral
lmf39v,Persona5,post,1613627216,neutral
lmf50a,Persona5,post,1613627389,neutral
lndebf,Twitch,post,1613733000,neutral
lc5j9z,TwoXChromosomes,post,1612406698,neutral
ls7rpr,books,post,1614263404,negative
lcz6ux,danganronpa,post,1612498653,neutral
lohuof,dankmemes,post,1613858555,negative
lorclk,discworld,post,1613890756,neutral
lf06dd,dogecoin,post,1612745699,negative
ldganb,funny,post,1612556486,neutral
le3haq,help,post,1612636046,neutral
lj7ttp,memes,post,1613246121,negative
lfa997,mildlyinfuriating,post,1612785262,negative
lqe3fp,programminghorror,post,1614071519,negative
lgcr0q,redditrequest,post,1612902865,neutral
lstcsr,redditrequest,post,1614328308,neutral
lcp419,redditrequest,post,1612470220,neutral
lnu6np,redditrequest,post,1613779440,neutral
ltast6,redditrequest,post,1614382104,neutral
lb1s2a,redditrequest,post,1612288317,neutral
lb2a5e,redditrequest,post,1612289510,neutral
lhn1ff,redditrequest,post,1613057335,neutral
lqgnx3,teenagers,post,1614081226,neutral
liee4z,tf2,post,1613146824,negative
lm4o6n,unpopularopinion,post,1613595901,negative
lk5f4y,videos,post,1613362504,neutral
lthuzl,videos,post,1614406313,neutral
lhjsrs,wallstreetbets,post,1613046947,neutral
lcy45j,wallstreetbets,post,1612494954,neutral
lczl0s,wallstreetbets,post,1612500068,negative
lkjzdz,washingtonwizards,post,1613414484,negative
ltfhrc,whatisthisthing,post,1614397575,neutral
lhlkjo,AMADisasters,post,1613053106,negative
lu8klg,AskDocs,post,1614492117,neutral
lbrxy0,AutoModerator,post,1612371048,neutral
ljajdj,ComedyNecrophilia,post,1613254091,negative
lqots7,CredibleDefense,post,1614103691,neutral
lfmxop,FreeKarma4U,post,1612821235,neutral
lae7ug,HistoryMemes,post,1612213751,neutral
lapzlx,HistoryMemes,post,1612249767,neutral
ldzpk5,HistoryMemes,post,1612625157,neutral
lmsx44,HistoryMemes,post,1613671473,neutral
lusw8a,MadeInAbyss,post,1614552677,negative
leng0t,MotoUK,post,1612708067,neutral
lt7mq3,NEO,post,1614373018,neutral
lewk2b,ScottishFootball,post,1612734844,neutral
lo313h,StockMarket,post,1613810705,negative
lkroz7,TooAfraidToAsk,post,1613436423,neutral
lkwuxy,WeAreTheMusicMakers,post,1613453380,negative
llrhoz,dankmemes,post,1613557694,negative
lpehlc,dogecoin,post,1613966214,neutral
lj5z3o,horrorlit,post,1613240575,positive
lqbujl,memes,post,1614063352,negative
lpd4i2,nba,post,1613961620,neutral
lbqm5k,redditrequest,post,1612367730,neutral
ltyhq7,redditrequest,post,1614463597,neutral
lq58t2,redditrequest,post,1614042412,neutral
lrz60w,redditrequest,post,1614230973,neutral
lfcrz7,redditrequest,post,1612794113,neutral
ltdr7w,redditrequest,post,1614391743,neutral
ldrn0w,roblox,post,1612592944,neutral
ls0oal,wallstreetbets,post,1614236983,negative
lbs27o,wallstreetbets,post,1612371334,neutral
lcmejx,wallstreetbets,post,1612463506,negative
llo8tm,ApplyingToCollege,post,1613544525,positive
lspny9,BigBrother,post,1614313010,negative
lsqboa,BigBrother,post,1614315450,negative
lsxfxt,BigBrother,post,1614345227,negative
lhzdhx,Chargers,post,1613090319,neutral
lddk3k,Chipotle,post,1612549383,negative
lrrhjk,ModSupport,post,1614212580,negative
lnza78,ThriftStoreHauls,post,1613795715,neutral
ldu9mk,Turkey,post,1612605548,negative
lq760p,autism,post,1614048303,neutral
lshatl,dankmemes,post,1614288250,neutral
lu5jqj,dankmemes,post,1614485476,neutral
lj51hf,dogecoin,post,1613237821,neutral
l9sykn,memes,post,1612147905,negative
l9szk0,memes,post,1612147989,negative
l9via9,memes,post,1612156308,negative
la3duu,memes,post,1612187178,negative
la3rio,memes,post,1612188311,neutral
lab34p,memes,post,1612206200,neutral
lajeb7,memes,post,1612227465,neutral
lajlzz,memes,post,1612228079,negative
laq784,memes,post,1612250673,negative
lbcb5n,memes,post,1612316188,negative
lbd42y,memes,post,1612318674,neutral
lbptcr,memes,post,1612365599,neutral
lbqehq,memes,post,1612367153,neutral
lbwv94,memes,post,1612382893,neutral
lbwwgz,memes,post,1612382978,neutral
lca8e5,memes,post,1612423059,neutral
lcbcuj,memes,post,1612427722,neutral
lcfjr0,memes,post,1612445044,negative
lcoygt,memes,post,1612469814,negative
ld0oj9,memes,post,1612504234,neutral
ld3w73,memes,post,1612518472,negative
ld5pbt,memes,post,1612526376,neutral
ld5qaz,memes,post,1612526457,neutral
ld7d5z,memes,post,1612532572,neutral
ldf0ml,memes,post,1612553131,negative
ldf93m,memes,post,1612553751,neutral
ldkcno,memes,post,1612567677,neutral
ldnew5,memes,post,1612577204,neutral
ldu31r,memes,post,1612604648,negative
ldyyvo,memes,post,1612622815,neutral
ldzot4,memes,post,1612625096,negative
le3sc7,memes,post,1612636949,neutral
le523c,memes,post,1612640485,negative
le72t5,memes,post,1612646260,negative
lefkgi,memes,post,1612673089,negative
lehjcw,memes,post,1612681263,neutral
leiezx,memes,post,1612685398,neutral
lem4ix,memes,post,1612703280,neutral
leubue,memes,post,1612728429,neutral
leucwo,memes,post,1612728512,negative
lf8qe2,memes,post,1612778560,neutral
lfap5s,memes,post,1612786984,negative
lfcdag,memes,post,1612792855,neutral
lfxymm,memes,post,1612858730,positive
lg12av,memes,post,1612870943,negative
lg1vku,memes,post,1612871909,neutral
lg2w5z,memes,post,1612875799,neutral
lg51lb,memes,post,1612882703,negative
lg6cpp,memes,post,1612886306,neutral
lg900f,memes,post,1612893166,positive
lgave2,memes,post,1612897924,neutral
lgb8e2,memes,post,1612898854,neutral
lgdi9t,memes,post,1612904850,negative
lgedgl,memes,post,1612907240,neutral
lgho0v,memes,post,1612916982,positive
lghrus,memes,post,1612917320,neutral
lgk5vh,memes,post,1612925253,negative
lglkpt,memes,post,1612930169,negative
lgor0e,memes,post,1612943061,negative
lgp0pv,memes,post,1612944295,neutral
lgqlyz,memes,post,1612951554,positive
lgvshf,memes,post,1612970265,neutral
lh1adb,memes,post,1612984609,neutral
lh6zni,memes,post,1612999464,negative
lha18t,memes,post,1613008496,neutral
lhd1bu,memes,post,1613018374,neutral
lhito1,memes,post,1613042869,neutral
lhl3m9,memes,post,1613051645,neutral
lhm73m,memes,post,1613054943,neutral
lhnbx1,memes,post,1613058155,neutral
lhni0h,memes,post,1613058624,neutral
lhnjru,memes,post,1613058760,neutral
lhnl1w,memes,post,1613058862,neutral
lhvf8h,memes,post,1613079271,neutral
lhxsnu,memes,post,1613085713,neutral
li3cs3,memes,post,1613103125,negative
li3nn2,memes,post,1613104231,neutral
li504n,memes,post,1613109557,negative
li7uwt,memes,post,1613123052,neutral
lib1as,memes,post,1613136573,neutral
live5a,memes,post,1613199247,neutral
liwp3v,memes,post,1613205009,neutral
liy2n1,memes,post,1613211739,negative
liy2u0,memes,post,1613211767,neutral
liz0ao,memes,post,1613216282,neutral
lj1tco,memes,post,1613227656,neutral
lj3zu5,memes,post,1613234665,neutral
lj54mx,memes,post,1613238098,negative
lj55ak,memes,post,1613238154,neutral
ljepka,memes,post,1613267762,negative
ljgjh0,memes,post,1613274189,negative
ljgkxs,memes,post,1613274349,negative
ljmlkb,memes,post,1613301222,neutral
ljpk0g,memes,post,1613313648,neutral
ljqez7,memes,post,1613316586,neutral
ljqg4t,memes,post,1613316692,neutral
ljxacq,memes,post,1613336491,negative
lk3i2k,memes,post,1613355957,negative
lk5a5i,memes,post,1613361970,negative
lkb2a8,memes,post,1613385220,negative
lkf72g,memes,post,1613400847,neutral
lkfxy3,memes,post,1613403133,negative
lkgis5,memes,post,1613404845,negative
lkihil,memes,post,1613410383,neutral
lkp6fd,memes,post,1613428847,negative
lkqlze,memes,post,1613433028,positive
lkwh0y,memes,post,1613452021,neutral
lkxj46,memes,post,1613455830,positive
ll0cd4,memes,post,1613467764,positive
ll1j38,memes,post,1613473251,neutral
ll46j6,memes,post,1613483464,neutral
ll6cyo,memes,post,1613489872,negative
ll6u1y,memes,post,1613491180,neutral
llduw9,memes,post,1613510134,neutral
lldvyo,memes,post,1613510216,negative
llpbxd,memes,post,1613548884,neutral
llpvcn,memes,post,1613551060,neutral
llqv7i,memes,post,1613555253,neutral
llt9b5,memes,post,1613564316,neutral
llzbug,memes,post,1613581852,neutral
llzeab,memes,post,1613582024,neutral
lm02v0,memes,post,1613583790,positive
lmaq3t,memes,post,1613613037,positive
lmare0,memes,post,1613613150,positive
lmdr7i,memes,post,1613622723,neutral
lmepz7,memes,post,1613626014,negative
lmeqnp,memes,post,1613626081,negative
lmg98z,memes,post,1613631195,negative
lmu106,memes,post,1613674188,neutral
lmzol1,memes,post,1613688583,positive
lnbn79,memes,post,1613726276,neutral
lnejd6,memes,post,1613737098,neutral
lnek72,memes,post,1613737179,negative
lneudn,memes,post,1613738147,negative
lnnxnu,memes,post,1613762064,neutral
lnnzhf,memes,post,1613762188,neutral
lo4t8t,memes,post,1613818633,neutral
lo4u02,memes,post,1613818729,neutral
lo8h3n,memes,post,1613832158,neutral
lo8iv5,memes,post,1613832302,neutral
lo8k39,memes,post,1613832407,neutral
lomhgo,memes,post,1613873053,negative
lorot0,memes,post,1613892151,neutral
losnal,memes,post,1613896080,neutral
lp10tu,memes,post,1613926086,neutral
lp2nwz,memes,post,1613930507,neutral
lpcvsn,memes,post,1613960825,negative
lpf98s,memes,post,1613968837,neutral
lpgaom,memes,post,1613972562,neutral
lpgn5g,memes,post,1613973799,neutral
lpi8ih,memes,post,1613979554,negative
lpj9y9,memes,post,1613983574,neutral
lpm9ku,memes,post,1613994915,neutral
lpsis0,memes,post,1614010890,negative
lq2u2a,memes,post,1614035457,negative
lq8l7g,memes,post,1614052748,negative
lqjrp3,memes,post,1614090874,neutral
lqju93,memes,post,1614091079,neutral
lqknei,memes,post,1614093199,neutral
lql03p,memes,post,1614094141,neutral
lqlawd,memes,post,1614094919,neutral
lqysf8,memes,post,1614127976,negative
lr90b8,memes,post,1614160273,neutral
lrayb2,memes,post,1614167261,positive
lrcl50,memes,post,1614172409,negative
lrfxqi,memes,post,1614181752,neutral
lrgcfc,memes,post,1614182833,neutral
lrh224,memes,post,1614184683,positive
lsa88y,memes,post,1614269910,negative
lsdo05,memes,post,1614278749,negative
lsf5k9,memes,post,1614282559,negative
lt4h6w,memes,post,1614364580,negative
lt4tjp,memes,post,1614365493,neutral
ltl24m,memes,post,1614420461,negative
ltpd3x,memes,post,1614436515,negative
ltv48n,memes,post,1614453206,neutral
ltymiv,memes,post,1614464008,negative
lu330a,memes,post,1614478713,negative
lu3dkt,memes,post,1614479790,neutral
lud71j,memes,post,1614509879,neutral
luda66,memes,post,1614510149,neutral
luemwm,memes,post,1614514537,negative
lunv7o,memes,post,1614539659,negative
lunwsm,memes,post,1614539769,neutral
luogym,memes,post,1614541227,neutral
lusu1w,memes,post,1614552506,neutral
luswj4,memes,post,1614552700,neutral
lusznd,memes,post,1614552931,negative
lewemh,memes,post,1612734396,neutral
lrzld7,nba,post,1614232608,negative
lgydz7,powerrangers,post,1612977202,neutral
ldkcyw,prochoice,post,1612567705,neutral
lt3qge,rant,post,1614362649,negative
lefa6s,redditrequest,post,1612672001,neutral
lge2ep,redditrequest,post,1612906389,neutral
ljoksi,redditrequest,post,1613310071,neutral
lss8wr,redditrequest,post,1614323208,neutral
lalt63,teenagers,post,1612234882,neutral
leyi1s,teenagers,post,1612740319,neutral
laojmh,teenagers,post,1612244103,negative
lrgva2,vegan,post,1614184217,negative
lc87p7,wallstreetbets,post,1612415310,neutral
ldebei,wallstreetbets,post,1612551318,negative
lcwyay,wallstreetbets,post,1612491409,neutral
le6es5,wallstreetbets,post,1612644350,negative
lmrr96,wallstreetbets,post,1613668478,neutral
lt5rzg,2007scape,post,1614367998,positive
ln2lpi,Archaeology,post,1613696680,negative
lc302m,AskModerators,post,1612399128,neutral
lr16bo,AutoModerator,post,1614133682,neutral
lk3lyk,ContestOfChampions,post,1613356301,neutral
lffddo,CryptoCurrency,post,1612801409,neutral
lopo10,GCXRep,post,1613884308,neutral
llpku4,GoForGold,post,1613549853,neutral
lesqii,Metallica,post,1612724002,neutral
lqvsel,Minecraft,post,1614121464,negative
lqw6wh,Minecraft,post,1614122480,neutral
lfwzrb,ModSupport,post,1612854403,neutral
lnu5j0,RocketLeagueExchange,post,1613779353,neutral
lsghn9,TheLastAirbender,post,1614286078,neutral
lji10y,UofT,post,1613279716,negative
lagcb7,baylor,post,1612219033,neutral
lhge6e,dankmemes,post,1613032407,neutral
lhh4qa,dankmemes,post,1613035625,neutral
ll3h63,dankmemes,post,1613481012,neutral
ld1x3l,dogecoin,post,1612509399,negative
lcimfp,dogecoin,post,1612453974,neutral
llf1sz,forsen,post,1613513523,neutral
lpz66v,forsen,post,1614026251,neutral
ltj5fl,forsen,post,1614411816,neutral
l9qlar,funny,post,1612140457,neutral
ldd606,help,post,1612548373,neutral
lncmae,ketamine,post,1613730053,neutral
lcyu6y,mbti,post,1612497434,neutral
lej2ce,meme,post,1612688669,neutral
lpu355,memes,post,1614014457,neutral
lrl5kr,memes,post,1614194790,positive
lqnpbz,memes,post,1614100860,negative
lfo7ak,modhelp,post,1612824784,neutral
lo9256,modhelp,post,1613833963,neutral
lcrjz3,options,post,1612476369,neutral
lqq2wm,options,post,1614106809,negative
lrkufa,options,post,1614193991,neutral
labqp4,quilting,post,1612207765,neutral
lro5hc,redditrequest,post,1614203919,neutral
ltwp21,redditrequest,post,1614457992,neutral
lqcki8,redditrequest,post,1614065889,neutral
lron57,redditrequest,post,1614205103,neutral
lpbxvt,redditrequest,post,1613957705,neutral
lkbepa,teenagers,post,1613386741,neutral
lpjdvq,timberwolves,post,1613983971,negative
ls2csa,wallstreetbets,post,1614243816,positive
lck0og,wallstreetbets,post,1612457482,negative
ld0m16,wallstreetbets,post,1612503957,negative
lf0hpr,wallstreetbets,post,1612746715,negative
ldb2me,writing,post,1612543147,neutral
lcl2w8,2007scape,post,1612460129,neutral
ln1l7h,AccurateBattleSim,post,1613693781,neutral
lc6cmq,BikiniBottomTwitter,post,1612409186,negative
lf4rop,BikiniBottomTwitter,post,1612761356,negative
lg9exh,BikiniBottomTwitter,post,1612894202,neutral
lg9fso,BikiniBottomTwitter,post,1612894257,positive
li82pv,BikiniBottomTwitter,post,1613124051,negative
lih454,BikiniBottomTwitter,post,1613154013,negative
ls4yn8,BikiniBottomTwitter,post,1614254282,negative
lum97g,BikiniBottomTwitter,post,1614535632,negative
lezu66,MUD,post,1612744552,neutral
lqxuer,ModSupport,post,1614125950,neutral
ln8n88,ModSupport,post,1613715113,neutral
lt3zio,MuslimNoFap,post,1614363290,neutral
llods3,NYKnicks,post,1613545071,negative
lfhlqy,NonBinary,post,1612807271,neutral
lqt6yf,SCP,post,1614114702,neutral
ljhyvn,Showerthoughts,post,1613279482,negative
lf7l3h,TrueOffMyChest,post,1612773322,negative
ldjp6a,Twitch,post,1612565832,negative
lgtxtp,Twitch,post,1612964795,neutral
lgvedv,Twitch,post,1612969221,neutral
lj8io1,Twitch,post,1613248158,neutral
lpoods,Twitch,post,1614002470,neutral
ls1yh2,Twitch,post,1614242198,negative
ls2tnh,Twitch,post,1614245744,negative
lrsta0,binance,post,1614215086,neutral
limzhf,communism101,post,1613170363,neutral
ll9u1w,conspiracy,post,1613499176,positive
ltsijm,domesticviolence,post,1614445819,negative
loz9t9,facepalm,post,1613921197,negative
lldop3,help,post,1613509660,neutral
ljlekx,help,post,1613294915,neutral
lt180l,help,post,1614356752,neutral
ll3zq8,illinois,post,1613482837,neutral
lgiyzp,kratom,post,1612921250,neutral
ltknmg,marvelstudios,post,1614418736,neutral
lnzbir,memes,post,1613795841,neutral
lidshq,missoula,post,1613145118,positive
lnx234,photography,post,1613788281,neutral
lqvi5j,redditrequest,post,1614120874,neutral
lieqcj,redditrequest,post,1613147778,neutral
lbpbn8,redditrequest,post,1612364336,neutral
lebm1a,soapmaking,post,1612659850,positive
llejau,unpopularopinion,post,1613512047,neutral
le9j6u,wallstreetbets,post,1612653493,negative
lhd848,wallstreetbets,post,1613019075,negative
lswglw,worldpolitics,post,1614341350,negative
lrskww,AskDocs,post,1614214649,neutral
lc0c6m,help,post,1612391706,negative
lc0y1f,help,post,1612393317,negative
li03eh,iamverybadass,post,1613092488,negative
li0423,iamverybadass,post,1613092538,neutral
le8jlj,options,post,1612650600,negative
loerui,redditrequest,post,1613849675,neutral
lj27d8,redditrequest,post,1613228967,neutral
ll0hza,redditrequest,post,1613468513,neutral
lu3vj6,startrekgifs,post,1614481520,neutral
lu19ff,unpopularopinion,post,1614472604,negative
laxq6i,wallstreetbets,post,1612278637,positive
lc65th,wallstreetbets,post,1612408572,neutral
le235t,wallstreetbets,post,1612632142,negative
ll5q2y,wallstreetbets,post,1613488063,neutral
lc9m96,wallstreetbets,post,1612420539,negative
lca2m6,wallstreetbets,post,1612422385,neutral
lu4osb,AskReddit,post,1614483587,neutral
lbfoua,AskWomenOver30,post,1612327077,neutral
ln0thy,BestOfReports,post,1613691665,neutral
ljqdik,CryptoCurrency,post,1613316449,neutral
lcmdws,DMT,post,1612463458,neutral
ldy00g,Naruto,post,1612619463,neutral
la8eso,NeedVocals,post,1612199844,neutral
lbhfk4,NoFap,post,1612333555,positive
lbvj3f,PewdiepieSubmissions,post,1612379629,negative
lctda1,PewdiepieSubmissions,post,1612481175,neutral
lenckr,PewdiepieSubmissions,post,1612707740,negative
lflfb4,PewdiepieSubmissions,post,1612817261,neutral
lg8kpo,PewdiepieSubmissions,post,1612892100,neutral
lhsgfy,PewdiepieSubmissions,post,1613071690,neutral
li6ks5,PewdiepieSubmissions,post,1613116726,neutral
lksuq4,PewdiepieSubmissions,post,1613440194,neutral
lktzyt,PewdiepieSubmissions,post,1613443925,neutral
lnel5i,PewdiepieSubmissions,post,1613737265,negative
lol6t1,PewdiepieSubmissions,post,1613868746,neutral
lpn6kc,PewdiepieSubmissions,post,1613997984,negative
lpnala,PewdiepieSubmissions,post,1613998342,negative
lpotdg,PewdiepieSubmissions,post,1614002875,negative
lqq163,PewdiepieSubmissions,post,1614106700,neutral
lqqujm,PewdiepieSubmissions,post,1614108713,neutral
lhdwc7,Rants,post,1613021573,negative
lsa09j,Rants,post,1614269341,negative
lqsi17,Sneakers,post,1614112952,neutral
lnjih2,Stellaris,post,1613751050,neutral
lo3t7z,Stellaris,post,1613814173,neutral
lo9qnj,StockMarket,post,1613835941,negative
ltte42,Twitch,post,1614448295,neutral
ldz3fq,dankmemes,post,1612623264,negative
lqkeyr,dankmemes,post,1614092602,neutral
lorqe9,kpophelp,post,1613892325,neutral
lehwsp,neoliberal,post,1612682992,negative
lew4v7,nflcirclejerk,post,1612733614,negative
lp4v7i,playstation,post,1613936675,neutral
llvxf8,rant,post,1613572851,negative
lp44i2,reddevils,post,1613934574,neutral
lt6i83,redditrequest,post,1614369933,neutral
lbn634,redditrequest,post,1612357782,neutral
lbn6zz,redditrequest,post,1612357866,neutral
lc6ghu,redditrequest,post,1612409529,neutral
ln5uo6,redditrequest,post,1613706423,negative
ljho5c,redditrequest,post,1613278416,neutral
lndsay,space,post,1613734397,negative
liojvx,steak,post,1613174994,neutral
lj7jzc,teenagers,post,1613245305,neutral
lmp1xb,teenagers,post,1613661567,positive
led1kq,wallstreetbets,post,1612664357,positive
ldpzii,wallstreetbets,post,1612586232,negative
lkm8yr,2007scape,post,1613420638,negative
lellwy,CallOfDuty,post,1612701043,neutral
lrqygt,CryptoCurrency,post,1614211177,positive
lpktuu,DDLC,post,1613989760,neutral
lh6w5m,Minecraft,post,1612999191,neutral
lkezix,OreGairuSNAFU,post,1613400188,negative
lt9edb,Showerthoughts,post,1614377963,negative
lix8xf,Showerthoughts,post,1613207700,negative
lqpmzw,Silverbugs,post,1614105724,positive
la7d7y,Sino,post,1612197385,neutral
lemxqk,Sino,post,1612706330,neutral
liaqme,Sino,post,1613135489,negative
liydi1,Sino,post,1613213221,negative
liyels,Sino,post,1613213381,negative
lgmfui,camphalfblood,post,1612933452,neutral
ladrml,caps,post,1612212682,negative
lh8j4a,cubancigars,post,1613003883,negative
lklzzy,dankmemes,post,1613419966,neutral
lctetr,dogecoin,post,1612481296,positive
lek7pb,furry_irl,post,1612694553,neutral
ll2fqs,papermario,post,1613477064,negative
lhth9h,privacy,post,1613074245,neutral
ld1jfn,redditrequest,post,1612507762,neutral
le379l,redditrequest,post,1612635280,neutral
ldrk6b,redditrequest,post,1612592606,neutral
ltlop2,soccercirclejerk,post,1614423141,negative
lqnqpj,teenagers,post,1614100951,neutral
le5uc3,teenagers,post,1612642694,negative
l9xngs,wallstreetbets,post,1612164491,negative
llujin,worldpowers,post,1613568666,neutral
lkk44i,xboxone,post,1613414857,neutral
lqve63,CrappyDesign,post,1614120575,neutral
lbvwdk,FreeKarma4U,post,1612380523,neutral
lr084n,H3VR,post,1614131892,positive
lg6iqk,NatureIsFuckingLit,post,1612886729,neutral
liuihu,awfuleverything,post,1613195688,negative
ljzpmv,crossdressing,post,1613343855,neutral
lgowcc,cyberpunkgame,post,1612943770,negative
li49dw,dankmemes,post,1613106557,negative
lqpmqe,falcons,post,1614105705,neutral
lm4lvv,flicks,post,1613595739,positive
lh1a6b,freelanceWriters,post,1612984595,neutral
lb6lge,gaybros,post,1612300463,positive
lecup4,interestingasfuck,post,1612663709,negative
ltzj6a,investing,post,1614466883,negative
ljdnjn,lgbt,post,1613264173,negative
lhrd8z,modhelp,post,1613068860,neutral
lsyfct,pyrocynical,post,1614348619,negative
lq3dow,rant,post,1614036982,negative
lipb9g,redditrequest,post,1613177298,neutral
ljiise,redditrequest,post,1613281663,neutral
lbwsdg,redditrequest,post,1612382715,neutral
lp4dp4,redditrequest,post,1613935290,neutral
li11au,redditrequest,post,1613095474,neutral
lax580,stocks,post,1612277278,negative
lsjcte,teenagers,post,1614293815,negative
lnqf55,timberwolves,post,1613768593,neutral
lnmoms,todayilearned,post,1613758926,negative
lfffll,torontoraptors,post,1612801580,neutral
lcz75h,wallstreetbets,post,1612498678,negative
le6lz3,wallstreetbets,post,1612644924,negative
lhmxyr,wallstreetbets,post,1613057067,negative
lbstgd,wallstreetbets,post,1612373144,neutral
ltrljn,wallstreetbets,post,1614443263,negative
lro8xy,AsiansGoneWild,post,1614204145,neutral
lopa8v,AskReddit,post,1613882926,neutral
lopax0,AskReddit,post,1613882996,neutral
lm5jgd,AutoModerator,post,1613598207,neutral
lbxamv,AutoModerator,post,1612383966,neutral
lciqs1,AutoModerator,post,1612454299,neutral
ld8v51,AutoModerator,post,1612537142,neutral
lffm46,AutoModerator,post,1612802083,neutral
lhoomh,AutoModerator,post,1613061837,neutral
lhvw6k,AutoModerator,post,1613080544,neutral
ljlskv,AutoModerator,post,1613297022,neutral
ljmjhl,AutoModerator,post,1613300942,neutral
ljmjy5,AutoModerator,post,1613301002,neutral
ll18gm,AutoModerator,post,1613471920,neutral
lrk7nd,AutoModerator,post,1614192428,neutral
ltwkx8,AutoModerator,post,1614457654,neutral
loyxah,CoinBase,post,1613920182,negative
lmw9g1,FreeKarma4You,post,1613679838,negative
ljajee,Instagram,post,1613254093,negative
livpyr,Minecraft,post,1613200594,neutral
lnqhkv,ModSupport,post,1613768805,neutral
lbgxsf,Nepal,post,1612331635,neutral
ldssvq,Nepal,post,1612598325,neutral
ll726w,Nepal,post,1613491730,negative
lern32,OkCupid,post,1612720964,negative
ld33vr,OnePiece,post,1612514812,neutral
ldo0df,ShitRConservativeSays,post,1612579186,negative
lhe887,TumblrInAction,post,1613022905,negative
lsymaq,UnderwearGW,post,1614349234,neutral
lug1eh,arabs,post,1614518807,neutral
loi0bb,aznidentity,post,1613859010,negative
lkt6jp,ballpython,post,1613441249,negative
lbn7ry,cardano,post,1612357936,positive
lrza2h,dankmemes,post,1614231393,neutral
lrkyik,disability,post,1614194277,neutral
lu1sxj,fivenightsatfreddys,post,1614474405,neutral
lam5mt,hockey,post,1612236015,negative
llmrwv,memes,post,1613538736,negative
llzx8w,modhelp,post,1613583370,neutral
lksnfh,nursing,post,1613439546,neutral
lja9kb,ravens,post,1613253300,neutral
ljbris,redditrequest,post,1613257916,neutral
lt5gcd,redditrequest,post,1614367146,neutral
ll0dbu,roblox,post,1613467891,negative
lda1ir,softwaregore,post,1612540350,negative
lbxbvn,tifu,post,1612384055,negative
la8oto,wallstreetbets,post,1612200507,neutral
lbk0n6,wallstreetbets,post,1612344936,negative
lcc2c3,wallstreetbets,post,1612430797,neutral
lhalqv,wallstreetbets,post,1613010231,neutral
lca20c,2007scape,post,1612422316,negative
ls477k,350z,post,1614251264,neutral
ldfh25,ApplyingToCollege,post,1612554313,negative
lm361g,BabyBumps,post,1613591957,positive
ljhy1b,Colts,post,1613279414,positive
lm1xay,CryptoCurrency,post,1613588580,positive
lq3qvi,CryptoCurrency,post,1614038031,positive
ldhfqo,ForeverAlone,post,1612559559,negative
ldw507,OliveMUA,post,1612611754,positive
lq6pg1,OnePiece,post,1614046859,negative
lpnvx9,SWGalaxyOfHeroes,post,1614000201,negative
lo290s,SquaredCircle,post,1613807254,neutral
lomzpl,Terraria,post,1613874823,neutral
lfsj82,WatchRedditDie,post,1612838078,negative
lkq4oy,antinatalism,post,1613431608,negative
lmrfqv,assettocorsa,post,1613667700,neutral
laz3u5,cambodia,post,1612281959,neutral
llqfmx,casualiama,post,1613553396,neutral
lfhkuk,dementia,post,1612807216,positive
llcxak,healthIT,post,1613507595,positive
lagx5e,investing,post,1612220548,neutral
lsel17,ireland,post,1614281083,neutral
ldwzqm,pcmasterrace,post,1612615468,negative
liz4w0,pcmasterrace,post,1613216911,negative
letikg,playrust,post,1612726184,neutral
liahcy,redditrequest,post,1613134560,neutral
lt9rpf,redditrequest,post,1614379025,neutral
l9v532,redditrequest,post,1612155059,negative
llunnn,redditrequest,post,1613569014,neutral
lkit8d,redditrequest,post,1613411284,negative
lm637d,redditrequest,post,1613599697,neutral
loubun,runescape,post,1613903024,neutral
lrgz6k,vegan,post,1614184492,neutral
lqhbrb,vegan,post,1614083414,negative
liu6ue,waifuism,post,1613194377,negative
lcwzru,CoinBase,post,1612491533,neutral
ld9end,CryptoCurrency,post,1612538578,neutral
lmf4q8,Dallas,post,1613627360,neutral
lad2so,DataHoarder,post,1612211028,negative
ldnq7b,Denmark,post,1612578244,neutral
lg59it,NonBinary,post,1612883282,neutral
lhjfe4,SouthDakota,post,1613045416,negative
lfgsb0,WatchRedditDie,post,1612805133,negative
lr8kg9,adorableporn,post,1614158644,neutral
l9rxup,bisexual,post,1612144672,positive
le85r8,britishmilitary,post,1612649471,positive
lavp21,buffalobills,post,1612273321,neutral
lheor1,communism,post,1613024802,neutral
lhyu6p,conspiracy,post,1613088702,neutral
loj69r,dogecoin,post,1613862462,negative
lbidu5,dogecoin,post,1612337618,positive
lan083,fnv,post,1612238790,neutral
ljpvkd,giftcardexchange,post,1613314847,positive
lb56qt,greysanatomy,post,1612296803,negative
lga7s0,memes,post,1612896259,negative
lgmobv,racism,post,1612934318,neutral
lqshwt,raidsecrets,post,1614112943,neutral
lupent,redditrequest,post,1614543603,neutral
lqhag1,redditrequest,post,1614083285,neutral
lrez46,redditrequest,post,1614179144,neutral
lsrfyy,redditrequest,post,1614319788,neutral
lm5jwh,redditrequest,post,1613598239,negative
lt7aw4,redditrequest,post,1614372092,neutral
laov7l,redditrequest,post,1612245329,neutral
lhuh41,teenagers,post,1613076822,neutral
lnb4b4,waifuism,post,1613724232,negative
laako4,wallstreetbets,post,1612204976,neutral
lbw99n,wallstreetbets,post,1612381431,negative
ltyxhi,wallstreetbets,post,1614464980,negative
lc979k,wallstreetbets,post,1612418878,negative
ldc91a,Bestbuy,post,1612546075,negative
lhjkxf,ConanExiles,post,1613046054,negative
lp39ca,HighStrangeness,post,1613932168,positive
li0o2w,MarioMaker,post,1613094296,neutral
ltx44e,OnePiece,post,1614459320,neutral
lubb4s,OutOfTheLoop,post,1614502470,neutral
lboq55,Overwatch,post,1612362650,positive
lc3w79,ShadowBan,post,1612401769,negative
ljtjly,TheWire,post,1613325744,neutral
ld1yzj,Tronix,post,1612509636,negative
llnzue,TrueOffMyChest,post,1613543503,negative
lq7z92,acting,post,1614050793,positive
lf4fmu,asktransgender,post,1612760130,neutral
lfr32s,cardano,post,1612833421,positive
lkk1h4,changemyview,post,1613414644,negative
lny30y,copypasta,post,1613791672,negative
lelbah,dankmemes,post,1612699686,negative
ltufre,discordapp,post,1614451175,negative
lga1cd,dogecoin,post,1612895805,neutral
lpgbh2,eagles,post,1613972641,neutral
lbbtku,flashlight,post,1612314676,neutral
ls9pgk,help,post,1614268585,neutral
lejmwb,japancirclejerk,post,1612691666,neutral
liyman,meme,post,1613214394,positive
lnnlfs,memes,post,1613761238,neutral
lofged,photography,post,1613851600,neutral
lk86k4,rant,post,1613372897,negative
lllppi,redditrequest,post,1613534926,neutral
lfpc81,redditrequest,post,1612828039,neutral
ls9wjo,redditrequest,post,1614269083,neutral
lonzjm,redditrequest,post,1613878325,neutral
lb9uow,redditrequest,post,1612308724,neutral
lkjp04,secretsanta,post,1613413688,neutral
llyohr,secretsanta,post,1613580138,positive
lozal6,secretsanta,post,1613921263,negative
lbvhei,unpopularopinion,post,1612379507,negative
lb4d1y,wallstreetbets,post,1612294732,neutral
lct5mz,wallstreetbets,post,1612480594,negative
lc2les,wallstreetbets,post,1612397933,neutral
l9tdbm,wallstreetbets,post,1612149201,neutral
lenxhz,washingtonwizards,post,1612709757,neutral
lj2t6j,Animemes,post,1613230998,negative
lq382c,AskReddit,post,1614036537,neutral
lq9p6r,AutoModerator,post,1614056175,neutral
luhx4l,CallOfDuty,post,1614524278,neutral
luio1a,CallOfDuty,post,1614526288,negative
lt7vaj,GODZILLA,post,1614373649,negative
llqu64,INTP,post,1613555150,neutral
lefk50,IndianEnts,post,1612673058,neutral
ld0i83,IndianGaming,post,1612503527,neutral
lprodl,IndianGaming,post,1614009045,neutral
lb2y4i,Infinitewarfare,post,1612291192,negative
lgf7vr,Mcat,post,1612909626,neutral
layu5v,Memes_Of_The_Dank,post,1612281327,neutral
lt1wjq,Miami,post,1614358486,negative
lpfnvd,Mountaineering,post,1613970256,neutral
ldw6cl,OliveMUA,post,1612611931,positive
le8ku3,Rainbow6,post,1612650704,neutral
ljjyna,XXXTENTACION,post,1613287729,neutral
lc20wu,bugs,post,1612396346,neutral
lke6id,criticalrole,post,1613397542,neutral
lorjt0,dankmemes,post,1613891566,negative
lge7va,discordapp,post,1612906810,neutral
lnlv0z,feedthebeast,post,1613756750,neutral
la7rcm,frogs,post,1612198340,negative
lor9z2,memes,post,1613890440,neutral
lt0ar8,memes,post,1614354151,negative
lcflch,modhelp,post,1612445195,neutral
lfc7ed,pawg,post,1612792336,negative
lq3uff,pawg,post,1614038317,negative
lr86ax,pokemongo,post,1614157243,negative
lc1v4x,questions,post,1612395888,neutral
ldi8ev,redditrequest,post,1612561804,neutral
lig5l0,redditrequest,post,1613151551,neutral
lfjkz8,redditrequest,post,1612812460,neutral
ljbwuy,russia,post,1613258401,neutral
lnbq9x,teenagers,post,1613726644,negative
ldhtl4,tressless,post,1612560636,negative
laklyg,wallstreetbets,post,1612231065,neutral
lb76mj,wallstreetbets,post,1612301791,negative
lc9fdc,wallstreetbets,post,1612419765,neutral
lbewjy,4kTV,post,1612324466,negative
loe7x0,Boruto,post,1613848162,neutral
lpzajk,COMPLETEANARCHY,post,1614026543,negative
ltjbj6,COMPLETEANARCHY,post,1614412594,negative
lo3g5e,CasualUK,post,1613812544,negative
lj2nvp,FixMyPrint,post,1613230509,neutral
lll9h2,Gunpla,post,1613533441,neutral
lkkdqq,MHOC,post,1613415600,neutral
la4xho,ModSupport,post,1612191558,negative
ld8u5j,ModSupport,post,1612537064,negative
lpj1ai,Music,post,1613982615,neutral
lhpxab,NHLHUT,post,1613065097,neutral
lhqijl,NHLHUT,post,1613066624,neutral
lawwho,PrequelMemes,post,1612276682,neutral
l9rqxx,SquaredCircle,post,1612144067,negative
lg2fv9,dankmemes,post,1612874131,neutral
lpw9gd,dankmemes,post,1614019445,neutral
lsxx38,dankmemes,post,1614346952,neutral
llexbo,explainlikeimfive,post,1613513159,neutral
ljuyzy,falloutlore,post,1613329825,neutral
llnq96,forsen,post,1613542459,neutral
lb3gtk,modhelp,post,1612292494,neutral
lm8ejm,modhelp,post,1613606103,neutral
lmow5g,modhelp,post,1613661129,neutral
lf0onp,redditrequest,post,1612747319,neutral
lh3cte,redditrequest,post,1612989845,neutral
lah2fq,redditrequest,post,1612220927,neutral
lp95a1,redditrequest,post,1613948900,neutral
lecb9c,redditrequest,post,1612662011,neutral
llrrx3,redditrequest,post,1613558795,neutral
ljbprd,stocks,post,1613257761,negative
lcv8yd,teenagers,post,1612486520,neutral
lheagd,teenagers,post,1613023169,negative
lhgbt3,teenagers,post,1613032105,negative
lhggsd,teenagers,post,1613032749,negative
lhgte1,teenagers,post,1613034322,negative
lqp7n7,vexillology,post,1614104658,negative
lcimqq,wallstreetbets,post,1612453997,neutral
lc8c9v,wallstreetbets,post,1612415742,neutral
lcgn66,wallstreetbets,post,1612448491,neutral
lcmgwb,yandere_simulator,post,1612463678,neutral
lrk0gb,AskReddit,post,1614191906,neutral
lsej3h,Enneagram,post,1614280950,neutral
lnt91e,FanFiction,post,1613776779,neutral
lpgnq6,FreeKarma4You,post,1613973859,negative
lsfa3r,Guiltygear,post,1614282892,neutral
ley6rz,Jokes,post,1612739370,neutral
lcfxm7,Stoicism,post,1612446293,neutral
lakp21,XRP,post,1612231306,negative
lg6oii,YouShouldKnow,post,1612887146,negative
lsx5tk,anarchy,post,1614344227,neutral
lg5h3z,apolloapp,post,1612883871,neutral
lfie66,askphilosophy,post,1612809341,negative
lru5dv,beholdthemasterrace,post,1614217716,negative
lesqyy,cuboulder,post,1612724039,positive
lmlaso,cybersecurity,post,1613649954,negative
lrjy0j,dankmemes,post,1614191741,neutral
lhfmq4,dankmemes,post,1613028894,negative
llaihf,disneyvacation,post,1613501010,negative
llak6a,disneyvacation,post,1613501138,negative
lpsrnx,dubai,post,1614011464,neutral
lnd60x,emetophobia,post,1613732173,neutral
leegnu,help,post,1612669081,neutral
lpjzs2,memes,post,1613986339,negative
liqz4t,memes,post,1613182715,negative
lqjw48,modhelp,post,1614091220,neutral
lhy8gw,mormon,post,1613086965,negative
lq8lg4,redditrequest,post,1614052769,neutral
le4lim,redditrequest,post,1612639194,neutral
lsz1cq,redditrequest,post,1614350558,neutral
lb1yhq,redditrequest,post,1612288753,neutral
lc0syx,socialanxiety,post,1612392965,neutral
lcw6ta,steelseries,post,1612489296,negative
lj0aok,teenagers,post,1613221844,neutral
lqgwb5,teenagers,post,1614081975,neutral
lljveo,ucla,post,1613528851,neutral
lqvire,vegan,post,1614120921,neutral
lnqodk,vikingstv,post,1613769413,negative
lc8jkx,wallstreetbets,post,1612416471,neutral
lc97o8,wallstreetbets,post,1612418922,neutral
ld9suh,wallstreetbets,post,1612539680,negative
lcy3qw,wallstreetbets,post,1612494929,negative
lcy5o5,wallstreetbets,post,1612495086,negative
ldzqqm,wallstreetbets,post,1612625266,positive
leabqh,wallstreetbets,post,1612655941,positive
lr82bz,AskReddit,post,1614156844,neutral
lia9ls,AskReddit,post,1613133698,neutral
lifvp7,Bestbuy,post,1613150811,neutral
lpxu1v,CoinBase,post,1614023084,negative
lh0mwm,DallasStars,post,1612982944,neutral
lgcum1,EscapefromTarkov,post,1612903139,negative
lqxd35,InjusticeMobile,post,1614124927,positive
lgrbhn,Libertarian,post,1612954761,neutral
ldsqnn,MEOW_IRL,post,1612598001,neutral
lnygdb,Minecraft,post,1613792913,neutral
lbxd4x,ModSupport,post,1612384145,neutral
lregij,ScienceTeachers,post,1614177764,negative
lfrcaw,ShitPoliticsSays,post,1612834229,negative
lddjeq,WatchRedditDie,post,1612549333,neutral
lllbxj,attackontitan,post,1613533649,negative
lqiwnc,circlejerk,post,1614088420,neutral
lsbcxh,computertechs,post,1614272805,neutral
lt6jeg,dankmemes,post,1614370022,neutral
lekxi1,depression,post,1612697986,negative
llyrcw,modclub,post,1613580351,negative
lmyyy6,modclub,post,1613686736,neutral
ld4839,modclub,post,1612519900,neutral
lli55t,modhelp,post,1613523097,negative
lsgz4a,neoliberal,post,1614287360,neutral
ld6u7f,ottawa,post,1612530743,negative
l9u58k,pathofexile,post,1612151737,negative
lm62fa,questions,post,1613599635,negative
lo9yk1,raisedbyborderlines,post,1613836585,neutral
lmqkqe,rant,post,1613665561,negative
lmqtmz,rant,post,1613666191,negative
ldzfnf,redditrequest,post,1612624301,neutral
lgxeuf,redditrequest,post,1612974688,neutral
lomle1,redditrequest,post,1613873425,neutral
lrw2lk,roblox,post,1614221541,positive
lh6k7g,thefighterandthekid,post,1612998279,neutral
l9x4cd,unpopularopinion,post,1612162327,neutral
lqjvag,vegancirclejerk,post,1614091161,negative
lcud1z,wallstreetbets,post,1612483904,negative
ln6gz7,wallstreetbets,post,1613708246,negative
ldscl4,wallstreetbets,post,1612596130,neutral
lnykoo,webdev,post,1613793311,neutral
lby2z6,2007scape,post,1612385910,neutral
lcbqa4,2007scape,post,1612429320,negative
lcg7kn,AskReddit,post,1612447187,negative
lcg9f4,AskReddit,post,1612447329,neutral
lcgaae,AskReddit,post,1612447398,neutral
ld4rx2,AskReddit,post,1612522445,negative
ld4sjj,AskReddit,post,1612522524,negative
ld4t3d,AskReddit,post,1612522598,negative
ld4t95,AskReddit,post,1612522621,neutral
ld4vl9,AskReddit,post,1612522863,neutral
lkfa48,Austin,post,1613401124,neutral
lm18fw,Austin,post,1613586757,negative
lqpss1,Buttcoin,post,1614106113,negative
lugqug,CryptoCurrency,post,1614520837,neutral
lf898b,HongKong,post,1612776393,positive
lpciw9,JoeRogan,post,1613959633,negative
la2vtz,Persona5,post,1612185606,negative
lsz8k8,apolloapp,post,1614351143,neutral
lndp4e,raleigh,post,1613734097,neutral
lpoq8x,redditrequest,post,1614002613,neutral
lcri6f,redditrequest,post,1612476239,neutral
ltw7mg,redditrequest,post,1614456524,neutral
lshluo,redditrequest,post,1614289082,neutral
lh02wr,redditrequest,post,1612981515,neutral
lmmce1,uwaterloo,post,1613653508,neutral
lssu67,virtualreality,post,1614326012,negative
lc7ni0,wallstreetbets,post,1612413465,positive
lc6xd8,wallstreetbets,post,1612411109,negative
l9z7vo,wallstreetbets,post,1612171169,neutral
lgl70z,wallstreetbets,post,1612928821,negative
lpotur,2007scape,post,1614002913,negative
llb42w,2007scape,post,1613502617,neutral
lese8k,BDSMAdvice,post,1612723045,positive
lekiyl,BitcoinUK,post,1612696053,negative
lhjeu9,BoJackHorseman,post,1613045347,neutral
lbe168,FortNiteBR,post,1612321604,positive
lb3rt9,H3VR,post,1612293254,neutral
lb43ts,H3VR,post,1612294093,neutral
ljszzb,HotlineMiami,post,1613324199,neutral
ljf86x,Maine,post,1613269498,neutral
lhvw9o,Showerthoughts,post,1613080551,negative
lojece,askTO,post,1613863115,neutral
lcqezy,astoria,post,1612473414,neutral
ld2apj,dankmemes,post,1612511079,negative
leji7y,dankmemes,post,1612690994,negative
ltugoy,dankmemes,post,1614451252,neutral
lcit4a,dogecoin,post,1612454457,neutral
lcj5xy,dogecoin,post,1612455347,negative
lnmuv2,help,post,1613759364,neutral
lnpstf,jailbreak,post,1613766841,positive
lp187q,jailbreak,post,1613926642,negative
lp6i1k,jobs,post,1613941214,positive
lgmt14,leafs,post,1612934832,neutral
lf2icu,lgbt,post,1612753648,neutral
leghfc,memes,post,1612676660,neutral
ltykxt,modhelp,post,1614463872,neutral
lk54i7,premed,post,1613361461,positive
ldgk9d,rant,post,1612557212,negative
ldi7v3,rant,post,1612561760,negative
llgxyt,redditrequest,post,1613519224,neutral
leam51,redditrequest,post,1612656766,neutral
ltdx55,redditrequest,post,1614392293,neutral
lhce6e,redditrequest,post,1613016076,neutral
lht41u,redditrequest,post,1613073350,neutral
lpk6zb,redditrequest,post,1613987148,neutral
lal042,redditrequest,post,1612232243,neutral
lsd8ke,roblox,post,1614277648,negative
ld9pdl,starcitizen,post,1612539410,positive
lhkarq,totalwar,post,1613048869,negative
lc93pn,wallstreetbets,post,1612418519,negative
lct23c,wallstreetbets,post,1612480350,neutral
lrpfdn,wallstreetbets,post,1614207099,negative
lsntpm,zelda,post,1614307305,positive
