id,subreddit,kind,timestamp,sentiment_wrt_mods
rl03ti,2007scape,post,1640042625,neutral
r8yql1,2007scape,post,1638650840,neutral
rmd9yt,2007scape,post,1640202837,negative
ro1v0s,49ers,post,1640404598,negative
rsfbew,Accutane,post,1640906625,neutral
rs2xbk,Advice,post,1640874125,neutral
r9nuts,Anarchy101,post,1638734176,positive
rkqzdf,ArcherFX,post,1640017349,negative
rac19m,AskReddit,post,1638810216,neutral
rjl7gj,AutoModerator,post,1639876048,neutral
rcwweb,BPDlovedones,post,1639100464,neutral
r6leue,BestOfReports,post,1638383092,negative
r6lmcv,BestOfReports,post,1638383632,negative
rr7pi6,BikiniBottomTwitter,post,1640782947,neutral
rmh6vw,Comcast_Xfinity,post,1640214126,neutral
rqj842,Comcast_Xfinity,post,1640707800,neutral
rs6lbp,CrazyIdeas,post,1640883998,neutral
rfzw2y,DIY,post,1639458523,negative
r8rjjl,Dogtraining,post,1638630465,neutral
rfnlv5,DotA2,post,1639423104,neutral
rqqsgu,Draven,post,1640728524,negative
r9j6gb,German,post,1638721450,neutral
rjp5ni,Hoboken,post,1639889331,negative
r8ivyg,JurassicPark,post,1638597076,neutral
r7p69r,MaddenUltimateTeam,post,1638501976,neutral
rdbeq2,ModSupport,post,1639150980,neutral
rb2xxi,ModSupport,post,1638895061,negative
r9hlme,ModSupport,post,1638716828,negative
rpd0gr,MtF,post,1640574175,neutral
rj04pp,Music,post,1639804470,neutral
rcmos7,PvZGardenWarfare,post,1639071342,negative
rt6hby,Rainbow6,post,1640994546,negative
rfy9hg,RedditCensors,post,1639453273,neutral
rg4vcu,RedditCensors,post,1639478592,negative
rexqm8,Repsneakers,post,1639341542,negative
rlsh9o,Saints,post,1640133229,neutral
ri6i63,SantasLittleHelpers,post,1639707317,positive
r9ivdo,ScottishFootball,post,1638720578,negative
rlwepd,SeattleWA,post,1640145526,neutral
rrnt10,SeriousConversation,post,1640825149,neutral
ra9s67,SubredditDrama,post,1638804416,negative
r6me0g,TopMindsOfReddit,post,1638385573,neutral
rlpl4a,TruePokemon,post,1640124753,negative
r7rn9t,UsenetInvites,post,1638509658,neutral
rfk51h,WayOfTheBern,post,1639414289,negative
rco2rm,anarchy,post,1639075228,negative
rgpl08,anarchy,post,1639539702,negative
rk3rtg,askscience,post,1639942124,neutral
r6zt1k,baseball,post,1638422632,neutral
rct9su,bjj,post,1639089590,positive
rkkfaa,bugs,post,1639996584,neutral
r7iadx,buildapc,post,1638481882,negative
rj1mgu,canucks,post,1639810024,neutral
r8z4fh,chelseafc,post,1638651920,neutral
rsi6ea,chinchilla,post,1640915009,neutral
rr3g1b,chubby,post,1640767121,neutral
rrwx7q,circlejerk,post,1640853643,negative
rgqm5i,cripplingalcoholism,post,1639543104,neutral
ra8uj1,dankmemes,post,1638801886,neutral
rfs9dv,dankmemes,post,1639435122,neutral
r61h4d,destiny2,post,1638317681,neutral
r9ei88,dfsports,post,1638706466,neutral
rfhy5g,discordapp,post,1639408529,neutral
rar3zv,entp,post,1638852867,neutral
rnforf,facebook,post,1640325929,negative
rep2ur,formula1,post,1639315882,negative
rhoax5,forsen,post,1639651868,neutral
ra731b,fountainpens,post,1638796668,neutral
rp2bvq,gmod,post,1640542187,negative
rrjwi4,goth,post,1640814918,positive
rptsqj,greenday,post,1640629650,negative
rpvqby,help,post,1640634827,neutral
r6omj2,help,post,1638391325,neutral
rjjfc1,help,post,1639870142,negative
r8fpf0,legaladviceofftopic,post,1638586010,positive
rmltfl,lego,post,1640228428,neutral
rbq7rw,linux4noobs,post,1638966283,neutral
rq2r70,madlads,post,1640654236,negative
rq2rv1,madlads,post,1640654291,negative
rhdy9p,mcgill,post,1639614923,negative
rpfp0y,memes,post,1640582614,negative
rofnhu,mildyinfuriating,post,1640460083,neutral
re6are,modhelp,post,1639249198,neutral
rgjfmv,networking,post,1639521862,negative
rh0p64,nyc,post,1639579552,neutral
ro0549,oddlyterrifying,post,1640398039,neutral
roof9r,phr4r,post,1640489991,positive
r8lgcj,pitbulls,post,1638607400,neutral
riq096,polyamory,post,1639772599,neutral
rb5wm2,puppy101,post,1638902106,positive
rlye8e,pyrocynical,post,1640152391,neutral
rjuym3,questions,post,1639913459,neutral
rnt3du,raisedbyborderlines,post,1640374201,positive
rhhltg,redditmobile,post,1639626195,negative
r7qmlv,redditrequest,post,1638506376,neutral
rrgtqw,redditrequest,post,1640807193,neutral
rfq5kh,redditrequest,post,1639429623,neutral
rskre7,redditrequest,post,1640922938,neutral
rs3hf3,redditrequest,post,1640875757,neutral
r657i6,redditrequest,post,1638329236,neutral
r8trri,redditrequest,post,1638636860,neutral
rswie2,redditrequest,post,1640965203,neutral
rcany1,redditrequest,post,1639027702,neutral
rcd7q1,redditrequest,post,1639037909,neutral
rhjmft,redditrequest,post,1639632702,neutral
rhc0wn,redditrequest,post,1639609410,neutral
rn39ml,redditrequest,post,1640287672,neutral
rn3a67,redditrequest,post,1640287714,negative
rmk4uo,redditrequest,post,1640223096,neutral
ro5l6m,redditrequest,post,1640419787,neutral
rr43pg,redditrequest,post,1640769722,neutral
rfd5v1,redditrequest,post,1639392978,neutral
r8g6n1,redditrequest,post,1638587616,neutral
r7jz5u,redditrequest,post,1638486641,neutral
rsos5y,relationship_advice,post,1640937257,neutral
rqqngz,relationship_advice,post,1640728148,neutral
rjo2r6,RimWorld,post,1639885564,neutral
rkd08o,Screenwriting,post,1639969265,neutral
r7ijub,Torontobluejays,post,1638482610,neutral
r93hwa,TownofSalemgame,post,1638665141,neutral
r8nm72,WTF,post,1638616641,negative
rkqh6n,Warhammer,post,1640016014,neutral
raszwj,WatchRedditDie,post,1638859799,negative
r66smi,WayOfTheBern,post,1638334520,negative
rjbwdi,WayOfTheBern,post,1639847658,negative
rknuki,anime,post,1640008650,neutral
rknwwt,anime,post,1640008821,neutral
rr2g3e,ask,post,1640763265,neutral
rf0gzg,atheism,post,1639349426,negative
rfu7um,bangtan,post,1639440836,neutral
rfoy3a,bangtan,post,1639426542,negative
rgg5si,bristol,post,1639512809,neutral
r698ed,buffalobills,post,1638343810,neutral
rk0o2n,conspiracy,post,1639932865,negative
rk3l5s,conspiracy,post,1639941574,negative
rmf4px,conspiracy,post,1640208119,negative
rp4ecn,conspiracy,post,1640548286,positive
r7o2g9,conspiracy,post,1638498731,negative
r81arl,conspiracy,post,1638544491,negative
rftjgh,dankmemes,post,1639438628,negative
r6hjsk,discordapp,post,1638373111,neutral
reck0z,dogecoin,post,1639268393,neutral
ris3ku,dogecoin,post,1639778776,neutral
rqm4vi,dogecoin,post,1640715809,neutral
rqm986,dogecoin,post,1640716144,neutral
rqmg9a,dogecoin,post,1640716665,neutral
rbey5i,elonmusk,post,1638926701,negative
rsmq82,elonmusk,post,1640929513,negative
rjju7a,forhonor,post,1639871438,negative
rrthd4,formula1,post,1640841662,neutral
riknci,fut,post,1639757186,negative
r8ctfk,gay,post,1638576814,neutral
rh8xhw,geometrydash,post,1639601234,neutral
rcxhqp,gifsthatkeepongiving,post,1639102278,neutral
rmh4ml,gtaonline,post,1640213957,neutral
ridr6g,gtaonline,post,1639733373,negative
rcw5o2,halifax,post,1639098169,neutral
rghri2,help,post,1639517221,neutral
rm7dzc,horizon,post,1640186535,neutral
rsfr4t,insanepeoplefacebook,post,1640907844,neutral
rsk929,ladybonersgw,post,1640921312,neutral
rjgv7g,legaladvice,post,1639862319,neutral
rk701g,meme,post,1639951458,negative
ri2fre,memes,post,1639695033,negative
rmx01s,memes,post,1640270239,neutral
rmx15c,memes,post,1640270338,neutral
rkgx5j,memes,post,1639982747,negative
r9k988,minecraftseeds,post,1638724427,neutral
rkxxlj,minnesotatwins,post,1640036478,neutral
r7k2rg,miraculousladybug,post,1638486921,negative
r8phlf,modhelp,post,1638623861,neutral
rp56cz,modhelp,post,1640551117,neutral
rqsghq,mopeio,post,1640732974,neutral
reeukw,newjersey,post,1639275902,neutral
rkjt3l,nfl,post,1639994112,neutral
rkizkv,northernireland,post,1639990876,negative
rqwixh,offmychest,post,1640744341,negative
rngdg1,pakistan,post,1640328491,positive
rgazbj,podcasts,post,1639498735,neutral
rc9fns,raimimemes,post,1639023455,negative
rc7pbj,rangers,post,1639017775,neutral
rqzn7a,redditrequest,post,1640753766,neutral
rh3q6d,redditrequest,post,1639587705,neutral
rew43c,redditrequest,post,1639336889,neutral
rpzg3j,redditrequest,post,1640644847,neutral
rbcgta,redditrequest,post,1638919344,neutral
rf3rac,redditrequest,post,1639359299,neutral
r83ky2,redditrequest,post,1638550617,neutral
rpajao,redditrequest,post,1640566588,neutral
rhjyqt,redditrequest,post,1639633864,neutral
r8mfy7,redditrequest,post,1638611743,neutral
r9bplu,redditrequest,post,1638694758,neutral
rcmrrh,relationship_advice,post,1639071576,negative
rr0dbt,religion,post,1640756037,neutral
r9eas4,roblox,post,1638705670,negative
ra2fxw,secretsanta,post,1638779116,positive
rjrhk1,secretsanta,post,1639898180,positive
rloj40,selfie,post,1640121716,positive
rlom2a,selfie,post,1640121961,positive
rro1h0,softwaregore,post,1640825798,neutral
rlt3to,starbucks,post,1640135153,negative
rmo453,streetwearstartup,post,1640237029,negative
rb701m,survivor,post,1638904447,neutral
r9woyb,teenagers,post,1638759184,negative
rm1vk8,teenagers,post,1640166561,negative
riozsw,teenagers,post,1639769593,negative
rbitob,teslamotors,post,1638938280,negative
rgztfz,teslamotors,post,1639577036,neutral
rixpv3,thesopranos,post,1639796238,negative
re8ov7,uwaterloo,post,1639256332,neutral
re8tps,uwaterloo,post,1639256717,negative
rpip4u,vexillologycirclejerk,post,1640593325,neutral
rr0ozb,witchcraft,post,1640757110,positive
rk3ns6,writing,post,1639941790,neutral
rj04jb,30ROCK,post,1639804454,negative
r6swtg,ADHD,post,1638402374,negative
rq582h,Advice,post,1640661339,negative
r9p6yp,Animemes,post,1638737802,neutral
rbdwu6,AskReddit,post,1638923594,negative
rbdy7b,AskReddit,post,1638923705,neutral
rl663y,AskReddit,post,1640061043,negative
rt684q,AskReddit,post,1640993713,negative
rt68ok,AskReddit,post,1640993762,negative
rsf4gc,AskReddit,post,1640906085,negative
rreyir,AskWomen,post,1640802568,negative
rd447i,AutoModerator,post,1639124910,neutral
rlij67,AutoModerator,post,1640104788,neutral
rlgqgr,Bestbuy,post,1640099720,neutral
rgh2ml,Bitcoin,post,1639515320,neutral
rbkq0q,Bitcoin,post,1638944810,neutral
rllca8,Brawlhalla,post,1640112643,negative
rr874m,Buttcoin,post,1640784520,negative
rn842o,C_S_T,post,1640301380,negative
ranvxs,CasualConversation,post,1638842582,negative
rri72z,CoDCompetitive,post,1640810620,negative
r72zv5,CoinBase,post,1638434492,negative
raaznk,Comcast_Xfinity,post,1638807539,negative
raikv8,Comcast_Xfinity,post,1638826984,neutral
rmaczt,CrappyDesign,post,1640194742,negative
rqiz98,EroticHypnosis,post,1640707176,neutral
rlcfau,EscapefromTarkov,post,1640084909,negative
rgm9nq,EscapefromTarkov,post,1639529886,negative
rsj1qb,Faces,post,1640917614,positive
ri60eo,FalloutMods,post,1639705826,neutral
rh96km,FlashTV,post,1639601924,negative
rgl3p2,GameDealsMeta,post,1639526509,negative
rhgxa8,HollowKnight,post,1639624127,negative
rd0v1p,ICanDrawThat,post,1639112671,neutral
r6nojn,JDM,post,1638388904,neutral
rbf1gc,JustUnsubbed,post,1638926965,negative
rgdona,Kerala,post,1639506102,neutral
r78tr3,Libertarian,post,1638455825,negative
r79uth,MMA,post,1638458776,neutral
regsvr,MMA,post,1639282620,neutral
rdih96,Minecraft,post,1639169957,negative
rjjvf3,Minecraft,post,1639871540,negative
rf1uri,ModSupport,post,1639353505,neutral
r8fpyu,ModSupport,post,1638586064,neutral
rpdbza,ModSupport,post,1640575137,negative
ravqrp,ModSupport,post,1638871148,neutral
rafoq4,MtF,post,1638819489,neutral
r9gfvv,Nepal,post,1638713231,neutral
r9bs93,Portland,post,1638695042,neutral
rkjkqd,Psychonaut,post,1639993179,neutral
ra8uj7,Rainbow6,post,1638801887,negative
rk6r01,Random_Acts_Of_Amazon,post,1639950812,positive
rkuh8k,SCBuildIt,post,1640026939,neutral
rca90r,SantasLittleHelpers,post,1639026215,positive
r9p45o,SeattleWA,post,1638737586,negative
rnl2hr,Spiderman,post,1640347784,neutral
rpfxz0,Staples,post,1640583433,negative
r8jc5d,SubredditDrama,post,1638598747,negative
r96cbq,SubredditDrama,post,1638674635,negative
rgvu56,SubredditDrama,post,1639562968,negative
rlnijf,SubredditDrama,post,1640118780,neutral
rpvjts,SubredditDrama,post,1640634319,neutral
rei4m2,TooAfraidToAsk,post,1639287390,negative
rreu8x,TrueOffMyChest,post,1640802256,negative
rnc48v,TwoBestFriendsPlay,post,1640313998,positive
rq4pe1,WatchRedditDie,post,1640659861,negative
rbv0fr,WatchRedditDie,post,1638980873,negative
rpo5di,YMS,post,1640613657,negative
rpornk,YMS,post,1640615592,negative
rr9rj6,Zappa,post,1640789178,negative
rr2wvo,albiononline,post,1640765030,neutral
r6t5gp,alcohol,post,1638403014,negative
ra9nqm,answers,post,1638804083,negative
rfp5mv,bangtan,post,1639427095,neutral
rftjmg,bangtan,post,1639438640,neutral
rciaw5,bullcity,post,1639058553,neutral
rlwpg9,chicago,post,1640146501,neutral
r82o6o,coins,post,1638548132,neutral
rdicnq,conspiracy,post,1639169606,positive
rbcpsa,copypasta,post,1638920047,negative
rkswzw,cowboybebop,post,1640022609,negative
r9ol1p,cyberpunkgame,post,1638736128,neutral
rb1th8,cyberpunkgame,post,1638891356,neutral
roklkh,dankmemes,post,1640476883,neutral
rip689,dirtypenpals,post,1639770138,neutral
rpsl77,discordapp,post,1640626458,negative
rshbxp,discordapp,post,1640912538,neutral
rl1mgw,facepalm,post,1640046985,negative
ri1ywe,fantasyfootball,post,1639693663,neutral
rqkd91,farmingsimulator,post,1640710980,neutral
roenga,findareddit,post,1640456573,negative
rs9jga,golf,post,1640891478,neutral
r85s50,help,post,1638556340,neutral
rafiih,help,post,1638819047,neutral
rikmbz,help,post,1639757110,neutral
rcpmg2,help,post,1639079456,neutral
rlri2f,ideasfortheadmins,post,1640130337,neutral
rolo6a,investing,post,1640480514,negative
r9ahxz,japanlife,post,1638689780,neutral
r8adg8,kof,post,1638569683,neutral
rkq0ia,legaladvice,post,1640014712,neutral
rlpzdv,letsplay,post,1640125900,neutral
rkakiy,letsplay,post,1639961759,negative
rly9gh,lgbt,post,1640151904,negative
rnk6x6,lgbt,post,1640344166,negative
r6o5et,liberalgunowners,post,1638390103,neutral
rf32vy,lonely,post,1639357263,neutral
r6q5f7,masturbation,post,1638395277,neutral
rocib0,meme,post,1640449082,neutral
rfgisn,memes,post,1639404517,neutral
rab6ob,mildlyinfuriating,post,1638808039,negative
rkui7q,mildlyinfuriating,post,1640027011,negative
rcr2ui,modhelp,post,1639083420,neutral
rfbu1k,modhelp,post,1639387395,negative
rncx96,modhelp,post,1640316643,neutral
rnf67q,mormon,post,1640324117,negative
rlre6k,naughtyfromneglect,post,1640130021,neutral
rip3vv,ontario,post,1639769941,neutral
rp2f4c,orangetheory,post,1640542431,positive
rbt68h,pacers,post,1638975587,neutral
rng7tq,pcgamingtechsupport,post,1640327883,neutral
rc1veh,pcmasterrace,post,1639000123,neutral
rr4s3v,phr4r,post,1640772372,positive
rp7o8f,poker,post,1640558256,neutral
rq4chx,poker,post,1640658858,neutral
rnynru,punk,post,1640392639,negative
rskjjm,r4r,post,1640922232,negative
rq2t6a,reddeadredemption,post,1640654402,neutral
rnocke,redditrequest,post,1640359182,neutral
rbdf1w,redditrequest,post,1638922084,neutral
rm2so1,redditrequest,post,1640170436,neutral
r694bd,redditrequest,post,1638343343,negative
rj3nzh,redditrequest,post,1639818611,neutral
rmgmo1,redditrequest,post,1640212453,neutral
rft7ok,redditrequest,post,1639437722,neutral
rfva28,redditrequest,post,1639444106,neutral
rde8a7,redditrequest,post,1639158573,neutral
rbri2h,redditrequest,post,1638970544,neutral
r9yicw,redditrequest,post,1638764838,neutral
rj7s2l,redditrequest,post,1639835041,neutral
rnu137,redditrequest,post,1640377173,neutral
rf0xbh,redditrequest,post,1639350730,neutral
rmh2jq,redditrequest,post,1640213786,neutral
rchgc0,redditrequest,post,1639055753,neutral
rn0px2,redditrequest,post,1640280689,neutral
rlhbok,redditrequest,post,1640101393,neutral
rmdvbj,redditrequest,post,1640204497,negative
rjhcou,riskofrain,post,1639863772,negative
rhk9i7,roosterteeth,post,1639634873,neutral
r6yozo,runescape,post,1638419097,positive
r7xsbl,rust,post,1638533444,neutral
r80tru,rust,post,1638543220,neutral
rajk7q,sanfrancisco,post,1638829635,negative
rt0plb,sbubby,post,1640977121,neutral
r6y70v,scifi,post,1638417563,neutral
rr5a2j,seduction,post,1640774286,neutral
rrpmu8,softwaregore,post,1640830281,neutral
rrl2je,solipsism,post,1640817884,negative
roaway,southafrica,post,1640443097,neutral
rg5iw0,starcitizen,post,1639481317,neutral
rmcbo6,teenagers,post,1640200110,neutral
rbtmr3,teenagers,post,1638976888,negative
rew4gw,teenagers,post,1639336922,negative
rn7d7p,teenagers,post,1640299240,neutral
rb2yl2,teenagers,post,1638895126,neutral
rqmkq7,teenagers,post,1640717016,neutral
rqmmwn,teenagers,post,1640717186,neutral
rh2d29,teenagers,post,1639584104,neutral
rk7wph,ukraina,post,1639953994,negative
rp2790,unpopularopinion,post,1640541806,negative
rdp05p,unpopularopinion,post,1639188627,negative
ro4eu1,whatisthisthing,post,1640414734,neutral
rlj69w,witcher,post,1640106540,negative
rhocr4,wow,post,1639652085,negative
rmy2u9,2007scape,post,1640273388,positive
rcoakk,AgainstHateSubreddits,post,1639075849,negative
r6uz4v,AmItheAsshole,post,1638408054,neutral
rjo4tf,AsianMasculinity,post,1639885757,neutral
r93e2q,AskModerators,post,1638664768,negative
r920pm,AskReddit,post,1638660380,negative
rcyp49,AskReddit,post,1639105964,negative
rnj0mz,AskWomen,post,1640339182,negative
r6lmy5,BestOfReports,post,1638383675,negative
rge8g4,Bible,post,1639507572,negative
rsfm8n,CarletonU,post,1640907461,negative
rpdy39,Catholicism,post,1640577042,neutral
r78530,CharlotteHornets,post,1638453796,positive
rr86wk,ClashRoyale,post,1640784500,negative
risofi,CoinBase,post,1639780501,neutral
rpf1z1,Comcast_Xfinity,post,1640580542,negative
rnt3np,Conservative,post,1640374219,negative
rlo1gu,CryptoCurrency,post,1640120322,negative
rlop2m,CryptoCurrency,post,1640122204,neutral
rlog2l,CryptoCurrency,post,1640121478,negative
rloyzj,CryptoCurrency,post,1640123010,negative
r6i3tw,DBZDokkanBattle,post,1638374560,neutral
rog9n4,DBZDokkanBattle,post,1640462256,neutral
rt1mpu,DBZDokkanBattle,post,1640979817,neutral
r8t5ux,DarkSouls2,post,1638635153,negative
rnalru,DarkSouls2,post,1640309091,negative
rkwma4,Denmark,post,1640032847,neutral
re3ox6,DotA2,post,1639241479,negative
rrukif,Dreamtheater,post,1640845169,negative
rhroni,Drugs,post,1639664364,positive
rqkrdc,EscapefromTarkov,post,1640712070,neutral
rcwh7b,Flipping,post,1639099148,neutral
r7sn8e,HIMYM,post,1638513204,neutral
r7a218,Hair,post,1638459334,neutral
rpqu5r,Hedgehog,post,1640621616,neutral
reahol,LabourUK,post,1639261825,neutral
rgenq5,LabourUK,post,1639508708,neutral
rjerx6,LabourUK,post,1639856105,neutral
rahlb2,LegalAdviceUK,post,1638824407,neutral
rh8v1y,Legodimensions,post,1639601036,neutral
rkjoyd,MassiveCock,post,1639993649,negative
r98mfc,MichiganWolverines,post,1638682413,positive
ri43wm,ModSupport,post,1639700009,neutral
r9dx7a,ModSupport,post,1638704098,negative
rbc8h9,ModSupport,post,1638918666,negative
r9tod6,ModSupport,post,1638750159,negative
r9f17v,ModSupport,post,1638708457,neutral
rioric,NASCAR,post,1639768914,negative
riovv3,NASCAR,post,1639769274,negative
r7c0tb,NameThatSong,post,1638464804,negative
riuxhp,Permaculture,post,1639787352,neutral
rfjlwi,RandomActsOfMuffDive,post,1639412909,neutral
rk7gqh,Random_Acts_Of_Amazon,post,1639952757,positive
r8ogo2,Re_Zero,post,1638620017,neutral
rmwx23,RimWorld,post,1640269971,neutral
r7cvjb,RimWorld,post,1638467149,negative
rp0uly,RocketLeague,post,1640537984,negative
rcpomw,Roleplay,post,1639079620,negative
r8ek46,SLO,post,1638582327,neutral
rgj54l,SantasLittleHelpers,post,1639521074,positive
ri3b5b,Sat,post,1639697593,negative
rkyvzh,Seahawks,post,1640039138,neutral
rma2af,TheCinemassacre,post,1640193940,positive
rnxn88,TooAfraidToAsk,post,1640389229,neutral
ri6llz,TrueOffMyChest,post,1639707609,negative
rpjdts,Trumpgret,post,1640596061,neutral
rebygf,USPS,post,1639266479,neutral
rt26pd,Undertale,post,1640981477,neutral
rhejzs,Warframe,post,1639616718,neutral
rlvw8i,WatchRedditDie,post,1640143849,negative
rko593,WayOfTheBern,post,1640009470,neutral
r69efv,WritingPrompts,post,1638344516,negative
rijzww,arcane,post,1639755312,positive
rpedv6,ausents,post,1640578419,neutral
r9ozr2,bleach,post,1638737240,negative
rjdh5x,britishcolumbia,post,1639852298,neutral
r7umt9,conspiracy,post,1638520939,positive
r92k18,conspiracy,post,1638662031,neutral
rdmaya,creepypasta,post,1639180583,negative
rdmc2q,creepypasta,post,1639180671,negative
riff13,dankmemes,post,1639740514,negative
rjbwgl,darkjokes,post,1639847665,negative
rgk6zj,dndnext,post,1639523929,negative
rgc1or,electricians,post,1639501649,neutral
rmcmjw,fitnesscirclejerk,post,1640200964,neutral
rrzxpv,furry,post,1640864684,neutral
rgyybc,gamedev,post,1639574436,neutral
rrg298,gtaonline,post,1640805306,negative
rpfeih,halo,post,1640581654,neutral
rl8zvo,harrypotter,post,1640070893,neutral
rjea9t,hockey,post,1639854691,negative
rs89d9,insomnia,post,1640888239,neutral
r84d0w,ireland,post,1638552643,neutral
ri36we,ireland,post,1639697250,neutral
ri3dbf,ireland,post,1639697776,neutral
rhk9o1,linuxmasterrace,post,1639634888,neutral
ri2ueg,mildlyinfuriating,post,1639696229,negative
rq1zxv,mildlyinfuriating,post,1640652039,negative
r97l3x,minimalism,post,1638678816,neutral
rr1bs5,modhelp,post,1640759230,neutral
rprook,modhelp,post,1640623979,negative
rkdlp7,modhelp,post,1639971160,negative
reb6df,mtgfinance,post,1639263968,neutral
rh31yv,northernireland,post,1639585917,neutral
r8vh1i,nukedmemes,post,1638641650,neutral
rlksp7,nursing,post,1640111077,neutral
rgsnza,podcasting,post,1639549986,positive
rqpgor,raleigh,post,1640724944,negative
rnid7l,randomactsofkindness,post,1640336476,negative
rslyrd,redditisfun,post,1640926893,negative
rk3knl,redditrequest,post,1639941531,neutral
rfj9os,redditrequest,post,1639412051,neutral
r63rbn,redditrequest,post,1638324659,neutral
raiev4,redditrequest,post,1638826525,neutral
r9vn7c,redditrequest,post,1638756084,neutral
rq7qy9,redditrequest,post,1640668927,neutral
rpmbv9,redditrequest,post,1640607468,neutral
re5tqt,redditrequest,post,1639247778,neutral
rgw07r,redditrequest,post,1639563692,neutral
rnl9co,redditrequest,post,1640348504,neutral
rqmqq7,redditrequest,post,1640717485,neutral
ra9iyt,redditrequest,post,1638803730,neutral
rqrxza,redditrequest,post,1640731640,neutral
rr1qgb,redditrequest,post,1640760659,neutral
rgxe3w,redditrequest,post,1639569225,neutral
razntp,redditrequest,post,1638885146,negative
rowrd1,redditrequest,post,1640524645,neutral
rng8rf,roblox,post,1640327986,neutral
rcr5gi,rugbyunion,post,1639083655,neutral
rgrkws,samsung,post,1639546221,neutral
rcyn9u,socialism,post,1639105806,neutral
rmztn4,speedrun,post,1640278293,neutral
rp5uy3,starbucks,post,1640553165,neutral
rmvbfn,sweden,post,1640264833,negative
rf1u0m,teenagers,post,1639353442,neutral
rmcz0d,teenagers,post,1640201956,negative
rhueyq,teenagers,post,1639672438,neutral
rrmzly,teenagers,post,1640822910,negative
rm872k,thewitcher3,post,1640188816,negative
r8vrla,trebuchetmemes,post,1638642477,neutral
rk7t4d,ukraine,post,1639953701,negative
r8485o,unpopularopinion,post,1638552286,negative
re9971,uwaterloo,post,1639258013,negative
r6k29m,vancouver,post,1638379687,neutral
rmc8rx,wallstreetbets,post,1640199883,neutral
re5x9v,2007scape,post,1639248074,neutral
rrhi5e,Adelaide,post,1640808883,neutral
re19u2,Adelaide,post,1639234115,neutral
rp8y0j,AdventureCapitalist,post,1640561845,negative
raiqh6,AskModerators,post,1638827416,negative
rkfgh8,AskReddit,post,1639977447,neutral
rra08k,AskReddit,post,1640789852,neutral
rn4wn5,AskReddit,post,1640292332,neutral
rjpn0g,AskReddit,post,1639891073,neutral
rjpovr,AskReddit,post,1639891261,neutral
rb2gf0,AskReddit,post,1638893342,negative
rjj6yx,AusFinance,post,1639869410,positive
rmc9j6,BreadStapledToTrees,post,1640199940,negative
rdegd4,BusinessIntelligence,post,1639159199,neutral
rej7n9,Christianity,post,1639291617,neutral
riyszl,ClashOfClans,post,1639799872,neutral
rbyxih,Cplusplus,post,1638991708,neutral
rirk0s,Destiny,post,1639777146,negative
r6zk78,DoesAnybodyElse,post,1638421814,negative
reheja,EnoughCommieSpam,post,1639284741,neutral
rakmzd,FORTnITE,post,1638832642,negative
rdpovf,Fantasy,post,1639190839,neutral
reaesb,GalaxyS8,post,1639261576,negative
rojlpf,GrandTheftAutoV_PC,post,1640473630,neutral
rr1gex,Hair,post,1640759655,neutral
r6phtj,LegalTeens,post,1638393543,negative
rauveg,LegendsOfTomorrow,post,1638867483,negative
rf8dl4,LigaMX,post,1639373881,negative
rhbv8a,Maplestory,post,1639608992,negative
rmlsmi,MechanicAdvice,post,1640228366,neutral
rfpf8g,Memes_Of_The_Dank,post,1639427770,neutral
rqsrnv,Military,post,1640733801,neutral
rn0daf,ModSupport,post,1640279739,neutral
r8j4zk,ModSupport,post,1638597989,negative
r706u7,Pennsylvania,post,1638423902,positive
rb2sjg,SCJerk,post,1638894523,neutral
rgd04f,Sat,post,1639504311,negative
rdyfdr,SonicTheHedgehog,post,1639224251,negative
r73lho,StardewValley,post,1638437122,neutral
rp2rlv,StardewValley,post,1640543436,neutral
rrcyq2,TrueOffMyChest,post,1640797566,negative
rhqpbb,UofT,post,1639661195,neutral
rdc4gk,WatchRedditDie,post,1639152945,negative
r6lqba,WatchRedditDie,post,1638383898,negative
rkaioq,WatchRedditDie,post,1639961611,negative
rcx77o,albiononline,post,1639101413,negative
rcs47o,asexuality,post,1639086356,neutral
rfb45x,bangtan,post,1639384450,neutral
r9yyfu,barstoolsports,post,1638766330,neutral
rhgnjs,bipolar,post,1639623313,positive
rekcdu,circlebroke,post,1639296225,negative
rhuzvk,confessions,post,1639674131,neutral
romnr7,conspiracy,post,1640483938,positive
rhq14l,conspiracy,post,1639658802,negative
rmg4l7,csun,post,1640211002,neutral
r6ngp0,dadjokes,post,1638388359,neutral
rckshb,dankmemes,post,1639066003,neutral
rr2cqn,dankmemes,post,1640762942,neutral
rr2d96,dankmemes,post,1640762998,neutral
r9hpwq,edtech,post,1638717177,neutral
rkbvbs,ehlersdanlos,post,1639965678,neutral
rfe4qo,exjw,post,1639396750,neutral
rfygzi,facebook,post,1639453949,negative
rrx5xm,facebook,post,1640854583,negative
rbiyrx,ffxiv,post,1638938730,positive
repfaq,france,post,1639317142,neutral
rke5vx,gofundme,post,1639972998,positive
rilnjz,goldenretrievers,post,1639760052,neutral
rga0pj,gtaonline,post,1639496016,negative
roe6on,h3h3productions,post,1640454899,neutral
r91xkl,halo,post,1638660108,negative
rbqvip,halo,post,1638968515,negative
r6hpwg,halo,post,1638373556,negative
rghn4m,hamsters,post,1639516898,neutral
ri42re,help,post,1639699917,neutral
r6p14r,ideasfortheadmins,post,1638392349,negative
rshdmn,indianews,post,1640912681,negative
rby2rk,islam,post,1638989271,positive
rc2l7d,islam,post,1639002131,neutral
r98r1f,linuxmemes,post,1638682884,negative
rbwj7y,memes,post,1638985027,neutral
rgaei3,memes,post,1639497138,positive
rcx65i,mexico,post,1639101323,neutral
riphn7,modhelp,post,1639771098,neutral
rim5o6,offmychest,post,1639761441,negative
rizrrp,offmychest,post,1639803252,negative
rit4uq,perl,post,1639781901,negative
rm3ls8,pokemon,post,1640173696,negative
rrwj4a,pokemon,post,1640852177,neutral
rr9tlz,projectzomboid,post,1640789343,negative
rrf59m,questions,post,1640803024,neutral
rpgpp5,raisedbyborderlines,post,1640586027,neutral
rr5vq6,rant,post,1640776537,negative
rlo16e,rant,post,1640120296,negative
r8i8nh,redditrequest,post,1638594689,neutral
rs8xx7,redditrequest,post,1640889990,neutral
rgj2am,redditrequest,post,1639520877,neutral
rmij9w,redditrequest,post,1640218148,neutral
r80zlz,redditrequest,post,1638543655,neutral
roatiy,redditrequest,post,1640442790,neutral
rsg5kc,redditrequest,post,1640908988,neutral
rsg62i,redditrequest,post,1640909030,neutral
ratv66,redditrequest,post,1638863267,neutral
rrftho,redditrequest,post,1640804693,neutral
rqm6go,redditrequest,post,1640715926,neutral
rm49n9,runescape,post,1640176157,neutral
rmcjfk,starcitizen,post,1640200715,negative
r6qq2h,subnautica,post,1638396686,neutral
r6qtsp,subnautica,post,1638396942,neutral
rq4z1m,teenagers,post,1640660608,negative
rqnnpw,teenagers,post,1640720019,neutral
rf8nqq,teenagers,post,1639374910,neutral
ro6j8j,teenagers,post,1640424062,negative
rbdsft,thefighterandthekid,post,1638923224,negative
r9tuj2,thesopranos,post,1638750666,neutral
rf4dgr,timberwolves,post,1639361173,neutral
rpwvk7,tulsa,post,1640637924,neutral
rawaa0,unpopularopinion,post,1638873374,negative
rfi1x0,whatsthisrock,post,1639408820,neutral
rnwpz7,writing,post,1640386085,negative
rhq4le,2007scape,post,1639659154,positive
rg9qpy,Advice,post,1639495221,neutral
rjz60z,AnimalCrossing,post,1639928328,neutral
ral39t,AskEconomics,post,1638833956,neutral
ricoer,AskReddit,post,1639728678,neutral
rt25ea,AskReddit,post,1640981368,negative
rivvxi,AskReddit,post,1639790278,negative
r9j16b,AskThe_Donald,post,1638721035,negative
rgcse1,Battlefield,post,1639503709,negative
rlv4y2,Browns,post,1640141501,neutral
rihkm5,CSRRacing2,post,1639748116,neutral
ras54g,CompetitiveHalo,post,1638856559,neutral
rs42zc,Cricket,post,1640877410,neutral
rbvecv,CryptoCurrency,post,1638981978,negative
rfc9gu,DID,post,1639389246,neutral
r7bomo,DebateReligion,post,1638463887,neutral
ro66ue,DianaMains,post,1640422490,neutral
rnylnt,DragonsDogma,post,1640392426,neutral
r886pa,Feminism,post,1638562928,positive
roryku,Gamingcirclejerk,post,1640503390,neutral
rjilej,Hoboken,post,1639867553,neutral
rfso5z,INTP,post,1639436266,negative
rqauyj,IreliaMains,post,1640679542,negative
rjdxd4,JoeRogan,post,1639853661,neutral
r9ibvh,JustUnsubbed,post,1638718983,negative
rjutb8,JustUnsubbed,post,1639912840,negative
rbg888,LeagueOfMemes,post,1638930431,negative
rgxyos,LeagueOfMemes,post,1639571163,negative
rn2du2,MDMA,post,1640285255,neutral
rnn256,ModSupport,post,1640354922,neutral
riybpo,ModSupport,post,1639798238,negative
rr0y11,ModSupport,post,1640757912,neutral
r9w9m3,Portland,post,1638757895,neutral
rn9ukj,Random_Acts_Of_Amazon,post,1640306683,positive
rcv1ds,Rants,post,1639094714,negative
rshdnc,SCP,post,1640912683,neutral
rg8mkv,SantasLittleHelpers,post,1639492127,positive
rj3pwe,Sat,post,1639818822,neutral
r6h7bp,SequelMemes,post,1638372207,neutral
rl1a5v,SocialistRA,post,1640045973,neutral
r90apu,SomeOrdinaryGmrs,post,1638655318,negative
rih65b,Stormlight_Archive,post,1639746790,neutral
rr3zdr,TrueOffMyChest,post,1640769239,negative
rq631b,Twitch,post,1640663897,negative
rrfnkn,Twitch,post,1640804312,negative
rd4fo8,TwoXSex,post,1639126295,neutral
rphn5f,Vore,post,1640589381,neutral
rerxsq,WatchRedditDie,post,1639324963,negative
ra0von,WayOfTheBern,post,1638773079,negative
r9aap6,WoT,post,1638688944,neutral
rgcmry,WoT,post,1639503259,neutral
rs7cdt,apolloapp,post,1640885919,neutral
r8fnf3,arcane,post,1638585826,neutral
r9m9j4,asexuality,post,1638729900,neutral
rc1afa,asexuality,post,1638998429,neutral
rc8nez,asexuality,post,1639020860,neutral
rcmmmn,asexuality,post,1639071174,neutral
rll9fd,ask,post,1640112414,neutral
rrpzjo,atheism,post,1640831303,positive
r6ncwy,avengedsevenfold,post,1638388095,neutral
rh5mc8,baconreader,post,1639592543,neutral
r9e5mq,bonehurtingjuice,post,1638705107,neutral
rdh3m3,chess,post,1639166293,negative
rl5e9q,conspiracy,post,1640058503,negative
r8i4ts,crossdressing,post,1638594297,positive
rgt0n3,dankmemes,post,1639551311,negative
rasgfw,dbxv,post,1638857708,positive
rcjabx,ddlg,post,1639061577,neutral
rbi138,devils,post,1638935773,neutral
rfjp1c,devils,post,1639413129,negative
rdo481,discordapp,post,1639185906,neutral
rgqh13,ethereum,post,1639542614,neutral
resr8b,eurovision,post,1639327358,negative
ritre2,fasting,post,1639783792,neutral
r9o8v6,formula1,post,1638735199,positive
rhdbsa,gaming,post,1639613091,positive
rhwow5,gaming,post,1639678887,neutral
rcrn4r,gtaonline,post,1639085023,negative
rn28k9,heat,post,1640284841,negative
rp6nz1,help,post,1640555394,neutral
rfndlh,help,post,1639422499,negative
rg04ht,hentai,post,1639459332,negative
rch0qc,humblebundles,post,1639054272,neutral
rb0k9t,lgbt,post,1638887813,neutral
rlrqzf,medical,post,1640131093,neutral
r81pev,meme,post,1638545570,neutral
rjvxyd,memes,post,1639917473,negative
rn30m6,mildlyinfuriating,post,1640286975,negative
r6n49p,mildlyinfuriating,post,1638387460,negative
r72lm9,mildlyinfuriating,post,1638432814,negative
r8yebu,mildlyinfuriating,post,1638649844,negative
r9d7ny,mildlyinfuriating,post,1638701092,negative
ra9km8,mildlyinfuriating,post,1638803856,negative
raak3v,mildlyinfuriating,post,1638806427,negative
rchfer,mildlyinfuriating,post,1639055664,negative
re3yc4,mildlyinfuriating,post,1639242225,negative
rfeyfk,mildlyinfuriating,post,1639399657,negative
rflng6,mildlyinfuriating,post,1639418096,negative
rhln6l,mildlyinfuriating,post,1639640191,negative
rhxy6t,mildlyinfuriating,post,1639682441,negative
riu0la,mildlyinfuriating,post,1639784588,negative
rnsfqj,mildlyinfuriating,post,1640372090,negative
rqov40,mildlyinfuriating,post,1640723329,negative
rskeh7,mildlyinfuriating,post,1640921773,negative
rh9xfi,modhelp,post,1639603864,neutral
rqbh9i,movies,post,1640681933,negative
rk23sl,musictheory,post,1639937136,positive
rhb7gb,nyu,post,1639607233,negative
r708u0,offmychest,post,1638424092,neutral
rik9b4,ontario,post,1639756077,negative
ril9h1,ontario,post,1639758946,negative
rk157z,popping,post,1639934256,negative
rga8h0,prochoice,post,1639496651,negative
re3nc9,r4r,post,1639241347,neutral
rfimuj,r4r,post,1639410422,neutral
rk6qq4,r4r,post,1639950789,neutral
ri50g3,redditisfun,post,1639702783,negative
rst4m6,redditrequest,post,1640954562,neutral
rbygip,redditrequest,post,1638990353,neutral
res4zd,redditrequest,post,1639325559,neutral
rbop0q,redditrequest,post,1638960521,neutral
rofwh1,redditrequest,post,1640460952,neutral
rgjb7f,redditrequest,post,1639521528,neutral
rrdudn,redditrequest,post,1640799788,negative
rcoz3e,redditrequest,post,1639077676,neutral
rsffff,redditrequest,post,1640906940,neutral
r90thy,redditrequest,post,1638656869,neutral
raoimj,redditrequest,post,1638844520,neutral
rr4yor,redditrequest,post,1640773065,neutral
rbacvy,redditrequest,post,1638913489,neutral
rgz5g5,redditrequest,post,1639575043,neutral
roq0q3,redditrequest,post,1640495757,neutral
r7se0x,redditrequest,post,1638512292,neutral
rp1xh9,redditrequest,post,1640541061,neutral
rqv97a,redditrequest,post,1640740710,neutral
rhd8i5,secretsanta,post,1639612837,neutral
r80444,secretsanta,post,1638541143,negative
rka9ln,skyrimmods,post,1639960866,neutral
rku6if,steinsgate,post,1640026096,neutral
rioktf,survivor,post,1639768375,negative
rg6nly,teenagers,post,1639485665,negative
rrcaqu,teenagers,post,1640795907,neutral
romnc9,teenagers,post,1640483897,negative
rq4ffb,teenagers,post,1640659087,negative
r63ic9,teenagers,post,1638323871,negative
r73dnj,teenagers,post,1638436150,negative
r86kys,teenagers,post,1638558500,negative
r9hbwo,teenagers,post,1638716043,neutral
rc1aou,teenagers,post,1638998449,neutral
rcskx2,teenagers,post,1639087608,negative
rcxs3t,teenagers,post,1639103157,negative
rdo2mq,teenagers,post,1639185771,negative
re4w63,teenagers,post,1639245052,negative
rf8luu,teenagers,post,1639374711,neutral
rg3xof,teenagers,post,1639474551,negative
rh3ps3,teenagers,post,1639587674,neutral
rhuj4o,teenagers,post,1639672784,negative
rimd4s,teenagers,post,1639762046,negative
rip43o,teenagers,post,1639769959,neutral
rizjg6,teenagers,post,1639802433,negative
rj82b1,teenagers,post,1639836003,neutral
rjy6re,teenagers,post,1639925297,negative
rkaxcu,teenagers,post,1639962797,negative
rkg4zf,teenagers,post,1639979889,neutral
rknz7y,teenagers,post,1640008987,negative
rkpl38,teenagers,post,1640013556,neutral
rksb8i,teenagers,post,1640020971,negative
rl8do1,teenagers,post,1640068581,positive
rlasrg,teenagers,post,1640078068,negative
rmg7do,teenagers,post,1640211224,neutral
rmswxb,teenagers,post,1640255760,neutral
rn07rq,teenagers,post,1640279340,negative
rnqqmh,teenagers,post,1640366756,neutral
ropg1z,teenagers,post,1640493630,negative
roqgtp,teenagers,post,1640497446,negative
rozdhx,teenagers,post,1640533541,neutral
rpg26r,teenagers,post,1640583827,positive
rqujuc,teenagers,post,1640738674,neutral
rqumgi,teenagers,post,1640738891,neutral
rr1xy8,teenagers,post,1640761385,positive
rrbje7,teenagers,post,1640793911,neutral
r8uxc8,SonicTheHedgehog,post,1638640150,neutral
rdc0o4,SonicTheHedgehog,post,1639152660,negative
rb7998,Steam,post,1638905126,negative
rbveaw,Texans,post,1638981974,negative
r9grhh,TrueOffMyChest,post,1638714268,negative
r640tl,TrueOffMyChest,post,1638325476,negative
rs18kk,UFOs,post,1640869191,negative
r73gko,Undertale,post,1638436517,neutral
r6c6wc,UofT,post,1638356205,neutral
rok9ee,alaska,post,1640475780,neutral
rb2qed,ask,post,1638894307,negative
re7e4d,ask,post,1639252424,negative
rnkazx,ask,post,1640344620,neutral
rp7e99,ask,post,1640557447,negative
rjwkju,aspergirls,post,1639919809,neutral
rhkpd1,atheism,post,1639636464,positive
rbfgx7,autism,post,1638928239,negative
r7dpyh,baseball,post,1638469452,neutral
r6h0jr,bloodborne,post,1638371717,negative
rde260,bollywood,post,1639158106,neutral
rc5h7m,bugs,post,1639010860,negative
ralcpv,cats,post,1638834725,positive
rrdpjy,cincinnati,post,1640799456,positive
rsl8z4,conspiracy,post,1640924506,neutral
rsvqx5,conspiracy,post,1640962986,negative
r6oa72,conspiracy,post,1638390450,negative
rdc5cn,conspiracy,post,1639153013,neutral
rdgitk,conspiracy,post,1639164720,negative
rpzzd7,danganronpa,post,1640646284,neutral
ray46p,darkjokes,post,1638880121,negative
r74huh,deadbydaylight,post,1638440787,negative
rqsmf5,detroitlions,post,1640733412,neutral
rcq93j,discordapp,post,1639081138,neutral
rjkc12,discordapp,post,1639873033,negative
rbjbm0,dogecoin,post,1638939909,neutral
rosf8u,exchristian,post,1640505440,neutral
rlcafk,facebook,post,1640084397,negative
rjl9o9,facepalm,post,1639876253,negative
r6iwo4,fantasyfootball,post,1638376625,negative
rsy43n,flashlight,post,1640969719,positive
r8n280,formula1,post,1638614383,negative
rlt7lj,funhaus,post,1640135477,negative
r8eidt,funny,post,1638582172,negative
rbn5yi,gambling,post,1638954267,neutral
r9wemd,halo,post,1638758319,positive
r9w7ru,help,post,1638757751,negative
rcsrsp,horror,post,1639088158,neutral
roaq9b,ideasfortheadmins,post,1640442470,neutral
rqzb6a,labrador,post,1640752691,negative
r8fgfj,leagueoflegends,post,1638585179,negative
r8fj0b,leagueoflegends,post,1638585418,negative
rc49ry,learnmath,post,1639007224,negative
rcgujo,legaladvice,post,1639053592,neutral
rjj73s,lgbt,post,1639869423,negative
raza9l,loseit,post,1638883920,neutral
r9jn9m,madlads,post,1638722750,negative
r8b630,magicTCG,post,1638571960,negative
r8b9pv,magicTCG,post,1638572247,negative
rroiuo,martialarts,post,1640827120,negative
rciyss,math,post,1639060617,neutral
rjksug,mbti,post,1639874648,negative
r9vh60,mildlyinfuriating,post,1638755594,neutral
rff5at,modhelp,post,1639400297,neutral
r7ecgr,msp,post,1638471139,neutral
rjff0l,notinteresting,post,1639858024,negative
rmglyy,notinteresting,post,1640212396,neutral
rhc30g,ottawa,post,1639609574,neutral
r99osr,pokemontrades,post,1638686487,neutral
roi701,punk,post,1640468871,positive
rijbp1,rant,post,1639753410,neutral
rp1c4i,rap,post,1640539365,neutral
rds0ei,redditrequest,post,1639198549,neutral
r6xwp6,redditrequest,post,1638416700,negative
rrk8rk,redditrequest,post,1640815763,neutral
rf9a41,redditrequest,post,1639377177,neutral
rpbjcf,redditrequest,post,1640569610,neutral
r8sbma,redditrequest,post,1638632764,neutral
rqvei4,redditrequest,post,1640741125,neutral
rjuxff,redditrequest,post,1639913330,neutral
rrt8wx,redditrequest,post,1640840927,neutral
rrlce1,redditrequest,post,1640818627,neutral
rr62mo,redditrequest,post,1640777218,neutral
r9bug2,redditrequest,post,1638695296,neutral
rlc2uh,redditrequest,post,1640083458,negative
rdt2ns,redditrequest,post,1639202297,neutral
rswcsj,residentevil,post,1640964762,positive
rsdlj1,robotics,post,1640901986,neutral
rjevs3,secretsanta,post,1639856424,positive
r6mben,secretsanta,post,1638385394,neutral
rqc8s4,shrimptank,post,1640684762,neutral
rb60ri,springfieldMO,post,1638902336,neutral
rdh1k9,srilanka,post,1639166139,neutral
r7sbb2,ssbbw,post,1638512035,neutral
rt3fsw,survivor,post,1640985241,negative
rpo7yb,teenagers,post,1640613863,negative
r634r5,therewasanattempt,post,1638322644,negative
r8qla6,trans,post,1638627526,neutral
r6w63b,twinks,post,1638411576,neutral
rfxtxx,unpopularopinion,post,1639451915,negative
rcmt4o,wallstreetbets,post,1639071682,positive
rrux9l,wallstreetbets,post,1640846367,negative
rfupb3,writing,post,1639442330,neutral
roug1s,2007scape,post,1640514635,negative
rjlij0,AmItheAsshole,post,1639877029,neutral
rjqqiw,ApplyingToCollege,post,1639895206,neutral
re8r7e,AskHistorians,post,1639256511,positive
rer1mj,AskReddit,post,1639322264,negative
rlmt11,AskReddit,post,1640116817,neutral
rlsnli,AskReddit,post,1640133768,neutral
reitrp,AusFinance,post,1639290036,positive
rci49v,Austria,post,1639057991,neutral
rfqy9f,Austria,post,1639431679,neutral
rfqzot,BATProject,post,1639431781,neutral
r75r8d,Battlefield,post,1638445746,negative
r75sc8,Battlefield,post,1638445864,negative
rnpsra,Battlefield,post,1640363806,negative
rp507x,Battlefield,post,1640550485,negative
rrkm8r,Battlefield,post,1640816699,neutral
rfqy5q,CCW,post,1639431672,negative
rh5nee,CFB,post,1639592618,negative
rhuacl,Cricket,post,1639672082,neutral
rb72k1,Detroit,post,1638904632,neutral
rqtk45,Dexter,post,1640735936,neutral
res88b,Dogtraining,post,1639325821,neutral
rn0ik8,EscapefromTarkov,post,1640280131,negative
rp8367,AskModerators,post,1640559448,negative
rquh2i,AskOuija,post,1640738443,neutral
rou08u,AskUK,post,1640512593,neutral
rq66cl,AskWomen,post,1640664146,negative
rjnl5o,AutoModerator,post,1639883932,neutral
rlv4h2,Bad_Cop_No_Donut,post,1640141459,negative
rc1q5d,Bushcraft,post,1638999687,positive
rszkle,CHIBears,post,1640973774,neutral
rofpyv,CasualUK,post,1640460319,neutral
rdvxp9,Christianity,post,1639213701,negative
rafcm1,CoDCompetitive,post,1638818620,neutral
ra4fze,CoinBase,post,1638787246,negative
rh22rz,CryptoCurrency,post,1639583361,negative
rlo8rg,CryptoCurrency,post,1640120884,negative
rlv0rs,CryptoCurrency,post,1640141122,negative
rm4boi,CryptoCurrency,post,1640176333,negative
rrskbs,CryptoCurrency,post,1640838837,negative
rrsrb4,CryptoCurrency,post,1640839436,negative
redm2v,DCcomics,post,1639271813,negative
re4ul1,Dallas,post,1639244914,neutral
raan4e,Destiny,post,1638806631,negative
rc91uj,Firearms,post,1639022196,neutral
rsg0nm,FloridaGators,post,1640908607,neutral
rpurn5,GameTheorists,post,1640632230,negative
rgcmq7,Grimes,post,1639503255,negative
rg9g17,Gunners,post,1639494396,neutral
rftnq8,Hamilton,post,1639438970,negative
rjyguj,HotPeppers,post,1639926158,neutral
r61zqi,IndianCountry,post,1638319213,positive
rooext,Jigsawpuzzles,post,1640489957,positive
riq6rz,JonTron,post,1639773121,neutral
rd1wwk,Kanye,post,1639116303,negative
rd20ox,Kanye,post,1639116669,neutral
re4tn1,LetsTalkMusic,post,1639244832,negative
r6r1hk,Minecraft,post,1638397462,negative
r6r8w9,Minecraft,post,1638397971,negative
r9ha3n,Minecraft,post,1638715893,neutral
rn23nj,ModSupport,post,1640284430,neutral
rob3is,MurderedByWords,post,1640443873,negative
rpcr6j,NarcissisticAbuse,post,1640573390,negative
rm192u,NoFap,post,1640163814,negative
rl841i,NormMacdonald,post,1640067618,negative
rqeqe6,ObscureMedia,post,1640694360,negative
rebpms,OrlandoMagic,post,1639265670,negative
rnwpk2,Overwatch,post,1640386047,neutral
rt5d86,PlantsVSZombies,post,1640991094,neutral
rdjm5h,PlasticSurgery,post,1639172999,negative
r7gts6,Rainbow6,post,1638477822,negative
rc7ebg,Retconned,post,1639016801,negative
rkdr39,RocketLeague,post,1639971655,neutral
rkinjf,RotMG,post,1639989603,negative
ro9b46,SCJerk,post,1640436837,negative
ri35eh,SaltLakeCity,post,1639697128,neutral
rsbqli,Shitstatistssay,post,1640897181,negative
rsbvh6,Shitstatistssay,post,1640897537,negative
rjsyyh,SocialEngineering,post,1639904682,neutral
rrewha,SocialJusticeInAction,post,1640802422,negative
rmh6kf,Spiderman,post,1640214101,neutral
r9fxlo,StardewValley,post,1638711589,neutral
r6v199,Stellaris,post,1638408231,neutral
r97yd4,TechnoProduction,post,1638680103,positive
roajsv,TrueOffMyChest,post,1640441766,negative
rhaowk,UCSD,post,1639605886,neutral
rmd4zt,WayOfTheBern,post,1640202441,negative
r6b438,amihot,post,1638351713,neutral
rm58wb,asktransgender,post,1640179680,negative
rks86e,atheism,post,1640020748,neutral
rrjzxk,aww,post,1640815174,neutral
rbexei,bangalore,post,1638926636,neutral
r9jc3w,bangalore,post,1638721885,neutral
ra92ls,battlestations,post,1638802515,positive
rkzjfc,conspiracy,post,1640041034,positive
rcp9rr,coys,post,1639078491,negative
rsaotp,cyberpunkgame,post,1640894449,negative
rhtq9l,darkjokes,post,1639670493,neutral
r6umw5,dayz,post,1638407050,neutral
r6ntyo,deftones,post,1638389282,neutral
rlhckk,dirtypenpals,post,1640101461,neutral
rn2do4,dirtypenpals,post,1640285241,neutral
rnp12c,dirtypenpals,post,1640361417,neutral
rkexg5,discordapp,post,1639975607,neutral
rrm2h1,embedded,post,1640820484,negative
rpvgsd,facepalm,post,1640634084,negative
ra2nt5,fitnesscirclejerk,post,1638780028,neutral
rpss6j,fivenightsatfreddys,post,1640626979,negative
rkv8es,fivenightsatfreddys,post,1640029025,neutral
rr1tih,flatearth,post,1640760953,negative
re6u56,fo4,post,1639250773,neutral
r7r2ht,forsen,post,1638507764,negative
rgn8e9,gaybros,post,1639532760,negative
r7eu3u,gaybroscirclejerk,post,1638472418,negative
rp9keb,golf,post,1640563702,neutral
rar9rj,gonewild,post,1638853401,neutral
rq08j2,gonewild,post,1640647009,neutral
r946dk,halo,post,1638667421,negative
r976rh,halo,post,1638677469,negative
rm013b,halo,post,1640158672,negative
r7c8qg,halo,post,1638465406,negative
r9kcrb,hearthstone,post,1638724697,neutral
roizaj,help,post,1640471546,neutral
rqw1go,help,post,1640742996,neutral
rbwbp3,help,post,1638984486,negative
rrbnlt,help,post,1640794220,neutral
r8g4b3,help,post,1638587397,neutral
rfpued,help,post,1639428910,neutral
re6tas,ihavesex,post,1639250708,neutral
rl0bon,ireland,post,1640043227,neutral
rikpr5,jordan,post,1639757373,negative
rsv648,legaladvice,post,1640961254,neutral
rgb4xn,lego,post,1639499176,negative
rlpqss,lockpicking,post,1640125204,neutral
rp0stg,memes,post,1640537829,neutral
rhsmlv,mildlyinfuriating,post,1639667236,negative
rcl1b1,modhelp,post,1639066716,neutral
r64pm8,modhelp,post,1638327645,neutral
r8gp5q,modhelp,post,1638589368,neutral
rqfeoi,modhelp,post,1640696573,neutral
rl1qdr,neoliberal,post,1640047321,negative
r62yc8,offmychest,post,1638322059,neutral
r6y5fz,perth,post,1638417421,neutral
reqm6w,portugal,post,1639320983,neutral
rm8aza,rangers,post,1640189092,positive
rabegt,redditrequest,post,1638808601,neutral
rcd7td,redditrequest,post,1639037920,neutral
r6u7q9,redditrequest,post,1638405863,neutral
rkyxi6,redditrequest,post,1640039255,neutral
raesfb,redditrequest,post,1638817184,neutral
rrqmo0,redditrequest,post,1640833135,neutral
ro9mqk,redditrequest,post,1640438148,neutral
rqqvdz,redditrequest,post,1640728754,neutral
rk47g3,redditrequest,post,1639943415,neutral
rfko3x,redditrequest,post,1639415628,neutral
rs0wst,redditrequest,post,1640868100,neutral
rsceay,redditrequest,post,1640898865,neutral
rkcwks,redditrequest,post,1639968943,neutral
rt3qfh,redditrequest,post,1640986141,neutral
r9kh2n,redditrequest,post,1638725020,neutral
r9kj6r,redditrequest,post,1638725184,neutral
rla9t9,redditrequest,post,1640075934,neutral
rgokvq,redditrequest,post,1639536711,neutral
rq1qyr,redditrequest,post,1640651290,neutral
r8hkra,redditrequest,post,1638592345,neutral
rmo9ux,redditrequest,post,1640237562,neutral
rfmpir,redditrequest,post,1639420759,neutral
rrbfws,redditrequest,post,1640793675,neutral
rloqw8,riskofrain,post,1640122343,neutral
r9m7p5,runescape,post,1638729763,neutral
rr6bgn,schizophrenia,post,1640778120,neutral
rlw9zm,secretsanta,post,1640145086,positive
r8zspp,selfie,post,1638653893,negative
rkcfde,skyrimmods,post,1639967376,neutral
rfspc9,soccercirclejerk,post,1639436357,negative
rgc7r6,southpark,post,1639502116,neutral
rhspon,southpark,post,1639667471,neutral
rmbotz,starcitizen,post,1640198363,negative
r9vbeg,teenagers,post,1638755107,negative
rlvqc0,teenagers,post,1640143315,neutral
ro8f7e,teenagers,post,1640432936,neutral
rp7bax,teenagers,post,1640557224,neutral
rr49fs,teenagers,post,1640770358,neutral
romo9o,teenagers,post,1640483991,negative
rmf2nz,teenagers,post,1640207956,positive
r9h2m7,teenagers,post,1638715248,neutral
rek3ib,teenagers,post,1639295212,neutral
ren8gz,teenagers,post,1639308669,neutral
r7tvpm,texas,post,1638517934,negative
re2sky,touhou,post,1639238777,neutral
r824hk,trans,post,1638546683,neutral
r8w8ee,trees,post,1638643773,negative
riv1a5,ukpolitics,post,1639787664,negative
r91vlj,wrestling,post,1638659950,negative
rcifmt,2007scape,post,1639058973,negative
rm82wh,2007scape,post,1640188505,neutral
rkcq0v,49ers,post,1639968334,neutral
rjwnvo,AdmiralBulldog,post,1639920126,negative
rapwkx,Animemes,post,1638848847,negative
rqc8ap,AskReddit,post,1640684709,negative
rf1qns,AskReddit,post,1639353160,negative
rry551,AskReddit,post,1640858105,neutral
r64bv4,AskReddit,post,1638326435,negative
r7no6a,Brawlhalla,post,1638497557,neutral
rostou,Brawlstars,post,1640507196,positive
rnintg,CODZombies,post,1640337676,negative
rkzd1g,CasualConversation,post,1640040498,neutral
rkzq97,CasualConversation,post,1640041560,neutral
rah8i3,CoDCompetitive,post,1638823481,negative
rqmrkl,CryptoCurrency,post,1640717553,neutral
rt27c6,FIFA,post,1640981527,negative
rt3k4t,FearTheWalkingDead,post,1640985613,negative
rqqatw,FortWorth,post,1640727198,neutral
ro3i1t,Gunpla,post,1640411021,negative
rq7cor,IASIP,post,1640667690,neutral
rkcvmq,IndianGaming,post,1639968851,neutral
rssqbh,IndianGaming,post,1640953110,neutral
rolfvq,MetalMemes,post,1640479720,negative
rgrv6k,MkeBucks,post,1639547167,neutral
rpussf,ModSupport,post,1640632318,neutral
rmyvir,MurderedByWords,post,1640275652,neutral
rbo5vj,NoSleepOOC,post,1638958305,neutral
rsru6h,NoStupidQuestions,post,1640949609,neutral
rma0lc,Paladins,post,1640193809,negative
rcytgi,PoliticalHumor,post,1639106341,negative
rjx76h,PoliticalHumor,post,1639922031,negative
rrh0fe,PoliticalHumor,post,1640807663,negative
rka23v,Random_Acts_Of_Amazon,post,1639960249,positive
rq3b65,Screenwriting,post,1640655893,neutral
rbaqkh,ShadowBan,post,1638914558,negative
r8oo95,Showerthoughts,post,1638620849,neutral
rnoy60,SquaredCircle,post,1640361152,negative
r6vme1,TrueOffMyChest,post,1638409982,negative
rk6u6p,TrueOffMyChest,post,1639951039,negative
rhyi3w,TrueOffMyChest,post,1639683997,negative
rpgtnz,TwoXChromosomes,post,1640586402,negative
r7vhv3,arabs,post,1638524440,neutral
rt1a4g,asmr,post,1640978767,neutral
rfgcz8,bangtan,post,1639404046,neutral
rsjp81,batman,post,1640919592,positive
rm3gkr,boburnham,post,1640173091,positive
ro6mfl,canucks,post,1640424473,positive
rbws08,conspiracy,post,1638985701,negative
rm0atn,copypasta,post,1640159787,negative
rajf68,dadjokes,post,1638829252,negative
rps18l,dankmemes,post,1640624929,negative
rhfov3,dating_advice,post,1639620287,neutral
ro0kdw,elonmusk,post,1640399630,neutral
rqr0dd,fivenightsatfreddys,post,1640729108,neutral
rbpy35,formula1,post,1638965323,positive
r6mhdj,golf,post,1638385807,neutral
rhum04,gtaonline,post,1639673020,neutral
rlhf6u,halo,post,1640101676,negative
rp5gte,halo,post,1640552081,neutral
r9u3le,halo,post,1638751425,neutral
rap1cj,halo,post,1638846122,negative
rh4laa,halo,post,1639589889,positive
rm6yzx,help,post,1640185336,negative
rhzxzt,help,post,1639687996,neutral
rdzaca,help,post,1639227607,negative
roszdl,introvert,post,1640507898,positive
rrvxhr,lgbt,post,1640849899,neutral
rmloft,lonely,post,1640227999,negative
rs8kt4,lostgeneration,post,1640889048,positive
rjexco,memes,post,1639856550,negative
rr25h9,menkampf,post,1640762195,negative
rsuq3q,mildlyinfuriating,post,1640959896,negative
rl813q,nba,post,1640067319,negative
rakdra,northernireland,post,1638831927,neutral
rrj3dt,northernireland,post,1640812885,neutral
r892ye,poop,post,1638565378,negative
r9lbqz,popheads,post,1638727423,negative
rptrdc,ptcgo,post,1640629550,neutral
rfofa5,raisedbynarcissists,post,1639425229,neutral
rq3gr9,ravens,post,1640656359,neutral
rs5654,reddevils,post,1640880278,neutral
rktrbx,redditrequest,post,1640024899,neutral
rcg3hl,redditrequest,post,1639050714,neutral
rarmx2,redditrequest,post,1638854693,neutral
ro3zxl,redditrequest,post,1640413036,neutral
rgczb7,redditrequest,post,1639504243,neutral
rczhdy,redditrequest,post,1639108367,neutral
rmgddf,redditrequest,post,1640211702,positive
rjcthc,redditrequest,post,1639850407,neutral
rqtowk,redditrequest,post,1640736277,neutral
r61qlt,redditrequest,post,1638318457,neutral
rsbk8b,redditrequest,post,1640896708,neutral
r780pi,redditrequest,post,1638453450,neutral
rbc3la,redditrequest,post,1638918289,neutral
r67sa8,redditrequest,post,1638338066,neutral
r6xjpi,redditrequest,post,1638415624,neutral
r6z7z7,redditrequest,post,1638420767,neutral
r6zji9,redditrequest,post,1638421751,neutral
r7041d,redditrequest,post,1638423637,neutral
r7207l,redditrequest,post,1638430454,neutral
r798ri,redditrequest,post,1638457033,neutral
r7fe4l,redditrequest,post,1638473905,neutral
r7vn4h,redditrequest,post,1638525062,neutral
r7x3n7,redditrequest,post,1638530864,neutral
r7xsgy,redditrequest,post,1638533460,neutral
r83v7z,redditrequest,post,1638551349,neutral
r86kc0,redditrequest,post,1638558454,neutral
r8ca4k,redditrequest,post,1638575182,neutral
r8mmtc,redditrequest,post,1638612537,neutral
r8sdyg,redditrequest,post,1638632951,neutral
r8uuzk,redditrequest,post,1638639960,neutral
r904id,redditrequest,post,1638654833,neutral
r9ary6,redditrequest,post,1638690916,neutral
r9ci3f,redditrequest,post,1638698079,neutral
r9d8zj,redditrequest,post,1638701265,neutral
r9dx5p,redditrequest,post,1638704093,neutral
r9j3y0,redditrequest,post,1638721248,neutral
ra2i6x,redditrequest,post,1638779376,neutral
rac7ki,redditrequest,post,1638810661,neutral
raej2a,redditrequest,post,1638816497,neutral
raej8n,redditrequest,post,1638816510,neutral
raeytl,redditrequest,post,1638817629,neutral
rag157,redditrequest,post,1638820371,neutral
ranop4,redditrequest,post,1638841979,neutral
rao0a3,redditrequest,post,1638842961,neutral
rapo1t,redditrequest,post,1638848094,neutral
ratsjt,redditrequest,post,1638862966,neutral
rb09en,redditrequest,post,1638886937,neutral
rb2aeo,redditrequest,post,1638892808,neutral
rb2q6v,redditrequest,post,1638894284,negative
rb3tm4,redditrequest,post,1638898038,neutral
rb7ls3,redditrequest,post,1638906036,neutral
rb8ela,redditrequest,post,1638908216,neutral
rbojxn,redditrequest,post,1638959928,neutral
rbu2sd,redditrequest,post,1638978191,neutral
rbx7yo,redditrequest,post,1638986866,neutral
rbz7sm,redditrequest,post,1638992517,neutral
rc03ro,redditrequest,post,1638995029,neutral
rcdt0i,redditrequest,post,1639040656,neutral
rcfdaw,redditrequest,post,1639047664,neutral
rcffkj,redditrequest,post,1639047928,neutral
rcg3m1,redditrequest,post,1639050731,neutral
rchkbm,redditrequest,post,1639056126,neutral
rcj44r,redditrequest,post,1639061061,neutral
rco2ob,redditrequest,post,1639075220,neutral
rcq2qf,redditrequest,post,1639080661,neutral
rcr1ny,redditrequest,post,1639083328,neutral
rd81ae,redditrequest,post,1639140962,neutral
rd96xw,redditrequest,post,1639144589,neutral
rddbd1,redditrequest,post,1639156141,neutral
rdff1u,redditrequest,post,1639161766,neutral
rdgq4u,redditrequest,post,1639165271,neutral
rdkc49,redditrequest,post,1639174944,neutral
rdkf0k,redditrequest,post,1639175171,neutral
rdklc0,redditrequest,post,1639175641,neutral
re4wkg,redditrequest,post,1639245085,neutral
re4y8f,redditrequest,post,1639245228,negative
re61a6,redditrequest,post,1639248407,neutral
reo0c4,redditrequest,post,1639311885,neutral
rep96n,redditrequest,post,1639316521,neutral
retn02,redditrequest,post,1639329910,neutral
rew766,redditrequest,post,1639337144,neutral
rf54go,redditrequest,post,1639363480,neutral
rff8yt,redditrequest,post,1639400584,neutral
rfferq,redditrequest,post,1639401090,neutral
rffgo3,redditrequest,post,1639401259,neutral
rfjm9g,redditrequest,post,1639412934,neutral
rflhj0,redditrequest,post,1639417677,neutral
rfo09g,redditrequest,post,1639424161,neutral
rfvdl9,redditrequest,post,1639444418,neutral
rfwtpc,redditrequest,post,1639448849,neutral
rfx986,redditrequest,post,1639450154,neutral
rfyjsy,redditrequest,post,1639454204,neutral
rfz3vj,redditrequest,post,1639455968,neutral
rfz9id,redditrequest,post,1639456454,neutral
rg09cm,redditrequest,post,1639459812,neutral
rg3ki9,redditrequest,post,1639472976,neutral
rg4qx1,redditrequest,post,1639478031,neutral
rg5n6x,redditrequest,post,1639481812,neutral
rg5q64,redditrequest,post,1639482143,neutral
rg63yb,redditrequest,post,1639483623,neutral
rgd7dc,redditrequest,post,1639504845,neutral
rgds1d,redditrequest,post,1639506357,neutral
rgsgu8,redditrequest,post,1639549262,neutral
rgtx24,redditrequest,post,1639554852,neutral
rgxeng,redditrequest,post,1639569282,neutral
rgxwlk,redditrequest,post,1639570971,neutral
rgzk9r,redditrequest,post,1639576291,neutral
rh4xos,redditrequest,post,1639590769,neutral
rh9l5t,redditrequest,post,1639602998,neutral
rha1tp,redditrequest,post,1639604182,neutral
rhfv9j,redditrequest,post,1639620852,negative
rhqkyu,redditrequest,post,1639660771,neutral
rhqr1y,redditrequest,post,1639661363,neutral
rhr25n,redditrequest,post,1639662351,neutral
rhtrj8,redditrequest,post,1639670599,neutral
rhtufh,redditrequest,post,1639670822,neutral
rhuu8h,redditrequest,post,1639673699,neutral
rhvz8a,redditrequest,post,1639676896,neutral
riuim4,redditrequest,post,1639786086,neutral
riuxuq,redditrequest,post,1639787386,neutral
rivv1t,redditrequest,post,1639790204,neutral
riwemv,redditrequest,post,1639791973,neutral
rix0v4,redditrequest,post,1639793942,neutral
riz0iy,redditrequest,post,1639800570,neutral
rjcx2v,redditrequest,post,1639850653,neutral
rjdib2,redditrequest,post,1639852392,neutral
rjdy66,redditrequest,post,1639853736,neutral
rjh9y3,redditrequest,post,1639863547,neutral
rjhy2u,redditrequest,post,1639865573,neutral
rjlx7e,redditrequest,post,1639878426,neutral
rjogb9,redditrequest,post,1639886813,neutral
rjohrc,redditrequest,post,1639886961,neutral
rjqnkl,redditrequest,post,1639894876,neutral
rjqqsl,redditrequest,post,1639895237,neutral
rjraus,redditrequest,post,1639897433,neutral
rjrslz,redditrequest,post,1639899528,neutral
rjucno,redditrequest,post,1639910885,neutral
rjvgoi,redditrequest,post,1639915533,neutral
rjwltl,redditrequest,post,1639919938,neutral
rjyg8f,redditrequest,post,1639926106,negative
rjyxbs,redditrequest,post,1639927608,neutral
rk0f9n,redditrequest,post,1639932126,neutral
rk1m5t,redditrequest,post,1639935654,neutral
rk5e29,redditrequest,post,1639946910,neutral
rk6rb3,redditrequest,post,1639950837,neutral
rk8cdh,redditrequest,post,1639955231,neutral
rk8irj,redditrequest,post,1639955725,neutral
rkesyh,redditrequest,post,1639975176,neutral
rkkqw5,redditrequest,post,1639997917,neutral
rkqjah,redditrequest,post,1640016149,neutral
rkrqou,redditrequest,post,1640019459,neutral
rkzdo6,redditrequest,post,1640040553,neutral
rl7cp9,redditrequest,post,1640065028,neutral
rla2ne,redditrequest,post,1640075121,neutral
rlj9u0,redditrequest,post,1640106801,neutral
rloyru,redditrequest,post,1640122991,neutral
rlp3pu,redditrequest,post,1640123402,neutral
rlxonk,redditrequest,post,1640149868,neutral
rlzxny,redditrequest,post,1640158276,neutral
rm547j,redditrequest,post,1640179208,neutral
rm5zfk,redditrequest,post,1640182193,neutral
rm76eb,redditrequest,post,1640185945,neutral
rm8ea9,redditrequest,post,1640189345,neutral
rm8pia,redditrequest,post,1640190217,neutral
rmagg6,redditrequest,post,1640195008,neutral
rmiksr,redditrequest,post,1640218265,neutral
rmpkqf,redditrequest,post,1640242223,neutral
rmv4ds,redditrequest,post,1640264186,neutral
rmx561,redditrequest,post,1640270679,neutral
rn13kr,redditrequest,post,1640281725,neutral
rn1oy7,redditrequest,post,1640283298,neutral
rn2syk,redditrequest,post,1640286395,neutral
rn2t1b,redditrequest,post,1640286401,neutral
rn3v4m,redditrequest,post,1640289375,neutral
rn4g6i,redditrequest,post,1640291021,neutral
rn4l0y,redditrequest,post,1640291419,neutral
rn7pbi,redditrequest,post,1640300214,neutral
rn7rmm,redditrequest,post,1640300408,neutral
rn8cif,redditrequest,post,1640302086,neutral
rnbkd2,redditrequest,post,1640312217,neutral
rni9hd,redditrequest,post,1640336075,neutral
rnkw97,redditrequest,post,1640347085,neutral
rnlhlo,redditrequest,post,1640349386,neutral
rnn2o2,redditrequest,post,1640354969,neutral
rnogvc,redditrequest,post,1640359575,neutral
rnu8y6,redditrequest,post,1640377868,neutral
rnx2nx,redditrequest,post,1640387275,neutral
rnxmg1,redditrequest,post,1640389155,neutral
rnxpsf,redditrequest,post,1640389460,neutral
rny1kf,redditrequest,post,1640390558,neutral
ro7tu2,redditrequest,post,1640430126,neutral
roayob,redditrequest,post,1640443363,neutral
rodvqh,redditrequest,post,1640453844,neutral
rodw99,redditrequest,post,1640453896,neutral
roeetg,redditrequest,post,1640455675,neutral
rog8jv,redditrequest,post,1640462154,neutral
roio1a,redditrequest,post,1640470501,neutral
romiuk,redditrequest,post,1640483442,neutral
ror8yr,redditrequest,post,1640500451,neutral
roxb0h,redditrequest,post,1640526667,neutral
rp3gpz,redditrequest,post,1640545458,neutral
rp3otb,redditrequest,post,1640546125,neutral
rp4j5k,redditrequest,post,1640548709,neutral
rpa07j,redditrequest,post,1640565011,neutral
rpauk8,redditrequest,post,1640567546,neutral
rpbwrr,redditrequest,post,1640570737,neutral
rpfsp1,redditrequest,post,1640582951,neutral
rph5vv,redditrequest,post,1640587663,neutral
rph93t,redditrequest,post,1640587993,neutral
rpoz9d,redditrequest,post,1640616229,neutral
rpqf9p,redditrequest,post,1640620441,neutral
rprh2o,redditrequest,post,1640623389,neutral
rprw2e,redditrequest,post,1640624535,neutral
rprx1t,redditrequest,post,1640624604,neutral
rq0hgt,redditrequest,post,1640647697,neutral
rq1ggm,redditrequest,post,1640650451,neutral
rq2kba,redditrequest,post,1640653704,neutral
rq45bs,redditrequest,post,1640658299,neutral
rqd9lo,redditrequest,post,1640688839,neutral
rqg01g,redditrequest,post,1640698433,neutral
rqg38i,redditrequest,post,1640698717,neutral
rqke4c,redditrequest,post,1640711040,neutral
rqkv38,redditrequest,post,1640712356,neutral
rquhhm,redditrequest,post,1640738479,neutral
rr2mdi,redditrequest,post,1640763921,neutral
rra1if,redditrequest,post,1640789954,neutral
rrawhw,redditrequest,post,1640792246,neutral
rrgqbq,redditrequest,post,1640806946,neutral
rrjc1e,redditrequest,post,1640813487,neutral
rrm9rf,redditrequest,post,1640821014,neutral
rrmt6x,redditrequest,post,1640822443,neutral
rrp14d,redditrequest,post,1640828549,neutral
rrp2jb,redditrequest,post,1640828657,neutral
rrsd17,redditrequest,post,1640838231,neutral
rrzade,redditrequest,post,1640862317,neutral
rs1nsy,redditrequest,post,1640870459,neutral
rs46pa,redditrequest,post,1640877685,neutral
rs5w0f,redditrequest,post,1640882173,neutral
rs8e33,redditrequest,post,1640888576,neutral
rsn9xb,redditrequest,post,1640931459,neutral
rsunqu,redditrequest,post,1640959696,neutral
rsx5hm,redditrequest,post,1640967030,neutral
rsyihj,redditrequest,post,1640970794,neutral
rsyzmq,redditrequest,post,1640972131,neutral
rt21to,redditrequest,post,1640981062,neutral
rt3t88,redditrequest,post,1640986361,neutral
rt49zm,redditrequest,post,1640987769,neutral
rje2j9,redditrequest,post,1639854073,neutral
rmllcp,redditrequest,post,1640227724,neutral
rnl6hx,redditrequest,post,1640348206,positive
rr6cqq,redditrequest,post,1640778255,neutral
rldc0d,redditrequest,post,1640088490,neutral
rg42do,redditrequest,post,1639475118,neutral
rsp5ni,redditrequest,post,1640938710,neutral
rglblt,redditrequest,post,1639527118,neutral
rgz06b,srilanka,post,1639574601,positive
rqk4wl,subaru,post,1640710371,neutral
re5a7p,survivor,post,1639246196,negative
rrmg1v,teenagers,post,1640821486,negative
rr9bv0,teenagers,post,1640787937,negative
rrlqzv,teenagers,post,1640819654,negative
rfd9ue,teenagers,post,1639393379,neutral
r9udnj,teenagers,post,1638752274,neutral
rnp8bc,teenagers,post,1640362030,negative
rejigt,thefighterandthekid,post,1639292788,negative
rqhtk8,toddlers,post,1640703882,neutral
r8b9wk,toronto,post,1638572261,neutral
r856c1,torontoraptors,post,1638554746,negative
rg80ik,totalwar,post,1639490151,neutral
rslddm,unpopularopinion,post,1640924926,negative
rixlds,unpopularopinion,post,1639795820,negative
rsd3q5,unpopularopinion,post,1640900712,negative
re4yhr,vegancirclejerk,post,1639245249,negative
rt3h8n,videos,post,1640985365,negative
r85uzb,wallstreetbets,post,1638556551,neutral
rrpuba,whatisthisthing,post,1640830887,negative
ropd4e,witchcraft,post,1640493324,neutral
rm3qlt,woahdude,post,1640174221,neutral
r7efgn,women,post,1638471363,neutral
ri14cy,2007scape,post,1639691282,negative
ra6q4w,Advice,post,1638795588,neutral
rjd3sv,Advice,post,1639851205,negative
rk71ex,AmericanPolitics,post,1639951574,negative
rjt1rg,AskDocs,post,1639905057,neutral
rhg5yd,AskReddit,post,1639621790,neutral
rpgk7d,AskReddit,post,1640585508,neutral
r6ofyz,AskReddit,post,1638390862,neutral
r6wa0f,AskReddit,post,1638411899,negative
r7jdp0,AskReddit,post,1638484901,negative
r8jxd7,AskReddit,post,1638601127,neutral
r8z82m,AskReddit,post,1638652218,neutral
r961ib,AskReddit,post,1638673581,negative
r9793t,AskReddit,post,1638677681,neutral
r979c3,AskReddit,post,1638677702,neutral
r9psxk,AskReddit,post,1638739434,neutral
ra9tf2,AskReddit,post,1638804507,neutral
ralepi,AskReddit,post,1638834896,neutral
rbhdve,AskReddit,post,1638933809,negative
rbya37,AskReddit,post,1638989857,neutral
rc26m7,AskReddit,post,1639000986,negative
rcmsxs,AskReddit,post,1639071668,neutral
rd2zof,AskReddit,post,1639120250,negative
rdn5zv,AskReddit,post,1639183086,neutral
rdrra6,AskReddit,post,1639197669,neutral
regv3i,AskReddit,post,1639282835,negative
relpyb,AskReddit,post,1639302106,negative
rfkibu,AskReddit,post,1639415209,neutral
rfzr1c,AskReddit,post,1639458064,neutral
rgmvgk,AskReddit,post,1639531678,negative
rh4mef,AskReddit,post,1639589967,neutral
rh4wg9,AskReddit,post,1639590676,neutral
rhbbiz,AskReddit,post,1639607523,neutral
rhifd0,AskReddit,post,1639628751,neutral
rhtx78,AskReddit,post,1639671039,neutral
ri6kq8,AskReddit,post,1639707533,negative
riqxbs,AskReddit,post,1639775254,neutral
rjqiuz,AskReddit,post,1639894373,neutral
rjqkmn,AskReddit,post,1639894555,neutral
rk9e2k,AskReddit,post,1639958338,negative
rkelqn,AskReddit,post,1639974480,negative
rkk9qy,AskReddit,post,1639995987,negative
rkqfgi,AskReddit,post,1640015887,neutral
rl2ijf,AskReddit,post,1640049631,neutral
rlb7wg,AskReddit,post,1640079825,negative
rlb9d9,AskReddit,post,1640079998,negative
rlbc47,AskReddit,post,1640080326,negative
rlf0nc,AskReddit,post,1640094370,neutral
rlwfcp,AskReddit,post,1640145586,negative
rm89c9,AskReddit,post,1640188973,negative
rmbnpq,AskReddit,post,1640198278,neutral
rmf1i9,AskReddit,post,1640207859,negative
rmhiwc,AskReddit,post,1640215113,neutral
rmo6oz,AskReddit,post,1640237287,negative
rmzena,AskReddit,post,1640277119,negative
rmzfaw,AskReddit,post,1640277169,negative
rn4v6g,AskReddit,post,1640292214,neutral
rna16d,AskReddit,post,1640307266,neutral
rnn3ou,AskReddit,post,1640355063,negative
rnx7k3,AskReddit,post,1640387734,neutral
ro34mt,AskReddit,post,1640409527,neutral
ro530v,AskReddit,post,1640417601,negative
ro5abt,AskReddit,post,1640418496,negative
rou7us,AskReddit,post,1640513544,neutral
rpze8x,AskReddit,post,1640644712,neutral
rq9zew,AskReddit,post,1640676354,negative
rs55ba,AskReddit,post,1640880218,neutral
rs5ca1,AskReddit,post,1640880735,neutral
rsg51m,AskReddit,post,1640908951,negative
roec73,AskReddit,post,1640455407,negative
rdkn39,AskReddit,post,1639175774,neutral
rjih7y,AskReddit,post,1639867213,negative
rt4x94,AutoHotkey,post,1640989746,positive
rrgb2t,AutoModerator,post,1640805914,neutral
r7i390,BPD,post,1638481307,negative
rsagxa,Battlefield,post,1640893879,neutral
rh2lf3,BipolarReddit,post,1639584722,neutral
rh5fzm,Birmingham,post,1639592092,negative
rb6jep,Bitcoin,post,1638903413,negative
rhwwkm,CFB,post,1639679501,neutral
rk6jn2,CompetitiveHalo,post,1639950233,negative
r9mzsr,CryptoCurrency,post,1638731826,negative
rmhtl5,CryptoCurrency,post,1640216000,negative
rbzicz,DAE,post,1638993375,negative
rrpw1y,Destiny,post,1640831024,negative
rarixp,Dragula,post,1638854301,neutral
rg002z,Dragula,post,1639458907,neutral
rhqar7,ENFP,post,1639659771,positive
redz0t,FIFA,post,1639272987,negative
rihutx,FanFiction,post,1639749038,neutral
robhby,movies,post,1640445324,negative
rrpzns,nattyorjuice,post,1640831311,negative
rpqai7,nfl,post,1640620064,neutral
rfg4kj,nukedmemes,post,1639403333,negative
re0j23,penspinning,post,1639231752,neutral
r9v0fj,pettyrevenge,post,1638754166,neutral
rdec9l,playrust,post,1639158883,neutral
rs3dhd,polyamory,post,1640875428,neutral
rb69pl,quittingkratom,post,1638902900,positive
r7li2z,reddevils,post,1638491056,neutral
riw85h,redditrequest,post,1639791382,neutral
rb9nj7,redditrequest,post,1638911561,neutral
rcj0ic,redditrequest,post,1639060762,neutral
rscuzb,redditrequest,post,1640900067,neutral
rsn2nt,redditrequest,post,1640930704,neutral
rrdpds,redditrequest,post,1640799442,negative
rrdscd,redditrequest,post,1640799653,neutral
rrdvyx,redditrequest,post,1640799903,neutral
rq6h0n,redditrequest,post,1640665003,neutral
rdoelc,redditrequest,post,1639186803,neutral
rmpned,redditrequest,post,1640242507,neutral
rdlxaa,redditrequest,post,1639179453,neutral
rlmgz0,redditrequest,post,1640115844,neutral
rcoqp5,redditrequest,post,1639077044,neutral
rku5w1,redditrequest,post,1640026045,neutral
rm0jd1,redditrequest,post,1640160749,neutral
r6pfb0,redditrequest,post,1638393356,neutral
rcmrjk,redditrequest,post,1639071557,neutral
rju3mk,redditrequest,post,1639909760,neutral
rpeiom,redditrequest,post,1640578832,neutral
rjjdix,redditrequest,post,1639869981,neutral
rmde0x,redditrequest,post,1640203157,neutral
r8qte8,redditrequest,post,1638628244,neutral
royywx,redditrequest,post,1640532227,negative
ref3ku,redditrequest,post,1639276754,neutral
rofppu,redditrequest,post,1640460297,neutral
rsnp6p,russia,post,1640933051,positive
r8omok,secretsanta,post,1638620674,positive
rsomco,skyrimmods,post,1640936624,neutral
rqct3l,soccercirclejerk,post,1640686923,neutral
rjl7fv,straya,post,1639876046,negative
rl5nxg,survivor,post,1640059380,neutral
rq64oh,teenagers,post,1640664018,negative
ro7noo,teenagers,post,1640429382,positive
r8661n,teenagers,post,1638557395,negative
r87b3f,teenagers,post,1638560483,negative
rhoror,teenagers,post,1639653783,neutral
rnnlbh,teenagers,post,1640356700,negative
r8djzx,teenagers,post,1638579141,negative
rg836p,teenagers,post,1639490390,neutral
r7o5f1,teenagers,post,1638498970,neutral
rohtw8,teslamotors,post,1640467613,neutral
rape8q,timberwolves,post,1638847246,negative
rkgj1m,unpopularopinion,post,1639981263,negative
r7a2br,uruguay,post,1638459355,negative
rhgb9z,vancouver,post,1639622240,negative
rptvky,wallstreetbets,post,1640629853,positive
rdervn,wallstreetbets,post,1639160030,negative
rmcooe,warriors,post,1640201133,neutral
rb15vm,washingtonwizards,post,1638889515,neutral
rhhb1i,washingtonwizards,post,1639625276,neutral
rggodk,writers,post,1639514209,neutral
r6c3vi,ww2,post,1638355841,neutral
rqxw5c,90DayFiance,post,1640748355,neutral
rlmjt3,ABCDesis,post,1640116070,neutral
rcrafi,ATBGE,post,1639084036,neutral
rpf2ij,AnimalsBeingDerps,post,1640580595,negative
r8sumq,Animemes,post,1638634282,neutral
rrfg0m,Anxiety,post,1640803775,neutral
rcct9l,Aquariums,post,1639036191,neutral
rlm2ta,AskReddit,post,1640114720,negative
rrmuss,AskReddit,post,1640822563,negative
r8cja3,AskReddit,post,1638575973,negative
r8ck5e,AskReddit,post,1638576030,negative
r8cq2a,AskReddit,post,1638576522,negative
rqk3vf,Assistance,post,1640710291,negative
rlq5ck,Aurelion_Sol_mains,post,1640126386,neutral
rftdr8,AustralianMakeup,post,1639438193,positive
rsl74e,AutoModerator,post,1640924331,negative
rjgo1d,AutoModerator,post,1639861742,neutral
r7i0ff,BPD,post,1638481087,negative
r8dxir,CFB,post,1638580289,neutral
re169e,CatAdvice,post,1639233802,neutral
r79y1j,CoinBase,post,1638459028,neutral
rl7h6q,CoinBase,post,1640065437,negative
rb0lkb,Cricket,post,1638887916,neutral
rflrbs,Cricket,post,1639418367,negative
rndk1s,CryptoCurrency,post,1640318718,neutral
rqo8h4,DigitalMarketing,post,1640721615,neutral
rd17cu,Drizzy,post,1639113815,neutral
rhdmc2,DynastyFF,post,1639613966,negative
rbwr5u,Eve,post,1638985639,negative
rqxtyr,Faces,post,1640748181,negative
rbazuy,FortNiteBR,post,1638915260,negative
rsgrv8,GetEmployed,post,1640910823,neutral
ro17oq,GreenBayPackers,post,1640402125,neutral
rsg0tt,Hardcore,post,1640908621,negative
rb1l51,Herpes,post,1638890722,neutral
rm01zn,Izlam,post,1640158775,negative
r6sl4e,JordanPeterson,post,1638401492,neutral
rpcqdw,Kentucky,post,1640573316,neutral
rpcqx6,Kentucky,post,1640573365,negative
r8bvre,KingOfTheHill,post,1638573998,negative
rchknf,LateStageCapitalism,post,1639056156,negative
rcjmkw,LateStageCapitalism,post,1639062552,neutral
rqwhpu,LivestreamFails,post,1640744246,negative
r7ycjs,MMA,post,1638535465,neutral
rn1jac,MakeNewFriendsHere,post,1640282881,neutral
rgyn74,MechanicalKeyboards,post,1639573432,positive
rae2i8,MetalMemes,post,1638815307,neutral
rijfs0,Metallica,post,1639753734,neutral
rilqfo,Metallica,post,1639760276,negative
rfyw0n,ModSupport,post,1639455265,neutral
re4l8i,ModSupport,post,1639244124,neutral
rqfh3r,MtF,post,1640696785,neutral
r665l1,Nanny,post,1638332291,neutral
rsj7xf,NatureIsFuckingLit,post,1640918117,negative
rnaesu,NoFap,post,1640308481,neutral
ri0wpg,OnePunchMan,post,1639690658,negative
rjl4xv,OnePunchMan,post,1639875807,negative
rkxzz4,OnePunchMan,post,1640036659,negative
rncoe6,PoppyTea,post,1640315822,negative
rneu3z,Portland,post,1640322990,negative
rceo8t,SCP,post,1639044573,neutral
rhqn6d,ScottishFootball,post,1639660981,negative
rn3tv8,Shitstatistssay,post,1640289269,negative
r8d9w2,Showerthoughts,post,1638578257,positive
rkfvm4,Sino,post,1639978952,negative
rkfvnq,Sino,post,1639978955,negative
rkfvp0,Sino,post,1639978959,negative
rkfvqv,Sino,post,1639978964,negative
rkfvsg,Sino,post,1639978967,negative
rkfvtq,Sino,post,1639978971,negative
riicgy,Spiderman,post,1639750539,positive
romgsd,Swingers,post,1640483246,positive
rmxlo6,Switzerland,post,1640272000,neutral
r8q7pf,TheCrownNetflix,post,1638626339,neutral
rmfwx7,TrueOffMyChest,post,1640210409,negative
r69txi,TrueOffMyChest,post,1638346258,negative
rnwboh,TrueOffMyChest,post,1640384791,negative
rpq2vf,Twitch,post,1640619455,neutral
rc0gq2,TwoSentenceHorror,post,1638996068,negative
rb03tb,Vechain,post,1638886487,neutral
rfvnlc,Vent,post,1639445284,negative
rkw4z1,WestVirginia,post,1640031537,negative
rnmv4k,acecombat,post,1640354293,neutral
r93apg,aliens,post,1638664447,neutral
ri8mp1,ar15,post,1639714110,neutral
ro5hjp,ask,post,1640419353,negative
rbs259,ask,post,1638972270,negative
raefcj,athensohio,post,1638816230,neutral
rkgxra,chess,post,1639982819,neutral
rlfy3u,conspiracy,post,1640097331,negative
rf10ur,conspiracy,post,1639351010,negative
r7az0q,conspiracy,post,1638461900,negative
rt0bw6,conspiracy,post,1640975979,negative
r8nvg6,cripplingalcoholism,post,1638617681,negative
retyp8,crossfit,post,1639330815,neutral
ri7vi7,dankmemes,post,1639711677,negative
r6xjot,dankmemes,post,1638415622,neutral
r7qccp,dankmemes,post,1638505487,negative
r9ja6n,dankmemes,post,1638721740,negative
r9ki98,dankmemes,post,1638725113,negative
r9v2s8,dankmemes,post,1638754366,neutral
rchbrn,dankmemes,post,1639055322,negative
rdw2xi,dankmemes,post,1639214341,negative
rdxge1,dankmemes,post,1639220259,negative
reb0i7,dankmemes,post,1639263478,neutral
rgjzug,dankmemes,post,1639523380,negative
ri449p,dankmemes,post,1639700041,neutral
riu77q,dankmemes,post,1639785178,neutral
rn3u3d,dankmemes,post,1640289288,neutral
rnoqvw,dankmemes,post,1640360485,negative
rns6ip,dankmemes,post,1640371253,neutral
rp340w,dankmemes,post,1640544438,neutral
rpkwhm,dankmemes,post,1640602000,neutral
rpp550,dankmemes,post,1640616735,neutral
rq6qzx,dankmemes,post,1640665848,neutral
rr4jnu,dankmemes,post,1640771471,negative
rrrtvf,dankmemes,post,1640836624,neutral
rszcxe,dankmemes,post,1640973179,neutral
rccn2z,dankmemes,post,1639035428,negative
rcffaj,dankmemes,post,1639047897,neutral
ri5lkv,darkjokes,post,1639704512,neutral
r9qn1h,darkjokes,post,1638741660,negative
rnomdg,depressed,post,1640360072,negative
rrpk65,discordapp,post,1640830067,negative
r6zx56,discordapp,post,1638423008,neutral
rpytwq,ethereum,post,1640643202,neutral
rsb2th,fivenightsatfreddys,post,1640895463,positive
rn1ss0,forsen,post,1640283603,neutral
rk4fp2,geometrydash,post,1639944077,neutral
rcmyqr,gifs,post,1639072125,negative
r9tu54,halo,post,1638750637,positive
rbcdct,help,post,1638919066,neutral
rlpcvd,help,post,1640124114,negative
rlq1x3,ideasfortheadmins,post,1640126106,neutral
rfabv2,india,post,1639381271,negative
rsy1rp,india,post,1640969540,neutral
rsy2r0,india,post,1640969614,neutral
rh733o,legostarwars,post,1639596316,neutral
rqt7v4,lgbt,post,1640735014,negative
rdlb5p,linuxmasterrace,post,1639177642,neutral
rg88k4,marvelstudios,post,1639490803,neutral
r8fwjj,meme,post,1638586677,neutral
r9f23c,meme,post,1638708548,neutral
rgwqs0,memes,post,1639566737,neutral
ra9lre,mildlyinfuriating,post,1638803941,negative
r6uvwo,modhelp,post,1638407780,neutral
ro2iuy,newzealand,post,1640407178,neutral
rs9vae,nfl,post,1640892315,neutral
ranha5,nintendo,post,1638841310,neutral
rfzlb6,oculus,post,1639457550,neutral
rkorno,oddlyterrifying,post,1640011269,negative
rmo7rt,oddlyterrifying,post,1640237389,neutral
rmo875,oddlyterrifying,post,1640237421,neutral
rr4l4x,opera,post,1640771619,neutral
rjrr2u,paypal,post,1639899330,neutral
rkejqw,pittsburgh,post,1639974282,neutral
r8z8xt,portugal,post,1638652288,negative
rjaeg6,prisonarchitect,post,1639843300,neutral
reie6i,pyrocynical,post,1639288394,positive
rch6f3,questions,post,1639054824,neutral
rg34pp,rearpussy,post,1639471089,negative
rj2hi7,redditrequest,post,1639813570,neutral
rovnqe,redditrequest,post,1640520120,neutral
rr9vqz,redditrequest,post,1640789494,neutral
rrcz8g,redditrequest,post,1640797603,neutral
rpvttl,redditrequest,post,1640635078,neutral
rm4ubk,redditrequest,post,1640178220,neutral
rfhl96,redditrequest,post,1639407574,neutral
r7shuw,redditrequest,post,1638512672,neutral
rfmi4y,redditrequest,post,1639420240,neutral
rm957p,redditrequest,post,1640191428,negative
rh1trq,redditrequest,post,1639582676,neutral
rlmmsw,redditrequest,post,1640116308,neutral
rba7vc,redditrequest,post,1638913079,neutral
rplcxy,redditrequest,post,1640603857,neutral
rjl9rq,redditrequest,post,1639876261,neutral
rdg9yb,redditrequest,post,1639164044,neutral
roivqv,redditrequest,post,1640471215,neutral
rcfcaa,redditrequest,post,1639047583,neutral
rqfi0m,redditrequest,post,1640696871,neutral
rmipq9,redditrequest,post,1640218684,neutral
rbs8gn,redditrequest,post,1638972799,neutral
rm1noq,redditrequest,post,1640165599,neutral
r97idi,redditrequest,post,1638678565,neutral
r8kpeb,redditrequest,post,1638604314,neutral
rrui0j,redditrequest,post,1640844923,neutral
rp0ge3,replika,post,1640536818,neutral
rpqxo7,runescape,post,1640621888,neutral
rrryrb,scifi,post,1640837032,neutral
re8i3i,secretsanta,post,1639255745,positive
rmr8c3,secretsanta,post,1640248764,neutral
rg18w6,sex,post,1639463409,neutral
r6dxum,startrek,post,1638362701,negative
rgkbf3,tampabayrays,post,1639524267,neutral
rrm93z,teenagers,post,1640820965,negative
rqe262,teenagers,post,1640691973,negative
rkoufy,teenagers,post,1640011499,neutral
re9qt1,thesopranos,post,1639259501,neutral
r93lox,transgendercirclejerk,post,1638665506,neutral
rqo02t,unpopularopinion,post,1640720956,negative
r76uzr,unpopularopinion,post,1638449718,negative
rlqhfc,unpopularopinion,post,1640127379,negative
re2uta,usenet,post,1639238961,negative
ris94b,wallstreetbets,post,1639779212,neutral
rb8slx,warriors,post,1638909252,positive
rb1qb0,winnipegjets,post,1638891113,positive
ro188r,woooosh,post,1640402183,negative
ro19qe,woooosh,post,1640402338,negative
ro1d32,woooosh,post,1640402685,negative
rr1yw8,xbox,post,1640761483,negative
rqrt2p,youtube,post,1640731267,neutral
red7pm,2007scape,post,1639270570,neutral
rj8jwi,ARK,post,1639837533,neutral
rnxlub,AnarchyChess,post,1640389094,neutral
rsjop0,AnimalCrossing,post,1640919548,neutral
rcid84,ApplyingToCollege,post,1639058753,negative
rik3u4,AskHistorians,post,1639755627,positive
rg6y18,AskLiteraryStudies,post,1639486727,neutral
rf7fom,AskReddit,post,1639370794,negative
rkomf5,BleachBraveSouls,post,1640010841,neutral
rh2jm4,DetroitRedWings,post,1639584588,negative
rnfokw,FREE,post,1640325912,neutral
rbt9p2,FreeKarma4U,post,1638975829,negative
rq26pc,LabourUK,post,1640652582,neutral
rcs1ai,LeagueOfMemes,post,1639086126,negative
r7sh5z,LivestreamFail,post,1638512603,negative
rk257c,ModSupport,post,1639937257,neutral
rq1i5g,ModSupport,post,1640650588,neutral
rqszj3,Music,post,1640734390,negative
rb0drm,Needafriend,post,1638887306,neutral
rhy35n,Neverbrokeabone,post,1639682815,negative
refrl7,OnePiece,post,1639279030,neutral
r94aqy,PersonalFinanceCanada,post,1638667828,neutral
rrk6ib,PewdiepieSubmissions,post,1640815603,negative
ro4idb,RepTime,post,1640415157,neutral
r99oki,RoastMe,post,1638686463,negative
rszhdn,Sat,post,1640973539,negative
r83d9r,Sat,post,1638550039,neutral
rr6val,ShitPoliticsSays,post,1640780129,negative
r7drl4,Terraria,post,1638469564,negative
rf4684,TheoryOfReddit,post,1639360593,neutral
rmuqbf,TooAfraidToAsk,post,1640262753,negative
rcq0jq,TrueChristian,post,1639080497,neutral
rcq2a3,TrueChristian,post,1639080625,neutral
rjnw9o,TwoSentenceHorror,post,1639884960,negative
rt1vae,TwoSentenceHorror,post,1640980525,neutral
rltwwz,TwoXChromosomes,post,1640137645,positive
rcxmxv,UMD,post,1639102723,neutral
rl5wb2,Vechain,post,1640060118,negative
rfqqz8,WatchRedditDie,post,1639431158,negative
rgop3h,WatchRedditDie,post,1639537088,negative
rasbzu,WoT,post,1638857245,negative
rhb09d,XXXTENTACION,post,1639606705,neutral
rm5vwj,australia,post,1640181857,negative
res7go,britishproblems,post,1639325759,neutral
r8t2vj,btc,post,1638634923,neutral
rprbd3,conspiracy,post,1640622948,negative
r9ur09,copypasta,post,1638753387,neutral
rf4jur,copypasta,post,1639361706,neutral
rh2ai8,copypasta,post,1639583938,neutral
ri823l,copypasta,post,1639712253,negative
rousz0,copypasta,post,1640516343,negative
rmpqwr,criterion,post,1640242861,negative
rfzpmp,democrats,post,1639457954,negative
rga6zk,democrats,post,1639496533,negative
rlq7ry,denvernuggets,post,1640126576,neutral
rdd0vw,dpdr,post,1639155411,neutral
rhy2nl,entp,post,1639682777,neutral
rcnpms,femdomgonewild,post,1639074205,neutral
rdpa2i,flatearth,post,1639189503,negative
rdpb2u,flatearth,post,1639189589,negative
rhcr7f,fo4,post,1639611458,neutral
rhcrs7,fo4,post,1639611507,neutral
rbsxmq,foxholegame,post,1638974879,neutral
rt4b6f,golf,post,1640987874,neutral
r741gw,hearthstone,post,1638438959,positive
rqpebs,help,post,1640724767,negative
rbcmhk,help,post,1638919792,negative
rphofz,ideasfortheadmins,post,1640589523,neutral
rm7s35,jerma985,post,1640187631,neutral
rj354x,l4d2,post,1639816305,positive
r8qfss,leopardgeckos,post,1638627035,neutral
rsyjuk,lotr,post,1640970901,neutral
raz48i,memes,post,1638883358,negative
rn0v36,memes,post,1640281082,negative
r7dxd7,mildlyinfuriating,post,1638469987,negative
rs99up,modhelp,post,1640890826,neutral
rh1w62,nyu,post,1639582852,neutral
rpbs00,paypal,post,1640570356,neutral
r99n6s,pittsburgh,post,1638686309,neutral
rg3w1a,police,post,1639474353,negative
rrsrgu,redditrequest,post,1640839450,neutral
rrsskb,redditrequest,post,1640839547,neutral
r7rbt5,redditrequest,post,1638508591,neutral
retjbi,redditrequest,post,1639329607,neutral
rrtjqb,redditrequest,post,1640841854,neutral
rl2j5c,redditrequest,post,1640049677,neutral
rlh7i4,redditrequest,post,1640101070,neutral
rg6zoe,redditrequest,post,1639486862,neutral
rt3yyq,redditrequest,post,1640986843,neutral
rq6baj,redditrequest,post,1640664543,neutral
rkaa90,redditrequest,post,1639960918,neutral
rewco5,redditrequest,post,1639337569,neutral
raupjt,redditrequest,post,1638866783,neutral
rm299p,redditrequest,post,1640168135,neutral
rivh2z,redditrequest,post,1639789031,neutral
rb1mhu,redditrequest,post,1638890829,neutral
r9ouja,redditrequest,post,1638736833,neutral
rmo3xj,redditrequest,post,1640237009,neutral
rmff25,redditrequest,post,1640208952,neutral
rsziv4,redditrequest,post,1640973646,neutral
rfoz3c,redditrequest,post,1639426613,neutral
rf40ta,redditrequest,post,1639360127,neutral
rpt29a,redditrequest,post,1640627737,neutral
rll77r,rpghorrorstories,post,1640112237,neutral
rqte95,sadboys,post,1640735487,neutral
r9nbvl,sadcringe,post,1638732732,negative
r95v4a,secretsanta,post,1638673009,positive
rqta0q,short,post,1640735175,negative
rallbx,soccercirclejerk,post,1638835426,positive
rrp0y0,teenagers,post,1640828534,negative
rre875,teenagers,post,1640800790,negative
rg0awu,teenagers,post,1639459955,neutral
ron540,teenagers,post,1640485559,positive
rp6jbt,teenagers,post,1640555033,neutral
rongk9,teenagers,post,1640486672,negative
ro4hjf,teenagers,post,1640415061,negative
rpenzq,teenagers,post,1640579302,negative
rpeqlq,teenagers,post,1640579526,negative
rpiary,teenagers,post,1640591833,neutral
rqech6,teenagers,post,1640693024,negative
rr3o75,teenagers,post,1640768010,neutral
r68572,torontoraptors,post,1638339406,neutral
rdoymy,tressless,post,1639188499,negative
ripu5b,unitedkingdom,post,1639772100,neutral
rhgd6m,unpopularopinion,post,1639622413,negative
redxnt,vegan,post,1639272868,negative
ree9aq,vegan,post,1639273966,negative
rfmzfu,vegan,post,1639421480,negative
rg87et,vegan,post,1639490711,neutral
rlq7xl,videos,post,1640126587,negative
rj1sq6,1P_LSD,post,1639810754,neutral
reh17p,2007scape,post,1639283427,neutral
rlllvi,90DayFiance,post,1640113392,neutral
rdrodb,AFL,post,1639197397,negative
rmm03c,AmItheAsshole,post,1640228988,neutral
rp9irj,Art,post,1640563564,negative
rh8bza,AskAnthropology,post,1639599613,neutral
r813xf,AskEconomics,post,1638543976,positive
rloc78,AskModerators,post,1640121161,negative
rsijud,AskModerators,post,1640916126,negative
rrpoou,BipolarReddit,post,1640830427,negative
rrovyd,CemeteryPorn,post,1640828147,neutral
r62vot,Cyberpunk,post,1638321826,neutral
rexz9f,DoesAnybodyElse,post,1639342253,negative
rrj5pj,EscapefromTarkov,post,1640813053,negative
ror8wa,EscapefromTarkov,post,1640500444,neutral
reehg7,Eugene,post,1639274697,negative
ra3iv8,FragReddit,post,1638783561,negative
rd6scm,FreeKarma4U,post,1639136273,negative
rd0yag,FreeSpeech,post,1639112967,neutral
ri6eqk,Gonewild18,post,1639707034,neutral
reqae2,HistoryMemes,post,1639319952,neutral
rrx45j,JoeRogan,post,1640854372,neutral
rin64q,LivestreamFail,post,1639764334,negative
ro60rp,MMA,post,1640421708,neutral
r9akmt,Minecraft,post,1638690082,negative
rj83t8,Minecraft,post,1639836096,neutral
rbc3kb,ModSupport,post,1638918287,neutral
rm4fnf,ModSupport,post,1640176757,negative
ra9l2p,ModSupport,post,1638803890,neutral
rbyf46,MtvChallenge,post,1638990247,negative
r8gbx8,NewYorkMets,post,1638588110,negative
ra5u1u,NoFap,post,1638792567,negative
r8iw2i,NoFap,post,1638597087,positive
re69wa,OkCupid,post,1639249119,neutral
rqieuy,OnePunchMan,post,1640705556,neutral
re7cx0,PewdiepieSubmissions,post,1639252315,neutral
rnggrm,Radiology,post,1640328847,positive
rrrkd7,Sat,post,1640835846,neutral
r9rgfa,Screenwriting,post,1638743833,negative
r835e2,Showerthoughts,post,1638549412,neutral
rdluzu,Showerthoughts,post,1639179265,negative
rdriu0,Sims4,post,1639196880,neutral
r877c5,Stargate,post,1638560180,neutral
rfdxga,Steam,post,1639395963,negative
rn4rf4,Stoicism,post,1640291917,neutral
rcd2q3,Telegram,post,1639037313,negative
rslvbi,TooAfraidToAsk,post,1640926577,neutral
rgg92w,TrueOffMyChest,post,1639513059,positive
rdhr6z,Twitter,post,1639168001,neutral
rodlnc,VictoriaBC,post,1640452877,neutral
ro6t8b,Warthunder,post,1640425363,neutral
rjhjsk,WatchRedditDie,post,1639864386,negative
rbs612,WatchRedditDie,post,1638972598,neutral
rfpvl7,WatchRedditDie,post,1639428987,negative
rkjdv0,WatchRedditDie,post,1639992436,neutral
rl2xr9,WatchRedditDie,post,1640050912,negative
rn6eo7,Waxpen,post,1640296566,negative
rqijld,WhatsWrongWithYourDog,post,1640705931,negative
ronz59,WoT,post,1640488440,positive
rqlq9c,asktransgender,post,1640714715,negative
rrpsgs,aspergers,post,1640830728,neutral
rkjipp,auckland,post,1639992947,negative
ri3ppz,auslaw,post,1639698826,neutral
rkr53g,awfuleverything,post,1640017793,negative
rf9gke,aznidentity,post,1639377868,neutral
rfb8qs,aznidentity,post,1639384982,neutral
rfa7wi,bangtan,post,1639380826,negative
rqbvpj,brooklynninenine,post,1640683400,neutral
rmnhr6,censorship,post,1640235025,negative
rj5zlq,chess,post,1639828413,neutral
rlgzon,cocaine,post,1640100468,negative
rli1rz,cocaine,post,1640103430,negative
rr2zfs,conspiracy,post,1640765334,negative
rh8plf,dankmemes,post,1639600609,neutral
rk8e61,darkjokes,post,1639955378,neutral
rlkul5,dating,post,1640111228,neutral
rgwu4l,deadbydaylight,post,1639567098,positive
rgokzp,deadbydaylight,post,1639536721,positive
r8ca49,deadbydaylight,post,1638575182,negative
rghyo4,deepweb,post,1639517770,negative
rb7rwj,discordapp,post,1638906507,negative
rcuqfg,ethereum,post,1639093813,positive
red79i,eu4,post,1639270529,neutral
rjt8c8,fantasybball,post,1639905854,neutral
ranbht,ffxiv,post,1638840800,neutral
revyps,formula1,post,1639336468,neutral
rfhyqq,geometrydash,post,1639408573,negative
rltufw,geometrydash,post,1640137427,negative
rc99g1,guns,post,1639022887,negative
r9zv5s,halo,post,1638769360,negative
r9w84d,halo,post,1638757780,negative
r93hrp,halo,post,1638665129,negative
rdak4e,help,post,1639148549,negative
rleqkn,help,post,1640093466,neutral
rexgdf,help,post,1639340717,negative
r7oztf,help,post,1638501448,neutral
rde9yp,help,post,1639158697,neutral
rfp6k6,ironscape,post,1639427163,neutral
rnxawt,lgbt,post,1640388054,neutral
ro3u74,longisland,post,1640412380,positive
rf5y8w,mentalhealth,post,1639366044,neutral
r8ml1j,misanthropy,post,1638612322,negative
r9707l,modhelp,post,1638676875,neutral
rqlngy,modhelp,post,1640714510,neutral
rqt5wr,nyu,post,1640734865,neutral
rljmzo,onguardforthee,post,1640107826,negative
r91mhw,pokemon,post,1638659178,neutral
rgsmxi,pokemonshowdown,post,1639549877,negative
rdm7f6,r4r,post,1639180287,neutral
rsdjae,rant,post,1640901819,negative
rfdfr8,redditrequest,post,1639394026,neutral
r6ialo,redditrequest,post,1638375032,neutral
rsm8y4,redditrequest,post,1640927842,neutral
rfm8r1,redditrequest,post,1639419569,neutral
r7y9hb,redditrequest,post,1638535168,neutral
rpa1qb,redditrequest,post,1640565134,neutral
raormb,redditrequest,post,1638845287,neutral
r8ei1u,redditrequest,post,1638582139,neutral
rg8wt4,redditrequest,post,1639492949,negative
rcvqz4,redditrequest,post,1639096911,neutral
rbebxl,redditrequest,post,1638924892,neutral
rn2dhf,redditrequest,post,1640285224,negative
rkj5mz,redditrequest,post,1639991518,neutral
rf3cip,redditrequest,post,1639358061,neutral
rrfwr6,researchchemicals,post,1640804928,neutral
r6rid1,rock,post,1638398622,negative
r9894i,rva,post,1638681106,neutral
r6up52,spotify,post,1638407229,negative
rjoe2w,tacticalgear,post,1639886610,negative
rig6yn,teenagers,post,1639743358,positive
ro6xuf,teenagers,post,1640425968,negative
rmpomp,teenagers,post,1640242650,negative
rgbtp5,teenagers,post,1639501073,negative
rjqt4z,teenagers,post,1639895477,neutral
rbeozu,thesopranos,post,1638925952,neutral
r68mom,triplej,post,1638341307,neutral
reu9vp,wallstreetbets,post,1639331719,negative
rdsjyd,49ers,post,1639200419,neutral
r6i7x5,ABraThatFits,post,1638374842,neutral
rr0y3k,Advice,post,1640757918,neutral
rdgsan,AskDocs,post,1639165439,neutral
rf0x27,AskReddit,post,1639350710,negative
rf0y2x,AskReddit,post,1639350791,negative
ri5wdo,AskReddit,post,1639705465,negative
rcsy7u,AskReddit,post,1639088672,neutral
rct0e9,AskReddit,post,1639088848,neutral
rct0py,AskReddit,post,1639088873,neutral
rct47s,AskReddit,post,1639089143,neutral
rct6s9,AskReddit,post,1639089347,neutral
rgxjs8,ChristopherHitchens,post,1639569705,negative
rgkt2t,CoinBase,post,1639525658,neutral
rq230z,Comcast_Xfinity,post,1640652283,neutral
ralupu,Conservative,post,1638836219,negative
rjxxfw,Cricket,post,1639924443,negative
rivs85,DanLeBatardShow,post,1639789968,neutral
r8k70y,Dragonballsuper,post,1638602201,negative
rjatrz,ElectricSkateboarding,post,1639844546,neutral
r8pgtz,ElsaGate,post,1638623779,negative
rlzkag,EscapefromTarkov,post,1640156754,neutral
rncjbp,FanFiction,post,1640315373,negative
r8wtoh,FortNiteBR,post,1638645351,neutral
rb94zg,FortNiteBR,post,1638910186,neutral
rb9dp8,FortNiteBR,post,1638910831,neutral
rgjuxz,FortNiteBR,post,1639523000,negative
rhst0w,FortNiteBR,post,1639667734,negative
rkgvfa,FortNiteBR,post,1639982566,negative
rkgy6q,FortNiteBR,post,1639982870,negative
roau2q,FortNiteBR,post,1640442849,negative
rpvzjp,FortNiteBR,post,1640635479,neutral
rqcj82,GettingShredded,post,1640685843,neutral
rd4564,Gunpla,post,1639125026,neutral
rqmwh3,HailCorporate,post,1640717938,negative
rjicsw,HaloStory,post,1639866822,neutral
rkzjnn,IASIP,post,1640041054,neutral
r9ftpy,Iceland,post,1638711220,neutral
rdkptx,LoveNikki,post,1639175980,positive
rhfcei,MBA,post,1639619213,neutral
rd2u8i,MetalMemes,post,1639119672,negative
rsb2rq,ModSupport,post,1640895459,negative
r6phyd,ModSupport,post,1638393554,neutral
rrkele,ModSupport,post,1640816168,neutral
rlhox9,ModSupport,post,1640102442,neutral
rm90px,NoStupidQuestions,post,1640191088,neutral
ra93hf,NoStupidQuestions,post,1638802590,negative
rbuo88,NoStupidQuestions,post,1638979904,neutral
rhfz26,Overwatch,post,1639621184,neutral
rsrs78,Parkour,post,1640949372,neutral
rsw9o9,Repsneakers,post,1640964521,neutral
rqfhjf,Scotland,post,1640696828,positive
r8ort8,Showerthoughts,post,1638621233,negative
r8ospd,Showerthoughts,post,1638621330,negative
r8otvb,Showerthoughts,post,1638621458,negative
r8oupz,Showerthoughts,post,1638621547,negative
r74poi,SluttyConfessions,post,1638441687,positive
rpn5l7,Switzerland,post,1640610384,negative
rbx7j1,TrueOffMyChest,post,1638986834,negative
rdettx,VapePorn,post,1639160179,positive
r83ogd,Vent,post,1638550857,neutral
rcdowm,Vermintide,post,1639040169,negative
rlkg94,aliens,post,1640110112,neutral
rkt21t,anime,post,1640023001,neutral
rqkvw5,ask,post,1640712420,negative
rhip2b,askTO,post,1639629628,neutral
rk53tg,autism,post,1639946057,neutral
rl6rb6,autism,post,1640062990,neutral
rcsnpl,awfuleverything,post,1639087833,negative
rqncxn,bloodborne,post,1640719203,negative
ri2k9n,boston,post,1639695407,negative
rk2lzz,boston,post,1639938658,neutral
rskj3u,breakingmom,post,1640922191,negative
r8hnw8,changemyview,post,1638592652,neutral
rshmay,climate,post,1640913414,negative
rsetyu,confessions,post,1640905294,negative
rpchwp,conspiracy,post,1640572571,negative
rpcs68,conspiracy,post,1640573480,negative
rs20nn,conspiracy,post,1640871538,neutral
reyh3q,copypasta,post,1639343655,negative
rp8ssy,dankmemes,post,1640561432,neutral
rp8uhl,dankmemes,post,1640561553,neutral
rpo8sh,dankmemes,post,1640613939,negative
robmbt,discordapp,post,1640445841,neutral
rj0437,downloadcodes,post,1639804414,neutral
r8lz0o,exmuslim,post,1638609673,neutral
rba1zb,farmingsimulator,post,1638912635,positive
reci0u,fordfusion,post,1639268209,negative
rdjns4,formula1,post,1639173126,positive
rav4k1,forsen,post,1638868528,neutral
rhdl40,hearthstonecirclejerk,post,1639613863,positive
rk4or4,help,post,1639944810,neutral
r6gloq,help,post,1638370637,neutral
rmppq7,help,post,1640242765,neutral
r7wkui,help,post,1638528872,neutral
r7bpfo,jacksonville,post,1638463953,positive
rg45hc,joerogan2,post,1639475506,negative
r7d5p5,latterdaysaints,post,1638467936,neutral
r8krok,leagueoflegends,post,1638604579,negative
re4v0i,leagueoflegends,post,1639244953,negative
rhdn44,leagueoflegends,post,1639614027,negative
rhzm5z,leagueoflegends,post,1639687071,neutral
rshwm5,leagueoflegends,post,1640914198,negative
rqsgc2,lgbt,post,1640732962,negative
rkhcou,madlads,post,1639984414,neutral
rrhbm9,marvelstudios,post,1640808428,positive
rl7df5,meme,post,1640065095,neutral
rpgqv6,meme,post,1640586134,positive
rm6bis,metalgearsolid,post,1640183283,neutral
rmvov5,modhelp,post,1640266103,neutral
rofqgr,modhelp,post,1640460369,neutral
rnnei6,movies,post,1640356071,neutral
revic1,nukedmemes,post,1639335222,negative
rszxnh,nyu,post,1640974810,negative
rrbgfm,osugame,post,1640793705,neutral
rrr6qc,pics,post,1640834744,neutral
rrhnvv,polyamory,post,1640809289,neutral
rrcmix,popping,post,1640796709,neutral
rb9jsv,rant,post,1638911282,negative
rejcg5,rant,post,1639292148,negative
rpjikz,rant,post,1640596568,negative
rqhomj,ravens,post,1640703516,neutral
rl55k1,ravens,post,1640057692,neutral
rolin7,redditrequest,post,1640479994,neutral
rs6odk,redditrequest,post,1640884208,neutral
rkl4me,redditrequest,post,1639999308,neutral
rkm929,redditrequest,post,1640003491,neutral
rlzfks,redditrequest,post,1640156272,neutral
rm6jn6,redditrequest,post,1640183989,neutral
rm6kxi,redditrequest,post,1640184097,neutral
ropauo,redditrequest,post,1640493097,neutral
rks352,redditrequest,post,1640020361,neutral
rskeh5,redditrequest,post,1640921773,neutral
r92zwg,redditrequest,post,1638663434,neutral
riutmt,redditrequest,post,1639787021,neutral
rloahv,redditrequest,post,1640121023,neutral
rrghyw,redditrequest,post,1640806385,neutral
rrsqv1,redditrequest,post,1640839401,neutral
rjixps,redditrequest,post,1639868604,neutral
r6sugn,rust,post,1638402197,negative
rhy664,samharris,post,1639683036,negative
rcblk9,saudiarabia,post,1639031181,negative
riyf6q,teenagers,post,1639798554,negative
rqjcnp,teenagers,post,1640708156,neutral
r6xzea,teenagers,post,1638416921,neutral
rmgq10,teenagers,post,1640212734,positive
rizx1g,ucla,post,1639803740,negative
rhljjx,unpopularopinion,post,1639639787,negative
rd5zpv,virgin,post,1639132952,negative
rfzoz0,yugioh,post,1639457888,neutral
repa4r,2007scape,post,1639316614,negative
rdh56v,ADHD,post,1639166412,neutral
rmd1ce,Advice,post,1640202143,negative
rkf91t,AskCulinary,post,1639976730,neutral
rnxeoq,AskModerators,post,1640388419,neutral
r9b70l,darkjokes,post,1638692603,neutral
ra962i,darksouls3,post,1638802801,neutral
rjjot3,dataisbeautiful,post,1639870954,negative
rbb7d1,depression,post,1638915829,negative
rkzh6z,depression,post,1640040851,negative
rsp66o,discordapp,post,1640938775,neutral
rnbkza,fail,post,1640312272,negative
rgeluv,fantasyfootball,post,1639508571,negative
roj80y,fantasyfootball,post,1640472359,neutral
rdwimz,forsen,post,1639216215,neutral
rk1drz,gardening,post,1639934967,neutral
rcttfa,gay,post,1639091146,positive
rna0hm,gaybros,post,1640307201,neutral
rdrh8w,gonewild,post,1639196733,positive
rmcetl,gtaonline,post,1640200356,neutral
r91ddt,halo,post,1638658471,positive
rbibbb,hearthstone,post,1638936654,neutral
rhwgwd,help,post,1639678281,neutral
re687y,help,post,1639248977,neutral
rmbd27,help,post,1640197465,negative
r6dyhi,ireland,post,1638362762,negative
ri5das,memes,post,1639703802,neutral
rluft7,miraculousladybug,post,1640139263,positive
r92w3k,modclub,post,1638663092,neutral
rbvyhn,modclub,post,1638983496,negative
rs0tnd,northernireland,post,1640867792,neutral
riaqrx,nursing,post,1639721312,neutral
rp21zv,pcgaming,post,1640541420,negative
rhekg4,persona4golden,post,1639616754,neutral
rbf0co,pokemongo,post,1638926878,neutral
r7zxgh,projectzomboid,post,1638540573,negative
raincc,prolife,post,1638827178,neutral
rg71fq,redditrequest,post,1639487019,neutral
r716wg,redditrequest,post,1638427401,neutral
rred2w,redditrequest,post,1640801092,neutral
rma6y1,redditrequest,post,1640194284,neutral
rbjcqi,redditrequest,post,1638940011,neutral
rk6itd,redditrequest,post,1639950170,neutral
rf9hxi,redditrequest,post,1639378017,neutral
rsaac5,redditrequest,post,1640893408,neutral
rkpfov,redditrequest,post,1640013117,neutral
r66b9j,redditrequest,post,1638332848,neutral
rp7q4x,redditrequest,post,1640558409,neutral
rq4d8l,redditrequest,post,1640658914,neutral
rkkn7v,redditrequest,post,1639997491,neutral
rl6ih7,redditrequest,post,1640062198,neutral
rnfmlq,redditrequest,post,1640325719,negative
rsq62p,redditrequest,post,1640942851,neutral
rm5fnm,redditrequest,post,1640180337,neutral
r8av6k,redditrequest,post,1638571082,neutral
rcus4q,sciencefiction,post,1639093955,neutral
rhpkbw,sneakermarket,post,1639656998,neutral
rkcxzv,socialskills,post,1639969075,negative
roib70,teenagers,post,1640469280,negative
rahpk6,teenagers,post,1638824699,negative
rc811y,theHunter,post,1639018834,neutral
rq1dj9,thesopranos,post,1640650219,negative
ra85ri,torontoraptors,post,1638799861,negative
rdtddf,traaaaaaannnnnnnnnns,post,1639203345,negative
rmhx0j,transgendercirclejerk,post,1640216289,neutral
rkt4dh,unpopularopinion,post,1640023188,negative
r970px,unpopularopinion,post,1638676920,negative
rh9ybg,unpopularopinion,post,1639603928,negative
rl5r1u,veronicamars,post,1640059654,neutral
rh8kfi,wallstreetbets,post,1639600222,negative
rncpur,washingtondc,post,1640315956,neutral
rixba5,worldnews,post,1639794882,negative
rixcfs,worldnews,post,1639794989,negative
rkwl98,2007scape,post,1640032770,neutral
rg604z,2007scape,post,1639483228,negative
r98jtg,ABCDesis,post,1638682160,negative
r8pf8q,AdviceAnimals,post,1638623619,negative
rcf46x,Anarcho_Capitalism,post,1639046547,negative
riu7o2,AnythingGoesNews,post,1639785220,negative
rmn3c0,AskReddit,post,1640233736,neutral
rswgpv,AskWomen,post,1640965070,neutral
ra8ts4,BDSMAdvice,post,1638801841,positive
r8iuf8,Bitcoin,post,1638596918,neutral
rgbf90,Bitcoin,post,1639499958,neutral
ralzbz,BlackPeopleTwitter,post,1638836611,negative
rgup2e,Brawlstars,post,1639558119,neutral
rloagm,Brawlstars,post,1640121021,negative
rqaq5b,Brawlstars,post,1640679039,negative
req23f,CPTSD,post,1639319190,neutral
ro5cdc,CasualUK,post,1640418737,neutral
re7g27,ClashOfClans,post,1639252588,negative
rpibrr,Comcast,post,1640591950,negative
rr8q6j,CrazyIdeas,post,1640786157,neutral
r7otly,Cuckold,post,1638500950,neutral
rhuiz1,DanLeBatardShow,post,1639672769,neutral
ri4y6i,DanLeBatardShow,post,1639702582,neutral
rm9fx4,Denver,post,1640192268,negative
ripm74,DunderMifflin,post,1639771459,neutral
rspmgl,EscapefromTarkov,post,1640940637,negative
rr8n4e,EscapefromTarkov,post,1640785883,negative
rh0hh7,FIFA,post,1639578958,negative
rh0ik3,FIFA,post,1639579043,negative
rj9u68,FantasyPL,post,1639841579,neutral
r6xnhl,FreeSpeech,post,1638415937,negative
rbg3s1,GradeAUnderA,post,1638930068,negative
rsqrmt,Grimes,post,1640945287,neutral
rnaq8r,JustUnsubbed,post,1640309494,negative
rkut4w,Karting,post,1640027848,neutral
rrzqbj,Letterkenny,post,1640863923,positive
rfs7z0,Libertarian,post,1639435023,negative
r9oz54,Markiplier,post,1638737191,neutral
rin769,ModSupport,post,1639764415,neutral
rbqa9w,NYGiants,post,1638966538,neutral
r7h76a,OnePiece,post,1638478845,neutral
rk3n4q,Patriots,post,1639941736,neutral
re0kg0,PhantomForces,post,1639231874,neutral
rpwnx1,PlantsVSZombies,post,1640637320,neutral
r9g21j,Polandballart,post,1638711993,neutral
rnghud,Professors,post,1640328971,positive
r87rkk,RATS,post,1638561772,neutral
rk70xr,RPGdesign,post,1639951533,neutral
rh9m9v,RedditCensors,post,1639603077,negative
rrfym2,Sat,post,1640805048,positive
rt3mnd,ScottishFootball,post,1640985811,positive
redqps,ShadowBan,post,1639272235,negative
r8lzmc,Showerthoughts,post,1638609745,negative
r8m00v,Showerthoughts,post,1638609791,neutral
rip7d1,Spiderman,post,1639770233,neutral
rllc63,StarTrekDiscovery,post,1640112633,neutral
rnysqv,Terraria,post,1640393127,neutral
rqmc5k,TheoryOfReddit,post,1640716361,negative
rikqdx,TrackMania,post,1639757418,negative
rnjzmw,TrueOffMyChest,post,1640343332,negative
rnk0co,TrueOffMyChest,post,1640343423,negative
rlceuw,TwoBestFriendsPlay,post,1640084863,neutral
rmhwco,TwoBestFriendsPlay,post,1640216233,neutral
rk42ei,TwoSentenceHorror,post,1639943002,positive
rfrkse,UFOs,post,1639433335,negative
r7nv9e,Undertale,post,1638498141,neutral
rsulrd,Undertale,post,1640959524,negative
rli7sm,WayOfTheBern,post,1640103896,neutral
rlstih,WayOfTheBern,post,1640134278,neutral
rm82rs,WayOfTheBern,post,1640188495,negative
rqhnrf,WayOfTheBern,post,1640703441,neutral
rqi6uk,WayOfTheBern,post,1640704928,neutral
rqxbpy,WayOfTheBern,post,1640746652,negative
rqxhw6,WayOfTheBern,post,1640747158,negative
rstvhh,acturnips,post,1640957157,neutral
ra9pj8,ask,post,1638804217,negative
rps9z1,awfuleverything,post,1640625621,negative
rfau91,bangtan,post,1639383322,negative
rfpflx,bangtan,post,1639427797,neutral
rsknw1,bestoflegaladvice,post,1640922621,neutral
rqaaj3,buffalobills,post,1640677465,neutral
rea654,buffalobills,post,1639260821,negative
rr0ygz,cakeday,post,1640757955,positive
r9bu2g,chess,post,1638695257,negative
rs0idt,chicago,post,1640866700,negative
rdj0l9,climate,post,1639171368,negative
rj013z,clothdiaps,post,1639804125,neutral
rq8cnn,communism,post,1640670873,neutral
rn3veq,conspiracy,post,1640289398,negative
r7acgm,conspiracy,post,1638460136,negative
r7aiqb,conspiracy,post,1638460629,negative
r7ak9t,conspiracy,post,1638460756,negative
r7aw1n,conspiracy,post,1638461676,negative
r98iog,conspiracy,post,1638682048,negative
raabbs,conspiracy,post,1638805807,negative
rdn5ki,conspiracy,post,1639183050,positive
rk2mzh,conspiracy,post,1639938732,negative
rkt0t1,conspiracy,post,1640022903,neutral
rl1zt1,conspiracy,post,1640048116,negative
rma172,conspiracy,post,1640193852,negative
rouok0,conspiracy,post,1640515753,positive
rroooy,conspiracy,post,1640827575,neutral
rsdahz,conspiracy,post,1640901204,negative
rt0u63,conspiracy,post,1640977470,negative
ree2o5,conspiracy,post,1639273323,negative
r9oazd,conspiracy,post,1638735355,positive
rfbpk6,copypasta,post,1639386873,negative
rc60h8,daddit,post,1639012496,neutral
r791t8,dadjokes,post,1638456489,neutral
r82grf,dankmemes,post,1638547582,neutral
r98be3,dankmemes,post,1638681315,neutral
rj05a5,discordapp,post,1639804523,negative
rj0b8x,discordapp,post,1639805131,negative
rnkr05,exmuslim,post,1640346438,negative
rqllco,exmuslim,post,1640714363,neutral
r9k8tu,ffxiv,post,1638724396,negative
rk463z,fivenightsatfreddys,post,1639943311,negative
rnjiur,forsen,post,1640341331,neutral
rqe6dp,forsen,post,1640692428,neutral
riaxno,gamegrumps,post,1639722014,neutral
r9ragy,gamemaker,post,1638743384,neutral
rq0ai2,gmod,post,1640647161,negative
rk9w6h,gonewild,post,1639959757,positive
rdo4gq,halo,post,1639185925,negative
roru2j,harrypotter,post,1640502852,neutral
rai5n8,help,post,1638825857,neutral
rluvqd,howardstern,post,1640140681,neutral
rnkj7u,howto,post,1640345534,negative
rk50up,ireland,post,1639945815,neutral
r7epfa,learnspanish,post,1638472077,negative
ro4gc2,lgbt,post,1640414924,positive
rbst9c,london,post,1638974524,neutral
rcjvqo,london,post,1639063318,neutral
rjusyx,london,post,1639912805,neutral
rmc522,mashups,post,1640199620,negative
r6mrla,masturbation,post,1638386516,neutral
rc0f4r,memes,post,1638995945,neutral
rdn9lp,memes,post,1639183388,negative
rgk09r,mildlyinfuriating,post,1639523411,neutral
r9pksb,modhelp,post,1638738842,neutral
rgkhek,modhelp,post,1639524718,neutral
rb04jb,modhelp,post,1638886545,neutral
rchtm8,modhelp,post,1639057007,neutral
rcr7a5,modhelp,post,1639083790,neutral
rquqcn,modhelp,post,1640739214,neutral
r62qs1,modhelp,post,1638321421,neutral
ra9rri,modhelp,post,1638804383,neutral
rmo4cj,modhelp,post,1640237050,neutral
rh9bjd,mountandblade,post,1639602279,neutral
rb8g6h,normalnudes,post,1638908335,negative
rq1w64,normalnudes,post,1640651717,positive
rd854w,overlord,post,1639141299,neutral
rbb372,piercing,post,1638915516,neutral
rmssg6,predaddit,post,1640255259,neutral
rkavft,pussypassdenied,post,1639962637,negative
rhm0xf,pyrocynical,post,1639641766,neutral
rptg1x,redditrequest,post,1640628741,neutral
r9gs34,redditrequest,post,1638714322,neutral
ro17vl,redditrequest,post,1640402144,neutral
rbjb0b,redditrequest,post,1638939852,neutral
rn5wd3,redditrequest,post,1640295093,neutral
rbpc3s,redditrequest,post,1638963018,neutral
ragvb7,redditrequest,post,1638822539,neutral
r6w308,redditrequest,post,1638411328,neutral
rfsh9o,redditrequest,post,1639435728,neutral
rqyayt,redditrequest,post,1640749588,neutral
r9b62j,redditrequest,post,1638692494,neutral
rcy0re,redditrequest,post,1639103898,neutral
rs8364,redditrequest,post,1640887795,neutral
r9zgp7,redditrequest,post,1638767982,neutral
rkut58,redditrequest,post,1640027848,neutral
rattgs,redditrequest,post,1638863073,neutral
ratxyv,redditrequest,post,1638863587,neutral
rrqwsa,redditrequest,post,1640833928,neutral
rahkhv,redditrequest,post,1638824356,neutral
rcjx50,redditrequest,post,1639063435,neutral
rcjyde,redditrequest,post,1639063535,neutral
r9e2nx,redditrequest,post,1638704764,neutral
rrqfhj,redditrequest,post,1640832545,neutral
rdkysa,reggae,post,1639176670,neutral
rqj5e0,runescape,post,1640707597,negative
r6s23e,secretsanta,post,1638400025,positive
rjc1n9,skyrim,post,1639848088,neutral
r85cvz,spaceengineers,post,1638555207,negative
roolgk,spirituality,post,1640490589,neutral
r6xlbz,spirituality,post,1638415757,neutral
r9cddl,srilanka,post,1638697539,negative
rm4nzv,sysadmin,post,1640177595,positive
rqhs0b,teenagers,post,1640703767,negative
rnnkno,teenagers,post,1640356638,negative
rkj9kh,teenagers,post,1639991969,negative
rjikbb,terriblefacebookmemes,post,1639867466,negative
rhb42j,unpopularopinion,post,1639606984,positive
rluwyf,unpopularopinion,post,1640140792,negative
rh1u6s,utdallas,post,1639582708,neutral
rbbjiy,vaporents,post,1638916751,negative
rs96z9,worldpolitics,post,1640890637,negative
rbzrby,ABCDesis,post,1638994068,negative
rjnb03,AgainstHateSubreddits,post,1639882980,negative
rkav53,AskCulinary,post,1639962611,neutral
r80vts,AskReddit,post,1638543382,neutral
rpw7bl,AskReddit,post,1640636062,neutral
rgjes1,AskReddit,post,1639521793,negative
r8yocu,AskThe_Donald,post,1638650653,positive
r7au9i,Assistance,post,1638461535,neutral
rnyo62,CasualUK,post,1640392680,neutral
rbau6f,ClashRoyale,post,1638914829,negative
rl39hm,CoinBase,post,1640051922,negative
rkr82o,Comcast_Xfinity,post,1640018004,neutral
r87nto,DanLeBatardShow,post,1638561506,neutral
rdok8q,Deathcore,post,1639187285,neutral
r8km2b,Degrassi,post,1638603937,negative
r9p7fy,EscapefromTarkov,post,1638737840,positive
rieuh4,Firearms,post,1639738112,positive
rp52ao,ModSupport,post,1640550676,neutral
rpx4sd,ModSupport,post,1640638647,negative
rr4yod,ModSupport,post,1640773064,neutral
rko63a,ModSupport,post,1640009529,negative
rnesvh,ModSupport,post,1640322875,negative
rgl3e0,Music,post,1639526484,neutral
rhzfrr,NoStupidQuestions,post,1639686577,negative
rdczr5,NonBinary,post,1639155323,positive
ripeyd,PKA,post,1639770876,positive
rkb94a,RandomActsofCards,post,1639963799,neutral
rc5ue3,Rants,post,1639011961,negative
rln8xf,Rants,post,1640118031,negative
romjnp,Rants,post,1640483524,negative
rhqlsw,Rants,post,1639660849,negative
rdecp5,RocketLeague,post,1639158917,neutral
rdffwu,RocketLeague,post,1639161832,neutral
ricexq,Sat,post,1639727617,neutral
rswx09,StLouis,post,1640966381,neutral
rg5up3,Steam,post,1639482650,negative
rjhugg,Steam,post,1639865279,neutral
r6qbxt,SubredditDrama,post,1638395746,negative
r7d8t3,TooAfraidToAsk,post,1638468160,neutral
rnrbpf,TrueOffMyChest,post,1640368532,negative
rk5bed,TrueOffMyChest,post,1639946688,negative
rqimv8,Vent,post,1640706193,negative
r97f5g,WoT,post,1638678256,positive
rfqm0p,anime,post,1639430803,neutral
ra0s0j,assholedesign,post,1638772690,negative
riqvxi,atheism,post,1639775136,negative
risasl,atheism,post,1639779349,neutral
rb5v7y,bakeoff,post,1638902038,neutral
r9mru5,battlecats,post,1638731233,negative
r9mxml,battlecats,post,1638731662,negative
rqhyqu,boobs,post,1640704293,neutral
r6dlk2,budgies,post,1638361503,neutral
rsg8os,cardano,post,1640909238,neutral
r7agh7,conspiracy,post,1638460455,negative
rfksjt,conspiracy,post,1639415944,negative
rkymng,explainlikeimfive,post,1640038416,neutral
rt6gb9,explainlikeimfive,post,1640994447,negative
rdjdw0,findareddit,post,1639172367,negative
rlfnh9,findareddit,post,1640096405,negative
r9mdxi,fivenightsatfreddys,post,1638730222,neutral
r8zpa0,halo,post,1638653620,neutral
rfv5xr,help,post,1639443756,negative
rgm7h4,highdeas,post,1639529700,neutral
rngbmr,islam,post,1640328276,neutral
rsyj3u,islam,post,1640970843,neutral
rbpnxh,malepolish,post,1638964298,positive
rfikk2,meme,post,1639410242,negative
r7ozuu,mildlyinfuriating,post,1638501452,negative
r9gc5j,modhelp,post,1638712906,neutral
re0s0i,modhelp,post,1639232564,negative
rl0lkf,modhelp,post,1640044007,neutral
r8jv45,modhelp,post,1638600877,neutral
rooe9l,nfl,post,1640489889,negative
rgmoie,nursing,post,1639531081,negative
rb8v83,pacers,post,1638909445,neutral
rlp5j4,pornfree,post,1640123546,positive
rhy8p8,raimimemes,post,1639683252,neutral
rinqg5,raimimemes,post,1639765979,positive
rcy2oo,rant,post,1639104068,negative
r7dhsb,redditrequest,post,1638468843,neutral
rsn6ef,redditrequest,post,1640931088,neutral
rsj74g,redditrequest,post,1640918047,neutral
rqn674,redditrequest,post,1640718671,neutral
rbw4mj,redditrequest,post,1638983966,negative
ra4q9i,redditrequest,post,1638788379,neutral
rnwp01,redditrequest,post,1640385994,neutral
ra2yh1,relationship_advice,post,1638781262,neutral
re14gb,roblox,post,1639233645,neutral
rge702,secretsanta,post,1639507469,neutral
r91w87,soccercirclejerk,post,1638660001,neutral
rdeprf,socialanxiety,post,1639159867,neutral
rkc059,softwaregore,post,1639966083,neutral
rh9cgb,stalker,post,1639602346,negative
rcwtge,teenagers,post,1639100199,neutral
rss8go,ufc,post,1640951251,negative
rrggca,unpopularopinion,post,1640806277,negative
rrgh58,unpopularopinion,post,1640806329,negative
r8sezg,vancouver,post,1638633036,negative
r6qpdb,vancouver,post,1638396640,neutral
r63nfa,ynab,post,1638324316,neutral
rk0v6r,2007scape,post,1639933437,neutral
rrwex9,Alternativerock,post,1640851736,neutral
rq1ysx,Aquariums,post,1640651950,neutral
rmmpb9,AskDocs,post,1640232545,neutral
ro2mtt,AskHistorians,post,1640407611,negative
r9icii,AskHistorians,post,1638719039,neutral
rbwhc5,AskStatistics,post,1638984886,neutral
rprtih,AutoModerator,post,1640624354,negative
rb25x8,BATProject,post,1638892397,positive
rocqyj,CasualUK,post,1640449930,neutral
rpbxot,Catholicism,post,1640570821,neutral
rp87bk,Chargers,post,1640559742,negative
rsusqd,Cornell,post,1640960113,negative
rcvccn,Cricket,post,1639095655,negative
rc51x5,Dallas,post,1639009566,negative
rgrn8q,FloridaGators,post,1639546429,positive
riof4x,GalaxyS8,post,1639767932,neutral
risu4o,GoNets,post,1639780988,neutral
rsg0of,GradSchool,post,1640908609,negative
rolugc,Gunpla,post,1640481086,negative
r9u5v5,Instagram,post,1638751616,negative
rm1nxn,Izlam,post,1640165632,neutral
rnqc3e,ModSupport,post,1640365479,neutral
rdtx6d,MyChemicalRomance,post,1639205483,neutral
rokaev,NiceHash,post,1640475871,neutral
rfesax,NoStupidQuestions,post,1639399078,negative
rs6nnu,NoStupidQuestions,post,1640884158,negative
r83fdy,OnePunchMan,post,1638550197,negative
rfceo6,PlasticSurgery,post,1639389816,neutral
rpfb5r,RoastMe,post,1640581366,negative
rbbdnm,RocketLeague,post,1638916289,neutral
reyky6,Seahawks,post,1639343974,positive
rlvc9j,Seahawks,post,1640142120,neutral
r9la1k,SequelMemes,post,1638727302,neutral
r6q4l1,Songwriting,post,1638395213,neutral
rhlgcc,Spiderman,post,1639639420,positive
rrkwo3,TellReddit,post,1640817443,negative
rq5gll,TopsAndBottoms,post,1640662034,negative
rpa3pu,TrueOffMyChest,post,1640565295,neutral
rnzut6,TrueOffMyChest,post,1640397005,negative
rlsgx2,WatchRedditDie,post,1640133200,negative
rhileo,argentina,post,1639629295,neutral
rkrs4g,argentina,post,1640019562,neutral
rluhkc,askgaybros,post,1640139414,negative
r8ywc3,askportland,post,1638651289,neutral
rfx5hm,bangtan,post,1639449825,negative
rcvnah,bipolar2,post,1639096588,positive
raqhnd,buffalobills,post,1638850734,neutral
relimb,canucks,post,1639301213,negative
rozsfz,childfree,post,1640534795,neutral
rc68ib,comics,post,1639013181,neutral
rfvv8i,conspiracy,post,1639445935,neutral
rk3nia,conspiracy,post,1639941767,negative
rfpmwl,curvy,post,1639428339,neutral
rfpn7h,curvy,post,1639428355,neutral
re7gfb,dankmemes,post,1639252619,neutral
raaqhg,darkjokes,post,1638806868,positive
rl9jz2,deadbydaylight,post,1640073042,negative
rcj7u6,discordapp,post,1639061371,negative
ra2toh,dubai,post,1638780736,neutral
rm75p6,exmuslim,post,1640185886,negative
rk17bd,fatestaynight,post,1639934427,negative
rmk0ci,feminineboys,post,1640222705,negative
rfuku2,fivenightsatfreddys,post,1639441935,neutral
roawyg,formula1,post,1640443172,positive
ri6zqf,hackintosh,post,1639708826,neutral
ragk42,halo,post,1638821723,negative
re1t9c,harrypotter,post,1639235746,neutral
rivgh3,help,post,1639788980,negative
ronrqo,help,post,1640487738,negative
rfkeo2,help,post,1639414959,negative
rb2f69,help,post,1638893216,negative
ro26y9,hockey,post,1640405891,neutral
rrx7bb,india,post,1640854740,negative
rrx8g1,india,post,1640854836,negative
r6hjth,iphone,post,1638373113,negative
rh83bu,karma,post,1639598959,neutral
rlnbaa,knitting,post,1640118212,neutral
rgzn9s,malaysia,post,1639576555,neutral
rdm8mz,mildlyinfuriating,post,1639180391,negative
rlfei6,modhelp,post,1640095601,neutral
r6twpk,modhelp,post,1638405008,negative
rt21y6,notinteresting,post,1640981072,negative
r91fsm,physicianassistant,post,1638658669,negative
rmzi67,pics,post,1640277392,negative
r7imkd,podcasting,post,1638482824,neutral
rou12x,projectzomboid,post,1640512716,negative
r6f48z,redditrequest,post,1638366426,neutral
r6g4j9,redditrequest,post,1638369315,neutral
rsp7e8,redditrequest,post,1640938902,neutral
rpptvk,redditrequest,post,1640618715,neutral
rmhysl,redditrequest,post,1640216435,negative
revh66,redditrequest,post,1639335129,neutral
rrsfn7,redditrequest,post,1640838445,neutral
rrqio4,redditrequest,post,1640832805,neutral
rt3on1,redditrequest,post,1640985981,neutral
raz4d4,relationship_advice,post,1638883371,negative
r6d485,runescape,post,1638359771,negative
rs8cza,schizophrenia,post,1640888501,neutral
rnnfcl,softwaregore,post,1640356152,neutral
rczwdp,starbucks,post,1639109603,neutral
rdz5zz,startrek,post,1639227127,negative
rqf4zm,teenagers,post,1640695732,negative
rhustu,teenagers,post,1639673580,negative
re23jq,tf2,post,1639236665,negative
rbqat2,toronto,post,1638966588,negative
rrppjg,unpopularopinion,post,1640830496,negative
rg7z9t,wallstreetbets,post,1639490044,negative
rfxd8r,washingtondc,post,1639450501,negative
rl65y0,washingtondc,post,1640061030,negative
redh5o,youngjustice,post,1639271384,negative
recraa,ADHD,post,1639269040,negative
rh9hr6,AmItheAsshole,post,1639602742,neutral
r7lao5,AskModerators,post,1638490479,neutral
rsg4ca,AskModerators,post,1640908893,neutral
ri9qg5,AskReddit,post,1639717774,negative
rh8q6q,AskReddit,post,1639600651,negative
rh8qib,AskReddit,post,1639600676,negative
rh8sog,AskReddit,post,1639600845,neutral
rbn4vr,AskReddit,post,1638954146,negative
rorpd3,AskReddit,post,1640502299,neutral
rort43,AskReddit,post,1640502744,neutral
rort7g,AskReddit,post,1640502756,neutral
rortrw,AskReddit,post,1640502820,neutral
rortyy,AskReddit,post,1640502842,neutral
rq48fb,AustinBeer,post,1640658548,neutral
rpg1ve,AutoModerator,post,1640583800,negative
r83o50,AutoModerator,post,1638550836,neutral
rlamae,AutoModerator,post,1640077356,neutral
rbwjm0,AutoModerator,post,1638985055,neutral
rfaf5l,BATProject,post,1639381645,negative
rhkp8n,ClashOfClans,post,1639636454,neutral
rpg02x,ClashOfClans,post,1640583636,neutral
rpg0yh,ClashOfClans,post,1640583718,neutral
rmw096,ClashRoyale,post,1640267138,neutral
rs4bpc,Comcast_Xfinity,post,1640878063,neutral
rh18rt,Comcast_Xfinity,post,1639581100,neutral
r7bbag,Coyotes,post,1638462847,neutral
rlquni,CryptoCurrency,post,1640128458,negative
rqjz8w,Drugs,post,1640709930,neutral
rs93wr,DunderMifflin,post,1640890422,neutral
rp7sh1,EscapefromTarkov,post,1640558583,negative
rmdl04,FortNiteBR,post,1640203685,positive
r8yk88,FortNiteBR,post,1638650317,negative
rfgueu,FreeSpeech,post,1639405427,negative
rjeane,Frugal,post,1639854720,neutral
re6rug,GlobalOffensive,post,1639250584,negative
rk4yso,GlobalOffensive,post,1639945654,neutral
rfspdf,IWantToSuckCock,post,1639436360,positive
rh7c5g,IWantToSuckCock,post,1639596950,positive
rkmimz,IWantToSuckCock,post,1640004442,positive
r7be34,Kenya,post,1638463063,neutral
r8zq10,Minecraft,post,1638653680,neutral
rdr2sg,MinecraftBuddies,post,1639195369,neutral
r871mx,Minneapolis,post,1638559759,negative
rafo0h,ModSupport,post,1638819439,negative
r9d9xo,ModSupport,post,1638701389,neutral
rbnqtx,Neverbrokeabone,post,1638956643,negative
rdmqo6,NewOrleans,post,1639181839,positive
rdk6vl,NoFap,post,1639174545,neutral
rsd4hq,NoStupidQuestions,post,1640900769,negative
rg9zd8,NoStupidQuestions,post,1639495910,neutral
r6jfte,PLC,post,1638378028,neutral
rdwfri,PublicFreakout,post,1639215861,negative
rq0ven,Quebec,post,1640648828,negative
rrd0nv,Rants,post,1640797704,negative
rnlapp,RequestABot,post,1640348646,neutral
rs77oi,RocketLeagueExchange,post,1640885584,neutral
rt1dn1,Seahawks,post,1640979057,neutral
r8b56j,ShadowBan,post,1638571885,negative
rlynng,Sims4,post,1640153322,neutral
r7bl69,TopMindsOfReddit,post,1638463629,neutral
r8xl5b,WTF,post,1638647511,negative
rmby0l,Warthunder,post,1640199069,negative
rq9brw,Wellthatsucks,post,1640674086,neutral
rigjui,Wellthatsucks,post,1639744658,negative
rpjetv,ainbow,post,1640596176,positive
rs7z6c,arrow,post,1640887510,neutral
r70ejz,baseball,post,1638424632,negative
rl66fb,batman,post,1640061070,neutral
rip2sq,bengals,post,1639769850,neutral
rn0r4n,bourbon,post,1640280779,neutral
r9ik8j,bugs,post,1638719690,neutral
rrjbcz,cats,post,1640813446,neutral
r6sr4i,cinematography,post,1638401954,neutral
rt0rql,conspiracy,post,1640977281,negative
rp1qtb,crashbandicoot,post,1640540521,neutral
r6w4fz,dankmemes,post,1638411446,neutral
rr3eyb,dankmemes,post,1640766994,neutral
rr4xpj,dankmemes,post,1640772952,neutral
rr4z2p,dankmemes,post,1640773107,neutral
rr51ss,dankmemes,post,1640773376,neutral
rblcea,dankmemes,post,1638947087,neutral
rblddk,dankmemes,post,1638947185,neutral
raou4f,BytecoinBCN,post,1638845502,negative
rqxi2k,CFB,post,1640747172,negative
rs8yv3,CHIBears,post,1640890060,neutral
rcjzqv,CasualUK,post,1639063650,positive
rfw77i,ChineseLanguage,post,1639446967,neutral
rkdo3x,ChristianMusic,post,1639971375,neutral
rii03l,ClashRoyale,post,1639749518,neutral
rina2v,ClashRoyale,post,1639764647,negative
rl6j70,Conservative,post,1640062261,neutral
rrzyb5,CryptoCurrencies,post,1640864746,negative
rqk90u,Dabs,post,1640710676,negative
rhycx8,DetroitRedWings,post,1639683602,neutral
rh1tfb,DotA2,post,1639582653,negative
rji6hv,FACEITcom,post,1639866278,negative
re99a5,Fallout,post,1639258020,negative
ro4ejn,FanFiction,post,1640414701,neutral
r9ft99,Finland,post,1638711179,neutral
rgqey5,FortNiteBR,post,1639542424,negative
r9d6lh,FreeKarma4U,post,1638700954,negative
refwm9,GrowCastle,post,1639279516,negative
rodzn9,HistoryMemes,post,1640454221,neutral
rbzjzr,Juve,post,1638993511,neutral
ribdeo,LateStageCapitalism,post,1639723676,negative
rf1vet,LivestreamFail,post,1639353560,negative
risk6h,MaddenUltimateTeam,post,1639780149,negative
r8ae5w,Minecraft,post,1638569734,neutral
rlz3ns,ModSupport,post,1640154963,neutral
rdhaou,ModSupport,post,1639166798,neutral
rbwnee,NameThatSong,post,1638985350,neutral
r99231,Needafriend,post,1638684023,negative
r8wow3,PKA,post,1638644991,negative
re6sn5,Patriots,post,1639250650,negative
rgqhqd,RBI,post,1639542674,neutral
rg3smv,Rants,post,1639473946,negative
rm6ftn,SAGAcomic,post,1640183657,neutral
rmwduy,SantasLittleHelpers,post,1640268324,positive
rj9wwi,ScottishFootball,post,1639841834,positive
rgoge4,Sneakers,post,1639536333,neutral
rjaoon,SquaredCircle,post,1639844133,positive
rlt1kx,SwagBucks,post,1640134964,neutral
rpq4qx,Syria,post,1640619600,neutral
raltvs,Teachers,post,1638836143,neutral
rsjzbq,TheExpanse,post,1640920442,neutral
rch3ls,TrueOffMyChest,post,1639054571,negative
riq5vg,TrueOffMyChest,post,1639773051,negative
rk0n41,UnresolvedMysteries,post,1639932787,positive
rj0gr4,Warframe,post,1639805679,neutral
rdxnwv,Warhammer40k,post,1639221105,neutral
rp8h7z,WayOfTheBern,post,1640560517,negative
rmur1j,WayOfTheBern,post,1640262818,negative
rmz4tv,WayOfTheBern,post,1640276376,negative
ro4hal,Whatisthis,post,1640415034,neutral
rlwj42,XRP,post,1640145905,negative
rswo8l,ableton,post,1640965679,negative
ro1os7,airsoft,post,1640403922,neutral
rh0zmf,antinatalism,post,1639580406,positive
r9qdls,bengals,post,1638740965,neutral
rgiuth,cardano,post,1639520305,negative
rnduzo,chicago,post,1640319706,negative
rh6t9t,childfree,post,1639595605,positive
rejxul,conspiracy,post,1639294541,negative
rfihgw,copypasta,post,1639410013,negative
rf12ch,copypasta,post,1639351132,negative
r8v15g,cuboulder,post,1638640447,neutral
r8rb98,danganronpa,post,1638629781,neutral
rgpv65,dankmemes,post,1639540613,negative
rjmkwl,dankmemes,post,1639880579,neutral
rlafcn,dogs,post,1640076583,neutral
r9jvkj,education,post,1638723405,negative
r94p9h,ffxiv,post,1638669163,negative
rn1pkt,forsen,post,1640283348,neutral
r8i16n,forsen,post,1638593971,neutral
rl7q22,help,post,1640066293,neutral
r622d2,help,post,1638319438,neutral
rkvzne,islam,post,1640031122,negative
rfkdea,mentalhealth,post,1639414872,neutral
rbkqi5,mildlyinfuriating,post,1638944858,negative
r9up8f,mizzou,post,1638753242,neutral
rcti5g,mkxmobile,post,1639090266,neutral
rlo1if,modhelp,post,1640120324,neutral
rftjl8,modhelp,post,1639438637,neutral
r7r15f,movies,post,1638507650,neutral
rpbtlv,nba,post,1640570476,negative
rhhh43,nursing,post,1639625779,negative
ri2uz4,nyc,post,1639696276,neutral
rs8slq,parrots,post,1640889615,neutral
rgzwm7,paypal,post,1639577301,neutral
rp2jgi,pokemontrades,post,1640542796,neutral
rfj43u,projectzomboid,post,1639411659,positive
rkrafo,puns,post,1640018183,neutral
r862tl,rant,post,1638557148,negative
rl0e0t,redditrequest,post,1640043402,neutral
rljl6j,redditrequest,post,1640107694,neutral
rrigqg,redditrequest,post,1640811317,neutral
r8lgo8,redditrequest,post,1638607444,neutral
rs7nvq,redditrequest,post,1640886751,neutral
rlrixt,redditrequest,post,1640130411,neutral
rlrjre,redditrequest,post,1640130482,neutral
rqrccn,redditrequest,post,1640730001,neutral
rh8dwk,redditrequest,post,1639599753,neutral
rf86px,redditrequest,post,1639373236,neutral
rruhc0,redditrequest,post,1640844862,neutral
rkmw35,redditrequest,post,1640005654,neutral
rshcs4,redditrequest,post,1640912608,neutral
rrw741,redditrequest,post,1640850898,neutral
rr2pxc,redditrequest,post,1640764304,neutral
rocpxg,redditrequest,post,1640449825,neutral
rkkn96,redditrequest,post,1639997494,neutral
rp12yc,redditrequest,post,1640538621,neutral
rb6xxu,redditrequest,post,1638904289,neutral
rlndoa,redditrequest,post,1640118398,neutral
rb3vpx,redditrequest,post,1638898151,neutral
rl0hb5,rolltide,post,1640043664,neutral
r8gcro,secretsanta,post,1638588193,positive
rrbyih,teenagers,post,1640795008,neutral
rlrr64,teenagers,post,1640131110,negative
rmwzsn,teenagers,post,1640270216,neutral
r7z260,teenagers,post,1638537838,neutral
rt0ibi,thegrandtour,post,1640976522,neutral
rfoqvw,timberwolves,post,1639426038,neutral
rq6cdz,uchicago,post,1640664627,neutral
rmiawl,ultrawidemasterrace,post,1640217485,negative
rhd7c2,unpopularopinion,post,1639612760,positive
rs5ue4,unpopularopinion,post,1640882057,negative
rargqu,youtube,post,1638854082,negative
rkd9xa,ADHD,post,1639970101,neutral
rmdcdw,ArtHistory,post,1640203026,neutral
rgi86d,BipolarReddit,post,1639518538,neutral
ri8f09,BipolarReddit,post,1639713435,positive
rhdgdj,California,post,1639613469,negative
reipll,Christians,post,1639289590,negative
rej4sx,Christians,post,1639291277,negative
rfgn52,ClashRoyale,post,1639404855,negative
rgcfy8,Columbus,post,1639502732,neutral
rj232z,Competitiveoverwatch,post,1639811886,negative
rm3cdz,Conservative,post,1640172622,negative
rr0eqg,Cricket,post,1640756163,negative
rq3cbl,CryptoCurrency,post,1640655987,neutral
r7ct24,CryptoCurrency,post,1638466962,negative
r9fs3b,Denmark,post,1638711073,neutral
ri9xcy,Denver,post,1639718420,negative
rcu23c,Drugs,post,1639091858,neutral
r9ke3f,FloridaPanthers,post,1638724798,neutral
rduf06,HumansBeingBros,post,1639207445,negative
rflobe,IAmA,post,1639418153,neutral
rjt4a9,Jewish,post,1639905348,negative
rpbczl,Libertarian,post,1640569071,neutral
r6y6gr,LoveLive,post,1638417516,negative
rgml4r,MandelaEffect,post,1639530798,negative
riu7ne,Minecraft,post,1639785219,negative
rq38pv,Minecraft,post,1640655687,neutral
rllku8,ModSupport,post,1640113319,neutral
rjl1jc,ModSupport,post,1639875496,neutral
r6uyk2,ModSupport,post,1638408009,neutral
rci854,ModSupport,post,1639058340,neutral
rsuaas,MotoUK,post,1640958510,positive
rp6ndl,Naruto,post,1640555345,neutral
rabwc7,NoStupidQuestions,post,1638809886,neutral
rr5pv5,OCD,post,1640775940,positive
rmhp4f,PoliticalDiscussion,post,1640215639,neutral
rc9f50,SantasLittleHelpers,post,1639023407,positive
r8v3m0,ScottishFootball,post,1638640640,neutral
rfti5x,ScottishFootball,post,1639438525,negative
rbvn5c,ShadowBan,post,1638982674,negative
rc4fbt,SuicideWatch,post,1639007682,negative
rdmjnn,SuicideWatch,post,1639181238,positive
r9istf,TrueOffMyChest,post,1638720370,negative
rjcgwl,UnsentLetters,post,1639849359,neutral
r6mkoe,WayOfTheBern,post,1638386040,negative
rqxapa,anime,post,1640746566,neutral
rgxt3b,askdrugs,post,1639570616,neutral
rfuv2z,bangtan,post,1639442839,neutral
rfokue,blenderhelp,post,1639425618,neutral
rej257,bloodborne,post,1639290977,neutral
r7p5g5,breakingmom,post,1638501910,positive
rqruy4,confessions,post,1640731414,negative
rdgrsr,conspiracy,post,1639165401,negative
rjj7oc,copypasta,post,1639869471,negative
rdx91j,cowboybebop,post,1639219336,negative
rld4jg,creepyPMs,post,1640087727,neutral
rsgrew,dadjokes,post,1640910788,negative
r6n5b8,dankmemes,post,1638387536,negative
rrwhcc,datingoverthirty,post,1640851985,positive
rl55ap,deadbydaylight,post,1640057667,negative
rnq5fp,ehlersdanlos,post,1640364934,neutral
rfmguj,emulation,post,1639420151,negative
rgl41a,fantasybball,post,1639526534,neutral
rgiakb,fantasybball,post,1639518734,neutral
rbbaa0,formula1,post,1638916041,neutral
rhaulr,ftm,post,1639606298,negative
rht48n,ftm,post,1639668636,negative
rfbnlk,gameofthrones,post,1639386647,neutral
rsziy9,gaming,post,1640973653,neutral
rh12sb,halo,post,1639580628,neutral
rhxrle,halo,post,1639681943,negative
ri8fk9,help,post,1639713487,neutral
rga4a4,horror,post,1639496315,neutral
rsyelm,india,post,1640970496,negative
r7i5wj,ireland,post,1638481518,neutral
rclibn,magicTCG,post,1639068071,negative
rhtpeb,memes,post,1639670422,neutral
rgpm85,needamod,post,1639539806,neutral
rrirzq,notinteresting,post,1640812091,negative
rghrtb,offmychest,post,1639517242,negative
r89056,pathofexile,post,1638565185,negative
rp7ob7,pcgaming,post,1640558263,negative
rp7z70,pcgaming,post,1640559113,negative
rp8l8t,pcgaming,post,1640560833,negative
rpda17,playstation,post,1640574969,negative
rg3wky,police,post,1639474415,negative
rcu3aw,promote,post,1639091957,neutral
rsyyje,rant,post,1640972047,negative
rfh54o,reactiongifs,post,1639406268,neutral
rh5yun,redditrequest,post,1639593410,neutral
rq4xwp,redditrequest,post,1640660520,negative
rj8z11,redditrequest,post,1639838914,neutral
rg9wo9,redditrequest,post,1639495706,neutral
rrbwan,redditrequest,post,1640794852,neutral
rb3ksb,redditrequest,post,1638897312,neutral
r8kjj2,redditrequest,post,1638603645,neutral
rreo85,redditrequest,post,1640801854,neutral
ra63ol,redditrequest,post,1638793491,negative
rnlgpa,redditrequest,post,1640349289,neutral
rnlzr0,redditrequest,post,1640351246,neutral
rnia1l,redditrequest,post,1640336144,negative
rpidck,redditrequest,post,1640592079,neutral
rpiguf,redditrequest,post,1640592427,neutral
rhug0i,redditrequest,post,1639672527,neutral
rqzs92,redditrequest,post,1640754193,neutral
rqi9w9,redditrequest,post,1640705167,neutral
r6c80g,redditrequest,post,1638356343,neutral
rmvz7y,redditrequest,post,1640267039,neutral
rhs2jx,redditrequest,post,1639665610,neutral
rlwcji,redditrequest,post,1640145323,neutral
rdbafg,satanism,post,1639150657,negative
rjevh5,sbubby,post,1639856405,negative
rjdals,secretsanta,post,1639851773,positive
rao9mi,shittydarksouls,post,1638843759,negative
rodfhh,showerbeer,post,1640452313,positive
rhpdb2,shrooms,post,1639656255,neutral
rkbz1i,socialanxiety,post,1639965989,neutral
rlscs4,teenagers,post,1640132857,neutral
re25vf,teenagers,post,1639236862,neutral
rd1xyc,teenagers,post,1639116406,negative
rjpdaw,trashpandas,post,1639890083,negative
rltstu,vancouver,post,1640137283,negative
rfq1bc,vegan,post,1639429333,neutral
rnb8mw,visualnovels,post,1640311192,neutral
rpoe58,wallstreetbets,post,1640614402,neutral
rpogdz,wallstreetbets,post,1640614592,neutral
rpiulx,wallstreetbets,post,1640593927,neutral
rs1mgy,warmane,post,1640870358,negative
rpe64f,woodworking,post,1640577744,negative
rt16yd,2007scape,post,1640978521,positive
rfdqg6,Amsterdam,post,1639395158,neutral
r9d3r9,AskReddit,post,1638700615,negative
r9d4zx,AskReddit,post,1638700754,negative
rc0ym5,AskReddit,post,1638997484,negative
rc5a2b,AskReddit,post,1639010251,negative
rsk3co,AskReddit,post,1640920795,neutral
reur4q,AskReddit,post,1639333050,neutral
r972xk,CFL,post,1638677115,neutral
ro19rq,CasualUK,post,1640402342,negative
roa1zz,CasualUK,post,1640439858,neutral
rod2br,CasualUK,post,1640451074,neutral
rq05r7,Catholicism,post,1640646788,neutral
rprvry,Comcast_Xfinity,post,1640624511,negative
rloqs1,CryptoCurrency,post,1640122334,neutral
rm0hz3,CryptoCurrency,post,1640160600,neutral
rloikg,CryptoCurrency,post,1640121674,negative
rqi3cg,Dashcam,post,1640704656,neutral
rayrpz,EngineeringStudents,post,1638882238,neutral
rj9fx0,EscapefromTarkov,post,1639840365,negative
rjtoel,Feminism,post,1639907877,negative
rs80i4,FinancialPlanning,post,1640887603,neutral
r8h8zw,FireEmblemHeroes,post,1638591216,negative
rhpfaa,FreeKarma4U,post,1639656466,neutral
rpusjr,GreenBayPackers,post,1640632299,neutral
rosmpx,KamenRider,post,1640506327,neutral
rky4ds,Landlord,post,1640036998,negative
rslf44,LearnJapanese,post,1640925082,neutral
rez8h3,MapsWithoutNZ,post,1639345857,negative
rc814m,ModSupport,post,1639018841,negative
r70kgu,ModSupport,post,1638425168,neutral
ri7teg,ModSupport,post,1639711490,neutral
rogzsx,Music,post,1640464758,negative
r9q0zl,NBA2k,post,1638740033,neutral
rewab5,NYKnicks,post,1639337386,neutral
r86zyq,needamod,post,1638559634,neutral
rf4vfi,newzealand,post,1639362694,positive
rglix6,newzealand,post,1639527700,positive
rrsqbh,ockytop,post,1640839355,neutral
ra5qjd,opendirectories,post,1638792236,negative
rh0ha1,pitbulls,post,1639578941,neutral
r9c7vz,programming,post,1638696869,neutral
roo5yl,prolife,post,1640489096,negative
rkekic,rant,post,1639974352,negative
ro74xj,redditisfun,post,1640426866,negative
resk1z,redditrequest,post,1639326774,neutral
rkwx15,redditrequest,post,1640033681,neutral
ray804,redditrequest,post,1638880463,neutral
rm8xnp,redditrequest,post,1640190851,neutral
rqg3t3,redditrequest,post,1640698772,neutral
r6a29w,redditrequest,post,1638347216,neutral
rqg1go,redditrequest,post,1640698559,neutral
rgho24,redditrequest,post,1639516970,neutral
rcnb2s,redditrequest,post,1639073064,neutral
rojco8,redditrequest,post,1640472787,neutral
rrt54p,redditrequest,post,1640840615,neutral
rm8dgh,redditrequest,post,1640189282,neutral
rnrioz,redditrequest,post,1640369106,neutral
rsmj1c,redditrequest,post,1640928818,neutral
rqsx0j,redditrequest,post,1640734211,neutral
rcnh9i,redditrequest,post,1639073565,neutral
rnn4d3,redditrequest,post,1640355126,neutral
rnzyze,redditrequest,post,1640397442,neutral
rgwp1t,redditrequest,post,1639566544,neutral
rguepg,saskatchewan,post,1639556850,negative
rgzqk1,secretsanta,post,1639576818,positive
ros2bj,shamelessplug,post,1640503848,neutral
rcjcvf,soundcloud,post,1639061788,negative
rsetos,southpark,post,1640905272,neutral
ral2q4,ssbbw,post,1638833909,neutral
rsev14,sydney,post,1640905374,negative
rbuo68,teenagers,post,1638979899,neutral
rkenrw,teenagers,post,1639974666,neutral
ri4a25,teenagers,post,1639700518,neutral
rk4aho,teenagers,post,1639943658,negative
ronb8g,teenagers,post,1640486150,negative
rdsngz,teenagers,post,1639200749,negative
re34x4,thebachelor,post,1639239797,neutral
rgobcn,transgendercirclejerk,post,1639535918,negative
re8mrd,tucker_carlson,post,1639256145,negative
rizs22,ufc,post,1639803277,neutral
r9h8c3,unpopularopinion,post,1638715750,negative
r9iool,unpopularopinion,post,1638720044,negative
rcqplj,unpopularopinion,post,1639082397,negative
rmc66z,violinist,post,1640199688,negative
rbl4xx,walkingwarrobots,post,1638946332,neutral
rlq8fa,wallstreetbets,post,1640126627,neutral
r8eblr,witchcraft,post,1638581541,neutral
rkvwnd,witcher,post,1640030889,neutral
rq1auc,witcher,post,1640650013,negative
ra4j35,ADHD,post,1638787587,neutral
rl2pn3,AbandonedPorn,post,1640050229,neutral
r6n5tf,AskOuija,post,1638387575,neutral
rbxvz5,AskWomen,post,1638988737,neutral
rjghlj,AskWomen,post,1639861224,neutral
rmv3bh,AskWomen,post,1640264081,neutral
rotg4x,AskWomen,post,1640510003,negative
rd7w1w,AutoModerator,post,1639140458,neutral
rjfc58,Barca,post,1639857786,neutral
rr1f2v,BeamNG,post,1640759540,neutral
rdvh1g,Bitcoin,post,1639211763,neutral
rs64u2,BlueJackets,post,1640882832,neutral
rrtzxw,CHIBears,post,1640843323,neutral
rncr3f,CasualConversation,post,1640316065,neutral
rhx5ei,Chargers,post,1639680217,neutral
rqn9lv,Christianity,post,1640718947,negative
rjor03,Comcast_Xfinity,post,1639887873,neutral
rlxtkv,CryptoCurrency,post,1640150349,negative
r94yxs,CryptoCurrency,post,1638670034,negative
rfg63p,DMT,post,1639403462,negative
rcq1if,DanLeBatardShow,post,1639080572,neutral
r7dp6r,DarkSouls2,post,1638469393,negative
rno04t,DnD,post,1640358098,positive
rn8en1,EscapefromTarkov,post,1640302259,neutral
rrixmj,EscapefromTarkov,post,1640812485,negative
rjuvuy,FalloutMods,post,1639913137,negative
rbalsp,Hammers,post,1638914199,neutral
ro9rae,HiTMAN,post,1640438668,positive
rlaaqs,HomeDepot,post,1640076038,neutral
rt36of,HomeworkHelp,post,1640984492,neutral
rjdvlu,Izlam,post,1639853503,positive
rcwh53,Jokes,post,1639099143,negative
rdnxy6,Kanye,post,1639185382,negative
rafedr,Kanye,post,1638818752,negative
rfkv5s,Kerala,post,1639416124,negative
r7jqqg,LegalAdviceUK,post,1638485961,negative
refi86,Logic_301,post,1639278129,neutral
rnrqv4,MLBTheShow,post,1640369839,negative
r66fgz,MLS,post,1638333247,neutral
rb4rfr,MaddenMobileForums,post,1638899879,negative
rfves1,Mavericks,post,1639444519,neutral
rmnt0z,MechanicAdvice,post,1640236021,negative
rsxu2g,ModSupport,post,1640968949,neutral
rsqvfx,Money,post,1640945696,neutral
r6vpjh,NewTubers,post,1638410242,negative
rlquh1,NoStupidQuestions,post,1640128443,neutral
rhd3ul,PoliticalHumor,post,1639612478,negative
ro1kg3,RWBY,post,1640403449,positive
rm6whm,RedditCensors,post,1640185147,negative
rhqntk,Rengarmains,post,1639661047,negative
reqzsr,SantasLittleHelpers,post,1639322108,positive
rpcafg,SantasLittleHelpers,post,1640571914,positive
rbxima,SantasLittleHelpers,post,1638987687,positive
rpr8uy,Scrubs,post,1640622759,neutral
r9u8ft,SeattleWA,post,1638751829,negative
rqvlts,Sissy,post,1640741705,neutral
r7ax37,SluttyConfessions,post,1638461754,neutral
rgv41k,SluttyConfessions,post,1639559854,positive
rgvca2,SluttyConfessions,post,1639560828,neutral
ro6xiy,SluttyConfessions,post,1640425934,neutral
riqxeq,Spiderman,post,1639775260,neutral
rjatnh,TrueOffMyChest,post,1639844536,negative
rnyzmi,TrueOffMyChest,post,1640393813,negative
r6yz0j,TrueOffMyChest,post,1638419983,negative
r8f5uk,TrueOffMyChest,post,1638584222,negative
rcdmoo,TrueOffMyChest,post,1639039871,negative
recmll,TrueOffMyChest,post,1639268617,negative
rnx1iz,TrueOffMyChest,post,1640387167,neutral
r76x9f,UKPersonalFinance,post,1638449936,neutral
rohxbi,WatchRedditDie,post,1640467932,negative
ra3rp2,adoptareddit,post,1638784590,neutral
rnuz4h,airsoft,post,1640380268,neutral
rh126n,albiononline,post,1639580583,negative
rixx34,anime,post,1639796875,neutral
r941vt,anime,post,1638667004,neutral
rp1hhn,anime,post,1640539815,neutral
rf6z7k,arcane,post,1639369296,positive
rj8bkn,army,post,1639836792,negative
rocp33,aws,post,1640449752,neutral
r7bxvn,baseball,post,1638464587,neutral
rfoixg,blender,post,1639425498,neutral
rfoixk,blender,post,1639425498,neutral
rmfmjq,cannabiscultivation,post,1640209565,positive
rb9g72,chess,post,1638911016,neutral
rdic5v,churningcanada,post,1639169567,neutral
rf2v8o,cocaine,post,1639356620,neutral
rlhol0,cocaine,post,1640102418,negative
rqwbkn,conspiracy,post,1640743777,negative
rivzdi,conspiracy,post,1639790576,negative
rhfpzs,dankmemes,post,1639620384,negative
r6mlha,elliottsmith,post,1638386093,neutral
r75ef7,europe,post,1638444333,negative
rikrov,facepalm,post,1639757526,negative
r8nbzn,fightporn,post,1638615569,neutral
rm9e92,findareddit,post,1640192136,negative
rc4qc2,findareddit,post,1639008580,negative
rc4xdw,findareddit,post,1639009189,negative
ra5jim,formula1,post,1638791551,negative
rlk8fq,gaming,post,1640109528,negative
rbhpz2,halo,post,1638934815,negative
rbhqij,halo,post,1638934861,negative
rb318g,help,post,1638895391,negative
r61bt7,help,post,1638317248,neutral
r82bp9,help,post,1638547217,neutral
r8ke7i,help,post,1638603040,negative
r8lz0m,help,post,1638609673,neutral
r9ima5,help,post,1638719861,neutral
rd9dqx,help,post,1639145118,neutral
re9jdi,help,post,1639258849,negative
reb7da,help,post,1639264055,neutral
rf7lal,help,post,1639371300,neutral
rfpf01,help,post,1639427753,neutral
rhslfm,help,post,1639667148,negative
rit40i,help,post,1639781833,neutral
rjwm2e,help,post,1639919962,negative
rl827y,help,post,1640067430,negative
rleupv,help,post,1640093856,neutral
rlyjm1,help,post,1640152893,negative
rm3dou,help,post,1640172748,negative
rmaxhb,help,post,1640196287,neutral
rob68u,help,post,1640444183,neutral
rqj9u5,help,post,1640707937,neutral
rr2xig,help,post,1640765099,neutral
rr2y07,help,post,1640765159,neutral
rroz2c,help,post,1640828391,neutral
rq47hk,help,post,1640658473,neutral
rqn46f,infertility,post,1640718515,neutral
rqnam3,infertility,post,1640719027,neutral
rqnykl,infertility,post,1640720840,neutral
rj6tzp,ireland,post,1639831696,negative
rkevnw,kansascity,post,1639975434,neutral
rdpdjb,loltyler1,post,1639189809,neutral
r8pntv,madlads,post,1638624463,neutral
rhdffk,marvelstudios,post,1639613390,positive
rek2lz,memes,post,1639295109,neutral
resub0,memes,post,1639327606,neutral
resv4y,memes,post,1639327675,neutral
rhfy9c,mildlyinfuriating,post,1639621110,negative
r6zklj,mildlyinfuriating,post,1638421845,negative
rc0t15,miraculousladybug,post,1638997071,negative
rc2jdy,modclub,post,1639001990,positive
rdcc20,modclub,post,1639153528,negative
r7fz57,modhelp,post,1638475501,neutral
rjpgrk,myog,post,1639890434,neutral
r6bgxi,newzealand,post,1638353166,neutral
rnkal9,personalfinance,post,1640344574,negative
ra8w06,poppunkers,post,1638801997,neutral
r6ronn,prochoice,post,1638399075,positive
rnqflm,raisedbyborderlines,post,1640365786,neutral
rpchou,raisedbynarcissists,post,1640572552,positive
rq1y1m,redditrequest,post,1640651885,neutral
ro81jk,redditrequest,post,1640431156,neutral
rf242p,redditrequest,post,1639354229,neutral
ragbgx,redditrequest,post,1638821097,neutral
roc7xd,redditrequest,post,1640448064,neutral
rfdrca,redditrequest,post,1639395259,neutral
rajx48,redditrequest,post,1638830627,neutral
rlh7cq,redditrequest,post,1640101060,neutral
rriarv,redditrequest,post,1640810893,neutral
rql83q,redditrequest,post,1640713341,neutral
rl8m99,redditrequest,post,1640069501,neutral
rl0rmx,redditrequest,post,1640044506,neutral
rkt747,redditrequest,post,1640023370,neutral
rkto32,redditrequest,post,1640024649,neutral
rnw0gx,redditrequest,post,1640383720,neutral
rnb4hx,redditrequest,post,1640310786,neutral
rahx67,redditrequest,post,1638825267,neutral
rp4j1s,redditrequest,post,1640548700,neutral
rkgvdy,redditrequest,post,1639982562,neutral
reuy8k,secretsanta,post,1639333608,positive
rrtsha,sex,post,1640842654,neutral
r6bl5l,soccercirclejerk,post,1638353635,negative
r8fhsj,tacticalgear,post,1638585307,negative
r8tkpv,teenagers,post,1638636308,negative
rnrxsr,theticket,post,1640370468,negative
rbh1c2,ukraine,post,1638932820,neutral
rszalf,unpopularopinion,post,1640972989,negative
rckczs,unpopularopinion,post,1639064770,negative
redohr,unpopularopinion,post,1639272030,negative
redrms,unpopularopinion,post,1639272324,negative
r89uvp,wallstreetbets,post,1638567697,neutral
rszbw1,weezer,post,1640973095,neutral
rg3nb3,youtube,post,1639473313,neutral
rnxfyn,2007scape,post,1640388539,neutral
roedqi,2007scape,post,1640455561,negative
rhxmwh,ADHD,post,1639681582,neutral
re11jh,AMA,post,1639233399,neutral
rbwy62,Advice,post,1638986169,neutral
rphqyh,AlienBlue,post,1640589777,positive
rqssnd,AmItheAsshole,post,1640733878,neutral
rhovmo,AskMen,post,1639654222,neutral
r869hb,AskModerators,post,1638557658,neutral
rmfbzq,AskModerators,post,1640208698,negative
rso4sh,AskModerators,post,1640934712,neutral
rp4imn,AskReddit,post,1640548663,negative
rk442h,AskReddit,post,1639943135,neutral
rfpu1w,BATProject,post,1639428886,negative
rpyc5x,BPD,post,1640641898,negative
rfcwcm,Bangkok,post,1639391864,negative
r6yjxl,BobsBurgers,post,1638418643,neutral
rog11z,Brampton,post,1640461412,neutral
rhse5a,Brawlstars,post,1639666592,neutral
rswcc5,Buddhism,post,1640964728,neutral
rcrbxe,Celiac,post,1639084151,neutral
r849s2,Chattanooga,post,1638552410,neutral
rjonxs,Chipotle,post,1639887567,negative
r62xcy,Conservative,post,1638321969,neutral
rlpp7o,CryptoCurrency,post,1640125079,negative
rlpqdi,CryptoCurrency,post,1640125171,negative
rs2zt4,CuteLittleButts,post,1640874338,neutral
rnu90w,Eve,post,1640377875,negative
r9uzwe,GameTheorists,post,1638754123,neutral
rlxme2,GlobalOffensive,post,1640149642,negative
rl0rm8,Grimdank,post,1640044505,neutral
rk6wje,Grimdank,post,1639951220,neutral
r6j6v2,Guiltygear,post,1638377377,positive
r65nx2,Guitar,post,1638330682,negative
ro7tfv,Habs,post,1640430086,positive
re66c6,Hammers,post,1639248821,neutral
rl4t58,Jewish,post,1640056592,neutral
re8eui,Kentucky,post,1639255460,neutral
rid5ln,LeagueOfMemes,post,1639730791,positive
rfn883,LivestreamFail,post,1639422111,neutral
reymbh,MapPorn,post,1639344084,negative
rojhqo,MetalMemes,post,1640473255,negative
rjdpri,ModSupport,post,1639853017,neutral
rcn0rf,ModSupport,post,1639072284,neutral
rlmu3h,ModSupport,post,1640116887,neutral
rpyqlu,Monero,post,1640642954,neutral
rq6k2p,Needafriend,post,1640665256,negative
rhn221,NoSleepOOC,post,1639646350,neutral
rlrcuf,NoStupidQuestions,post,1640129912,negative
rcjpit,NoStupidQuestions,post,1639062803,negative
riesop,NoStupidQuestions,post,1639737893,neutral
rrlf1e,PNWS,post,1640818814,positive
rnnf7i,RandomActsofCards,post,1640356140,positive
rsxzql,RocketLeague,post,1640969382,neutral
rcki34,SCP,post,1639065194,neutral
rneako,ShadowBan,post,1640321182,negative
rljdej,ShitPoliticsSays,post,1640107074,negative
riot5c,Silverbugs,post,1639769050,neutral
rjrbxr,SonicTheHedgehog,post,1639897550,neutral
r84se9,SpaceXMasterrace,post,1638553751,negative
riota3,SquaredCircle,post,1639769061,neutral
rra49m,TampaBayLightning,post,1640790129,neutral
rskktd,TooAfraidToAsk,post,1640922345,neutral
rlcdo8,Vent,post,1640084722,negative
raa08q,WatchRedditDie,post,1638804998,negative
rdzoga,alcoholicsanonymous,post,1639228955,neutral
r94nun,antiMLM,post,1638669027,neutral
rss3mi,apolloapp,post,1640950689,neutral
rf9bn2,bangtan,post,1639377338,negative
rf9znd,bangtan,post,1639379916,neutral
rfazw8,bangtan,post,1639383968,neutral
rfexjh,bangtan,post,1639399575,negative
rfwkh4,bangtan,post,1639448066,neutral
r8gyu8,bigdickproblems,post,1638590291,negative
r6v007,bloodborne,post,1638408125,negative
r6e5oh,bloodborne,post,1638363430,positive
r6yzqb,cats,post,1638420042,neutral
rbewla,childfree,post,1638926567,neutral
ri7kbp,collapse,post,1639710693,negative
r981ji,collegehockey,post,1638680407,neutral
rehj06,collegehockey,post,1639285208,neutral
reror0,confessions,post,1639324232,negative
rf24ck,conspiracy,post,1639354253,negative
rf256t,conspiracy,post,1639354332,negative
rpshkp,dankmemes,post,1640626194,negative
rsit81,dankmemes,post,1640916893,neutral
r8nwvk,dankmemes,post,1638617849,neutral
rgxs4x,darknet,post,1639570513,neutral
rgc8iq,deadbydaylight,post,1639502172,neutral
rohu50,deadbydaylight,post,1640467636,positive
riuwhn,discordapp,post,1639787270,neutral
rt05ja,dragonballfighterz,post,1640975439,neutral
r9f5si,dune,post,1638708942,neutral
rpis09,electricians,post,1640593650,negative
rrthcx,electricians,post,1640841662,neutral
r7pf3h,farcry,post,1638502702,neutral
rs67tj,furry,post,1640883055,negative
rbyl9x,gainit,post,1638990720,negative
r8acum,gamedev,post,1638569637,neutral
rqh9ey,goldenretrievers,post,1640702248,neutral
rgqvyc,halo,post,1639544065,negative
rjuegs,help,post,1639911107,negative
rd83i1,help,post,1639141177,negative
rqzhq1,help,post,1640753267,negative
re51sl,hoggit,post,1639245536,neutral
rm6vdz,knitting,post,1640185049,neutral
r9d8qz,litecoin,post,1638701235,negative
rsymyy,makeyourchoice,post,1640971146,positive
rp6bgj,memes,post,1640554407,neutral
rstnd2,memes,post,1640956390,neutral
rf8i3p,memes,post,1639374325,neutral
rszfwi,microgrowery,post,1640973413,neutral
rmgfja,modhelp,post,1640211876,neutral
rat9x4,modhelp,post,1638860873,neutral
rfj7fr,modhelp,post,1639411897,neutral
rjw1sd,modhelp,post,1639917888,neutral
rlhfrm,mumbai,post,1640101722,positive
rj887p,musictheory,post,1639836486,positive
rqzhub,nba,post,1640753277,negative
rt50yq,nba,post,1640990048,neutral
rmlqoj,notinteresting,post,1640228196,neutral
rrktwm,oddlyterrifying,post,1640817235,neutral
rm0ag0,orangecounty,post,1640159740,positive
rmdm4i,pitbulls,post,1640203770,neutral
rptwsx,playstation,post,1640629948,neutral
rgdnya,podcasting,post,1639506054,positive
r7a9s2,redditrequest,post,1638459926,neutral
rqluil,redditrequest,post,1640715038,neutral
rcm56e,redditrequest,post,1639069838,neutral
rqvkf1,redditrequest,post,1640741594,neutral
rsivxu,redditrequest,post,1640917123,neutral
rt6kln,redditrequest,post,1640994833,neutral
rruqms,redditrequest,post,1640845749,neutral
rmcowa,redditrequest,post,1640201152,neutral
r85wb6,redditrequest,post,1638556653,neutral
rhg252,redditrequest,post,1639621459,neutral
revdjq,redditrequest,post,1639334837,neutral
rr9w2d,redditrequest,post,1640789518,neutral
rjdiln,redditrequest,post,1639852415,neutral
r6g3aq,redditrequest,post,1638369225,neutral
rq2c1g,redditrequest,post,1640653035,neutral
r9vjaw,redditrequest,post,1638755770,neutral
rhgx0o,redditrequest,post,1639624104,neutral
r69yva,redditrequest,post,1638346814,neutral
rgjq2y,redditrequest,post,1639522648,neutral
rbee0m,redditrequest,post,1638925082,neutral
rgu3bt,redditrequest,post,1639555534,neutral
rcrw9r,redditrequest,post,1639085726,neutral
rppqan,redditrequest,post,1640618432,neutral
ramuee,redditrequest,post,1638839313,neutral
r8ifsb,redditrequest,post,1638595422,neutral
r8pnpc,redditrequest,post,1638624451,neutral
rcawlk,redditrequest,post,1639028566,neutral
rjpqr4,runescape,post,1639891447,neutral
r7dhnl,secretsanta,post,1638468833,neutral
rkro2a,sex,post,1640019259,neutral
r8g3da,singapore,post,1638587303,positive
rg72zy,softwaregore,post,1639487163,neutral
rpkssp,srilanka,post,1640601586,negative
rjpuau,ssbbw,post,1639891827,neutral
ro2lbk,teenagers,post,1640407447,neutral
rnpkd1,teenagers,post,1640363073,positive
rbrnm8,teenagers,post,1638971041,negative
rbwa2j,teenagers,post,1638984370,negative
r9ib9s,teenagers,post,1638718931,neutral
rnt5e5,trans,post,1640374373,positive
rkv2bn,trans,post,1640028569,negative
rre7vy,trans,post,1640800767,negative
rgceo7,unpopularopinion,post,1639502637,negative
rgc8vt,wallstreetbets,post,1639502200,negative
ri21w9,yourmomshousepodcast,post,1639693895,negative
rnr086,yourmomshousepodcast,post,1640367554,negative
rpr5zl,2007scape,post,1640622542,negative
rf69ez,ABoringDystopia,post,1639367015,neutral
rf7i9k,ABoringDystopia,post,1639371030,negative
rnr5pv,ADHD,post,1640367990,negative
ro7zmq,AMA,post,1640430900,negative
rt5sgr,AMA,post,1640992382,neutral
rba962,AdmiralBulldog,post,1638913180,neutral
rsdnhm,AskMen,post,1640902135,negative
rq75d0,AskReddit,post,1640667076,negative
rgh9et,Austria,post,1639515810,neutral
rqn9xf,Battlefield,post,1640718971,neutral
rkxzq6,Bend,post,1640036641,neutral
riixrb,Bestbuy,post,1639752296,negative
rf6l2m,CPTSD,post,1639368055,neutral
rrsvue,Christianity,post,1640839846,negative
rpusow,Comcast_Xfinity,post,1640632310,negative
ra6eku,Comcast_Xfinity,post,1638794523,negative
ra0ksi,Conservative,post,1638771934,negative
rdtbg0,DID,post,1639203141,neutral
r6b9pl,Endo,post,1638352370,neutral
rihd2p,FFVIIRemake,post,1639747438,neutral
rag6kb,FireEmblemHeroes,post,1638820766,negative
rcxlwe,GilmoreGirls,post,1639102632,neutral
rhxjcf,Herpes,post,1639681323,neutral
rlly3r,LateStageCapitalism,post,1640114340,negative
rsdejk,LegalAdviceUK,post,1640901496,neutral
rasl8l,LesbianGamers,post,1638858213,neutral
ro7ye9,LosAngelesRams,post,1640430730,negative
recz2z,MMA,post,1639269753,negative
rfr3e9,Meditation,post,1639432064,neutral
rswhb9,MinecraftBuddies,post,1640965118,neutral
ripxll,Minneapolis,post,1639772379,negative
ri1yyc,ModSupport,post,1639693668,negative
rqvd9w,ModSupport,post,1640741029,neutral
r6octk,ModSupport,post,1638390635,neutral
r71o7g,ModSupport,post,1638429179,neutral
ractm7,ModSupport,post,1638812189,neutral
raebhz,ModSupport,post,1638815955,negative
rcmvbl,ModSupport,post,1639071854,neutral
rean4l,ModSupport,post,1639262283,negative
rherek,ModSupport,post,1639617340,negative
rhq6ms,ModSupport,post,1639659371,negative
rht48u,ModSupport,post,1639668636,neutral
rj5kq7,ModSupport,post,1639826668,neutral
rks3mc,ModSupport,post,1640020402,neutral
rkw2vq,ModSupport,post,1640031371,neutral
rnurj1,ModSupport,post,1640379577,negative
rp56tl,ModSupport,post,1640551162,neutral
rr9o9a,ModSupport,post,1640788907,neutral
rsbn0e,ModSupport,post,1640896913,neutral
rt3q68,ModSupport,post,1640986119,neutral
re8z5t,Naruto,post,1639257174,negative
rbf3uw,NoStupidQuestions,post,1638927154,negative
rbys82,NoStupidQuestions,post,1638991280,neutral
rc27n3,NoStupidQuestions,post,1639001063,negative
rc27ui,NoStupidQuestions,post,1639001078,negative
reh9h8,NoStupidQuestions,post,1639284238,negative
rfjbzu,NoStupidQuestions,post,1639412206,neutral
rkqn90,NoStupidQuestions,post,1640016443,negative
rl3gm4,NoStupidQuestions,post,1640052511,negative
rlrgk9,NoStupidQuestions,post,1640130216,neutral
ro575o,NoStupidQuestions,post,1640418113,neutral
roqzm5,NoStupidQuestions,post,1640499423,neutral
rsppsy,NoStupidQuestions,post,1640941026,neutral
rt2e3k,NoStupidQuestions,post,1640982089,neutral
rfjaqf,Paladins,post,1639412119,negative
rrhpra,RimWorld,post,1640809426,neutral
r73ooz,SWGalaxyOfHeroes,post,1638437485,negative
ra915m,SantasLittleHelpers,post,1638802401,neutral
ronjyf,ShadowBan,post,1640486997,negative
r90luu,SuicideWatch,post,1638656234,negative
rgo5mu,TREZOR,post,1639535460,neutral
rgkxug,Twitch,post,1639526054,negative
roh48y,TwoSentenceHorror,post,1640465189,neutral
rblxoo,WatchRedditDie,post,1638949312,neutral
rkiiia,WatchRedditDie,post,1639989041,neutral
r900ey,adventofcode,post,1638654499,neutral
rnn0xs,anime,post,1640354805,neutral
rrpfp4,appleswap,post,1640829711,negative
r6jadc,autism,post,1638377635,negative
rfl82y,bangtan,post,1639417019,neutral
r6yc47,baseball,post,1638417966,neutral
r7i2dm,berlin,post,1638481239,neutral
rqur7d,conspiracy,post,1640739283,negative
raa4ju,darkjokes,post,1638805314,negative
ro1vzc,destiny2,post,1640404718,negative
r6w0gi,diablo2,post,1638411120,negative
risw98,discordapp,post,1639781167,neutral
r6c6oz,dragonballfighterz,post,1638356186,negative
r9nb8s,ffxiv,post,1638732684,negative
rr2mxs,fountainpens,post,1640763985,negative
rt2npp,geometrydash,post,1640982898,neutral
riagev,guns,post,1639720308,negative
rcpjn9,help,post,1639079246,negative
rct40a,help,post,1639089128,neutral
rjgp14,hiphop,post,1639861813,negative
rf3nhw,kings,post,1639358990,neutral
rb6zia,kzoo,post,1638904406,neutral
rqw38r,lgbt,post,1640743142,positive
rp8s3a,memes,post,1640561390,neutral
rh5xz5,memes,post,1639593345,neutral
rh5j2g,memes,post,1639592311,negative
rt2n51,minnesotavikings,post,1640982850,neutral
rdhjhk,modhelp,post,1639167444,neutral
rpgg9u,modhelp,post,1640585129,neutral
r6qd06,modhelp,post,1638395826,neutral
r8o3i5,modhelp,post,1638618605,negative
r8yd6s,modhelp,post,1638649757,negative
raa3ug,modhelp,post,1638805265,neutral
rbsj8h,modhelp,post,1638973706,neutral
ric4cd,modhelp,post,1639726437,neutral
rkpq5x,modhelp,post,1640013951,neutral
rks06o,modhelp,post,1640020143,neutral
rll8jl,modhelp,post,1640112340,neutral
rnwt2h,modhelp,post,1640386367,neutral
rok7tl,modhelp,post,1640475635,neutral
roub1s,modhelp,post,1640513991,neutral
rpifoc,modhelp,post,1640592294,neutral
rt4iji,modhelp,post,1640988475,neutral
rt4jqs,modhelp,post,1640988584,neutral
ran0it,neoliberal,post,1638839823,neutral
rjbk2v,pcmasterrace,post,1639846698,negative
rck5w0,penis,post,1639064165,negative
rbbyre,penspinning,post,1638917932,neutral
r92e2t,playstation,post,1638661518,negative
r7i71g,redditrequest,post,1638481614,neutral
r6cotu,redditrequest,post,1638358160,neutral
rfvdwa,redditrequest,post,1639444443,neutral
rjvh7d,redditrequest,post,1639915591,neutral
rr6o46,redditrequest,post,1640779410,neutral
rt1mac,redditrequest,post,1640979781,neutral
re0h0j,redditrequest,post,1639231565,neutral
r8rq46,redditrequest,post,1638631005,negative
rjgacy,redditrequest,post,1639860621,neutral
rpzha9,relationship_advice,post,1640644932,neutral
rk2oxz,rockstar,post,1639938886,neutral
raw4xa,schizophrenia,post,1638872744,positive
redkh1,secretsanta,post,1639271679,positive
rauuii,shittydarksouls,post,1638867373,negative
ro6vvz,socialskills,post,1640425730,neutral
rhm24f,teenagers,post,1639641903,neutral
rae3gz,teenagers,post,1638815373,neutral
rcjtm5,teenagers,post,1639063141,neutral
rruwlz,teenagers,post,1640846305,neutral
rgzzn5,tf2,post,1639577543,negative
rpuh7m,thatHappened,post,1640631501,neutral
rjp5t4,trebuchetmemes,post,1639889349,negative
rlijyq,unpopularopinion,post,1640104849,negative
rlkltv,wallstreetbets,post,1640110541,neutral
rgzutk,webdev,post,1639577151,neutral
rkgxc6,2007scape,post,1639982767,neutral
r98l5u,ABCDesis,post,1638682285,negative
rct25u,ADHD,post,1639088987,neutral
ra9r2d,ARK,post,1638804333,neutral
rb9pb2,ATBGE,post,1638911700,neutral
rlf1fu,Advice,post,1640094443,neutral
ra6ns9,Advice,post,1638795372,neutral
re4gmo,AnarchyChess,post,1639243744,negative
rnwelu,AskModerators,post,1640385061,neutral
rmgjh4,AskReddit,post,1640212200,neutral
r62omj,AskReddit,post,1638321240,negative
r64apo,AskReddit,post,1638326331,negative
rizug8,AutoModerator,post,1639803526,neutral
r73lr6,BDSMAdvice,post,1638437157,positive
rk04kd,BuddyCrossing,post,1639931231,neutral
rs2zgh,CasualConversation,post,1640874309,negative
rohxlq,Charcuterie,post,1640467961,negative
rq03pm,Comcast_Xfinity,post,1640646622,neutral
r7tar9,Comcast_Xfinity,post,1638515617,neutral
rlo11u,Comcast_Xfinity,post,1640120286,neutral
rsg8ww,CryptoCurrency,post,1640909256,neutral
r9k8tr,CryptoMarkets,post,1638724396,neutral
rgne9w,DuelLinks,post,1639533251,neutral
r7rzqb,DunderMifflin,post,1638510901,neutral
rp5wyg,EscapefromTarkov,post,1640553322,neutral
r6o6ai,Etsy,post,1638390165,neutral
ri9n26,FACEITcom,post,1639717450,neutral
r9dw9i,Firearms,post,1638703984,negative
rrvd5p,FracturedButWhole,post,1640847875,neutral
r78ip4,HealthAnxiety,post,1638454909,negative
rg48k1,HelpMeFind,post,1639475872,negative
rprph0,HistoryMemes,post,1640624039,negative
rc0ptz,IASIP,post,1638996808,positive
rhs6ls,ITRPCommunity,post,1639665943,neutral
rmar4v,JustUnsubbed,post,1640195834,negative
rj9ipb,LifeProTips,post,1639840606,positive
rfr426,Meditation,post,1639432115,neutral
rq67rd,ModSupport,post,1640664253,negative
reatqf,ModSupport,post,1639262862,negative
rrc72p,Naruto,post,1640795636,neutral
rstj7x,OnePiece,post,1640956009,neutral
r8jnhf,Patriots,post,1638599985,neutral
re7bcz,PokemonGoSpoofing,post,1639252188,negative
rqo95l,Random_Acts_Of_Amazon,post,1640721659,positive
rg4ho2,Scotland,post,1639476915,neutral
rs9d9c,ShadowBan,post,1640891050,negative
rgx6ys,Spiderman,post,1639568463,neutral
roemrt,StardewValley,post,1640456505,negative
rp332i,StardewValley,post,1640544357,negative
r881vc,SuicideWatch,post,1638562557,neutral
ra0nos,SuicideWatch,post,1638772234,negative
rbhn7r,TheKillers,post,1638934570,neutral
rc5fn5,TheoryOfReddit,post,1639010725,negative
rbo5t5,TooAfraidToAsk,post,1638958298,positive
r8mree,TrueOffMyChest,post,1638613082,negative
rleuqt,USPS,post,1640093858,neutral
rqmzul,WatchRedditDie,post,1640718188,negative
roe18u,WayOfTheBern,post,1640454368,negative
r9nwx3,WayOfTheBern,post,1638734334,negative
rmb08q,WayOfTheBern,post,1640196495,negative
rkgjk3,askphilosophy,post,1639981316,negative
rr0ui3,australia,post,1640757610,negative
rgm59j,awfuleverything,post,1639529517,negative
rp17bk,axolotls,post,1640538980,neutral
rj7z1w,baseballcirclejerk,post,1639835685,negative
rpf6sz,bimbofication,post,1640580988,negative
rnuq4a,bleach,post,1640379444,negative
rabqjo,bodymods,post,1638809469,neutral
rmmcmf,canada,post,1640230075,negative
r8nya5,canada,post,1638618017,negative
r64abr,cats,post,1638326298,neutral
r77jl2,communism101,post,1638451950,neutral
rhteei,copypasta,post,1639669510,neutral
rsyb87,copypasta,post,1640970238,negative
rosia1,dankmemes,post,1640505785,neutral
reodlj,darkjokes,post,1639313312,neutral
r6q4py,deadbydaylight,post,1638395223,negative
rgmbic,dxm,post,1639530027,neutral
raqn2n,golf,post,1638851234,neutral
rrylsf,gtavcustoms,post,1640859777,neutral
rcxvga,help,post,1639103439,neutral
rpbb1l,help,post,1640568901,negative
rqzbio,help,post,1640752719,negative
rruhrg,help,post,1640844901,neutral
r85nb1,help,post,1638555982,neutral
rr2f98,ideasfortheadmins,post,1640763185,neutral
rrg9ec,intj,post,1640805796,negative
rf4n6e,islam,post,1639361996,positive
rhdnu7,leagueoflegends,post,1639614087,neutral
riaby1,memes,post,1639719862,neutral
rjf8e7,memes,post,1639857503,neutral
rrpqk0,memes,post,1640830576,negative
r638ko,mildlyinfuriating,post,1638322994,negative
rezqvv,mildlyinfuriating,post,1639347307,positive
rhxuzy,modhelp,post,1639682199,neutral
ro55d0,modhelp,post,1640417896,neutral
rfgzoe,modhelp,post,1639405848,neutral
r8qqar,nukedmemes,post,1638627973,negative
rp1v4n,offmychest,post,1640540879,negative
rjz4gf,orangecounty,post,1639928193,negative
rf0ami,osugame,post,1639348911,negative
rgrtin,pics,post,1639547017,neutral
rp750m,rape,post,1640556712,positive
rfs6nf,redditrequest,post,1639434926,neutral
rgee75,redditrequest,post,1639508002,neutral
ro5x1u,redditrequest,post,1640421207,neutral
ritx7w,redditrequest,post,1639784281,neutral
r61no0,redditrequest,post,1638318214,neutral
r8uypo,redditrequest,post,1638640253,neutral
r8v7v7,redditrequest,post,1638640955,neutral
rdxgf3,redditrequest,post,1639220263,neutral
rfrll1,redditrequest,post,1639433397,neutral
rjq569,redditrequest,post,1639892956,neutral
rkb98m,redditrequest,post,1639963808,neutral
rb2vr8,redditrequest,post,1638894840,neutral
rjtc5e,redditrequest,post,1639906310,neutral
rd14yz,redditrequest,post,1639113595,neutral
rqhyoc,redditrequest,post,1640704286,neutral
rla358,redditrequest,post,1640075177,neutral
rjno73,redditrequest,post,1639884214,neutral
r73vrv,redditrequest,post,1638438302,neutral
r8f3jw,redditrequest,post,1638584013,neutral
r7wf29,redditrequest,post,1638528204,neutral
rap2jr,redditrequest,post,1638846224,neutral
ranez4,redditrequest,post,1638841104,neutral
raee9g,redditrequest,post,1638816149,neutral
rmwsgd,redditrequest,post,1640269578,neutral
rf3lba,rum,post,1639358799,negative
r7hnez,runescape,post,1638480071,neutral
rqycre,sandiego,post,1640749746,neutral
rh7b27,secretsanta,post,1639596869,positive
rax27t,startrek,post,1638876371,negative
r95i48,stocks,post,1638671792,neutral
rjvmyy,sweatermeat,post,1639916253,neutral
rgfnal,teenagers,post,1639511414,negative
rbel0d,teenagers,post,1638925631,neutral
rbgl3e,teenagers,post,1638931510,neutral
rcl5r9,traaaaaaannnnnnnnnns,post,1639067069,negative
rfe6ph,trashy,post,1639396908,negative
rh9rs7,trashy,post,1639603469,neutral
rcji0j,unpopularopinion,post,1639062178,negative
r8swno,unpopularopinion,post,1638634444,negative
ramlx1,vexillologycirclejerk,post,1638838607,negative
rdhz0x,wallstreetbets,post,1639168586,neutral
rskwrh,wallstreetbets,post,1640923400,negative
rkgpvu,wallstreetbets,post,1639981964,neutral
rrc3mm,wallstreetbets,post,1640795398,neutral
roccz7,writers,post,1640448553,neutral
rc2tpc,AcademicBiblical,post,1639002830,negative
rhj32m,AnimalsBeingBros,post,1639630886,neutral
rabc7t,AskReddit,post,1638808437,negative
rm0jbi,AskReddit,post,1640160746,neutral
rm0k7b,AskReddit,post,1640160844,neutral
rm0kpq,AskReddit,post,1640160909,neutral
riaxdv,AskReddit,post,1639721990,negative
rc0w9f,AskReddit,post,1638997306,neutral
rc9t0s,AskRedditAfterDark,post,1639024715,neutral
rc9tii,AskRedditAfterDark,post,1639024758,neutral
rqk9s5,AskRedditAfterDark,post,1640710735,negative
riv3iv,Bellingham,post,1639787858,neutral
rf7ggm,CoinBase,post,1639370866,neutral
reqmw1,Colombia,post,1639321046,negative
rixapj,CookieCollector,post,1639794830,neutral
rh4p22,DanLeBatardShow,post,1639590150,neutral
rfrtjh,Destiny,post,1639433970,neutral
rcw5w6,DestinyTheGame,post,1639098184,neutral
rijdjg,DunderMifflin,post,1639753559,negative
rsg7b1,EscapefromTarkov,post,1640909128,neutral
rcrg1z,EscapefromTarkov,post,1639084474,neutral
rsjv7c,FORTnITE,post,1640920094,negative
rhx9nr,GBr4r,post,1639680555,neutral
rodn6t,GaymersGoneMild,post,1640453021,negative
rh0366,GrandCherokee,post,1639577819,neutral
rcges5,Hair,post,1639051942,neutral
rbzf7g,HamRadio,post,1638993117,neutral
r9yxu8,IWantToLearn,post,1638766274,neutral
rif2pw,Izlam,post,1639739077,neutral
rhpy7g,JoeRogan,post,1639658478,neutral
ri5fn3,JonBenet,post,1639703993,positive
rrcgoe,JustUnsubbed,post,1640796313,negative
rchub4,JustUnsubbed,post,1639057070,negative
rchvgr,JustUnsubbed,post,1639057174,negative
rklwfh,JustUnsubbed,post,1640002199,negative
rq25lx,JustUnsubbed,post,1640652493,negative
rqs76s,LivestreamFail,post,1640732337,negative
rdnyr1,LivestreamFail,post,1639185453,neutral
rfon9t,MensRights,post,1639425784,neutral
rs9v45,ModSupport,post,1640892304,neutral
r9d3rz,ModSupport,post,1638700617,neutral
rjs6jj,ModSupport,post,1639901168,neutral
rl1dw9,ModSupport,post,1640046275,neutral
rn3b7a,ModSupport,post,1640287797,negative
r6uukf,ModSupport,post,1638407673,neutral
rmoe34,ModSupport,post,1640237977,negative
rnb3ur,NameThatSong,post,1640310724,negative
rqn1f6,NoFap,post,1640718304,negative
rozg4h,NoStupidQuestions,post,1640533788,negative
rq5no5,NoStupidQuestions,post,1640662609,neutral
rmoz8e,OnePieceTC,post,1640240019,negative
rn2s6z,Paladins,post,1640286334,negative
rraktt,Physics,post,1640791365,neutral
r6d9ol,RPGdesign,post,1638360298,neutral
rawy8m,RandomActsofCards,post,1638875972,positive
ra5jih,SEO,post,1638791551,neutral
roj87p,SantasLittleHelpers,post,1640472375,positive
rloj0u,ShadowBan,post,1640121709,negative
rlpbbt,SuicideWatch,post,1640124010,negative
race1b,TrueOffMyChest,post,1638811112,negative
ro4dxp,UnusualArt,post,1640414626,neutral
rodxb7,WhitePeopleTwitter,post,1640453995,negative
rkzmfu,Winnipeg,post,1640041266,neutral
rpgu4z,Yugioh101,post,1640586449,neutral
rfj5wc,arcane,post,1639411790,positive
r7nv6w,ask,post,1638498136,negative
rh7ipd,asktransgender,post,1639597438,positive
rekoio,assholedesign,post,1639297695,negative
rjaxvo,atheism,post,1639844890,neutral
rdd3rw,baseball,post,1639155618,negative
rnq8pt,baseball,post,1640365215,negative
ri9fp5,bonehurtingjuice,post,1639716773,negative
rh2lu6,brutalism,post,1639584750,neutral
rjkbgi,cassetteculture,post,1639872980,neutral
rs1fve,castiron,post,1640869786,negative
rllhfi,redditrequest,post,1640113070,neutral
rcwvhg,redditrequest,post,1639100383,neutral
rl4qx9,redditrequest,post,1640056405,neutral
rnpzr4,redditrequest,post,1640364427,neutral
rm6l12,redditrequest,post,1640184106,neutral
rgocr5,redditrequest,post,1639536034,neutral
rh9cb4,redditrequest,post,1639602334,negative
rcsyg8,redditrequest,post,1639088690,neutral
rk7g96,redditrequest,post,1639952716,neutral
rlhjk7,redditrequest,post,1640102031,neutral
r8mwmy,redditrequest,post,1638613707,neutral
rfs9qb,redditrequest,post,1639435147,neutral
rsgeyg,redditrequest,post,1640909748,neutral
rhuwb7,redditrequest,post,1639673870,neutral
rqwus9,redditrequest,post,1640745256,neutral
rfhqiz,relationship_advice,post,1639407947,neutral
rpl06h,roblox,post,1640602426,neutral
rr4z0d,sadcringe,post,1640773101,negative
risvm3,secretsanta,post,1639781112,positive
r8wxfi,shittyama,post,1638645630,neutral
roffql,shittyfoodporn,post,1640459343,negative
r7kwem,skyrim,post,1638489323,negative
rcc07f,sonarr,post,1639032835,negative
r84ct7,steelers,post,1638552627,positive
rqcwro,stopsmoking,post,1640687374,neutral
ra0d34,suctiondildos,post,1638771134,neutral
ratixa,tattoo,post,1638861859,neutral
rhuln7,teenagers,post,1639672986,neutral
r8a03z,teenagers,post,1638568675,negative
rpkcrn,teenagers,post,1640599858,neutral
rog50e,teenagers,post,1640461799,neutral
rszbbz,thesopranos,post,1640973049,negative
rlgr4b,titanfall,post,1640099773,negative
rbncji,transgendercirclejerk,post,1638955024,negative
rammoq,traps,post,1638838677,neutral
rk3ldx,unitedkingdom,post,1639941591,neutral
rgn8sl,unpopularopinion,post,1639532792,negative
rkds1d,vaxxhappened,post,1639971741,negative
rslins,youtube,post,1640925399,negative
racih3,2007scape,post,1638811412,neutral
rc07p1,AmItheAsshole,post,1638995340,neutral
rn61lx,AmItheAsshole,post,1640295516,neutral
rlesuf,Animemes,post,1640093678,negative
r909np,AnnArbor,post,1638655241,negative
r6t1s8,AskModerators,post,1638402739,neutral
regay3,AskModerators,post,1639280909,negative
rqs6iw,AskModerators,post,1640732294,negative
rnn5co,AskReddit,post,1640355215,negative
rfjyh7,AskReddit,post,1639413821,neutral
rigtnx,AskReddit,post,1639745659,negative
rih1l2,AskReddit,post,1639746370,neutral
rq80bu,AskReddit,post,1640669740,neutral
rny06d,Astroneer,post,1640390432,neutral
res37a,AutoModerator,post,1639325409,neutral
ra7jxy,Calgary,post,1638798132,neutral
rah4bj,Christianity,post,1638823176,neutral
rmvfb0,ClashOfClans,post,1640265195,neutral
r6hogv,CoinBase,post,1638373451,positive
rshaqj,Comcast_Xfinity,post,1640912437,neutral
rfvnw5,bangtan,post,1639445308,positive
rdia7i,baseball,post,1639169419,neutral
r9s2w9,beermoney,post,1638745560,negative
rodkg4,boburnham,post,1640452768,positive
rsbuy7,canada,post,1640897503,negative
rkk8y0,copypasta,post,1639995893,neutral
rqkpzy,dankmemes,post,1640711970,neutral
r91ua8,darkjokes,post,1638659840,negative
rpgl11,datingoverthirty,post,1640585589,neutral
rjpuhe,deadbydaylight,post,1639891844,neutral
r9l6sk,ducks,post,1638727081,neutral
r8u36g,ffxiv,post,1638637734,negative
rf89op,fnafcringe,post,1639373503,neutral
rhvced,fnafcringe,post,1639675104,neutral
rpnqge,fnafcringe,post,1640612296,neutral
rbi7y9,furniture,post,1638936355,negative
rjexsu,furry,post,1639856591,negative
rmn8fq,giftcardexchange,post,1640234186,neutral
rr5s2p,guitarcirclejerk,post,1640776182,negative
rf39pe,halifax,post,1639357826,negative
rjkqms,halo,post,1639874437,negative
rb3450,halo,post,1638895683,negative
rkcnoo,halo,post,1639968120,negative
rsm6gz,help,post,1640927603,neutral
rlnru2,help,post,1640119529,neutral
rrmbg8,help,post,1640821139,negative
rs52iv,help,post,1640880030,negative
r82dwb,iWallpaper,post,1638547371,neutral
r8m0pf,iWallpaper,post,1638609880,negative
rsxwxr,india,post,1640969172,negative
rsy2fh,india,post,1640969590,positive
rrz4u2,ireland,post,1640861801,neutral
raa2k7,ireland,post,1638805172,neutral
raagfl,ireland,post,1638806179,positive
ra9j8m,lebanon,post,1638803752,neutral
rhbkln,liberalgunowners,post,1639608169,positive
rhtpge,lockpicking,post,1639670427,neutral
r8h139,memes,post,1638590488,neutral
ra1hrq,memes,post,1638775435,neutral
rd7r5j,memes,post,1639139974,neutral
rc4tzw,mildlyinfuriating,post,1639008888,negative
rfl6c2,misanthropy,post,1639416894,neutral
rowf6l,mycology,post,1640523377,negative
r9ungh,newjersey,post,1638753091,neutral
rclgr9,nier,post,1639067944,neutral
rcxrdt,oblivion,post,1639103098,negative
ri0d6w,planetaryannihilation,post,1639689142,neutral
rakkj5,portugal,post,1638832455,neutral
rk76h9,raisedbyborderlines,post,1639951963,positive
reaxw9,rant,post,1639263234,negative
rbysb1,redditrequest,post,1638991287,neutral
rjwuwr,redditrequest,post,1639920822,neutral
r7rlqq,redditrequest,post,1638509516,neutral
rmv5zy,redditrequest,post,1640264346,neutral
rlfwwf,redditrequest,post,1640097219,neutral
rpquyo,redditrequest,post,1640621680,neutral
rrclfb,redditrequest,post,1640796643,neutral
rfcvkh,redditrequest,post,1639391770,neutral
rhj74c,redditrequest,post,1639631251,neutral
rok41z,redditrequest,post,1640475285,neutral
re70fv,redditrequest,post,1639251275,neutral
rqyq3c,redditrequest,post,1640750857,neutral
rrkab7,redditrequest,post,1640815863,neutral
rpkyp4,redditrequest,post,1640602264,neutral
rcrewm,redditrequest,post,1639084380,neutral
rezfaf,redditrequest,post,1639346408,neutral
rjlz5u,redditrequest,post,1639878610,neutral
rc25s9,redditrequest,post,1639000926,neutral
rc28m0,redditrequest,post,1639001137,neutral
rnwlx8,reloading,post,1640385723,negative
rsjl57,roblox,post,1640919243,negative
rkvqca,roblox,post,1640030420,negative
rjklva,roblox,post,1639873982,neutral
r89j2s,running,post,1638566650,negative
r93rk9,shittydarksouls,post,1638666044,negative
rje3hd,teenagers,post,1639854146,negative
reh54t,teenagers,post,1639283801,neutral
rommwe,teenagers,post,1640483855,negative
rmcwkl,teenagers,post,1640201760,neutral
r8f7wg,teenagers,post,1638584412,negative
r8j2x7,teenagers,post,1638597781,positive
rpsrwm,telltale,post,1640626961,neutral
ri7sli,titanfall,post,1639711417,neutral
r9v6jl,trebuchetmemes,post,1638754690,negative
rjp7ip,unpopularopinion,post,1639889527,negative
rdts3o,walkingwarrobots,post,1639204918,positive
r8bvcj,weed,post,1638573965,negative
rlr8wx,Advice,post,1640129584,neutral
rhsnce,AskHistorians,post,1639667290,positive
r8esp3,AskModerators,post,1638583073,negative
rsd080,AskRedditAfterDark,post,1640900452,negative
ro745l,CasualUK,post,1640426758,neutral
rr8ttj,CrazyIdeas,post,1640786459,negative
rse5xc,CrazyIdeas,post,1640903514,neutral
rmz4mc,Cyberpunk,post,1640276361,negative
rcxx9k,DanLeBatardShow,post,1639103590,neutral
rghtag,Denmark,post,1639517358,neutral
rsiga4,Denver,post,1640915845,neutral
rm0xul,DestinyTheGame,post,1640162476,neutral
rf254b,EscapefromTarkov,post,1639354325,negative
rbjli9,Etsy,post,1638940839,positive
r9k8fm,FIFA,post,1638724366,negative
rbr7k6,FearTheWalkingDead,post,1638969619,neutral
romted,Gunpla,post,1640484461,negative
rn09j8,H3VR,post,1640279471,neutral
r8oewx,ItTheMovie,post,1638619827,negative
rt6gdg,JustNoSO,post,1640994453,neutral
rbk46s,LivestreamFail,post,1638942643,negative
rg026q,LivestreamFail,post,1639459113,negative
roadht,MaddenMobileForums,post,1640441086,neutral
rr6vim,Minecraft,post,1640780151,neutral
rbyx9r,ModSupport,post,1638991689,neutral
rk02vb,ModSupport,post,1639931082,negative
rlr9rp,NarcissisticAbuse,post,1640129653,neutral
r7h5g0,NoFap,post,1638478724,neutral
ra7zd6,NoFap,post,1638799358,negative
rj864n,NoFap,post,1639836293,negative
rj508t,NoStupidQuestions,post,1639824337,negative
ri7n3d,OutOfTheLoop,post,1639710932,negative
ri3siq,Portland,post,1639699072,negative
rhyc67,SCJerk,post,1639683527,negative
r9gf81,TrueOffMyChest,post,1638713173,negative
rea6su,redditrequest,post,1639260879,neutral
riffqt,runescape,post,1639740582,neutral
rgpkiu,sabres,post,1639539661,neutral
ro4hw9,saskatoon,post,1640415101,positive
r8v73z,solar,post,1638640898,neutral
r8kp2a,space,post,1638604271,neutral
rowslz,teenagers,post,1640524789,negative
rrcor0,teenagers,post,1640796868,positive
rsg7b6,teenagers,post,1640909129,negative
rp4wti,walkingwarrobots,post,1640550132,neutral
rbu6q4,xbox,post,1638978534,neutral
rki8di,Advice,post,1639987895,neutral
rpn1n5,AgainstHateSubreddits,post,1640610017,negative
r99h79,AnnArbor,post,1638685644,negative
rr8s3j,ApplyingToCollege,post,1640786332,positive
rrh4oe,AsianMasculinity,post,1640807974,negative
rmw55w,AskLibertarians,post,1640267585,negative
rt3y60,AskReddit,post,1640986782,neutral
rt3zbl,AskReddit,post,1640986873,neutral
rq2bq0,AskReddit,post,1640653008,neutral
rprst8,AtlantaHawks,post,1640624301,negative
r7xt1p,Austria,post,1638533523,neutral
rlo9wv,Berserk,post,1640120978,negative
rm6w0v,Brawlhalla,post,1640185105,negative
r670wm,ClashRoyale,post,1638335268,negative
rmifmj,ContestOfChampions,post,1640217855,negative
r8r73m,CryptoCurrencies,post,1638629427,negative
r8r84c,CryptoCurrencies,post,1638629513,negative
r6ya11,CryptoCurrency,post,1638417793,positive
r8zc89,DebateAnAtheist,post,1638652559,positive
rme85v,DebateAnAtheist,post,1640205530,neutral
rr9zau,Denver,post,1640789777,neutral
roin9e,DynastyFF,post,1640470429,negative
rjuesd,FortNiteBR,post,1639911145,neutral
rohskk,GoldandBlack,post,1640467482,positive
rhw0ck,Harley,post,1639676987,neutral
rgbacl,HumansBeingBros,post,1639499580,negative
rt2amb,IndianGaming,post,1640981796,negative
rm5rbk,IndianGaming,post,1640181456,neutral
rroe8y,KendrickLamar,post,1640826765,neutral
rij20x,LesbianActually,post,1639752649,neutral
r7nlsr,Libertarian,post,1638497366,neutral
rrrp0d,LivestreamFail,post,1640836223,negative
rojv4c,MadeMeSmile,post,1640474480,neutral
rondxe,MetalMemes,post,1640486412,neutral
rswv0h,ModSupport,post,1640966221,neutral
raiza2,NHLHUT,post,1638828068,neutral
re1t1p,NoStupidQuestions,post,1639235728,neutral
regj1l,NoStupidQuestions,post,1639281690,neutral
rho357,OkCupid,post,1639650901,negative
rho8wc,OkCupid,post,1639651627,negative
rj444t,OnePiece,post,1639820537,negative
rg38hu,OnePiece,post,1639471554,positive
rppgma,RATS,post,1640617661,neutral
rninfw,RandomActsofCards,post,1640337641,neutral
rm7faf,Random_Acts_Of_Amazon,post,1640186638,positive
rpadqz,Random_Acts_Of_Amazon,post,1640566123,positive
rmie45,Random_Acts_Of_Amazon,post,1640217736,positive
rlg31t,RimWorld,post,1640097779,neutral
rkuq1s,Sneakers,post,1640027613,negative
ri3pw1,Stepmania,post,1639698842,neutral
rt1vjm,Stoicism,post,1640980548,positive
rnsc4x,TheCatTrapIsWorking,post,1640371760,neutral
r6cp7o,TrueCrime,post,1638358199,negative
rnwz6y,Tucson,post,1640386953,neutral
rcdmyr,Twitch,post,1639039905,negative
rczyop,WTF,post,1639109801,negative
rcb8qf,Warframe,post,1639029795,neutral
rqh9rw,WatchRedditDie,post,1640702279,negative
rfpkwk,WoT,post,1639428172,neutral
rnr3up,addiction,post,1640367829,neutral
rex4yd,airsoft,post,1639339786,neutral
rmj4cw,anime,post,1640219922,positive
rj7cux,animegifs,post,1639833560,negative
rrpeb0,appleswap,post,1640829601,negative
rlq148,arcane,post,1640126038,negative
rj8anb,astoria,post,1639836707,neutral
rmt4t6,astoria,post,1640256671,neutral
rji4lk,atheism,post,1639866117,negative
rfppbk,autism,post,1639428523,neutral
rfylc7,bangtan,post,1639454336,neutral
raducd,bjj,post,1638814734,neutral
ronk8t,bleach,post,1640487023,positive
rhy8ff,britishproblems,post,1639683231,positive
rg27kt,bugs,post,1639467223,neutral
rd67tz,cats,post,1639133951,neutral
rdaw2p,cats,post,1639149513,neutral
rc78bi,clevelandcavs,post,1639016269,neutral
rs54ng,climbing,post,1640880173,negative
rpyppi,comedybangbang,post,1640642884,neutral
rkjfa5,conspiracy,post,1639992597,neutral
rb3n5r,conspiracy,post,1638897528,positive
r6c9du,conspiracy,post,1638356468,negative
rkcrm8,conspiracy,post,1639968479,negative
r7ipqi,conspiracy,post,1638483066,negative
r7q25l,copypasta,post,1638504593,negative
r9kb3q,cripplingalcoholism,post,1638724568,negative
rkutn5,crossdressing,post,1640027886,neutral
rf66ve,dankmemes,post,1639366793,negative
rld3vh,darksouls,post,1640087650,neutral
r6zh8s,deadbydaylight,post,1638421551,neutral
rewq2y,discordapp,post,1639338637,neutral
rp7guz,dontdeadopeninside,post,1640557669,neutral
rkzjsg,drunk,post,1640041065,negative
rn8ouk,electricians,post,1640303113,neutral
rlw5xi,ferrets,post,1640144707,neutral
rm2hcn,findareddit,post,1640169073,neutral
rkaj37,florida,post,1639961642,neutral
rg4yjj,forsen,post,1639478992,neutral
rq3gmp,funny,post,1640656350,neutral
rjezeg,furry,post,1639856727,neutral
rogy9u,furry,post,1640464604,neutral
rf3q4s,gamedev,post,1639359203,neutral
r6ckxe,guitarcirclejerk,post,1638357739,negative
rkqkqn,h3h3productions,post,1640016257,neutral
rmghp7,help,post,1640212053,neutral
r743er,help,post,1638439178,neutral
rrz37r,help,post,1640861622,negative
ra726q,help,post,1638796591,neutral
rt2pui,hiking,post,1640983083,negative
rp0dx2,hockey,post,1640536601,neutral
rowgh0,ireland,post,1640523527,neutral
rbq1d6,japanlife,post,1638965656,negative
rhqfut,kpophelp,post,1639660276,neutral
rn4wsz,marvelstudios,post,1640292346,neutral
rartdn,mbti,post,1638855349,negative
rbmpei,melbourne,post,1638952373,neutral
rk7jf8,memes,post,1639952981,neutral
rovyqo,memes,post,1640521435,neutral
rqsli4,miamidolphins,post,1640733341,neutral
rrfx0y,mildlyinfuriating,post,1640804947,negative
raen28,mildlyinfuriating,post,1638816789,negative
ri8cjm,mildlyinfuriating,post,1639713196,negative
r958h1,modhelp,post,1638670892,neutral
rlwvw9,modhelp,post,1640147116,neutral
rc4uqs,modhelp,post,1639008953,neutral
rsme00,modhelp,post,1640928334,neutral
rp6mde,modhelp,post,1640555266,neutral
rcv8t1,nba,post,1639095365,neutral
r64c4f,nursing,post,1638326460,neutral
rmco06,onguardforthee,post,1640201078,negative
rkkv9v,ontario,post,1639998339,negative
rlool0,ontario,post,1640122163,neutral
ra1pyh,quityourbullshit,post,1638776314,neutral
rfs78v,rant,post,1639434968,negative
rcy54t,redditrequest,post,1639104279,negative
rdpaug,redditrequest,post,1639189570,neutral
rqhk1v,redditrequest,post,1640703138,neutral
rcxan2,redditrequest,post,1639101688,neutral
rs3lpv,redditrequest,post,1640876083,neutral
rldzj7,redditrequest,post,1640090929,neutral
rruw6b,redditrequest,post,1640846261,neutral
r61vja,redditrequest,post,1638318874,neutral
rkukud,redditrequest,post,1640027213,neutral
rcufiw,redditrequest,post,1639092921,neutral
rjvskg,runescape,post,1639916907,negative
rad9nn,shittydarksouls,post,1638813330,neutral
ragu3a,skyrimmods,post,1638822449,neutral
rjzxn9,skyrimmods,post,1639930630,neutral
r8fluu,softwaregore,post,1638585681,negative
r8fmac,softwaregore,post,1638585720,negative
rfuj3u,summonerschool,post,1639441793,negative
r7b643,survivor,post,1638462457,negative
r9fqza,sweden,post,1638710977,neutral
ro5opg,sydney,post,1640420208,neutral
r99dgx,techsupport,post,1638685236,neutral
rso1t9,teenagers,post,1640934399,neutral
rj3t0b,teenagers,post,1639819215,negative
rrkcw9,trans,post,1640816046,positive
rmmsed,ucla,post,1640232797,neutral
r6zr4u,unpopularopinion,post,1638422453,negative
rpjy5r,vexillologycirclejerk,post,1640598286,neutral
r9tlbq,ww2,post,1638749910,neutral
rs5vsp,2007scape,post,1640882158,neutral
r7u9f0,2007scape,post,1638519413,negative
r92f5v,2007scape,post,1638661609,neutral
r93gdr,2007scape,post,1638664995,negative
rcg0ki,2007scape,post,1639050384,neutral
rdihf7,2007scape,post,1639169970,negative
rfm8yi,2007scape,post,1639419584,neutral
rhodul,2007scape,post,1639652214,negative
rk4haz,2007scape,post,1639944200,neutral
rpwkze,2007scape,post,1640637089,neutral
rn54n9,49ers,post,1640292963,neutral
r8qswa,4chan,post,1638628205,neutral
reap7f,Arkansas,post,1639262458,negative
r986nk,AskHistorians,post,1638680875,neutral
raxynm,AskModerators,post,1638879603,neutral
rmp1c5,AskReddit,post,1640240239,neutral
rjc3hu,AskReddit,post,1639848245,neutral
r7ggev,AskReddit,post,1638476771,negative
rdngbp,AskWomen,post,1639183948,negative
rla4hh,Assistance,post,1640075335,neutral
r73lo2,Battlefield,post,1638437144,negative
r6qzc5,BostonBruins,post,1638397323,neutral
rqyi4j,BravoRealHousewives,post,1640750197,positive
rrm4qw,CallOfDuty,post,1640820642,negative
rq4xmf,Catholicism,post,1640660499,neutral
rnq51f,China,post,1640364898,negative
rqrckl,Christianity,post,1640730017,neutral
r9w6yq,ClashRoyale,post,1638757682,negative
rhtsw9,Colorization,post,1639670703,negative
rp46k7,Crainn,post,1640547640,negative
rchfmb,Dabs,post,1639055684,positive
rhljhf,Damnthatsinteresting,post,1639639778,negative
rqppkr,Destiny,post,1640725578,negative
rebbt4,DnD,post,1639264444,negative
re1fdw,Entrepreneur,post,1639234599,positive
rdkg97,Eve,post,1639175262,neutral
rbpr8v,FIFA,post,1638964647,negative
rdffbc,FIFA,post,1639161785,negative
rn9mdb,FIFA,post,1640305955,negative
rsbilt,FortNiteBR,post,1640896590,negative
r8zs9y,FortNiteBR,post,1638653860,negative
rfyiqw,FreeCompliments,post,1639454109,neutral
rrun9w,GoForGold,post,1640845417,positive
rc0404,HelpMeFind,post,1638995049,neutral
rbmnnx,IASIP,post,1638952200,neutral
rrdilt,IASIP,post,1640798965,neutral
rkkn5i,IndiaSpeaks,post,1639997484,positive
rm19uc,IndiaSpeaks,post,1640163911,negative
rrbc0w,IndiaSpeaks,post,1640793406,negative
rqzhkz,Jokes,post,1640753253,neutral
rn9cgn,KotakuInAction,post,1640305113,neutral
rre6hc,ModSupport,post,1640800662,negative
reqk1u,ModSupport,post,1639320805,neutral
rmlxg2,ModSupport,post,1640228749,neutral
rm0ub7,Nissan,post,1640162039,neutral
rdifx5,PvZGardenWarfare,post,1639169854,negative
rll295,Random_Acts_Of_Amazon,post,1640111837,positive
rlpljg,Random_Acts_Of_Amazon,post,1640124787,positive
rc07oe,Resume,post,1638995338,neutral
rhzbvp,ShadowBan,post,1639686253,negative
r6tdwc,ShadowBan,post,1638403603,neutral
rmhrhk,ShittyTechDeals,post,1640215832,neutral
rdngqb,SkyrimTogether,post,1639183984,neutral
ronob3,Tennesseetitans,post,1640487418,neutral
r9542m,TooAfraidToAsk,post,1638670500,negative
r89cbv,TrueOffMyChest,post,1638566115,negative
r7hdre,TwoXChromosomes,post,1638479335,negative
r9ueek,Vent,post,1638752343,negative
rmyj9l,Warframe,post,1640274692,negative
rhy8qv,Warframe,post,1639683256,negative
revzh5,WatchRedditDie,post,1639336520,negative
roxapd,WatchRedditDie,post,1640526638,neutral
rbti2q,WatchRedditDie,post,1638976503,negative
rgjmuj,WatchRedditDie,post,1639522400,negative
rnmtq6,acecombat,post,1640354153,neutral
r8v432,arcane,post,1638640677,positive
rb9kyw,bikewrench,post,1638911366,negative
r8zqtm,bindingofisaac,post,1638653738,negative
rt0ru0,bisexual,post,1640977289,neutral
reddls,boardgames,post,1639271064,neutral
rbj391,cats,post,1638939150,neutral
revarb,chickflixxx,post,1639334611,positive
rrv1iu,chubby,post,1640846760,negative
r7ibg9,cincinnati,post,1638481970,neutral
rhlf3s,conspiracy,post,1639639286,negative
rbotq2,conspiracy,post,1638961081,negative
rcecud,conspiracy,post,1639043165,neutral
roxbpo,dankmemes,post,1640526729,neutral
rhvy7f,darkjokes,post,1639676809,neutral
rc6xcy,dating,post,1639015313,neutral
rd6wd5,dirtysmall,post,1639136745,neutral
rre56d,dubstep,post,1640800567,neutral
rd82qy,evilbuildings,post,1639141106,negative
r7myy8,explainlikeimfive,post,1638495437,neutral
rgp9c4,facebook,post,1639538732,neutral
rio4vw,facebook,post,1639767140,neutral
rnr76b,facebook,post,1640368119,neutral
rorbbg,feedthebeast,post,1640500736,neutral
r8y0w7,flatearth,post,1638648733,negative
r9cs8x,flatearth,post,1638699214,negative
rcynsk,flatearth,post,1639105849,negative
rcyo8t,flatearth,post,1639105889,negative
rdtit7,flatearth,post,1639203922,negative
red9eo,flatearth,post,1639270726,negative
red9m6,flatearth,post,1639270747,negative
reegic,flatearth,post,1639274608,negative
r7lntt,freelanceWriters,post,1638491524,neutral
r6off1,gaming,post,1638390823,negative
rroxvy,gay_irl,post,1640828298,neutral
rl3907,halo,post,1640051880,negative
ranjta,halo,post,1638841537,neutral
rg135g,harrypotter,post,1639462804,negative
rlyxqh,help,post,1640154336,negative
r9sq0q,help,post,1638747374,neutral
rirhk8,help,post,1639776930,neutral
r7dg7c,help,post,1638468723,negative
rbz090,learnpython,post,1638991920,neutral
rh62s7,legaladvice,post,1639593697,neutral
ra9ymv,mildlyinfuriating,post,1638804880,neutral
rsrrfa,mildlyinfuriating,post,1640949276,negative
r7gf08,modhelp,post,1638476668,neutral
r9hjax,modhelp,post,1638716638,neutral
rhe7ae,nfl,post,1639615657,neutral
r8g4b5,overlord,post,1638587398,positive
rt61z8,peloton,post,1640993192,neutral
rbevr6,podcasts,post,1638926493,neutral
rh51ge,raimimemes,post,1639591056,positive
rf99u7,redditrequest,post,1639377148,neutral
rc898w,redditrequest,post,1639019547,neutral
rb0jpq,redditrequest,post,1638887769,neutral
rs9mez,redditrequest,post,1640891695,neutral
rnnvzq,redditrequest,post,1640357729,neutral
rb41xg,redditrequest,post,1638898464,neutral
rm2t7t,redditrequest,post,1640170511,neutral
rgnopn,redditrequest,post,1639534072,neutral
rs45xa,redditrequest,post,1640877633,neutral
rsjmdm,redditrequest,post,1640919348,neutral
rf1il5,redditrequest,post,1639352489,neutral
r6evgr,redditrequest,post,1638365686,neutral
rk5247,redditrequest,post,1639945912,neutral
r73fg9,redditrequest,post,1638436384,neutral
rjlc9d,redditrequest,post,1639876481,neutral
ral44s,Whatisthis,post,1638834024,neutral
rc5igr,WhitePeopleTwitter,post,1639010964,negative
rdasla,WoT,post,1639149233,negative
rlz68u,askaconservative,post,1640155249,negative
rl9976,aspergers,post,1640071865,neutral
rnliiq,autism,post,1640349489,neutral
rszu3r,bigdickproblems,post,1640974523,neutral
rgn9dv,bonehurtingjuice,post,1639532844,neutral
rs9igy,buffalobills,post,1640891409,neutral
rcs3im,cactus,post,1639086303,neutral
rhwaxu,casualiama,post,1639677817,neutral
rt645q,chomsky,post,1640993394,neutral
re3xk5,conspiracy,post,1639242161,negative
r8hq9r,dankmemes,post,1638592891,neutral
rgimrg,dndnext,post,1639519667,negative
rbh0ca,ethtrader,post,1638932737,neutral
rd4a5i,facebook,post,1639125633,neutral
ri4bbb,fantasyfootball,post,1639700621,neutral
rt4vyu,h3h3productions,post,1640989629,negative
rb5nhh,halo,post,1638901581,negative
r9uw9o,halo,post,1638753827,neutral
racmhr,halo,post,1638811695,negative
rl7iqc,help,post,1640065577,negative
r82fon,help,post,1638547505,neutral
rpeh1w,india,post,1640578692,neutral
rkym43,lexington,post,1640038374,neutral
rf2c76,lgbt,post,1639354928,neutral
rfaqav,lgbt,post,1639382882,neutral
rjlfv1,marvelstudios,post,1639876791,positive
rgz3im,meme,post,1639574890,positive
rd6p3m,meme,post,1639135886,negative
r6jibd,memes,post,1638378213,neutral
r6600q,modhelp,post,1638331777,neutral
rlmu46,modhelp,post,1640116888,neutral
rh9h3l,modhelp,post,1639602693,neutral
rlvp8p,netflix,post,1640143225,negative
rjjnq6,newjersey,post,1639870859,neutral
rdr5r5,nostalgia,post,1639195639,negative
ror1ms,pornfree,post,1640499644,negative
rgt4qc,rant,post,1639551738,negative
rmk59t,redditrequest,post,1640223133,neutral
rlg9lw,redditrequest,post,1640098343,neutral
r7immg,redditrequest,post,1638482828,negative
rklo59,redditrequest,post,1640001364,neutral
rbaa0i,redditrequest,post,1638913246,neutral
rc7n5b,redditrequest,post,1639017579,neutral
rf5vi0,redditrequest,post,1639365802,neutral
rr1pv6,redditrequest,post,1640760605,neutral
r8j6x3,redditrequest,post,1638598190,neutral
rns6pk,redditrequest,post,1640371268,neutral
rrpazn,redditrequest,post,1640829338,neutral
rs7npf,redditrequest,post,1640886739,neutral
rgdgvs,redditrequest,post,1639505534,neutral
rmx1ya,redditrequest,post,1640270412,neutral
r6ljon,redditrequest,post,1638383437,neutral
raeje1,redditrequest,post,1638816520,neutral
rg7qdj,redditrequest,post,1639489273,neutral
rhhmkb,redditrequest,post,1639626258,neutral
rjspsi,redditrequest,post,1639903548,neutral
rn8nl3,redditrequest,post,1640303006,neutral
rknykg,resumes,post,1640008938,positive
rdwwrb,rugbyunion,post,1639217877,neutral
rsaxbd,runescape,post,1640895070,neutral
rqjha6,running,post,1640708524,neutral
r961m7,shittydarksouls,post,1638673590,negative
r969wn,shittydarksouls,post,1638674402,negative
r69bvv,soccercirclejerk,post,1638344216,positive
r6b7v5,ShingekiNoKyojin,post,1638352155,negative
riygay,Showerthoughts,post,1639798668,negative
rck0r7,SquaredCircle,post,1639063737,negative
rdwypb,SquaredCircle,post,1639218109,negative
re6cfa,SquaredCircle,post,1639249308,negative
rmovyj,SquaredCircle,post,1640239702,negative
rn5wxs,SquaredCircle,post,1640295133,negative
rsw60j,SquaredCircle,post,1640964217,negative
rdh3o1,ThickDick,post,1639166297,negative
rogut4,TooAfraidToAsk,post,1640464265,neutral
rhn6p1,ToolBand,post,1639646922,neutral
r8dcbe,UFOs,post,1638578471,neutral
rhodgr,Virginia,post,1639652171,negative
rnz320,WatchRedditDie,post,1640394129,negative
rj8xj9,albiononline,post,1639838777,negative
rj0awv,auslaw,post,1639805095,neutral
rsg6bx,childfree,post,1640909050,neutral
rfpetj,cincinnati,post,1639427742,neutral
reciyu,circlejerk,post,1639268295,negative
recop2,circlejerk,post,1639268806,negative
r69fke,confession,post,1638344646,negative
r7ahmv,conspiracy,post,1638460545,negative
rkj6vf,conspiracy,post,1639991651,negative
rfowak,copypasta,post,1639426417,negative
rgajzf,copypasta,post,1639497573,neutral
reuf1n,cowboys,post,1639332105,neutral
rdxpao,crtgaming,post,1639221280,negative
rp8wpn,dankmemes,post,1640561732,neutral
rp9gsw,dankmemes,post,1640563401,negative
rpa9c8,dankmemes,post,1640565760,negative
rsxhm2,dankmemes,post,1640967988,neutral
rb5boy,dankmemes,post,1638901016,negative
r9adwu,darkjokes,post,1638689321,neutral
raefny,discordapp,post,1638816251,neutral
rkq8tw,dotamasterrace,post,1640015357,negative
r9rzy9,duolingo,post,1638745345,neutral
rj7m6v,ethtrader,post,1639834475,neutral
rllmih,findfashion,post,1640113438,neutral
ri5t6f,fivenightsatfreddys,post,1639705192,neutral
rr067c,fivenightsatfreddys,post,1640755413,neutral
r8e5rh,forsen,post,1638581012,neutral
roe2b5,foxholegame,post,1640454472,neutral
r8q7u0,gratefuldead,post,1638626350,neutral
rph8ky,h3h3productions,post,1640587941,positive
rk3fbw,h3h3productions,post,1639941088,neutral
r7iulr,halo,post,1638483439,neutral
r93men,halo,post,1638665570,negative
r9usw1,halo,post,1638753545,negative
raa8l4,halo,post,1638805607,neutral
raj274,halo,post,1638828280,negative
rclw0u,halo,post,1639069161,neutral
re2k7d,halo,post,1639238106,negative
rfm3z9,halo,post,1639419227,negative
rfxvwl,halo,post,1639452093,positive
rse56l,halo,post,1640903458,negative
rhls2l,help,post,1639640738,negative
re66s9,help,post,1639248857,neutral
rksgt0,help,post,1640021386,negative
rgipp3,help,post,1639519900,negative
rliuzk,help,post,1640105710,neutral
rk2qbr,humanresources,post,1639939006,positive
rm9f9j,ideasfortheadmins,post,1640192214,neutral
rjkdpb,jerseycity,post,1639873197,positive
r7h7b6,legaladvice,post,1638478856,neutral
rmbpim,legaladvice,post,1640198413,neutral
r67vw7,legaladvice,post,1638338427,negative
r9zfp5,malaysia,post,1638767889,neutral
rlofkf,marvelstudios,post,1640121438,neutral
rq3gkb,melbourne,post,1640656345,neutral
rrg7oi,memes,post,1640805680,positive
roessn,mildlyinfuriating,post,1640457116,negative
rodcnc,mildlyinfuriating,post,1640452042,negative
r8ctw5,mildlyinfuriating,post,1638576855,negative
rk16l2,mildlypenis,post,1639934369,negative
r63nvn,mintuit,post,1638324359,neutral
rlccwb,modhelp,post,1640084633,negative
rrm0pe,modhelp,post,1640820350,neutral
rpba32,modhelp,post,1640568817,neutral
rgcvi1,mumbai,post,1639503951,neutral
rdf5lk,mumbai,post,1639161051,neutral
rqzt91,newzealand,post,1640754278,neutral
rev6xe,nukedmemes,post,1639334301,negative
rfqvga,ontario,post,1639431475,negative
rp4mjb,paydaytheheist,post,1640548967,neutral
rfvmi2,phoenix,post,1639445182,negative
r7dk68,pinball,post,1638469016,neutral
r9d4dv,police,post,1638700683,negative
rhoqi9,raimimemes,post,1639653647,neutral
rak3o8,raimimemes,post,1638831146,neutral
r9nypq,raisedbyborderlines,post,1638734456,neutral
rks7u6,raisedbyborderlines,post,1640020721,positive
rpu44a,redditrequest,post,1640630504,neutral
rsyv7e,redditrequest,post,1640971789,neutral
raj2pd,redditrequest,post,1638828315,neutral
rbhwn0,redditrequest,post,1638935384,neutral
r749kl,redditrequest,post,1638439829,neutral
ro5ylf,redditrequest,post,1640421424,neutral
r6gwb0,redditrequest,post,1638371407,neutral
reip1e,redditrequest,post,1639289531,neutral
rhr16w,redditrequest,post,1639662265,neutral
rcc4ae,redditrequest,post,1639033286,neutral
rt389e,redditrequest,post,1640984616,negative
r6efnd,redditrequest,post,1638364293,negative
rbatw7,redditrequest,post,1638914806,neutral
rs6rt4,redditrequest,post,1640884453,neutral
rn35ue,redditrequest,post,1640287375,neutral
rlilpv,redditrequest,post,1640104987,neutral
r7cxqc,redditrequest,post,1638467316,negative
rsmulb,redditrequest,post,1640929949,neutral
rsmidz,redditrequest,post,1640928761,neutral
r9fzlh,roblox,post,1638711767,negative
red50b,slashdiablo,post,1639270316,neutral
rh7izf,socialanxiety,post,1639597458,negative
rolgbd,sugarlifestyleforum,post,1640479762,neutral
rq2k3x,sugarlifestyleforum,post,1640653686,neutral
rq7an8,teenagers,post,1640667531,neutral
rq7e5v,teenagers,post,1640667812,negative
ra5p3c,teenagers,post,1638792096,negative
relkgu,teenagers,post,1639301429,neutral
rrvb76,teenagers,post,1640847708,positive
rrz3do,therewasanattempt,post,1640861642,positive
rhft3n,transgendercirclejerk,post,1639620655,negative
rcuyrt,unitedairlines,post,1639094497,neutral
r77no4,unpopularopinion,post,1638452313,negative
r77omq,unpopularopinion,post,1638452398,negative
rqmx8s,unpopularopinion,post,1640718001,negative
rieiha,vegan,post,1639736688,positive
royjko,vexillologycirclejerk,post,1640530847,neutral
r61zg7,walkingwarrobots,post,1638319193,neutral
r8kk79,wichita,post,1638603719,neutral
r9pp4a,wildhockey,post,1638739159,neutral
rpz0wb,youtube,post,1640643720,neutral
r6mvtf,AskReddit,post,1638386828,negative
rk9hn8,AskReddit,post,1639958601,neutral
rjswqg,AskReddit,post,1639904424,neutral
r76b93,AskReddit,post,1638447773,negative
r7suhj,AskReddit,post,1638513947,neutral
r65h4i,AskReddit,post,1638330073,neutral
rqp892,AskWomen,post,1640724328,neutral
rscrup,Assistance,post,1640899846,neutral
rae8l5,AutoModerator,post,1638815744,neutral
ria5vq,Bakersfield,post,1639719253,negative
rfl3y8,BoostForReddit,post,1639416725,neutral
rd89l1,BoostForReddit,post,1639141691,neutral
rhkbyq,Brawlstars,post,1639635123,negative
r6797b,Brawlstars,post,1638336114,positive
r6i0zt,Christianity,post,1638374370,neutral
rs5lfo,Comcast_Xfinity,post,1640881405,neutral
rqkq5n,Drugs,post,1640711982,negative
rjwrzz,FACEITcom,post,1639920560,neutral
r9x1rw,FashionReps,post,1638760258,neutral
rr39g9,Finland,post,1640766410,neutral
rezl7x,GODZILLA,post,1639346851,neutral
rlmy36,GoNets,post,1640117192,neutral
rkuyy3,Hamilton,post,1640028307,negative
rkgilt,HealthAnxiety,post,1639981219,neutral
ra82xz,IndiaSpeaks,post,1638799628,negative
r9riu1,Judaism,post,1638744014,negative
r6fgqp,Kingdom,post,1638367449,neutral
rcynu6,KingkillerChronicle,post,1639105853,neutral
rovmg3,LushCosmetics,post,1640520014,negative
rq3y6i,Mavericks,post,1640657732,negative
rone9a,MetalMemes,post,1640486446,negative
rldpoo,ModSupport,post,1640089934,negative
rgpekp,ModSupport,post,1639539162,neutral
rojj7g,ModSupport,post,1640473393,neutral
rsv95d,ModSupport,post,1640961512,neutral
rcjwwz,ModSupport,post,1639063417,neutral
ravyos,MorbidReality,post,1638872025,neutral
re6i46,OSU,post,1639249780,neutral
rqrlyp,PowerMetal,post,1640730716,neutral
rifzzr,Sat,post,1639742653,neutral
r8lh94,Showerthoughts,post,1638607518,neutral
rcvqz1,Showerthoughts,post,1639096911,negative
rk1g64,Showerthoughts,post,1639935155,negative
rrelmp,Showerthoughts,post,1640801673,negative
rrpp6l,Showerthoughts,post,1640830466,neutral
rburff,Sissies,post,1638980162,negative
rjclvh,Splintercell,post,1639849781,neutral
r8s1al,Steam,post,1638631915,positive
r88pfd,SuddenlyGay,post,1638564366,neutral
r8uakm,TwoXChromosomes,post,1638638330,negative
rigq24,TwoXChromosomes,post,1639745293,negative
rgj955,VideoEditing,post,1639521373,neutral
rg3tty,Warthunder,post,1639474094,negative
rmq0n0,Xenoblade_Chronicles,post,1640243875,negative
rk2f1h,ask,post,1639938084,negative
rnu3fk,ask,post,1640377384,neutral
rjwhc6,attackontitan,post,1639919501,negative
rme3ya,beta,post,1640205192,neutral
rpsbvm,billsimmons,post,1640625767,negative
r65nso,buffy,post,1638330671,neutral
r7bs3o,burlington,post,1638464157,negative
rjvv5v,conspiracy,post,1639917157,negative
rrpjrp,conspiracy,post,1640830037,negative
r6tlal,conspiracy,post,1638404147,neutral
rfglnq,conspiracy,post,1639404743,negative
rrc62u,conspiracy,post,1640795564,negative
rqltkm,dankmemes,post,1640714969,neutral
rmo2b2,deadbydaylight,post,1640236866,neutral
rn54hu,deadbydaylight,post,1640292952,negative
ro75sd,deadbydaylight,post,1640426982,negative
rnjhf9,discordapp,post,1640341195,neutral
rb2gcm,discordapp,post,1638893335,neutral
raid28,dubai,post,1638826392,negative
rlgchd,dubai,post,1640098585,negative
rsmrtt,elonmusk,post,1640929678,neutral
rf64ws,ems,post,1639366618,negative
rknm3m,esist,post,1640007913,negative
rn50u3,exjw,post,1640292676,neutral
rk0j63,exmuslim,post,1639932459,neutral
rqtott,facepalm,post,1640736272,neutral
rh4u6j,formula1,post,1639590518,neutral
r6aohf,forsen,post,1638349845,neutral
rpfjl2,ftm,post,1640582116,negative
rc4sy2,funny,post,1639008802,negative
rlc9to,funny,post,1640084319,negative
rmqbvt,gis,post,1640245114,neutral
ri09v3,gout,post,1639688879,negative
rmdyzh,halo,post,1640204794,neutral
rdmwqn,help,post,1639182348,neutral
reupu1,help,post,1639332945,neutral
rbx2ek,india,post,1638986467,neutral
rjbgv9,india,post,1639846423,neutral
r7c6r2,justneckbeardthings,post,1638465259,negative
rmd87c,leagueoflegends,post,1640202700,positive
rbw1hw,learnart,post,1638983723,neutral
re1qja,learndota2,post,1639235516,neutral
rfa0hn,malaysia,post,1639380012,neutral
rgz2xd,marvelstudios,post,1639574843,positive
rr71b0,memes,post,1640780685,neutral
rs9cj6,memes,post,1640891001,negative
rk60v1,mildlyinfuriating,post,1639948714,negative
rfuwn2,mildlyinfuriating,post,1639442975,negative
rb1da6,mildlyinfuriating,post,1638890099,neutral
rmavlf,modhelp,post,1640196150,neutral
rcyfnt,modhelp,post,1639105190,neutral
r7j8wy,mylittlepony,post,1638484531,positive
rmue5p,nattyorjuice,post,1640261490,neutral
r6v9fx,nosleep,post,1638408902,negative
rlmxtn,ontario,post,1640117171,negative
rn3gxw,orangecounty,post,1640288225,neutral
rsbihj,personalfinance,post,1640896582,negative
rozko8,poker,post,1640534176,neutral
r96be1,premed,post,1638674544,positive
r8w3b9,pyrocynical,post,1638643380,neutral
rlckdz,raimimemes,post,1640085474,neutral
rgnopt,redditrequest,post,1639534072,neutral
rmcdgk,redditrequest,post,1640200250,neutral
r7pox2,redditrequest,post,1638503509,neutral
r7pq65,redditrequest,post,1638503611,neutral
rt4qwx,redditrequest,post,1640989198,neutral
rf51ie,redditrequest,post,1639363226,neutral
rs5b2u,redditrequest,post,1640880647,neutral
r6sufp,redditrequest,post,1638402196,neutral
rkctno,redditrequest,post,1639968665,neutral
rs7f5v,redditrequest,post,1640886117,neutral
rh5hm1,redditrequest,post,1639592208,neutral
rphd7b,redditrequest,post,1640588405,neutral
rnnhn4,redditrequest,post,1640356354,neutral
rqve96,redditrequest,post,1640741105,neutral
rslm7f,redditrequest,post,1640925723,neutral
rdmbgm,redditrequest,post,1639180622,neutral
rms55w,redditrequest,post,1640252551,neutral
rc43iw,redditrequest,post,1639006641,negative
rooyav,sabaton,post,1640491862,neutral
rhifsw,secretsanta,post,1639628791,neutral
rf1liq,sex,post,1639352731,neutral
rb5xdv,skyrim,post,1638902148,neutral
rrpqtw,sto,post,1640830597,negative
rrroky,sto,post,1640836190,negative
rjfcd5,teenagers,post,1639857804,neutral
rskmsz,teenagers,post,1640922527,neutral
rin80h,teenagers,post,1639764480,negative
rap1vn,unpopularopinion,post,1638846167,negative
r7cnjq,unpopularopinion,post,1638466536,negative
r9cpke,unpopularopinion,post,1638698912,negative
r9dmwl,unpopularopinion,post,1638702914,negative
r9ikn1,unpopularopinion,post,1638719724,negative
raoib1,unpopularopinion,post,1638844494,negative
rc1kd5,unpopularopinion,post,1638999213,negative
rcyyem,unpopularopinion,post,1639106755,negative
rfgdf3,unpopularopinion,post,1639404078,negative
rfyd2s,unpopularopinion,post,1639453599,negative
rfye1y,unpopularopinion,post,1639453688,negative
rh37rj,unpopularopinion,post,1639586349,negative
rhsm8t,unpopularopinion,post,1639667209,negative
rj46kk,unpopularopinion,post,1639820839,negative
rjyo5k,unpopularopinion,post,1639926810,negative
rlm3nd,unpopularopinion,post,1640114788,negative
rn4bbs,unpopularopinion,post,1640290644,negative
rodeb1,unpopularopinion,post,1640452201,negative
rqrr65,unpopularopinion,post,1640731116,negative
rrq661,unpopularopinion,post,1640831807,negative
rs95s4,unpopularopinion,post,1640890550,negative
rt04kg,unpopularopinion,post,1640975367,negative
r7ik7c,unpopularopinion,post,1638482639,negative
rddj7l,wallstreetbets,post,1639156724,neutral
rh3xqt,wallstreetbets,post,1639588234,negative
rh3yqj,wallstreetbets,post,1639588303,negative
rfpmwx,wownoob,post,1639428343,neutral
r99mds,xboxone,post,1638686213,negative
r6mpby,2007scape,post,1638386360,neutral
rbw5ay,Advice,post,1638984015,negative
rhlw52,AskMen,post,1639641239,neutral
rgriuw,AskOuija,post,1639546036,negative
ri51r7,AskReddit,post,1639702878,neutral
roil05,AskReddit,post,1640470212,negative
ronajv,AskReddit,post,1640486081,neutral
rpg9bt,AskReddit,post,1640584504,neutral
rnl6g7,AutoModerator,post,1640348200,neutral
rr7vks,AutoModerator,post,1640783484,neutral
r7zqcy,AutoModerator,post,1638540008,neutral
r9bf1d,BDSMAdvice,post,1638693532,neutral
rn0pmu,Bitcoincash,post,1640280667,negative
r9l7pg,CFB,post,1638727151,neutral
ro6olv,CasualUK,post,1640424749,neutral
rdpn8g,CatAdvice,post,1639190688,neutral
r61ceh,Christianity,post,1638317293,negative
rar9du,ClashOfClans,post,1638853366,neutral
rdaloi,CrackSupport,post,1639148671,neutral
riidne,CrazyIdeas,post,1639750641,neutral
rmx5kh,CryptoCurrency,post,1640270713,neutral
rlou52,CryptoCurrency,post,1640122605,negative
rsg6fi,EscapefromTarkov,post,1640909057,negative
ronooz,GameSale,post,1640487456,neutral
r8ok2l,GetMotivated,post,1638620400,negative
rfuby1,GetStudying,post,1639441191,negative
rhqet4,Hardcore,post,1639660173,negative
rgg9mm,Kerala,post,1639513101,negative
rcycrv,KingkillerChronicle,post,1639104943,negative
rj9gip,LifeProTips,post,1639840417,positive
rip3hn,LivestreamFail,post,1639769907,neutral
rs6fnm,LongDistance,post,1640883615,neutral
r8umwe,MapPorn,post,1638639313,negative
r85dnr,MensRights,post,1638555264,negative
rjjlgi,ModSupport,post,1639870666,neutral
r9zt9l,ModSupport,post,1638769171,neutral
rrwx54,ModSupport,post,1640853636,negative
r6hk3m,MonsterGirl,post,1638373135,negative
r8r8tx,Morrowind,post,1638629574,positive
rjg49k,NoStupidQuestions,post,1639860099,negative
rf3y9n,RandomActsofCards,post,1639359905,neutral
ro9wep,SampleSize,post,1640439242,neutral
rfonbk,ShadowBanned,post,1639425787,negative
rqpxoc,Showerthoughts,post,1640726194,negative
rr6v79,Steam,post,1640780119,neutral
rgef3m,TEFL,post,1639508071,neutral
rbcz9i,TheWire,post,1638920810,neutral
rlt2oi,TrueOffMyChest,post,1640135054,negative
rsf8r2,TrueOffMyChest,post,1640906424,negative
rrbrek,Vent,post,1640794492,negative
rebo6o,WatchRedditDie,post,1639265542,negative
rptp5r,WatchRedditDie,post,1640629395,negative
rb6m4p,Whatcouldgowrong,post,1638903552,negative
rnt9jl,ask,post,1640374738,neutral
rbzvoy,assholedesign,post,1638994404,negative
rdxpvu,autism,post,1639221349,neutral
rnb3hh,baseball,post,1640310692,neutral
rnxv3p,college,post,1640389957,negative
rny64b,college,post,1640390963,negative
rb4mix,conspiracy,post,1638899578,negative
rkzir1,conspiracy,post,1640040978,negative
rdjoan,conspiracy,post,1639173165,negative
rqyv60,coys,post,1640751296,negative
roeytp,danganronpa,post,1640457732,positive
r8y6p4,dankmemes,post,1638649213,neutral
rhoopk,darkjokes,post,1639653438,negative
rig90a,darkjokes,post,1639743571,negative
rc19do,dayz,post,1638998348,neutral
rotaay,deadbydaylight,post,1640509284,negative
rpcdti,deadbydaylight,post,1640572215,neutral
rbaib2,discordapp,post,1638913915,neutral
ro5ffa,dogs,post,1640419129,neutral
rbqkqq,electricvehicles,post,1638967539,negative
r9254m,europe,post,1638660750,negative
re7w3l,findareddit,post,1639253888,neutral
rd3ill,florida,post,1639122377,negative
rq3x6i,forsen,post,1640657654,negative
r7u0oa,ftm,post,1638518477,neutral
ra9bg6,gatekeeping,post,1638803173,neutral
rnm4kr,greenville,post,1640351711,neutral
rba1sf,guineapigs,post,1638912622,neutral
ra4262,halo,post,1638785716,neutral
raqhf3,halo,post,1638850713,negative
rfto0r,harrypotter,post,1639438994,negative
rn2anq,herpetology,post,1640284998,neutral
rcy9nm,hiphopheads,post,1639104677,neutral
rjce5g,horror,post,1639849135,negative
rkpwr0,horror,post,1640014426,negative
rp03ef,karma,post,1640535689,negative
r6itb2,leagueoflegends,post,1638376375,negative
rb04v9,ledgerwallet,post,1638886572,neutral
rmb3sg,lgbt,post,1640196762,negative
r89jib,lgbt,post,1638566684,neutral
rqzynu,lifehacks,post,1640754766,neutral
ri48vf,loltyler1,post,1639700428,negative
rcubra,memes,post,1639092619,negative
rnxbjd,ComedyNecrophilia,post,1640388114,negative
rmovux,Conservative,post,1640239690,negative
rcr329,Crainn,post,1639083434,neutral
rlv3wj,CryptoCurrency,post,1640141408,negative
rhrhml,Destiny,post,1639663734,negative
rjgzit,DuelLinks,post,1639862679,negative
ri7uqs,FACEITcom,post,1639711605,negative
rdhan3,Flyers,post,1639166795,negative
r9ncif,Frasier,post,1638732780,neutral
r9b196,FreeKarma4U,post,1638691937,negative
rheltp,FreeKarma4U,post,1639616869,negative
rr9lvv,FreeKarma4U,post,1640788732,negative
rrit6t,FreeKarma4U,post,1640812177,negative
rrlfys,FreeKarma4U,post,1640818869,neutral
rqoj7s,German,post,1640722418,neutral
rahjva,GoneWildCD,post,1638824310,negative
rcv8pr,GreenBayPackers,post,1639095358,neutral
rmx6za,LegalAdviceUK,post,1640270832,neutral
rd8za8,Metroid,post,1639143911,positive
rn3m5v,Miami,post,1640288642,negative
rcpv8g,Negareddit,post,1639080105,negative
rt0tbg,Nerf,post,1640977401,neutral
rt0v3k,Nerf,post,1640977547,positive
rnod5e,NewOrleans,post,1640359232,neutral
riqw9d,OnePunchMan,post,1639775164,positive
re6lsg,Petioles,post,1639250078,negative
rdqaer,RedditLaqueristas,post,1639192770,positive
ro676f,Resume,post,1640422537,neutral
rlv5i7,SantasLittleHelpers,post,1640141546,positive
rcyzgd,SantasLittleHelpers,post,1639106838,positive
rcithc,ScenesFromAHat,post,1639060167,neutral
rc20p8,Stormlight_Archive,post,1639000560,neutral
rlefl3,SuicideWatch,post,1640092415,negative
rlefyo,SuicideWatch,post,1640092454,negative
rcumwl,SuicideWatch,post,1639093526,positive
rgjrfs,Tekken,post,1639522751,negative
rh75fi,Telegram,post,1639596484,neutral
rg4ado,TheLastAirbender,post,1639476064,neutral
rjmb7g,TrueSTL,post,1639879709,negative
ris0lb,Twitter,post,1639778541,negative
rov3tm,UKPersonalFinance,post,1640517662,positive
rcty2i,UnresolvedMysteries,post,1639091523,neutral
rdm3v7,WWII,post,1639179999,neutral
rp5kf2,Warframe,post,1640552399,neutral
rqw1hd,WatchRedditDie,post,1640742998,negative
rc1cy4,adventofcode,post,1638998631,neutral
rrjtzb,aspergers,post,1640814730,neutral
r69qvl,auckland,post,1638345907,negative
rruxcp,australia,post,1640846377,negative
rphfi5,bangalore,post,1640588610,negative
rl07k1,battlecats,post,1640042922,neutral
rj82en,battlefield_one,post,1639836009,negative
rqo1w3,biology,post,1640721099,neutral
r9kqv1,biology,post,1638725782,neutral
ro3cmb,botsrights,post,1640410400,neutral
ra1vi9,btc,post,1638776915,negative
rnu35m,bullcity,post,1640377358,neutral
rolj7x,changemyview,post,1640480052,negative
rl3wmx,confessions,post,1640053850,negative
rsxi7c,conspiracy,post,1640968036,negative
re8ufd,copypasta,post,1639256772,negative
rbdouf,copypasta,post,1638922910,negative
r8602y,crossdressing,post,1638556936,neutral
rmczwy,crossdressing,post,1640202028,negative
rgok4l,dankmemes,post,1639536645,neutral
r6peiy,dankmemes,post,1638393297,neutral
rb6t0a,discordapp,post,1638903931,negative
r9o4qc,dogecoin,post,1638734888,negative
rfhu3c,ferrets,post,1639408218,neutral
rqyplk,flatearth,post,1640750813,negative
rn03sg,foreskin_restoration,post,1640279043,neutral
rgjgmp,gofundme,post,1639521934,neutral
rnzla5,goldenknights,post,1640395967,neutral
rb70o0,grandrapids,post,1638904495,neutral
rfb3jv,hacking,post,1639384380,negative
rakcqi,halo,post,1638831848,neutral
rcygdi,help,post,1639105234,neutral
rj4frl,help,post,1639821914,neutral
rrgfqr,help,post,1640806240,neutral
rrujx4,help,post,1640845110,neutral
rnhehe,help,post,1640332533,neutral
rskr00,help,post,1640922903,neutral
rqcdfp,hotguyswithtattoos,post,1640685239,neutral
rjwixw,ideasfortheadmins,post,1639919652,negative
rmblyy,ireland,post,1640198136,negative
rniigk,learnpython,post,1640337076,neutral
r7gvqq,liberalgunowners,post,1638477973,neutral
remjyu,manchester,post,1639305798,neutral
rj6059,maybemaybemaybe,post,1639828478,negative
riyt0j,memes,post,1639799874,negative
r72hxv,memes,post,1638432387,negative
r8ljmu,memes,post,1638607826,positive
r8nuyh,memes,post,1638617625,neutral
r9nl5y,memes,post,1638733439,negative
rakpqy,memes,post,1638832869,neutral
rd0wwx,memes,post,1639112836,negative
re3nfd,memes,post,1639241354,positive
re3yhc,memes,post,1639242238,neutral
rff9l7,memes,post,1639400635,neutral
rfnbj2,memes,post,1639422351,negative
rg1crz,memes,post,1639463811,negative
rhgy8e,memes,post,1639624207,negative
ri8u9f,memes,post,1639714792,negative
ri8uqn,memes,post,1639714835,neutral
riu3p3,memes,post,1639784861,neutral
rjtka1,memes,post,1639907353,neutral
rl7dm8,memes,post,1640065115,neutral
rm6fh4,memes,post,1640183624,negative
rmd1h3,memes,post,1640202154,negative
rpn8c4,memes,post,1640610637,negative
rr7ecr,memes,post,1640781919,positive
rle1bb,memes,post,1640091088,positive
r8yghs,microsoft,post,1638650013,neutral
rc8xso,mildlyinteresting,post,1639021821,negative
rddhq6,modhelp,post,1639156610,negative
rmmgpx,modhelp,post,1640232045,neutral
r70dmk,nba,post,1638424540,neutral
rk9g3k,neoliberal,post,1639958486,negative
rmkoq9,oakland,post,1640224883,negative
riruvl,opendirectories,post,1639778076,neutral
rkqkqw,pathofexile,post,1640016257,negative
rri34h,pokemon,post,1640810354,neutral
rbcyne,popping,post,1638920769,neutral
rrm4k9,popping,post,1640820629,positive
rqb3nx,realmadrid,post,1640680452,neutral
rbxykk,redditmobile,post,1638988934,neutral
rm1n1v,redditrequest,post,1640165526,neutral
rm1wxc,redditrequest,post,1640166709,neutral
rkucc9,redditrequest,post,1640026567,neutral
rk3xqg,redditrequest,post,1639942607,neutral
re0107,redditrequest,post,1639230123,neutral
rnz50y,redditrequest,post,1640394312,neutral
rmbzt9,redditrequest,post,1640199210,neutral
r8y2xs,redditrequest,post,1638648899,neutral
rloel8,redditrequest,post,1640121358,neutral
rl0rct,redditrequest,post,1640044483,neutral
rmb55i,redditrequest,post,1640196865,neutral
rd7lno,redditrequest,post,1639139417,neutral
rfddzm,redditrequest,post,1639393831,neutral
ra6fii,redditrequest,post,1638794614,neutral
ro8kz0,redditrequest,post,1640433650,neutral
rbg465,redditrequest,post,1638930100,neutral
rpctkn,redditrequest,post,1640573599,neutral
rqxuef,redditrequest,post,1640748217,neutral
r7jfed,redditrequest,post,1638485037,neutral
rr9pwy,redditrequest,post,1640789043,neutral
rb351e,redditrequest,post,1638895776,neutral
rsbcke,redditrequest,post,1640896165,neutral
rd3eyu,rutgers,post,1639121946,neutral
r7mrtw,shittyaskreddit,post,1638494820,negative
rakubc,shittydarksouls,post,1638833243,negative
rhy071,shrooms,post,1639682594,neutral
rkjif9,smashbros,post,1639992910,neutral
rkba98,socialanxiety,post,1639963888,negative
rfjkkj,starterpacks,post,1639412816,neutral
r9rgpl,stocks,post,1638743855,negative
rpg0oa,teenagers,post,1640583690,positive
rb2o4d,teenagers,post,1638894077,negative
rktg2k,thegrandtour,post,1640024036,neutral
rbh1tf,traaaaaaannnnnnnnnns,post,1638932856,neutral
rgaap5,unpopularopinion,post,1639496826,negative
r73hrv,videos,post,1638436665,neutral
r7mr88,wallstreetbets,post,1638494768,neutral
r92wxf,wallstreetbets,post,1638663167,neutral
rcmrwz,wallstreetbets,post,1639071587,negative
rco9tj,wallstreetbets,post,1639075791,neutral
rdkj1h,wallstreetbets,post,1639175466,negative
rqhzgk,wallstreetbets,post,1640704353,positive
rs5ot0,wallstreetbets,post,1640881656,negative
rs5wvb,wallstreetbets,post,1640882236,negative
rt6686,wallstreetbets,post,1640993551,neutral
ro1aq4,woooosh,post,1640402442,negative
rrylfs,writing,post,1640859744,neutral
rbdu3h,AmItheAsshole,post,1638923367,negative
rmfxp6,Animesuggest,post,1640210455,neutral
rq6w1h,AskHistorians,post,1640666297,neutral
rl0eg1,AskProgramming,post,1640043438,neutral
rkzbq4,AskReddit,post,1640040380,neutral
rsrg21,AskReddit,post,1640948045,neutral
rexsas,AskReddit,post,1639341673,negative
rexti7,AskReddit,post,1639341769,negative
rl0m2n,AskReddit,post,1640044052,negative
rptfxa,AutoModerator,post,1640628731,neutral
roxqwb,BDSMAdvice,post,1640528181,neutral
rmftk4,BoardGameExchange,post,1640210134,neutral
r9ihga,CFB,post,1638719453,neutral
rbi4hv,CPTSD,post,1638936057,negative
rkqfpk,CompetitiveHalo,post,1640015908,neutral
rmzkcr,CrappyDesign,post,1640277575,negative
rqes6x,DetroitRedWings,post,1640694543,negative
rd9ne8,EnoughCommieSpam,post,1639145936,negative
rc6p78,EnoughLibertarianSpam,post,1639014618,negative
rlo0ep,EscapefromTarkov,post,1640120236,neutral
rd0jc2,FanFiction,post,1639111610,neutral
ra105z,FrankOcean,post,1638773551,negative
rohw5i,Gamingcirclejerk,post,1640467820,positive
rg9mcm,Jaguars,post,1639494874,negative
r6ietl,Kaiserreich,post,1638375333,negative
rggdi8,Kirby,post,1639513387,neutral
r69a9g,ModSupport,post,1638344027,neutral
rfi535,Music,post,1639409061,negative
rantyg,NBASpurs,post,1638842418,negative
r6rzaf,NoStupidQuestions,post,1638399817,neutral
rqqh3t,Paranormal,post,1640727658,negative
rfp9vc,PewdiepieSubmissions,post,1639427399,neutral
rfpd6v,PewdiepieSubmissions,post,1639427623,neutral
rfq165,PewdiepieSubmissions,post,1639429322,negative
rc3e3j,PlantsVSZombies,post,1639004490,negative
rp90vd,RBI,post,1640562065,negative
r79fbu,Repsneakers,post,1638457536,neutral
rfg4zu,Roku,post,1639403368,neutral
rdqy4a,SCJerk,post,1639194946,neutral
r9mbyc,SCP,post,1638730080,neutral
r9kwu5,SWGalaxyOfHeroes,post,1638726253,neutral
rgjxkg,SWGalaxyOfHeroes,post,1639523208,neutral
rrlarl,SantasLittleHelpers,post,1640818504,positive
rsf8h0,Screenwriting,post,1640906403,neutral
rar0c8,Sino,post,1638852503,negative
rct343,Smite,post,1639089058,neutral
rp8nyt,SquaredCircle,post,1640561048,positive
rr4cka,TaylorSwift,post,1640770708,negative
rkg9ux,Twitch,post,1639980332,negative
rsycqp,UCSD,post,1640970352,negative
rdays7,Vermintide,post,1639149728,positive
remqcx,Warhammer40k,post,1639306594,negative
rabbba,WatchRedditDie,post,1638808368,negative
rnxwse,WatchRedditDie,post,1640390121,negative
rmy8mx,Wellthatsucks,post,1640273835,negative
re4zvm,arcane,post,1639245370,neutral
ri53n8,asktransgender,post,1639703035,negative
rfwcj7,bangtan,post,1639447405,neutral
rqw1xx,bartenders,post,1640743037,negative
rdusjt,bengals,post,1639208982,negative
riet0t,berlin,post,1639737930,neutral
rc7z1f,bitchimabus,post,1639018666,negative
rc7zlz,bitchimabus,post,1639018719,negative
r704aa,bodymods,post,1638423662,positive
r669f0,childfree,post,1638332659,neutral
rld560,classicalmusic,post,1640087800,positive
rb823d,crochet,post,1638907273,neutral
rq9gec,dankmemes,post,1640674537,negative
rc3g1l,de,post,1639004651,negative
rsey7f,depression,post,1640905617,negative
rhc3gm,discordapp,post,1639609610,neutral
r9e1po,dogecoin,post,1638704655,neutral
r6tnwp,electricvehicles,post,1638404347,neutral
rli4bt,elliottsmith,post,1640103624,neutral
r9tzfl,ethtrader,post,1638751072,neutral
regv6p,facepalm,post,1639282844,neutral
rkn7v1,facepalm,post,1640006699,negative
rqy41u,facepalm,post,1640748998,negative
r7jyrp,fnafcringe,post,1638486612,neutral
rsfipj,forsen,post,1640907190,neutral
rgbwfy,furry_irl,post,1639501261,neutral
r621be,geometrydash,post,1638319344,negative
ro2qkj,gtaonline,post,1640408016,neutral
rgtm60,halo,post,1639553626,neutral
rmw660,halo,post,1640267671,negative
rpk49s,hamiltonmusical,post,1640598982,neutral
rnuh12,help,post,1640378599,negative
rnungb,help,post,1640379192,negative
rlcu96,help,post,1640086572,neutral
rp4ikl,help,post,1640548658,neutral
rif97j,help,post,1639739800,neutral
r82w0p,iWallpaper,post,1638548723,neutral
rbfyav,im14andthisisdeep,post,1638929634,negative
rsxkdp,india,post,1640968205,neutral
rsxliu,india,post,1640968287,neutral
rr8gm8,investing,post,1640785306,negative
rjsyfh,ireland,post,1639904616,neutral
rbjl41,justneckbeardthings,post,1638940804,negative
r8pg89,justneckbeardthings,post,1638623717,negative
rbls6k,karma,post,1638948716,neutral
r62l0m,leagueoflegends,post,1638320941,neutral
rh9qrv,leagueoflegends,post,1639603398,negative
ravg0g,legaladvice,post,1638869883,neutral
rnbf0m,marvelstudios,post,1640311744,neutral
rk233s,meme,post,1639937079,negative
rfa3ny,memes,post,1639380363,neutral
rctdl8,mexico,post,1639089893,neutral
rcthf4,mexico,post,1639090210,neutral
r6nawz,mildlyinfuriating,post,1638387946,negative
rhl81e,mildlyinfuriating,post,1639638509,negative
r7ej6r,mildlyinfuriating,post,1638471629,neutral
rjsyee,mildlyinfuriating,post,1639904612,negative
reakel,modhelp,post,1639262048,neutral
rbdzxx,modhelp,post,1638923846,neutral
rc74ab,modhelp,post,1639015912,neutral
rl9cxq,newzealand,post,1640072258,neutral
rcxb8z,nihilism,post,1639101736,negative
r886mf,nostalgia,post,1638562923,negative
rgmost,nudism,post,1639531104,positive
r9n7p8,oddlysatisfying,post,1638732425,negative
ro8zqr,overlord,post,1640435455,neutral
rl0at5,pcmasterrace,post,1640043162,neutral
r7j5z5,progressive_islam,post,1638484309,neutral
rhub42,raimimemes,post,1639672141,neutral
rgad4p,raimimemes,post,1639497028,positive
rd03kn,raisedbynarcissists,post,1639110217,neutral
rjoaqi,redditrequest,post,1639886322,neutral
rg19a1,redditrequest,post,1639463444,neutral
rqa7yh,redditrequest,post,1640677215,neutral
rgncu1,redditrequest,post,1639533128,neutral
rdn3to,redditrequest,post,1639182901,neutral
rpmyh1,redditrequest,post,1640609727,neutral
rqblxs,redditrequest,post,1640682392,neutral
rgapkv,redditrequest,post,1639497985,neutral
rceczq,redditrequest,post,1639043182,neutral
rqi6s9,redditrequest,post,1640704924,neutral
re30qp,redditrequest,post,1639239446,neutral
rrvf6f,redditrequest,post,1640848082,neutral
rr8f8c,redditrequest,post,1640785201,neutral
rr8huq,redditrequest,post,1640785413,neutral
rnkofv,redditrequest,post,1640346135,neutral
rps1k3,redditrequest,post,1640624953,neutral
rnnqsr,redditrequest,post,1640357234,neutral
reoh1e,redditrequest,post,1639313679,negative
rfd8gt,redditrequest,post,1639393236,neutral
rg2g8t,redditrequest,post,1639468246,neutral
rraqv5,redditrequest,post,1640791826,neutral
rp6zol,redditrequest,post,1640556285,neutral
rsgcdn,redditrequest,post,1640909542,neutral
rl6ntd,runescape,post,1640062701,negative
ra2nr6,seduction,post,1638780020,positive
rnl7rl,soccercirclejerk,post,1640348340,negative
rguemm,southafrica,post,1639556841,neutral
r92mx0,stopdrinking,post,1638662284,positive
rk3mpr,stupidslutsclub,post,1639941700,negative
r6w952,teenagers,post,1638411822,neutral
rrbxvu,teenagers,post,1640794961,neutral
r8zulr,teenagers,post,1638654041,negative
rpq0o5,teenagers,post,1640619275,negative
rau1c3,teenagers,post,1638863969,negative
rjeuq3,teenagers,post,1639856343,neutral
rcdr8v,teenagers,post,1639040441,neutral
rf0hvm,teenagers,post,1639349496,negative
rjtud9,teslamotors,post,1639908604,neutral
r8pjz9,thefighterandthekid,post,1638624092,negative
rlh03r,theocho,post,1640100502,negative
rn7dmc,todayilearned,post,1640299272,negative
rp23yo,todayilearned,post,1640541589,negative
rbgvin,trees,post,1638932363,neutral
r7lp0p,unpopularopinion,post,1638491618,negative
rclpni,vegan,post,1639068661,positive
rm4kcs,wallstreetbets,post,1640177226,neutral
rdhcw4,whatisthisthing,post,1639166960,neutral
rsew8z,2007scape,post,1640905463,neutral
rbqnxw,ABDL,post,1638967846,neutral
rpv5k2,ADHD,post,1640633258,neutral
rjuk81,AskModerators,post,1639911789,neutral
rqnkx2,AskReddit,post,1640719810,neutral
rinlej,AskReddit,post,1639765595,negative
rnqsam,AskReddit,post,1640366907,negative
rkz9v8,AskReddit,post,1640040227,neutral
rsiliw,AskReddit,post,1640916256,neutral
rsio95,AskReddit,post,1640916487,neutral
rj5482,AskReddit,post,1639824782,negative
rl7qsq,AskWomen,post,1640066363,negative
rmci59,AskWomen,post,1640200611,neutral
rf28o8,Assistance,post,1639354627,neutral
rpr664,AutoModerator,post,1640622557,neutral
rmrs82,AutoModerator,post,1640251004,neutral
r9l68l,AutoModerator,post,1638727039,neutral
re38y4,AutoModerator,post,1639240147,neutral
rn63wv,AutoModerator,post,1640295701,neutral
rrttjk,AutoModerator,post,1640842753,neutral
rmf6fj,BackYardChickens,post,1640208258,negative
rt53e7,CallOfDuty,post,1640990261,negative
rmiwbc,CasualUK,post,1640219249,neutral
rokpx7,Colts,post,1640477266,negative
rehxih,CompetitiveHalo,post,1639286660,neutral
rlrfq8,CryptoCurrency,post,1640130145,negative
rre7xt,DAE,post,1640800771,neutral
rnwuve,DeathStranding,post,1640386553,neutral
rmp6iz,DeepSpaceNine,post,1640240751,neutral
rm6g1u,Denmark,post,1640183676,neutral
rg8f20,DevilMayCry,post,1639491338,negative
rhnlgo,DevilMayCry,post,1639648753,neutral
r9v5q7,DotA2,post,1638754619,neutral
roex6n,Drugs,post,1640457562,negative
r6huj6,Egypt,post,1638373897,neutral
rdajqi,EscapefromTarkov,post,1639148519,neutral
rgw8sd,FIFA,post,1639564718,neutral
r6cpm7,Faces,post,1638358236,neutral
rjcolh,FalloutMods,post,1639849999,neutral
rrji0b,FanFiction,post,1640813920,negative
r9pd8m,FortNiteBR,post,1638738263,negative
r6i2eo,Grimes,post,1638374458,neutral
rd1n5d,IndianEnts,post,1639115365,neutral
rqnia4,JordanPeterson,post,1640719607,negative
rdqu7p,JustUnsubbed,post,1639194582,negative
r6nacz,Juve,post,1638387905,neutral
rcmvyl,Juve,post,1639071906,neutral
ret41t,Juve,post,1639328404,neutral
rk0s1k,Juve,post,1639933202,neutral
rmd39q,Juve,post,1640202302,neutral
rq1tzk,MkeBucks,post,1640651529,negative
r80hvf,ModSupport,post,1638542276,neutral
relmci,ModSupport,post,1639301648,neutral
rczokc,ModSupport,post,1639108956,neutral
rc1nsw,ModSupport,post,1638999494,neutral
rb6yea,NoStupidQuestions,post,1638904322,neutral
riak5k,NoStupidQuestions,post,1639720685,negative
robbna,OneyPlays,post,1640444721,positive
regpu8,RandomActsofCards,post,1639282325,positive
rnzfro,ShadowBan,post,1640395379,neutral
r74yxw,Showerthoughts,post,1638442694,negative
rb3gnf,Sims4,post,1638896930,neutral
rsbg16,Sprinting,post,1640896408,neutral
r9udje,Svenska,post,1638752265,neutral
rfrxcm,Tekken,post,1639434247,neutral
r7i0ly,Tennesseetitans,post,1638481102,neutral
rmpe6o,Tennesseetitans,post,1640241547,negative
rqijzu,Tennesseetitans,post,1640705963,neutral
rgxlr8,TooAfraidToAsk,post,1639569874,negative
rbton1,TooAfraidToAsk,post,1638977051,neutral
rcs9v5,TrueOffMyChest,post,1639086793,negative
rkl2hc,TrueOffMyChest,post,1639999096,negative
rhukfn,TryingForABaby,post,1639672886,neutral
ro694l,Unexpected,post,1640422811,neutral
rgvhlk,Warframe,post,1639561460,positive
rbo77e,actuallesbians,post,1638958460,neutral
rd74xm,arresteddevelopment,post,1639137677,neutral
ri9c5x,atheism,post,1639716442,neutral
ri9dzi,atheism,post,1639716609,neutral
r7ubm5,awfuleverything,post,1638519657,negative
rb3u0u,awwnverts,post,1638898061,negative
rfwr0j,bangtan,post,1639448615,neutral
riww37,baseballcards,post,1639793516,neutral
reku3c,blackchickswhitedicks,post,1639298388,negative
rcezdn,bristol,post,1639045948,negative
rp5265,bugs,post,1640550665,neutral
rd0jw8,canada,post,1639111666,neutral
rkxfz4,canada,post,1640035118,neutral
ravq40,cats,post,1638871071,neutral
rbjb71,conspiracy,post,1638939866,neutral
rrox59,conspiracy,post,1640828240,neutral
rhzxll,copypasta,post,1639687965,positive
rbss0b,dankmemes,post,1638974422,neutral
rc4cn6,dbz,post,1639007454,neutral
rkx9ak,deadbydaylight,post,1640034606,negative
rjc8d7,deadbydaylight,post,1639848649,neutral
rim7jl,discordapp,post,1639761591,neutral
rrwkis,discordapp,post,1640852330,neutral
rrwlv7,discordapp,post,1640852463,neutral
rrwujt,discordapp,post,1640853357,neutral
rrwx9d,discordapp,post,1640853648,neutral
rrwys2,discordapp,post,1640853796,neutral
rmv7bq,discordapp,post,1640264461,neutral
rjrjek,discordapp,post,1639898417,negative
rdd1we,fandomnatural,post,1639155484,neutral
rrek3e,findareddit,post,1640801562,negative
rliuos,fivenightsatfreddys,post,1640105685,neutral
rgivom,formula1,post,1639520371,negative
r7t4pv,forza,post,1638514982,neutral
rfjdxf,furry,post,1639412339,neutral
rsawn1,gmod,post,1640895023,neutral
rsm65h,gmod,post,1640927572,negative
rbvg2i,gwent,post,1638982113,neutral
r71b3u,help,post,1638427824,negative
rstjf6,iamverybadass,post,1640956028,negative
r91g9a,itookapicture,post,1638658707,negative
rslfui,japanese,post,1640925152,neutral
rn8hok,karma,post,1640302508,negative
r6cobe,lakers,post,1638358110,neutral
reipzd,legaladvice,post,1639289633,neutral
rjrz3d,libertarianmeme,post,1639900297,negative
r6deg7,loseit,post,1638360788,negative
rnd80d,magicTCG,post,1640317616,negative
raaqq9,malaysia,post,1638806883,neutral
rhqg2w,manchester,post,1639660297,neutral
ribb1i,memes,post,1639723426,negative
rcjmqb,meta,post,1639062565,neutral
rfsrvd,milwaukee,post,1639436524,neutral
rb4fz1,modhelp,post,1638899202,neutral
r6v6ss,modhelp,post,1638408683,neutral
rt0sup,montreal,post,1640977369,negative
rlzsng,newzealand,post,1640157701,negative
r6rd8n,newzealand,post,1638398266,neutral
rq12sj,notinteresting,post,1640649409,positive
rep6aj,nukedmemes,post,1639316232,negative
rh9nda,pcmasterrace,post,1639603157,positive
rjg8rg,phish,post,1639860490,neutral
rrj53j,quittingkratom,post,1640813006,neutral
rgqsxi,rangers,post,1639543775,neutral
rgxnl5,redditrequest,post,1639570058,neutral
rdhsn8,redditrequest,post,1639168112,neutral
r972m9,redditrequest,post,1638677089,neutral
rrrgt6,redditrequest,post,1640835566,neutral
rqfibg,redditrequest,post,1640696900,neutral
rghep0,redditrequest,post,1639516225,neutral
rannxt,redditrequest,post,1638841912,neutral
ro5ycj,redditrequest,post,1640421389,neutral
rpvzbm,redditrequest,post,1640635463,neutral
rf3yca,redditrequest,post,1639359911,neutral
r64pta,redditrequest,post,1638327659,neutral
rdeir7,redditrequest,post,1639159352,neutral
rdi8mz,redditrequest,post,1639169308,neutral
rsu4cv,redditrequest,post,1640957977,neutral
rr255r,redditrequest,post,1640762159,neutral
rgvy7g,redditrequest,post,1639563455,neutral
rezupk,redditrequest,post,1639347608,neutral
rg6x9c,redditrequest,post,1639486650,neutral
rqeve7,redditrequest,post,1640694825,neutral
rbuop2,roblox,post,1638979938,negative
refacq,rpg,post,1639277409,negative
rne2td,sad,post,1640320446,negative
rjz3r6,secretsanta,post,1639928133,neutral
r7fl4u,snowboarding,post,1638474442,neutral
rpbqcy,steelers,post,1640570219,negative
ra3buf,suggestmeabook,post,1638782759,neutral
rk3cqr,sysadmin,post,1639940883,neutral
roa1c6,teenagers,post,1640439788,negative
rowwjx,teenagers,post,1640525196,negative
rowx15,teenagers,post,1640525248,negative
ri8tzp,teenagers,post,1639714765,neutral
rrqae6,teenagers,post,1640832139,negative
r8d2hb,tipofmytongue,post,1638577599,neutral
rn5xmh,uAlberta,post,1640295185,negative
rn6mhe,uAlberta,post,1640297162,negative
rf0thh,unpopularopinion,post,1639350421,negative
rl1pd5,unpopularopinion,post,1640047233,negative
rp7p38,usa,post,1640558326,neutral
r8rgo3,walkingwarrobots,post,1638630217,neutral
rowuch,wallstreetbets,post,1640524944,neutral
rpx9bg,2007scape,post,1640638980,negative
rcus2t,4PanelCringe,post,1639093950,neutral
rat4sr,ADHD,post,1638860344,negative
rgbxd1,AmItheAsshole,post,1639501325,neutral
r6mrcs,AppIdeas,post,1638386498,negative
revk28,AskMenOver30,post,1639335362,neutral
r7d9ca,AskModerators,post,1638468198,neutral
r8fw7z,AskReddit,post,1638586645,negative
rjf0ul,AskReddit,post,1639856850,negative
rfkm58,AskReddit,post,1639415486,neutral
rah474,AskReddit,post,1638823166,neutral
rhisql,AskReddit,post,1639629964,negative
r7jnev,AskReddit,post,1638485691,negative
rmgm6x,AskReddit,post,1640212414,negative
rmgmtk,AskReddit,post,1640212465,negative
rjqvup,AskReddit,post,1639895759,negative
rjqzgx,AskReddit,post,1639896162,negative
rg1qb4,Austin,post,1639465291,negative
rk2v5x,Austin,post,1639939412,negative
rgipi1,Austria,post,1639519884,negative
rsore8,AutoModerator,post,1640937176,neutral
rh3clr,Browns,post,1639586709,negative
rh3clw,Browns,post,1639586709,negative
rdm1dm,CallOfDuty,post,1639179797,neutral
ro2qej,CasualUK,post,1640407997,neutral
rq9o93,Catholicism,post,1640675268,negative
rfqewk,Cornell,post,1639430293,neutral
rm2tbq,CryptoCurrency,post,1640170523,negative
reshsq,DMT,post,1639326603,negative
rf945i,DessertPorn,post,1639376571,negative
rc08px,ElectricForest,post,1638995418,positive
rgc3dp,FIFA,post,1639501782,neutral
rjbalz,FIFA,post,1639845916,negative
rs55rw,FortNiteBR,post,1640880252,neutral
r89n1m,FulfillmentByAmazon,post,1638566966,negative
rc5par,HistoryMemes,post,1639011539,negative
rg4dws,HomeDepot,post,1639476474,negative
rihtk7,KitchenConfidential,post,1639748931,neutral
roc6dp,LiveFromNewYork,post,1640447926,neutral
rdf70t,MMFB,post,1639161155,neutral
r9t9y8,Markiplier,post,1638748988,neutral
rb3so9,Minecraft,post,1638897980,negative
rneqns,Minecraft,post,1640322674,neutral
ri867b,ModSupport,post,1639712625,neutral
rrx93b,ModSupport,post,1640854893,neutral
roidj0,ModSupport,post,1640469514,neutral
rhhrgq,NEU,post,1639626683,neutral
rivxjw,NewTubers,post,1639790414,negative
rclbsj,NoMansSkyTheGame,post,1639067550,negative
rd06u3,NoMansSkyTheGame,post,1639110501,neutral
ra4sz5,NoStupidQuestions,post,1638788613,neutral
rie8rv,Philippines,post,1639735517,neutral
rpq6z9,Prague,post,1640619779,negative
rrb32k,RX7,post,1640792740,neutral
razpab,Scotland,post,1638885282,negative
r9sk09,SeriousConversation,post,1638746896,negative
r68tt5,ShadowBan,post,1638342109,neutral
rdtx0q,TheExpanse,post,1639205464,neutral
rkk2fe,TheWalkingDeadGame,post,1639995149,negative
riexti,TooAfraidToAsk,post,1639738530,neutral
ratyzu,Tools,post,1638863702,neutral
rhwu6z,TrueOffMyChest,post,1639679324,negative
rr294f,Unexpected,post,1640762561,neutral
rdcnw5,WatchRedditDie,post,1639154412,negative
ridagr,WatchRedditDie,post,1639731383,negative
rdl3ox,WatchRedditDie,post,1639177062,negative
rs4c2r,WatchRedditDie,post,1640878091,negative
rfiygj,WayOfTheBern,post,1639411268,negative
re3xqu,WeAreTheMusicMakers,post,1639242174,neutral
r7moqx,XXXTENTACION,post,1638494554,neutral
r8hr1z,adorableporn,post,1638592968,negative
ri0vi8,answers,post,1639690565,negative
rlxe5f,ask,post,1640148864,neutral
rfshfd,bangtan,post,1639435741,neutral
r6evst,blues,post,1638365714,neutral
rqp354,books,post,1640723940,negative
rotl4l,buffy,post,1640510613,neutral
ro6yob,confessions,post,1640426083,neutral
rpones,conspiracy,post,1640615227,neutral
rcubff,dankmemes,post,1639092597,negative
rsokh1,darkjokes,post,1640936430,negative
rhtz76,darkjokes,post,1639671199,negative
re16m8,discordapp,post,1639233839,negative
rhajwf,discordapp,post,1639605540,neutral
rswnfj,evangelion,post,1640965612,positive
r63eys,farmingsimulator,post,1638323570,neutral
rhk499,fightporn,post,1639634395,negative
rcq0nn,formula1,post,1639080506,negative
rd2l6b,garlicoin,post,1639118745,negative
rfwvr3,halo,post,1639449014,negative
rb7q6m,halo,post,1638906371,positive
r9p4hs,help,post,1638737612,neutral
riwa7u,help,post,1639791570,neutral
rjgnvp,hiphopheads,post,1639861726,negative
rlzfbk,hiphopheads,post,1640156239,negative
r8n9nq,interestingasfuck,post,1638615303,negative
riowcp,marvelstudios,post,1639769312,positive
rer6uk,memes,post,1639322707,neutral
rnq0n3,mildlyinfuriating,post,1640364504,negative
r8cpdl,mildlyinfuriating,post,1638576464,negative
rr1aze,mkxmobile,post,1640759153,negative
ri6j94,modhelp,post,1639707407,neutral
rd03o5,modhelp,post,1639110227,neutral
rl4q3x,motivation,post,1640056336,negative
rdd1xw,northernireland,post,1639155487,neutral
rits7v,northernireland,post,1639783856,neutral
rha3ck,pathofdiablo,post,1639604298,neutral
rht1ny,pitbulls,post,1639668433,negative
rean8b,pittsburgh,post,1639262292,negative
rrlwfb,prephysicianassistant,post,1640820042,negative
ri2iqp,rant,post,1639695281,negative
r9ubll,realms,post,1638752098,negative
rb2euq,reddevils,post,1638893182,neutral
rsa6z1,redditrequest,post,1640893165,neutral
rhmcm0,redditrequest,post,1639643166,neutral
rginvx,redditrequest,post,1639519756,neutral
rmlog6,redditrequest,post,1640227999,neutral
r67ifr,redditrequest,post,1638337056,neutral
rfwhrc,redditrequest,post,1639447846,neutral
r9uxni,redditrequest,post,1638753939,neutral
rfnaou,redditrequest,post,1639422292,neutral
rre3g4,redditrequest,post,1640800437,negative
rcxac5,redditrequest,post,1639101662,neutral
r8g4wm,redditrequest,post,1638587450,neutral
r6w2od,redditrequest,post,1638411303,neutral
r7jmi9,redditrequest,post,1638485618,neutral
rdjcss,redditrequest,post,1639172287,neutral
rgufv5,redditrequest,post,1639556989,neutral
rlhw1m,redditrequest,post,1640102991,neutral
rkqbnw,redditrequest,post,1640015587,neutral
r7w0ef,rugbyunion,post,1638526532,neutral
rhone2,rule34,post,1639653293,negative
rnyo9w,sabaton,post,1640392691,negative
rpzug8,secretsanta,post,1640645933,positive
rqdkl3,snapchat,post,1640690050,positive
r65q0v,stopdrinking,post,1638330874,negative
rmdfvg,teenagers,post,1640203283,neutral
rlqjxh,teenagers,post,1640127595,neutral
reya5z,teenagers,post,1639343107,neutral
rsj4qi,theHunter,post,1640917859,neutral
r8xlbu,tumblr,post,1638647526,neutral
rlloyu,unpopularopinion,post,1640113630,negative
rl02vd,unpopularopinion,post,1640042550,neutral
rphb1g,weed,post,1640588181,neutral
rkgi3q,witcher,post,1639981170,neutral
