id,subreddit,kind,timestamp,sentiment_wrt_mods
b3h1f0,2007scape,post,1553113964,neutral
b6s6ea,AskReddit,post,1553828545,neutral
aw30kc,Braincels,post,1551433299,negative
ayb75s,Braincels,post,1551954618,negative
b4lebn,Braincels,post,1553360242,negative
b7remy,ChapoTrapHouse,post,1554059406,negative
b6knyn,CombatFootage,post,1553789250,negative
b7ttsw,CombatFootage,post,1554072239,negative
azkdpr,FORTnITE,post,1552251666,negative
b1jzul,FORTnITE,post,1552682855,negative
b1vpdh,FORTnITE,post,1552761723,neutral
b1yzde,FORTnITE,post,1552780208,negative
b2ntgu,FORTnITE,post,1552941830,neutral
b3qnqg,FORTnITE,post,1553175659,neutral
b3s2ht,FORTnITE,post,1553183092,negative
b4hvm4,FORTnITE,post,1553338389,neutral
b4otoh,Insurance,post,1553378589,neutral
b29k01,JustUnsubbed,post,1552854307,negative
awl447,LeagueOfMeta,post,1551553806,negative
awycr1,MaddenMobileForums,post,1551645919,negative
aym74l,Mavericks,post,1552019972,neutral
ayy6ih,PewdiepieSubmissions,post,1552095616,neutral
b2qvlq,SCP,post,1552957826,neutral
ax0exj,TopMindsOfReddit,post,1551657839,negative
b3gs2r,TopMindsOfReddit,post,1553112693,neutral
b6yzzt,brasil,post,1553874986,positive
b1ak5b,custommagic,post,1552625043,neutral
b25zsi,dankmemes,post,1552834857,negative
b26134,dankmemes,post,1552835065,negative
b0oj5y,dankmemes,post,1552497322,negative
b6x6gh,dankmemes,post,1553865574,negative
b793h8,dankmemes,post,1553936111,negative
az8qnh,disability,post,1552169199,neutral
b0tux7,engineering,post,1552524372,neutral
awnsxv,findareddit,post,1551569210,negative
b3zsdf,fivenightsatfreddys,post,1553223380,neutral
axmgbi,france,post,1551800316,negative
b1ubjj,futurama,post,1552754044,negative
b7fafq,futurama,post,1553975797,negative
b6a92s,gaming,post,1553723077,neutral
b78zlm,gonewild,post,1553935132,neutral
b42wqo,magicthecirclejerking,post,1553246386,negative
b4czge,memes,post,1553302634,negative
b3ubya,memes,post,1553194020,negative
b2sg6z,mentalhealth,post,1552966871,negative
b5qvge,mildlyinfuriating,post,1553613119,negative
b665yi,redditrequest,post,1553703489,neutral
b0fpm9,redditrequest,post,1552438515,neutral
awjp2e,redditrequest,post,1551545889,neutral
azwrdj,redditrequest,post,1552328440,neutral
b31zkt,redditrequest,post,1553025121,neutral
azd28j,redditrequest,post,1552199666,neutral
azxwht,rugbyunion,post,1552334075,neutral
b1kz3l,shittysuperpowers,post,1552688086,negative
b1ag3b,subredditcancer,post,1552624255,negative
aypspm,test,post,1552048591,neutral
b2bufh,unpopularopinion,post,1552867295,neutral
b3eo4y,wallstreetbets,post,1553102213,neutral
b7fhh5,youtubetitties,post,1553976900,negative
azk67s,BPD,post,1552250560,negative
b5prqb,DealsReddit,post,1553607234,negative
b4asks,DnDBehindTheScreen,post,1553290475,neutral
b7k8qq,DunderMifflin,post,1554009202,negative
b16ydr,FreeSpeech,post,1552603297,negative
b3uy3k,JustUnsubbed,post,1553197032,negative
awncfo,KarmaCourt,post,1551566446,negative
b0ww1d,MaddenUltimateTeam,post,1552544509,negative
b7luyb,Memes_Of_The_Dank,post,1554023842,neutral
b1b6h3,PewdiepieSubmissions,post,1552629489,neutral
b2hx3d,PewdiepieSubmissions,post,1552910820,negative
b6ketu,PokemonTCG,post,1553788025,neutral
axdu7j,Rainbow6,post,1551741191,neutral
axq14d,Rainbow6,post,1551818964,neutral
axquzb,Rainbow6,post,1551823321,negative
axu5f8,Rainbow6,post,1551842951,negative
ay2q3w,Rainbow6,post,1551900131,negative
ay8r22,Rainbow6,post,1551934381,neutral
aza71h,Rainbow6,post,1552178309,negative
azbr38,Rainbow6,post,1552189344,negative
b26z0n,Rainbow6,post,1552840481,negative
b40pv7,Rainbow6,post,1553229472,negative
b4uknc,Rainbow6,post,1553420376,negative
b5ei0q,Rainbow6,post,1553539035,negative
ax999h,Showerthoughts,post,1551718205,negative
az9wmg,The_Donald,post,1552176443,neutral
b14jte,baseball,post,1552591474,neutral
az60mv,cringepics,post,1552153746,neutral
b7qymv,dankmemes,post,1554057105,negative
awuq7s,dankmemes,post,1551625324,negative
b3c4iw,dankmemes,post,1553089123,negative
b00o0g,dankmemes,post,1552347932,negative
b01x9s,dankmemes,post,1552355152,negative
b0fryb,dankmemes,post,1552438894,negative
b0pzlw,dankmemes,post,1552504487,negative
ayk6cm,dotamasterrace,post,1552006647,neutral
b65gkz,entp,post,1553699096,neutral
b6rqbg,facepalm,post,1553825736,negative
b6g7bz,familyguy,post,1553761440,negative
b4sz16,hinduism,post,1553405903,neutral
ay5mx2,hmmm,post,1551915101,neutral
ax2jfl,im14andthisisdeep,post,1551671174,neutral
axjit8,jailbreak,post,1551780215,neutral
b26q98,malelivingspace,post,1552839123,negative
b7e9zl,memes,post,1553970166,negative
b7m9pk,memes,post,1554027466,negative
b5kkhx,metalgearsolid,post,1553569966,negative
b1jisy,modhelp,post,1552680340,neutral
b27fb9,modhelp,post,1552842938,neutral
ax8c6a,nba,post,1551713388,neutral
b04s6i,nba,post,1552374569,neutral
b0foe7,nfl,post,1552438323,positive
ayfacq,quittingkratom,post,1551980258,negative
b5mc62,redditrequest,post,1553582142,neutral
b7dmv4,redditrequest,post,1553966465,neutral
axqis9,redditrequest,post,1551821541,neutral
b5qnyu,redditrequest,post,1553612074,neutral
aykqyn,rocksmith,post,1552010308,positive
b2qfpp,teenagers,post,1552955377,negative
b02vqy,teslamotors,post,1552360941,neutral
b19v5c,thedivision,post,1552620383,neutral
awxh6o,trebuchetmemes,post,1551641195,negative
b4v5m8,trebuchetmemes,post,1553425218,negative
b5lb3d,wow,post,1553574788,negative
azzbtr,2007scape,post,1552341035,neutral
b5wmpb,AskModerators,post,1553641105,negative
b0g71a,AskReddit,post,1552441395,neutral
awaf23,Catholicism,post,1551478304,positive
az0hqm,DDLC,post,1552112215,neutral
b08p1j,FortNiteBR,post,1552402597,negative
b0p3rl,FortNiteBR,post,1552500162,neutral
b5te72,MouseReview,post,1553625269,negative
b2lnce,PewdiepieSubmissions,post,1552930927,positive
b69uhs,PoliticalHumor,post,1553721176,neutral
b5r1ac,dankmemes,post,1553613893,negative
b5tf50,dankmemes,post,1553625397,negative
b3xl0h,dankmemes,post,1553210568,negative
b6n19w,dankmemes,post,1553800783,negative
b3x5de,dankmemes,post,1553208231,negative
b3yfob,dankmemes,post,1553215257,negative
b706ap,funny,post,1553880835,negative
aystks,gaming,post,1552065936,negative
b312dh,knifeclub,post,1553020583,neutral
b7sww4,kpop,post,1554067140,neutral
b4kdd5,lgbt,post,1553354902,negative
ayxf7y,peloton,post,1552090761,negative
awproy,redditrequest,post,1551582056,neutral
b3i2pk,redditrequest,post,1553119014,neutral
b1444g,redditrequest,post,1552589323,neutral
b2248h,seduction,post,1552801914,neutral
b4cevz,teenagers,post,1553299238,neutral
b56p17,television,post,1553491914,neutral
b56tmp,television,post,1553492890,neutral
axwwli,thewalkingdead,post,1551863974,negative
b56j9o,thewalkingdead,post,1553490732,neutral
b56l99,thewalkingdead,post,1553491140,neutral
b3zk73,totallynotrobots,post,1553221981,negative
b7s6yb,trashy,post,1554063408,negative
b24t03,AgainstHateSubreddits,post,1552826722,negative
axcvnb,AskReddit,post,1551736112,negative
awi7em,Competitiveoverwatch,post,1551536505,negative
b03fbq,EscapefromTarkov,post,1552364442,negative
b5rz0m,FireEmblemHeroes,post,1553618395,positive
b3s6fy,FortNiteBR,post,1553183633,negative
awppqo,HistoryMemes,post,1551581677,neutral
b0fovm,Libertarian,post,1552438400,neutral
b2at5l,Memes_Of_The_Dank,post,1552861223,negative
ax6rtr,Memes_Of_The_Dank,post,1551703726,negative
b6m4ls,SaraJUnderwood,post,1553796323,negative
az7u1e,Seaofthieves,post,1552164069,negative
axuepo,chelseafc,post,1551844594,positive
b5r7zb,dank_meme,post,1553614790,negative
b2kxqe,dankmemes,post,1552927369,neutral
b7gjf1,dankmemes,post,1553983141,negative
b1ijth,dankmemes,post,1552675387,negative
b3ik43,dankmemes,post,1553121448,neutral
az4nle,dankmemes,post,1552145816,negative
b3uxaa,dankmemes,post,1553196923,negative
azfx2k,dankmemes,post,1552226562,negative
ay06ft,discordapp,post,1551886921,neutral
b0t7tf,firefox,post,1552520778,negative
b5gknn,gatech,post,1553548737,neutral
awl6a3,hamptonbrandon,post,1551554147,negative
b5m6wb,hearthstonecirclejerk,post,1553581001,negative
b6r7do,homestuck,post,1553822539,neutral
b7begg,im14andthisisdeep,post,1553953312,neutral
b7qcfy,lgbt,post,1554053945,negative
b6h4ti,meme,post,1553769082,neutral
b74uw6,memes,post,1553905499,negative
b064qd,memes,post,1552385966,neutral
b4j4jj,mildlyinfuriating,post,1553347452,negative
awuwj3,redditrequest,post,1551626453,neutral
b50b8i,redditrequest,post,1553455511,neutral
b6y8do,redditrequest,post,1553871160,neutral
ayes8p,redditrequest,post,1551977747,neutral
b224sx,subredditcancer,post,1552802039,negative
b196c6,teenagers,post,1552616088,negative
b1m7sz,vaxxhappened,post,1552695258,neutral
b4srgl,wallstreetbets,post,1553404188,negative
awo0hh,2meirl4meirl,post,1551570464,negative
b7bs7l,2meirl4meirl,post,1553955595,negative
ay66np,AskReddit,post,1551918294,neutral
aya42g,AskReddit,post,1551944828,neutral
aysp7x,Assistance,post,1552065303,neutral
axho6r,Braincels,post,1551765307,negative
ayd04f,Brawlstars,post,1551967854,neutral
b4hj67,Drama,post,1553335588,negative
b0ofq5,Drama,post,1552496835,negative
awjp29,Eve,post,1551545889,negative
b6pg2y,Ice_Poseidon,post,1553812817,negative
b7u71r,JUSTNOMIL,post,1554074329,negative
b3vkgb,MortalKombat,post,1553200116,neutral
b5subw,MultipleSclerosis,post,1553622688,positive
b1bi3b,PewdiepieSubmissions,post,1552631888,negative
azgshm,PhotoshopRequest,post,1552232137,neutral
azvvqb,PrequelMemes,post,1552324017,neutral
awmisp,The_Donald,post,1551561618,negative
b14chk,The_Donald,post,1552590475,negative
axht2e,WhatsWrongWithYourDog,post,1551766268,neutral
b0n35i,brexit,post,1552489867,neutral
b5m5uc,capetown,post,1553580796,negative
b6u8t7,dankmemes,post,1553844133,negative
b1kadu,dankmemes,post,1552684382,negative
b6qmge,dankmemes,post,1553819156,negative
b6y3nd,dankmemes,post,1553870492,positive
ax9xf6,dankmemes,post,1551721468,negative
b0llkw,dankmemes,post,1552481194,neutral
b6jmw5,dankmemes,post,1553784225,neutral
b7p4u5,dankmemes,post,1554047351,neutral
b1shf1,dankmemes,post,1552743264,positive
b0s2to,dankmemes,post,1552514816,negative
b23s68,dankmemes,post,1552817621,negative
b44kx0,darkjokes,post,1553258361,negative
b35n4o,explainlikeimfive,post,1553044068,negative
b509io,findareddit,post,1553455269,negative
b54u5z,lanadelrey,post,1553479907,positive
b15ia0,longisland,post,1552596156,neutral
b1e30n,maryland,post,1552651394,neutral
ayl3np,modhelp,post,1552012558,neutral
b51zyl,modhelp,post,1553463849,neutral
b29lmf,rant,post,1552854553,negative
awnxoh,redditrequest,post,1551569991,neutral
ay8zwy,redditrequest,post,1551936125,neutral
awjuvx,redditrequest,post,1551546827,neutral
b74pi0,redditrequest,post,1553904639,neutral
b0sjut,redditrequest,post,1552517218,neutral
b1a5g2,redditrequest,post,1552622264,neutral
axphj9,selfie,post,1551816068,neutral
b175c6,solotravel,post,1552604295,negative
b5jslo,teenagers,post,1553565413,neutral
b6l1uj,windsorontario,post,1553791095,negative
azqc9r,AnthemTheGame,post,1552288142,negative
b1h4uc,Buddhism,post,1552668211,neutral
b0s400,CFB,post,1552514980,positive
aw3p5z,FIFA,post,1551438788,neutral
ax5ba2,JordanPeterson,post,1551692207,neutral
b1fism,LSD,post,1552659607,neutral
b79yby,ModSupport,post,1553943167,neutral
b1d2jv,ModSupport,post,1552644379,negative
avy7yz,MortalKombat,post,1551400004,neutral
avyb6a,MortalKombat,post,1551400551,negative
avyfp7,MortalKombat,post,1551401335,neutral
avys0r,MortalKombat,post,1551403429,neutral
avysls,MortalKombat,post,1551403532,neutral
avyuqi,MortalKombat,post,1551403905,neutral
avzpvl,MortalKombat,post,1551409338,negative
awf39c,MortalKombat,post,1551510214,neutral
azdj3u,MortalKombat,post,1552204200,neutral
azidpc,MortalKombat,post,1552241121,neutral
b3cjzg,MortalKombat,post,1553091406,negative
b3fzc4,MortalKombat,post,1553108730,negative
b51gxl,MortalKombat,post,1553461180,neutral
b5h74w,MortalKombat,post,1553551718,neutral
b73z89,MortalKombat,post,1553900454,negative
b6a9rg,Nicegirls,post,1553723159,neutral
b6f99p,Nicegirls,post,1553753717,neutral
b2tufd,Polandballart,post,1552976472,neutral
b3iqp1,The_Donald,post,1553122411,negative
b6unfk,arrow,post,1553847826,neutral
b0axi1,cirkeltrek,post,1552413946,negative
axmc14,dankmemes,post,1551799650,negative
b5bxgy,dankmemes,post,1553527070,negative
b30ym6,dankmemes,post,1553020057,neutral
b5nztg,dankmemes,post,1553596053,negative
b5pe3m,dankmemes,post,1553605108,neutral
b11l2k,dankmemes,post,1552576885,negative
b29cj8,dankmemes,post,1552853168,neutral
b2bmga,dankmemes,post,1552865961,negative
azq041,dankmemes,post,1552285617,neutral
b1uc98,dontdeadopeninside,post,1552754154,negative
aynxq2,ethereum,post,1552033562,negative
awykzb,fivenightsatfreddys,post,1551647201,negative
ay3eoi,gifs,post,1551903622,negative
ay3j43,gifs,post,1551904252,negative
b258t2,gifs,post,1552829971,neutral
b4j34w,gifs,post,1553347192,negative
b6u9n5,help,post,1553844337,neutral
b1k4ji,help,post,1552683536,neutral
b4krqp,insanepeoplefacebook,post,1553356975,negative
b5oqt9,insanepeoplefacebook,post,1553601147,neutral
b3tqth,intj,post,1553191250,negative
b1dpfn,leaves,post,1552648890,positive
b6spdm,memes,post,1553832075,negative
b3g9h7,newzealand,post,1553110132,negative
b4jdac,pewdiepie,post,1553349018,negative
b5zazd,queensuniversity,post,1553656390,neutral
b1mwse,redditrequest,post,1552699595,neutral
b1aoxs,redditrequest,post,1552626004,neutral
b2yapt,redditrequest,post,1553006843,neutral
ayk726,redditrequest,post,1552006772,neutral
b7gjx0,redditrequest,post,1553983223,neutral
b6687w,redditrequest,post,1553703797,neutral
ax6mak,redditrequest,post,1551702700,neutral
aybz02,redditrequest,post,1551960775,neutral
b16np0,teenagers,post,1552601811,negative
b3g6rg,therewasanattempt,post,1553109751,negative
b4qq9q,unpopularopinion,post,1553390420,negative
aysa7k,unpopularopinion,post,1552063114,negative
aw3bv3,weekendgunnit,post,1551435879,negative
b2cy3z,AnthemTheGame,post,1552874076,neutral
b19jzv,ApplyingToCollege,post,1552618435,neutral
azrb83,AskReddit,post,1552296077,neutral
b5wk04,AskReddit,post,1553640703,neutral
b5sh1r,AskReddit,post,1553620835,negative
b74q7b,Braincels,post,1553904741,negative
b7nquw,Braincels,post,1554038893,neutral
b5jvm3,ChapoTrapHouse,post,1553565887,neutral
ay2qva,Cumtown,post,1551900232,neutral
b4vsf9,Drama,post,1553430234,negative
b76ij4,FrankOcean,post,1553916060,neutral
awgliz,GoForGold,post,1551523546,negative
b1h3xq,LSD,post,1552668085,neutral
b75w54,PewdiepieSubmissions,post,1553911974,neutral
b75w6b,PewdiepieSubmissions,post,1553911980,neutral
b5c5ih,ShingekiNoKyojin,post,1553528183,neutral
b3vnx4,Showerthoughts,post,1553200605,negative
awnhbm,bangtan,post,1551567272,neutral
b3p89l,business,post,1553166509,neutral
ax6v8y,copypasta,post,1551704378,negative
b53uzv,curlyhair,post,1553474201,positive
b3u79z,dankmemes,post,1553193400,neutral
b1kvdm,dankmemes,post,1552687532,negative
b1s318,dankmemes,post,1552740444,negative
ay333k,dankmemes,post,1551901957,negative
b5g1xj,dankmemes,post,1553546267,negative
b4ue92,dankmemes,post,1553418730,neutral
b3y4xr,dankmemes,post,1553213622,negative
axs6lt,dankmemes,post,1551830807,neutral
axl6vk,dankmemes,post,1551792743,negative
b6n50v,dankmemes,post,1553801299,neutral
b2uda9,future_fight,post,1552980318,neutral
axp06x,indianapolis,post,1551813584,negative
ax8fdn,itookapicture,post,1551713880,negative
b5brmx,jhu,post,1553526258,neutral
b4vy2n,meme,post,1553431399,negative
b2rupc,memes,post,1552963253,negative
b5ja1b,memes,post,1553562556,neutral
b7hsmr,memes,post,1553991198,neutral
ayp674,minecraftsuggestions,post,1552044008,neutral
b7huzs,modhelp,post,1553991625,neutral
azao03,modhelp,post,1552181537,neutral
ayapdj,nl_Kripparrian,post,1551950376,neutral
b2iwct,projectzomboid,post,1552916670,neutral
b47mpu,rage,post,1553274648,negative
axbagm,redditrequest,post,1551728181,neutral
b7ozhd,redditrequest,post,1554046454,positive
ax6mvo,redditrequest,post,1551702805,neutral
b5ucc6,redditrequest,post,1553629824,neutral
b47fgj,sbubby,post,1553273640,neutral
awuabe,shittyideas,post,1551622149,negative
b0zcdi,shittyideas,post,1552563934,negative
b3a6aw,teenagers,post,1553076319,positive
b5my15,traps,post,1553587132,negative
b0jjxe,wow,post,1552465581,negative
b6lgll,2007scape,post,1553793053,positive
axmz46,AMA,post,1551803044,neutral
b7a0oe,BPD,post,1553943670,positive
b250j6,Browns,post,1552828282,neutral
azla7w,CalPolyPomona,post,1552256466,negative
aznu9y,Feminism,post,1552271663,neutral
b6kwtu,HistoryMemes,post,1553790428,negative
ay4b9w,MemeEconomy,post,1551908186,negative
azx7ck,MemeEconomy,post,1552330612,neutral
b1brl0,MemeEconomy,post,1552633935,negative
b1bs8p,MemeEconomy,post,1552634069,negative
b1hnag,MemeEconomy,post,1552670787,neutral
b748mx,MemeEconomy,post,1553901876,negative
b7hruq,MemeEconomy,post,1553991065,neutral
b5icc0,Memes_Of_The_Dank,post,1553557560,negative
ayhor2,PewdiepieSubmissions,post,1551992650,positive
ayqxve,PewdiepieSubmissions,post,1552055712,positive
aznfnb,StarWarsBattlefront,post,1552269193,positive
b1qr6c,The_Donald,post,1552729415,negative
b7thsy,dankmemes,post,1554070255,negative
b6xwlf,dankmemes,post,1553869479,negative
b569d5,dankmemes,post,1553488833,negative
b57x68,dankmemes,post,1553502007,neutral
b2188a,exmormon,post,1552794868,neutral
awol5n,ladybonersgw,post,1551574000,neutral
b6rwul,ladybonersgw,post,1553826852,neutral
b6svse,ladybonersgw,post,1553833323,neutral
b106oz,leagueoflegends,post,1552569181,neutral
aw5h9o,nba,post,1551450322,neutral
axbpmr,redditrequest,post,1551730268,neutral
b2lpfv,redditrequest,post,1552931200,neutral
b2zayl,redditrequest,post,1553011925,neutral
b66ee1,running,post,1553704604,neutral
b5sb23,socialscience,post,1553620017,neutral
b6b9dp,teenagers,post,1553728185,positive
b7msov,AskOuija,post,1554031854,negative
b2kcop,AutoModerator,post,1552924470,neutral
b7uc1q,CrackWatch,post,1554075138,negative
b7ugoi,CrackWatch,post,1554075904,negative
b7tp26,DBZDokkanBattle,post,1554071408,neutral
ay6eeq,DesignerReps,post,1551919559,negative
b0bven,Destiny,post,1552418671,negative
b2d3bv,Fuckthealtright,post,1552874979,neutral
ay58ry,ModSupport,post,1551913023,neutral
ayz20i,NatureIsFuckingLit,post,1552101708,negative
ayz5zx,NatureIsFuckingLit,post,1552102483,negative
b377x2,PokemonCreate,post,1553053598,neutral
awa1ay,RimWorld,post,1551476136,neutral
b6ogpv,RimWorld,post,1553807825,neutral
axlbc4,ShokugekiNoSoma,post,1551793555,negative
b4ynip,Showerthoughts,post,1553447150,negative
axczad,Showerthoughts,post,1551736640,neutral
axd0bd,Showerthoughts,post,1551736796,neutral
aw9k31,The_Donald,post,1551473414,negative
b75fc2,Tinder,post,1553908998,negative
aweh3z,baseball,post,1551505375,negative
b2coh2,boottoobig,post,1552872374,negative
b2crwg,boottoobig,post,1552872972,negative
awknno,casualiama,post,1551551228,neutral
ayh5ee,confusing_perspective,post,1551989835,negative
azucv6,dankmemes,post,1552316039,negative
b7g5rz,dankmemes,post,1553980829,negative
azaf5z,dankmemes,post,1552179849,neutral
b7az6b,dankmemes,post,1553950595,negative
b0tttz,dankmemes,post,1552524193,negative
b6uk8t,dankmemes,post,1553846994,negative
b57aal,dankmemes,post,1553496570,negative
b62s7m,discordapp,post,1553682418,negative
axdg0w,electronic_cigarette,post,1551739093,neutral
b2vsuo,freefolk,post,1552991737,neutral
b4ls1t,freefolk,post,1553362233,neutral
b747p9,freefolk,post,1553901722,neutral
awqdn9,hacking,post,1551586493,neutral
b2pw15,hacking,post,1552952459,negative
awl661,help,post,1551554130,neutral
b3cozd,lancaster,post,1553092138,negative
b0eg8r,letsplay,post,1552431689,positive
b50462,lgbt,post,1553454526,negative
b5rp8v,mac,post,1553617088,neutral
axvyo2,madlads,post,1551855634,positive
b2khgr,memes,post,1552925143,positive
b41ggp,memes,post,1553234999,negative
ayhxwj,memes,post,1551993989,negative
b54pg5,memes,post,1553479128,negative
b5evkm,punchableface,post,1553540828,negative
b4k139,quittingkratom,post,1553352974,neutral
b33wnr,redditrequest,post,1553034612,neutral
b3lfz8,redditrequest,post,1553137582,neutral
axw3un,redditrequest,post,1551856833,neutral
b5ch01,teenagers,post,1553529724,neutral
b0gds2,teslamotors,post,1552442515,positive
b2tl8l,unpopularopinion,post,1552974660,negative
ayqwrs,2007scape,post,1552055529,positive
b2vnh3,2007scape,post,1552990657,neutral
ay576x,AnthemTheGame,post,1551912784,negative
ayurl0,AskOuija,post,1552076115,neutral
b35xof,AskReddit,post,1553045798,neutral
b3pn15,BPDlovedones,post,1553169378,negative
azo4cm,Drama,post,1552273354,neutral
ay5cq1,Dreamtheater,post,1551913570,neutral
b19rzv,FULLCOMMUNISM,post,1552619828,negative
b10ag2,GreenBayPackers,post,1552569771,neutral
b5v0et,HelpMeFind,post,1553633055,neutral
azznkc,IAmA,post,1552342598,positive
b7kd5r,Ice_Poseidon,post,1554010207,neutral
axn8cx,LittleRock,post,1551804393,neutral
aweqap,PetiteGoneWild,post,1551507283,positive
ayag64,PewdiepieSubmissions,post,1551947952,neutral
b5e4th,StPetersburgFL,post,1553537261,neutral
axe598,SubredditDrama,post,1551742914,negative
azml94,SubredditDrama,post,1552264056,neutral
b18ndq,SubredditDrama,post,1552612827,negative
b3g7vn,SubredditDrama,post,1553109909,neutral
b4xq8k,SubredditDrama,post,1553442271,negative
b5akii,SubredditDrama,post,1553519773,negative
b5cwas,SubredditDrama,post,1553531709,negative
b6jztw,SubredditDrama,post,1553786009,negative
b6k4bn,SubredditDrama,post,1553786611,negative
b7j8hg,SubredditDrama,post,1554001329,negative
b7jblt,SubredditDrama,post,1554002004,negative
b4v0vr,The_Donald,post,1553424123,negative
b57qeo,The_Donald,post,1553500352,negative
b02d0g,The_Donald,post,1552357825,negative
b6ztx3,Wellthatsucks,post,1553879114,negative
b0ndfm,dank_meme,post,1552491409,negative
b40srw,dankmemes,post,1553230015,negative
b4r63d,dankmemes,post,1553393160,neutral
b1y5di,dankmemes,post,1552775038,negative
b3xzly,dankmemes,post,1553212829,positive
b7i5a1,dankmemes,post,1553993595,negative
b5ggia,dankmemes,post,1553548201,negative
b30wzc,dankmemes,post,1553019831,negative
az6g22,fifaclubs,post,1552156123,negative
b2yjwy,help,post,1553008176,neutral
b4fdhq,paydaytheheist,post,1553318354,negative
axf6fc,redditrequest,post,1551748919,neutral
b41lew,redditrequest,post,1553236047,neutral
b1mw5e,redditrequest,post,1552699475,neutral
b2yr1j,redditrequest,post,1553009158,neutral
b7nim1,redditrequest,post,1554037304,neutral
b1tfvf,subredditcancer,post,1552749067,negative
azni40,teenagers,post,1552269606,neutral
ayfczu,tf2,post,1551980647,neutral
axgn9m,unpopularopinion,post,1551757586,negative
axohha,unpopularopinion,post,1551810857,negative
axslf4,unpopularopinion,post,1551833242,negative
axb3x5,unpopularopinion,post,1551727291,negative
b5wjww,unpopularopinion,post,1553640686,negative
b4pmwy,3amjokes,post,1553383525,neutral
ayytce,4PanelCringe,post,1552100056,neutral
b57bdc,AnthemTheGame,post,1553496823,neutral
b11dyq,AskReddit,post,1552575891,neutral
axevfc,BestOfOutrageCulture,post,1551747110,neutral
b521gu,Braincels,post,1553464061,negative
awspu4,ChoosingBeggars,post,1551607604,negative
b2q6lc,CollegeBasketball,post,1552954040,positive
b0f0vd,CrappyDesign,post,1552434751,neutral
b6xksy,KarmaCourt,post,1553867788,negative
b2z0jh,Neverbrokeabone,post,1553010491,neutral
b4tnxy,RotMG,post,1553411901,neutral
b6l3b0,RotMG,post,1553791296,neutral
b113j8,SubredditDrama,post,1552574372,negative
axqenn,TeenMomOGandTeenMom2,post,1551820936,negative
ay8byj,TeenMomOGandTeenMom2,post,1551931535,neutral
b3iz1n,TeenMomOGandTeenMom2,post,1553123644,negative
b451ac,The100,post,1553261066,neutral
awjkio,TheGreatWarChannel,post,1551545158,neutral
b3swmb,The_Donald,post,1553187174,neutral
b6myzu,TooAfraidToAsk,post,1553800479,neutral
b4bmy6,WatchRedditDie,post,1553294890,negative
b257z2,aznidentity,post,1552829784,neutral
b48b08,birdswitharms,post,1553277965,negative
ayg910,changemyview,post,1551985187,negative
b65u6c,dankmemes,post,1553701699,negative
b4nlie,dankmemes,post,1553371652,neutral
azahir,dankmemes,post,1552180270,negative
b6lzhf,dankmemes,post,1553795633,neutral
b2dvym,dankmemes,post,1552880313,negative
b54cny,dankmemes,post,1553477032,negative
b5k086,dankmemes,post,1553566614,negative
b6oa91,dankmemes,post,1553806959,neutral
b3dqq9,dfsports,post,1553097628,neutral
b508kf,gay,post,1553455135,negative
b1bhzj,help,post,1552631861,neutral
awjqzy,me_irl,post,1551546197,neutral
b6vcea,meme,post,1553853554,neutral
ayae7u,modhelp,post,1551947404,neutral
ayt345,modhelp,post,1552067326,neutral
ay1z2u,nba,post,1551896272,neutral
b3mah1,opiates,post,1553142911,positive
b0cf95,realms,post,1552421396,neutral
azezbn,reddevils,post,1552218942,neutral
aygrbl,redditrequest,post,1551987801,neutral
b5pvcy,redditrequest,post,1553607805,negative
b0evhl,redditrequest,post,1552433919,neutral
b2ay62,redditrequest,post,1552862006,neutral
b2cqwq,redditrequest,post,1552872791,neutral
b10xh4,redditrequest,post,1552573452,neutral
awemxl,securityguards,post,1551506567,neutral
b6fyzm,teenagers,post,1553759472,neutral
ay34x4,unpopularopinion,post,1551902229,negative
b5y1ww,whiteknighting,post,1553648916,negative
b7muxm,2007scape,post,1554032359,positive
b0sq8d,AlienBlue,post,1552518157,neutral
b0b2cl,AskOuija,post,1552414617,neutral
b71mks,AskReddit,post,1553888036,neutral
b1pqbt,AskReddit,post,1552720085,neutral
b473eg,BABYMETAL,post,1553271890,negative
b2aj4g,Billions,post,1552859634,neutral
b34h2y,CanadianMOMs,post,1553037554,neutral
b1xlmm,ChapoTrapHouse,post,1552771881,neutral
b1xpgv,ChapoTrapHouse,post,1552772487,negative
ay6wcc,ChoosingBeggars,post,1551922610,neutral
axnmce,Drugs,post,1551806432,neutral
b0x8p1,GiftofGames,post,1552547250,neutral
axtvaq,Libertarian,post,1551841152,negative
b6exuq,Memes_Of_The_Dank,post,1553751229,negative
b6z0lp,MtF,post,1553875074,negative
axekvi,Overwatch,post,1551745388,negative
b5j4hc,Padres,post,1553561731,positive
b3m4hg,Showerthoughts,post,1553141802,neutral
b6o4ga,TheWalkingDeadGame,post,1553806150,neutral
b6pj5d,cringe,post,1553813250,neutral
b3zxop,dankmemes,post,1553224307,negative
b6mo9j,dankmemes,post,1553799034,negative
b68gh5,dankmemes,post,1553714478,neutral
ay9t0f,dankmemes,post,1551942267,negative
b6xeb9,dankmemes,post,1553866810,negative
b0zjwo,dankmemes,post,1552565309,neutral
b61bme,dankmemes,post,1553670669,negative
b3iidt,dankmemes,post,1553121208,neutral
b2gel1,dankmemes,post,1552900079,neutral
b2geyg,dankmemes,post,1552900171,negative
b6vqz3,dankmemes,post,1553856581,negative
awr8ss,dankmemes,post,1551593163,positive
b27aq4,gwent,post,1552842242,neutral
b4a5hd,help,post,1553287177,neutral
b1n799,ideasfortheadmins,post,1552701474,neutral
b4cdbj,infj,post,1553298989,negative
b76f3k,memes,post,1553915394,negative
ay62yu,memes,post,1551917688,neutral
b28jg9,modeltrains,post,1552848921,neutral
axme4u,modhelp,post,1551799972,neutral
b5e5r1,modhelp,post,1553537383,neutral
b2g4kh,pacers,post,1552897795,negative
b1v8u9,redditrequest,post,1552759278,neutral
axsdh1,redditrequest,post,1551831918,neutral
az8ves,redditrequest,post,1552169975,neutral
axbhps,redditrequest,post,1551729184,neutral
ayzizt,redditrequest,post,1552104990,neutral
b1mlfo,redditrequest,post,1552697561,neutral
b2xtfb,secretsanta,post,1553004331,neutral
ay427q,seduction,post,1551906947,neutral
azgtb9,teenagers,post,1552232278,neutral
b02h3d,teenagers,post,1552358517,neutral
b7mrra,teenagers,post,1554031638,positive
b7ocr2,teenagers,post,1554042679,positive
b7pm7u,teenagers,post,1554050143,positive
ayrrul,unpopularopinion,post,1552060407,negative
awp3hp,youtubehaiku,post,1551577430,negative
awry27,youtubehaiku,post,1551599557,negative
b0waxr,youtubehaiku,post,1552540032,neutral
b11t9a,2007scape,post,1552578065,negative
axoecs,AskOuija,post,1551810393,neutral
azxrh4,AutoModerator,post,1552333404,neutral
b1gps2,CrazyIdeas,post,1552666036,neutral
b4oze4,DeepFriedMemes,post,1553379535,neutral
b3hrro,FortNiteBR,post,1553117516,neutral
ay4biq,IAmA,post,1551908220,positive
b15cgj,MensLib,post,1552595346,negative
axry6l,ModSupport,post,1551829365,neutral
azpfba,Neverbrokeabone,post,1552281631,neutral
b1i4hs,OutOfTheLoop,post,1552673212,neutral
b35yrj,Shitstatistssay,post,1553045980,negative
b2m3yt,Showerthoughts,post,1552933187,neutral
b0e8ut,Showerthoughts,post,1552430637,negative
b0nkrr,Showerthoughts,post,1552492482,negative
b008ye,TaylorSwift,post,1552345660,positive
axav0w,ThriftStoreHauls,post,1551726068,neutral
b6faj3,WatchRedditDie,post,1553753982,negative
b1fbmz,copypasta,post,1552658543,neutral
b66ouo,dank_meme,post,1553706002,negative
az6q2c,dankmemes,post,1552157668,neutral
b3epa4,dankmemes,post,1553102371,negative
b7sds5,dankmemes,post,1554064382,neutral
b7nfhk,dankmemes,post,1554036687,neutral
b528s4,dankmemes,post,1553465154,neutral
b774ea,dankmemes,post,1553920402,neutral
b2ipqo,dankmemes,post,1552915556,negative
b7di7x,dankmemes,post,1553965743,positive
b7dzis,dankmemes,post,1553968543,negative
b7ah5z,goth,post,1553947180,neutral
azb8cw,kratom,post,1552185565,positive
b37na4,lakers,post,1553056474,neutral
b0pyxl,memes,post,1552504397,positive
b1keqa,memes,post,1552685009,neutral
b2i8f6,memes,post,1552912754,neutral
b6ahda,memes,post,1553724165,neutral
b6ih8e,memes,post,1553777925,neutral
b6ipz0,memes,post,1553779316,neutral
b51bjf,motorsportsstreams,post,1553460394,neutral
b1mywv,ottawa,post,1552699975,neutral
az3ic4,powerrangers,post,1552138235,negative
aw0m95,redditrequest,post,1551414976,neutral
b55ixk,redditrequest,post,1553484090,neutral
b1dbnq,redditrequest,post,1552646285,neutral
b6mzmc,redditrequest,post,1553800559,neutral
axdv1y,redditrequest,post,1551741322,neutral
b75ch7,redditrequest,post,1553908509,neutral
b4f80y,redditrequest,post,1553317324,neutral
b2fh1r,redditrequest,post,1552892223,neutral
b4w7ld,redditrequest,post,1553433275,neutral
b67ygm,redditrequest,post,1553712041,neutral
axhttx,thedavidpakmanshow,post,1551766413,neutral
b4zujj,unpopularopinion,post,1553453160,negative
b5r16a,unpopularopinion,post,1553613875,negative
b789q8,unpopularopinion,post,1553928957,negative
ax2107,3Dprinting,post,1551668009,neutral
b124v2,6thForm,post,1552579678,positive
awbbjw,Animemes,post,1551483757,positive
b5vgtk,AnthemTheGame,post,1553635252,neutral
b0ady2,AskReddit,post,1552411164,neutral
b4dzji,ChapoTrapHouse,post,1553309127,negative
b1m1nl,FIFA,post,1552694263,positive
b5gojr,FORTnITE,post,1553549240,negative
ayu2dn,Libertarian,post,1552072417,positive
b39838,NarutoBlazing,post,1553068422,neutral
az088c,Overwatch,post,1552110119,neutral
b2lpbp,PS4,post,1552931183,neutral
b140f9,RocketLeague,post,1552588811,neutral
b27pjn,SandersForPresident,post,1552844483,neutral
ax5afp,Stoicism,post,1551691994,negative
aw32yr,SuddenlyGay,post,1551433852,negative
b3ce6x,SuddenlyGay,post,1553090557,neutral
b5zogn,SuddenlyGay,post,1553658840,negative
aydmy5,TapTitans2,post,1551971597,neutral
b55hxi,TapTitans2,post,1553483914,negative
axjj67,TwoXChromosomes,post,1551780290,neutral
aw73wm,Vaping,post,1551459412,neutral
b2p5m9,Vaping,post,1552948618,neutral
ay41tb,blackmagicfuckery,post,1551906892,negative
b67eej,chicago,post,1553709379,neutral
b1igyq,dankmemes,post,1552674982,neutral
ay6m3w,dankmemes,post,1551920843,neutral
b7m22v,dankmemes,post,1554025624,negative
b6t01b,dankmemes,post,1553834203,negative
b6vnpe,dankmemes,post,1553855924,neutral
az290c,help,post,1552128035,neutral
b5jbs5,istp,post,1553562814,negative
b697d3,penguins,post,1553718061,neutral
b2w7pt,redditrequest,post,1552994626,neutral
b7rnu8,redditrequest,post,1554060711,neutral
b1tpbi,redditrequest,post,1552750587,neutral
b137he,spain,post,1552584804,neutral
ax6api,subredditcancer,post,1551700462,negative
b0vnjy,teenagers,post,1552535498,neutral
b55uvl,teenagers,post,1553486212,neutral
az4gqr,yiff,post,1552144613,neutral
b6pg04,2007scape,post,1553812808,neutral
b1li3f,AskOuija,post,1552691051,neutral
b6tkw2,AskReddit,post,1553838665,neutral
b4yn4p,Braincels,post,1553447100,neutral
az36cq,CrappyDesign,post,1552135754,neutral
b3hrtf,DevilMayCry,post,1553117523,neutral
axu2u9,Drama,post,1551842482,negative
awj6u8,KarmaCourt,post,1551542901,negative
avy9lt,Libertarian,post,1551400281,neutral
aw5pep,Libertarian,post,1551451613,negative
aw5q4h,Libertarian,post,1551451730,negative
b6pw5p,Libertarian,post,1553815145,negative
b0zu8m,LivestreamFail,post,1552567125,negative
ayx17k,Memes_Of_The_Dank,post,1552088451,negative
b4gyto,PUBG,post,1553330943,negative
b2j3au,PewdiepieSubmissions,post,1552917761,negative
b2gxqg,PewdiepieSubmissions,post,1552904220,neutral
b20kbh,SWGalaxyOfHeroes,post,1552790217,neutral
axo0fu,TopMindsOfReddit,post,1551808440,neutral
aymooi,TopMindsOfReddit,post,1552023427,negative
b2t6ti,askaconservative,post,1552971792,negative
b4z739,copypasta,post,1553449891,negative
b5dfcx,dankmemes,post,1553534063,negative
b5dqoe,dankmemes,post,1553535474,negative
axfwtj,dankmemes,post,1551753238,neutral
b710de,dankmemes,post,1553884945,negative
b79wc2,dankmemes,post,1553942704,neutral
b3cpqa,dankmemes,post,1553092246,negative
b3cql7,dankmemes,post,1553092371,negative
b3rv5u,dankmemes,post,1553182098,positive
b5riza,dankmemes,post,1553616250,negative
b1x6e5,discordapp,post,1552769478,neutral
b2ctcz,flatearth,post,1552873223,negative
b0vga1,help,post,1552534207,neutral
b6zthl,madlads,post,1553879052,neutral
b3mvqk,opieandanthony,post,1553147114,negative
b66chq,progmetal,post,1553704364,neutral
b6m21r,questions,post,1553795986,negative
b1se0x,redditrequest,post,1552742647,neutral
b2hqs2,redditrequest,post,1552909703,neutral
b5j5uo,redditrequest,post,1553561933,neutral
b5dfh0,redditrequest,post,1553534076,neutral
b34ai1,redditrequest,post,1553036581,neutral
awpbd4,redditrequest,post,1551578865,neutral
b0gtnj,redditrequest,post,1552445243,neutral
axdf9h,redditrequest,post,1551738977,neutral
b6n1ah,redditrequest,post,1553800784,neutral
ayq50a,redditrequest,post,1552050875,neutral
ayu3gc,sbubby,post,1552072572,negative
az69k6,sbubby,post,1552155117,negative
b19bl4,teslamotors,post,1552616995,negative
b7r7vx,trailerparkboys,post,1554058456,neutral
azcfa7,trebuchetmemes,post,1552194383,negative
b3tr6a,wallstreetbets,post,1553191293,negative
b1hbvy,Animemes,post,1552669188,neutral
azlzev,AnthemTheGame,post,1552260451,negative
azsyqw,AnthemTheGame,post,1552307866,negative
b4cy0z,AskOuija,post,1553302388,neutral
awwt3v,AskReddit,post,1551637601,negative
ayj3ml,AskReddit,post,1552000316,neutral
awukxk,CrusaderKings,post,1551624327,positive
b5ve9k,Drama,post,1553634902,neutral
b4045p,JustNoSO,post,1553225448,negative
awc5c0,MassiveCock,post,1551489119,negative
axyy88,MassiveCock,post,1551879745,positive
b7o1lb,MassiveCock,post,1554040821,neutral
ayswjn,ModSupport,post,1552066357,negative
b7be4z,Neverbrokeabone,post,1553953252,neutral
b7954z,PUBGXboxOne,post,1553936523,negative
b2lsqm,Pac12,post,1552931660,neutral
b0zcvz,PewdiepieSubmissions,post,1552564034,negative
b06rta,StoppedWorking,post,1552390731,negative
b7srg0,The_Donald,post,1554066346,neutral
b5dlyn,Vaping,post,1553534877,neutral
b4wuqx,Vent,post,1553437380,negative
b6j7n5,WatchRedditDie,post,1553781994,negative
b7f7z2,brakebills,post,1553975402,negative
b4aph6,changemyview,post,1553290029,neutral
b7aebl,dankmemes,post,1553946607,negative
b12i97,dankmemes,post,1552581489,neutral
b47y3n,dankmemes,post,1553276236,negative
aylp5p,dankmemes,post,1552016503,positive
ayxebq,dankmemes,post,1552090609,positive
b3j624,dankmemes,post,1553124688,neutral
axgmnz,dankmemes,post,1551757483,negative
b1ak35,dankmemes,post,1552625030,negative
b4d5jv,dankmemes,post,1553303689,negative
aw29uy,darkjokes,post,1551426868,negative
awczyz,darkjokes,post,1551495097,negative
ax39q9,darkjokes,post,1551676063,negative
axymfn,darkjokes,post,1551877621,negative
ayfbe8,darkjokes,post,1551980412,negative
ayfc2i,darkjokes,post,1551980518,negative
ayi70j,darkjokes,post,1551995381,negative
azjq3u,darkjokes,post,1552248222,negative
azjqwu,darkjokes,post,1552248339,negative
b2kqib,darkjokes,post,1552926381,neutral
b3asir,darkjokes,post,1553080832,negative
b3g3fx,darkjokes,post,1553109303,neutral
b3gai0,darkjokes,post,1553110271,neutral
b3k6ee,darkjokes,post,1553130257,neutral
b3p1vl,darkjokes,post,1553165258,neutral
b3wcmd,darkjokes,post,1553204086,negative
b413j0,darkjokes,post,1553232203,negative
b43sp3,darkjokes,post,1553253120,neutral
b446e8,darkjokes,post,1553255815,negative
b49dxp,darkjokes,post,1553283326,neutral
b49q8o,darkjokes,post,1553285025,negative
b4e7zy,darkjokes,post,1553310661,negative
b4l3yi,darkjokes,post,1553358726,negative
b4lcvc,darkjokes,post,1553360016,neutral
b4u9gn,darkjokes,post,1553417486,negative
b4yaps,darkjokes,post,1553445251,negative
b662i2,darkjokes,post,1553703029,neutral
b68npy,darkjokes,post,1553715428,negative
b6hsxr,darkjokes,post,1553773728,negative
b6x5bc,darkjokes,post,1553865402,neutral
b7j5id,darkjokes,post,1554000705,neutral
b7j6zr,darkjokes,post,1554001026,neutral
b7klyy,darkjokes,post,1554012305,neutral
b7lety,darkjokes,post,1554019699,neutral
b7lhxk,darkjokes,post,1554020486,neutral
b7mc9p,darkjokes,post,1554028085,neutral
b7myqu,darkjokes,post,1554033216,neutral
b7ssnp,darkjokes,post,1554066530,negative
b0gcjk,detroitlions,post,1552442302,positive
b35bcg,detroitlions,post,1553042169,positive
b5zniv,detroitlions,post,1553658663,positive
axp101,formula1,post,1551813702,neutral
azydex,formula1,post,1552336350,negative
axdp0t,librarians,post,1551740439,neutral
b5w24z,memes,post,1553638180,negative
az97mr,memes,post,1552172029,negative
b69cib,memes,post,1553718769,negative
b1wdrf,pussypassdenied,post,1552765216,negative
b3wp01,redditrequest,post,1553205823,neutral
b01sce,redditrequest,post,1552354328,neutral
b6hxwb,runescape,post,1553774635,neutral
axfse4,teenagers,post,1551752487,neutral
b2agus,teenagers,post,1552859271,neutral
avy5a2,tf2,post,1551399553,negative
b7o4kp,wholesomememes,post,1554041312,neutral
ayg8t0,AskReddit,post,1551985161,neutral
ayz0f4,DBZDokkanBattle,post,1552101396,neutral
b1f599,DBZDokkanBattle,post,1552657555,neutral
b28da9,DBZDokkanBattle,post,1552848004,neutral
b5ni7t,DeadBedrooms,post,1553591987,positive
b1x34e,MCFC,post,1552768997,neutral
azwpv2,ModSupport,post,1552328232,negative
b730m7,PoliticalHumor,post,1553895178,neutral
b716ww,PrequelMemes,post,1553885858,negative
axts40,SquaredCircle,post,1551840582,neutral
azdng4,Tendies,post,1552205426,negative
awyeio,The_Donald,post,1551646201,neutral
awm95q,The_Donald,post,1551560137,negative
b2tjb1,Vaporwave,post,1552974262,neutral
b4csks,araragi,post,1553301490,neutral
awkgfh,copypasta,post,1551550116,negative
b72osu,dankmemes,post,1553893466,neutral
azbhwe,dankmemes,post,1552187461,negative
b77lyq,dankmemes,post,1553923866,negative
b77tce,dankmemes,post,1553925412,negative
b77vdj,dankmemes,post,1553925828,negative
b1roz7,dankmemes,post,1552737363,neutral
b1ur44,dankmemes,post,1552756463,positive
b4mkhu,dankmemes,post,1553366303,positive
b7aurb,dankmemes,post,1553949768,neutral
aycznf,dankmemes,post,1551967773,negative
b59tle,dankmemes,post,1553515392,negative
b6teso,dankmemes,post,1553837331,negative
b52erm,dankmemes,post,1553466072,negative
b25cqf,eagles,post,1552830708,neutral
ay2kxp,gonewild,post,1551899386,neutral
b5yi4k,im14andthisisdeep,post,1553651541,negative
b6tsdq,memes,post,1553840379,negative
b7g595,memes,post,1553980737,negative
awsub4,nba,post,1551608881,neutral
awaqv8,needamod,post,1551480257,neutral
b0i858,rarepuppers,post,1552454747,neutral
axudjy,redditrequest,post,1551844396,neutral
b3nrq9,redditrequest,post,1553154621,neutral
b6tl5w,redditrequest,post,1553838733,neutral
b7rg2h,redditrequest,post,1554059613,neutral
azyu39,redditrequest,post,1552338621,neutral
b0bvvn,redditrequest,post,1552418732,neutral
b6j1u0,runescape,post,1553781144,negative
b4amk5,summonerswar,post,1553289599,neutral
b7t4je,teenagers,post,1554068229,positive
b6dij3,transformers,post,1553741374,negative
b5ajwv,xbox,post,1553519682,negative
b7n7xj,2007scape,post,1554035148,negative
awqj45,AskReddit,post,1551587643,negative
b7l66o,AskReddit,post,1554017415,neutral
axcc8q,Boise,post,1551733411,neutral
ayg3du,Bossfight,post,1551984380,negative
b3807c,Brawlstars,post,1553058978,negative
avz9w8,CCW,post,1551406586,neutral
b5qo25,Cruise,post,1553612087,neutral
b5fnne,MortalKombat,post,1553544415,neutral
b4jqcq,NBAForums,post,1553351249,neutral
axanos,NoFap,post,1551725061,positive
b68aum,PrequelMemes,post,1553713694,neutral
awdgfo,Smite,post,1551498192,negative
b1rm4o,SubredditDrama,post,1552736703,negative
b22y2t,The_Dennis,post,1552809255,neutral
b2uhui,USLPRO,post,1552981335,neutral
b5qd7s,Vore,post,1553610478,neutral
b4533b,Warthunder,post,1553261366,negative
b6ml4g,aspergers,post,1553798602,neutral
b6usg5,brakebills,post,1553849062,negative
ay96ta,chanceme,post,1551937556,negative
b1nall,circlebroke2,post,1552702083,negative
ay4o6x,coys,post,1551910023,neutral
b7ekh2,crazyexgirlfriend,post,1553971795,positive
b55y08,dank_meme,post,1553486761,neutral
ay9frm,dankmemes,post,1551939403,negative
b1w42f,dankmemes,post,1552763825,negative
aywzi6,dankmemes,post,1552088134,negative
b0leiy,dankmemes,post,1552479973,neutral
b7pybr,discordapp,post,1554051959,negative
azf6rf,disneyvacation,post,1552220845,neutral
b69xy4,exmormon,post,1553721648,negative
b2krw0,gonewild,post,1552926572,neutral
b3wjbc,ireland,post,1553205023,negative
b72hn3,memes,post,1553892417,neutral
b333x4,mildlyinfuriating,post,1553030674,negative
ayph0e,newzealand,post,1552046398,neutral
axgp2c,redditrequest,post,1551758557,neutral
b2whhh,redditrequest,post,1552996480,neutral
b7mk8z,sydney,post,1554029961,neutral
b2cpae,weezer,post,1552872517,neutral
b367rp,weezer,post,1553047466,negative
b0l247,woooosh,post,1552477754,neutral
azpvxy,youtubers,post,1552284787,negative
b6zr9f,ApplyingToCollege,post,1553878745,negative
awae4f,Catholicism,post,1551478157,neutral
axxl75,Catholicism,post,1551869864,neutral
b7p97h,Catholicism,post,1554048087,neutral
az701k,CollegeBasketball,post,1552159265,neutral
b2bsg6,Comcast_Xfinity,post,1552866963,neutral
b7pycq,Forex,post,1554051963,neutral
b0gt42,KansasCityChiefs,post,1552445151,neutral
b23sp6,PrequelMemes,post,1552817755,neutral
b6ym70,The_Dennis,post,1553873026,neutral
b7q8fu,aww,post,1554053385,positive
b3au5u,beetlejuicing,post,1553081155,neutral
ax79fp,copypasta,post,1551706962,negative
aypc17,dank_meme,post,1552045290,negative
b3z52w,dankmemes,post,1553219438,negative
b52bxl,dankmemes,post,1553465636,negative
b20gk8,dankmemes,post,1552789518,neutral
b3yitf,dankmemes,post,1553215758,neutral
ayltt9,dankmemes,post,1552017375,negative
b4ld1m,darkjokes,post,1553360045,negative
b7sdqa,formula1,post,1554064375,neutral
aw4214,help,post,1551441461,negative
b5j6bg,kratom,post,1553562009,negative
ay0yu5,math,post,1551891103,neutral
b1qum8,memes,post,1552730255,negative
b0x0xx,opieandanthony,post,1552545576,neutral
b1goyo,pussy,post,1552665916,neutral
b11x8r,redditrequest,post,1552578649,neutral
azg5gf,redditrequest,post,1552228131,neutral
azm91x,redditrequest,post,1552262038,neutral
b4hap8,singapore,post,1553333703,neutral
axn9ta,smallbusiness,post,1551804612,positive
b1mafa,teenagers,post,1552695687,neutral
b731xc,teenagers,post,1553895372,negative
b7n9hy,teenagers,post,1554035480,neutral
b34pzz,traaaaaaannnnnnnnnns,post,1553038903,neutral
b64qrw,traaaaaaannnnnnnnnns,post,1553694729,negative
b45j3t,unpopularopinion,post,1553263903,negative
b2vwoz,AskOuija,post,1552992480,negative
azl97j,AskReddit,post,1552256314,neutral
b11k5h,asktransgender,post,1552576762,negative
axasab,asoiaf,post,1551725688,positive
b1zsb5,bonehurtingjuice,post,1552785177,negative
b2hjbc,brisbane,post,1552908325,negative
b79rqf,dankmemes,post,1553941696,negative
b533xs,dankmemes,post,1553469953,neutral
b5eky2,dankmemes,post,1553539440,neutral
b3qslf,dankmemes,post,1553176432,neutral
b48qyr,dankmemes,post,1553280161,negative
b6thp6,dankmemes,post,1553837964,negative
az09le,dankmemes,post,1552110406,neutral
aybakf,dankmemes,post,1551955419,negative
b3tbcu,dankmemes,post,1553189178,negative
b7j4eu,darkjokes,post,1554000477,negative
b7rlma,darkjokes,post,1554060388,negative
b6ogfw,discordapp,post,1553807787,neutral
b0ft7n,facepalm,post,1552439093,negative
b6qok8,help,post,1553819500,neutral
azg7q4,mbti,post,1552228542,negative
b6ea4h,memes,post,1553746479,neutral
awp4lx,offmychest,post,1551577629,neutral
axum5u,offmychest,post,1551845930,negative
b0b00o,offmychest,post,1552414289,neutral
b3fsss,offmychest,post,1553107819,negative
b1rgpi,redditrequest,post,1552735453,neutral
b4glwj,redditrequest,post,1553327837,neutral
aw221x,redditrequest,post,1551425069,neutral
awebyg,redditrequest,post,1551504275,negative
b3vcue,redditrequest,post,1553199044,neutral
awe77j,srilanka,post,1551503289,negative
b7t6e1,teenagers,post,1554068495,neutral
az8tmf,teenagers,post,1552169685,neutral
azmqzr,teenagers,post,1552265013,neutral
b7bmel,unpopularopinion,post,1553954655,negative
b6qxcx,Animemes,post,1553820914,neutral
axolrt,DBZDokkanBattle,post,1551811475,negative
ayct7d,DBZDokkanBattle,post,1551966639,negative
ayhgr7,DBZDokkanBattle,post,1551991502,negative
az82vc,DC_Cinematic,post,1552165452,negative
b3dn5l,Drama,post,1553097117,negative
b01d71,IdleHeroes,post,1552351816,neutral
b73fl1,Logic_301,post,1553897407,positive
ayc6wz,NBAForums,post,1551962406,neutral
avyf90,Perfectfit,post,1551401255,negative
b2le1e,PewdiepieSubmissions,post,1552929625,positive
b7aq7x,SWGalaxyOfHeroes,post,1553948892,neutral
awfjjx,Shitstatistssay,post,1551514031,negative
awfm5y,Shitstatistssay,post,1551514649,negative
b2a1ad,The_Donald,post,1552856903,negative
axchpz,Trumpgret,post,1551734167,neutral
ayajyu,atheism,post,1551948999,negative
aycf3o,atheism,post,1551963960,negative
b09st5,beetlejuicing,post,1552408251,negative
b1obbu,bodybuilding,post,1552708901,neutral
b3vbwm,chelseafc,post,1553198917,negative
b3vguv,chelseafc,post,1553199610,negative
b05onl,childfree,post,1552382337,neutral
b1eu7p,cigars,post,1552655808,negative
b3z3u1,dankmemes,post,1553219225,negative
b6kf7y,dankmemes,post,1553788078,negative
b3y2es,dankmemes,post,1553213262,neutral
b3zx8u,dankmemes,post,1553224225,negative
b403bw,dankmemes,post,1553225302,negative
b6m7ib,dankmemes,post,1553796712,neutral
b7c0wa,dankmemes,post,1553956969,negative
b7evx3,dankmemes,post,1553973510,negative
b6lma9,fatlogic,post,1553793825,neutral
b22q8c,help,post,1552807215,neutral
b15wov,insanepeoplefacebook,post,1552598094,neutral
awgpbe,memes,post,1551524501,neutral
b5x8oz,memes,post,1553644448,negative
b1mzgz,memes,post,1552700067,neutral
b2yjl0,mildlyinfuriating,post,1553008130,negative
az7apd,minnesotaunited,post,1552160932,neutral
b5tmne,offmychest,post,1553626415,neutral
ay1x2y,redditmobile,post,1551895980,neutral
b7jucv,redditrequest,post,1554005998,neutral
axdrs8,redditrequest,post,1551740831,neutral
b0t78b,redditrequest,post,1552520692,neutral
awrp3o,rocksmith,post,1551597140,neutral
b60t8m,teenagers,post,1553666834,neutral
b72bpj,teenagers,post,1553891575,negative
b2e0d5,teenagers,post,1552881165,neutral
ayuocl,teenagers,post,1552075640,negative
b5an86,uAlberta,post,1553520201,neutral
b5egfp,washingtondc,post,1553538745,neutral
b29aaz,AskReddit,post,1552852837,negative
b5lsf5,Columbus,post,1553578080,neutral
b3gp1q,ComedyCemetery,post,1553112292,neutral
b42r2r,Cricket,post,1553245162,neutral
b5ny6d,DeepFriedMemes,post,1553595665,negative
b0iocm,EngineeringStudents,post,1552458198,neutral
b3g8c0,FUTMobile,post,1553109969,neutral
awjvri,KarmaCourt,post,1551546965,negative
b2ls99,Logic_301,post,1552931590,neutral
azcrzi,Memes_Of_The_Dank,post,1552197185,negative
b2b5zm,ModSupport,post,1552863248,neutral
b6gtwh,MouseReview,post,1553766776,neutral
az6lsl,PewdiepieSubmissions,post,1552157000,negative
awtkfy,ShingekiNoKyojin,post,1551616054,neutral
axonis,ShingekiNoKyojin,post,1551811727,neutral
b7p1bj,Smite,post,1554046765,negative
aykur9,StardewValley,post,1552010977,negative
b03jj0,ar15,post,1552365224,neutral
axdg83,cosplaybutts,post,1551739127,negative
axdkaf,cosplaybutts,post,1551739739,negative
axdoep,cosplaybutts,post,1551740349,negative
axdssr,cosplaybutts,post,1551740980,negative
axdxwm,cosplaybutts,post,1551741752,negative
axe205,cosplaybutts,post,1551742384,negative
axe5td,cosplaybutts,post,1551742995,negative
b5r8ix,dankmemes,post,1553614866,neutral
b7hbmy,dankmemes,post,1553988085,negative
b3tysn,dankmemes,post,1553192284,negative
b7hsa2,dankmemes,post,1553991137,negative
b42ckr,dankmemes,post,1553241916,negative
b528t5,dankmemes,post,1553465158,negative
b26krf,dankmemes,post,1552838284,negative
b7gp6n,dankmemes,post,1553984140,neutral
b2p0go,dankmemes,post,1552947876,negative
b5rb1r,darkjokes,post,1553615201,neutral
b35dtg,darkjokes,post,1553042575,negative
b29ceq,funny,post,1552853146,negative
b7gaak,memes,post,1553981593,negative
b54xw3,pokemon,post,1553480529,neutral
b6yns4,redditrequest,post,1553873246,neutral
b6eigu,redditrequest,post,1553748135,neutral
b6x6as,survivor,post,1553865551,neutral
axijr1,teenagers,post,1551771823,neutral
b57g9g,teenagers,post,1553497950,negative
b7jpa0,teenagers,post,1554004911,negative
b78c3q,tipofmytongue,post,1553929499,negative
b6mqg8,AskReddit,post,1553799336,neutral
b6y91b,AutoModerator,post,1553871253,neutral
awgotk,FORTnITE,post,1551524386,negative
b6udip,Ice_Poseidon,post,1553845282,negative
azp5w0,KarmaCourt,post,1552279866,negative
b3uz1i,LatinoPeopleTwitter,post,1553197179,neutral
b0spkk,NASCAR,post,1552518060,neutral
b5ik2s,NoStupidQuestions,post,1553558724,neutral
b0cnj3,PewdiepieSubmissions,post,1552422556,negative
aye8z6,PewdiepieSubmissions,post,1551974983,neutral
b1ucni,Shitty_Car_Mods,post,1552754216,negative
b459xs,StarWarsBattlefront,post,1553262468,neutral
awdmqd,TopMindsOfReddit,post,1551499359,negative
axjkbb,Twitch,post,1551780556,neutral
awpco9,dankmemes,post,1551579125,positive
b3yyxt,dankmemes,post,1553218450,neutral
b3z2ec,dankmemes,post,1553218997,neutral
b7glal,dankmemes,post,1553983455,neutral
b76au3,dankmemes,post,1553914595,negative
b3x57j,dankmemes,post,1553208209,negative
aw5yru,dankmemes,post,1551453121,negative
b5jld7,dankmemes,post,1553564263,negative
b4n3nl,doctorwho,post,1553369041,neutral
b4g1c7,gamindustri,post,1553323234,negative
b75s7y,help,post,1553911276,neutral
ax3am3,hentai,post,1551676225,negative
b09asz,hockey,post,1552405749,negative
b0a7pn,hockey,post,1552410303,negative
b0a83f,hockey,post,1552410350,negative
b0a84q,hockey,post,1552410355,negative
b0ajhx,hockey,post,1552411947,negative
b56ly4,hockey,post,1553491285,negative
b6v9b4,memes,post,1553852855,negative
b42s4z,memes,post,1553245394,negative
az7aj1,mildlyinfuriating,post,1552160904,positive
b2evqa,modhelp,post,1552887530,neutral
b6clbr,modhelp,post,1553735809,neutral
b3gtix,movies,post,1553112900,neutral
b71le5,redditrequest,post,1553887873,neutral
b32giv,redditrequest,post,1553027430,neutral
b5p7ij,redditrequest,post,1553604045,neutral
b4pvnm,runescape,post,1553385022,positive
b52vf2,secretsanta,post,1553468621,neutral
b5clqt,spotify,post,1553530340,neutral
b1w612,teenagers,post,1552764103,neutral
b4nm58,thefighterandthekid,post,1553371747,neutral
azr1de,timetravel,post,1552293813,negative
b72wcx,2007scape,post,1553894569,negative
aytg7c,4chan,post,1552069231,negative
b2rsoj,Destiny,post,1552962924,negative
aw1nph,Drama,post,1551422040,negative
ayfi4y,Drama,post,1551981359,negative
axq4qq,FL_Studio,post,1551819497,neutral
awp08t,FortNiteBR,post,1551576808,negative
b6pt6b,Ice_Poseidon,post,1553814706,positive
az15oi,Memes_Of_The_Dank,post,1552117972,negative
b7ged6,Memes_Of_The_Dank,post,1553982270,negative
b79ayc,ModSupport,post,1553937934,neutral
ax7xxs,MtF,post,1551711135,negative
ax8za1,MtF,post,1551716787,negative
azj6wg,PewdiepieSubmissions,post,1552245434,neutral
b15tdg,PewdiepieSubmissions,post,1552597650,negative
b13a07,PurplePillDebate,post,1552585158,neutral
b0065h,The_Donald,post,1552345249,negative
b597y6,TopMindsOfReddit,post,1553511626,negative
b0uso4,TopMindsOfReddit,post,1552530041,negative
b31mvt,TrueOffMyChest,post,1553023426,negative
b49ehg,Twitch,post,1553283406,negative
b4dxd0,dankmemes,post,1553308730,negative
aw529v,dankmemes,post,1551447952,negative
b7gfok,dankmemes,post,1553982497,negative
awvd8c,dankmemes,post,1551629404,negative
b71dxt,dankmemes,post,1553886829,neutral
b6vmps,dankmemes,post,1553855724,negative
b513jq,dankmemes,post,1553459267,negative
b73a17,dankmemes,post,1553896605,negative
b0ndp8,gamecollecting,post,1552491449,neutral
b2cfq4,gamindustri,post,1552870824,neutral
b7j2h3,help,post,1554000090,neutral
b2b3jx,help,post,1552862855,negative
b7dxt6,homestuck,post,1553968259,neutral
b7njtf,me_irl,post,1554037539,negative
aw8be7,mildlyinfuriating,post,1551466473,negative
awt7ch,mildlyinfuriating,post,1551612577,negative
ay5kz0,mildlyinfuriating,post,1551914804,positive
aydvzi,mildlyinfuriating,post,1551973037,negative
b0ii42,mildlyinfuriating,post,1552456883,negative
b0vc87,mildlyinfuriating,post,1552533499,negative
b1bpbb,mildlyinfuriating,post,1552633442,neutral
b1mrqe,mildlyinfuriating,post,1552698670,negative
b4gk57,mildlyinfuriating,post,1553327412,negative
b6ap3o,mildlyinfuriating,post,1553725247,negative
b6knn9,mildlyinfuriating,post,1553789209,negative
b6rboo,mildlyinfuriating,post,1553823248,negative
b72uje,mildlyinfuriating,post,1553894306,negative
b72yyu,mildlyinfuriating,post,1553894961,neutral
b28uxc,newzealand,post,1552850573,neutral
b3hj72,newzealand,post,1553116353,neutral
b4kqdw,osheaga,post,1553356803,negative
ax0muz,politics,post,1551659141,neutral
awacjx,redditrequest,post,1551477894,neutral
ayl4kx,redditrequest,post,1552012730,neutral
ay6txn,redditrequest,post,1551922202,neutral
b026yo,redditrequest,post,1552356799,neutral
b0ou66,redditrequest,post,1552498831,neutral
az0h6d,subnautica,post,1552112093,negative
aw7hk0,teenagers,post,1551462102,neutral
aw9tno,teenagers,post,1551474921,neutral
awexjn,teenagers,post,1551508924,neutral
awig9j,teenagers,post,1551538213,neutral
awkvnx,teenagers,post,1551552496,neutral
awpt5g,teenagers,post,1551582344,neutral
awqe2h,teenagers,post,1551586583,neutral
awvnl5,teenagers,post,1551631158,neutral
awxyd3,teenagers,post,1551643741,negative
awz0wb,teenagers,post,1551649654,negative
ax1nkj,teenagers,post,1551665634,negative
ax53fm,teenagers,post,1551690390,negative
axet6d,teenagers,post,1551746743,neutral
axf05o,teenagers,post,1551747874,negative
axf0s7,teenagers,post,1551747980,neutral
axg9dk,teenagers,post,1551755284,neutral
axh2qg,teenagers,post,1551761139,negative
ay5xdr,teenagers,post,1551916772,neutral
ayamtr,teenagers,post,1551949754,neutral
ayc1cp,teenagers,post,1551961271,negative
ayhnu6,teenagers,post,1551992530,neutral
ayjeb5,teenagers,post,1552002030,neutral
aylwt9,teenagers,post,1552017939,neutral
aymola,teenagers,post,1552023411,neutral
aywi2r,teenagers,post,1552085449,negative
ayxd15,teenagers,post,1552090392,neutral
ayxfbf,teenagers,post,1552090778,neutral
ayxokg,teenagers,post,1552092384,neutral
az4yps,teenagers,post,1552147719,neutral
azbhcv,teenagers,post,1552187348,negative
azl64c,teenagers,post,1552255843,neutral
azrjdg,teenagers,post,1552297884,neutral
azzc60,teenagers,post,1552341079,neutral
azzz72,teenagers,post,1552344241,negative
b026dc,teenagers,post,1552356699,neutral
b02l3n,teenagers,post,1552359157,neutral
b038l5,teenagers,post,1552363203,neutral
b0c1my,teenagers,post,1552419505,negative
b0c2l9,teenagers,post,1552419634,neutral
b0d16c,teenagers,post,1552424467,neutral
b0d4e2,teenagers,post,1552424917,negative
b0ehkn,teenagers,post,1552431874,negative
b0fku1,teenagers,post,1552437766,neutral
b0g9oa,teenagers,post,1552441821,negative
b0gbbq,teenagers,post,1552442095,negative
b0sk3y,teenagers,post,1552517257,negative
b0v0kf,teenagers,post,1552531414,negative
b0v89e,teenagers,post,1552532816,negative
b1o0ad,teenagers,post,1552706839,neutral
b1o8bq,teenagers,post,1552708351,neutral
b1rtcc,teenagers,post,1552738306,neutral
b1ry4z,teenagers,post,1552739347,neutral
b1ud7n,teenagers,post,1552754301,negative
b1wpx9,teenagers,post,1552767012,positive
b1xqha,teenagers,post,1552772655,neutral
b21ysg,teenagers,post,1552800670,negative
b26k3n,teenagers,post,1552838170,negative
b28bgo,teenagers,post,1552847730,negative
b2bhqr,teenagers,post,1552865166,neutral
b2c91i,teenagers,post,1552869681,neutral
b2c9nj,teenagers,post,1552869789,negative
b2ca22,teenagers,post,1552869853,neutral
b2fmut,teenagers,post,1552893609,neutral
b2fnkl,teenagers,post,1552893779,neutral
b2t5ed,teenagers,post,1552971522,neutral
b2z49e,teenagers,post,1553011024,negative
b35gct,teenagers,post,1553042977,neutral
b35ulr,teenagers,post,1553045306,negative
b37wim,teenagers,post,1553058248,neutral
b3vgro,teenagers,post,1553199600,positive
b3xl2n,teenagers,post,1553210579,negative
b3ygcr,teenagers,post,1553215368,neutral
b410zx,teenagers,post,1553231685,neutral
b411li,teenagers,post,1553231810,neutral
b48ztd,teenagers,post,1553281362,negative
b4gs03,teenagers,post,1553329289,negative
b4iw98,teenagers,post,1553345964,negative
b4iy6n,teenagers,post,1553346294,negative
b4izbv,teenagers,post,1553346499,negative
b4lj5s,teenagers,post,1553360922,negative
b4m1j5,teenagers,post,1553363593,negative
b4m672,teenagers,post,1553364258,neutral
b4ryuz,teenagers,post,1553398305,negative
b4s9z9,teenagers,post,1553400485,neutral
b4uy9a,teenagers,post,1553423494,negative
b4vj6w,teenagers,post,1553428253,neutral
b4y1ub,teenagers,post,1553443964,negative
b4yzdz,teenagers,post,1553448812,negative
b55fa7,teenagers,post,1553483448,negative
b5lsjm,teenagers,post,1553578102,negative
b5yk57,teenagers,post,1553651882,negative
b64a3l,teenagers,post,1553692098,neutral
b6ddgw,teenagers,post,1553740514,negative
b6debv,teenagers,post,1553740660,negative
b6fgvy,teenagers,post,1553755409,neutral
b6g2e3,teenagers,post,1553760287,neutral
b6i5ay,teenagers,post,1553775949,negative
b6ozb7,teenagers,post,1553810458,neutral
b6tlne,teenagers,post,1553838838,neutral
b6xj0o,teenagers,post,1553867531,neutral
b7049v,teenagers,post,1553880575,negative
b725e1,teenagers,post,1553890678,neutral
b748kq,teenagers,post,1553901866,negative
b74o0u,teenagers,post,1553904407,neutral
b74q7t,teenagers,post,1553904743,neutral
b7973b,teenagers,post,1553936993,neutral
b7b62t,teenagers,post,1553951833,negative
b7ca3n,teenagers,post,1553958443,neutral
b7he5h,teenagers,post,1553988561,negative
b7kj65,teenagers,post,1554011625,negative
b7oc5i,teenagers,post,1554042582,negative
b7qvxn,teenagers,post,1554056713,neutral
b7u29e,teenagers,post,1554073572,neutral
ax23o4,teenagers,post,1551668489,negative
axd2ht,thebachelor,post,1551737107,neutral
b6d7t7,unpopularopinion,post,1553739554,neutral
ax8jx1,worldofpvp,post,1551714580,negative
b6vwxc,2007scape,post,1553857656,neutral
ayiy7y,Anarcho_Capitalism,post,1551999522,positive
b1tlwn,AnthemTheGame,post,1552750044,negative
b7u7e8,AskOuija,post,1554074384,neutral
aws4u0,CrappyDesign,post,1551601458,negative
b23sfz,Doom,post,1552817689,negative
ay3seh,EscapefromTarkov,post,1551905576,negative
azd6i4,FORTnITE,post,1552200758,negative
b4v49l,GlobalOffensive,post,1553424895,negative
b5z12f,ImGoingToHellForThis,post,1553654688,positive
b6pmn6,ImGoingToHellForThis,post,1553813760,neutral
b6tyw2,ImGoingToHellForThis,post,1553841902,negative
b4ukl4,Jokes,post,1553420361,negative
b6xs0o,Memes_Of_The_Dank,post,1553868811,negative
azuar0,MensRights,post,1552315708,neutral
azwhf6,NYGiants,post,1552327097,neutral
b4ydgj,PewdiepieSubmissions,post,1553445640,negative
b1jnjw,Rainbow6,post,1552681066,neutral
b4d0p4,UCSD,post,1553302848,neutral
b0rcv9,WatchRedditDie,post,1552511179,negative
azzq9f,buccaneers,post,1552342967,positive
b3iq2z,coys,post,1553122324,neutral
b6v1d6,dankmemes,post,1553851140,negative
aybtno,dankmemes,post,1551959660,neutral
b3wjnh,dankmemes,post,1553205073,neutral
b55kqc,dankmemes,post,1553484405,negative
b5jnt5,dankmemes,post,1553564652,negative
b497r5,dankmemes,post,1553282436,neutral
b6k21s,dankmemes,post,1553786301,negative
b56nfi,dankmemes,post,1553491588,negative
b7gcew,dankmemes,post,1553981953,negative
b211om,dankmemes,post,1552793541,neutral
az5eao,dankmemes,post,1552150200,negative
b7e4gk,dankmemes,post,1553969301,neutral
b7cpr1,dankmemes,post,1553961145,neutral
b7oi0a,darksouls3,post,1554043525,negative
b6kz05,dataisbeautiful,post,1553790715,negative
b0rofd,halo,post,1552512769,positive
b37vez,lanadelrey,post,1553058044,negative
aw7yr9,nonononoyes,post,1551464554,negative
axupa0,redditrequest,post,1551846514,neutral
b21yzx,redditrequest,post,1552800725,neutral
az8rww,redditrequest,post,1552169411,neutral
b72tin,redditrequest,post,1553894154,neutral
ayvx8w,redditrequest,post,1552082402,neutral
b21xtb,stevenuniverse,post,1552800444,positive
az9koe,teenagers,post,1552174304,neutral
b19i21,teenagers,post,1552618082,negative
b45kkm,teenagers,post,1553264112,neutral
azo2o4,trashy,post,1552273076,negative
b6au6j,unpopularopinion,post,1553725963,negative
axr4uw,AnthemTheGame,post,1551824810,negative
b027i9,Braincels,post,1552356884,neutral
b1vcdk,Christian,post,1552759794,neutral
b1rolt,CryptoCurrency,post,1552737279,negative
az7rqw,DBZDokkanBattle,post,1552163667,neutral
b6ndmk,FaceFuck,post,1553802434,negative
ax0zky,IdleHeroes,post,1551661380,neutral
b4ktoy,JustUnsubbed,post,1553357253,negative
b5mazz,KDRAMA,post,1553581891,positive
b1prpc,Marvel,post,1552720412,neutral
b10asi,FreeSpeech,post,1552569824,negative
axebi5,Guitar,post,1551743923,neutral
ayzdmt,GunsAreCool,post,1552103940,negative
aw952i,MemeEconomy,post,1551471053,neutral
b5mlyx,NBASpurs,post,1553584257,negative
azlj8b,NoSleepOOC,post,1552257829,positive
az1mzf,PewdiepieSubmissions,post,1552122572,neutral
b1babo,PewdiepieSubmissions,post,1552630271,negative
aw4n5x,Reformed,post,1551445365,positive
b0982c,TampaBayLightning,post,1552405372,positive
b0egru,TooAfraidToAsk,post,1552431762,negative
ay6ocw,TooAfraidToAsk,post,1551921232,neutral
b4ssao,Twitch,post,1553404359,neutral
awxvh7,UMD,post,1551643313,negative
b21wps,copypasta,post,1552800199,negative
b6r2st,dank_meme,post,1553821785,neutral
b1q0vw,dankmemes,post,1552722671,negative
b1q2lw,dankmemes,post,1552723141,negative
b737bp,dankmemes,post,1553896190,negative
b7eeqi,dankmemes,post,1553970900,negative
b7ih8n,dankmemes,post,1553995840,neutral
b1xwt1,dankmemes,post,1552773666,neutral
b1y477,dankmemes,post,1552774844,neutral
b6j3jk,dankmemes,post,1553781416,neutral
b52gop,dankmemes,post,1553466364,neutral
b7e3rj,dankmemes,post,1553969199,negative
aze2z9,dbz,post,1552209947,neutral
awpzf1,devils,post,1551583588,negative
axpbtk,exjw,post,1551815229,neutral
aw4cud,fcbayern,post,1551443472,neutral
azm3yn,furry,post,1552261186,neutral
b7fkzm,guitars,post,1553977462,neutral
b4e38m,ketoscience,post,1553309809,neutral
az2iyx,legaladvice,post,1552130392,neutral
b1ktyo,opiates,post,1552687322,neutral
b0lwb2,puns,post,1552482970,positive
axgggd,pyrocynical,post,1551756451,neutral
b5g9db,redditrequest,post,1553547281,neutral
b5mr4c,redditrequest,post,1553585409,neutral
b49v03,redditrequest,post,1553285661,neutral
awnwbs,redditrequest,post,1551569768,neutral
b2otpe,redditrequest,post,1552946903,neutral
awg5mz,redditrequest,post,1551519564,neutral
awav7m,redditrequest,post,1551480988,neutral
b3rqdx,redditrequest,post,1553181434,neutral
aybiay,redditrequest,post,1551957144,neutral
b6rxqu,redditrequest,post,1553827011,neutral
ax9sdf,rocketbeans,post,1551720786,neutral
b63gp7,stopsmoking,post,1553687087,negative
azueqs,teenagers,post,1552316330,neutral
b0d4wm,unpopularopinion,post,1552424990,neutral
b0bdw8,AccidentalComedy,post,1552416237,neutral
azb2zn,AnthemTheGame,post,1552184489,negative
azmsw4,AnthemTheGame,post,1552265339,negative
awk958,AskReddit,post,1551549036,neutral
awknnp,AskReddit,post,1551551228,neutral
b4dzer,AskReddit,post,1553309104,negative
b7aeps,AskReddit,post,1553946686,negative
b3mijd,CanadianForces,post,1553144437,neutral
b12jk3,CatsAreAssholes,post,1552581667,neutral
b2m781,DBZDokkanBattle,post,1552933701,negative
b11wio,DestinyLore,post,1552578539,neutral
b3ytd4,FashionReps,post,1553217511,neutral
b6byru,Flipping,post,1553732141,negative
b7rzif,FortNiteBR,post,1554062367,negative
awnjmh,Gamingcirclejerk,post,1551567665,negative
ay7zht,GenderCritical,post,1551929281,negative
b3lhld,IASIP,post,1553137849,neutral
b1i6rp,JARMEDIA,post,1552673532,negative
axce0j,JoeRogan,post,1551733646,negative
axq29f,JoeRogan,post,1551819132,negative
ayhyet,JoeRogan,post,1551994068,neutral
az7aof,JoeRogan,post,1552160929,neutral
b1h0gw,JoeRogan,post,1552667593,negative
b0q560,MotoUK,post,1552505232,negative
b367vp,NoFap,post,1553047482,neutral
b3urxf,NoStupidQuestions,post,1553196183,neutral
b0a5tc,NoStupidQuestions,post,1552410051,neutral
ayk0xk,ShokugekiNoSoma,post,1552005723,neutral
b3nb2m,Showerthoughts,post,1553150714,negative
b11099,TexasTech,post,1552573883,neutral
b2n4mz,XWingTMG,post,1552938321,negative
b3v0k9,atheism,post,1553197355,neutral
b0zu4t,aww,post,1552567105,neutral
b1rcak,canucks,post,1552734438,neutral
axgm3k,copypasta,post,1551757386,negative
b5mxv8,dankmemes,post,1553587091,negative
b25hnc,dankmemes,post,1552831638,positive
b2w462,dankmemes,post,1552993934,positive
ax9lw9,dankmemes,post,1551719904,negative
b074m1,dankmemes,post,1552393170,neutral
axf6tg,discordapp,post,1551748979,negative
b17gun,ireland,post,1552606009,neutral
b4luo7,madlads,post,1553362611,neutral
b6p5jd,memes,post,1553811320,negative
ayhxhn,memes,post,1551993931,negative
b77mxb,memes,post,1553924065,negative
b1ss4r,nfl,post,1552745116,negative
b561bc,pathofexile,post,1553487351,negative
b1nsy1,redditrequest,post,1552705450,neutral
b7an1k,redditrequest,post,1553948290,neutral
b51qx2,redditrequest,post,1553462536,neutral
b215ge,redditrequest,post,1552794291,neutral
b3yk7b,subredditcancer,post,1553215993,negative
b20tbf,thepunisher,post,1552791903,positive
ayzlni,2007scape,post,1552105548,neutral
ay55nx,AnthemTheGame,post,1551912553,neutral
b2zmhe,AskOuija,post,1553013498,negative
axeckg,AskWomen,post,1551744092,negative
b2b920,Braincels,post,1552863723,negative
b3ln78,CFB,post,1553138784,neutral
b0dltc,FortNiteBR,post,1552427397,negative
b0ijqr,FrankOcean,post,1552457201,negative
b0ipdu,FrankOcean,post,1552458419,negative
b2y69x,KerbalSpaceProgram,post,1553006190,neutral
b5tozb,Memes_Of_The_Dank,post,1553626727,neutral
aw298c,Memes_Of_The_Dank,post,1551426717,neutral
awrzk8,MildlyVandalised,post,1551599986,neutral
axx3fz,NoStupidQuestions,post,1551865689,neutral
ay2sks,PewdiepieSubmissions,post,1551900469,neutral
ayhj8q,PewdiepieSubmissions,post,1551991873,neutral
ay7k06,PewdiepieSubmissions,post,1551926563,neutral
b02xno,PokePorn,post,1552361259,negative
b7mvau,PrequelMemes,post,1554032444,neutral
b668n1,The_Donald,post,1553703856,neutral
b79nko,YouSeeComrade,post,1553940783,neutral
b37lfj,assholegonewild,post,1553056122,negative
b3836b,assholegonewild,post,1553059579,negative
b2vmdg,baltimore,post,1552990433,neutral
b18e0f,beetlejuicing,post,1552611271,negative
b68osz,beta,post,1553715573,neutral
b1mutu,bicycling,post,1552699232,neutral
ayxvb4,csshelp,post,1552093580,neutral
b2yv5j,dankmemes,post,1553009744,negative
b4wkdt,dankmemes,post,1553435657,neutral
b7a1mm,dankmemes,post,1553943881,negative
b1cpt4,dankmemes,post,1552641668,negative
b66q9p,dankmemes,post,1553706184,neutral
b6x9dx,dankmemes,post,1553866034,neutral
b6zzax,dankmemes,post,1553879855,neutral
b704vl,dankmemes,post,1553880640,neutral
b70l4y,dankmemes,post,1553882814,neutral
b2x40c,dankmemes,post,1553000387,negative
b30fji,dankmemes,post,1553017458,negative
awowqo,dankmemes,post,1551576130,neutral
b6dixv,dankmemes,post,1553741443,negative
b4306g,dankmemes,post,1553247141,neutral
b0yepy,formula1,post,1552557164,neutral
awafyb,help,post,1551478453,negative
awhrwx,insanepeoplefacebook,post,1551533400,neutral
b291jz,investing,post,1552851553,negative
b0bwwn,loseit,post,1552418872,neutral
b2z9oy,memes,post,1553011746,negative
b654c3,montreal,post,1553696838,negative
azkyke,mother4,post,1552254744,negative
ayyat5,programming,post,1552096432,neutral
b0q9yv,reddeadredemption,post,1552505865,neutral
b36fo3,redditrequest,post,1553048797,neutral
axvv9o,redditrequest,post,1551854893,neutral
ayp9wy,redditrequest,post,1552044830,neutral
b6oiwr,redditrequest,post,1553808129,neutral
awf929,redditrequest,post,1551511497,neutral
aw98fj,redditrequest,post,1551471585,neutral
b5ncm7,relationship_advice,post,1553590706,neutral
az67d2,selfharm,post,1552154780,neutral
b3hkz1,splatoon,post,1553116591,neutral
b2bps9,teenagers,post,1552866522,neutral
b7rf5j,thelastofus,post,1554059481,negative
b3uwpl,AskReddit,post,1553196850,negative
b3oyqv,AskReddit,post,1553164621,negative
b07usa,Brawlstars,post,1552397729,negative
b07v3a,Brawlstars,post,1552397781,negative
b07wxv,Brawlstars,post,1552398096,negative
aw6q63,CasualConversation,post,1551457298,neutral
aw7lk7,Catholicism,post,1551462630,neutral
b0yzo5,Detroit,post,1552561501,neutral
b3m2s1,HistoryMemes,post,1553141482,neutral
ax7cxb,HistoryMemes,post,1551707567,neutral
ax5vsn,IndiaSpeaks,post,1551697137,negative
b7n3fj,Showerthoughts,post,1554034200,neutral
b4sm6s,Vaping,post,1553403024,positive
awpg7r,WaywardPines,post,1551579831,neutral
b1te20,ask,post,1552748771,neutral
b6nbml,autism,post,1553802171,neutral
b4qxl4,bigasses,post,1553391713,neutral
b3cgwp,blackmagicfuckery,post,1553090956,neutral
b1mssw,conspiracy,post,1552698860,negative
b3yaxy,dankmemes,post,1553214522,neutral
awqz4g,dankmemes,post,1551590994,neutral
b5regl,dankmemes,post,1553615662,negative
b4endj,dankmemes,post,1553313507,neutral
b4p7t9,dankmemes,post,1553380963,negative
b6z6d8,dankmemes,post,1553875852,negative
b73pxw,dankmemes,post,1553898988,neutral
b6q9bv,dankmemes,post,1553817130,negative
axaemy,dankmemes,post,1551723798,negative
ax2of6,explainlikeimfive,post,1551672049,negative
b718qf,funny,post,1553886110,negative
b5b2on,geek,post,1553522590,negative
b14me6,ireland,post,1552591825,negative
b7h2hh,madlads,post,1553986472,neutral
b4rm32,madlads,post,1553395950,negative
awy7gx,memes,post,1551645136,neutral
b73d9g,memes,post,1553897067,negative
b6zn5p,memes,post,1553878178,negative
b2rp4z,memes,post,1552962356,neutral
ay3083,memes,post,1551901542,neutral
ayhq26,notinteresting,post,1551992837,negative
b5r7v8,notinteresting,post,1553614777,negative
aw3yr2,pakistan,post,1551440770,positive
awil04,pakistan,post,1551539075,negative
awit44,pakistan,post,1551540551,neutral
ax2jc6,pakistan,post,1551671154,neutral
axfav6,redditrequest,post,1551749639,neutral
b0x2h4,redditrequest,post,1552545903,neutral
b70gwj,rugbyunion,post,1553882251,neutral
axauri,swingersr4r,post,1551726035,neutral
axawld,swingersr4r,post,1551726274,neutral
axax9m,swingersr4r,post,1551726362,neutral
axayhc,swingersr4r,post,1551726517,neutral
b35o65,swingersr4r,post,1553044239,neutral
b1rth5,teenagers,post,1552738333,positive
b4o3pg,teenagers,post,1553374361,neutral
b5jhea,unpopularopinion,post,1553563668,negative
b5rpac,xkcd,post,1553617093,neutral
aytb1w,Addons4Kodi,post,1552068485,positive
b31j6r,Animemes,post,1553022924,neutral
ax9e1z,AnthemTheGame,post,1551718858,neutral
b4yy6e,AskAnAmerican,post,1553448649,negative
b1iy8z,Braincels,post,1552677384,negative
axvdpx,Braincels,post,1551851261,negative
b3acyo,CCJ2,post,1553077702,positive
b73y5c,DBZDokkanBattle,post,1553900287,negative
b3xx7n,Delaware,post,1553212463,negative
b25er1,Drama,post,1552831113,negative
b1tgke,FIFA,post,1552749178,neutral
b33781,Feels,post,1553031115,neutral
b3lk9d,Gamingcirclejerk,post,1553138284,negative
b35k0d,GlobalOffensive,post,1553043575,neutral
b7sfkw,MadeInAbyss,post,1554064638,neutral
axr0my,Michigan,post,1551824156,neutral
b1b13o,PewdiepieSubmissions,post,1552628394,negative
b1aovu,PewdiepieSubmissions,post,1552625991,neutral
ayhh9d,PrequelMemes,post,1551991574,neutral
ay89ev,SALEM,post,1551931070,neutral
ayo18f,Steam,post,1552034483,negative
ayecf9,UWMadison,post,1551975491,neutral
b4prs0,UofT,post,1553384357,neutral
b4r4ky,UofT,post,1553392898,neutral
b0ronf,VapePorn,post,1552512802,positive
b7ehx5,dankmemes,post,1553971401,neutral
azor0q,dankmemes,post,1552277242,negative
b7a9jl,dankmemes,post,1553945585,neutral
ayhee5,dankmemes,post,1551991150,negative
az9jzq,dontdeadopeninside,post,1552174185,negative
b1sn5z,factorio,post,1552744307,neutral
ay5cfr,forhonor,post,1551913531,negative
awopat,golf,post,1551574762,negative
awzer4,lakers,post,1551651852,negative
b7ihs9,memes,post,1553995949,negative
azmot4,modhelp,post,1552264654,neutral
ax1nm5,ottawa,post,1551665641,negative
b6u6mx,quityourbullshit,post,1553843649,neutral
b6ejkl,redditrequest,post,1553748362,neutral
b5jour,redditrequest,post,1553564815,neutral
az7w4l,redditrequest,post,1552164383,neutral
b0wjvn,redditrequest,post,1552541916,neutral
b1agrv,slavelabour,post,1552624384,neutral
ax7rtt,stopdrinking,post,1551710098,positive
b7raq2,subredditcancer,post,1554058854,negative
az6zhv,teenagers,post,1552159176,neutral
b1p3al,teenagers,post,1552714737,neutral
b3admm,thedivision,post,1553077849,negative
awjjcy,Animemes,post,1551544972,negative
b01rqc,ApplyingToCollege,post,1552354227,neutral
b0e8vd,AskReddit,post,1552430640,neutral
b0ufqw,AutoModerator,post,1552527800,neutral
b1vp2o,CatsStandingUp,post,1552761682,neutral
axmdzu,DeepFriedMemes,post,1551799952,negative
ayvtok,Drama,post,1552081868,neutral
b2koed,FortNiteBR,post,1552926095,neutral
b26oai,FreeKarma4U,post,1552838825,neutral
axtx1a,HistoryMemes,post,1551841454,negative
b0otan,Jokes,post,1552498704,neutral
azpcm0,The_Dennis,post,1552281127,negative
awbcyb,The_Donald,post,1551483985,neutral
awgyvu,The_Donald,post,1551526849,positive
awifk6,The_Donald,post,1551538082,neutral
awqnsp,The_Donald,post,1551588597,positive
awrvyl,The_Donald,post,1551598960,negative
awyz9g,The_Donald,post,1551649402,neutral
axt065,The_Donald,post,1551835813,neutral
axv66t,The_Donald,post,1551849729,neutral
ay4481,The_Donald,post,1551907221,negative
azym73,The_Donald,post,1552337539,negative
b0ex9u,The_Donald,post,1552434197,neutral
b0miwc,The_Donald,post,1552486683,negative
b0ootu,The_Donald,post,1552498112,neutral
b1a09t,The_Donald,post,1552621314,negative
b1aq91,The_Donald,post,1552626250,neutral
b1htwl,The_Donald,post,1552671694,positive
b1ms8f,The_Donald,post,1552698761,negative
b24esx,The_Donald,post,1552823399,negative
b2oovv,The_Donald,post,1552946219,positive
b2qk7c,The_Donald,post,1552956067,negative
b4bv1j,The_Donald,post,1553296133,positive
b4cns6,The_Donald,post,1553300682,neutral
b4hkd5,The_Donald,post,1553335841,negative
b4jucw,The_Donald,post,1553351900,neutral
b563ii,The_Donald,post,1553487769,negative
b6b09n,The_Donald,post,1553726844,neutral
b6phf2,The_Donald,post,1553813006,positive
b7drkq,The_Donald,post,1553967230,negative
b7ik43,The_Donald,post,1553996388,negative
b59l7m,blogsnark,post,1553513929,neutral
b2xemt,dankmemes,post,1553002062,neutral
b70q2c,dankmemes,post,1553883499,negative
b5jy4z,dankmemes,post,1553566284,neutral
b0nh8s,dankmemes,post,1552491961,neutral
b2eeqa,dankmemes,post,1552884020,negative
b6h5nk,dankmemes,post,1553769249,negative
b78viy,dankmemes,post,1553934124,negative
b706bo,dankmemes,post,1553880839,negative
b7slqh,dankmemes,post,1554065517,negative
b4z47i,factorio,post,1553449491,neutral
axnfzo,freefolk,post,1551805500,positive
b2dufe,hamptonbrandon,post,1552879999,negative
b6hdfx,memes,post,1553770827,negative
b2g191,memes,post,1552897011,negative
b5yct4,modhelp,post,1553650653,neutral
b6aupo,needamod,post,1553726048,neutral
b5m8yc,notinteresting,post,1553581451,neutral
b6qtfu,pakistan,post,1553820269,neutral
axncfr,phillies,post,1551804988,neutral
b5zeaq,redditrequest,post,1553656979,neutral
b7fo7g,redditrequest,post,1553977982,neutral
ayysmh,redditrequest,post,1552099904,negative
b1jk71,redditrequest,post,1552680555,neutral
b4htk2,redditrequest,post,1553337917,neutral
b29i0f,socialanxiety,post,1552854009,negative
aysv0u,softwaregore,post,1552066145,neutral
b4g0f2,technology,post,1553323044,negative
b3uqwi,teenagers,post,1553196043,neutral
b0u1k1,unpopularopinion,post,1552525451,negative
b0jfbi,unpopularopinion,post,1552464410,negative
b5loig,AmItheAsshole,post,1553577350,neutral
b4v783,Animemes,post,1553425543,neutral
b1uf30,AskReddit,post,1552754596,neutral
ayx3rl,Ask_Politics,post,1552088868,negative
awgit6,DBZDokkanBattle,post,1551522857,neutral
b7u2ps,DDLC,post,1554073643,neutral
azizhp,FortNiteBR,post,1552244346,negative
axh53k,FortNiteBR,post,1551761606,neutral
b7ft9j,FortNiteBR,post,1553978787,neutral
azp6sb,IdiotsInCars,post,1552280031,negative
axsgmo,Minecraft,post,1551832445,positive
azbfw9,NoStupidQuestions,post,1552187062,neutral
axr7l1,Random_Acts_Of_Pizza,post,1551825214,positive
awbizf,RocketLeagueExchange,post,1551485046,neutral
b5dx7h,TheoryOfReddit,post,1553536299,negative
ax82pl,TrueOffMyChest,post,1551711903,positive
b4dgxk,Tulpas,post,1553305722,neutral
awnhup,antiMLM,post,1551567364,neutral
b3h52n,chelseafc,post,1553114452,neutral
ay23lp,chinaglass,post,1551896936,neutral
b3rekx,collegesluts,post,1553179724,neutral
b6l2g8,dankmemes,post,1553791177,negative
b3z6l1,dankmemes,post,1553219698,negative
ax14xr,dankmemes,post,1551662337,neutral
b5vz8o,dankmemes,post,1553637780,neutral
b5w0tg,dankmemes,post,1553637992,neutral
b34ejg,dankmemes,post,1553037182,neutral
b07jpc,dankmemes,post,1552395885,negative
b75mp0,dankmemes,post,1553910282,neutral
awb9uf,factorio,post,1551483477,neutral
aze01u,fakehistoryporn,post,1552209077,neutral
b6i99y,funny,post,1553776615,negative
b1goz8,ireland,post,1552665918,neutral
b1hsxp,ireland,post,1552671568,neutral
awntzk,leafs,post,1551569379,neutral
axt525,madlads,post,1551836631,negative
b7tnit,me_irl,post,1554071172,negative
b360d0,memes,post,1553046247,neutral
b6ybv7,memes,post,1553871639,neutral
b6vrdm,metacanada,post,1553856668,negative
b5wt29,modhelp,post,1553642035,negative
azm5bg,redditrequest,post,1552261414,neutral
b442wh,redditrequest,post,1553255127,negative
b4yhpb,redditrequest,post,1553446313,neutral
b1nlrr,redditrequest,post,1552704120,neutral
b488dg,redditrequest,post,1553277625,neutral
b0krdu,tortoise,post,1552475600,neutral
awyrap,vzla,post,1551648172,neutral
avz1ow,2007scape,post,1551405136,negative
b252ra,AskReddit,post,1552828762,neutral
b1lpl1,BoostForReddit,post,1552692249,neutral
b6qzk0,Christianity,post,1553821275,neutral
ayzl2m,Columbus,post,1552105430,negative
b7e82l,Cumtown,post,1553969860,neutral
axec1p,Feminism,post,1551744009,neutral
ay3rth,Feminism,post,1551905491,negative
b19q66,Feminism,post,1552619502,negative
awqy4t,KarmaCourt,post,1551590776,neutral
b6c1no,MaddenUltimateTeam,post,1553732592,neutral
b3n8gz,Naruto,post,1553150085,negative
b7bi8i,Naruto,post,1553953964,neutral
b4hu1e,PrettyGirls,post,1553338029,neutral
b4ed41,StarWars,post,1553311594,negative
ayky43,TeenMomOGandTeenMom2,post,1552011555,positive
b5jmv1,Terraria,post,1553564501,negative
b52k88,The_Donald,post,1553466907,positive
b1emjb,TrueOffMyChest,post,1552654614,neutral
b49z4x,cscareerquestions,post,1553286261,negative
b0gh5e,dankmemes,post,1552443069,neutral
b34lqa,dankmemes,post,1553038262,negative
b3xjyp,dankmemes,post,1553210404,negative
b67buo,depression,post,1553709031,neutral
b70wx2,funny,post,1553884457,negative
b5mds3,gameideas,post,1553582496,negative
b283zw,help,post,1552846626,neutral
b46lxq,kpop,post,1553269494,positive
b73gb6,memes,post,1553897519,negative
ay5op6,memes,post,1551915369,negative
b66jka,memes,post,1553705292,negative
azdo5e,mildlyinfuriating,post,1552205623,negative
ayfs8x,nba,post,1551982783,neutral
b07dwp,pics,post,1552394878,negative
azy2rm,redditrequest,post,1552334910,neutral
b036te,redditrequest,post,1552362870,neutral
b4lbto,riverdale,post,1553359868,neutral
b5s2iy,stopdrinking,post,1553618879,positive
b2ex6i,teenagers,post,1552887849,neutral
azyc09,teenagers,post,1552336157,neutral
b375jt,2007scape,post,1553053173,negative
b6eb85,2007scape,post,1553746694,negative
b0epwx,AnthemTheGame,post,1552433095,negative
b3vkww,AskReddit,post,1553200183,negative
b2gp8n,AutoModerator,post,1552902432,neutral
b07zpq,Brawlhalla,post,1552398546,neutral
b716yg,Crunchyroll,post,1553885864,neutral
ax40ll,DeepFriedMemes,post,1551681418,negative
aybjnu,Entrepreneur,post,1551957446,neutral
b7kk93,FortNiteBR,post,1554011889,negative
b0nmrh,FreeSpeech,post,1552492782,negative
avzsor,IndiaSpeaks,post,1551409805,neutral
b7fl0f,LawSchool,post,1553977465,neutral
avztc0,RadicalChristianity,post,1551409919,negative
azytii,SweatyPalms,post,1552338545,negative
b7h44l,Syria,post,1553986770,negative
b46bbo,The_Donald,post,1553268040,neutral
b0hicr,UCalgary,post,1552449795,neutral
b20oxh,canes,post,1552791076,neutral
b7qiye,dankmemes,post,1554054854,neutral
b6y2g6,dankmemes,post,1553870317,neutral
b23j3n,dankmemes,post,1552815262,neutral
b3mwgf,findareddit,post,1553147278,negative
b5ie0o,freefolk,post,1553557820,neutral
b2wk46,funny,post,1552996967,positive
ayhgs8,guns,post,1551991505,neutral
b1otay,help,post,1552712543,neutral
b5j94f,im14andthisisdeep,post,1553562424,negative
b5bbb6,jpop,post,1553523899,neutral
b4cgva,media_criticism,post,1553299572,negative
axiory,nba,post,1551772975,negative
aw9r8s,raisedbyborderlines,post,1551474547,neutral
b49iyc,redditrequest,post,1553284027,neutral
b1gon3,redditrequest,post,1552665876,neutral
b7t250,redditrequest,post,1554067886,neutral
axn7gt,redditrequest,post,1551804266,positive
ax2cpw,redditrequest,post,1551670048,neutral
aya45q,redditrequest,post,1551944849,neutral
b44322,redditrequest,post,1553255155,neutral
b3z79a,smashbros,post,1553219816,positive
b5b7tc,softwaregore,post,1553523362,neutral
awl0r0,subredditcancer,post,1551553284,negative
b3geyd,thebindingofisaac,post,1553110890,neutral
b4rpv9,unpopularopinion,post,1553396632,negative
b7cjst,unpopularopinion,post,1553960108,negative
b1dcc1,zerocarb,post,1552646418,neutral
b1163u,2007scape,post,1552574749,neutral
azvr3b,AnthemTheGame,post,1552323384,negative
b6kc3f,AskReddit,post,1553787653,neutral
b1fz3o,Bitcoin,post,1552662107,negative
b1g3dy,Brawlstars,post,1552662749,neutral
b7hfm4,ChapoTrapHouse,post,1553988806,neutral
b0jjst,Drugs,post,1552465549,neutral
b50c2d,EroticHypnosis,post,1553455620,negative
b5a93a,FORTnITE,post,1553517986,neutral
b4adk3,FortNiteBR,post,1553288349,neutral
b3x3mo,OutOfTheLoop,post,1553207983,negative
b4wdf0,PUBG,post,1553434363,negative
b4wmxj,PUBG,post,1553436104,negative
b388ac,Polandballart,post,1553060665,neutral
b38hgv,Polandballart,post,1553062552,neutral
b5i6gk,PoliceChases,post,1553556648,neutral
b0b3e7,PrequelMemes,post,1552414759,neutral
b0b7dw,PrequelMemes,post,1552415334,negative
b1nabh,PrequelMemes,post,1552702035,positive
b2cjii,PrequelMemes,post,1552871474,negative
b5kq2a,PrequelMemes,post,1553570962,negative
b5smdm,PrequelMemes,post,1553621582,negative
b7gexg,PrequelMemes,post,1553982363,neutral
b7kmod,PrequelMemes,post,1554012502,negative
b2zlvo,RemixOS,post,1553013412,negative
b75foh,SandersForPresident,post,1553909058,negative
b049y4,SmallYTChannel,post,1552370581,neutral
aznpoo,StarWars,post,1552270880,neutral
b76j9j,bois,post,1553916208,negative
b7apox,dank_meme,post,1553948788,negative
b7f3vn,dank_meme,post,1553974753,negative
az9kqv,dankmemes,post,1552174316,negative
b71kte,dankmemes,post,1553887791,negative
b7ol4g,dankmemes,post,1554044040,neutral
b7p5cx,dankmemes,post,1554047442,neutral
b21xyn,dankmemes,post,1552800480,neutral
b6dwcd,dankmemes,post,1553743847,neutral
b5t7gf,dankmemes,post,1553624391,negative
b2440u,dankmemes,post,1552820687,negative
b7bm7r,darkjokes,post,1553954625,neutral
ayby0x,darkjokes,post,1551960555,positive
b04mbq,eden,post,1552373271,negative
b0q3rb,gatech,post,1552505043,neutral
b3yca8,help,post,1553214734,neutral
b16lib,hmmm,post,1552601517,neutral
b5dugy,hoi4,post,1553535955,neutral
b75up9,hoi4,post,1553911709,negative
axfkh3,howardstern,post,1551751195,negative
ayrsyk,ideasfortheadmins,post,1552060564,negative
b6ic8j,intermittentfasting,post,1553777121,neutral
b1rqj3,memes,post,1552737702,negative
b3begg,memes,post,1553084916,negative
b5qqtb,opiates,post,1553612488,positive
awr7ze,overlord,post,1551592967,neutral
azzu8g,pagan,post,1552343525,neutral
ayxo37,pyrocynical,post,1552092296,neutral
b4o2f8,rant,post,1553374158,negative
azy76z,redditdev,post,1552335501,neutral
b1vst4,redditrequest,post,1552762238,neutral
b0523h,redditrequest,post,1552376903,neutral
aw44e7,redditrequest,post,1551441886,neutral
awpsyv,redditrequest,post,1551582313,negative
b2us3u,redditrequest,post,1552983652,neutral
b75pbj,redditrequest,post,1553910752,neutral
b2m55t,researchchemicals,post,1552933354,negative
b1j87c,slatestarcodex,post,1552678789,negative
ayhfsz,startrekgifs,post,1551991357,neutral
b78imj,startrekgifs,post,1553931001,negative
ayrb1p,stopdrinking,post,1552057828,positive
ay0mdi,ukpolitics,post,1551889264,neutral
b0rou3,unpopularopinion,post,1552512831,negative
b67ajs,AskOuija,post,1553708864,negative
b4w2sd,AutoModerator,post,1553432355,neutral
b6ltri,AutoModerator,post,1553794836,neutral
b1jvyk,CCW,post,1552682272,neutral
b1kjty,CCW,post,1552685791,neutral
azns9x,Drama,post,1552271321,neutral
awl00d,Drama,post,1551553172,negative
b0ejo4,DunderMifflin,post,1552432171,negative
axcfkl,DunderMifflin,post,1551733865,negative
b3y0ui,FORTnITE,post,1553213020,neutral
awp8z3,FortNiteBR,post,1551578449,negative
b1freb,Futurology,post,1552660931,negative
b3ik69,Gunners,post,1553121455,neutral
b0v20h,LadyGaga,post,1552531676,neutral
aw7p4v,MortalKombat,post,1551463176,neutral
b2kfi3,MortalKombat,post,1552924883,positive
b48yrs,NatureIsFuckingLit,post,1553281244,negative
b70l9m,SequelMemes,post,1553882833,neutral
b0bjgj,Showerthoughts,post,1552417010,negative
b4a8ws,Showerthoughts,post,1553287673,negative
b2cs9f,SiouxFalls,post,1552873034,neutral
b6r3na,TheSilphRoad,post,1553821927,neutral
b61hwn,The_Donald,post,1553672044,positive
b6d4hp,TooAfraidToAsk,post,1553738994,negative
b4iuhp,Warthunder,post,1553345637,negative
b612vt,WatchRedditDie,post,1553668850,negative
b65ecv,XXXTENTACION,post,1553698718,neutral
b0x5i5,bladeandsoul,post,1552546576,negative
b2mm1y,comiccon,post,1552935737,neutral
b0dcpr,dankmemes,post,1552426095,negative
b6aa15,dankmemes,post,1553723191,neutral
b6x0w3,dankmemes,post,1553864708,neutral
b3vn06,dankmemes,post,1553200479,neutral
b63rax,dankmemes,post,1553688975,negative
b7bp8u,dankmemes,post,1553955123,negative
b5c535,dankmemes,post,1553528131,negative
axaqbl,dankmemes,post,1551725416,negative
b55jef,darkjokes,post,1553484170,negative
b1p5tw,gmod,post,1552715311,negative
b1ib52,ireland,post,1552674156,negative
b4jll8,lawschooladmissions,post,1553350427,neutral
b1jtfo,legaladviceofftopic,post,1552681911,negative
b65sou,libertarianmeme,post,1553701396,positive
b7qbnd,magicthecirclejerking,post,1554053829,neutral
b3wf2q,memes,post,1553204418,negative
b3wg7a,memes,post,1553204583,negative
b3whgj,memes,post,1553204757,negative
b5f847,memes,post,1553542412,negative
b24lhe,memes,post,1552824989,neutral
b6dwga,modhelp,post,1553743869,neutral
b7p7vb,niceguys,post,1554047870,negative
b3vtpo,oculus,post,1553201404,negative
ax5cgx,popping,post,1551692474,negative
b30pvy,redditrequest,post,1553018830,neutral
b00g6e,roblox,post,1552346742,neutral
b550uy,teenagers,post,1553481024,neutral
b196l3,trees,post,1552616128,neutral
b21kys,unpopularopinion,post,1552797596,negative
b370es,unpopularopinion,post,1553052276,negative
b5w5y7,2007scape,post,1553638707,positive
b4adzd,2007scape,post,1553288409,neutral
b5uh6t,AMA,post,1553630480,neutral
ayuh5r,AskReddit,post,1552074584,neutral
b1va4o,DC_Cinematic,post,1552759462,neutral
b30g75,DeepFriedMemes,post,1553017545,neutral
b3jlf4,FinancialPlanning,post,1553126984,neutral
b2zhl2,FrankOcean,post,1553012824,neutral
axp4ls,Glitch_in_the_Matrix,post,1551814223,negative
b71yot,Korn,post,1553889738,neutral
b0397j,LeagueOfMeta,post,1552363310,negative
b7h8q3,Libertarian,post,1553987552,neutral
b715ni,Memes_Of_The_Dank,post,1553885685,negative
b73l65,Memes_Of_The_Dank,post,1553898262,neutral
b491h8,ModSupport,post,1553281585,neutral
awmbbw,NoFap,post,1551560458,neutral
b7h6jk,Parahumans,post,1553987166,neutral
ax52y3,PewdiepieSubmissions,post,1551690286,neutral
b0vens,SDSU,post,1552533926,neutral
ay1wtc,ShingekiNoKyojin,post,1551895940,negative
b5qeu4,StarTrekDiscovery,post,1553610730,negative
b221hi,asiantwoX,post,1552801290,neutral
b6qii1,battlecats,post,1553818543,neutral
ay0cc4,boxoffice,post,1551887816,neutral
b3ud46,dankmemes,post,1553194170,neutral
b71d8x,dankmemes,post,1553886737,negative
ayfu6x,dankmemes,post,1551983072,negative
ayfx8k,dankmemes,post,1551983496,negative
b3x87l,dankmemes,post,1553208637,neutral
b4om6r,dankmemes,post,1553377345,negative
b5ner3,discordapp,post,1553591196,neutral
b30yci,eu4,post,1553020021,neutral
b49rm1,fasting,post,1553285205,neutral
aw7ibo,funny,post,1551462189,neutral
ayryg2,funny,post,1552061388,negative
b2euvj,gameofthrones,post,1552887346,negative
b6w9yz,madlads,post,1553860037,neutral
b0vk44,metacanada,post,1552534876,negative
b35l3i,mildlyinfuriating,post,1553043747,negative
b16zrp,muacirclejerk,post,1552603489,negative
ayb8y3,nukedmemes,post,1551955031,negative
awr99h,phoenix,post,1551593272,neutral
az9iib,phoenix,post,1552173915,neutral
b1mkxf,rant,post,1552697469,negative
b6iadt,rant,post,1553776807,neutral
b0m3d1,redditrequest,post,1552484132,neutral
b6dr2w,redditrequest,post,1553742890,neutral
b1lt9x,self,post,1552692854,negative
b1wj8h,teenagers,post,1552766028,negative
b4ytpd,teenagers,post,1553448014,negative
b6vfbu,teenagers,post,1553854166,neutral
b0ixj5,unpopularopinion,post,1552460220,negative
b7f8jm,unpopularopinion,post,1553975489,neutral
axmpj7,Brawlstars,post,1551801679,neutral
b5keph,Calgary,post,1553568987,negative
ayvoak,ethereum,post,1552081050,positive
b5p5sg,gatekeeping,post,1553603755,negative
ax1m7l,gonewild,post,1551665392,positive
ax20sr,gonewild,post,1551667970,positive
ax8im3,gonewild,post,1551714380,neutral
axi4op,gonewild,post,1551768667,positive
ay9nog,gonewild,post,1551941091,neutral
b0hhzm,gonewild,post,1552449732,neutral
b21c7t,gonewild,post,1552795697,neutral
b383av,gonewild,post,1553059607,neutral
b3o8c1,gonewild,post,1553158562,negative
b5pdg6,gonewild,post,1553604999,negative
b0cuet,kurzgesagt,post,1552423519,neutral
b4qqal,legaladvice,post,1553390424,neutral
b1db7f,occult,post,1552646190,neutral
b28xma,privacy,post,1552850979,neutral
aynl6l,redditrequest,post,1552030531,neutral
ayax8b,redditrequest,post,1551952276,neutral
b71yay,redditrequest,post,1553889685,neutral
b6emnt,redditrequest,post,1553748990,neutral
b1jqsp,redditrequest,post,1552681536,neutral
awn1w6,redditrequest,post,1551564675,neutral
axe4fc,runescape,post,1551742775,negative
b4scq3,schizophrenia,post,1553401024,negative
b28po9,subredditcancer,post,1552849792,negative
b3uv25,subredditcancer,post,1553196621,negative
b53p89,teenagers,post,1553473298,neutral
b21up7,travisscott,post,1552799736,negative
aytzlr,woooosh,post,1552072023,neutral
b1ulxx,worldpowers,post,1552755662,negative
awljrc,AMA,post,1551556233,neutral
b2of3p,Advice,post,1552944845,neutral
azkqdg,ApplyingToCollege,post,1552253532,positive
b54lxh,ApplyingToCollege,post,1553478555,negative
b09wc6,Austin,post,1552408752,negative
b0839h,ChapoTrapHouse,post,1552399105,neutral
axtyow,Chromecast,post,1551841744,negative
b15nv3,CollegeBasketball,post,1552596907,neutral
b79ud0,Costco,post,1553942273,neutral
azgiy0,FormulaE,post,1552230518,neutral
b1cwpf,FortNiteBR,post,1552643158,negative
b6rktv,GoForGold,post,1553824816,neutral
aw4kbz,Mid_Century,post,1551444881,neutral
b5c84d,ModSupport,post,1553528541,neutral
avyuyo,MortalKombat,post,1551403950,neutral
b1e1p7,Overwatch,post,1552651179,negative
b12ksh,PewdiepieSubmissions,post,1552581826,neutral
ayxs4d,Physics,post,1552093013,positive
b51bpj,PleX,post,1553460417,neutral
axjpjt,SkyrimTogether,post,1551781837,neutral
b4mhqv,WatchRedditDie,post,1553365913,negative
ayhpw5,aww,post,1551992813,negative
b2jkz8,aww,post,1552920485,negative
b7ttdk,belgium,post,1554072107,negative
b3upwa,dank_meme,post,1553195902,neutral
b51bjt,dank_meme,post,1553460396,negative
b44ar9,dankmemes,post,1553256582,positive
b4dhrq,dankmemes,post,1553305881,negative
b2onod,dankmemes,post,1552946045,neutral
awuluf,dankmemes,post,1551624499,negative
b7lbo6,dankmemes,post,1554018864,neutral
b6qlyc,darkjokes,post,1553819075,neutral
ayqtux,discordapp,post,1552055057,neutral
ayyoro,leangains,post,1552099126,neutral
awb9b6,lgbt,post,1551483387,negative
b3io54,memes,post,1553122039,negative
b1sukk,modhelp,post,1552745519,neutral
ayd701,modhelp,post,1551969040,neutral
b61sbf,modhelp,post,1553674457,neutral
b6sk6w,needamod,post,1553831087,neutral
b58zo0,newzealand,post,1553510114,positive
azm06c,redditrequest,post,1552260573,neutral
azxykr,redditrequest,post,1552334355,neutral
b1zt8b,redditrequest,post,1552785346,neutral
b4cbih,redditrequest,post,1553298695,negative
aw65fj,redditrequest,post,1551454138,neutral
ay5lq4,redditrequest,post,1551914918,neutral
b77uf1,sadcringe,post,1553925634,neutral
axe7tu,teenagers,post,1551743314,neutral
b5zf6u,teenagers,post,1553657141,negative
b5zfgh,teenagers,post,1553657186,negative
b7hpd9,unpopularopinion,post,1553990590,negative
awsesv,Advice,post,1551604357,negative
aw8hqo,AskOuija,post,1551467446,neutral
b031yg,AskReddit,post,1552362003,neutral
ayihxy,ChapoTrapHouse,post,1551997019,negative
az68hl,CryptoCurrency,post,1552154954,negative
b1peev,CryptoCurrency,post,1552717285,neutral
ay5112,DarkSouls2,post,1551911853,positive
b5r4r5,FreeKarma4U,post,1553614351,neutral
b4jla2,MaddenMobileForums,post,1553350375,positive
awn782,MortalKombat,post,1551565578,neutral
ax33ce,NeverBeGameOver,post,1551674858,negative
az0lw3,NormMacdonald,post,1552113143,negative
axtj8x,RPGMaker,post,1551839056,neutral
b47erl,StopGaming,post,1553273530,negative
b0i7w1,The_Dennis,post,1552454696,negative
b4pvfs,UofT,post,1553384982,neutral
b2k9wi,dankmemes,post,1552924071,negative
b1vfj2,dankmemes,post,1552760270,negative
b794o7,dankmemes,post,1553936418,negative
b6vr38,dankmemes,post,1553856606,negative
b7n31w,darkjokes,post,1554034123,neutral
b5umoq,gatekeeping,post,1553631196,neutral
b78m71,gatekeeping,post,1553931859,negative
b05qtb,geometrydash,post,1552382869,neutral
b7sf1x,halo,post,1554064565,negative
b1lwoh,modhelp,post,1552693439,neutral
aw2lf3,modhelp,post,1551429730,neutral
b1b8rl,newzealand,post,1552629943,neutral
b4kzri,redditrequest,post,1553358127,neutral
b3yomt,redditrequest,post,1553216730,neutral
axbr0z,runescape,post,1551730462,neutral
awreav,teenagers,post,1551594466,neutral
b4x13n,teenagers,post,1553438403,neutral
b32hm6,teenagers,post,1553027585,negative
ayitdv,ukpolitics,post,1551998773,neutral
az6oxb,unpopularopinion,post,1552157486,negative
b20k45,zen,post,1552790182,neutral
ayyo5y,2007scape,post,1552099004,negative
b0558m,AskReddit,post,1552377694,neutral
b3g5a7,AskReddit,post,1553109546,neutral
b5a5q9,CarletonU,post,1553517420,negative
b3jy7l,Comcast_Xfinity,post,1553128945,neutral
b5mng9,Drama,post,1553584577,negative
b6cbob,EliteDangerous,post,1553734255,neutral
b5d3yo,FearTheWalkingDead,post,1553532663,neutral
b0cxlg,GreenBayPackers,post,1552423957,positive
b4ybf3,INTP,post,1553445353,negative
b201cb,LSD,post,1552786780,positive
ax2w1b,Overwatch,post,1551673494,positive
axdhbo,Overwatch,post,1551739293,neutral
axeifm,Overwatch,post,1551745003,neutral
b0reiz,PewdiepieSubmissions,post,1552511402,negative
awyaxn,PoliticalHumor,post,1551645655,positive
ayft28,Rainbow6,post,1551982901,neutral
b38yj4,SCREENPRINTING,post,1553066288,positive
ax2wnr,askpsychology,post,1551673612,neutral
ayr29p,cigars,post,1552056424,neutral
b1hsvh,circlebroke2,post,1552671560,negative
b0lvwt,dankmemes,post,1552482906,negative
b3rvlf,dankmemes,post,1553182160,negative
b6qox5,dankmemes,post,1553819556,negative
b19iyk,dankmemes,post,1552618250,negative
b6f9gf,dankmemes,post,1553753752,negative
b6gym5,dankmemes,post,1553767775,negative
b3rirj,fakehistoryporn,post,1553180355,negative
aw9b7f,geology,post,1551472017,neutral
b3vke9,help,post,1553200107,neutral
azkott,ireland,post,1552253309,negative
b15j9r,ireland,post,1552596279,negative
b28noq,ireland,post,1552849511,negative
ayfu1l,ledzeppelin,post,1551983053,neutral
b53olm,me_irl,post,1553473199,neutral
b5vn9x,memes,post,1553636143,negative
b4jigu,memes,post,1553349899,neutral
b31ho4,memes,post,1553022726,neutral
b2xn64,newreddits,post,1553003410,neutral
aw0tom,notinteresting,post,1551416331,negative
b2xuuh,osugame,post,1553004534,positive
b3tmoh,quityourbullshit,post,1553190704,negative
b22o66,redditrequest,post,1552806693,neutral
ayjwzo,redditrequest,post,1552005035,neutral
aye5uz,redditrequest,post,1551974536,neutral
b543wt,redditrequest,post,1553475656,neutral
az0at3,redditrequest,post,1552110677,neutral
awb86b,redditrequest,post,1551483189,positive
az1vkw,runescape,post,1552124722,negative
axddqh,runescape,post,1551738750,negative
azlr63,runescape,post,1552259106,negative
b0tw5r,runescape,post,1552524583,negative
b0tyxh,runescape,post,1552525045,negative
b197ht,runescape,post,1552616294,neutral
b46eud,runescape,post,1553268525,neutral
b46kah,runescape,post,1553269274,neutral
b4affg,runescape,post,1553288614,negative
b4gzle,runescape,post,1553331133,negative
b4prt2,runescape,post,1553384362,negative
b4v8i9,runescape,post,1553425825,neutral
b72d4z,runescape,post,1553891776,neutral
b7phsb,runescape,post,1554049460,neutral
b7plr3,runescape,post,1554050071,neutral
b778ko,schizophrenia,post,1553921204,neutral
azoq6p,teenagers,post,1552277104,positive
b28bya,teenagers,post,1552847801,negative
axqx01,trap,post,1551823610,neutral
b60ba1,unpopularopinion,post,1553663148,negative
b0yxqj,wallstreetbets,post,1552561158,neutral
b7f8c0,woooosh,post,1553975458,neutral
azur9m,woooosh,post,1552318213,negative
b437ys,Braincels,post,1553248826,negative
b55b5u,Braincels,post,1553482739,positive
b7qs2g,DBZDokkanBattle,post,1554056157,neutral
b15gf4,FortNiteBR,post,1552595898,neutral
awj5ry,Futurology,post,1551542730,negative
awzcpm,Minecraft,post,1551651521,neutral
ayja43,Minecraft,post,1552001344,neutral
b0sqv7,Minecraft,post,1552518245,neutral
b2b10l,Minecraft,post,1552862451,neutral
b2lg46,Minecraft,post,1552929921,negative
aw6hjn,ModSupport,post,1551455999,neutral
b0f5rh,NoStupidQuestions,post,1552435480,neutral
azw0fc,PewdiepieSubmissions,post,1552324686,negative
b2y9eb,angelsbaseball,post,1553006653,neutral
b58o5t,borrow,post,1553507975,neutral
b6szzu,conspiracy,post,1553834192,neutral
b6t1yx,conspiracy,post,1553834612,positive
awmmnj,danganronpa,post,1551562218,neutral
b1x8ti,dankmemes,post,1552769858,neutral
b3nclc,dankmemes,post,1553151053,neutral
b6b83y,freefolk,post,1553727996,neutral
b69col,help,post,1553718792,negative
b0kk47,iamverysmart,post,1552474162,negative
b5tlpq,iamverysmart,post,1553626292,negative
b1rccu,melbourne,post,1552734455,neutral
axnrxj,metacanada,post,1551807212,negative
axqnz2,metacanada,post,1551822309,negative
aya5e4,oddlysatisfying,post,1551945170,negative
ayfq9p,paypal,post,1551982495,neutral
b4824g,redditrequest,post,1553276748,neutral
awbri8,redditrequest,post,1551486549,neutral
b2qupv,redditrequest,post,1552957690,neutral
axqox0,roblox,post,1551822439,neutral
b2hz9c,runescape,post,1552911189,neutral
az7d2y,sex,post,1552161303,neutral
b0f3es,sharditkeepit,post,1552435138,neutral
b3vk7f,southpark,post,1553200083,neutral
b60oyv,teenagers,post,1553665929,neutral
b51i0l,teenagers,post,1553461318,neutral
b0u60v,yakuzagames,post,1552526181,neutral
b15v3z,AutoModerator,post,1552597885,neutral
b6fnzk,Cricket,post,1553756961,neutral
az113u,Cricket,post,1552116848,positive
azkpb3,CryptoCurrency,post,1552253378,neutral
b0dj5w,DeepFriedMemes,post,1552427016,negative
awk83b,DeepFriedMemes,post,1551548873,neutral
b0l5a6,Gold,post,1552478343,negative
b63rdd,IAmA,post,1553688986,neutral
awq6lr,LSD,post,1551585051,neutral
b6umu7,Memes_Of_The_Dank,post,1553847660,negative
b16bos,ModSupport,post,1552600157,neutral
azei5m,MortalKombat,post,1552214290,neutral
b2vks7,Neverbrokeabone,post,1552990103,neutral
b4zv47,NoStupidQuestions,post,1553453249,neutral
axet9u,NoStupidQuestions,post,1551746761,negative
b0bosk,Overwatch,post,1552417755,neutral
b5tq3n,Poetry,post,1553626869,neutral
b1o5o3,StandUpComedy,post,1552707859,neutral
b1txla,The_Donald,post,1552751905,negative
azelmx,Warframe,post,1552215293,negative
b55t4m,adultery,post,1553485904,neutral
b6io1j,copypasta,post,1553779002,negative
b729c6,dankmemes,post,1553891239,neutral
b6u2u6,dankmemes,post,1553842818,negative
b70nzk,dankmemes,post,1553883222,negative
b7msdj,dankmemes,post,1554031790,negative
b5gbt2,dankmemes,post,1553547600,negative
azkzxq,realtors,post,1552254946,neutral
b4lmvh,redditrequest,post,1553361456,neutral
b3y2mq,redditrequest,post,1553213295,neutral
azuhxj,redditrequest,post,1552316797,neutral
azuqsb,redditrequest,post,1552318139,neutral
ayhed8,redditrequest,post,1551991146,neutral
ayrj5e,redditrequest,post,1552059109,neutral
b2l05a,redditrequest,post,1552927696,neutral
b16zq3,smoking,post,1552603482,neutral
b4r7qu,survivor,post,1553393452,negative
azeovo,teenagers,post,1552216113,neutral
azoter,teenagers,post,1552277645,neutral
b2p3k2,teenagers,post,1552948320,neutral
b1bcj9,thatHappened,post,1552630729,negative
b1bevm,thatHappened,post,1552631207,negative
b3ep7f,unpopularopinion,post,1553102361,neutral
b7k5qe,wholesomememes,post,1554008531,positive
axw6r9,Anticonsumption,post,1551857557,negative
b4wg9x,AskOuija,post,1553434901,neutral
b0nhhd,Astros,post,1552491996,neutral
b18lrt,AutoModerator,post,1552612536,neutral
awkztw,Drama,post,1551553145,neutral
ayux7c,Drama,post,1552076969,negative
az28c4,Drama,post,1552127856,neutral
azhh95,Drama,post,1552236141,neutral
azhjwk,Drama,post,1552236552,negative
b08qai,Drama,post,1552402791,negative
b0zafh,Drama,post,1552563575,negative
b1mnjb,Drama,post,1552697919,negative
b2ck2x,Drama,post,1552871581,negative
b38sh0,Drama,post,1553064958,negative
b3df0v,Drama,post,1553095969,negative
b3znqg,Drama,post,1553222593,neutral
b4i3qb,Drama,post,1553340140,negative
b4i5qv,Drama,post,1553340572,negative
b5lxpw,Drama,post,1553579129,negative
b5n1hr,Drama,post,1553587970,negative
b6b3lt,Drama,post,1553727338,negative
b6d00d,Drama,post,1553738244,neutral
b6etvi,Drama,post,1553750425,neutral
b6p7ek,Drama,post,1553811583,negative
b6p8q5,Drama,post,1553811760,negative
ayvd6x,Firearms,post,1552079372,neutral
b5fbyk,Fitness,post,1553542893,positive
b1u3vu,JoeRogan,post,1552752883,negative
aw7naw,KotakuInAction,post,1551462888,negative
b449s8,NBAForums,post,1553256410,negative
b27cg3,NYGiants,post,1552842504,neutral
b6qsha,PewdiepieSubmissions,post,1553820115,negative
b6ubfz,PewdiepieSubmissions,post,1553844785,negative
aym8tx,PublicFreakout,post,1552020299,positive
b24o9e,RocketLeague,post,1552825664,neutral
b77ta9,SkyrimTogether,post,1553925397,neutral
ay9ivt,WeddingPhotography,post,1551940063,neutral
ayvwzj,blackdesertonline,post,1552082358,negative
awtgcz,conspiracy,post,1551614961,negative
b75zp5,dank_meme,post,1553912602,negative
b6w976,dankmemes,post,1553859897,neutral
b7dus3,dankmemes,post,1553967761,negative
aznzh4,dankmemes,post,1552272531,negative
b30tld,dankmemes,post,1553019346,neutral
awrhvh,dating,post,1551595340,neutral
b5ssb7,dfsports,post,1553622414,negative
azalw9,dogs,post,1552181118,negative
b0vzhq,grandorder,post,1552537744,neutral
awxcup,lawofattraction,post,1551640555,neutral
b0k2kv,memes,post,1552470190,positive
b0064i,mildlyinfuriating,post,1552345247,negative
axijok,noveltranslations,post,1551771806,neutral
b6s372,outside,post,1553827969,negative
ay6bxt,raisedbynarcissists,post,1551919140,neutral
aw3nl2,redditrequest,post,1551438470,neutral
b5b5jz,redditrequest,post,1553523020,neutral
b3d3md,redditrequest,post,1553094287,neutral
b7p9om,unpopularopinion,post,1554048165,negative
b3nz6p,untrustworthypoptarts,post,1553156354,negative
b5u9m0,DankMemesFromSite19,post,1553629452,neutral
azz3ao,ExpandDong,post,1552339847,negative
b3upkl,FortNiteBR,post,1553195862,negative
b7hg66,FortNiteBR,post,1553988904,negative
b7nwic,FortNiteBR,post,1554039921,neutral
b5kq5j,GenderCritical,post,1553570977,neutral
b44vaq,IdeasForAskreddit,post,1553260077,neutral
ayy9ai,ModSupport,post,1552096148,neutral
axuprg,Parenting,post,1551846607,negative
awt166,PoliticalHumor,post,1551610851,negative
b3qqor,Roll20,post,1553176127,negative
b6dt0i,SCJerk,post,1553743244,positive
ax2oz7,SandersForPresident,post,1551672150,neutral
ayyo4q,Swingers,post,1552098998,neutral
b3snmy,Weird,post,1553185971,neutral
b085tz,WorldOfWarships,post,1552399505,neutral
b1dgiv,americandad,post,1552647292,neutral
b39zru,boottoobig,post,1553074863,negative
b0iriv,conspiracy,post,1552458885,negative
b11c4n,dankmemes,post,1552575635,neutral
b00sa6,dankmemes,post,1552348598,negative
b3028u,dankmemes,post,1553015627,negative
b6ppjd,dankmemes,post,1553814186,negative
b6trrt,dankmemes,post,1553840241,negative
b55m0i,dankmemes,post,1553484637,negative
b5b38v,dankmemes,post,1553522671,negative
b1ypu2,dankmemes,post,1552778520,negative
b40vvg,dankmemes,post,1553230637,neutral
b5jb6y,hardwareswap,post,1553562729,neutral
b2bsra,memes,post,1552867012,negative
b6whjv,modhelp,post,1553861444,neutral
b2pv1n,modhelp,post,1552952314,neutral
aw2u5s,mormon,post,1551431840,positive
b0h6hm,nfl,post,1552447578,neutral
b52j6j,options,post,1553466745,negative
aw4kz9,penguins,post,1551444998,negative
ay1n4j,privacy,post,1551894570,neutral
b1u9tv,rant,post,1552753792,negative
b46r2l,redditrequest,post,1553270223,neutral
awi4e7,redditrequest,post,1551535910,neutral
b0czxk,redditrequest,post,1552424288,neutral
avz43l,redditrequest,post,1551405563,neutral
avzgea,redditrequest,post,1551407712,neutral
avzgwo,redditrequest,post,1551407792,neutral
avzva0,redditrequest,post,1551410240,neutral
avzyus,redditrequest,post,1551410840,neutral
aw0rh5,redditrequest,post,1551415919,neutral
aw3kht,redditrequest,post,1551437835,neutral
aw444j,redditrequest,post,1551441841,neutral
aw5ny9,redditrequest,post,1551451386,neutral
aw5o70,redditrequest,post,1551451423,neutral
aw8v0x,redditrequest,post,1551469475,neutral
aw9kgv,redditrequest,post,1551473479,neutral
aw9s8n,redditrequest,post,1551474695,neutral
awa027,redditrequest,post,1551475942,neutral
awaihl,redditrequest,post,1551478874,neutral
awc1ko,redditrequest,post,1551488417,neutral
awdsmr,redditrequest,post,1551500405,neutral
aweg8s,redditrequest,post,1551505180,neutral
awf960,redditrequest,post,1551511523,neutral
awfx15,redditrequest,post,1551517401,neutral
awiali,redditrequest,post,1551537121,neutral
awj1au,redditrequest,post,1551541994,neutral
awja0h,redditrequest,post,1551543433,neutral
awknd6,redditrequest,post,1551551184,neutral
awkq7i,redditrequest,post,1551551636,neutral
awksm7,redditrequest,post,1551552009,neutral
awksu0,redditrequest,post,1551552044,neutral
awkvwr,redditrequest,post,1551552533,neutral
awl00y,redditrequest,post,1551553176,neutral
awl94d,redditrequest,post,1551554579,neutral
awlkbg,redditrequest,post,1551556322,neutral
awm1bg,redditrequest,post,1551558964,neutral
awmmyl,redditrequest,post,1551562264,neutral
awnh02,redditrequest,post,1551567220,neutral
awo05o,redditrequest,post,1551570405,neutral
awoh50,redditrequest,post,1551573286,neutral
awowzk,redditrequest,post,1551576181,neutral
awq37a,redditrequest,post,1551584341,neutral
awqgtv,redditrequest,post,1551587167,neutral
awqnhn,redditrequest,post,1551588530,neutral
awqzn8,redditrequest,post,1551591097,neutral
awrljq,redditrequest,post,1551596250,neutral
awrvsq,redditrequest,post,1551598917,neutral
awsqm5,redditrequest,post,1551607826,neutral
awtanc,redditrequest,post,1551613491,neutral
awumpz,redditrequest,post,1551624671,neutral
awwn8t,redditrequest,post,1551636750,neutral
awx23v,redditrequest,post,1551638941,neutral
awxdvc,redditrequest,post,1551640702,neutral
awxik6,redditrequest,post,1551641398,neutral
ax0lab,redditrequest,post,1551658877,neutral
ax1sn8,redditrequest,post,1551666536,neutral
ax25ct,redditrequest,post,1551668779,neutral
ax3uys,redditrequest,post,1551680254,neutral
ax3vx8,redditrequest,post,1551680452,neutral
ax3zuc,redditrequest,post,1551681265,neutral
ax47ue,redditrequest,post,1551682957,neutral
ax6ydy,redditrequest,post,1551704956,neutral
ax6zu5,redditrequest,post,1551705232,neutral
ax7gey,redditrequest,post,1551708195,neutral
ax7v28,redditrequest,post,1551710653,neutral
ax7zls,redditrequest,post,1551711424,neutral
ax8t5c,redditrequest,post,1551715935,neutral
ax91ln,redditrequest,post,1551717125,neutral
ax9h6l,redditrequest,post,1551719279,neutral
ax9w99,redditrequest,post,1551721328,neutral
axb0kc,redditrequest,post,1551726812,neutral
axbfxa,redditrequest,post,1551728943,neutral
axbj9b,redditrequest,post,1551729395,neutral
axbq7i,redditrequest,post,1551730349,neutral
axdtk5,redditrequest,post,1551741087,neutral
axgim3,redditrequest,post,1551756806,neutral
axgqf7,redditrequest,post,1551758784,neutral
axio62,redditrequest,post,1551772852,neutral
axiw2k,redditrequest,post,1551774732,neutral
axixt9,redditrequest,post,1551775173,neutral
axlyti,redditrequest,post,1551797541,neutral
axmxxn,redditrequest,post,1551802870,neutral
axnv0p,redditrequest,post,1551807661,neutral
axoos3,redditrequest,post,1551811908,neutral
axozsy,redditrequest,post,1551813530,neutral
axp1nr,redditrequest,post,1551813795,neutral
axp4fl,redditrequest,post,1551814197,neutral
axpg0i,redditrequest,post,1551815842,neutral
axpqjk,redditrequest,post,1551817390,neutral
axpykq,redditrequest,post,1551818593,neutral
axpzms,redditrequest,post,1551818743,neutral
axq9nl,redditrequest,post,1551820207,neutral
axqpa0,redditrequest,post,1551822496,neutral
axrf12,redditrequest,post,1551826357,neutral
axrsf2,redditrequest,post,1551828427,neutral
axs3rm,redditrequest,post,1551830303,neutral
axte7r,redditrequest,post,1551838205,neutral
axthzv,redditrequest,post,1551838839,neutral
axuopu,redditrequest,post,1551846411,neutral
axvm2f,redditrequest,post,1551852976,neutral
axwru5,redditrequest,post,1551862830,neutral
axy513,redditrequest,post,1551874220,neutral
axyu6a,redditrequest,post,1551879004,neutral
axz5ho,redditrequest,post,1551880971,neutral
axzw3v,redditrequest,post,1551885325,neutral
ay0db2,redditrequest,post,1551887962,neutral
ay11md,redditrequest,post,1551891510,neutral
ay1jke,redditrequest,post,1551894071,neutral
ay25ye,redditrequest,post,1551897260,neutral
ay2cni,redditrequest,post,1551898203,neutral
ay32nu,redditrequest,post,1551901894,neutral
ay3rz3,redditrequest,post,1551905515,neutral
ay3ufy,redditrequest,post,1551905868,neutral
ay4bpn,redditrequest,post,1551908244,neutral
ay4jms,redditrequest,post,1551909379,neutral
ay62ry,redditrequest,post,1551917657,neutral
ay63th,redditrequest,post,1551917822,neutral
ay6l3n,redditrequest,post,1551920673,neutral
ay9v86,redditrequest,post,1551942749,neutral
ayakmz,redditrequest,post,1551949179,neutral
ayb0yx,redditrequest,post,1551953153,neutral
ayddml,redditrequest,post,1551970108,neutral
aydfje,redditrequest,post,1551970409,neutral
aydje6,redditrequest,post,1551971034,neutral
aydmyl,redditrequest,post,1551971599,neutral
aydneg,redditrequest,post,1551971661,neutral
aydu5u,redditrequest,post,1551972750,neutral
aye6kw,redditrequest,post,1551974642,neutral
aye77x,redditrequest,post,1551974731,neutral
ayefj9,redditrequest,post,1551975928,neutral
ayeon0,redditrequest,post,1551977248,neutral
ayeudj,redditrequest,post,1551978037,neutral
ayf6sw,redditrequest,post,1551979762,neutral
ayg75m,redditrequest,post,1551984924,neutral
aygers,redditrequest,post,1551986002,neutral
aygnug,redditrequest,post,1551987304,neutral
ayh17s,redditrequest,post,1551989218,neutral
ayizot,redditrequest,post,1551999726,neutral
ayj7r5,redditrequest,post,1552000955,neutral
ayjipv,redditrequest,post,1552002760,neutral
ayjpec,redditrequest,post,1552003811,neutral
ayllmp,redditrequest,post,1552015854,neutral
ayo8ii,redditrequest,post,1552036290,neutral
ayobcv,redditrequest,post,1552036990,neutral
ayobko,redditrequest,post,1552037040,neutral
ayoedq,redditrequest,post,1552037725,neutral
ayogxy,redditrequest,post,1552038329,neutral
ayoln9,redditrequest,post,1552039438,neutral
aypyow,redditrequest,post,1552049733,neutral
ayq7he,redditrequest,post,1552051324,neutral
ayr884,redditrequest,post,1552057401,neutral
ayr8x7,redditrequest,post,1552057506,neutral
ayrpx6,redditrequest,post,1552060121,neutral
aysdz8,redditrequest,post,1552063667,neutral
ayt0yc,redditrequest,post,1552067002,neutral
aytamt,redditrequest,post,1552068421,neutral
ayxcxo,redditrequest,post,1552090374,neutral
ayxiz0,redditrequest,post,1552091405,neutral
ayxui8,redditrequest,post,1552093438,neutral
ayz83i,redditrequest,post,1552102891,neutral
ayzf9h,redditrequest,post,1552104241,neutral
az0074,redditrequest,post,1552108419,neutral
az1l75,redditrequest,post,1552122140,neutral
az1nr9,redditrequest,post,1552122756,neutral
az1zui,redditrequest,post,1552125783,neutral
az4iy6,redditrequest,post,1552145005,neutral
az4jnh,redditrequest,post,1552145133,neutral
az4ydp,redditrequest,post,1552147660,neutral
az5h5x,redditrequest,post,1552150659,neutral
az5osj,redditrequest,post,1552151862,neutral
az6di5,redditrequest,post,1552155721,neutral
az6etd,redditrequest,post,1552155928,neutral
az7dn5,redditrequest,post,1552161387,neutral
az7z0x,redditrequest,post,1552164841,neutral
azbqkp,redditrequest,post,1552189237,neutral
azbtox,redditrequest,post,1552189871,neutral
azbybr,redditrequest,post,1552190803,neutral
azcjas,redditrequest,post,1552195264,neutral
azdjdr,redditrequest,post,1552204286,neutral
azh526,redditrequest,post,1552234184,neutral
azhqt4,redditrequest,post,1552237636,neutral
azjg9o,redditrequest,post,1552246830,neutral
azjglg,redditrequest,post,1552246876,neutral
azjtls,redditrequest,post,1552248715,neutral
azkbuw,redditrequest,post,1552251394,neutral
azkdis,redditrequest,post,1552251637,neutral
azkn2q,redditrequest,post,1552253051,neutral
azksg0,redditrequest,post,1552253833,neutral
azkts6,redditrequest,post,1552254031,neutral
azku19,redditrequest,post,1552254072,neutral
azl89k,redditrequest,post,1552256169,neutral
azlcdr,redditrequest,post,1552256791,neutral
azmhq5,redditrequest,post,1552263451,neutral
azmrr2,redditrequest,post,1552265137,neutral
azoh79,redditrequest,post,1552275570,neutral
azpfa4,redditrequest,post,1552281625,neutral
azpqeu,redditrequest,post,1552283736,neutral
azpt0c,redditrequest,post,1552284215,neutral
azq5br,redditrequest,post,1552286664,neutral
azrk6n,redditrequest,post,1552298068,neutral
azrwkz,redditrequest,post,1552300717,neutral
azt4r0,redditrequest,post,1552308923,neutral
azuce9,redditrequest,post,1552315966,neutral
azud7y,redditrequest,post,1552316090,neutral
azuisv,redditrequest,post,1552316929,neutral
azvbqh,redditrequest,post,1552321154,neutral
azvjdl,redditrequest,post,1552322289,neutral
azzyql,redditrequest,post,1552344173,neutral
b00ac9,redditrequest,post,1552345866,neutral
b01jix,redditrequest,post,1552352827,neutral
b023hl,redditrequest,post,1552356190,neutral
b045yo,redditrequest,post,1552369719,neutral
b04y98,redditrequest,post,1552375979,neutral
b05256,redditrequest,post,1552376917,neutral
b07l06,redditrequest,post,1552396104,neutral
b08lpj,redditrequest,post,1552402075,negative
b0arc9,redditrequest,post,1552413084,neutral
b0c0ud,redditrequest,post,1552419401,neutral
b0daf2,redditrequest,post,1552425773,neutral
b0f07l,redditrequest,post,1552434650,neutral
b0f46i,redditrequest,post,1552435243,neutral
b0f8cy,redditrequest,post,1552435854,neutral
b0fnzx,redditrequest,post,1552438257,neutral
b0gpp3,redditrequest,post,1552444540,neutral
b0h31d,redditrequest,post,1552446935,neutral
b0h6hl,redditrequest,post,1552447578,neutral
b0h9x2,redditrequest,post,1552448202,neutral
b0ibwh,redditrequest,post,1552455549,neutral
b0jtzt,redditrequest,post,1552468141,neutral
b0lm05,redditrequest,post,1552481267,neutral
b0lwyu,redditrequest,post,1552483080,neutral
b0nlve,redditrequest,post,1552492644,neutral
b0o1bj,redditrequest,post,1552494803,neutral
b0o204,redditrequest,post,1552494900,neutral
b0olfd,redditrequest,post,1552497643,neutral
b0omon,redditrequest,post,1552497820,neutral
b0oxoy,redditrequest,post,1552499308,negative
b0pioy,redditrequest,post,1552502225,neutral
b0pm3y,redditrequest,post,1552502691,neutral
b0ppeb,redditrequest,post,1552503141,neutral
b0q0i0,redditrequest,post,1552504605,negative
b0s682,redditrequest,post,1552515304,neutral
b0siqj,redditrequest,post,1552517055,neutral
b0sjk0,redditrequest,post,1552517176,neutral
b0u0kc,redditrequest,post,1552525296,neutral
b0u1u2,redditrequest,post,1552525495,neutral
b0ud8v,redditrequest,post,1552527363,neutral
b0v21o,redditrequest,post,1552531685,neutral
b0w2f6,redditrequest,post,1552538310,neutral
b0z2sb,redditrequest,post,1552562106,neutral
b0zj11,redditrequest,post,1552565156,positive
b10phm,redditrequest,post,1552572196,neutral
b119xd,redditrequest,post,1552575309,neutral
b11cj1,redditrequest,post,1552575691,neutral
b12764,redditrequest,post,1552579994,neutral
b14wrz,redditrequest,post,1552593218,neutral
b15mkm,redditrequest,post,1552596736,neutral
b19bdl,redditrequest,post,1552616961,neutral
b19hc0,redditrequest,post,1552617955,neutral
b1afy4,redditrequest,post,1552624230,neutral
b1axbs,redditrequest,post,1552627632,neutral
b1dr5y,redditrequest,post,1552649220,neutral
b1dt1w,redditrequest,post,1552649582,neutral
b1gplz,redditrequest,post,1552666012,neutral
b1hfcs,redditrequest,post,1552669668,neutral
b1hs3r,redditrequest,post,1552671453,neutral
b1i6pf,redditrequest,post,1552673521,neutral
b1jdc8,redditrequest,post,1552679537,neutral
b1jsl9,redditrequest,post,1552681792,negative
b1jxqa,redditrequest,post,1552682544,neutral
b1kefm,redditrequest,post,1552684967,neutral
b1kkx5,redditrequest,post,1552685952,neutral
b1kt2b,redditrequest,post,1552687193,neutral
b1lvzp,redditrequest,post,1552693329,neutral
b1ppev,redditrequest,post,1552719872,neutral
b1r64d,redditrequest,post,1552733009,neutral
b1rwok,redditrequest,post,1552739036,neutral
b1s055,redditrequest,post,1552739760,neutral
b1t06i,redditrequest,post,1552746484,neutral
b1u2fq,redditrequest,post,1552752656,neutral
b1vw38,redditrequest,post,1552762728,neutral
b1yjbw,redditrequest,post,1552777395,neutral
b1yrh1,redditrequest,post,1552778810,neutral
b1yzm3,redditrequest,post,1552780250,neutral
b1z0sr,redditrequest,post,1552780460,neutral
b20jmu,redditrequest,post,1552790096,neutral
b20oaa,redditrequest,post,1552790954,neutral
b20wcv,redditrequest,post,1552792495,neutral
b20ywe,redditrequest,post,1552792998,neutral
b20zex,redditrequest,post,1552793099,neutral
b21f64,redditrequest,post,1552796320,neutral
b26x8j,redditrequest,post,1552840213,neutral
b27dn4,redditrequest,post,1552842684,neutral
b27g01,redditrequest,post,1552843044,neutral
b292pm,redditrequest,post,1552851711,neutral
b29dkm,redditrequest,post,1552853330,neutral
b2aqxa,redditrequest,post,1552860865,neutral
b2bq2u,redditrequest,post,1552866575,neutral
b2dc1f,redditrequest,post,1552876544,neutral
b2dm7y,redditrequest,post,1552878438,neutral
b2dwvd,redditrequest,post,1552880493,neutral
b2dytl,redditrequest,post,1552880855,neutral
b2fedb,redditrequest,post,1552891575,neutral
b2fr9c,redditrequest,post,1552894707,neutral
b2ft1p,redditrequest,post,1552895146,neutral
b2fttc,redditrequest,post,1552895345,neutral
b2fu80,redditrequest,post,1552895444,neutral
b2gozy,redditrequest,post,1552902382,neutral
b2ii99,redditrequest,post,1552914349,neutral
b2jddw,redditrequest,post,1552919331,neutral
b2ju64,redditrequest,post,1552921830,neutral
b2kqiq,redditrequest,post,1552926382,neutral
b2kzws,redditrequest,post,1552927660,neutral
b2mcpp,redditrequest,post,1552934447,neutral
b2mzgq,redditrequest,post,1552937587,neutral
b2n17y,redditrequest,post,1552937834,neutral
b2n3tc,redditrequest,post,1552938206,neutral
b2o8j6,redditrequest,post,1552943923,neutral
b2o8mv,redditrequest,post,1552943936,neutral
b2oiqf,redditrequest,post,1552945378,neutral
b2r6zo,redditrequest,post,1552959560,neutral
b2ri0y,redditrequest,post,1552961234,neutral
b2sklq,redditrequest,post,1552967695,neutral
b2sv1r,redditrequest,post,1552969571,neutral
b2ukek,redditrequest,post,1552981895,neutral
b2v3ui,redditrequest,post,1552986423,neutral
b2wcx3,redditrequest,post,1552995637,neutral
b2wdne,redditrequest,post,1552995781,neutral
b2xwcx,redditrequest,post,1553004758,neutral
b2ztin,redditrequest,post,1553014468,neutral
b32zed,redditrequest,post,1553030049,neutral
b34xav,redditrequest,post,1553039987,neutral
b36y6x,redditrequest,post,1553051900,neutral
b37o3o,redditrequest,post,1553056630,neutral
b389wb,redditrequest,post,1553060985,neutral
b38gex,redditrequest,post,1553062328,neutral
b38wlt,redditrequest,post,1553065870,neutral
b3apks,redditrequest,post,1553080259,neutral
b3btrp,redditrequest,post,1553087439,neutral
b3csmp,redditrequest,post,1553092670,neutral
b3euze,redditrequest,post,1553103175,negative
b3f8o7,redditrequest,post,1553105062,neutral
b3fuul,redditrequest,post,1553108100,neutral
b3j4rv,redditrequest,post,1553124504,neutral
b3j9l5,redditrequest,post,1553125207,neutral
b3l6rs,redditrequest,post,1553136066,neutral
b3m8mr,redditrequest,post,1553142556,negative
b3rla7,redditrequest,post,1553180694,neutral
b3rm7i,redditrequest,post,1553180830,neutral
b3sna1,redditrequest,post,1553185905,neutral
b3tzbm,redditrequest,post,1553192359,neutral
b3v4qa,redditrequest,post,1553197928,neutral
b3vz7a,redditrequest,post,1553202166,neutral
b3wzvt,redditrequest,post,1553207417,neutral
b3x5fp,redditrequest,post,1553208242,neutral
b419mh,redditrequest,post,1553233516,neutral
b457fw,redditrequest,post,1553262070,neutral
b45sax,redditrequest,post,1553265270,neutral
b46h2s,redditrequest,post,1553268842,neutral
b47cvc,redditrequest,post,1553273247,neutral
b47nwg,redditrequest,post,1553274824,neutral
b47ol5,redditrequest,post,1553274923,neutral
b48jzw,redditrequest,post,1553279207,neutral
b49bs0,redditrequest,post,1553283027,neutral
b4b0h5,redditrequest,post,1553291625,neutral
b4b1tj,redditrequest,post,1553291826,neutral
b4bncw,redditrequest,post,1553294949,neutral
b4csln,redditrequest,post,1553301494,neutral
b4e4xo,redditrequest,post,1553310103,neutral
b4hywu,redditrequest,post,1553339084,neutral
b4i1sr,redditrequest,post,1553339717,neutral
b4i4t6,redditrequest,post,1553340361,neutral
b4i9r1,redditrequest,post,1553341427,neutral
b4ikkm,redditrequest,post,1553343721,neutral
b4it3n,redditrequest,post,1553345374,neutral
b4iz2r,redditrequest,post,1553346453,neutral
b4kgpj,redditrequest,post,1553355406,neutral
b4lac4,redditrequest,post,1553359647,neutral
b4ljvp,redditrequest,post,1553361028,neutral
b4orgr,redditrequest,post,1553378222,neutral
b4pj6c,redditrequest,post,1553382880,neutral
b4qchz,redditrequest,post,1553387969,neutral
b4r92n,redditrequest,post,1553393686,negative
b4sol1,redditrequest,post,1553403576,neutral
b4t9i9,redditrequest,post,1553408326,neutral
b4tc6y,redditrequest,post,1553408983,neutral
b4u5gj,redditrequest,post,1553416476,neutral
b4v4s5,redditrequest,post,1553425017,neutral
b4vz51,redditrequest,post,1553431612,neutral
b4vzl6,redditrequest,post,1553431713,neutral
b4z3ox,redditrequest,post,1553449420,neutral
b51rv3,redditrequest,post,1553462677,neutral
b52g1v,redditrequest,post,1553466266,neutral
b546wf,redditrequest,post,1553476116,neutral
b55i7k,redditrequest,post,1553483962,neutral
b55ipi,redditrequest,post,1553484049,neutral
b59byp,redditrequest,post,1553512318,neutral
b5ac8v,redditrequest,post,1553518504,neutral
b5bgba,redditrequest,post,1553524619,neutral
b5bjgm,redditrequest,post,1553525080,neutral
b5cuh0,redditrequest,post,1553531474,neutral
b5fbqb,redditrequest,post,1553542867,neutral
b5gxoj,redditrequest,post,1553550441,neutral
b5h00e,redditrequest,post,1553550758,neutral
b5hv9c,redditrequest,post,1553554991,neutral
b5jcr3,redditrequest,post,1553562959,neutral
b5jhv9,redditrequest,post,1553563744,neutral
b5jrmy,redditrequest,post,1553565266,neutral
b5jspr,redditrequest,post,1553565431,neutral
b5k5nh,redditrequest,post,1553567493,neutral
b5rlji,redditrequest,post,1553616592,neutral
b5rtni,redditrequest,post,1553617664,neutral
b5xrm9,redditrequest,post,1553647340,neutral
b5yv4z,redditrequest,post,1553653683,neutral
b5zx04,redditrequest,post,1553660405,neutral
b5zxnb,redditrequest,post,1553660528,neutral
b60sbr,redditrequest,post,1553666645,neutral
b613dc,redditrequest,post,1553668953,neutral
b619bw,redditrequest,post,1553670192,neutral
b61aeu,redditrequest,post,1553670412,neutral
b61rvx,redditrequest,post,1553674357,neutral
b62271,redditrequest,post,1553676822,neutral
b62d6b,redditrequest,post,1553679219,neutral
b64ybt,redditrequest,post,1553695843,neutral
b66p7r,redditrequest,post,1553706045,neutral
b67fdq,redditrequest,post,1553709510,neutral
b67w7g,redditrequest,post,1553711741,neutral
b684qv,redditrequest,post,1553712899,neutral
b689dm,redditrequest,post,1553713505,neutral
b6avfv,redditrequest,post,1553726153,neutral
b6hvi1,redditrequest,post,1553774213,neutral
b6hyw3,redditrequest,post,1553774816,neutral
b6iryi,redditrequest,post,1553779627,neutral
b6j7wf,redditrequest,post,1553782030,neutral
b6k419,redditrequest,post,1553786573,neutral
b6khwb,redditrequest,post,1553788440,neutral
b6kx1k,redditrequest,post,1553790456,neutral
b6ls75,redditrequest,post,1553794617,neutral
b6mqyz,redditrequest,post,1553799407,neutral
b6nydl,redditrequest,post,1553805306,neutral
b6oqnz,redditrequest,post,1553809202,neutral
b6pwoo,redditrequest,post,1553815226,neutral
b6qdxr,redditrequest,post,1553817852,neutral
b6qf7n,redditrequest,post,1553818071,neutral
b6qpn1,redditrequest,post,1553819665,neutral
b6rthj,redditrequest,post,1553826279,neutral
b6sguz,redditrequest,post,1553830448,neutral
b6t2in,redditrequest,post,1553834724,neutral
b6td7n,redditrequest,post,1553836984,neutral
b6u91u,redditrequest,post,1553844193,neutral
b6w09p,redditrequest,post,1553858267,neutral
b72xmt,redditrequest,post,1553894752,neutral
b748nj,redditrequest,post,1553901879,neutral
b74hmc,redditrequest,post,1553903343,neutral
b74ofg,redditrequest,post,1553904476,neutral
b758tp,redditrequest,post,1553907877,neutral
b76oi4,redditrequest,post,1553917266,neutral
b783zw,redditrequest,post,1553927666,neutral
b78ex7,redditrequest,post,1553930158,neutral
b78sn1,redditrequest,post,1553933417,neutral
b7avnv,redditrequest,post,1553949932,neutral
b7b7t3,redditrequest,post,1553952146,neutral
b7bghx,redditrequest,post,1553953662,neutral
b7dyur,redditrequest,post,1553968434,neutral
b7g9t5,redditrequest,post,1553981509,neutral
b7h5a9,redditrequest,post,1553986961,neutral
b7j29x,redditrequest,post,1554000046,neutral
b7jfe0,redditrequest,post,1554002790,neutral
b7jg3l,redditrequest,post,1554002944,neutral
b7jst4,redditrequest,post,1554005662,neutral
b7lrc3,redditrequest,post,1554022934,neutral
b7ltps,redditrequest,post,1554023532,neutral
b7ltvo,redditrequest,post,1554023575,neutral
b7o87g,redditrequest,post,1554041925,neutral
b7ois5,redditrequest,post,1554043645,neutral
b7smds,redditrequest,post,1554065613,neutral
b7sqb4,redditrequest,post,1554066181,neutral
b7t6i7,redditrequest,post,1554068513,neutral
b7tweu,redditrequest,post,1554072618,neutral
b7nkyk,redditrequest,post,1554037774,neutral
aym8l0,secretsanta,post,1552020255,neutral
b1yzgm,specializedtools,post,1552780222,negative
b6tfd8,teenagers,post,1553837450,negative
b6xnuq,unpopularopinion,post,1553868224,negative
awvu31,AgainstHateSubreddits,post,1551632213,negative
b52hh5,AskReddit,post,1553466488,neutral
b44ge5,AskTrumpSupporters,post,1553257570,neutral
ayxaza,Braincels,post,1552090084,negative
b73rzk,DBZDokkanBattle,post,1553899294,negative
b29p5l,ELATeachers,post,1552855091,neutral
ayqscm,NoStupidQuestions,post,1552054815,negative
b56pud,OldSchoolCool,post,1553492085,negative
b72br4,OldSchoolCool,post,1553891581,neutral
b2sz9e,PewdiepieSubmissions,post,1552970375,negative
b2u7cs,PewdiepieSubmissions,post,1552979093,negative
b30os3,PewdiepieSubmissions,post,1553018690,negative
b3da00,PewdiepieSubmissions,post,1553095231,negative
b3gy1a,Rockband,post,1553113512,neutral
b36qst,Smite,post,1553050649,neutral
b0rfrb,The_Donald,post,1552511575,negative
ay5x9m,asktransgender,post,1551916752,positive
awt2jr,communism,post,1551611226,negative
b4w4wl,copypasta,post,1553432762,negative
b4yez2,dank_meme,post,1553445859,negative
b7eoa4,dankmemes,post,1553972392,positive
b18xih,dankmemes,post,1552614567,negative
b78cuk,dankmemes,post,1553929690,negative
b7ase4,dankmemes,post,1553949295,neutral
b70kuh,dankmemes,post,1553882775,neutral
b7o2a3,dankmemes,post,1554040937,neutral
b6wg0r,dankmemes,post,1553861151,negative
b79v37,dankmemes,post,1553942435,negative
b7casf,dankmemes,post,1553958564,negative
b7hxa1,dankmemes,post,1553992053,negative
b02fi6,foxholegame,post,1552358254,negative
b7i72f,help,post,1553993930,neutral
b6xzyi,memes,post,1553869957,negative
b0uilc,nba,post,1552528288,negative
b0dpzq,newjersey,post,1552427992,neutral
ayb8mt,northernireland,post,1551954953,neutral
axc45u,opieandanthony,post,1551732290,positive
b7fkgg,opieandanthony,post,1553977379,neutral
aygrqe,redditrequest,post,1551987858,neutral
b1hdtf,redditrequest,post,1552669452,neutral
axz1sh,redditrequest,post,1551880360,neutral
b2a6mi,ripcity,post,1552857716,negative
azfazp,unpopularopinion,post,1552221917,negative
b54s3b,AskReddit,post,1553479559,neutral
avy5bc,AskReddit,post,1551399560,neutral
avzurw,AskReddit,post,1551410155,neutral
aw3ogf,AskReddit,post,1551438641,neutral
aw6anl,AskReddit,post,1551454932,neutral
aw6bj8,AskReddit,post,1551455069,neutral
awezgq,AskReddit,post,1551509363,neutral
awhzcq,AskReddit,post,1551534907,neutral
awl80m,AskReddit,post,1551554417,neutral
awlv4m,AskReddit,post,1551558008,negative
aws3zy,AskReddit,post,1551601211,negative
awxq1h,AskReddit,post,1551642514,neutral
ax39sb,AskReddit,post,1551676073,neutral
ax9kbt,AskReddit,post,1551719693,negative
axd60t,AskReddit,post,1551737628,negative
axdfdr,AskReddit,post,1551738997,neutral
axf9fv,AskReddit,post,1551749414,neutral
axnqx8,AskReddit,post,1551807086,neutral
axsc1q,AskReddit,post,1551831677,negative
axxqhp,AskReddit,post,1551871097,negative
ay2b5v,AskReddit,post,1551897986,negative
ay2e77,AskReddit,post,1551898426,negative
ay5ds1,AskReddit,post,1551913720,negative
ay5uyj,AskReddit,post,1551916373,positive
ay7dza,AskReddit,post,1551925542,neutral
ay95y8,AskReddit,post,1551937385,negative
ay9ame,AskReddit,post,1551938359,negative
ayaxb2,AskReddit,post,1551952295,neutral
ayfh4e,AskReddit,post,1551981213,neutral
ayjqx6,AskReddit,post,1552004039,neutral
aym7vz,AskReddit,post,1552020122,negative
ayngd2,AskReddit,post,1552029388,negative
aywsth,AskReddit,post,1552087043,negative
aywzhj,AskReddit,post,1552088131,negative
ayxatc,AskReddit,post,1552090056,neutral
ayylai,AskReddit,post,1552098448,neutral
az58e4,AskReddit,post,1552149263,neutral
az6ega,AskReddit,post,1552155872,negative
aza4m3,AskReddit,post,1552177862,negative
azbbqf,AskReddit,post,1552186240,neutral
azc91m,AskReddit,post,1552193057,neutral
azehew,AskReddit,post,1552214089,negative
azq2fw,AskReddit,post,1552286086,neutral
aztak6,AskReddit,post,1552309939,neutral
azunvc,AskReddit,post,1552317709,neutral
azvpst,AskReddit,post,1552323206,neutral
b01zib,AskReddit,post,1552355529,neutral
b09h97,AskReddit,post,1552406638,neutral
b0h9gd,AskReddit,post,1552448111,neutral
b0mo5n,AskReddit,post,1552487521,neutral
b0mslq,AskReddit,post,1552488241,neutral
b0n2ie,AskReddit,post,1552489767,negative
b0pi4n,AskReddit,post,1552502147,neutral
b0qye9,AskReddit,post,1552509181,neutral
b0ud77,AskReddit,post,1552527355,neutral
b0vpt2,AskReddit,post,1552535918,neutral
b0wprb,AskReddit,post,1552543177,neutral
b0yyjf,AskReddit,post,1552561302,neutral
b14q95,AskReddit,post,1552592349,neutral
b16bmm,AskReddit,post,1552600150,neutral
b16f67,AskReddit,post,1552600643,neutral
b1agfl,AskReddit,post,1552624318,neutral
b1eh7r,AskReddit,post,1552653752,neutral
b1gkhe,AskReddit,post,1552665290,neutral
b1om9m,AskReddit,post,1552711065,neutral
b1p2dt,AskReddit,post,1552714524,neutral
b1q8bn,AskReddit,post,1552724701,neutral
b1qc6x,AskReddit,post,1552725725,neutral
b1ty16,AskReddit,post,1552751981,neutral
b1vud2,AskReddit,post,1552762472,negative
b1y4iu,AskReddit,post,1552774895,neutral
b214ul,AskReddit,post,1552794173,neutral
b23cj3,AskReddit,post,1552813440,neutral
b285wk,AskReddit,post,1552846902,neutral
b289vw,AskReddit,post,1552847502,neutral
b2btww,AskReddit,post,1552867220,negative
b2erjg,AskReddit,post,1552886639,neutral
b2l4g3,AskReddit,post,1552928331,neutral
b36joy,AskReddit,post,1553049466,neutral
b3b439,AskReddit,post,1553083089,neutral
b3g2xw,AskReddit,post,1553109234,negative
b3j1wb,AskReddit,post,1553124065,negative
b3j8az,AskReddit,post,1553125016,neutral
b3k5m9,AskReddit,post,1553130128,neutral
b3taud,AskReddit,post,1553189109,neutral
b3zd6z,AskReddit,post,1553220808,neutral
b40c83,AskReddit,post,1553226942,negative
b49b27,AskReddit,post,1553282923,neutral
b4fw96,AskReddit,post,1553322150,negative
b4k24u,AskReddit,post,1553353139,negative
b4ks56,AskReddit,post,1553357025,neutral
b4lzkw,AskReddit,post,1553363320,neutral
b4oqvg,AskReddit,post,1553378125,neutral
b4ox0u,AskReddit,post,1553379138,neutral
b4p28c,AskReddit,post,1553380015,negative
b4s4ew,AskReddit,post,1553399389,neutral
b4ui2e,AskReddit,post,1553419698,negative
b4ul7y,AskReddit,post,1553420507,neutral
b4vlbu,AskReddit,post,1553428729,neutral
b4w9gq,AskReddit,post,1553433623,neutral
b4xq78,AskReddit,post,1553442265,neutral
b58suu,AskReddit,post,1553508849,neutral
b5af8r,AskReddit,post,1553518974,neutral
b5jvdm,AskReddit,post,1553565852,negative
b5mq70,AskReddit,post,1553585197,neutral
b60drz,AskReddit,post,1553663651,negative
b62ed2,AskReddit,post,1553679481,neutral
b65fzw,AskReddit,post,1553698987,negative
b69eqp,AskReddit,post,1553719080,neutral
b6d1ps,AskReddit,post,1553738523,neutral
b6ek8l,AskReddit,post,1553748495,neutral
b6mqub,AskReddit,post,1553799386,negative
b6pkfx,AskReddit,post,1553813437,neutral
b6qrjl,AskReddit,post,1553819971,neutral
b6rh4i,AskReddit,post,1553824190,neutral
b6u2ql,AskReddit,post,1553842798,negative
b6u5pb,AskReddit,post,1553843440,negative
b6vuo2,AskReddit,post,1553857281,neutral
b6vypf,AskReddit,post,1553857990,neutral
b75lh1,AskReddit,post,1553910067,neutral
b75ows,AskReddit,post,1553910679,neutral
b76oyo,AskReddit,post,1553917365,neutral
b7ap8y,AskReddit,post,1553948709,neutral
b7hqes,AskReddit,post,1553990802,neutral
b7hr9d,AskReddit,post,1553990955,neutral
b7lqdi,AskReddit,post,1554022684,neutral
b7lzw0,AskReddit,post,1554025099,neutral
b7nk03,AskReddit,post,1554037574,neutral
ayyxrz,Browns,post,1552100896,negative
b3k8ot,ComedyCemetery,post,1553130617,positive
b3mooe,ComedyCemetery,post,1553145636,positive
b0utto,DynastyFF,post,1552530237,neutral
b20y6a,FortNiteBR,post,1552792843,neutral
b4kp90,JohnMayer,post,1553356634,neutral
b2sk1d,LigaMX,post,1552967583,neutral
b3gfo1,NSFWFunny,post,1553110995,neutral
b0o4g5,NavyBlazer,post,1552495256,neutral
b3e9x7,NavyBlazer,post,1553100236,neutral
b66cna,NavyBlazer,post,1553704387,neutral
b4bod4,PhantomForces,post,1553295109,neutral
b33kf8,RedditCensors,post,1553032927,neutral
axbf0f,Twitch,post,1551728812,neutral
b6wxhs,Twitch,post,1553864183,neutral
axnl9t,UBC,post,1551806268,negative
b6gfzq,britishproblems,post,1553763609,negative
b31rsy,conspiracy,post,1553024078,negative
b7ee1m,dankmemes,post,1553970794,neutral
b58w4h,dankmemes,post,1553509454,negative
ayjzsz,dankmemes,post,1552005515,neutral
b6u08g,dankmemes,post,1553842205,negative
b3u2kp,dankmemes,post,1553192789,negative
b5s51n,dankmemes,post,1553619224,negative
b27g7g,footballdownload,post,1552843078,negative
b7kk90,france,post,1554011889,neutral
b72o14,gonewild,post,1553893361,neutral
ayjs70,h3h3productions,post,1552004232,negative
az9hep,help,post,1552173723,negative
b6kl8e,help,post,1553788889,neutral
b1oc3y,lgbt,post,1552709048,negative
b0dd5v,memes,post,1552426156,negative
b5tkjv,memes,post,1553626129,neutral
axpj7b,nba,post,1551816299,negative
b743wi,playrust,post,1553901140,neutral
b27noo,raleigh,post,1552844212,neutral
b3x5b0,relationship_advice,post,1553208223,neutral
avzyq5,skyrimmods,post,1551410817,negative
b4p06t,softwaregore,post,1553379698,negative
b462oe,subredditcancer,post,1553266823,negative
b1o4d0,teenagers,post,1552707620,neutral
azenwt,teenagers,post,1552215862,neutral
axr82c,teenagers,post,1551825293,neutral
ayrzo2,unpopularopinion,post,1552061569,negative
aycb8x,unpopularopinion,post,1551963237,negative
axstt6,Addons4Kodi,post,1551834703,neutral
b6sqcz,AmItheAsshole,post,1553832253,neutral
b2x96p,Animemes,post,1553001198,negative
b3kwfq,AskModerators,post,1553134380,neutral
b51tf9,AskModerators,post,1553462906,neutral
b6h9ea,AskReddit,post,1553770020,neutral
b354qe,CoDCompetitive,post,1553041091,negative
b7s6y9,Coachella,post,1554063408,neutral
b7s8u6,Coachella,post,1554063672,neutral
b7s9g9,Coachella,post,1554063759,positive
b463i8,FIFA,post,1553266941,neutral
b1p35r,MorbidReality,post,1552714706,positive
b1s659,NoStupidQuestions,post,1552741100,neutral
b4nnps,PewdiepieSubmissions,post,1553371978,neutral
awns4a,SandersForPresident,post,1551569080,positive
b5xz6m,albiononline,post,1553648491,negative
ax6t4n,cringe,post,1551703977,negative
ay27xv,cringe,post,1551897538,negative
b2hggx,dankmemes,post,1552907798,negative
b6jnrk,dankmemes,post,1553784345,neutral
ayfcr6,dankmemes,post,1551980614,negative
b3299x,japanesemusic,post,1553026423,positive
b4ao5e,jerma985,post,1553289826,positive
b6fthx,leagueoflegends,post,1553758185,neutral
b7rfqf,leaves,post,1554059563,neutral
aywkx4,manga,post,1552085870,neutral
b6teq1,memes,post,1553837317,negative
b0zk9n,memes,post,1552565376,neutral
ax43nw,memes,post,1551682069,negative
azoam6,mindcrack,post,1552274436,neutral
b4awcm,opiates,post,1553291025,neutral
aw5k9x,pacers,post,1551450793,positive
b26tu9,quityourbullshit,post,1552839674,negative
b2731x,quityourbullshit,post,1552841096,negative
ayv753,quityourbullshit,post,1552078485,negative
b10x3o,redditrequest,post,1552573401,neutral
ayiurk,redditrequest,post,1551998996,neutral
awzcar,redditrequest,post,1551651457,neutral
b4jjrw,redditrequest,post,1553350122,neutral
ax9yua,redditrequest,post,1551721661,neutral
b7rcx5,redditrequest,post,1554059169,neutral
b2e4lh,redditrequest,post,1552881975,neutral
axo9jx,redditrequest,post,1551809723,neutral
aynsew,redditrequest,post,1552032273,neutral
b5g0bq,secretsanta,post,1553546056,neutral
b0tw0f,sportsbook,post,1552524558,neutral
b7qpv6,teenagers,post,1554055835,negative
azh60e,teenagers,post,1552234346,neutral
b1sckh,teenagers,post,1552742357,neutral
b25sr9,teenagers,post,1552833636,negative
b788hb,teenagers,post,1553928656,neutral
b7kqyc,teenagers,post,1554013582,neutral
b227d5,tifu,post,1552802616,neutral
azhwlx,unpopularopinion,post,1552238499,negative
ayeoqx,waifuism,post,1551977263,neutral
azdxtx,2007scape,post,1552208423,neutral
b1vii2,Advice,post,1552760710,negative
b5ooou,Advice,post,1553600743,negative
b6ci4o,Advice,post,1553735288,negative
b336xg,AskReddit,post,1553031076,negative
b0uapu,BATProject,post,1552526956,neutral
azjky9,Braincels,post,1552247501,neutral
az93u8,FreeKarma4U,post,1552171380,neutral
b1fih8,GamerGhazi,post,1552659557,negative
axmduj,ModSupport,post,1551799929,negative
avxzmk,MortalKombat,post,1551398662,neutral
b3uu3a,ShitPoliticsSays,post,1553196484,negative
b04qwq,brooklynninenine,post,1552374296,neutral
b6si0o,dankmemes,post,1553830652,negative
b6wf07,dankmemes,post,1553860969,negative
b6wmlj,dankmemes,post,1553862368,neutral
b3zp0v,dankmemes,post,1553222809,neutral
b3wmzk,dankmemes,post,1553205550,positive
b3wvop,dankmemes,post,1553206788,negative
ax9k7k,dankmemes,post,1551719680,negative
azsqsv,dankmemes,post,1552306422,negative
b7thgr,deadbydaylight,post,1554070202,negative
b2mqhc,gatekeeping,post,1552936347,negative
awa5ow,iranian,post,1551476825,neutral
ayelfg,math,post,1551976810,negative
b40iqa,memes,post,1553228124,neutral
b2xgak,memes,post,1553002335,negative
aznxrk,motorcycles,post,1552272249,negative
awbtt1,nyjets,post,1551486964,neutral
ayvany,orangetheory,post,1552078998,neutral
b6zrka,rant,post,1553878785,negative
b7sm0q,redditrequest,post,1554065561,neutral
b3mje7,redditrequest,post,1553144603,neutral
b4on1b,redditrequest,post,1553377492,neutral
b1wo36,redditrequest,post,1552766734,neutral
b4c479,redditrequest,post,1553297548,neutral
ax4weg,runescape,post,1551688674,negative
b1rdbw,teenagers,post,1552734670,positive
b6d2na,teenagers,post,1553738682,neutral
b6oxbv,teenagers,post,1553810178,neutral
azczrz,teenagers,post,1552199040,neutral
avyoql,unpopularopinion,post,1551402877,negative
azgapj,unpopularopinion,post,1552229079,negative
b265yl,unpopularopinion,post,1552835866,negative
b2nokq,2007scape,post,1552941156,neutral
b0w915,90sAlternative,post,1552539646,negative
axqnns,AnthemTheGame,post,1551822260,neutral
azw5oz,BPD,post,1552325448,negative
az014d,BabyBumps,post,1552108604,neutral
azd5up,ChapoTrapHouse,post,1552200582,positive
b7nnok,DotA2,post,1554038292,negative
b100jo,PewdiepieSubmissions,post,1552568195,neutral
b2g865,PewdiepieSubmissions,post,1552898622,neutral
aw4sgb,PewdiepieSubmissions,post,1551446287,neutral
b5u917,PrequelMemes,post,1553629371,neutral
b52tjp,Showerthoughts,post,1553468343,negative
azykwz,Swingers,post,1552337366,neutral
b5d8kq,TooAfraidToAsk,post,1553533237,negative
b4pgw5,WatchRedditDie,post,1553382492,negative
b0kz2c,aww,post,1552477163,neutral
aye2l7,boston,post,1551974051,negative
b6c4as,dankmemes,post,1553733018,negative
b6vdyk,dankmemes,post,1553853880,neutral
b7tk6v,dankmemes,post,1554070635,neutral
b2g3bq,dankmemes,post,1552897510,neutral
axdjvj,dankmemes,post,1551739671,neutral
b2o6am,dankmemes,post,1552943610,neutral
b2iui4,factorio,post,1552916359,neutral
ayspww,gaming,post,1552065401,neutral
b768am,homelab,post,1553914129,positive
b5p7dz,humor,post,1553604023,negative
b1b6os,kindafunny,post,1552629530,positive
b7nqpz,memes,post,1554038865,neutral
b69lwa,memes,post,1553720047,neutral
aww6oi,modhelp,post,1551634197,neutral
ayd86v,movies,post,1551969231,negative
b38oln,movies,post,1553064124,negative
ay7hit,mylittleandysonic1,post,1551926148,neutral
b0h6gr,nfl,post,1552447572,negative
awzy3f,normalnudes,post,1551654974,neutral
awwztc,pettyrevenge,post,1551638596,negative
b7tgn6,reddevils,post,1554070083,neutral
b5pg6i,reddevils,post,1553605422,neutral
ay73dd,redditrequest,post,1551923800,neutral
b2e9xr,redditrequest,post,1552883014,neutral
b34xf5,redditrequest,post,1553040006,neutral
b5nxcw,redditrequest,post,1553595473,neutral
ax9r13,redditrequest,post,1551720604,neutral
b3sb67,redditrequest,post,1553184282,neutral
b17r5i,redditrequest,post,1552607576,neutral
ax8jga,redditrequest,post,1551714513,neutral
b222au,redditrequest,post,1552801477,neutral
b76szo,runescape,post,1553918180,positive
azneyr,smashbros,post,1552269073,neutral
azbibe,subredditcancer,post,1552187549,neutral
b3tw68,thedivision,post,1553191941,neutral
b4ozkc,unpopularopinion,post,1553379567,negative
b363zh,unpopularopinion,post,1553046840,negative
aytg4l,2007scape,post,1552069220,neutral
b7kf81,Animemes,post,1554010689,neutral
az3uc0,AnthemTheGame,post,1552140549,negative
azvze2,BestOfReports,post,1552324544,negative
b7u74j,CollegeBasketball,post,1554074342,neutral
aymd6r,DestinyTheGame,post,1552021183,neutral
ay7r1a,FreeKarma4U,post,1551927787,neutral
b6mhyf,Genealogy,post,1553798162,neutral
b7dudo,Ice_Poseidon,post,1553967701,negative
b3n90z,LeagueOfMeta,post,1553150232,neutral
b1virn,ModSupport,post,1552760749,negative
b2z55e,ModSupport,post,1553011141,neutral
b40uhl,Muse,post,1553230352,neutral
az5j82,NYKnicks,post,1552150977,negative
b1586b,NoStupidQuestions,post,1552594762,neutral
b7a8fw,PewdiepieSubmissions,post,1553945348,negative
b454j4,PewdiepieSubmissions,post,1553261604,neutral
b3juhv,SandersForPresident,post,1553128348,neutral
b5ub5x,SandersForPresident,post,1553629663,neutral
b5xho9,SandersForPresident,post,1553645827,neutral
b0c0e6,ShadowBan,post,1552419338,neutral
awulkt,SingleParents,post,1551624450,positive
axyhyv,TrueReddit,post,1551876786,neutral
b6nvua,Wellthatsucks,post,1553804976,negative
b5t9m4,airplanes,post,1553624673,neutral
b4ddbg,chicago,post,1553305079,negative
ayciwz,dankmemes,post,1551964678,negative
b5hlff,dankmemes,post,1553553619,negative
azfw3w,dankmemes,post,1552226377,negative
b6bj6y,dankmemes,post,1553729692,neutral
b7hfua,dankmemes,post,1553988844,negative
b3wo6m,dankmemes,post,1553205708,negative
b6lf66,dankmemes,post,1553792857,negative
b07h9m,dankmemes,post,1552395476,neutral
b3ye2y,dankmemes,post,1553215002,negative
b7gq9y,dankmemes,post,1553984324,negative
az5vgo,dankmemes,post,1552152925,neutral
b73yoo,dankmemes,post,1553900366,negative
b6v5pp,dankmemes,post,1553852078,neutral
b28htd,dankmemes,post,1552848678,negative
b6xvy3,dankmemes,post,1553869379,neutral
b3t1rg,eagles,post,1553187881,neutral
b27zlu,eurovision,post,1552845995,neutral
b28lrf,eurovision,post,1552849245,neutral
b28o5p,eurovision,post,1552849576,neutral
b28pap,eurovision,post,1552849734,neutral
b7cz1i,gmod,post,1553962648,positive
aw7jq0,help,post,1551462360,neutral
b4f7xa,memes,post,1553317306,neutral
ayo468,nukedmemes,post,1552035235,positive
aywx39,nukedmemes,post,1552087732,negative
b4t06a,nukedmemes,post,1553406162,negative
b6143j,nukedmemes,post,1553669106,neutral
b5y4wd,opieandanthony,post,1553649394,negative
axfpks,raimimemes,post,1551752007,neutral
ayzu95,redditrequest,post,1552107265,neutral
b2ivtl,redditrequest,post,1552916579,negative
b4b78o,runescape,post,1553292586,positive
b5z15n,selfharm,post,1553654707,neutral
b0dp4u,socialism,post,1552427875,negative
b7j9ao,teenagers,post,1554001499,positive
b4avru,unpopularopinion,post,1553290938,neutral
b65klj,AnthemTheGame,post,1553699824,neutral
awyc1c,AskReddit,post,1551645815,negative
b0urqw,BALLET,post,1552529888,neutral
b3ypmn,BostonBruins,post,1553216890,neutral
b1ykqd,ConspiracyII,post,1552777628,negative
b5zkax,Cricket,post,1553658058,neutral
b5i14b,DatGuyLirik,post,1553555850,negative
b5e680,DestinyTheGame,post,1553537442,positive
b74vhs,Fantasy,post,1553905594,negative
b7hkcc,Fantasy,post,1553989661,negative
axatic,FortNiteBR,post,1551725862,negative
b4swtk,ModSupport,post,1553405376,neutral
b3dnmp,MortalKombat,post,1553097187,negative
b75fwx,PewdiepieSubmissions,post,1553909098,neutral
b6ebds,PewdiepieSubmissions,post,1553746722,negative
b6sw8u,PewdiepieSubmissions,post,1553833423,negative
ax1a5v,RyzeMains,post,1551663238,neutral
b19hxv,ShitPoliticsSays,post,1552618061,negative
b4fepp,Summit1G,post,1553318598,negative
awan60,USMC,post,1551479638,neutral
az52fy,askaconservative,post,1552148326,neutral
aw986p,chicago,post,1551471546,negative
b6tcce,dank_meme,post,1553836809,negative
b7aabl,dankmemes,post,1553945745,negative
b0m82y,dankmemes,post,1552484926,neutral
b766z5,dankmemes,post,1553913897,negative
b79fta,dankmemes,post,1553939089,negative
awpzs2,dankmemes,post,1551583662,neutral
ax3sd2,dankmemes,post,1551679715,neutral
b71yqd,dankmemes,post,1553889744,neutral
b6h6p7,dankmemes,post,1553769473,neutral
b63ao8,dankmemes,post,1553685992,negative
az2ofp,dankmemes,post,1552131733,neutral
b3e4c3,dankmemes,post,1553099471,neutral
b44n4p,dankmemes,post,1553258725,neutral
b3vrbs,dankmemes,post,1553201079,neutral
b7kw6e,darkjokes,post,1554014924,negative
b3krhm,darksouls3,post,1553133606,negative
b4ion6,dragonballfighterz,post,1553344489,negative
az9x40,fakehistoryporn,post,1552176530,neutral
azix4w,fakehistoryporn,post,1552244000,neutral
azkjle,fakehistoryporn,post,1552252528,negative
azkkic,fakehistoryporn,post,1552252673,negative
azvrst,fakehistoryporn,post,1552323479,negative
b0zt82,fakehistoryporn,post,1552566940,neutral
b240r2,gaming,post,1552819890,negative
b17d6j,gamingsuggestions,post,1552605448,negative
axuqym,geometrydash,post,1551846832,negative
azml5a,geometrydash,post,1552264036,negative
ayhm74,h3h3productions,post,1551992301,neutral
b4vfp8,hentai,post,1553427453,neutral
axgcxu,medicalschool,post,1551755868,negative
b7qchg,modhelp,post,1554053950,neutral
b0gilk,nfl,post,1552443320,neutral
b0gsyj,nfl,post,1552445127,neutral
b0h47t,nfl,post,1552447153,neutral
b0hbzl,nfl,post,1552448595,neutral
b0hq46,nfl,post,1552451239,negative
b0hqip,nfl,post,1552451318,negative
b47g7m,nfl,post,1553273741,negative
b4r3x0,nfl,post,1553392790,negative
axb1uj,penpals,post,1551726989,neutral
axwukz,redditrequest,post,1551863491,neutral
b6x2d6,redditrequest,post,1553864950,neutral
aw571e,redditrequest,post,1551448734,neutral
b0prcd,teenagers,post,1552503392,positive
b1ljr0,tf2,post,1552691310,negative
b1ztrw,tf2,post,1552785440,negative
azgos3,unpopularopinion,post,1552231512,negative
b5j78u,vaxxhappened,post,1553562140,negative
b41468,worldpolitics,post,1553232336,negative
b40zf9,2007scape,post,1553231369,neutral
aw0x64,AncientAliens,post,1551416946,neutral
b37v6q,AtlantaUnited,post,1553057995,negative
b26v2h,EscapefromTarkov,post,1552839866,positive
b2otbs,FashionRepsBST,post,1552946848,positive
b3mmzu,ForeverAloneDating,post,1553145297,neutral
aw70ym,FortNiteBR,post,1551458939,negative
azem59,Guitar,post,1552215434,neutral
awcaq1,PvZGardenWarfare,post,1551490151,neutral
b7jwv1,ShadowBan,post,1554006522,neutral
azf4ij,Showerthoughts,post,1552220237,negative
b6pvmz,TwoXChromosomes,post,1553815065,neutral
b6s1yd,beta,post,1553827754,neutral
b15jj5,dankmemes,post,1552596314,negative
b7cza8,dankmemes,post,1553962690,negative
b6tbz6,dankmemes,post,1553836719,neutral
b3zmka,dankmemes,post,1553222389,neutral
b707nf,dankmemes,post,1553881012,negative
b1t3bo,dankmemes,post,1552747001,negative
awdby1,dankmemes,post,1551497372,neutral
b7a294,dankmemes,post,1553944021,negative
b7lm2y,dankmemes,post,1554021575,neutral
b3ykgd,dankmemes,post,1553216032,positive
az7pd6,dankmemes,post,1552163266,neutral
azpbtn,deepweb,post,1552280981,neutral
b67vno,gwent,post,1553711668,positive
awilrj,headphones,post,1551539219,neutral
axovty,lonely,post,1551812927,positive
azi03s,memes,post,1552239047,negative
b4qbzu,nba,post,1553387878,neutral
b4bu8r,quityourbullshit,post,1553296005,negative
b1j4u5,redditrequest,post,1552678311,neutral
b7cbar,redditrequest,post,1553958653,neutral
axw4uj,redditrequest,post,1551857082,neutral
aya56m,redditrequest,post,1551945121,neutral
b1tc3q,spain,post,1552748444,neutral
b5cbp5,thedivision,post,1553529027,negative
b7igxy,thedonald,post,1553995782,negative
azv2f8,torontoraptors,post,1552319842,negative
b3qj5e,torontoraptors,post,1553174928,neutral
b7hmei,trees,post,1553990052,neutral
b0b4pi,undelete,post,1552414946,negative
awjmhp,unpopularopinion,post,1551545476,negative
b1iigy,untrustworthypoptarts,post,1552675197,negative
b5ea44,weezer,post,1553537946,negative
ay1gqj,AskEconomics,post,1551893669,negative
b5q4ad,AskReddit,post,1553609137,negative
b5r008,AskReddit,post,1553613727,neutral
awbb71,Assistance,post,1551483700,neutral
b738ae,ComedyCemetery,post,1553896343,negative
b7sssn,Izlam,post,1554066551,neutral
axlcfl,KansasCityChiefs,post,1551793750,neutral
awvnew,LateStageCapitalism,post,1551631126,neutral
b4tnoq,LateStageCapitalism,post,1553411838,neutral
b44vle,NoStupidQuestions,post,1553260127,neutral
b2khnz,NoStupidQuestions,post,1552925172,neutral
b5pj6r,Norway,post,1553605881,neutral
awoaot,TheGirlSurvivalGuide,post,1551572169,neutral
b6xmhy,TheWalkingDeadGame,post,1553868036,positive
b7gnl1,The_Donald,post,1553983855,neutral
b6rlnm,TrueOffMyChest,post,1553824943,negative
axqeu7,beards,post,1551820957,negative
b69lgk,computerscience,post,1553719991,negative
b74yf8,dankmemes,post,1553906086,negative
b14cke,dankmemes,post,1552590486,negative
b652gg,dankmemes,post,1553696504,neutral
b0zq5g,dankmemes,post,1552566405,neutral
axy485,dankmemes,post,1551874055,neutral
ay8991,depression,post,1551931041,neutral
b20562,dontdeadopeninside,post,1552787454,negative
b2ge67,dontdeadopeninside,post,1552899983,negative
b0m20c,facepalm,post,1552483911,negative
azlc57,funny,post,1552256757,negative
b7fb6r,futurama,post,1553975919,negative
b6h3pk,korea,post,1553768859,neutral
b1fimi,liberalgunowners,post,1552659579,neutral
b4pu3t,marvelstudios,post,1553384753,neutral
b7dobw,marvelstudios,post,1553966696,negative
b42f5b,masseffect,post,1553242450,neutral
b2zc9j,memes,post,1553012106,neutral
b6jq9o,nba,post,1553784715,negative
b7ah8f,opiates,post,1553947196,neutral
avz9kn,raimimemes,post,1551406528,negative
azgo0v,redditrequest,post,1552231383,neutral
b691cv,redditrequest,post,1553717259,neutral
b09flo,redditrequest,post,1552406426,neutral
awx3hg,redditrequest,post,1551639150,neutral
ay562l,redditrequest,post,1551912613,neutral
ayo1in,redditrequest,post,1552034554,neutral
b0cdgb,redditrequest,post,1552421141,neutral
b1vlcl,redditrequest,post,1552761126,neutral
b6z5mc,serbia,post,1553875749,neutral
ayklar,sex,post,1552009285,neutral
b6eqh7,sodapoppin,post,1553749732,neutral
b6xwnv,ssbbw,post,1553869490,negative
b72btc,subredditcancer,post,1553891589,negative
b6m726,Borderlands2,post,1553796651,negative
b49ljs,Braincels,post,1553284384,neutral
b1ea2w,DBZDokkanBattle,post,1552652596,neutral
aw8mb0,DeepFriedMemes,post,1551468156,negative
axkwtk,DeepFriedMemes,post,1551790920,negative
axrvm5,DeepFriedMemes,post,1551828939,negative
b66orm,Food_Pantry,post,1553705991,positive
b59igf,HelloInternet,post,1553513466,neutral
aw7s2x,HighQualityGifs,post,1551463581,negative
b0gvhs,HighQualityGifs,post,1552445584,negative
azb3lk,MGTOW,post,1552184611,neutral
b0oboo,MGTOW,post,1552496270,positive
b6r0xc,Memes_Of_The_Dank,post,1553821484,negative
b4nxpv,Memes_Of_The_Dank,post,1553373439,negative
b7fiaa,NYCFC,post,1553977027,neutral
b3cucz,Perfectfit,post,1553092939,neutral
b1bbkq,PewdiepieSubmissions,post,1552630526,neutral
b5z2v7,Smite,post,1553654999,negative
b3vl33,Terraria,post,1553200208,neutral
ayh576,The_Donald,post,1551989807,positive
ay6rly,atheism,post,1551921792,negative
ax01od,brooklynninenine,post,1551655587,neutral
b6aroa,dankmemes,post,1553725603,negative
b6b3k6,dankmemes,post,1553727331,negative
b7ubub,dankmemes,post,1554075102,negative
b75v5d,dankmemes,post,1553911789,negative
b11vnt,dankmemes,post,1552578410,negative
b6wply,dankmemes,post,1553862906,negative
b7foq8,dankmemes,post,1553978061,negative
b5b3fc,dankmemes,post,1553522696,neutral
ax2wat,giantbomb,post,1551673543,positive
awgtc2,infj,post,1551525479,negative
axmyy5,lgbt,post,1551803020,negative
b6b3ib,madlads,post,1553727324,neutral
axzsr5,malaysia,post,1551884810,negative
az5sgt,memes,post,1552152441,positive
ayhp1z,memes,post,1551992692,positive
b2nqak,modhelp,post,1552941387,neutral
b1iyak,paradoxplaza,post,1552677389,positive
b1ombs,paradoxplaza,post,1552711079,positive
az0wt2,redditrequest,post,1552115758,neutral
b66qsx,redditrequest,post,1553706251,neutral
b4y62h,teenagers,post,1553444579,negative
aw8jwm,uber,post,1551467775,negative
b679ie,2007scape,post,1553708727,neutral
b6kg80,2007scape,post,1553788212,negative
ay7swf,Assistance,post,1551928102,neutral
b1qu70,AustralianPolitics,post,1552730142,neutral
b6jk0f,Colorization,post,1553783803,neutral
aysip7,DC_Cinematic,post,1552064381,neutral
axczxj,DestinyTheGame,post,1551736738,neutral
b0t8oy,EnterTheGungeon,post,1552520913,negative
b30qow,EscapefromTarkov,post,1553018938,neutral
axf5ad,ExpandDong,post,1551748735,negative
b3e11e,FortNiteBR,post,1553099020,negative
axah1d,ITRPCommunity,post,1551724134,positive
b5sbl0,KotakuInAction,post,1553620091,negative
b5sjok,KotakuInAction,post,1553621204,negative
b4gr54,Lisk,post,1553329082,positive
awn14u,LiverpoolFC,post,1551564549,neutral
b31ptc,PewdiepieSubmissions,post,1553023817,positive
b6y3cb,PewdiepieSubmissions,post,1553870449,negative
b1ja22,aspergers,post,1552679049,neutral
axxcn9,beetlejuicing,post,1551867891,negative
b0z72c,dankmemes,post,1552562941,neutral
b5a3be,dankmemes,post,1553517019,negative
b3vb4a,dankmemes,post,1553198805,neutral
b70j5n,dankmemes,post,1553882556,negative
b4fn6n,dankmemes,post,1553320301,neutral
axuj3k,dankmemes,post,1551845374,neutral
b7eehe,dankmemes,post,1553970862,negative
b1j02v,dankmemes,post,1552677636,negative
b1khow,dankmemes,post,1552685453,negative
b5w8qk,darkjokes,post,1553639108,neutral
b0nzno,discordapp,post,1552494577,neutral
aya2uq,excel,post,1551944530,neutral
b4td3b,fakehistoryporn,post,1553409207,neutral
axetoe,foxholegame,post,1551746827,negative
aw10g1,gaming,post,1551417545,negative
b0amog,hockey,post,1552412418,neutral
b0ge2y,hockey,post,1552442567,neutral
b306kw,ireland,post,1553016223,positive
b7sovi,kpop,post,1554065981,neutral
b7knbm,leafs,post,1554012678,neutral
ay1zsj,me_irl,post,1551896371,negative
b6j6kz,modhelp,post,1553781845,neutral
b4bh3e,movies,post,1553294017,negative
b3r9xi,netflix,post,1553179044,positive
b6dbri,pathofexile,post,1553740229,negative
b0400z,pokemon,post,1552368497,negative
b42xhc,redditrequest,post,1553246554,neutral
awox8x,redditrequest,post,1551576230,negative
b1r5rg,redditrequest,post,1552732926,negative
b3t96a,redditrequest,post,1553188882,neutral
b5382i,redditrequest,post,1553470587,neutral
b6lo0s,scambait,post,1553794054,neutral
awk8u2,scifi,post,1551548988,negative
b341r2,teenagers,post,1553035335,negative
b4cp98,teenagers,post,1553300931,negative
b0qmn5,thedivision,post,1552507557,neutral
b4wgtp,trebuchetmemes,post,1553435002,negative
ax5631,AZCardinals,post,1551690991,neutral
b5758z,Animemes,post,1553495408,negative
aykz66,AnthemTheGame,post,1552011741,negative
ayqecf,Calgary,post,1552052536,negative
b4node,CarletonU,post,1553372080,negative
b6ddbb,Catholicism,post,1553740486,positive
aw7sfi,DBZDokkanBattle,post,1551463629,neutral
axaogu,Doom,post,1551725162,negative
b5fn9o,FireEmblemHeroes,post,1553544358,positive
b14lto,FreeSpeech,post,1552591749,negative
b459ht,Gamecube,post,1553262393,negative
b1dt1s,HistoryMemes,post,1552649582,negative
b12jn3,KotakuInAction,post,1552581679,neutral
b2j4ey,MaddenUltimateTeam,post,1552917927,neutral
b4xkw1,MaddenUltimateTeam,post,1553441465,negative
awqlgf,ModSupport,post,1551588116,neutral
b0mbqt,PUBG,post,1552485533,neutral
b0xdik,SuicideWatch,post,1552548308,neutral
b2pfej,The_Donald,post,1552950018,positive
b2n4ly,UofT,post,1552938316,neutral
az6g3o,WatchRedditDie,post,1552156131,negative
az8bli,WorldOfWarships,post,1552166832,neutral
b1z7he,dankmemes,post,1552781599,negative
b7ukkz,dankmemes,post,1554076551,negative
avxyt8,dankmemes,post,1551398517,neutral
avy06m,dankmemes,post,1551398764,negative
avy6ju,dankmemes,post,1551399766,neutral
avy9mg,dankmemes,post,1551400284,neutral
avz3xe,dankmemes,post,1551405536,positive
aw1doj,dankmemes,post,1551420080,negative
aw2143,dankmemes,post,1551424868,negative
aw21oo,dankmemes,post,1551424993,neutral
aw43nb,dankmemes,post,1551441759,neutral
aw487p,dankmemes,post,1551442623,neutral
aw4ad5,dankmemes,post,1551443011,negative
aw4irw,dankmemes,post,1551444588,neutral
aw4jxz,dankmemes,post,1551444810,neutral
aw4s0c,dankmemes,post,1551446206,negative
aw4u3a,dankmemes,post,1551446558,negative
aw4wft,dankmemes,post,1551446961,negative
aw55as,dankmemes,post,1551448456,negative
aw5k24,dankmemes,post,1551450755,negative
aw5noj,dankmemes,post,1551451344,neutral
aw6ts4,dankmemes,post,1551457856,negative
aw7pws,dankmemes,post,1551463279,neutral
aw8975,dankmemes,post,1551466135,negative
aw8kr2,dankmemes,post,1551467912,positive
aw8l0u,dankmemes,post,1551467953,positive
aw9824,dankmemes,post,1551471524,neutral
awaio3,dankmemes,post,1551478901,negative
awaut8,dankmemes,post,1551480921,negative
awb417,dankmemes,post,1551482488,negative
awb72l,dankmemes,post,1551483005,negative
awe8lo,dankmemes,post,1551503574,negative
aweacr,dankmemes,post,1551503930,neutral
awec9x,dankmemes,post,1551504345,negative
awelfb,dankmemes,post,1551506260,negative
awffjx,dankmemes,post,1551513078,negative
awfh4n,dankmemes,post,1551513482,negative
awgb86,dankmemes,post,1551520977,neutral
awgggq,dankmemes,post,1551522270,negative
awggh6,dankmemes,post,1551522274,negative
awgvd1,dankmemes,post,1551525987,negative
awh9s6,dankmemes,post,1551529427,negative
awhc1p,dankmemes,post,1551529941,positive
awk11h,dankmemes,post,1551547792,negative
awkhh9,dankmemes,post,1551550279,neutral
awkhxs,dankmemes,post,1551550353,negative
awkrls,dankmemes,post,1551551856,negative
awksak,dankmemes,post,1551551959,negative
awllul,dankmemes,post,1551556569,negative
awlpho,dankmemes,post,1551557121,negative
awlre4,dankmemes,post,1551557417,negative
awlusw,dankmemes,post,1551557953,neutral
awmdlm,dankmemes,post,1551560803,negative
awmjqp,dankmemes,post,1551561763,negative
awn4dh,dankmemes,post,1551565104,negative
awn73x,dankmemes,post,1551565559,negative
awo2ze,dankmemes,post,1551570889,negative
awphj3,dankmemes,post,1551580092,negative
awpp7v,dankmemes,post,1551581572,positive
awqffw,dankmemes,post,1551586875,neutral
awr0ch,dankmemes,post,1551591245,negative
aws16k,dankmemes,post,1551600392,neutral
aws9gu,dankmemes,post,1551602807,negative
awtc42,dankmemes,post,1551613896,negative
awtgwn,dankmemes,post,1551615097,negative
awtxnt,dankmemes,post,1551619191,negative
awu6ok,dankmemes,post,1551621427,neutral
awusyz,dankmemes,post,1551625804,negative
awut0i,dankmemes,post,1551625813,negative
awv84r,dankmemes,post,1551628559,negative
awva0l,dankmemes,post,1551628877,negative
aww2zo,dankmemes,post,1551633613,neutral
aww3aj,dankmemes,post,1551633664,neutral
aww6ma,dankmemes,post,1551634188,negative
awwclq,dankmemes,post,1551635146,neutral
awwd93,dankmemes,post,1551635248,neutral
awwdx6,dankmemes,post,1551635355,neutral
awwede,dankmemes,post,1551635423,neutral
awwfce,dankmemes,post,1551635577,neutral
awwfxw,dankmemes,post,1551635664,neutral
awwglh,dankmemes,post,1551635768,neutral
awwh2b,dankmemes,post,1551635842,neutral
awwhd9,dankmemes,post,1551635895,neutral
awwlls,dankmemes,post,1551636516,negative
awwz4o,dankmemes,post,1551638497,negative
awwzm5,dankmemes,post,1551638566,neutral
awx69b,dankmemes,post,1551639576,negative
awxwz4,dankmemes,post,1551643533,neutral
awy5bl,dankmemes,post,1551644810,negative
awy62e,dankmemes,post,1551644928,neutral
awy6fl,dankmemes,post,1551644982,neutral
awz0bt,dankmemes,post,1551649566,neutral
awz1l2,dankmemes,post,1551649757,neutral
awz2vc,dankmemes,post,1551649963,neutral
awzb5t,dankmemes,post,1551651268,neutral
awzkez,dankmemes,post,1551652756,neutral
awzknp,dankmemes,post,1551652795,neutral
ax01kh,dankmemes,post,1551655568,neutral
ax0jed,dankmemes,post,1551658568,neutral
ax0r81,dankmemes,post,1551659904,negative
ax0tkp,dankmemes,post,1551660328,negative
ax0x15,dankmemes,post,1551660953,positive
ax177y,dankmemes,post,1551662720,neutral
ax182e,dankmemes,post,1551662868,negative
ax1r57,dankmemes,post,1551666270,negative
ax1r7e,dankmemes,post,1551666282,negative
ax1s0m,dankmemes,post,1551666423,negative
ax2hw8,dankmemes,post,1551670898,neutral
ax2vnr,dankmemes,post,1551673426,negative
ax3n7j,dankmemes,post,1551678686,negative
ax3nnd,dankmemes,post,1551678776,negative
ax3o0j,dankmemes,post,1551678844,negative
ax43dh,dankmemes,post,1551682009,negative
ax5e7o,dankmemes,post,1551692912,negative
ax6xzi,dankmemes,post,1551704885,neutral
ax6y3e,dankmemes,post,1551704904,negative
ax7vd6,dankmemes,post,1551710702,negative
ax8knr,dankmemes,post,1551714697,negative
ax8rlo,dankmemes,post,1551715707,neutral
ax8v2o,dankmemes,post,1551716203,negative
ax9tjo,dankmemes,post,1551720950,negative
ax9y27,dankmemes,post,1551721556,negative
ax9yze,dankmemes,post,1551721679,negative
axa86e,dankmemes,post,1551722916,negative
axan9q,dankmemes,post,1551725000,negative
axapt8,dankmemes,post,1551725343,negative
axas2o,dankmemes,post,1551725656,negative
axbq6c,dankmemes,post,1551730344,neutral
axbtq7,dankmemes,post,1551730835,neutral
axdp9a,dankmemes,post,1551740471,neutral
axe8u6,dankmemes,post,1551743482,neutral
axed6u,dankmemes,post,1551744195,neutral
axevoj,dankmemes,post,1551747158,negative
axeybh,dankmemes,post,1551747582,neutral
axf2ud,dankmemes,post,1551748326,neutral
axgpzp,dankmemes,post,1551758712,neutral
axgujk,dankmemes,post,1551759550,negative
axhle6,dankmemes,post,1551764734,negative
axitvg,dankmemes,post,1551774187,negative
axiu7f,dankmemes,post,1551774270,negative
axj1ht,dankmemes,post,1551776129,negative
axjcio,dankmemes,post,1551778751,negative
axjsom,dankmemes,post,1551782604,neutral
axkbqk,dankmemes,post,1551786806,neutral
axkhq7,dankmemes,post,1551788033,negative
axl5wv,dankmemes,post,1551792566,neutral
axlbs0,dankmemes,post,1551793636,negative
axlh7f,dankmemes,post,1551794554,neutral
axljvj,dankmemes,post,1551795001,neutral
axmb1r,dankmemes,post,1551799491,neutral
axmi9r,dankmemes,post,1551800604,negative
axmsrl,dankmemes,post,1551802111,negative
axnke3,dankmemes,post,1551806140,neutral
axnui2,dankmemes,post,1551807582,negative
axo5fh,dankmemes,post,1551809148,negative
axobd2,dankmemes,post,1551809971,neutral
axoc37,dankmemes,post,1551810077,neutral
axocm9,dankmemes,post,1551810149,neutral
axog9l,dankmemes,post,1551810668,negative
axoi2g,dankmemes,post,1551810940,neutral
axp9si,dankmemes,post,1551814951,negative
axpj36,dankmemes,post,1551816283,negative
axpkgs,dankmemes,post,1551816480,neutral
axpnvi,dankmemes,post,1551816991,neutral
axqnag,dankmemes,post,1551822201,neutral
axrfhm,dankmemes,post,1551826433,neutral
axri4y,dankmemes,post,1551826844,negative
axsbpt,dankmemes,post,1551831620,negative
axsd3e,dankmemes,post,1551831856,negative
axsuc5,dankmemes,post,1551834800,negative
axt3gf,dankmemes,post,1551836368,neutral
axt9u4,dankmemes,post,1551837459,negative
axtl0u,dankmemes,post,1551839363,neutral
axtq0f,dankmemes,post,1551840228,negative
axtrgv,dankmemes,post,1551840472,negative
axu8q5,dankmemes,post,1551843534,negative
axuefj,dankmemes,post,1551844547,neutral
axusnv,dankmemes,post,1551847146,negative
axuv1n,dankmemes,post,1551847603,negative
axuwgk,dankmemes,post,1551847880,neutral
axvbf6,dankmemes,post,1551850784,neutral
axvnkh,dankmemes,post,1551853291,negative
axvqiy,dankmemes,post,1551853901,negative
axw62j,dankmemes,post,1551857386,negative
axw7my,dankmemes,post,1551857763,neutral
axwh2s,dankmemes,post,1551860090,negative
axxdhe,dankmemes,post,1551868086,negative
axxoca,dankmemes,post,1551870590,negative
axxy42,dankmemes,post,1551872811,neutral
axy10y,dankmemes,post,1551873451,neutral
axy5jk,dankmemes,post,1551874327,neutral
axyepv,dankmemes,post,1551876144,negative
axyfch,dankmemes,post,1551876267,negative
ay0iew,dankmemes,post,1551888687,negative
ay0lxg,dankmemes,post,1551889195,neutral
ay0vw5,dankmemes,post,1551890661,negative
ay17i6,dankmemes,post,1551892342,neutral
ay27lp,dankmemes,post,1551897489,neutral
ay28h5,dankmemes,post,1551897614,neutral
ay2qiu,dankmemes,post,1551900188,negative
ay2y0o,dankmemes,post,1551901249,negative
ay3l8w,dankmemes,post,1551904560,negative
ay3sqv,dankmemes,post,1551905626,negative
ay3tpd,dankmemes,post,1551905763,negative
ay4sq9,dankmemes,post,1551910659,negative
ay4yod,dankmemes,post,1551911508,negative
ay54w1,dankmemes,post,1551912440,neutral
ay5656,dankmemes,post,1551912622,negative
ay5abx,dankmemes,post,1551913242,negative
ay5blf,dankmemes,post,1551913414,negative
ay5j5u,dankmemes,post,1551914531,negative
ay5m4f,dankmemes,post,1551914982,negative
ay5p4t,dankmemes,post,1551915444,negative
ay5vdn,dankmemes,post,1551916445,neutral
ay5wb5,dankmemes,post,1551916596,neutral
ay5yc6,dankmemes,post,1551916935,neutral
ay65ii,dankmemes,post,1551918108,negative
ay66u0,dankmemes,post,1551918322,negative
ay6dnm,dankmemes,post,1551919431,negative
ay72wo,dankmemes,post,1551923720,neutral
ay79id,dankmemes,post,1551924821,negative
ay7gub,dankmemes,post,1551926029,negative
ay7i8e,dankmemes,post,1551926267,negative
ay7k3d,dankmemes,post,1551926581,negative
ay7n7g,dankmemes,post,1551927112,negative
ay7plw,dankmemes,post,1551927540,negative
ay7wrs,dankmemes,post,1551928790,negative
ay8ydi,dankmemes,post,1551935821,negative
ay9dd6,dankmemes,post,1551938919,negative
ay9dqz,dankmemes,post,1551938996,negative
ay9yn8,dankmemes,post,1551943525,neutral
ayb0rc,dankmemes,post,1551953097,neutral
ayb1ng,dankmemes,post,1551953311,positive
ayb2sg,dankmemes,post,1551953566,positive
ayca7k,dankmemes,post,1551963038,negative
aycyir,dankmemes,post,1551967574,negative
aydh1r,dankmemes,post,1551970663,neutral
aydt4w,dankmemes,post,1551972588,neutral
ayenjm,dankmemes,post,1551977094,negative
ayfe59,dankmemes,post,1551980801,negative
ayfmfq,dankmemes,post,1551981953,negative
ayg24r,dankmemes,post,1551984197,negative
ayg8pt,dankmemes,post,1551985151,negative
aygwvk,dankmemes,post,1551988613,negative
ayheov,dankmemes,post,1551991197,neutral
ayhxlk,dankmemes,post,1551993948,neutral
ayim7c,dankmemes,post,1551997669,negative
ayinba,dankmemes,post,1551997843,negative
ayj9yo,dankmemes,post,1552001323,negative
ayjrt2,dankmemes,post,1552004178,neutral
ayk8mr,dankmemes,post,1552007031,negative
aykicv,dankmemes,post,1552008745,negative
aykl9v,dankmemes,post,1552009281,negative
aykmc8,dankmemes,post,1552009465,negative
ayknys,dankmemes,post,1552009763,negative
aykpw9,dankmemes,post,1552010115,negative
aykzw3,dankmemes,post,1552011875,neutral
ayl5xc,dankmemes,post,1552012982,neutral
ayl663,dankmemes,post,1552013026,neutral
aylnch,dankmemes,post,1552016156,positive
aylobb,dankmemes,post,1552016339,neutral
aylr73,dankmemes,post,1552016887,neutral
ayls7y,dankmemes,post,1552017074,neutral
aylsiu,dankmemes,post,1552017138,neutral
ayluyd,dankmemes,post,1552017604,neutral
aylwf5,dankmemes,post,1552017865,neutral
aym334,dankmemes,post,1552019166,neutral
ayn5dr,dankmemes,post,1552026964,neutral
ayn7tw,dankmemes,post,1552027489,neutral
aynxg4,dankmemes,post,1552033496,neutral
ayoq40,dankmemes,post,1552040460,negative
ayp1y4,dankmemes,post,1552043100,positive
ayp4jo,dankmemes,post,1552043652,negative
ayp4wy,dankmemes,post,1552043733,neutral
aypail,dankmemes,post,1552044964,neutral
aypbzj,dankmemes,post,1552045280,positive
ayq1kp,dankmemes,post,1552050240,neutral
ayqg4y,dankmemes,post,1552052859,negative
ayqila,dankmemes,post,1552053262,negative
ayqota,dankmemes,post,1552054256,negative
ayr5rv,dankmemes,post,1552057008,negative
ayr66l,dankmemes,post,1552057077,neutral
ayremw,dankmemes,post,1552058392,negative
ayrg4b,dankmemes,post,1552058628,negative
ayrjs5,dankmemes,post,1552059206,neutral
ayrjvy,dankmemes,post,1552059225,negative
ayrryq,dankmemes,post,1552060424,negative
aysbyq,dankmemes,post,1552063375,negative
aysety,dankmemes,post,1552063803,negative
ayskvs,dankmemes,post,1552064691,negative
aysoqy,dankmemes,post,1552065229,neutral
aysww5,dankmemes,post,1552066409,neutral
ayt3pr,dankmemes,post,1552067422,neutral
aytkr4,dankmemes,post,1552069890,negative
aytwuj,dankmemes,post,1552071643,negative
ayui45,dankmemes,post,1552074734,neutral
ayuze5,dankmemes,post,1552077289,negative
ayv03z,dankmemes,post,1552077400,negative
ayv2mg,dankmemes,post,1552077787,negative
ayvb6m,dankmemes,post,1552079071,negative
ayvmm1,dankmemes,post,1552080802,negative
ayw8j5,dankmemes,post,1552084047,negative
ayxg0m,dankmemes,post,1552090893,neutral
ayxind,dankmemes,post,1552091353,neutral
ayy0sz,dankmemes,post,1552094567,negative
ayybqt,dankmemes,post,1552096605,negative
ayyedv,dankmemes,post,1552097094,negative
ayzc45,dankmemes,post,1552103650,negative
ayzpso,dankmemes,post,1552106381,negative
ayzrue,dankmemes,post,1552106773,negative
az00jf,dankmemes,post,1552108490,neutral
az072d,dankmemes,post,1552109855,neutral
az086s,dankmemes,post,1552110110,neutral
az08ll,dankmemes,post,1552110196,neutral
az08z8,dankmemes,post,1552110273,neutral
az0c77,dankmemes,post,1552110992,negative
az0cju,dankmemes,post,1552111079,positive
az0fvg,dankmemes,post,1552111796,negative
az0z83,dankmemes,post,1552116374,negative
az134m,dankmemes,post,1552117347,neutral
az1ksw,dankmemes,post,1552122046,neutral
az1tm7,dankmemes,post,1552124213,neutral
az3eug,dankmemes,post,1552137499,negative
az3mj5,dankmemes,post,1552139077,neutral
az3r8b,dankmemes,post,1552139981,negative
az3sc2,dankmemes,post,1552140171,neutral
az3tv9,dankmemes,post,1552140454,neutral
az3z5p,dankmemes,post,1552141484,negative
az47pj,dankmemes,post,1552143036,negative
az4ovq,dankmemes,post,1552146046,neutral
az4qw0,dankmemes,post,1552146391,neutral
az4wch,dankmemes,post,1552147325,negative
az5ala,dankmemes,post,1552149615,negative
az5fvd,dankmemes,post,1552150453,neutral
az5k2y,dankmemes,post,1552151109,negative
az5omo,dankmemes,post,1552151836,neutral
az5pbw,dankmemes,post,1552151947,negative
az5s5m,dankmemes,post,1552152389,negative
az5wr5,dankmemes,post,1552153133,positive
az5wxr,dankmemes,post,1552153161,neutral
az5y1t,dankmemes,post,1552153337,neutral
az5yvf,dankmemes,post,1552153467,neutral
az6b1a,dankmemes,post,1552155340,neutral
az6g0o,dankmemes,post,1552156116,neutral
az75gu,dankmemes,post,1552160119,neutral
az7kro,dankmemes,post,1552162515,neutral
az7yvf,dankmemes,post,1552164815,negative
az81xa,dankmemes,post,1552165301,neutral
az8fy9,dankmemes,post,1552167490,negative
az8huk,dankmemes,post,1552167790,neutral
az8ml9,dankmemes,post,1552168558,negative
az95d2,dankmemes,post,1552171652,negative
az97q0,dankmemes,post,1552172046,negative
az9gs7,dankmemes,post,1552173616,neutral
az9hjn,dankmemes,post,1552173747,negative
az9yo0,dankmemes,post,1552176785,neutral
azas4x,dankmemes,post,1552182348,neutral
azazx5,dankmemes,post,1552183895,negative
azb26f,dankmemes,post,1552184330,negative
azb8zx,dankmemes,post,1552185694,negative
azb9si,dankmemes,post,1552185857,neutral
azbf3s,dankmemes,post,1552186904,negative
azbfm3,dankmemes,post,1552187008,neutral
azbgdx,dankmemes,post,1552187160,negative
azbnh1,dankmemes,post,1552188599,negative
azbnwj,dankmemes,post,1552188682,negative
azc1b8,dankmemes,post,1552191408,negative
azcmsl,dankmemes,post,1552196023,negative
azd1nk,dankmemes,post,1552199519,neutral
azddcm,dankmemes,post,1552202543,negative
azdhhw,dankmemes,post,1552203740,negative
azdngp,dankmemes,post,1552205431,negative
azdqfi,dankmemes,post,1552206285,negative
aze0tu,dankmemes,post,1552209308,positive
aze64g,dankmemes,post,1552210881,neutral
azeef6,dankmemes,post,1552213253,negative
azelvz,dankmemes,post,1552215357,neutral
azeyra,dankmemes,post,1552218796,neutral
azf2nv,dankmemes,post,1552219734,neutral
azf3y7,dankmemes,post,1552220091,neutral
azf6f3,dankmemes,post,1552220754,neutral
azfftm,dankmemes,post,1552223018,negative
azfosh,dankmemes,post,1552224869,neutral
azfu3m,dankmemes,post,1552225976,negative
azfxjl,dankmemes,post,1552226645,neutral
azfyqg,dankmemes,post,1552226873,neutral
azg2j8,dankmemes,post,1552227595,negative
azg46e,dankmemes,post,1552227901,negative
azg6w8,dankmemes,post,1552228395,neutral
azgbsw,dankmemes,post,1552229272,neutral
azgfpq,dankmemes,post,1552229972,negative
azggv6,dankmemes,post,1552230168,negative
azgma2,dankmemes,post,1552231083,negative
azgreu,dankmemes,post,1552231955,negative
azgrgc,dankmemes,post,1552231961,negative
azgyha,dankmemes,post,1552233137,neutral
azgyva,dankmemes,post,1552233199,negative
azhomz,dankmemes,post,1552237306,neutral
azi749,dankmemes,post,1552240134,negative
azi899,dankmemes,post,1552240308,negative
azijcp,dankmemes,post,1552241956,negative
aziuwk,dankmemes,post,1552243658,negative
aziv76,dankmemes,post,1552243705,negative
azj5j6,dankmemes,post,1552245230,negative
azk9hw,dankmemes,post,1552251041,negative
azkce1,dankmemes,post,1552251474,negative
azkl18,dankmemes,post,1552252749,negative
azkl7m,dankmemes,post,1552252776,neutral
azkplq,dankmemes,post,1552253424,neutral
azkqzk,dankmemes,post,1552253622,neutral
azkxst,dankmemes,post,1552254628,negative
azl7hg,dankmemes,post,1552256053,negative
azl7w6,dankmemes,post,1552256114,neutral
azlpfu,dankmemes,post,1552258829,positive
azm6rj,dankmemes,post,1552261643,neutral
azm9t0,dankmemes,post,1552262159,neutral
azmar3,dankmemes,post,1552262315,neutral
azmerd,dankmemes,post,1552262991,neutral
azmm03,dankmemes,post,1552264191,negative
azmmy9,dankmemes,post,1552264347,negative
azmob4,dankmemes,post,1552264568,neutral
azmqew,dankmemes,post,1552264923,negative
aznbq1,dankmemes,post,1552268537,negative
aznqpy,dankmemes,post,1552271056,negative
aznzmo,dankmemes,post,1552272558,neutral
azp0or,dankmemes,post,1552278927,neutral
azp39n,dankmemes,post,1552279382,neutral
azp49h,dankmemes,post,1552279560,neutral
azpkn5,dankmemes,post,1552282648,neutral
azpmol,dankmemes,post,1552283035,neutral
azpn05,dankmemes,post,1552283091,neutral
azqi0x,dankmemes,post,1552289388,negative
azqixb,dankmemes,post,1552289580,negative
azr692,dankmemes,post,1552294945,negative
azraeg,dankmemes,post,1552295880,negative
azrc85,dankmemes,post,1552296318,neutral
azre0k,dankmemes,post,1552296709,neutral
azrhi7,dankmemes,post,1552297469,neutral
azrodg,dankmemes,post,1552298927,neutral
azrzic,dankmemes,post,1552301342,negative
azs6mx,dankmemes,post,1552302644,negative
azs7w4,dankmemes,post,1552302886,negative
azsb4e,dankmemes,post,1552303512,neutral
azsc5g,dankmemes,post,1552303712,neutral
azskew,dankmemes,post,1552305255,neutral
azsure,dankmemes,post,1552307129,negative
azt9ue,dankmemes,post,1552309806,negative
azte4i,dankmemes,post,1552310537,negative
aztfmy,dankmemes,post,1552310796,negative
azthls,dankmemes,post,1552311122,negative
azti1o,dankmemes,post,1552311192,negative
azti57,dankmemes,post,1552311207,negative
aztik8,dankmemes,post,1552311273,negative
aztvzd,dankmemes,post,1552313443,negative
aztxha,dankmemes,post,1552313686,negative
azu0fz,dankmemes,post,1552314147,neutral
azuewt,dankmemes,post,1552316356,neutral
azui3n,dankmemes,post,1552316823,neutral
azul5b,dankmemes,post,1552317285,negative
azvciy,dankmemes,post,1552321267,negative
azvpwh,dankmemes,post,1552323220,neutral
azvqi5,dankmemes,post,1552323303,neutral
azvrgl,dankmemes,post,1552323434,neutral
azvtc7,dankmemes,post,1552323687,neutral
azw26r,dankmemes,post,1552324944,neutral
azw2wo,dankmemes,post,1552325048,neutral
azw3n8,dankmemes,post,1552325154,neutral
azw4xk,dankmemes,post,1552325338,neutral
azw6rd,dankmemes,post,1552325595,negative
azw95d,dankmemes,post,1552325944,neutral
azwdll,dankmemes,post,1552326571,neutral
azwdve,dankmemes,post,1552326604,negative
azwywi,dankmemes,post,1552329460,negative
azx98e,dankmemes,post,1552330874,neutral
azx98l,dankmemes,post,1552330875,neutral
azx9uz,dankmemes,post,1552330964,neutral
azxcdz,dankmemes,post,1552331296,negative
azxufx,dankmemes,post,1552333801,negative
azxuzf,dankmemes,post,1552333871,negative
azxzf9,dankmemes,post,1552334459,negative
azxzl5,dankmemes,post,1552334479,negative
azy668,dankmemes,post,1552335361,neutral
azzdjk,dankmemes,post,1552341264,neutral
azzptw,dankmemes,post,1552342915,negative
b00oag,dankmemes,post,1552347975,negative
b00xt9,dankmemes,post,1552349450,negative
b00zut,dankmemes,post,1552349742,neutral
b01ayj,dankmemes,post,1552351449,negative
b01frr,dankmemes,post,1552352232,negative
b01fvh,dankmemes,post,1552352247,negative
b01jw8,dankmemes,post,1552352893,negative
b01txt,dankmemes,post,1552354591,negative
b02045,dankmemes,post,1552355635,negative
b0228d,dankmemes,post,1552355994,negative
b0233h,dankmemes,post,1552356129,negative
b02663,dankmemes,post,1552356663,negative
b02j4p,dankmemes,post,1552358843,negative
b02k0a,dankmemes,post,1552358983,negative
b02t32,dankmemes,post,1552360489,negative
b02usx,dankmemes,post,1552360780,neutral
b02v9h,dankmemes,post,1552360856,negative
b04972,dankmemes,post,1552370424,negative
b04cxr,dankmemes,post,1552371204,negative
b05iv3,dankmemes,post,1552380984,neutral
b06p0w,dankmemes,post,1552390194,negative
b06pfy,dankmemes,post,1552390265,neutral
b06qf5,dankmemes,post,1552390444,positive
b06y0j,dankmemes,post,1552391940,negative
b072kn,dankmemes,post,1552392780,negative
b075qg,dankmemes,post,1552393385,negative
b07g64,dankmemes,post,1552395280,neutral
b07hvj,dankmemes,post,1552395579,negative
b07ifs,dankmemes,post,1552395676,neutral
b07jix,dankmemes,post,1552395856,neutral
b07o5s,dankmemes,post,1552396620,negative
b07t7s,dankmemes,post,1552397455,negative
b087kb,dankmemes,post,1552399792,neutral
b08dzu,dankmemes,post,1552400850,negative
b08q31,dankmemes,post,1552402756,neutral
b08s28,dankmemes,post,1552403050,neutral
b08xek,dankmemes,post,1552403823,negative
b098bq,dankmemes,post,1552405409,negative
b09ayf,dankmemes,post,1552405771,neutral
b09u8e,dankmemes,post,1552408449,negative
b09vab,dankmemes,post,1552408594,negative
b0a47b,dankmemes,post,1552409834,negative
b0ah2e,dankmemes,post,1552411610,negative
b0ar3j,dankmemes,post,1552413049,negative
b0bdg4,dankmemes,post,1552416176,neutral
b0bu5h,dankmemes,post,1552418494,neutral
b0c008,dankmemes,post,1552419290,negative
b0coqa,dankmemes,post,1552422724,negative
b0ct16,dankmemes,post,1552423327,negative
b0d0ho,dankmemes,post,1552424368,neutral
b0daq6,dankmemes,post,1552425812,neutral
b0dbmk,dankmemes,post,1552425938,neutral
b0dflf,dankmemes,post,1552426502,neutral
b0dlii,dankmemes,post,1552427354,neutral
b0dpmv,dankmemes,post,1552427945,negative
b0dq5j,dankmemes,post,1552428015,negative
b0dq6a,dankmemes,post,1552428018,neutral
b0dv4r,dankmemes,post,1552428680,negative
b0e52n,dankmemes,post,1552430081,neutral
b0e7fv,dankmemes,post,1552430419,neutral
b0e8so,dankmemes,post,1552430626,neutral
b0e9m5,dankmemes,post,1552430741,neutral
b0eaoi,dankmemes,post,1552430888,neutral
b0ebvi,dankmemes,post,1552431053,negative
b0ee6i,dankmemes,post,1552431382,neutral
b0ej6s,dankmemes,post,1552432099,negative
b0ekb3,dankmemes,post,1552432258,neutral
b0emyk,dankmemes,post,1552432652,negative
b0enuw,dankmemes,post,1552432779,positive
b0eo8c,dankmemes,post,1552432840,negative
b0eot0,dankmemes,post,1552432932,negative
b0er1c,dankmemes,post,1552433257,negative
b0et18,dankmemes,post,1552433551,negative
b0f01i,dankmemes,post,1552434626,negative
b0fskj,dankmemes,post,1552438999,negative
b0fuoi,dankmemes,post,1552439332,negative
b0fvrr,dankmemes,post,1552439502,neutral
b0g33g,dankmemes,post,1552440739,neutral
b0g497,dankmemes,post,1552440921,neutral
b0gisd,dankmemes,post,1552443347,positive
b0gpbd,dankmemes,post,1552444475,neutral
b0gsow,dankmemes,post,1552445081,negative
b0gun5,dankmemes,post,1552445423,negative
b0h0e1,dankmemes,post,1552446469,negative
b0h2rk,dankmemes,post,1552446890,positive
b0haco,dankmemes,post,1552448291,neutral
b0hn6e,dankmemes,post,1552450691,negative
b0hqyh,dankmemes,post,1552451403,negative
b0hwk4,dankmemes,post,1552452489,negative
b0i697,dankmemes,post,1552454351,neutral
b0ilq4,dankmemes,post,1552457626,negative
b0j6a0,dankmemes,post,1552462154,neutral
b0j6sl,dankmemes,post,1552462284,neutral
b0k4av,dankmemes,post,1552470605,neutral
b0k5kj,dankmemes,post,1552470887,negative
b0kmyi,dankmemes,post,1552474755,negative
b0kn3a,dankmemes,post,1552474778,neutral
b0ktuw,dankmemes,post,1552476114,neutral
b0kwnd,dankmemes,post,1552476673,negative
b0kycm,dankmemes,post,1552477015,negative
b0l1oa,dankmemes,post,1552477675,negative
b0l9ic,dankmemes,post,1552479095,negative
b0lc83,dankmemes,post,1552479577,neutral
b0leag,dankmemes,post,1552479931,positive
b0ljhd,dankmemes,post,1552480820,neutral
b0ll26,dankmemes,post,1552481099,neutral
b0llfd,dankmemes,post,1552481167,positive
b0lm25,dankmemes,post,1552481275,neutral
b0lm2c,dankmemes,post,1552481276,positive
b0looa,dankmemes,post,1552481717,positive
b0lsyi,dankmemes,post,1552482428,neutral
b0lszp,dankmemes,post,1552482435,neutral
b0lv7b,dankmemes,post,1552482791,neutral
b0lwgk,dankmemes,post,1552482994,negative
b0lzwl,dankmemes,post,1552483578,neutral
b0mfaa,dankmemes,post,1552486112,negative
b0mpn7,dankmemes,post,1552487765,neutral
b0mrwz,dankmemes,post,1552488134,negative
b0mumb,dankmemes,post,1552488563,negative
b0mxso,dankmemes,post,1552489065,negative
b0mzjk,dankmemes,post,1552489325,negative
b0n2w5,dankmemes,post,1552489826,neutral
b0n4an,dankmemes,post,1552490037,neutral
b0n6nt,dankmemes,post,1552490394,neutral
b0n709,dankmemes,post,1552490441,neutral
b0ncus,dankmemes,post,1552491325,negative
b0nd58,dankmemes,post,1552491366,negative
b0nf4u,dankmemes,post,1552491654,neutral
b0njer,dankmemes,post,1552492275,negative
b0nkqm,dankmemes,post,1552492478,neutral
b0nrwl,dankmemes,post,1552493482,neutral
b0nuhe,dankmemes,post,1552493860,negative
b0nvv9,dankmemes,post,1552494060,negative
b0nwb9,dankmemes,post,1552494128,negative
b0nx25,dankmemes,post,1552494235,negative
b0nxo7,dankmemes,post,1552494318,negative
b0nzyo,dankmemes,post,1552494622,negative
b0o2a9,dankmemes,post,1552494937,negative
b0o2h3,dankmemes,post,1552494963,negative
b0o44m,dankmemes,post,1552495207,negative
b0o5jt,dankmemes,post,1552495409,negative
b0o5yy,dankmemes,post,1552495468,neutral
b0o6ex,dankmemes,post,1552495532,negative
b0o6hk,dankmemes,post,1552495539,negative
b0o7ag,dankmemes,post,1552495652,negative
b0och0,dankmemes,post,1552496384,neutral
b0oett,dankmemes,post,1552496713,neutral
b0ofrm,dankmemes,post,1552496840,negative
b0olhm,dankmemes,post,1552497652,neutral
b0on47,dankmemes,post,1552497873,negative
b0orn2,dankmemes,post,1552498477,positive
b0ote0,dankmemes,post,1552498716,negative
b0p0rg,dankmemes,post,1552499749,neutral
b0pazi,dankmemes,post,1552501157,neutral
b0pe8z,dankmemes,post,1552501607,neutral
b0ph9z,dankmemes,post,1552502024,negative
b0pi8d,dankmemes,post,1552502161,negative
b0qlwz,dankmemes,post,1552507462,negative
b0qmof,dankmemes,post,1552507562,negative
b0qnci,dankmemes,post,1552507661,negative
b0qngg,dankmemes,post,1552507674,negative
b0qo0h,dankmemes,post,1552507754,negative
b0qpi1,dankmemes,post,1552507961,neutral
b0r8dp,dankmemes,post,1552510563,negative
b0rc2b,dankmemes,post,1552511065,positive
b0rxj5,dankmemes,post,1552514069,neutral
b0rza2,dankmemes,post,1552514326,neutral
b0rzdz,dankmemes,post,1552514343,negative
b0sau7,dankmemes,post,1552515953,negative
b0shp2,dankmemes,post,1552516905,negative
b0shq7,dankmemes,post,1552516909,neutral
b0sjvn,dankmemes,post,1552517223,negative
b0t8jw,dankmemes,post,1552520893,negative
b0t9m4,dankmemes,post,1552521058,neutral
b0tthq,dankmemes,post,1552524140,negative
b0u17b,dankmemes,post,1552525396,negative
b0ulau,dankmemes,post,1552528771,negative
b0vd1r,dankmemes,post,1552533645,neutral
b0vvz7,dankmemes,post,1552537061,negative
b0w8jd,dankmemes,post,1552539547,negative
b0wa7p,dankmemes,post,1552539888,negative
b0wdi9,dankmemes,post,1552540556,negative
b0wpnc,dankmemes,post,1552543155,neutral
b0x8o8,dankmemes,post,1552547246,negative
b0xu1r,dankmemes,post,1552552239,negative
b0xv4j,dankmemes,post,1552552498,negative
b0xwkb,dankmemes,post,1552552866,negative
b0xx62,dankmemes,post,1552553014,negative
b0y1cc,dankmemes,post,1552554066,neutral
b0y7j4,dankmemes,post,1552555509,neutral
b0yfbe,dankmemes,post,1552557286,negative
b0yiwq,dankmemes,post,1552558069,neutral
b0zclc,dankmemes,post,1552563974,neutral
b0zd40,dankmemes,post,1552564072,neutral
b0zgzb,dankmemes,post,1552564806,neutral
b0zhji,dankmemes,post,1552564907,neutral
b0zi2z,dankmemes,post,1552564996,negative
b0zm5b,dankmemes,post,1552565716,neutral
b106y5,dankmemes,post,1552569219,neutral
b10u3r,dankmemes,post,1552572913,neutral
b10xct,dankmemes,post,1552573434,neutral
b10yz1,dankmemes,post,1552573673,neutral
b112i2,dankmemes,post,1552574216,negative
b11658,dankmemes,post,1552574755,negative
b11nhl,dankmemes,post,1552577239,neutral
b11okn,dankmemes,post,1552577388,negative
b11p5t,dankmemes,post,1552577472,negative
b11xi7,dankmemes,post,1552578686,negative
b11ylg,dankmemes,post,1552578860,positive
b12f16,dankmemes,post,1552581053,negative
b12n33,dankmemes,post,1552582125,neutral
b12v3q,dankmemes,post,1552583190,neutral
b12xht,dankmemes,post,1552583494,negative
b12y2s,dankmemes,post,1552583566,negative
b12yqy,dankmemes,post,1552583651,negative
b13v4c,dankmemes,post,1552588074,negative
b14096,dankmemes,post,1552588789,neutral
b14b6i,dankmemes,post,1552590294,negative
b14fy9,dankmemes,post,1552590947,positive
b14hkg,dankmemes,post,1552591175,neutral
b14mm0,dankmemes,post,1552591854,negative
b14z93,dankmemes,post,1552593555,negative
b15p5a,dankmemes,post,1552597082,negative
b15pk3,dankmemes,post,1552597138,positive
b15vt7,dankmemes,post,1552597978,negative
b162cf,dankmemes,post,1552598856,negative
b164rc,dankmemes,post,1552599196,negative
b16awk,dankmemes,post,1552600055,negative
b16l7c,dankmemes,post,1552601471,negative
b16n4f,dankmemes,post,1552601742,negative
b1714g,dankmemes,post,1552603683,neutral
b178sp,dankmemes,post,1552604790,negative
b17od5,dankmemes,post,1552607131,negative
b185l8,dankmemes,post,1552609854,negative
b188dm,dankmemes,post,1552610320,negative
b18af7,dankmemes,post,1552610663,neutral
b18cdx,dankmemes,post,1552610997,negative
b18ddz,dankmemes,post,1552611164,negative
b18h3b,dankmemes,post,1552611763,neutral
b18i4w,dankmemes,post,1552611924,negative
b18qwa,dankmemes,post,1552613440,neutral
b19qho,dankmemes,post,1552619562,neutral
b1bfbh,dankmemes,post,1552631300,neutral
b1btda,dankmemes,post,1552634326,negative
b1bwf5,dankmemes,post,1552635013,neutral
b1c61q,dankmemes,post,1552637196,negative
b1crwf,dankmemes,post,1552642128,negative
b1cs6a,dankmemes,post,1552642183,negative
b1csi5,dankmemes,post,1552642249,negative
b1csoi,dankmemes,post,1552642289,negative
b1csrb,dankmemes,post,1552642304,negative
b1csz6,dankmemes,post,1552642347,negative
b1ct9v,dankmemes,post,1552642410,negative
b1ctbd,dankmemes,post,1552642418,negative
b1ctj0,dankmemes,post,1552642463,negative
b1cty3,dankmemes,post,1552642552,negative
b1cuc4,dankmemes,post,1552642641,negative
b1d9b0,dankmemes,post,1552645788,negative
b1dieq,dankmemes,post,1552647649,neutral
b1duqj,dankmemes,post,1552649903,neutral
b1dzff,dankmemes,post,1552650773,negative
b1e9fp,dankmemes,post,1552652469,negative
b1fccp,dankmemes,post,1552658649,neutral
b1fk0x,dankmemes,post,1552659797,negative
b1gpu6,dankmemes,post,1552666045,negative
b1hahz,dankmemes,post,1552668986,negative
b1hx2e,dankmemes,post,1552672149,negative
b1i6f6,dankmemes,post,1552673481,negative
b1ih6t,dankmemes,post,1552675015,neutral
b1iiq9,dankmemes,post,1552675232,neutral
b1iqap,dankmemes,post,1552676298,negative
b1is4z,dankmemes,post,1552676549,negative
b1isvj,dankmemes,post,1552676647,negative
b1ixch,dankmemes,post,1552677263,neutral
b1j01i,dankmemes,post,1552677630,neutral
b1jbk7,dankmemes,post,1552679273,negative
b1jfjw,dankmemes,post,1552679857,neutral
b1jrv2,dankmemes,post,1552681690,neutral
b1k4vo,dankmemes,post,1552683591,negative
b1l41g,dankmemes,post,1552688835,neutral
b1l6e0,dankmemes,post,1552689192,neutral
b1ma7u,dankmemes,post,1552695656,neutral
b1mobn,dankmemes,post,1552698057,negative
b1n50e,dankmemes,post,1552701076,negative
b1n7os,dankmemes,post,1552701549,negative
b1nkvc,dankmemes,post,1552703953,neutral
b1nmx9,dankmemes,post,1552704326,neutral
b1nq8o,dankmemes,post,1552704951,negative
b1nqu7,dankmemes,post,1552705060,negative
b1ntk2,dankmemes,post,1552705560,negative
b1o983,dankmemes,post,1552708523,negative
b1ojis,dankmemes,post,1552710500,neutral
b1opch,dankmemes,post,1552711693,negative
b1p43z,dankmemes,post,1552714918,negative
b1p7xi,dankmemes,post,1552715783,negative
b1pd0k,dankmemes,post,1552716949,negative
b1q5hx,dankmemes,post,1552723933,negative
b1qaxw,dankmemes,post,1552725394,negative
b1qxsi,dankmemes,post,1552731004,neutral
b1r2bu,dankmemes,post,1552732103,negative
b1rll6,dankmemes,post,1552736579,neutral
b1rqjl,dankmemes,post,1552737705,negative
b1rqzz,dankmemes,post,1552737803,negative
b1rr7n,dankmemes,post,1552737843,negative
b1ru1t,dankmemes,post,1552738457,negative
b1sod0,dankmemes,post,1552744500,negative
b1tpnt,dankmemes,post,1552750642,negative
b1tq6q,dankmemes,post,1552750728,negative
b1uhas,dankmemes,post,1552754931,neutral
b1ur34,dankmemes,post,1552756459,neutral
b1uruv,dankmemes,post,1552756577,neutral
b1uyw0,dankmemes,post,1552757691,negative
b1v4nt,dankmemes,post,1552758604,negative
b1v8fm,dankmemes,post,1552759222,negative
b1vn2e,dankmemes,post,1552761378,negative
b1wf93,dankmemes,post,1552765435,negative
b1wte6,dankmemes,post,1552767515,negative
b1wv2g,dankmemes,post,1552767757,neutral
b1wzrf,dankmemes,post,1552768479,neutral
b1x5zz,dankmemes,post,1552769416,neutral
b1x8q6,dankmemes,post,1552769844,positive
b1yfv8,dankmemes,post,1552776793,negative
b1ywbz,dankmemes,post,1552779662,neutral
b1yxc7,dankmemes,post,1552779845,neutral
b1yysa,dankmemes,post,1552780105,negative
b1z2ol,dankmemes,post,1552780783,negative
b1zx8e,dankmemes,post,1552786050,negative
b206sk,dankmemes,post,1552787751,negative
b207iu,dankmemes,post,1552787879,negative
b20ans,dankmemes,post,1552788436,negative
b21nrh,dankmemes,post,1552798223,neutral
b21r5h,dankmemes,post,1552798968,negative
b21tc7,dankmemes,post,1552799440,negative
b21w64,dankmemes,post,1552800075,negative
b2200u,dankmemes,post,1552800965,negative
b227wh,dankmemes,post,1552802738,neutral
b2383k,dankmemes,post,1552812180,neutral
b23kpf,dankmemes,post,1552815682,neutral
b23olx,dankmemes,post,1552816737,neutral
b23ote,dankmemes,post,1552816797,neutral
b23pgi,dankmemes,post,1552816960,neutral
b249yx,dankmemes,post,1552822177,neutral
b24w8b,dankmemes,post,1552827416,negative
b255k3,dankmemes,post,1552829315,neutral
b25f41,dankmemes,post,1552831182,negative
b25lis,dankmemes,post,1552832345,neutral
b25qy8,dankmemes,post,1552833316,negative
b2602j,dankmemes,post,1552834901,negative
b26jkw,dankmemes,post,1552838082,neutral
b26ldo,dankmemes,post,1552838383,neutral
b26xnw,dankmemes,post,1552840274,neutral
b272hy,dankmemes,post,1552841017,neutral
b27a1c,dankmemes,post,1552842138,negative
b27gnl,dankmemes,post,1552843142,positive
b27hfg,dankmemes,post,1552843266,positive
b27i65,dankmemes,post,1552843388,neutral
b27s87,dankmemes,post,1552844895,negative
b27ssw,dankmemes,post,1552844978,neutral
b27xkd,dankmemes,post,1552845697,negative
b28fa3,dankmemes,post,1552848290,negative
b28fpa,dankmemes,post,1552848359,neutral
b28hfc,dankmemes,post,1552848617,negative
b28leb,dankmemes,post,1552849199,negative
b28pgg,dankmemes,post,1552849760,negative
b28qnz,dankmemes,post,1552849944,neutral
b294m1,dankmemes,post,1552851984,negative
b29f1h,dankmemes,post,1552853544,negative
b29i4o,dankmemes,post,1552854025,negative
b29uj6,dankmemes,post,1552855883,negative
b2a1f8,dankmemes,post,1552856923,negative
b2a7mm,dankmemes,post,1552857863,negative
b2afyr,dankmemes,post,1552859128,positive
b2aq9d,dankmemes,post,1552860758,negative
b2arl0,dankmemes,post,1552860967,neutral
b2avfn,dankmemes,post,1552861576,negative
b2awtd,dankmemes,post,1552861789,neutral
b2axn0,dankmemes,post,1552861921,negative
b2azd7,dankmemes,post,1552862191,negative
b2b1oz,dankmemes,post,1552862557,negative
b2b48g,dankmemes,post,1552862966,negative
b2bg8e,dankmemes,post,1552864912,neutral
b2bpge,dankmemes,post,1552866467,negative
b2bvx2,dankmemes,post,1552867546,negative
b2byne,dankmemes,post,1552867959,neutral
b2bzex,dankmemes,post,1552868081,neutral
b2c45p,dankmemes,post,1552868864,negative
b2cjb6,dankmemes,post,1552871439,negative
b2cu0e,dankmemes,post,1552873343,negative
b2dhh4,dankmemes,post,1552877536,neutral
b2di3i,dankmemes,post,1552877654,neutral
b2di3y,dankmemes,post,1552877656,negative
b2dt9m,dankmemes,post,1552879785,neutral
b2dxiz,dankmemes,post,1552880620,neutral
b2e2th,dankmemes,post,1552881638,negative
b2elnl,dankmemes,post,1552885421,neutral
b2eqvl,dankmemes,post,1552886500,negative
b2et2o,dankmemes,post,1552886962,negative
b2eu4g,dankmemes,post,1552887185,negative
b2f9jh,dankmemes,post,1552890460,negative
b2f9so,dankmemes,post,1552890522,negative
b2fc3o,dankmemes,post,1552891043,neutral
b2fe3l,dankmemes,post,1552891516,negative
b2fef0,dankmemes,post,1552891586,neutral
b2frvw,dankmemes,post,1552894872,neutral
b2fsnk,dankmemes,post,1552895059,negative
b2fwkk,dankmemes,post,1552895988,negative
b2g2xf,dankmemes,post,1552897407,negative
b2g4mz,dankmemes,post,1552897811,negative
b2gqbu,dankmemes,post,1552902674,neutral
b2gqv0,dankmemes,post,1552902792,neutral
b2gs48,dankmemes,post,1552903069,neutral
b2gv6r,dankmemes,post,1552903705,neutral
b2gz1h,dankmemes,post,1552904495,neutral
b2h3um,dankmemes,post,1552905492,negative
b2hipr,dankmemes,post,1552908212,negative
b2huur,dankmemes,post,1552910431,negative
b2ix30,dankmemes,post,1552916778,negative
b2izli,dankmemes,post,1552917182,negative
b2j07t,dankmemes,post,1552917283,negative
b2j6qu,dankmemes,post,1552918301,negative
b2jb61,dankmemes,post,1552918979,negative
b2jidf,dankmemes,post,1552920093,neutral
b2jj59,dankmemes,post,1552920210,positive
b2jjt1,dankmemes,post,1552920314,neutral
b2jmmj,dankmemes,post,1552920727,neutral
b2jp3t,dankmemes,post,1552921102,neutral
b2jsnp,dankmemes,post,1552921608,negative
b2kabe,dankmemes,post,1552924128,neutral
b2kn5g,dankmemes,post,1552925919,negative
b2kq8j,dankmemes,post,1552926347,negative
b2kv1t,dankmemes,post,1552927001,neutral
b2kwty,dankmemes,post,1552927249,neutral
b2mmhr,dankmemes,post,1552935801,negative
b2mmyd,dankmemes,post,1552935862,neutral
b2mt8n,dankmemes,post,1552936729,neutral
b2n2po,dankmemes,post,1552938047,negative
b2n8pw,dankmemes,post,1552938990,negative
b2ngyw,dankmemes,post,1552940123,positive
b2nkv6,dankmemes,post,1552940652,neutral
b2nm4k,dankmemes,post,1552940825,neutral
b2nr0i,dankmemes,post,1552941492,negative
b2nv00,dankmemes,post,1552942044,negative
b2om8j,dankmemes,post,1552945842,negative
b2oqv7,dankmemes,post,1552946503,negative
b2pg0j,dankmemes,post,1552950105,neutral
b2q1qy,dankmemes,post,1552953296,negative
b2qg9d,dankmemes,post,1552955462,neutral
b2qh3i,dankmemes,post,1552955588,neutral
b2qnl4,dankmemes,post,1552956603,negative
b2rdsi,dankmemes,post,1552960599,neutral
b2rkyn,dankmemes,post,1552961695,neutral
b2rw0i,dankmemes,post,1552963467,negative
b2se6e,dankmemes,post,1552966516,neutral
b2seag,dankmemes,post,1552966534,negative
b2t9f6,dankmemes,post,1552972298,neutral
b2tbp0,dankmemes,post,1552972740,neutral
b2thfy,dankmemes,post,1552973888,negative
b2trn9,dankmemes,post,1552975930,negative
b2u09c,dankmemes,post,1552977687,negative
b2vgy9,dankmemes,post,1552989272,positive
b2vq3h,dankmemes,post,1552991173,negative
b2vrh1,dankmemes,post,1552991460,negative
b2vss4,dankmemes,post,1552991727,negative
b2w0ko,dankmemes,post,1552993271,negative
b2w6zg,dankmemes,post,1552994485,negative
b2wfk9,dankmemes,post,1552996147,negative
b2wnof,dankmemes,post,1552997563,negative
b2wxv9,dankmemes,post,1552999343,negative
b2xawc,dankmemes,post,1553001469,negative
b2xz56,dankmemes,post,1553005147,neutral
b2y6c6,dankmemes,post,1553006198,negative
b2ypgr,dankmemes,post,1553008930,negative
b2yrcn,dankmemes,post,1553009203,neutral
b2yug3,dankmemes,post,1553009640,negative
b2yzsp,dankmemes,post,1553010379,neutral
b2z1fa,dankmemes,post,1553010616,neutral
b2z22x,dankmemes,post,1553010711,negative
b2z3q7,dankmemes,post,1553010952,negative
b2zf6g,dankmemes,post,1553012500,negative
b2zfij,dankmemes,post,1553012543,neutral
b3008e,dankmemes,post,1553015360,negative
b301jq,dankmemes,post,1553015536,negative
b3025m,dankmemes,post,1553015617,negative
b307ki,dankmemes,post,1553016361,neutral
b30a42,dankmemes,post,1553016713,negative
b30cuv,dankmemes,post,1553017083,negative
b30xc0,dankmemes,post,1553019881,negative
b312hh,dankmemes,post,1553020601,negative
b3134s,dankmemes,post,1553020691,neutral
b31aob,dankmemes,post,1553021777,negative
b31en8,dankmemes,post,1553022300,negative
b326fg,dankmemes,post,1553026038,negative
b32a7b,dankmemes,post,1553026550,neutral
b32gx1,dankmemes,post,1553027486,neutral
b32hbf,dankmemes,post,1553027544,neutral
b32yvy,dankmemes,post,1553029979,negative
b32z8x,dankmemes,post,1553030026,negative
b32zi5,dankmemes,post,1553030064,negative
b330m4,dankmemes,post,1553030210,negative
b337r1,dankmemes,post,1553031194,positive
b33llr,dankmemes,post,1553033087,negative
b34fd8,dankmemes,post,1553037306,neutral
b34t06,dankmemes,post,1553039334,negative
b34zh3,dankmemes,post,1553040309,negative
b35axs,dankmemes,post,1553042098,negative
b35jfa,dankmemes,post,1553043474,neutral
b35jgg,dankmemes,post,1553043480,negative
b35jwd,dankmemes,post,1553043555,neutral
b35vjx,dankmemes,post,1553045465,negative
b36e6l,dankmemes,post,1553048539,neutral
b37b7b,dankmemes,post,1553054194,positive
b37sbq,dankmemes,post,1553057428,neutral
b38qbl,dankmemes,post,1553064495,negative
b395er,dankmemes,post,1553067836,negative
b39bny,dankmemes,post,1553069231,negative
b39mme,dankmemes,post,1553071864,neutral
b39w3v,dankmemes,post,1553074037,negative
b39z24,dankmemes,post,1553074696,negative
b3a25c,dankmemes,post,1553075395,negative
b3adfe,dankmemes,post,1553077805,neutral
b3ae6x,dankmemes,post,1553077972,negative
b3aghp,dankmemes,post,1553078455,neutral
b3ajdi,dankmemes,post,1553079070,neutral
b3c8c3,dankmemes,post,1553089695,negative
b3cl9j,dankmemes,post,1553091594,negative
b3cojt,dankmemes,post,1553092074,negative
b3cpbd,dankmemes,post,1553092184,negative
b3ct6o,dankmemes,post,1553092759,negative
b3d39h,dankmemes,post,1553094232,negative
b3d9su,dankmemes,post,1553095200,negative
b3dm8p,dankmemes,post,1553096979,negative
b3dqa3,dankmemes,post,1553097564,neutral
b3ehj4,dankmemes,post,1553101292,neutral
b3ej15,dankmemes,post,1553101495,negative
b3epom,dankmemes,post,1553102426,negative
b3evef,dankmemes,post,1553103234,neutral
b3ewrl,dankmemes,post,1553103418,negative
b3fd0u,dankmemes,post,1553105645,negative
b3fe17,dankmemes,post,1553105785,positive
b3gs0c,dankmemes,post,1553112684,negative
b3hmx9,dankmemes,post,1553116856,negative
b3hoj3,dankmemes,post,1553117077,negative
b3hq76,dankmemes,post,1553117299,neutral
b3i1ay,dankmemes,post,1553118812,negative
b3ikfr,dankmemes,post,1553121496,neutral
b3iywy,dankmemes,post,1553123623,neutral
b3j2xk,dankmemes,post,1553124226,negative
b3j38e,dankmemes,post,1553124270,negative
b3jyrd,dankmemes,post,1553129032,negative
b3k69p,dankmemes,post,1553130232,negative
b3kab7,dankmemes,post,1553130881,negative
b3keuh,dankmemes,post,1553131606,negative
b3kfeu,dankmemes,post,1553131705,negative
b3kfu3,dankmemes,post,1553131773,negative
b3kgje,dankmemes,post,1553131883,positive
b3kies,dankmemes,post,1553132171,neutral
b3ks82,dankmemes,post,1553133714,negative
b3lhs4,dankmemes,post,1553137883,neutral
b3lk5p,dankmemes,post,1553138268,neutral
b3lw6f,dankmemes,post,1553140316,negative
b3lybg,dankmemes,post,1553140705,neutral
b3mldj,dankmemes,post,1553144984,negative
b3mulf,dankmemes,post,1553146867,neutral
b3n4ph,dankmemes,post,1553149159,negative
b3n7eg,dankmemes,post,1553149823,neutral
b3n7r2,dankmemes,post,1553149902,neutral
b3ni0y,dankmemes,post,1553152365,negative
b3noqe,dankmemes,post,1553153906,negative
b3oaqn,dankmemes,post,1553159144,neutral
b3oggy,dankmemes,post,1553160527,negative
b3os8y,dankmemes,post,1553163161,negative
b3pg3y,dankmemes,post,1553168062,negative
b3pm2r,dankmemes,post,1553169196,negative
b3pp0x,dankmemes,post,1553169754,neutral
b3ppml,dankmemes,post,1553169864,negative
b3pu71,dankmemes,post,1553170681,negative
b3pyjm,dankmemes,post,1553171448,neutral
b3qand,dankmemes,post,1553173521,neutral
b3qde8,dankmemes,post,1553173981,neutral
b3qdmz,dankmemes,post,1553174015,negative
b3qfoq,dankmemes,post,1553174359,negative
b3qibb,dankmemes,post,1553174793,negative
b3qzg2,dankmemes,post,1553177453,negative
b3r6hb,dankmemes,post,1553178527,neutral
b3r9h0,dankmemes,post,1553178977,neutral
b3rnq1,dankmemes,post,1553181047,neutral
b3rsup,dankmemes,post,1553181771,negative
b3rvbf,dankmemes,post,1553182119,neutral
b3rvtt,dankmemes,post,1553182187,negative
b3sbfx,dankmemes,post,1553184315,positive
b3so56,dankmemes,post,1553186021,negative
b3sosd,dankmemes,post,1553186111,neutral
b3spyi,dankmemes,post,1553186274,negative
b3srx2,dankmemes,post,1553186534,negative
b3su7x,dankmemes,post,1553186846,negative
b3t52z,dankmemes,post,1553188314,negative
b3tahu,dankmemes,post,1553189064,neutral
b3trij,dankmemes,post,1553191336,negative
b3tyjn,dankmemes,post,1553192250,neutral
b3tzso,dankmemes,post,1553192426,negative
b3u2pf,dankmemes,post,1553192801,negative
b3u38z,dankmemes,post,1553192870,negative
b3ua37,dankmemes,post,1553193779,negative
b3ucjv,dankmemes,post,1553194096,negative
b3ungy,dankmemes,post,1553195575,positive
b3uoy3,dankmemes,post,1553195776,positive
b3uul3,dankmemes,post,1553196555,neutral
b3uzms,dankmemes,post,1553197231,negative
b3v4it,dankmemes,post,1553197897,negative
b3vbpa,dankmemes,post,1553198890,neutral
b3vhkl,dankmemes,post,1553199713,negative
b3vjw2,dankmemes,post,1553200040,negative
b3vs3t,dankmemes,post,1553201185,positive
b3vwzi,dankmemes,post,1553201858,neutral
b3w07w,dankmemes,post,1553202303,positive
b3waan,dankmemes,post,1553203757,negative
b3wcg1,dankmemes,post,1553204062,negative
b3wg4b,dankmemes,post,1553204571,neutral
b3whxr,dankmemes,post,1553204828,neutral
b3wiem,dankmemes,post,1553204895,neutral
b3wjkd,dankmemes,post,1553205060,neutral
b3wjpg,dankmemes,post,1553205081,neutral
b3wmab,dankmemes,post,1553205460,negative
b3wngr,dankmemes,post,1553205611,negative
b3wns4,dankmemes,post,1553205656,negative
b3wqm6,dankmemes,post,1553206053,neutral
b3wr3t,dankmemes,post,1553206123,neutral
b3wscq,dankmemes,post,1553206291,neutral
b3wse5,dankmemes,post,1553206297,negative
b3wwju,dankmemes,post,1553206918,negative
b3wyjg,dankmemes,post,1553207221,neutral
b3x8mu,dankmemes,post,1553208701,negative
b3xagl,dankmemes,post,1553208969,negative
b3xedi,dankmemes,post,1553209557,negative
b3xhq0,dankmemes,post,1553210056,negative
b3xn2h,dankmemes,post,1553210881,neutral
b3xqa4,dankmemes,post,1553211374,negative
b3xqk4,dankmemes,post,1553211416,negative
b3xyzy,dankmemes,post,1553212744,negative
b3y3vt,dankmemes,post,1553213476,negative
b3y5b8,dankmemes,post,1553213681,negative
b3yb6k,dankmemes,post,1553214567,negative
b3yho8,dankmemes,post,1553215580,negative
b3yi4f,dankmemes,post,1553215652,negative
b3ykhf,dankmemes,post,1553216038,negative
b3ys8c,dankmemes,post,1553217323,negative
b3yt87,dankmemes,post,1553217489,negative
b3z3ak,dankmemes,post,1553219136,negative
b3z3x9,dankmemes,post,1553219240,negative
b3z4ju,dankmemes,post,1553219345,negative
b3z5pf,dankmemes,post,1553219546,negative
b3z6hz,dankmemes,post,1553219683,negative
b3z71n,dankmemes,post,1553219777,negative
b3z8f9,dankmemes,post,1553220014,positive
b3z8r2,dankmemes,post,1553220068,negative
b3zb7q,dankmemes,post,1553220483,negative
b3ze7h,dankmemes,post,1553220973,negative
b3zex6,dankmemes,post,1553221099,neutral
b3zf0t,dankmemes,post,1553221115,negative
b3zftl,dankmemes,post,1553221245,negative
b3zfxz,dankmemes,post,1553221266,negative
b3zggm,dankmemes,post,1553221355,neutral
b3zk7w,dankmemes,post,1553221986,negative
b3zmf5,dankmemes,post,1553222367,negative
b3zq4i,dankmemes,post,1553222997,negative
b3zqwe,dankmemes,post,1553223138,neutral
b3ztsl,dankmemes,post,1553223615,negative
b3zvx6,dankmemes,post,1553223986,negative
b40077,dankmemes,post,1553224739,neutral
b401ba,dankmemes,post,1553224940,negative
b406sf,dankmemes,post,1553225928,positive
b4094j,dankmemes,post,1553226360,neutral
b40fl6,dankmemes,post,1553227547,neutral
b40hn2,dankmemes,post,1553227928,neutral
b40ipo,dankmemes,post,1553228120,neutral
b40ito,dankmemes,post,1553228143,negative
b40jj0,dankmemes,post,1553228267,negative
b40rpo,dankmemes,post,1553229812,negative
b40u35,dankmemes,post,1553230275,negative
b410gt,dankmemes,post,1553231576,neutral
b411wz,dankmemes,post,1553231873,negative
b4121z,dankmemes,post,1553231902,neutral
b412or,dankmemes,post,1553232028,negative
b412v8,dankmemes,post,1553232065,negative
b4133q,dankmemes,post,1553232114,negative
b413bt,dankmemes,post,1553232160,negative
b41gcf,dankmemes,post,1553234979,neutral
b41k6s,dankmemes,post,1553235799,negative
b41o63,dankmemes,post,1553236650,negative
b41qww,dankmemes,post,1553237238,negative
b41rnd,dankmemes,post,1553237399,neutral
b41wgt,dankmemes,post,1553238424,negative
b41zzl,dankmemes,post,1553239174,negative
b422on,dankmemes,post,1553239790,neutral
b423jc,dankmemes,post,1553239988,neutral
b42aao,dankmemes,post,1553241445,negative
b42akp,dankmemes,post,1553241505,negative
b42cm1,dankmemes,post,1553241923,negative
b42d7n,dankmemes,post,1553242047,neutral
b42e7r,dankmemes,post,1553242259,negative
b42f2f,dankmemes,post,1553242432,negative
b42fbg,dankmemes,post,1553242483,negative
b42hlj,dankmemes,post,1553242991,negative
b42idr,dankmemes,post,1553243161,negative
b42iqt,dankmemes,post,1553243240,negative
b42pt4,dankmemes,post,1553244875,negative
b42qwh,dankmemes,post,1553245117,neutral
b42xet,dankmemes,post,1553246539,negative
b42xll,dankmemes,post,1553246582,neutral
b43cbd,dankmemes,post,1553249720,negative
b43hn8,dankmemes,post,1553250823,negative
b43iaj,dankmemes,post,1553250972,neutral
b43jkm,dankmemes,post,1553251261,neutral
b43o15,dankmemes,post,1553252192,neutral
b43sb0,dankmemes,post,1553253039,negative
b43u4e,dankmemes,post,1553253395,negative
b43uah,dankmemes,post,1553253428,negative
b43xwi,dankmemes,post,1553254156,negative
b4400w,dankmemes,post,1553254580,negative
b440g7,dankmemes,post,1553254664,negative
b4422q,dankmemes,post,1553254964,neutral
b442pp,dankmemes,post,1553255089,neutral
b443qc,dankmemes,post,1553255291,negative
b443yq,dankmemes,post,1553255343,negative
b444jh,dankmemes,post,1553255456,negative
b445fh,dankmemes,post,1553255623,negative
b4466y,dankmemes,post,1553255775,negative
b446cj,dankmemes,post,1553255804,negative
b4474r,dankmemes,post,1553255954,negative
b447sq,dankmemes,post,1553256067,negative
b44a28,dankmemes,post,1553256461,negative
b44adi,dankmemes,post,1553256516,positive
b44amy,dankmemes,post,1553256563,negative
b44k2u,dankmemes,post,1553258209,negative
b44ldt,dankmemes,post,1553258440,neutral
b44mz3,dankmemes,post,1553258700,negative
b44qwp,dankmemes,post,1553259368,negative
b44t9x,dankmemes,post,1553259748,negative
b453po,dankmemes,post,1553261469,negative
b456d0,dankmemes,post,1553261904,negative
b45cef,dankmemes,post,1553262866,negative
b45h4x,dankmemes,post,1553263599,negative
b462da,dankmemes,post,1553266775,negative
b466yp,dankmemes,post,1553267430,negative
b46a48,dankmemes,post,1553267874,negative
b46e3r,dankmemes,post,1553268424,neutral
b46k2x,dankmemes,post,1553269243,negative
b46lny,dankmemes,post,1553269458,neutral
b46mph,dankmemes,post,1553269599,negative
b46ofp,dankmemes,post,1553269843,negative
b46vpy,dankmemes,post,1553270851,negative
b46xgs,dankmemes,post,1553271093,neutral
b46xkn,dankmemes,post,1553271107,negative
b478gy,dankmemes,post,1553272630,neutral
b479cw,dankmemes,post,1553272763,negative
b479ww,dankmemes,post,1553272837,negative
b47ens,dankmemes,post,1553273512,neutral
b47nps,dankmemes,post,1553274795,neutral
b47nvk,dankmemes,post,1553274820,negative
b47osy,dankmemes,post,1553274951,neutral
b47t9z,dankmemes,post,1553275591,neutral
b48p9u,dankmemes,post,1553279933,negative
b48rhg,dankmemes,post,1553280230,negative
b48vfh,dankmemes,post,1553280765,neutral
b48x0m,dankmemes,post,1553280983,negative
b4923j,dankmemes,post,1553281666,negative
b494j3,dankmemes,post,1553281998,negative
b497vf,dankmemes,post,1553282451,neutral
b49ka9,dankmemes,post,1553284209,neutral
b49poh,dankmemes,post,1553284951,negative
b49yxu,dankmemes,post,1553286237,negative
b4a0eb,dankmemes,post,1553286441,positive
b4aa47,dankmemes,post,1553287844,negative
b4ad0z,dankmemes,post,1553288268,neutral
b4aq9s,dankmemes,post,1553290144,negative
b4bjf1,dankmemes,post,1553294373,negative
b4bvsl,dankmemes,post,1553296245,negative
b4bvxn,dankmemes,post,1553296268,negative
b4c3pi,dankmemes,post,1553297467,neutral
b4c4iv,dankmemes,post,1553297602,negative
b4c5r5,dankmemes,post,1553297803,neutral
b4cdn1,dankmemes,post,1553299042,negative
b4cfke,dankmemes,post,1553299348,neutral
b4csyi,dankmemes,post,1553301554,negative
b4d4az,dankmemes,post,1553303469,negative
b4d56e,dankmemes,post,1553303627,negative
b4d86t,dankmemes,post,1553304152,neutral
b4de98,dankmemes,post,1553305247,neutral
b4df9l,dankmemes,post,1553305433,negative
b4dlrb,dankmemes,post,1553306616,negative
b4dmnm,dankmemes,post,1553306778,positive
b4e45a,dankmemes,post,1553309967,negative
b4e86i,dankmemes,post,1553310696,negative
b4ec9j,dankmemes,post,1553311440,negative
b4eeb5,dankmemes,post,1553311808,negative
b4el29,dankmemes,post,1553313080,negative
b4fdaj,dankmemes,post,1553318314,negative
b4femk,dankmemes,post,1553318580,negative
b4hemn,dankmemes,post,1553334583,positive
b4hmcr,dankmemes,post,1553336295,negative
b4ik8q,dankmemes,post,1553343649,negative
b4invu,dankmemes,post,1553344358,neutral
b4iota,dankmemes,post,1553344523,negative
b4ix0h,dankmemes,post,1553346089,negative
b4j6iv,dankmemes,post,1553347806,negative
b4j9vi,dankmemes,post,1553348412,negative
b4jd18,dankmemes,post,1553348969,neutral
b4k1o4,dankmemes,post,1553353061,negative
b4knuf,dankmemes,post,1553356426,neutral
b4koaf,dankmemes,post,1553356492,negative
b4kp1n,dankmemes,post,1553356601,negative
b4kq7u,dankmemes,post,1553356781,negative
b4kvjv,dankmemes,post,1553357518,negative
b4kwzy,dankmemes,post,1553357732,negative
b4l2lb,dankmemes,post,1553358531,neutral
b4l30n,dankmemes,post,1553358598,negative
b4lcy3,dankmemes,post,1553360029,negative
b4mj3c,dankmemes,post,1553366100,negative
b4mn71,dankmemes,post,1553366693,negative
b4most,dankmemes,post,1553366942,neutral
b4n0cb,dankmemes,post,1553368571,negative
b4na7a,dankmemes,post,1553370003,negative
b4nhc9,dankmemes,post,1553371047,neutral
b4nhr5,dankmemes,post,1553371111,negative
b4ninr,dankmemes,post,1553371243,negative
b4nt91,dankmemes,post,1553372774,negative
b4o57z,dankmemes,post,1553374594,negative
b4oacw,dankmemes,post,1553375403,negative
b4oelk,dankmemes,post,1553376110,negative
b4oqr4,dankmemes,post,1553378104,negative
b4p5fb,dankmemes,post,1553380555,neutral
b4pleu,dankmemes,post,1553383265,negative
b4q6r8,dankmemes,post,1553386932,neutral
b4qn6b,dankmemes,post,1553389869,negative
b4qrjg,dankmemes,post,1553390644,negative
b4qvou,dankmemes,post,1553391386,negative
b4r0x1,dankmemes,post,1553392278,negative
b4r6y6,dankmemes,post,1553393316,negative
b4ra3q,dankmemes,post,1553393858,neutral
b4rd77,dankmemes,post,1553394406,neutral
b4reqs,dankmemes,post,1553394674,neutral
b4rgve,dankmemes,post,1553395040,negative
b4rlsp,dankmemes,post,1553395898,negative
b4s07g,dankmemes,post,1553398577,neutral
b4s3gb,dankmemes,post,1553399202,negative
b4sc7c,dankmemes,post,1553400922,neutral
b4st67,dankmemes,post,1553404545,negative
b4t0h6,dankmemes,post,1553406231,positive
b4t375,dankmemes,post,1553406890,negative
b4tem8,dankmemes,post,1553409590,neutral
b4to8b,dankmemes,post,1553411979,neutral
b4tocx,dankmemes,post,1553412015,neutral
b4tqp5,dankmemes,post,1553412618,negative
b4tt5f,dankmemes,post,1553413269,negative
b4tyl6,dankmemes,post,1553414683,negative
b4u29a,dankmemes,post,1553415631,negative
b4uat3,dankmemes,post,1553417844,negative
b4udkm,dankmemes,post,1553418556,neutral
b4udt2,dankmemes,post,1553418611,negative
b4uk66,dankmemes,post,1553420249,neutral
b4unw2,dankmemes,post,1553421144,negative
b4v17l,dankmemes,post,1553424192,negative
b4v3wg,dankmemes,post,1553424814,neutral
b4v5ex,dankmemes,post,1553425175,positive
b4v755,dankmemes,post,1553425528,negative
b4vcca,dankmemes,post,1553426697,neutral
b4w0r4,dankmemes,post,1553431952,negative
b4x23w,dankmemes,post,1553438564,negative
b4x4ev,dankmemes,post,1553438933,negative
b4xlxg,dankmemes,post,1553441623,neutral
b4xnhu,dankmemes,post,1553441858,neutral
b4xuqy,dankmemes,post,1553442928,neutral
b4xy86,dankmemes,post,1553443425,negative
b4xyod,dankmemes,post,1553443495,neutral
b4xyqh,dankmemes,post,1553443504,negative
b4xzzv,dankmemes,post,1553443693,negative
b4y152,dankmemes,post,1553443869,neutral
b4y1jx,dankmemes,post,1553443925,negative
b4y1rx,dankmemes,post,1553443956,negative
b4yrnq,dankmemes,post,1553447725,negative
b4yvc8,dankmemes,post,1553448243,neutral
b4yw5k,dankmemes,post,1553448357,negative
b4zgbs,dankmemes,post,1553451167,neutral
b504j1,dankmemes,post,1553454577,negative
b50bgx,dankmemes,post,1553455543,negative
b50ddq,dankmemes,post,1553455786,negative
b50eoi,dankmemes,post,1553455968,negative
b50i82,dankmemes,post,1553456435,negative
b50scf,dankmemes,post,1553457752,neutral
b512gp,dankmemes,post,1553459113,negative
b513nq,dankmemes,post,1553459284,negative
b524b6,dankmemes,post,1553464482,negative
b525e0,dankmemes,post,1553464645,negative
b526wm,dankmemes,post,1553464876,negative
b52btz,dankmemes,post,1553465619,negative
b52c0j,dankmemes,post,1553465649,negative
b52fov,dankmemes,post,1553466213,negative
b52gdi,dankmemes,post,1553466316,negative
b52vk2,dankmemes,post,1553468645,neutral
b52wg1,dankmemes,post,1553468783,negative
b52x93,dankmemes,post,1553468905,neutral
b537vf,dankmemes,post,1553470560,positive
b53fp3,dankmemes,post,1553471807,negative
b53gem,dankmemes,post,1553471922,neutral
b53x65,dankmemes,post,1553474585,neutral
b5409e,dankmemes,post,1553475075,negative
b542wa,dankmemes,post,1553475493,neutral
b544k0,dankmemes,post,1553475761,negative
b5466p,dankmemes,post,1553476006,positive
b546ym,dankmemes,post,1553476126,neutral
b548wa,dankmemes,post,1553476425,negative
b54fkn,dankmemes,post,1553477507,neutral
b54fxc,dankmemes,post,1553477571,neutral
b54mam,dankmemes,post,1553478614,neutral
b54na9,dankmemes,post,1553478774,negative
b54oa3,dankmemes,post,1553478943,negative
b54q4r,dankmemes,post,1553479237,negative
b54sw5,dankmemes,post,1553479688,neutral
b54vxc,dankmemes,post,1553480195,neutral
b54y4h,dankmemes,post,1553480565,negative
b54yps,dankmemes,post,1553480668,neutral
b556ft,dankmemes,post,1553481945,neutral
b55a9e,dankmemes,post,1553482585,negative
b55luz,dankmemes,post,1553484608,negative
b55utd,dankmemes,post,1553486203,neutral
b55vjr,dankmemes,post,1553486330,negative
b56dbz,dankmemes,post,1553489567,negative
b56dld,dankmemes,post,1553489614,negative
b56dyp,dankmemes,post,1553489682,neutral
b56ogj,dankmemes,post,1553491791,negative
b56wzw,dankmemes,post,1553493600,negative
b57hax,dankmemes,post,1553498173,negative
b57kkk,dankmemes,post,1553498916,negative
b581bd,dankmemes,post,1553503048,negative
b581su,dankmemes,post,1553503165,negative
b584k3,dankmemes,post,1553503842,neutral
b58g5x,dankmemes,post,1553506411,negative
b58ok3,dankmemes,post,1553508050,negative
b58r33,dankmemes,post,1553508523,neutral
b58woc,dankmemes,post,1553509550,negative
b58xt7,dankmemes,post,1553509759,negative
b590mv,dankmemes,post,1553510304,negative
b59abu,dankmemes,post,1553512021,neutral
b59c92,dankmemes,post,1553512368,neutral
b59cv8,dankmemes,post,1553512476,neutral
b59dd0,dankmemes,post,1553512565,neutral
b59g5p,dankmemes,post,1553513053,neutral
b59hxi,dankmemes,post,1553513371,neutral
b59imw,dankmemes,post,1553513495,neutral
b59jju,dankmemes,post,1553513645,neutral
b59kf9,dankmemes,post,1553513787,neutral
b59kp1,dankmemes,post,1553513841,negative
b59qqq,dankmemes,post,1553514903,negative
b59x3j,dankmemes,post,1553515963,neutral
b5ah2p,dankmemes,post,1553519245,negative
b5ahvy,dankmemes,post,1553519373,negative
b5al3l,dankmemes,post,1553519862,negative
b5bcoa,dankmemes,post,1553524102,neutral
b5bvyt,dankmemes,post,1553526850,negative
b5cg2s,dankmemes,post,1553529612,negative
b5dbpx,dankmemes,post,1553533617,neutral
b5ddy0,dankmemes,post,1553533891,neutral
b5dlux,dankmemes,post,1553534864,negative
b5dp6i,dankmemes,post,1553535277,negative
b5ds27,dankmemes,post,1553535654,neutral
b5dxmr,dankmemes,post,1553536350,neutral
b5egdb,dankmemes,post,1553538736,negative
b5ehjh,dankmemes,post,1553538969,negative
b5ev4d,dankmemes,post,1553540770,negative
b5exd7,dankmemes,post,1553541057,negative
b5f166,dankmemes,post,1553541539,negative
b5f253,dankmemes,post,1553541663,neutral
b5f8p7,dankmemes,post,1553542483,negative
b5fd3x,dankmemes,post,1553543037,negative
b5fhtz,dankmemes,post,1553543646,negative
b5fkef,dankmemes,post,1553543978,negative
b5fmty,dankmemes,post,1553544302,neutral
b5fu8f,dankmemes,post,1553545275,neutral
b5g19i,dankmemes,post,1553546181,neutral
b5g718,dankmemes,post,1553546982,positive
b5glga,dankmemes,post,1553548840,negative
b5gqtf,dankmemes,post,1553549533,neutral
b5h4sl,dankmemes,post,1553551399,negative
b5hloh,dankmemes,post,1553553652,negative
b5i99v,dankmemes,post,1553557091,negative
b5ia4m,dankmemes,post,1553557223,negative
b5imh3,dankmemes,post,1553559074,neutral
b5isag,dankmemes,post,1553559910,negative
b5iuem,dankmemes,post,1553560235,negative
b5j9ol,dankmemes,post,1553562503,negative
b5jakz,dankmemes,post,1553562635,negative
b5jmhw,dankmemes,post,1553564445,negative
b5jnw6,dankmemes,post,1553564663,neutral
b5jxev,dankmemes,post,1553566171,negative
b5kfu1,dankmemes,post,1553569176,neutral
b5kfzc,dankmemes,post,1553569201,negative
b5l4ch,dankmemes,post,1553573585,negative
b5lhs6,dankmemes,post,1553576059,negative
b5lny7,dankmemes,post,1553577241,negative
b5lt5a,dankmemes,post,1553578216,negative
b5lyxl,dankmemes,post,1553579373,negative
b5m89q,dankmemes,post,1553581299,negative
b5mktk,dankmemes,post,1553584013,negative
b5mqst,dankmemes,post,1553585335,negative
b5n08r,dankmemes,post,1553587669,neutral
b5n2o4,dankmemes,post,1553588237,neutral
b5n3hl,dankmemes,post,1553588427,negative
b5n6sr,dankmemes,post,1553589266,negative
b5nqht,dankmemes,post,1553593916,negative
b5nr5o,dankmemes,post,1553594071,negative
b5nv3w,dankmemes,post,1553594973,negative
b5nx75,dankmemes,post,1553595435,negative
b5o1xv,dankmemes,post,1553596490,neutral
b5o6r0,dankmemes,post,1553597444,negative
b5ow5a,dankmemes,post,1553602078,negative
b5p0o5,dankmemes,post,1553602866,neutral
b5p2dg,dankmemes,post,1553603164,neutral
b5pfe8,dankmemes,post,1553605301,neutral
b5pjwn,dankmemes,post,1553606014,negative
b5pu2e,dankmemes,post,1553607597,negative
b5puz2,dankmemes,post,1553607746,negative
b5q07c,dankmemes,post,1553608555,negative
b5qoov,dankmemes,post,1553612186,negative
b5qrbn,dankmemes,post,1553612553,negative
b5qu47,dankmemes,post,1553612934,negative
b5qu7q,dankmemes,post,1553612950,negative
b5r9m6,dankmemes,post,1553615012,negative
b5rany,dankmemes,post,1553615149,negative
b5rf5l,dankmemes,post,1553615756,negative
b5rr0i,dankmemes,post,1553617322,negative
b5rvvu,dankmemes,post,1553617960,negative
b5s8cb,dankmemes,post,1553619667,negative
b5sbw9,dankmemes,post,1553620132,negative
b5sk4p,dankmemes,post,1553621269,neutral
b5ssz6,dankmemes,post,1553622500,negative
b5styr,dankmemes,post,1553622637,negative
b5sx3e,dankmemes,post,1553623062,neutral
b5szfr,dankmemes,post,1553623353,negative
b5tasc,dankmemes,post,1553624830,negative
b5tkw5,dankmemes,post,1553626178,negative
b5txkn,dankmemes,post,1553627873,neutral
b5u07j,dankmemes,post,1553628220,negative
b5u0n4,dankmemes,post,1553628277,negative
b5u6d6,dankmemes,post,1553629012,neutral
b5uao1,dankmemes,post,1553629598,negative
b5uaqj,dankmemes,post,1553629608,negative
b5uawl,dankmemes,post,1553629633,negative
b5uyjc,dankmemes,post,1553632806,negative
b5v9al,dankmemes,post,1553634234,negative
b5vv5h,dankmemes,post,1553637232,neutral
b5w1j4,dankmemes,post,1553638092,negative
b5w8an,dankmemes,post,1553639044,neutral
b5wbna,dankmemes,post,1553639520,neutral
b5wzw4,dankmemes,post,1553643084,negative
b5x68c,dankmemes,post,1553644069,negative
b5ya1q,dankmemes,post,1553650216,neutral
b5yfm6,dankmemes,post,1553651126,neutral
b5yij8,dankmemes,post,1553651610,neutral
b5ylxv,dankmemes,post,1553652163,neutral
b5z000,dankmemes,post,1553654493,negative
b5z3ya,dankmemes,post,1553655185,negative
b5z51d,dankmemes,post,1553655360,negative
b5z97k,dankmemes,post,1553656080,negative
b5zemq,dankmemes,post,1553657038,positive
b5zlq0,dankmemes,post,1553658319,neutral
b5zmgl,dankmemes,post,1553658457,neutral
b5zmiv,dankmemes,post,1553658470,negative
b5zplq,dankmemes,post,1553659052,neutral
b5zufo,dankmemes,post,1553659917,neutral
b5zydb,dankmemes,post,1553660658,negative
b5zygx,dankmemes,post,1553660673,negative
b60bbn,dankmemes,post,1553663156,neutral
b610kh,dankmemes,post,1553668366,neutral
b611pf,dankmemes,post,1553668599,negative
b61232,dankmemes,post,1553668681,negative
b613mh,dankmemes,post,1553669005,neutral
b615hp,dankmemes,post,1553669390,negative
b615o2,dankmemes,post,1553669423,neutral
b61rbt,dankmemes,post,1553674224,negative
b620e5,dankmemes,post,1553676389,neutral
b626zj,dankmemes,post,1553677860,negative
b62768,dankmemes,post,1553677898,neutral
b627h8,dankmemes,post,1553677968,negative
b627yv,dankmemes,post,1553678081,negative
b628kk,dankmemes,post,1553678202,negative
b62ga8,dankmemes,post,1553679893,negative
b62mwy,dankmemes,post,1553681306,negative
b62ow9,dankmemes,post,1553681725,negative
b630ff,dankmemes,post,1553684102,negative
b633wf,dankmemes,post,1553684714,neutral
b634hr,dankmemes,post,1553684831,negative
b63jub,dankmemes,post,1553687671,negative
b63vc3,dankmemes,post,1553689678,negative
b642gp,dankmemes,post,1553690880,negative
b643l6,dankmemes,post,1553691073,negative
b645bi,dankmemes,post,1553691357,neutral
b646tt,dankmemes,post,1553691616,negative
b64umm,dankmemes,post,1553695306,negative
b64zq1,dankmemes,post,1553696058,neutral
b65ngi,dankmemes,post,1553700360,negative
b65pyf,dankmemes,post,1553700830,neutral
b65r98,dankmemes,post,1553701084,neutral
b65sdi,dankmemes,post,1553701318,negative
b66j1j,dankmemes,post,1553705220,negative
b67h7c,dankmemes,post,1553709754,negative
b684ez,dankmemes,post,1553712856,negative
b68jhg,dankmemes,post,1553714874,neutral
b68oa2,dankmemes,post,1553715505,negative
b68r1f,dankmemes,post,1553715863,negative
b68w20,dankmemes,post,1553716551,negative
b695up,dankmemes,post,1553717865,negative
b69j1l,dankmemes,post,1553719659,negative
b69n5u,dankmemes,post,1553720224,neutral
b69nuc,dankmemes,post,1553720308,neutral
b69t39,dankmemes,post,1553720988,neutral
b6a05o,dankmemes,post,1553721939,negative
b6abv3,dankmemes,post,1553723428,neutral
b6arxf,dankmemes,post,1553725640,negative
b6awhk,dankmemes,post,1553726309,negative
b6b01a,dankmemes,post,1553726810,negative
b6bc1j,dankmemes,post,1553728584,negative
b6bdct,dankmemes,post,1553728794,neutral
b6bmf6,dankmemes,post,1553730194,negative
b6codg,dankmemes,post,1553736303,negative
b6df2d,dankmemes,post,1553740789,neutral
b6dfqr,dankmemes,post,1553740903,negative
b6dxp5,dankmemes,post,1553744103,negative
b6e1os,dankmemes,post,1553744879,negative
b6esby,dankmemes,post,1553750106,negative
b6eu1u,dankmemes,post,1553750459,neutral
b6eui9,dankmemes,post,1553750558,negative
b6f01c,dankmemes,post,1553751710,negative
b6f3ob,dankmemes,post,1553752510,neutral
b6fak0,dankmemes,post,1553753988,negative
b6ffdq,dankmemes,post,1553755080,neutral
b6fr06,dankmemes,post,1553757600,negative
b6g4wu,dankmemes,post,1553760878,positive
b6gexb,dankmemes,post,1553763348,negative
b6h1yp,dankmemes,post,1553768495,negative
b6h4cs,dankmemes,post,1553768993,negative
b6hiwy,dankmemes,post,1553771834,neutral
b6hvtb,dankmemes,post,1553774269,neutral
b6hzch,dankmemes,post,1553774898,negative
b6i302,dankmemes,post,1553775551,negative
b6i4x6,dankmemes,post,1553775885,negative
b6ilyf,dankmemes,post,1553778671,neutral
b6imgm,dankmemes,post,1553778753,neutral
b6iwd5,dankmemes,post,1553780309,negative
b6ixyr,dankmemes,post,1553780557,neutral
b6jdul,dankmemes,post,1553782905,negative
b6jjzm,dankmemes,post,1553783801,negative
b6jk7d,dankmemes,post,1553783832,negative
b6jpuv,dankmemes,post,1553784654,positive
b6jrkm,dankmemes,post,1553784904,neutral
b6jtap,dankmemes,post,1553785141,neutral
b6jtjo,dankmemes,post,1553785178,negative
b6jv3l,dankmemes,post,1553785380,neutral
b6jwl8,dankmemes,post,1553785573,neutral
b6jxqe,dankmemes,post,1553785731,neutral
b6k3vh,dankmemes,post,1553786551,negative
b6k8mh,dankmemes,post,1553787194,neutral
b6ko1d,dankmemes,post,1553789260,negative
b6ko20,dankmemes,post,1553789262,neutral
b6kqeu,dankmemes,post,1553789575,neutral
b6ks1h,dankmemes,post,1553789793,neutral
b6kt6k,dankmemes,post,1553789940,neutral
b6kvfs,dankmemes,post,1553790249,negative
b6l3xw,dankmemes,post,1553791378,negative
b6lnc1,dankmemes,post,1553793963,negative
b6luku,dankmemes,post,1553794954,negative
b6lzd9,dankmemes,post,1553795618,neutral
b6m2m4,dankmemes,post,1553796060,negative
b6m4ae,dankmemes,post,1553796282,negative
b6ma6l,dankmemes,post,1553797078,neutral
b6mc0j,dankmemes,post,1553797323,negative
b6mcnm,dankmemes,post,1553797420,negative
b6mjrh,dankmemes,post,1553798414,negative
b6mqnu,dankmemes,post,1553799365,neutral
b6mye2,dankmemes,post,1553800404,neutral
b6nfb3,dankmemes,post,1553802667,negative
b6nr78,dankmemes,post,1553804312,neutral
b6nx3m,dankmemes,post,1553805138,negative
b6o0un,dankmemes,post,1553805668,negative
b6o329,dankmemes,post,1553805962,negative
b6oazt,dankmemes,post,1553807062,negative
b6oced,dankmemes,post,1553807250,negative
b6odqk,dankmemes,post,1553807429,negative
b6ohif,dankmemes,post,1553807931,neutral
b6onnz,dankmemes,post,1553808795,negative
b6owt6,dankmemes,post,1553810098,negative
b6p2fh,dankmemes,post,1553810876,negative
b6p3r1,dankmemes,post,1553811063,negative
b6p55r,dankmemes,post,1553811265,neutral
b6p7zq,dankmemes,post,1553811666,negative
b6pi3p,dankmemes,post,1553813099,negative
b6pwv5,dankmemes,post,1553815251,neutral
b6py55,dankmemes,post,1553815447,neutral
b6q2zc,dankmemes,post,1553816169,negative
b6q6r7,dankmemes,post,1553816746,neutral
b6qcav,dankmemes,post,1553817591,negative
b6qi1c,dankmemes,post,1553818471,neutral
b6qjwf,dankmemes,post,1553818759,negative
b6qmho,dankmemes,post,1553819163,negative
b6qohy,dankmemes,post,1553819490,neutral
b6qoib,dankmemes,post,1553819491,negative
b6qsyz,dankmemes,post,1553820193,negative
b6qufn,dankmemes,post,1553820431,neutral
b6qwty,dankmemes,post,1553820823,neutral
b6qydq,dankmemes,post,1553821089,negative
b6r7bf,dankmemes,post,1553822530,negative
b6ra2b,dankmemes,post,1553822987,negative
b6rcsl,dankmemes,post,1553823445,negative
b6rere,dankmemes,post,1553823785,neutral
b6rksj,dankmemes,post,1553824811,negative
b6rmxu,dankmemes,post,1553825164,negative
b6rt9p,dankmemes,post,1553826242,positive
b6s22x,dankmemes,post,1553827773,negative
b6s2ec,dankmemes,post,1553827828,negative
b6sa5v,dankmemes,post,1553829211,negative
b6sc71,dankmemes,post,1553829575,negative
b6sez7,dankmemes,post,1553830101,negative
b6skk0,dankmemes,post,1553831149,negative
b6ss75,dankmemes,post,1553832626,negative
b6sukr,dankmemes,post,1553833083,neutral
b6suv4,dankmemes,post,1553833138,neutral
b6svce,dankmemes,post,1553833236,neutral
b6sx28,dankmemes,post,1553833581,negative
b6sxtv,dankmemes,post,1553833746,negative
b6t0ti,dankmemes,post,1553834367,neutral
b6t37c,dankmemes,post,1553834872,neutral
b6t76q,dankmemes,post,1553835713,negative
b6ta8v,dankmemes,post,1553836341,negative
b6tcl3,dankmemes,post,1553836850,negative
b6td5x,dankmemes,post,1553836974,neutral
b6tda2,dankmemes,post,1553836997,negative
b6tdxf,dankmemes,post,1553837139,neutral
b6tf7y,dankmemes,post,1553837422,negative
b6tfju,dankmemes,post,1553837488,neutral
b6tg3o,dankmemes,post,1553837603,negative
b6tlan,dankmemes,post,1553838759,negative
b6tm6h,dankmemes,post,1553838960,negative
b6twf7,dankmemes,post,1553841317,neutral
b6tz07,dankmemes,post,1553841924,negative
b6tz3v,dankmemes,post,1553841943,negative
b6u03g,dankmemes,post,1553842174,negative
b6u0lb,dankmemes,post,1553842289,negative
b6u110,dankmemes,post,1553842395,negative
b6u8av,dankmemes,post,1553844013,negative
b6u8i7,dankmemes,post,1553844055,negative
b6u8pm,dankmemes,post,1553844104,neutral
b6uase,dankmemes,post,1553844622,negative
b6uc9i,dankmemes,post,1553844985,neutral
b6ucam,dankmemes,post,1553844991,neutral
b6uccw,dankmemes,post,1553845004,negative
b6ucf5,dankmemes,post,1553845018,negative
b6udc0,dankmemes,post,1553845234,negative
b6udqs,dankmemes,post,1553845340,negative
b6uf7u,dankmemes,post,1553845715,negative
b6ug1s,dankmemes,post,1553845927,negative
b6ugir,dankmemes,post,1553846049,negative
b6ugj0,dankmemes,post,1553846051,negative
b6ugz0,dankmemes,post,1553846161,negative
b6uh84,dankmemes,post,1553846227,neutral
b6ujnk,dankmemes,post,1553846834,negative
b6ujz1,dankmemes,post,1553846921,neutral
b6ulev,dankmemes,post,1553847299,neutral
b6ulmr,dankmemes,post,1553847357,negative
b6ulvy,dankmemes,post,1553847421,negative
b6umtx,dankmemes,post,1553847658,neutral
b6uo31,dankmemes,post,1553847986,neutral
b6urwu,dankmemes,post,1553848935,negative
b6ustc,dankmemes,post,1553849146,neutral
b6v08s,dankmemes,post,1553850903,negative
b6v14a,dankmemes,post,1553851085,negative
b6v5rv,dankmemes,post,1553852093,negative
b6v5vv,dankmemes,post,1553852119,negative
b6v69o,dankmemes,post,1553852202,negative
b6v91m,dankmemes,post,1553852797,negative
b6v9aa,dankmemes,post,1553852849,negative
b6vam7,dankmemes,post,1553853155,neutral
b6vasj,dankmemes,post,1553853196,negative
b6vd5k,dankmemes,post,1553853710,neutral
b6vhbp,dankmemes,post,1553854592,negative
b6vkrf,dankmemes,post,1553855318,negative
b6vp0h,dankmemes,post,1553856197,negative
b6vq8e,dankmemes,post,1553856425,neutral
b6vv1v,dankmemes,post,1553857342,positive
b6vw0c,dankmemes,post,1553857492,neutral
b6vxdu,dankmemes,post,1553857737,negative
b6w0sk,dankmemes,post,1553858361,neutral
b6w1kw,dankmemes,post,1553858499,negative
b6w2ee,dankmemes,post,1553858653,neutral
b6we33,dankmemes,post,1553860813,negative
b6wfjh,dankmemes,post,1553861067,negative
b6whqu,dankmemes,post,1553861476,negative
b6whxq,dankmemes,post,1553861511,neutral
b6wjyn,dankmemes,post,1553861876,negative
b6wm1n,dankmemes,post,1553862263,negative
b6wnt6,dankmemes,post,1553862597,negative
b6wntn,dankmemes,post,1553862600,negative
b6wqsz,dankmemes,post,1553863106,negative
b6ws8w,dankmemes,post,1553863350,negative
b6wu88,dankmemes,post,1553863675,negative
b6wui7,dankmemes,post,1553863716,neutral
b6wune,dankmemes,post,1553863741,negative
b6wv4w,dankmemes,post,1553863817,negative
b6wv7g,dankmemes,post,1553863828,negative
b6wvzu,dankmemes,post,1553863957,negative
b6wwrx,dankmemes,post,1553864080,negative
b6wwvd,dankmemes,post,1553864094,neutral
b6wx6j,dankmemes,post,1553864140,negative
b6wx8c,dankmemes,post,1553864148,negative
b6wxow,dankmemes,post,1553864216,negative
b6wyc3,dankmemes,post,1553864320,negative
b6wyfh,dankmemes,post,1553864336,negative
b6wywd,dankmemes,post,1553864410,negative
b6x240,dankmemes,post,1553864909,negative
b6x37v,dankmemes,post,1553865080,negative
b6x4i6,dankmemes,post,1553865278,neutral
b6x8ys,dankmemes,post,1553865965,negative
b6x950,dankmemes,post,1553865989,neutral
b6xc5r,dankmemes,post,1553866465,neutral
b6xiut,dankmemes,post,1553867505,negative
b6xmge,dankmemes,post,1553868030,negative
b6xslf,dankmemes,post,1553868895,negative
b6xtl2,dankmemes,post,1553869032,negative
b6xu71,dankmemes,post,1553869118,negative
b6xv9y,dankmemes,post,1553869273,negative
b6xvjl,dankmemes,post,1553869315,negative
b6xxme,dankmemes,post,1553869633,neutral
b6y0kg,dankmemes,post,1553870044,negative
b6y1zn,dankmemes,post,1553870248,negative
b6y35t,dankmemes,post,1553870421,negative
b6y370,dankmemes,post,1553870427,negative
b6y3ei,dankmemes,post,1553870457,negative
b6y567,dankmemes,post,1553870706,negative
b6y9ut,dankmemes,post,1553871366,neutral
b6ybcl,dankmemes,post,1553871567,negative
b6ycy6,dankmemes,post,1553871779,negative
b6yekf,dankmemes,post,1553871998,negative
b6yeoq,dankmemes,post,1553872015,negative
b6yja3,dankmemes,post,1553872622,negative
b6yn6r,dankmemes,post,1553873163,negative
b6ynt1,dankmemes,post,1553873249,negative
b6ywym,dankmemes,post,1553874549,negative
b6yxld,dankmemes,post,1553874635,negative
b6z17u,dankmemes,post,1553875159,negative
b6z2w2,dankmemes,post,1553875379,negative
b6z896,dankmemes,post,1553876112,neutral
b6z8yo,dankmemes,post,1553876211,negative
b6z9j9,dankmemes,post,1553876290,neutral
b6zcl8,dankmemes,post,1553876742,negative
b6ze4g,dankmemes,post,1553876937,neutral
b6zfye,dankmemes,post,1553877182,neutral
b6zg71,dankmemes,post,1553877216,negative
b6zgup,dankmemes,post,1553877310,negative
b6zh2p,dankmemes,post,1553877341,negative
b6zk06,dankmemes,post,1553877758,negative
b6zmwr,dankmemes,post,1553878146,negative
b6zp9m,dankmemes,post,1553878474,negative
b6zpt6,dankmemes,post,1553878550,neutral
b6zswx,dankmemes,post,1553878974,neutral
b6zt9y,dankmemes,post,1553879023,negative
b6ztwo,dankmemes,post,1553879112,negative
b6zuug,dankmemes,post,1553879244,neutral
b6zw68,dankmemes,post,1553879427,negative
b6zwtc,dankmemes,post,1553879516,negative
b6zx7b,dankmemes,post,1553879570,neutral
b6zxf2,dankmemes,post,1553879601,neutral
b6zza8,dankmemes,post,1553879853,negative
b702hl,dankmemes,post,1553880312,neutral
b705sq,dankmemes,post,1553880772,negative
b706lb,dankmemes,post,1553880872,negative
b707oy,dankmemes,post,1553881019,negative
b707y5,dankmemes,post,1553881054,negative
b70axe,dankmemes,post,1553881450,negative
b70cz7,dankmemes,post,1553881724,negative
b70dpp,dankmemes,post,1553881823,positive
b70jed,dankmemes,post,1553882589,negative
b70k23,dankmemes,post,1553882667,negative
b70kag,dankmemes,post,1553882696,neutral
b70mvm,dankmemes,post,1553883060,negative
b70nx1,dankmemes,post,1553883214,negative
b70tiw,dankmemes,post,1553883989,negative
b70w7n,dankmemes,post,1553884360,negative
b7109n,dankmemes,post,1553884930,negative
b71edj,dankmemes,post,1553886885,neutral
b71hnx,dankmemes,post,1553887342,negative
b71vjc,dankmemes,post,1553889301,neutral
b71zhu,dankmemes,post,1553889843,negative
b726qg,dankmemes,post,1553890871,negative
b72afh,dankmemes,post,1553891391,negative
b72b74,dankmemes,post,1553891498,negative
b72i7r,dankmemes,post,1553892499,negative
b72jl3,dankmemes,post,1553892705,neutral
b72m5r,dankmemes,post,1553893096,negative
b72q7s,dankmemes,post,1553893672,neutral
b72qbj,dankmemes,post,1553893688,negative
b72zij,dankmemes,post,1553895022,neutral
b7311f,dankmemes,post,1553895239,negative
b732ok,dankmemes,post,1553895476,negative
b733hz,dankmemes,post,1553895605,negative
b733lv,dankmemes,post,1553895621,negative
b733wg,dankmemes,post,1553895667,neutral
b733z4,dankmemes,post,1553895679,negative
b735uu,dankmemes,post,1553895970,negative
b7366l,dankmemes,post,1553896016,negative
b737lx,dankmemes,post,1553896238,negative
b7380b,dankmemes,post,1553896299,neutral
b738b0,dankmemes,post,1553896347,negative
b738mr,dankmemes,post,1553896396,negative
b73fpt,dankmemes,post,1553897427,negative
b73i4f,dankmemes,post,1553897797,negative
b73tdd,dankmemes,post,1553899521,negative
b73wqk,dankmemes,post,1553900064,negative
b743ea,dankmemes,post,1553901063,negative
b746hc,dankmemes,post,1553901526,neutral
b74h6t,dankmemes,post,1553903273,neutral
b74her,dankmemes,post,1553903310,negative
b74j2e,dankmemes,post,1553903582,negative
b74pgy,dankmemes,post,1553904635,negative
b74rlc,dankmemes,post,1553904961,neutral
b74si4,dankmemes,post,1553905108,negative
b74stv,dankmemes,post,1553905162,negative
b74wc0,dankmemes,post,1553905738,negative
b757ph,dankmemes,post,1553907683,negative
b7587x,dankmemes,post,1553907769,negative
b75l5c,dankmemes,post,1553910012,neutral
b75zlj,dankmemes,post,1553912585,negative
b764ef,dankmemes,post,1553913437,negative
b76dv4,dankmemes,post,1553915162,negative
b76rua,dankmemes,post,1553917944,neutral
b76v49,dankmemes,post,1553918610,negative
b771ew,dankmemes,post,1553919813,negative
b771s5,dankmemes,post,1553919885,negative
b7739j,dankmemes,post,1553920177,negative
b777ma,dankmemes,post,1553921048,neutral
b77eh9,dankmemes,post,1553922347,negative
b77fk4,dankmemes,post,1553922552,negative
b77ii1,dankmemes,post,1553923149,negative
b77j6b,dankmemes,post,1553923282,negative
b77lth,dankmemes,post,1553923838,negative
b77mjb,dankmemes,post,1553923984,negative
b77yv7,dankmemes,post,1553926569,negative
b783e6,dankmemes,post,1553927539,neutral
b78734,dankmemes,post,1553928349,neutral
b78836,dankmemes,post,1553928563,negative
b78g0h,dankmemes,post,1553930408,negative
b78hmj,dankmemes,post,1553930777,negative
b78i60,dankmemes,post,1553930904,negative
b78jgm,dankmemes,post,1553931194,negative
b78rtq,dankmemes,post,1553933225,negative
b78yhl,dankmemes,post,1553934853,negative
b7913j,dankmemes,post,1553935503,negative
b793e0,dankmemes,post,1553936087,positive
b794c2,dankmemes,post,1553936337,negative
b794z2,dankmemes,post,1553936486,negative
b799u0,dankmemes,post,1553937655,negative
b79ai0,dankmemes,post,1553937831,negative
b79dqj,dankmemes,post,1553938589,neutral
b79dvj,dankmemes,post,1553938619,neutral
b79eat,dankmemes,post,1553938724,negative
b79gup,dankmemes,post,1553939320,neutral
b79s5j,dankmemes,post,1553941789,negative
b79ug4,dankmemes,post,1553942292,neutral
b79ul4,dankmemes,post,1553942321,negative
b79vze,dankmemes,post,1553942630,neutral
b7a5us,dankmemes,post,1553944785,negative
b7a77p,dankmemes,post,1553945079,negative
b7a7i3,dankmemes,post,1553945139,negative
b7aaoq,dankmemes,post,1553945824,negative
b7abvv,dankmemes,post,1553946086,negative
b7aess,dankmemes,post,1553946703,negative
b7aglc,dankmemes,post,1553947076,negative
b7agvt,dankmemes,post,1553947131,negative
b7agyh,dankmemes,post,1553947146,negative
b7am6c,dankmemes,post,1553948122,negative
b7anlf,dankmemes,post,1553948386,negative
b7aqft,dankmemes,post,1553948936,negative
b7aqi7,dankmemes,post,1553948950,neutral
b7ar85,dankmemes,post,1553949082,negative
b7aswt,dankmemes,post,1553949396,neutral
b7au82,dankmemes,post,1553949658,negative
b7az46,dankmemes,post,1553950584,negative
b7b2qx,dankmemes,post,1553951236,negative
b7b5x1,dankmemes,post,1553951804,negative
b7b62u,dankmemes,post,1553951833,neutral
b7b6np,dankmemes,post,1553951935,negative
b7b72o,dankmemes,post,1553952011,negative
b7b7e6,dankmemes,post,1553952073,negative
b7b7wo,dankmemes,post,1553952164,negative
b7b9cz,dankmemes,post,1553952432,negative
b7bcpl,dankmemes,post,1553953014,negative
b7br10,dankmemes,post,1553955406,neutral
b7brjc,dankmemes,post,1553955491,negative
b7bwux,dankmemes,post,1553956316,negative
b7c2ll,dankmemes,post,1553957237,neutral
b7c8yy,dankmemes,post,1553958250,negative
b7cajc,dankmemes,post,1553958519,negative
b7ccjf,dankmemes,post,1553958861,negative
b7cer0,dankmemes,post,1553959228,negative
b7cflh,dankmemes,post,1553959367,negative
b7cn46,dankmemes,post,1553960681,positive
b7codu,dankmemes,post,1553960898,negative
b7cr50,dankmemes,post,1553961376,negative
b7cuyo,dankmemes,post,1553961998,neutral
b7cxc4,dankmemes,post,1553962378,negative
b7d231,dankmemes,post,1553963162,neutral
b7d41n,dankmemes,post,1553963478,negative
b7d5of,dankmemes,post,1553963740,neutral
b7d7i2,dankmemes,post,1553964022,negative
b7dljc,dankmemes,post,1553966253,negative
b7ds84,dankmemes,post,1553967332,negative
b7dwsm,dankmemes,post,1553968092,neutral
b7dyex,dankmemes,post,1553968366,negative
b7dyyf,dankmemes,post,1553968450,neutral
b7e0pa,dankmemes,post,1553968730,negative
b7e33b,dankmemes,post,1553969090,neutral
b7e60n,dankmemes,post,1553969542,negative
b7e66h,dankmemes,post,1553969563,negative
b7ef03,dankmemes,post,1553970944,negative
b7ev68,dankmemes,post,1553973403,negative
b7ezjj,dankmemes,post,1553974076,negative
b7f42r,dankmemes,post,1553974783,neutral
b7f4tx,dankmemes,post,1553974904,positive
b7fjsk,dankmemes,post,1553977275,negative
b7fklw,dankmemes,post,1553977399,negative
b7frpu,dankmemes,post,1553978537,neutral
b7g13t,dankmemes,post,1553980071,negative
b7g382,dankmemes,post,1553980409,negative
b7g6gx,dankmemes,post,1553980955,positive
b7g7xa,dankmemes,post,1553981192,negative
b7gbvy,dankmemes,post,1553981866,neutral
b7gfge,dankmemes,post,1553982457,negative
b7ghdw,dankmemes,post,1553982794,neutral
b7ghzh,dankmemes,post,1553982889,negative
b7gi9n,dankmemes,post,1553982942,neutral
b7gnp3,dankmemes,post,1553983874,negative
b7gp0l,dankmemes,post,1553984110,negative
b7gplg,dankmemes,post,1553984210,neutral
b7gq2m,dankmemes,post,1553984288,neutral
b7gqqr,dankmemes,post,1553984407,negative
b7gqtn,dankmemes,post,1553984423,negative
b7gqyu,dankmemes,post,1553984449,neutral
b7grzh,dankmemes,post,1553984629,negative
b7gxqt,dankmemes,post,1553985622,negative
b7h98w,dankmemes,post,1553987643,negative
b7hc5j,dankmemes,post,1553988184,negative
b7hgri,dankmemes,post,1553989021,negative
b7hh3o,dankmemes,post,1553989082,negative
b7howf,dankmemes,post,1553990497,neutral
b7hoz6,dankmemes,post,1553990513,negative
b7hpmj,dankmemes,post,1553990644,neutral
b7i3ur,dankmemes,post,1553993307,negative
b7iero,dankmemes,post,1553995377,negative
b7ih8b,dankmemes,post,1553995838,negative
b7imzy,dankmemes,post,1553996958,negative
b7ixh9,dankmemes,post,1553999065,negative
b7j4cp,dankmemes,post,1554000463,negative
b7j58p,dankmemes,post,1554000650,negative
b7j5tw,dankmemes,post,1554000768,negative
b7jbph,dankmemes,post,1554002022,negative
b7jhf1,dankmemes,post,1554003211,negative
b7jp5l,dankmemes,post,1554004888,negative
b7k4ja,dankmemes,post,1554008253,positive
b7k5pr,dankmemes,post,1554008527,negative
b7kf61,dankmemes,post,1554010678,negative
b7ktod,dankmemes,post,1554014279,negative
b7l7oh,dankmemes,post,1554017815,neutral
b7l9ir,dankmemes,post,1554018313,negative
b7lcvb,dankmemes,post,1554019194,negative
b7lj7k,dankmemes,post,1554020815,negative
b7m8h0,dankmemes,post,1554027164,negative
b7me4s,dankmemes,post,1554028523,neutral
b7mhfl,dankmemes,post,1554029306,negative
b7mms7,dankmemes,post,1554030529,negative
b7mmtt,dankmemes,post,1554030540,negative
b7muh4,dankmemes,post,1554032254,neutral
b7mw6v,dankmemes,post,1554032638,negative
b7mzbu,dankmemes,post,1554033332,negative
b7nniu,dankmemes,post,1554038260,neutral
b7ns9k,dankmemes,post,1554039140,negative
b7nted,dankmemes,post,1554039366,neutral
b7nymi,dankmemes,post,1554040297,negative
b7nza6,dankmemes,post,1554040411,negative
b7nzd1,dankmemes,post,1554040426,neutral
b7o699,dankmemes,post,1554041593,negative
b7o6hm,dankmemes,post,1554041632,negative
b7o7c3,dankmemes,post,1554041773,neutral
b7ofjn,dankmemes,post,1554043113,negative
b7ofuu,dankmemes,post,1554043165,negative
b7ojh5,dankmemes,post,1554043763,negative
b7ojuw,dankmemes,post,1554043823,negative
b7okoj,dankmemes,post,1554043966,negative
b7ol9s,dankmemes,post,1554044064,negative
b7ols9,dankmemes,post,1554044151,negative
b7oy29,dankmemes,post,1554046216,negative
b7oy90,dankmemes,post,1554046244,negative
b7oydl,dankmemes,post,1554046265,negative
b7p86v,dankmemes,post,1554047927,neutral
b7pe77,dankmemes,post,1554048895,neutral
b7pm0k,dankmemes,post,1554050114,neutral
b7po8b,dankmemes,post,1554050458,neutral
b7pq4e,dankmemes,post,1554050753,negative
b7pygl,dankmemes,post,1554051978,neutral
b7q1n9,dankmemes,post,1554052425,negative
b7q2zo,dankmemes,post,1554052615,negative
b7qr8r,dankmemes,post,1554056032,neutral
b7r30h,dankmemes,post,1554057749,negative
b7r7vt,dankmemes,post,1554058456,neutral
b7rc0j,dankmemes,post,1554059035,neutral
b7rcfv,dankmemes,post,1554059100,neutral
b7rsyv,dankmemes,post,1554061437,negative
b7s1sg,dankmemes,post,1554062680,neutral
b7spg8,dankmemes,post,1554066058,neutral
b7t776,dankmemes,post,1554068615,neutral
b7t79b,dankmemes,post,1554068626,negative
b7t9mu,dankmemes,post,1554068988,neutral
b7tic8,dankmemes,post,1554070340,negative
b7tiir,dankmemes,post,1554070367,neutral
b7tzfp,dankmemes,post,1554073114,negative
b7u28i,dankmemes,post,1554073568,neutral
b7u48d,dankmemes,post,1554073882,negative
b7u9ra,dankmemes,post,1554074766,negative
b7ub93,dankmemes,post,1554075006,neutral
b3v8qw,dankmemes,post,1553198479,positive
b3glq6,dankmemes,post,1553111836,negative
b3kgbu,dankmemes,post,1553131851,negative
ax1z61,denvernuggets,post,1551667680,neutral
b5quv0,france,post,1553613033,negative
b2xj1n,gatekeeping,post,1553002766,negative
b38pcy,help,post,1553064283,negative
aw4mdp,london,post,1551445240,neutral
b7n7gl,memes,post,1554035053,neutral
b4vl7x,notinteresting,post,1553428703,neutral
b5rh65,pcgaming,post,1553616015,negative
aw0wrp,redditrequest,post,1551416876,neutral
az2274,redditrequest,post,1552126386,neutral
awlpq1,redditrequest,post,1551557157,positive
b241ta,redditrequest,post,1552820168,neutral
b2vxqx,redditrequest,post,1552992707,neutral
b13zmi,redditrequest,post,1552588695,neutral
b3m8nf,redditrequest,post,1553142561,neutral
b38ds9,unpopularopinion,post,1553061793,negative
b0t0z5,weekendgunnit,post,1552519755,neutral
b66s4i,Advice,post,1553706424,neutral
b0ey3k,ApplyingToCollege,post,1552434325,neutral
b4igdt,ApplyingToCollege,post,1553342860,neutral
axbtym,BPD,post,1551730871,neutral
b55xlu,Braincels,post,1553486687,neutral
azcvm7,DDLC,post,1552198020,neutral
b6p6zr,Fantasy,post,1553811525,negative
ayji1x,FashionReps,post,1552002648,positive
b6b38w,Flyers,post,1553727285,negative
b2nffe,LAlist,post,1552939913,positive
azjs1r,Morocco,post,1552248495,neutral
azxbq8,SCJerk,post,1552331208,positive
aw9y11,SCJerk,post,1551475618,neutral
ay0hfu,Scams,post,1551888549,negative
axp6zk,The_Donald,post,1551814562,positive
b35mrm,TickTockManitowoc,post,1553044005,neutral
aysyaf,TopMindsOfReddit,post,1552066607,neutral
b0zjar,TwoXChromosomes,post,1552565202,negative
b34nh9,TwoXChromosomes,post,1553038519,negative
b46ynb,TwoXChromosomes,post,1553271254,negative
ayt490,askpsychology,post,1552067505,neutral
awb5zh,circlebroke2,post,1551482811,neutral
b6icey,dankmemes,post,1553777149,negative
az0pdd,dankmemes,post,1552113995,negative
az0pq1,dankmemes,post,1552114082,negative
b1j9st,dankmemes,post,1552679012,negative
b7oxbd,dankmemes,post,1554046091,neutral
b6xtmh,dankmemes,post,1553869036,negative
b31ket,dankmemes,post,1553023083,neutral
b2xjdh,dankmemes,post,1553002814,neutral
b3nqu2,dankmemes,post,1553154397,negative
b3wjvn,dankmemes,post,1553205108,negative
b4rfk1,dankmemes,post,1553394813,neutral
b0i8ep,islam,post,1552454806,neutral
ax08dc,memes,post,1551656738,negative
axuiv4,mturk,post,1551845335,neutral
awfeqs,phoenix,post,1551512863,negative
b3n32d,pyrocynical,post,1553148780,negative
b4tbgp,2007scape,post,1553408797,negative
aw185w,BikiniBottomTwitter,post,1551419002,neutral
b2azvj,BleachBraveSouls,post,1552862272,positive
b3vlwz,ChapoTrapHouse,post,1553200329,neutral
b4ox7t,Drama,post,1553379171,neutral
axh7d6,FireEmblemHeroes,post,1551762030,neutral
azhcui,Flume,post,1552235437,positive
azpxq9,Flume,post,1552285140,neutral
awh87y,GODUS,post,1551529041,positive
b6e6yl,HaloOnline,post,1553745856,neutral
b2245k,IASIP,post,1552801897,neutral
b2jne0,Memes_Of_The_Dank,post,1552920845,neutral
b32hvu,Metroid,post,1553027624,negative
b2wyj4,Rainbow6,post,1552999474,neutral
aw17y1,Reformed,post,1551418958,neutral
b578ps,SandersForPresident,post,1553496191,neutral
b22lzz,ShadowBan,post,1552806161,neutral
ay5tze,Spyro,post,1551916213,negative
b6g4qr,Tinder,post,1553760839,negative
b50b03,ainbow,post,1553455475,negative
aw8p1q,bodyweightfitness,post,1551468561,neutral
b5kou4,dankmemes,post,1553570742,neutral
az1yyb,dankmemes,post,1552125567,negative
az1zxi,dankmemes,post,1552125805,negative
b3bzh4,dankmemes,post,1553088335,neutral
b5rurn,dankmemes,post,1553617810,neutral
b27io1,dankmemes,post,1552843461,neutral
b51dll,dankmemes,post,1553460689,neutral
b03vc4,dankmemes,post,1552367548,neutral
axyid2,dankmemes,post,1551876864,negative
b4qkcp,dankmemes,post,1553389368,negative
b66e4s,dankmemes,post,1553704573,neutral
b70lz8,dankmemes,post,1553882933,negative
b3d0e6,dankmemes,post,1553093835,negative
b7bbgw,dankmemes,post,1553952801,negative
b4o7cu,forhonor,post,1553374924,negative
b4o8ek,forhonor,post,1553375097,negative
b3q36o,greentext,post,1553172264,neutral
b1l7gw,memes,post,1552689369,negative
axr5dv,memes,post,1551824885,negative
b1ofwy,memes,post,1552709779,neutral
b24mz0,memes,post,1552825355,negative
b3esi9,memes,post,1553102821,negative
azpno2,niceguys,post,1552283216,negative
awi3ot,redditrequest,post,1551535762,neutral
b0vu0a,redditrequest,post,1552536690,neutral
b1g83y,teslamotors,post,1552663456,negative
b4rtc4,unpopularopinion,post,1553397262,negative
b3xc0i,weedstocks,post,1553209200,neutral
b58hkj,AFL,post,1553506699,neutral
ax8sio,AnthemTheGame,post,1551715842,neutral
az075s,Cinemagraphs,post,1552109877,neutral
b772mm,DeepFriedMemes,post,1553920057,negative
b4z6ga,FORTnITE,post,1553449801,negative
aycnvo,Gamingcirclejerk,post,1551965627,negative
b2izlc,GlobalOffensive,post,1552917180,neutral
b0gmzm,JustUnsubbed,post,1552444071,negative
awguh4,OnePieceTC,post,1551525760,neutral
b1ahgo,PewdiepieSubmissions,post,1552624518,neutral
b5vvqx,RepLadies,post,1553637316,neutral
awvpg5,The_Donald,post,1551631474,negative
awciej,UIUC,post,1551491636,neutral
b2frlm,Warframe,post,1552894801,neutral
b09ui0,bicycling,post,1552408484,neutral
b54ckq,dankmemes,post,1553477019,negative
b3opx1,dankmemes,post,1553162680,neutral
b5jq9s,dankmemes,post,1553565040,neutral
b7c8ra,dankmemes,post,1553958214,negative
b73wbb,dankmemes,post,1553899999,neutral
b71c8h,dankmemes,post,1553886597,neutral
b40658,dankmemes,post,1553225809,negative
b2ee7u,dankmemes,post,1552883913,neutral
az8yeu,electricvehicles,post,1552170485,neutral
b5i109,freefolk,post,1553555834,negative
azhvq6,help,post,1552238363,neutral
b4ngw8,meme,post,1553370980,neutral
b4bp6z,meme,post,1553295236,negative
b4bpxt,meme,post,1553295353,negative
b17nci,memes,post,1552606975,neutral
b2c9yz,memes,post,1552869839,neutral
aw9vkj,memes,post,1551475227,negative
b53vip,nba,post,1553474295,neutral
b52k5h,poker,post,1553466896,negative
aye05i,rant,post,1551973667,negative
b72t0n,runescape,post,1553894081,negative
b7ph9o,soccer,post,1554049383,positive
b5ss66,subredditcancer,post,1553622397,negative
b3yoh4,unpopularopinion,post,1553216706,negative
b2kl6o,vegetarian,post,1552925650,neutral
b29uwb,2007scape,post,1552855936,neutral
ayuhz0,AnthemTheGame,post,1552074715,negative
b0rbka,AskReddit,post,1552510993,negative
b0rfuy,AskReddit,post,1552511590,negative
b2v9j2,AskReddit,post,1552987671,neutral
b6qvpa,Buddhism,post,1553820635,neutral
b5alg4,Drama,post,1553519919,neutral
azgq9g,DunderMifflin,post,1552231763,positive
azegkz,GamePhysics,post,1552213876,neutral
b0gpca,Juve,post,1552444481,neutral
b0j7dm,Libertarian,post,1552462432,positive
b72l25,ModSupport,post,1553892927,neutral
b2hbqr,PewdiepieSubmissions,post,1552906972,neutral
b2uspe,PewdiepieSubmissions,post,1552983791,neutral
b3se4a,TwoXChromosomes,post,1553184659,negative
awbv9e,WatchRedditDie,post,1551487234,negative
axaa5p,WatchRedditDie,post,1551723183,negative
axjp0t,WatchRedditDie,post,1551781713,negative
axonfc,WatchRedditDie,post,1551811712,positive
ay14gi,WatchRedditDie,post,1551891905,negative
ayn2de,WatchRedditDie,post,1552026318,negative
b02ba2,WatchRedditDie,post,1552357526,negative
b1w498,WatchRedditDie,post,1552763852,negative
b47cqp,WatchRedditDie,post,1553273233,negative
b6xpv0,WatchRedditDie,post,1553868506,negative
b5jnnd,atheismrebooted,post,1553564627,negative
b0pt4x,dankmemes,post,1552503628,negative
ay0yo1,dankmemes,post,1551891078,negative
b3y6ke,dankmemes,post,1553213866,negative
az084r,dankmemes,post,1552110098,negative
b6nmvz,dankmemes,post,1553803711,neutral
b25mf0,dankmemes,post,1552832504,negative
aym340,dankmemes,post,1552019171,neutral
b3vnws,dankmemes,post,1553200603,negative
b43azu,dankmemes,post,1553249452,negative
b7e7xn,dankmemes,post,1553969842,neutral
b5v1hd,dankmemes,post,1553633196,negative
b2ea8q,dankmemes,post,1552883081,negative
b6k8pj,findareddit,post,1553787206,neutral
b2s6a7,lactation,post,1552965159,neutral
az5c63,memes,post,1552149859,negative
aw9460,memes,post,1551470910,neutral
b6spdp,pyrocynical,post,1553832075,negative
b56hsh,sleep,post,1553490438,negative
b4gv2c,teenagers,post,1553330011,neutral
ayylx2,teenagers,post,1552098570,neutral
b6g9t7,teenagers,post,1553762048,neutral
b23a1a,teenagers,post,1552812755,negative
b7lh7b,therewasanattempt,post,1554020295,negative
b146bb,ukipparty,post,1552589634,neutral
b7h6u0,woooosh,post,1553987221,neutral
azjbqq,2007scape,post,1552246174,neutral
b37qg2,2007scape,post,1553057077,neutral
aza2ds,AnthemTheGame,post,1552177462,negative
b5kwse,AnthemTheGame,post,1553572206,negative
b47uhg,AskReddit,post,1553275759,neutral
b10ptl,AutoModerator,post,1552572245,neutral
b566hp,Bitcoin,post,1553488305,negative
aw40q0,DeepFriedMemes,post,1551441198,negative
ay7v8s,Drama,post,1551928517,negative
b2eblz,FortNiteBR,post,1552883379,positive
axw80n,IASIP,post,1551857851,negative
b1i7cz,JustUnsubbed,post,1552673615,negative
azx543,ModSupport,post,1552330296,neutral
azthjt,MortalKombat,post,1552311116,neutral
b6pjg0,NoStupidQuestions,post,1553813294,neutral
azttey,SquaredCircle,post,1552313041,positive
b0jrtq,TheLastAirbender,post,1552467611,negative
b3s0p9,TheRedPill,post,1553182852,positive
aztu27,The_Donald,post,1552313140,neutral
ay6zg4,Trumpgret,post,1551923144,neutral
ay3nm6,WatchRedditDie,post,1551904892,negative
b180ut,WorkOnline,post,1552609101,positive
ay3901,Xenoblade_Chronicles,post,1551902796,neutral
b61uan,dankmemes,post,1553674922,negative
ay0680,dankmemes,post,1551886885,neutral
b4zrgj,dankmemes,post,1553452731,negative
b2wghl,dankmemes,post,1552996312,negative
b7txdl,dankmemes,post,1554072771,negative
b6n70u,dankmemes,post,1553801569,negative
b1fv5m,dankmemes,post,1552661504,negative
b6gtcf,dankmemes,post,1553766644,neutral
awcnhx,dankmemes,post,1551492614,neutral
b18b63,drawing,post,1552610786,positive
b0dzsj,httyd,post,1552429337,positive
b6yipu,memes,post,1553872550,neutral
aznt4r,memes,post,1552271465,negative
b5eq3e,memes,post,1553540151,negative
b70yfr,memes,post,1553884669,negative
b02y0e,memes,post,1552361319,negative
b4is3l,memes,post,1553345170,negative
b6gsmw,namenerds,post,1553766479,positive
b37ze5,nba,post,1553058817,negative
axz6g9,AskReddit,post,1551881132,neutral
b74gj5,AskReddit,post,1553903166,neutral
b74lkm,AskReddit,post,1553903987,neutral
b0gx7d,AutoModerator,post,1552445900,neutral
b03pga,BadDragon,post,1552366378,neutral
b5vj9q,BadDragon,post,1553635595,neutral
b36rkn,CollegeBasketball,post,1553050779,neutral
b7jern,CollegeBasketball,post,1554002657,negative
b2jkrs,DeepFriedMemes,post,1552920452,negative
awyudd,HistoryMemes,post,1551648654,negative
b4ivgj,OutOfTheLoop,post,1553345814,neutral
az1mm9,Terraria,post,1552122482,neutral
b24t2h,Terraria,post,1552826736,neutral
b24tbt,Terraria,post,1552826787,neutral
b24tuv,Terraria,post,1552826902,neutral
azmtaj,The_Donald,post,1552265409,negative
b5iuwc,Turkey,post,1553560305,negative
b6ga19,Turkey,post,1553762101,neutral
b3092r,Watsky,post,1553016565,neutral
awo3by,Wellthatsucks,post,1551570952,negative
b20laj,apolloapp,post,1552790391,neutral
awlelz,dankmemes,post,1551555436,neutral
azoz50,dankmemes,post,1552278656,negative
azp1k6,dankmemes,post,1552279079,neutral
b6fo61,dankmemes,post,1553756998,negative
b1wn6p,dankmemes,post,1552766617,neutral
b6zp75,dankmemes,post,1553878466,negative
b1tghh,dankmemes,post,1552749165,negative
b5vqkm,dankmemes,post,1553636604,neutral
b60n9k,darkjokes,post,1553665577,neutral
b0uobs,discordapp,post,1552529285,neutral
b41yly,exchristian,post,1553238864,neutral
b3fqui,ideasfortheadmins,post,1553107543,neutral
b46vvb,kansascity,post,1553270871,negative
b287as,meme,post,1552847113,neutral
ay0bl2,memes,post,1551887700,neutral
b7dzoc,memes,post,1553968569,negative
b38m4q,memes,post,1553063592,neutral
b14s01,misophonia,post,1552592575,neutral
b7mhct,modhelp,post,1554029289,neutral
aw7otv,opera,post,1551463132,negative
b45fav,pakistan,post,1553263320,positive
b3impu,pyrocynical,post,1553121834,positive
b5y2sn,redditrequest,post,1553649062,neutral
b6cg63,redditrequest,post,1553734987,neutral
b3j20n,writers,post,1553124084,neutral
b5ypyn,Aquariums,post,1553652823,negative
b2h89x,Beatmatch,post,1552906337,neutral
b7hki2,Brunei,post,1553989695,negative
b7ip74,Brunei,post,1553997392,neutral
awzl1w,DBZDokkanBattle,post,1551652858,negative
ay1bil,DestinyLore,post,1551892932,neutral
b2me1u,Drugs,post,1552934632,negative
b31jsm,Greyhounds,post,1553023001,neutral
b60jd7,Nepal,post,1553664788,neutral
ayi2ea,PalaceClothing,post,1551994682,neutral
b51qh5,Showerthoughts,post,1553462474,negative
ayuc97,azdiamondbacks,post,1552073886,neutral
b3qmu6,beta,post,1553175519,neutral
b79vem,dankmemes,post,1553942503,neutral
b3ran0,dankmemes,post,1553179150,negative
b7h1xt,dankmemes,post,1553986375,negative
b6zjrd,dankmemes,post,1553877724,negative
b4022y,dankmemes,post,1553225079,neutral
ay75q8,ddlg,post,1551924193,neutral
ay1d31,discordapp,post,1551893145,negative
b1g95k,eu4,post,1552663613,positive
b1ulr8,eu4,post,1552755634,negative
b2zgus,eu4,post,1553012723,negative
b74v6n,funny,post,1553905541,negative
axihv5,funny,post,1551771389,neutral
aye0cf,funny,post,1551973695,negative
b02quv,gay,post,1552360119,neutral
b0dq5b,help,post,1552428013,neutral
b3tcfh,notinteresting,post,1553189328,neutral
b0o04y,premed,post,1552494641,neutral
ay9r3b,redditrequest,post,1551941853,neutral
b3bf2v,redditrequest,post,1553085028,neutral
b30zx2,runescape,post,1553020237,neutral
b4blos,slavelabour,post,1553294708,neutral
b21l9j,teenagers,post,1552797662,neutral
b1umfi,teenagers,post,1552755734,negative
b10qjt,teslamotors,post,1552572360,negative
b1x6qr,unpopularopinion,post,1552769533,negative
awnod8,woooosh,post,1551568446,neutral
b3lb6u,2007scape,post,1553136805,neutral
b7tn1f,Addons4Kodi,post,1554071096,neutral
b0ck6z,BeautyGuruChatter,post,1552422087,neutral
b7ce4z,ChapoTrapHouse,post,1553959118,neutral
az1qtp,ClashRoyale,post,1552123522,negative
azfd4l,ClashRoyale,post,1552222412,neutral
b6z6dn,Cthulhu,post,1553875854,neutral
aycut3,Gamingcirclejerk,post,1551966933,neutral
b3owly,Innokin,post,1553164149,neutral
b6nv39,JustUnsubbed,post,1553804867,negative
b1vnnm,KerbalSpaceProgram,post,1552761472,neutral
aw9y6x,MGTOW,post,1551475643,neutral
b6ctlt,MortalKombat,post,1553737164,neutral
b0znd0,NoStupidQuestions,post,1552565933,neutral
awltxn,PewdiepieSubmissions,post,1551557812,negative
axusuv,Rainbow6,post,1551847185,neutral
aw4w4r,ShokugekiNoSoma,post,1551446907,neutral
b1yyag,Showerthoughts,post,1552780014,neutral
b3mmjv,Stims,post,1553145215,neutral
aywf44,TopMindsOfReddit,post,1552085036,negative
ayenfv,WatchRedditDie,post,1551977080,negative
b7k4nd,copypasta,post,1554008279,negative
b6ravs,dankmemes,post,1553823121,negative
b5112t,dankmemes,post,1553458922,negative
b3x6yx,dankmemes,post,1553208461,negative
b3y32u,dankmemes,post,1553213366,neutral
b79qtu,dankmemes,post,1553941495,negative
b0kw3p,dankmemes,post,1552476568,neutral
azfrni,dankmemes,post,1552225467,negative
b4cn8d,dankmemes,post,1553300584,negative
b6u6pk,dankmemes,post,1553843664,negative
b297ld,dankmemes,post,1552852433,negative
b50kfx,forsen,post,1553456725,neutral
b1ime0,gis,post,1552675749,neutral
b7svym,ireland,post,1554067006,neutral
awqggi,me_irl,post,1551587086,negative
axwjud,me_irl,post,1551860792,negative
azl3mx,me_irl,post,1552255479,neutral
b1vl9f,me_irl,post,1552761113,negative
b3e45p,me_irl,post,1553099447,neutral
b3pqf3,me_irl,post,1553170006,negative
b3y2pp,me_irl,post,1553213304,negative
b5linr,me_irl,post,1553576234,negative
b5ljd9,me_irl,post,1553576378,negative
b3p6k2,memes,post,1553166189,negative
b6z87x,pic,post,1553876107,neutral
ayans6,pinkfloyd,post,1551949983,neutral
aw8hvx,redditrequest,post,1551467468,neutral
b5fqn9,redditrequest,post,1553544805,neutral
b0dv5z,redditrequest,post,1552428685,neutral
b3tct9,redditrequest,post,1553189382,neutral
b1oqnu,rutgers,post,1552711984,negative
b3eoti,teenagers,post,1553102312,negative
awr0d1,teenagers,post,1551591249,negative
b5ho8b,teenagers,post,1553553996,neutral
azcsk8,teenagers,post,1552197326,negative
b0f0ym,transgamers,post,1552434764,neutral
b5opm7,unstirredpaint,post,1553600920,neutral
b6wlg0,xboxone,post,1553862152,neutral
b1uva3,AnthemTheGame,post,1552757114,neutral
b1uy93,AnthemTheGame,post,1552757592,negative
aw9cyd,AnthemTheGame,post,1551472294,negative
ax99vw,AnthemTheGame,post,1551718297,negative
axydsz,AnthemTheGame,post,1551875966,negative
ay4692,AnthemTheGame,post,1551907490,neutral
ayh9x1,AnthemTheGame,post,1551990497,neutral
az2a6b,AnthemTheGame,post,1552128309,neutral
az65e0,AnthemTheGame,post,1552154487,negative
azc1rs,AnthemTheGame,post,1552191504,neutral
aze4km,AnthemTheGame,post,1552210415,negative
azgmwk,AnthemTheGame,post,1552231193,negative
b0g5vb,AnthemTheGame,post,1552441207,negative
b0nl62,AnthemTheGame,post,1552492540,negative
b0qmg7,AnthemTheGame,post,1552507533,neutral
b0qq08,AnthemTheGame,post,1552508030,neutral
b4nvkg,AnthemTheGame,post,1553373127,neutral
b57n4d,AnthemTheGame,post,1553499524,negative
b59dkg,AnthemTheGame,post,1553512599,negative
b5vo1c,AnthemTheGame,post,1553636248,neutral
b5zjfv,AnthemTheGame,post,1553657898,neutral
b6ncvd,AnthemTheGame,post,1553802332,negative
b6ubiw,AnthemTheGame,post,1553844804,negative
b6vb8f,AnthemTheGame,post,1553853293,neutral
b79eti,AnthemTheGame,post,1553938846,neutral
axk8d0,AskReddit,post,1551786083,neutral
axsa3l,Coyotes,post,1551831348,neutral
azcbbi,Drama,post,1552193558,neutral
aytk2v,Etsy,post,1552069797,neutral
b0nepd,HistoryMemes,post,1552491595,negative
b3la2n,IASIP,post,1553136610,neutral
axgznu,Judaism,post,1551760541,negative
b3jh6z,Minecraft,post,1553126345,neutral
b2usla,ModSupport,post,1552983765,neutral
ayph1z,NoStupidQuestions,post,1552046405,neutral
b25mru,PartneredYoutube,post,1552832573,neutral
b4jsuk,PewdiepieSubmissions,post,1553351656,neutral
b02pyg,SCJerk,post,1552359967,negative
b6jx3r,StarWars,post,1553785642,neutral
b4v5th,StardewValley,post,1553425255,positive
azvpbj,TeenMomOGandTeenMom2,post,1552323136,neutral
b648o5,WatchRedditDie,post,1553691884,negative
b5lylw,WatchRedditDie,post,1553579306,negative
awherl,arresteddevelopment,post,1551530549,neutral
b16xay,asoiaf,post,1552603144,positive
b4c3l4,dankmemes,post,1553297451,negative
b3w0tp,dankmemes,post,1553202388,negative
b294hj,dankmemes,post,1552851963,negative
b2c57q,dankmemes,post,1552869043,neutral
b1bvwd,dankmemes,post,1552634902,neutral
b07tjg,dankmemes,post,1552397516,negative
b2mpf4,drawme,post,1552936200,negative
ax1kb1,fivenightsatfreddys,post,1551665051,neutral
b5198p,getnarwhal,post,1553460069,neutral
awm9qw,guineapigs,post,1551560226,negative
b23uc3,help,post,1552818205,neutral
b2fn80,houston,post,1552893694,negative
awkhk4,indieheads,post,1551550292,negative
ayokso,leagueoflegends,post,1552039247,negative
b1hpfz,leagueoflegends,post,1552671086,negative
b2zk7g,leagueoflegends,post,1553013176,negative
b0efdb,memes,post,1552431569,negative
axcpef,memes,post,1551735247,negative
ay4unr,minecraftsuggestions,post,1551910933,neutral
b1j579,modhelp,post,1552678366,neutral
b4qzdx,nba,post,1553392014,neutral
avzmm9,rant,post,1551408775,negative
awihak,rant,post,1551538410,negative
awwzmc,rant,post,1551638567,negative
ay3j3c,rant,post,1551904249,negative
az0uv6,rant,post,1552115302,negative
azd6iv,rant,post,1552200764,negative
azu9er,rant,post,1552315510,negative
b0gbih,rant,post,1552442125,negative
b0gv54,rant,post,1552445520,negative
b1wm3w,rant,post,1552766461,negative
b2g7yk,rant,post,1552898572,negative
b3lule,rant,post,1553140038,neutral
b5kzjx,rant,post,1553572725,negative
b5vh38,rant,post,1553635291,negative
b57hd4,reddeadredemption,post,1553498185,neutral
b5l1pd,reddeadredemption,post,1553573108,neutral
ayfco6,redditrequest,post,1551980602,neutral
b3rtqe,redditrequest,post,1553181897,neutral
axlrht,redditrequest,post,1551796322,neutral
b6w4uh,redditrequest,post,1553859091,neutral
b0wgrz,redditrequest,post,1552541264,neutral
b2431r,redditrequest,post,1552820476,neutral
b6ftwi,tabletopsimulator,post,1553758277,negative
ax2h29,teenagers,post,1551670764,negative
azjbsd,unpopularopinion,post,1552246181,neutral
awcfe8,AnthemTheGame,post,1551491062,negative
b70m7f,AutoModerator,post,1553882967,neutral
axljli,DestinyTheGame,post,1551794954,neutral
ax1unw,EscapefromTarkov,post,1551666886,negative
b28as5,FortNiteBR,post,1552847632,negative
axhmk1,GunsAreCool,post,1551764978,neutral
ay7uxz,Justfuckmyshitup,post,1551928461,negative
b36zyd,Libertarian,post,1553052194,neutral
b2rnh9,PewdiepieSubmissions,post,1552962098,positive
b3ccvx,bakchodi,post,1553090368,negative
azpmyb,beholdthemasterrace,post,1552283082,negative
b10ghn,changemyview,post,1552570750,neutral
b1gxu8,changemyview,post,1552667207,negative
b1lnc6,cringe,post,1552691885,negative
b7hw5m,dankmemes,post,1553991850,neutral
b0nwbx,dankmemes,post,1552494131,neutral
b5y4uy,dankmemes,post,1553649390,negative
b6ssup,dankmemes,post,1553832750,negative
b7laut,darkjokes,post,1554018650,neutral
b0zheg,gamegrumps,post,1552564880,negative
b22vt5,meme,post,1552808649,neutral
b5i9we,meme,post,1553557190,negative
b5idw9,meme,post,1553557798,negative
b6j3uf,meme,post,1553781462,negative
b712gc,meme,post,1553885235,neutral
az642p,modclub,post,1552154282,neutral
b2jrh1,modhelp,post,1552921437,neutral
b3w0h3,northdakota,post,1553202338,neutral
b1b5ox,pcmasterrace,post,1552629323,neutral
b1bsrl,pewdiepie,post,1552634191,neutral
b0r0pf,porterrobinson,post,1552509489,neutral
b0r1cn,porterrobinson,post,1552509580,neutral
b6nzhq,redditrequest,post,1553805461,neutral
b7jkmy,redditrequest,post,1554003925,neutral
awxqml,subredditcancer,post,1551642610,negative
axacsh,subredditcancer,post,1551723537,negative
b54pip,teenagers,post,1553479138,neutral
b6e2rs,teenagers,post,1553745070,negative
awe9v1,teenagers,post,1551503825,neutral
awjnuq,thebachelor,post,1551545685,neutral
b56n28,thewalkingdead,post,1553491516,neutral
b56ohn,thewalkingdead,post,1553491798,neutral
az5ofe,AnthemTheGame,post,1552151803,neutral
b061t0,AskHistorians,post,1552385364,neutral
awvopw,CBD,post,1551631356,neutral
b1yzv6,Cumtown,post,1552780296,negative
b3d54x,Denver,post,1553094521,neutral
b6zci3,DotA2,post,1553876729,neutral
aw1792,FortNiteBR,post,1551418820,negative
aw4w90,FortNiteBR,post,1551446928,negative
awsabu,FortNiteBR,post,1551603061,negative
awsas3,FortNiteBR,post,1551603193,neutral
axne7j,FortNiteBR,post,1551805254,negative
axpj66,FortNiteBR,post,1551816295,negative
axpk7z,FortNiteBR,post,1551816444,neutral
axq71s,FortNiteBR,post,1551819827,negative
ayg6av,FortNiteBR,post,1551984795,negative
ayq0tg,FortNiteBR,post,1552050113,neutral
azltyc,FortNiteBR,post,1552259564,negative
azpaap,FortNiteBR,post,1552280703,negative
azxa53,FortNiteBR,post,1552331001,neutral
azxaew,FortNiteBR,post,1552331038,neutral
azxcu2,FortNiteBR,post,1552331358,negative
azxjjm,FortNiteBR,post,1552332298,negative
azy9eo,FortNiteBR,post,1552335804,negative
azy9vt,FortNiteBR,post,1552335871,negative
b010hz,FortNiteBR,post,1552349837,negative
b0b4hj,FortNiteBR,post,1552414915,negative
b0tpss,FortNiteBR,post,1552523546,neutral
b0yonz,FortNiteBR,post,1552559297,negative
b15frq,FortNiteBR,post,1552595806,neutral
b15jp7,FortNiteBR,post,1552596335,negative
b1b1l1,FortNiteBR,post,1552628492,negative
b1myf5,FortNiteBR,post,1552699882,negative
b1o2zg,FortNiteBR,post,1552707360,neutral
b28kq5,FortNiteBR,post,1552849102,neutral
b2qau5,FortNiteBR,post,1552954638,negative
b2qsh8,FortNiteBR,post,1552957349,negative
b2syv3,FortNiteBR,post,1552970299,neutral
b3be1v,FortNiteBR,post,1553084864,neutral
b3c1d3,FortNiteBR,post,1553088625,negative
b4kvg6,FortNiteBR,post,1553357502,neutral
b4lkyt,FortNiteBR,post,1553361191,neutral
b5v4mn,FortNiteBR,post,1553633617,neutral
b680hq,FortNiteBR,post,1553712314,neutral
b6c96k,FortNiteBR,post,1553733835,negative
b6c9j2,FortNiteBR,post,1553733888,negative
b6ii2i,FortNiteBR,post,1553778062,negative
b6imrh,FortNiteBR,post,1553778807,negative
b6qyfr,FortNiteBR,post,1553821099,neutral
b6xmra,FortNiteBR,post,1553868068,neutral
b6xvmh,FortNiteBR,post,1553869328,neutral
b73vx6,FortNiteBR,post,1553899941,negative
b73ymo,FortNiteBR,post,1553900360,negative
b7f0uo,FortNiteBR,post,1553974287,negative
b7f27r,FortNiteBR,post,1553974498,negative
b7fh50,FortNiteBR,post,1553976850,positive
b7rwz9,FortNiteBR,post,1554062010,neutral
b7tvqm,FortNiteBR,post,1554072503,negative
b3kr6u,GoForGold,post,1553133563,neutral
aw3ibo,LeagueConnect,post,1551437349,negative
az9my3,LivestreamFail,post,1552174712,negative
b6leud,MemeEconomy,post,1553792816,neutral
b255wd,MtF,post,1552829380,neutral
b2jcjt,MtF,post,1552919200,neutral
aw4nzw,OttawaSenators,post,1551445506,positive
b6sk5u,PewdiepieSubmissions,post,1553831082,negative
ayrke0,PrequelMemes,post,1552059304,neutral
b4082p,TameImpala,post,1553226164,neutral
b41gkk,UnexpectedCena,post,1553235021,negative
ax7cjm,WatchRedditDie,post,1551707500,negative
b1lina,Welding,post,1552691138,neutral
aw8ze8,changemyview,post,1551470175,negative
b4fbr2,dank_meme,post,1553317997,neutral
b77spv,dankmemes,post,1553925280,negative
b45may,dankmemes,post,1553264375,negative
awaxyp,dankmemes,post,1551481440,negative
ay0pq9,dankmemes,post,1551889757,neutral
b7nfg9,dankmemes,post,1554036681,negative
b2mrk3,dankmemes,post,1552936492,neutral
b78vcq,dankmemes,post,1553934079,negative
b1w9o4,lanadelrey,post,1552764627,neutral
b6hw42,memes,post,1553774328,negative
b6zuwj,mountandblade,post,1553879251,negative
b0v7nr,redditrequest,post,1552532701,neutral
b0eqx9,rickandmorty,post,1552433245,negative
b53ew6,skyrim,post,1553471680,negative
b7trdi,sysadmin,post,1554071787,neutral
b4x7l0,teenagers,post,1553439459,negative
b2ct8n,unpopularopinion,post,1552873201,neutral
b2tshi,unpopularopinion,post,1552976094,negative
b3eqo8,unpopularopinion,post,1553102567,negative
azsqmj,whatsthisbird,post,1552306391,neutral
b6kvvk,2007scape,post,1553790308,neutral
b6n4b6,2007scape,post,1553801199,neutral
b6djui,2007scape,post,1553741598,negative
b6vg8o,AnthemTheGame,post,1553854361,negative
b6yot1,AnthemTheGame,post,1553873391,negative
b4sbqe,DunderMifflin,post,1553400836,negative
aw6zb8,Games,post,1551458688,neutral
b19sf3,GenderCritical,post,1552619902,neutral
b4a38a,GoldandBlack,post,1553286846,negative
b472f0,IndiaSpeaks,post,1553271757,negative
b5z1n0,IndiaSpeaks,post,1553654789,negative
az6bfj,JonTron,post,1552155402,negative
b3syl5,MSAccess,post,1553187443,positive
b43dp5,Memes_Of_The_Dank,post,1553250018,negative
b78rvf,NatureIsFuckingLit,post,1553933239,negative
b267l9,OutOfTheLoop,post,1552836152,negative
b0kn9w,PewdiepieSubmissions,post,1552474814,neutral
b1afj2,PewdiepieSubmissions,post,1552624149,neutral
aw8jtv,PreggoPorn,post,1551467761,positive
az1jmk,Sat,post,1552121749,neutral
awgt9j,Showerthoughts,post,1551525463,negative
awgthg,Showerthoughts,post,1551525512,negative
awgtsn,Showerthoughts,post,1551525588,negative
aw3azn,Warframe,post,1551435678,negative
b4btpn,boottoobig,post,1553295922,neutral
b4xh7z,crazyexgirlfriend,post,1553440913,neutral
b4xbqi,dankmemes,post,1553440081,neutral
b4qgee,dankmemes,post,1553388659,negative
b4qs40,dankmemes,post,1553390744,neutral
b5qtj3,dankmemes,post,1553612854,negative
b736on,dankmemes,post,1553896092,negative
axixtp,dankmemes,post,1551775176,negative
b570d4,dankmemes,post,1553494341,neutral
b2ozln,dankmemes,post,1552947756,negative
b7d2g9,dankmemes,post,1553963219,negative
b7d6p9,dankmemes,post,1553963903,negative
azw5jp,dankmemes,post,1552325425,negative
b6ukkc,dankmemes,post,1553847077,negative
b3253o,dankmemes,post,1553025852,neutral
b6ibzi,dankmemes,post,1553777078,positive
b7lrx5,darkjokes,post,1554023058,neutral
b4pl0r,darkjokes,post,1553383201,neutral
aztrh5,dirtgame,post,1552312743,neutral
b0xxab,fountainpens,post,1552553045,neutral
b7dgfj,iamverybadass,post,1553965460,negative
b2d409,madlads,post,1552875100,negative
b3xe74,memes,post,1553209533,negative
b66a7s,memes,post,1553704063,neutral
axdang,oaklandraiders,post,1551738307,neutral
b4sn4k,psychedelicrock,post,1553403242,negative
b19a9z,redditrequest,post,1552616763,neutral
b1qv9x,redditrequest,post,1552730414,neutral
b62i26,redditrequest,post,1553680287,neutral
b7hzzy,redditrequest,post,1553992580,neutral
b1okdf,redditrequest,post,1552710664,neutral
b54thy,subaru,post,1553479794,negative
awnrdm,teenagers,post,1551568955,neutral
b765sz,teenagers,post,1553913688,negative
b74cqt,totalwar,post,1553902546,neutral
b5ihyo,unpopularopinion,post,1553558405,negative
ayswt4,wallstreetbets,post,1552066395,positive
b0a99y,AnthemTheGame,post,1552410521,negative
b0agfr,AnthemTheGame,post,1552411515,negative
aydvnq,AnthemTheGame,post,1551972985,neutral
b493jy,DBZDokkanBattle,post,1553281872,negative
b4i7od,DankMemesFromSite19,post,1553340973,negative
b3c3wv,DesignPorn,post,1553089025,negative
axcmur,FortNiteBR,post,1551734889,neutral
b3oy15,Games,post,1553164460,negative
aylxp2,LivestreamFail,post,1552018101,negative
b0do81,LivestreamFail,post,1552427742,negative
b0o7fd,LivestreamFail,post,1552495668,negative
b0wkkd,LivestreamFail,post,1552542059,negative
b1lbfb,LivestreamFail,post,1552689997,neutral
b25xwj,LivestreamFail,post,1552834527,neutral
b3jg43,LivestreamFail,post,1553126169,neutral
b4yy17,LivestreamFail,post,1553448627,negative
b7hyyt,NarcissisticAbuse,post,1553992382,positive
aywdpt,SubredditDrama,post,1552084829,negative
b3v09j,Truckers,post,1553197316,negative
b3v5g3,Truckers,post,1553198035,negative
b1n10h,beyondthebump,post,1552700356,neutral
b3oaf8,brisbane,post,1553159065,neutral
awyct6,conspiracy,post,1551645928,negative
b0ed2k,copypasta,post,1552431222,negative
b4q21w,dankmemes,post,1553386131,negative
b6vtpy,dankmemes,post,1553857125,negative
b43mtq,dankmemes,post,1553251943,negative
b7ayk9,dankmemes,post,1553950477,negative
b75o5o,dankmemes,post,1553910545,negative
awa2wr,dankmemes,post,1551476400,negative
b6lvy5,dankmemes,post,1553795136,negative
b7et8d,dankmemes,post,1553973117,negative
ayj6lt,dankmemes,post,1552000766,neutral
b3wys1,dankmemes,post,1553207255,negative
aya1ts,depression,post,1551944263,negative
b18d0b,discordapp,post,1552611100,neutral
b6035i,furry_irl,post,1553661557,neutral
b298t3,help,post,1552852613,neutral
b6vqa1,memes,post,1553856434,negative
b6mlgt,modhelp,post,1553798648,neutral
aw9ear,montreal,post,1551472498,negative
b6yq54,myfavoritemurder,post,1553873583,neutral
b5mbnj,pittsburgh,post,1553582038,neutral
aw8de8,podcasts,post,1551466774,neutral
b5p669,redditrequest,post,1553603815,neutral
awbaqb,redditrequest,post,1551483625,neutral
b7m3oe,redditrequest,post,1554026021,neutral
b49wyn,redditrequest,post,1553285958,neutral
b4qz2a,short,post,1553391958,neutral
b4v8da,teenagers,post,1553425797,neutral
b1r178,teenagers,post,1552731813,negative
b1ive6,unpopularopinion,post,1552676996,negative
b028la,unpopularopinion,post,1552357067,positive
b4palg,AnthemTheGame,post,1553381430,negative
ay3mkn,AskOuija,post,1551904746,neutral
b750xj,AskReddit,post,1553906514,neutral
awd8sr,C_S_T,post,1551496787,positive
b47rpi,FIFA,post,1553275390,neutral
b4hga8,FIFA,post,1553334958,neutral
b3j6n8,PewdiepieSubmissions,post,1553124767,neutral
azsmna,PrequelMemes,post,1552305686,neutral
b41aol,Rainbow6,post,1553233750,neutral
b7uawe,StarWarsBattlefront,post,1554074953,negative
b3askr,Target,post,1553080844,negative
b1rq6y,UCSC,post,1552737632,neutral
ayoaq5,Warthunder,post,1552036819,negative
b259f3,Warthunder,post,1552830081,negative
b5oq7c,conspiracy,post,1553601035,negative
ayua22,dankmemes,post,1552073558,negative
b4k5tt,dankmemes,post,1553353725,neutral
b4eaw4,dankmemes,post,1553311190,negative
b4f273,darkjokes,post,1553316254,neutral
b2azvn,eagles,post,1552862272,neutral
b2quz3,geopolitics,post,1552957730,positive
ayjaqo,help,post,1552001446,neutral
b10uw1,hoi4,post,1552573037,neutral
aytkmu,memes,post,1552069876,neutral
b68ls3,modhelp,post,1553715177,neutral
azknfl,motogp,post,1552253103,negative
b0i9rw,newjersey,post,1552455103,neutral
b0hlnk,nfl,post,1552450413,negative
b2jttm,rant,post,1552921778,negative
ay5593,reddevils,post,1551912494,neutral
azpuvr,redditrequest,post,1552284571,negative
b127f6,redditrequest,post,1552580030,neutral
b2j613,redditrequest,post,1552918186,neutral
ax6dqk,subredditcancer,post,1551701032,negative
b7k6xk,teenagers,post,1554008797,neutral
b5zse0,trashy,post,1553659547,negative
ay2hun,unpopularopinion,post,1551898944,negative
b4qhvu,AgainstHateSubreddits,post,1553388931,negative
b5onv6,AskReddit,post,1553600601,neutral
b3u9r3,Brawlstars,post,1553193734,neutral
b52idj,DID,post,1553466622,positive
b38sed,Documentaries,post,1553064943,neutral
ayzsy8,EliteMiners,post,1552107005,neutral
ayujp3,GTAV_Mods,post,1552074972,neutral
aym2cx,LateStageCapitalism,post,1552019016,negative
b2rucx,Minecraft,post,1552963200,neutral
b5rzcc,Persona5,post,1553618437,neutral
b4b7d0,Reno,post,1553292603,neutral
axnkyl,ShokugekiNoSoma,post,1551806222,negative
b5zh5g,TooAfraidToAsk,post,1553657491,negative
b2ufhx,brisbane,post,1552980808,neutral
b6nzqj,dank_meme,post,1553805500,negative
b2mc93,dankmemes,post,1552934388,neutral
ax9r7i,dankmemes,post,1551720632,negative
b4lj4v,dankmemes,post,1553360917,neutral
b4osoh,dankmemes,post,1553378419,negative
b0hdvc,dankmemes,post,1552448948,neutral
b3ux27,dankmemes,post,1553196894,neutral
azzfkx,dankmemes,post,1552341535,negative
az1tqo,gtaonline,post,1552124245,neutral
b6l1ev,gtaonline,post,1553791032,neutral
b7gg6j,help,post,1553982583,neutral
ax0icq,imaginedragons,post,1551658392,neutral
b2ahx1,memes,post,1552859440,negative
b2ant3,memes,post,1552860371,negative
azq0kn,needamod,post,1552285703,neutral
b1br49,phoenix,post,1552633838,neutral
b1x2cr,raimimemes,post,1552768884,neutral
b78lps,redditrequest,post,1553931744,neutral
ax4345,redditrequest,post,1551681951,neutral
axe0eh,schizophrenia,post,1551742132,negative
azpgby,swtor,post,1552281823,neutral
b79wlz,teenagers,post,1553942763,neutral
b4ibhh,teenagers,post,1553341837,neutral
aw8e3o,ukpolitics,post,1551466875,negative
b2k2z6,washingtondc,post,1552923082,neutral
b5gjuo,zootopia,post,1553548639,neutral
b3tqq0,3Dprinting,post,1553191240,neutral
azph41,AskOuija,post,1552281979,neutral
b0filb,AskReddit,post,1552437413,neutral
ay8xyz,AskReddit,post,1551935739,negative
b5eupd,AutoModerator,post,1553540726,neutral
b42yam,Bossfight,post,1553246728,negative
az3mfm,Braincels,post,1552139059,negative
awv1ce,CFB,post,1551627340,positive
b6zp1n,Catholicism,post,1553878449,negative
ax31op,Christianity,post,1551674545,negative
awcjpq,Eve,post,1551491891,negative
awa9vl,FortNiteBR,post,1551477502,negative
b5lb7f,Games,post,1553574810,negative
b4r0xc,JustBootThings,post,1553392279,negative
b1d6uk,OutOfTheLoop,post,1552645257,neutral
b069p3,PrequelMemes,post,1552387079,neutral
b794nv,SandersForPresident,post,1553936416,neutral
b0t967,SiouxFalls,post,1552520986,neutral
b6n2h9,TheSilphRoad,post,1553800945,negative
awjs4l,The_Donald,post,1551546375,negative
b1c398,TopMindsOfReddit,post,1552636555,negative
b3091z,Watches,post,1553016562,neutral
ax2sx0,balisong,post,1551672938,positive
b0urfa,dankmemes,post,1552529823,neutral
b0v8h5,dankmemes,post,1552532849,neutral
b7cmpo,dankmemes,post,1553960617,neutral
b6yulk,dankmemes,post,1553874212,negative
b6mtqv,dankmemes,post,1553799789,neutral
b1g0sc,dankmemes,post,1552662358,negative
b2o4wv,dankmemes,post,1552943414,negative
b3v2rm,dankmemes,post,1553197653,negative
awfvf1,dankmemes,post,1551516990,negative
awfvmc,dankmemes,post,1551517048,negative
b73dmg,dankmemes,post,1553897120,negative
b79kww,dankmemes,post,1553940215,neutral
b3xfja,dankmemes,post,1553209724,negative
b7soj1,deepweb,post,1554065929,negative
b132gt,gatekeeping,post,1552584133,neutral
azp69p,gonewildaudio,post,1552279938,positive
b0bne5,guineapigs,post,1552417550,negative
b0qkj5,guineapigs,post,1552507285,neutral
b3bt3b,iranian,post,1553087332,positive
b2c7xd,memes,post,1552869496,positive
b2c8k5,memes,post,1552869602,positive
b2dvqc,memes,post,1552880265,positive
b50er8,memes,post,1553455977,negative
b5y3j1,mildlyinfuriating,post,1553649175,negative
awenpr,needamod,post,1551506725,neutral
ayll1o,pacers,post,1552015752,neutral
b16mcm,personalfinance,post,1552601632,neutral
aw0ro9,reddeadredemption,post,1551415953,negative
ay4neb,reddevils,post,1551909905,neutral
ayq607,redditrequest,post,1552051053,neutral
b5qwm3,redditrequest,post,1553613281,neutral
b7s9iv,redditrequest,post,1554063771,neutral
axtu47,redditrequest,post,1551840945,neutral
awt4h8,redditrequest,post,1551611770,neutral
b0gqyw,redditrequest,post,1552444776,neutral
az9uao,trees,post,1552176014,neutral
b1hire,tressless,post,1552670162,negative
b3e4zy,tressless,post,1553099562,neutral
ayfss0,unpopularopinion,post,1551982864,negative
b61kep,woooosh,post,1553672635,neutral
aworok,2007scape,post,1551575187,negative
b2fquz,AustralianPolitics,post,1552894611,negative
b72vgk,Braincels,post,1553894436,negative
awyvve,DevilMayCry,post,1551648867,positive
axulc8,GoldandBlack,post,1551845785,negative
b0qdlg,ModSupport,post,1552506345,neutral
aw98mp,MortalKombat,post,1551471614,negative
b61588,RocketLeague,post,1553669338,negative
b6rcub,SCJerk,post,1553823452,neutral
b4ldl6,Sat,post,1553360128,neutral
b358z2,dankmemes,post,1553041784,neutral
b3trhi,dankmemes,post,1553191333,negative
ayiwbe,dankmemes,post,1551999223,neutral
b7smr4,darknet,post,1554065665,negative
az672a,ethtrader,post,1552154732,negative
b1gv4l,exmuslim,post,1552666817,neutral
aylt3u,guitarcirclejerk,post,1552017243,neutral
ax5meq,indianapolis,post,1551694843,neutral
axlda9,indianapolis,post,1551793903,positive
b5aa72,indianapolis,post,1553518165,neutral
b1kabv,ireland,post,1552684373,neutral
b1yy4n,legaladvice,post,1552779982,negative
ay5wk5,madlads,post,1551916638,neutral
aw29pn,memes,post,1551426832,negative
b2w8nf,memes,post,1552994810,negative
b0vza0,memes,post,1552537707,neutral
ay6ofc,redditrequest,post,1551921245,neutral
b6jjlm,redditrequest,post,1553783745,neutral
b54unc,redditrequest,post,1553479986,neutral
ax8drj,redditrequest,post,1551713629,neutral
aw94vy,sbubby,post,1551471028,negative
ayxvc3,sbubby,post,1552093587,neutral
b5060q,sbubby,post,1553454784,neutral
b4pvsy,summonerswar,post,1553385048,negative
awv0ve,thedivision,post,1551627258,negative
azssb0,thedivision,post,1552306685,positive
b122ro,thedivision,post,1552579414,negative
b2lt6m,thedivision,post,1552931721,neutral
az1h8m,AskOuija,post,1552121085,neutral
b35sm9,AskReddit,post,1553044978,neutral
azqxe5,Bitcoin,post,1552292867,negative
axkrgc,Brawlstars,post,1551789924,neutral
axkrqw,Brawlstars,post,1551789975,neutral
az4oga,Brawlstars,post,1552145968,negative
azcivt,Brawlstars,post,1552195172,negative
b43524,Brawlstars,post,1553248199,neutral
avz8at,Brawlstars,post,1551406295,negative
b4lxlc,CarletonU,post,1553363029,negative
awk7fc,DC_Cinematic,post,1551548772,neutral
avz0ap,DestinyTheGame,post,1551404885,neutral
avz1h8,DestinyTheGame,post,1551405095,neutral
az4uu5,IAmA,post,1552147075,neutral
ay87lt,JoeRogan,post,1551930736,negative
ay9ehl,Judaism,post,1551939144,neutral
aymunu,NintendoSwitch,post,1552024721,negative
aymxmn,NintendoSwitch,post,1552025327,negative
aztb81,NintendoSwitch,post,1552310052,negative
b17d2e,NintendoSwitch,post,1552605430,neutral
b59djr,NintendoSwitch,post,1553512597,neutral
b5v5gt,PrequelMemes,post,1553633726,neutral
b4m74n,Schizoid,post,1553364385,neutral
b4o96n,Schizoid,post,1553375217,neutral
b572sq,Schizoid,post,1553494858,negative
b7l7f6,TEFL,post,1554017744,neutral
b22tvl,TittyDrop,post,1552808119,neutral
b7iwvz,WorldOfWarships,post,1553998938,neutral
b5103c,ainbow,post,1553458787,negative
b4ea00,aviation,post,1553311028,negative
azo3rj,conspiracy,post,1552273256,neutral
b0qbw8,conspiracy,post,1552506128,negative
b1akqa,conspiracy,post,1552625153,negative
b1akvw,conspiracy,post,1552625186,negative
b1al7q,conspiracy,post,1552625257,negative
b1mvbv,conspiracy,post,1552699328,negative
b3uvja,conspiracy,post,1553196689,negative
b6rrks,conspiracy,post,1553825947,positive
az1nbw,dank_meme,post,1552122659,neutral
azf73x,dank_meme,post,1552220942,negative
aziqpq,dank_meme,post,1552243033,negative
b04uwl,dank_meme,post,1552375177,negative
b0ypoc,dank_meme,post,1552559483,negative
b4nf35,dank_meme,post,1553370718,negative
b5l9eu,dank_meme,post,1553574474,negative
b635zk,dank_meme,post,1553685126,negative
b66atn,dank_meme,post,1553704144,neutral
b6ne3y,dank_meme,post,1553802505,negative
b6qy7r,dank_meme,post,1553821059,negative
b6r2ge,dank_meme,post,1553821731,neutral
b6x33y,dank_meme,post,1553865062,negative
b6ybvs,dank_meme,post,1553871641,negative
b6zkwp,dank_meme,post,1553877881,negative
b71bjl,dank_meme,post,1553886503,negative
b7a14e,dank_meme,post,1553943768,negative
b7a6aa,dank_meme,post,1553944877,negative
b7bynz,dank_meme,post,1553956607,negative
b7jdxx,dank_meme,post,1554002487,negative
b7m7ws,dank_meme,post,1554027037,neutral
b7obd3,dank_meme,post,1554042454,negative
b7byos,dank_meme,post,1553956612,negative
b13dxu,dankmemes,post,1552585696,negative
ax0ygk,dankmemes,post,1551661201,negative
ayd2mg,dankmemes,post,1551968279,neutral
awqv5l,dankmemes,post,1551590138,negative
b0dgi1,dankmemes,post,1552426630,negative
b4a87i,dankmemes,post,1553287567,negative
b4aado,dankmemes,post,1553287885,negative
b4nsu8,dankmemes,post,1553372729,negative
b3ycfe,dankmemes,post,1553214751,negative
aw2nbw,dankmemes,post,1551430175,negative
b4brrt,dankmemes,post,1553295626,negative
b6vks3,dankmemes,post,1553855322,neutral
b1yjsu,dankmemes,post,1552777475,neutral
b4plim,findareddit,post,1553383283,negative
b1bjr0,help,post,1552632224,neutral
b4g0p6,memes,post,1553323106,negative
b51pnm,notinteresting,post,1553462358,neutral
az6q8z,rant,post,1552157695,negative
b38s7j,redditrequest,post,1553064899,neutral
b00qrv,redditrequest,post,1552348366,neutral
ayaz0b,redditrequest,post,1551952699,negative
b61bv8,space,post,1553670725,negative
b0yv67,teenagers,post,1552560645,neutral
b4q23j,teenagers,post,1553386140,positive
b4syrm,teenagers,post,1553405841,neutral
az7lqe,thebachelor,post,1552162660,negative
azve5s,trebuchetmemes,post,1552321518,negative
axevcn,unpopularopinion,post,1551747097,negative
b43nzl,ABCDesis,post,1553252183,negative
aysv05,AndroidQuestions,post,1552066141,negative
b72w3a,ArtistLounge,post,1553894532,neutral
axfqci,AskReddit,post,1551752137,neutral
ayrqx7,AskReddit,post,1552060270,neutral
b3jwse,Borderlands2,post,1553128713,negative
b4x12a,ClashOfClans,post,1553438395,neutral
b0mvip,FCCincinnati,post,1552488704,neutral
axrdm7,FortNiteBR,post,1551826135,neutral
axi07x,Memes_Of_The_Dank,post,1551767703,neutral
axoryg,Memes_Of_The_Dank,post,1551812369,neutral
azuxaz,ModSupport,post,1552319109,neutral
b6rqv9,Pennsylvania,post,1553825832,neutral
b1bhxx,PewdiepieSubmissions,post,1552631852,neutral
ayi0fz,RandomActsofCards,post,1551994380,positive
azpb53,UCalgary,post,1552280855,neutral
b0isyv,UCalgary,post,1552459197,neutral
b5z2j1,Vent,post,1553654942,negative
b7iixe,books,post,1553996155,positive
b06rvw,circojeca,post,1552390747,neutral
awqn9o,combinedgifs,post,1551588485,neutral
ay18f5,conspiracy,post,1551892474,negative
b4xb9p,dank_meme,post,1553440008,negative
b6p7ut,dankmemes,post,1553811651,neutral
b78q2o,dankmemes,post,1553932806,neutral
b3y0al,dankmemes,post,1553212936,negative
b1ui1m,dankmemes,post,1552755044,neutral
b2yaea,dankmemes,post,1553006798,neutral
b76tjw,dankmemes,post,1553918303,neutral
b772yk,dankmemes,post,1553920119,neutral
b77bja,dankmemes,post,1553921778,neutral
ayp3kf,dankmemes,post,1552043444,negative
b4fe4x,dankmemes,post,1553318484,neutral
b2ouft,dankmemes,post,1552947010,neutral
b6umyv,dankmemes,post,1553847694,negative
b27goy,darkjokes,post,1552843148,negative
b41oiq,darkjokes,post,1553236729,negative
b4r79f,madlads,post,1553393371,neutral
azvgza,nba,post,1552321924,negative
b0munj,outside,post,1552488569,neutral
b1nlse,pathofexile,post,1552704123,negative
b64l93,politics,post,1553693864,neutral
aydrcr,reddevils,post,1551972297,positive
azyap3,redditrequest,post,1552335982,neutral
b4ptj0,redditrequest,post,1553384654,negative
b3f605,redditrequest,post,1553104720,neutral
b04ld7,redditrequest,post,1552373062,neutral
b04pzy,redditrequest,post,1552374080,neutral
b0ezwj,redditrequest,post,1552434603,neutral
b5waoc,redditrequest,post,1553639383,neutral
ayqpw0,redditrequest,post,1552054428,neutral
b0g2jy,redditrequest,post,1552440651,neutral
b54ywc,redditrequest,post,1553480697,neutral
b7h661,teenagers,post,1553987105,neutral
ax2910,teenagers,post,1551669414,negative
aw4glb,tulsi,post,1551444186,positive
b6y043,unpopularopinion,post,1553869979,negative
azxx24,unpopularopinion,post,1552334153,negative
az6v9o,wargame,post,1552158483,negative
b588t6,wholesomememes,post,1553504876,neutral
b3y6ca,worldpolitics,post,1553213832,neutral
b4zuom,ApplyingToCollege,post,1553453181,negative
b5aw4t,AskReddit,post,1553521603,negative
b0r7pp,AskReddit,post,1552510469,neutral
azbui3,Berserk,post,1552190041,negative
b3vm1m,CrackWatch,post,1553200347,negative
b6uqu2,EscapefromTarkov,post,1553848679,neutral
b74li3,FinalFantasy,post,1553903975,neutral
b74qj4,FinalFantasy,post,1553904790,neutral
b2ppel,FulfillmentByAmazon,post,1552951470,negative
b5cynx,GenderCritical,post,1553532004,neutral
b1iymm,Gender_Critical,post,1552677436,neutral
b2cwrg,GriefSupport,post,1552873830,neutral
ayw60e,KarmaCourt,post,1552083677,negative
axdzb5,Libertarian,post,1551741958,negative
b6zty5,Libertarian,post,1553879118,positive
avy9zw,MortalKombat,post,1551400349,negative
b7uffu,NYYankees,post,1554075703,negative
awyuce,PewdiepieSubmissions,post,1551648650,negative
awyv69,PewdiepieSubmissions,post,1551648771,neutral
b4q2fd,PrequelMemes,post,1553386191,neutral
ayv42t,Shitstatistssay,post,1552078013,negative
b09o9u,SkincareAddiction,post,1552407620,neutral
aw85tm,TwoBestFriendsPlay,post,1551465632,neutral
aztkqe,bestof,post,1552311639,positive
aztoem,bestof,post,1552312242,positive
b214ks,bestof,post,1552794118,positive
b5amfz,cats,post,1553520069,neutral
axv4rh,computerscience,post,1551849439,neutral
b48yl6,confessions,post,1553281210,negative
b0wsm3,dankmemes,post,1552543777,negative
b5soed,dankmemes,post,1553621870,negative
azymwf,dankmemes,post,1552337637,neutral
b1auhi,dankmemes,post,1552627055,negative
b6zz2f,dankmemes,post,1553879822,neutral
awi7ma,dankmemes,post,1551536548,negative
b6zvhm,dankmemes,post,1553879333,positive
b7caqp,dankmemes,post,1553958558,negative
b7f8mn,dankmemes,post,1553975502,negative
ayl84o,dankmemes,post,1552013376,negative
b6np8r,dankmemes,post,1553804038,negative
b7pq99,dankmemes,post,1554050775,negative
b6xs4b,dankmemes,post,1553868824,negative
b6xuig,dankmemes,post,1553869166,negative
ayv0jc,discordapp,post,1552077465,neutral
b3dz2s,gonewild,post,1553098754,neutral
b09lqg,india,post,1552407267,negative
b4bg18,memes,post,1553293865,negative
b5gkcp,memes,post,1553548700,neutral
b3rbp0,pacers,post,1553179312,neutral
b7cmhp,personalfinance,post,1553960577,negative
b0zvfo,redacted,post,1552567335,negative
b0ddk3,redditrequest,post,1552426210,neutral
ayf8ra,redditrequest,post,1551980030,neutral
b52i7v,redditrequest,post,1553466602,neutral
b6uoot,redditrequest,post,1553848144,neutral
b4r2ad,smallbusiness,post,1553392513,neutral
b4vfak,teenagers,post,1553427366,positive
awvn7f,teenagers,post,1551631091,neutral
aybk6i,2007scape,post,1551957576,neutral
b5bif4,2007scape,post,1553524930,neutral
b5tlu6,2007scape,post,1553626308,neutral
b198is,AccidentalWesAnderson,post,1552616473,negative
b2wpri,AskReddit,post,1552997940,neutral
aw2ym8,ClashOfClansRecruit,post,1551432849,neutral
b65fzv,Comcast_Xfinity,post,1553698987,neutral
b2njwi,Construction,post,1552940520,negative
b68ssd,Drama,post,1553716101,neutral
b17z5i,Dreadlocks,post,1552608841,negative
axu2k8,FORTnITE,post,1551842432,negative
b680mg,FortNiteBR,post,1553712330,neutral
b5udmc,JusticeServed,post,1553630005,negative
b4wlyy,NBASpurs,post,1553435938,neutral
aye9r6,Overwatch,post,1551975099,negative
ayvgoo,PewdiepieSubmissions,post,1552079898,neutral
aylmyl,Showerthoughts,post,1552016081,neutral
b3d8t6,The_Crew,post,1553095054,neutral
b1lhzx,The_Donald,post,1552691037,positive
b2zzh0,apolloapp,post,1553015254,neutral
aw0xfh,birdswitharms,post,1551416992,negative
b47rkn,birdswitharms,post,1553275374,negative
aylfqg,circlejerk,post,1552014764,neutral
b6wtx7,dankmemes,post,1553863631,neutral
b6zet7,dankmemes,post,1553877032,neutral
b6wof7,dankmemes,post,1553862702,negative
b4huuh,dankmemes,post,1553338221,negative
b74rr5,dankmemes,post,1553904988,negative
ayhvem,dankmemes,post,1551993614,neutral
aw1a5a,dankmemes,post,1551419388,negative
b7hdmk,dankmemes,post,1553988469,negative
ay51i3,ftm,post,1551911922,neutral
b2qkoz,legaladviceofftopic,post,1552956146,neutral
b197w6,memes,post,1552616366,neutral
b1ew8r,memes,post,1552656117,neutral
b1hehp,memes,post,1552669543,neutral
b5g92j,memes,post,1553547243,neutral
ayz0cd,onionhate,post,1552101383,neutral
b15ifp,paradoxplaza,post,1552596176,neutral
axtir3,playark,post,1551838969,neutral
b3y08k,redditrequest,post,1553212926,neutral
az9a4x,redditrequest,post,1552172455,neutral
b4t7zj,redditrequest,post,1553407979,neutral
aztdc9,transgenderUK,post,1552310407,neutral
b5nnkf,2007scape,post,1553593230,positive
b7inz8,2007scape,post,1553997150,negative
b0mhg4,Animemes,post,1552486457,neutral
b14gj4,AshesofCreation,post,1552591027,negative
b6c75z,AskReddit,post,1553733499,neutral
awyjwn,Astroneer,post,1551647036,neutral
b0sb2v,ClashRoyale,post,1552515986,negative
ayk13p,DankMemesFromSite19,post,1552005751,neutral
b7hnf7,Enneagram,post,1553990234,neutral
axb6hz,EternalCardGame,post,1551727636,negative
b57gtw,FortNiteBR,post,1553498078,negative
azyeyv,GirlGamers,post,1552336565,positive
awagsx,JUSTNOMIL,post,1551478594,neutral
az71q4,MemeEconomy,post,1552159533,negative
avyfwj,MortalKombat,post,1551401371,neutral
ayy90x,MtvChallenge,post,1552096093,positive
b4kqh0,NewYorkMets,post,1553356811,neutral
b6eqyw,Padres,post,1553749832,neutral
b2ma8p,PewdiepieSubmissions,post,1552934096,neutral
ax2u21,SandersForPresident,post,1551673128,negative
b2dc9k,Smite,post,1552876590,neutral
b630nh,WatchPeopleDieInside,post,1553684166,negative
b0h7e2,amateurradio,post,1552447744,neutral
b0z8vj,arabs,post,1552563273,neutral
azd4ft,bakchodi,post,1552200212,neutral
az8502,classicalmusic,post,1552165777,neutral
b3wk3y,communism,post,1553205143,neutral
b66dvi,crappymusic,post,1553704535,negative
az99p9,dankmemes,post,1552172392,negative
b6yj1i,dankmemes,post,1553872589,negative
b6twu2,dankmemes,post,1553841412,negative
b548nk,darkjokes,post,1553476390,negative
b0rnob,ferrets,post,1552512671,neutral
axck5i,homestuck,post,1551734513,neutral
ay87t0,karma,post,1551930774,neutral
azo2of,madlads,post,1552273077,neutral
b3hd3g,memes,post,1553115534,negative
b7rrij,muacirclejerk,post,1554061234,negative
b57o2e,news,post,1553499757,negative
aztlux,nsfwasmr,post,1552311837,neutral
b16u2m,reactiongifs,post,1552602690,neutral
ay9vd0,redditrequest,post,1551942775,neutral
az5rg2,teenagers,post,1552152280,positive
b68npm,teenagers,post,1553715428,negative
b7jzly,teenagers,post,1554007131,negative
awvqlr,teenagers,post,1551631652,neutral
b53nw7,teenagers,post,1553473093,neutral
b4t52b,worldpolitics,post,1553407322,negative
ay9lb3,2007scape,post,1551940580,negative
b3dtop,AskReddit,post,1553098013,negative
b3dy7h,AskReddit,post,1553098631,negative
b3z7k3,AskReddit,post,1553219865,negative
ayf049,AtlantaUnited,post,1551978847,neutral
b2xspi,Bladesmith,post,1553004231,negative
b14k6w,CHIBears,post,1552591526,neutral
ax85jh,LifeAfterNarcissism,post,1551712341,negative
b12vkj,MtF,post,1552583254,negative
b1z0ec,NoStupidQuestions,post,1552780393,negative
axfgox,PS4,post,1551750577,neutral
b5gmzz,PS4,post,1553549039,negative
b66thy,PS4,post,1553706599,negative
ayxkjx,PS4,post,1552091665,negative
b3p07k,PewdiepieSubmissions,post,1553164928,positive
b3cczw,PrequelMemes,post,1553090385,neutral
b41sp9,ShadowBan,post,1553237637,neutral
awot7r,Tendies,post,1551575461,negative
b646fa,Wellthatsucks,post,1553691550,neutral
b6ckcd,Wellthatsucks,post,1553735644,negative
b6mqay,Wellthatsucks,post,1553799318,neutral
b7042b,brasil,post,1553880526,neutral
b495hg,dank_meme,post,1553282126,neutral
b7cv39,dankmemes,post,1553962019,negative
b2aivb,dankmemes,post,1552859593,neutral
b3zx1s,dankmemes,post,1553224188,negative
b7ct7c,dankmemes,post,1553961712,negative
b5ifet,dankmemes,post,1553558023,negative
b51qt2,dankmemes,post,1553462522,negative
b51rcq,dankmemes,post,1553462598,negative
b7a38f,dankmemes,post,1553944233,negative
axo2y4,dankmemes,post,1551808813,neutral
b5337x,dankmemes,post,1553469846,negative
ayi167,darkjokes,post,1551994494,negative
ayntq0,happy,post,1552032574,negative
ax7roq,maryland,post,1551710072,neutral
b246t8,memes,post,1552821368,negative
b4e5jp,mildlyinfuriating,post,1553310207,negative
b546vg,misc,post,1553476112,negative
b34cuk,nba,post,1553036920,neutral
b4lxv0,osheaga,post,1553363067,negative
b6ucvd,pitchforkemporium,post,1553845127,negative
ay8mgh,reddevils,post,1551933534,neutral
ay8vvm,reddevils,post,1551935329,negative
ay8wnn,reddevils,post,1551935477,negative
ayfcqx,redditrequest,post,1551980613,neutral
b3x8gi,redditrequest,post,1553208676,neutral
b08b2h,redditrequest,post,1552400361,neutral
b371r9,redditrequest,post,1553052505,neutral
b3bvfd,redditrequest,post,1553087696,neutral
axeiue,subredditcancer,post,1551745068,neutral
b5ajv1,tea,post,1553519674,neutral
b3te74,tf2,post,1553189569,negative
b19yox,tf2,post,1552621023,negative
azn7oc,therewasanattempt,post,1552267857,neutral
aw62rr,unpopularopinion,post,1551453738,negative
b3hilf,wholesomememes,post,1553116270,negative
b71iwj,AskReddit,post,1553887518,neutral
b59yf0,AskReddit,post,1553516181,neutral
b5egdx,AskReddit,post,1553538739,negative
b2q5wj,Braincels,post,1552953931,negative
b5w3af,CanadianMOMs,post,1553638342,neutral
b2ettb,Conservative,post,1552887123,positive
b53n32,DDLC,post,1553472966,neutral
b2okcb,DesignerReps,post,1552945575,positive
b1lqpo,Drama,post,1552692440,neutral
aziskz,Guildwars2,post,1552243308,negative
b51eh9,HailCorporate,post,1553460817,negative
ayfqe1,IASIP,post,1551982512,neutral
b4679c,Libertarian,post,1553267478,neutral
b2q47r,Lovecraft,post,1552953668,neutral
b74zgw,Memes_Of_The_Dank,post,1553906269,negative
b6e75q,PewdiepieSubmissions,post,1553745897,negative
b7falz,PewdiepieSubmissions,post,1553975825,negative
awm8o5,Steam,post,1551560071,negative
b1szn5,Steam,post,1552746387,negative
b7oqre,SteamVR,post,1554044991,neutral
b52hec,The_Donald,post,1553466474,negative
b6w11u,dankmemes,post,1553858405,negative
b0h7d1,dankmemes,post,1552447739,neutral
axofzs,dankmemes,post,1551810628,negative
b50vi4,dankmemes,post,1553458170,negative
b2hdin,dankmemes,post,1552907270,neutral
b2r71o,dankmemes,post,1552959568,neutral
b72vb7,dankmemes,post,1553894416,negative
azyssm,dankmemes,post,1552338448,neutral
az93nd,drugscirclejerk,post,1552171349,neutral
b3timu,footballdownload,post,1553190165,neutral
b03jfo,gatekeeping,post,1552365209,negative
b6drgf,memes,post,1553742955,negative
b45pa0,pakistan,post,1553264822,neutral
b6evki,personalfinance,post,1553750777,neutral
b30qp5,rant,post,1553018938,negative
b4iry5,redditrequest,post,1553345143,neutral
b2qrpv,redditrequest,post,1552957243,neutral
b53bh7,redditrequest,post,1553471139,neutral
aza6a5,redditrequest,post,1552178161,neutral
b0birj,redditrequest,post,1552416908,neutral
b1fvjb,redditrequest,post,1552661565,neutral
b3m0p3,redditrequest,post,1553141122,neutral
b396m4,redditrequest,post,1553068102,neutral
b6z592,teenagers,post,1553875697,positive
b1qt5g,teenagers,post,1552729884,neutral
ax412u,unixporn,post,1551681524,neutral
b7rlxy,unpopularopinion,post,1554060439,negative
b00bb1,Animemes,post,1552346009,negative
b5vqti,AnthemTheGame,post,1553636638,negative
awcfbl,AnthemTheGame,post,1551491050,negative
axlrz6,CODZombies,post,1551796406,neutral
b4m18h,ChoosingBeggars,post,1553363550,negative
axz3aq,Christianity,post,1551880607,neutral
b6jd0y,DotA2,post,1553782788,neutral
az21l4,FortNiteBR,post,1552126221,negative
b6gx2n,JizzedToThis,post,1553767458,negative
b0kd8h,Juve,post,1552472639,negative
b32coe,Metroid,post,1553026904,negative
b3e5ye,PPC,post,1553099687,positive
b2gk9z,PewdiepieSubmissions,post,1552901374,negative
b2gowh,PewdiepieSubmissions,post,1552902359,neutral
b6so30,PewdiepieSubmissions,post,1553831840,negative
b11o1s,buccaneers,post,1552577319,neutral
b48n0x,dankmemes,post,1553279613,negative
b5ljv7,dankmemes,post,1553576474,negative
b6x3jx,dankmemes,post,1553865133,negative
b5a8iq,dankmemes,post,1553517889,negative
b3xuv1,dankmemes,post,1553212088,negative
ay5f7r,dankmemes,post,1551913931,negative
b6xt69,dankmemes,post,1553868974,negative
az9bj2,dankmemes,post,1552172691,neutral
b7au0c,dankmemes,post,1553949617,negative
b5uw0y,europe,post,1553632463,neutral
b5w7ss,europe,post,1553638975,negative
azo57x,hamptonbrandon,post,1552273506,negative
ays0ga,help,post,1552061697,negative
b473ek,offmychest,post,1553271891,negative
b477mb,offmychest,post,1553272507,negative
aw89f1,podcasting,post,1551466169,neutral
aydwnz,quityourbullshit,post,1551973146,neutral
axgmcb,redditrequest,post,1551757427,neutral
b2kgd0,redditrequest,post,1552924998,neutral
ay5h0q,screenshots,post,1551914207,negative
b15udk,skateboarding,post,1552597800,negative
b15dhw,softwaregore,post,1552595495,positive
b4pk77,stopsmoking,post,1553383054,negative
awrbqi,teenagers,post,1551593858,negative
b0m0zy,teenagers,post,1552483753,neutral
b087ci,thedivision,post,1552399755,neutral
b4qfq1,unpopularopinion,post,1553388537,negative
b0uxwp,unpopularopinion,post,1552530936,negative
b7ev0c,2007scape,post,1553973379,negative
b5okfl,ADHD,post,1553599983,neutral
b07taq,Cricket,post,1552397470,neutral
ay2k5t,DecidingToBeBetter,post,1551899271,neutral
b6xjdf,DeepFriedMemes,post,1553867583,negative
azj9k9,FCCincinnati,post,1552245843,neutral
b72pap,HistoryMemes,post,1553893537,neutral
awlw9z,Hotwife,post,1551558194,neutral
b5zd0z,MortalKombat,post,1553656760,neutral
aypxl2,NoFap,post,1552049516,neutral
b2pr01,Shitstatistssay,post,1552951711,neutral
b0bgk2,Winnipeg,post,1552416608,negative
b1a007,Winnipeg,post,1552621263,negative
azvazo,WritingPrompts,post,1552321050,positive
b3zgmp,assassinscreed,post,1553221380,negative
b7r6ql,assholedesign,post,1554058287,negative
ayzv94,cakeday,post,1552107447,positive
b4i3nu,chinaglass,post,1553340127,neutral
b2cvxe,dankmemes,post,1552873682,negative
ayqzji,dankmemes,post,1552055982,positive
b4okvm,dankmemes,post,1553377126,neutral
b0to5l,dankmemes,post,1552523290,neutral
b3yenq,dankmemes,post,1553215094,negative
b54vlp,dankmemes,post,1553480142,negative
b1d9uz,dankmemes,post,1552645903,negative
b6sy57,dankmemes,post,1553833829,negative
b5992o,dankmemes,post,1553511804,negative
b7ni6c,dankmemes,post,1554037221,negative
b3uh7n,dankmemes,post,1553194744,negative
b3uj43,dankmemes,post,1553194994,negative
b73m96,dankmemes,post,1553898429,negative
b3jq3a,darkjokes,post,1553127655,negative
b7cvt1,gatekeeping,post,1553962138,negative
b003yk,help,post,1552344928,neutral
ayhvi1,help,post,1551993626,neutral
b426rg,memes,post,1553240672,negative
b13m0v,phoenix,post,1552586803,neutral
ayx7ax,redditrequest,post,1552089452,neutral
b10sjp,redditrequest,post,1552572672,neutral
aw60ef,redditrequest,post,1551453381,neutral
awl75d,redditrequest,post,1551554277,neutral
azsr9l,redditrequest,post,1552306509,neutral
b2779k,redditrequest,post,1552841723,neutral
b0wb8d,redditrequest,post,1552540094,neutral
b11lsb,redditrequest,post,1552576990,neutral
b6ci4c,relationships,post,1553735287,negative
b21hbj,teenagers,post,1552796781,neutral
azeket,unpopularopinion,post,1552214931,negative
awr4kk,wow,post,1551592200,neutral
axzx36,4chan,post,1551885472,negative
ay0m0p,AnthemTheGame,post,1551889207,positive
awj8y5,AskReddit,post,1551543254,neutral
axm85p,AskReddit,post,1551799027,neutral
axm96k,AskReddit,post,1551799180,neutral
b4yvfe,AskWomen,post,1553448256,negative
b5ebl8,Atlanta,post,1553538131,neutral
b2vny9,Christianity,post,1552990747,neutral
b68qpb,DeepFriedMemes,post,1553715820,negative
axbb64,DestinyTheGame,post,1551728281,negative
b7i8aq,DestinyTheGame,post,1553994158,positive
b2t9rr,Drama,post,1552972359,negative
b77zm6,Fantasy,post,1553926724,negative
b5ppex,JustUnsubbed,post,1553606874,negative
aw35f7,Memes_Of_The_Dank,post,1551434425,neutral
b040nu,Michigan,post,1552368633,negative
b7gbo8,ModSupport,post,1553981829,neutral
b27h7k,ModSupport,post,1552843228,positive
b563ot,NoStupidQuestions,post,1553487802,neutral
b6ja71,OopsDidntMeanTo,post,1553782370,neutral
b2txbw,WackyTicTacs,post,1552977074,negative
b3j6tn,askwomenadvice,post,1553124796,neutral
b2ls8h,beyondthebump,post,1552931587,neutral
b5mf96,bostonceltics,post,1553582816,negative
b1yw5u,crusadersquest,post,1552779636,neutral
b2ia0t,dankmemes,post,1552913018,negative
b3grhi,dankmemes,post,1553112613,negative
b6ntwq,dankmemes,post,1553804700,negative
b6nw3p,dankmemes,post,1553805010,negative
ayznxe,dankmemes,post,1552106000,negative
b0ed33,dankmemes,post,1552431225,negative
b4wkch,dankmemes,post,1553435650,negative
b33gr6,dankmemes,post,1553032441,neutral
b0r34t,dankmemes,post,1552509826,neutral
b2cpms,dankmemes,post,1552872577,negative
b7skjm,darkjokes,post,1554065349,negative
b3ghhk,darkjokes,post,1553111240,neutral
b7d8gu,darksouls,post,1553964170,negative
b7e4gi,darksouls,post,1553969301,negative
b4zhu4,gaybros,post,1553451376,positive
b6cns9,im14andthisisdeep,post,1553736202,neutral
b41ez5,mildlyinteresting,post,1553234684,negative
b3vrad,newzealand,post,1553201073,positive
b23zt5,pakistan,post,1552819631,neutral
b3vlt5,phoenix,post,1553200314,neutral
ay5r00,redditrequest,post,1551915747,neutral
b3i2us,redditrequest,post,1553119035,neutral
azxie2,redditrequest,post,1552332109,neutral
b1fqj1,redditrequest,post,1552660796,neutral
azlkd6,thedavidpakmanshow,post,1552258002,neutral
azbqj9,youtube,post,1552189230,neutral
b366km,AskMen,post,1553047270,negative
b367bp,AskMen,post,1553047391,negative
azyl51,Comcast_Xfinity,post,1552337397,neutral
aw18am,DeepFriedMemes,post,1551419026,neutral
b1qufu,FashionReps,post,1552730209,neutral
b0pig5,GTAorRussia,post,1552502193,negative
avyjl2,Gotham,post,1551402006,negative
b5i47v,MurderedByWords,post,1553556315,neutral
b72at6,NCSU,post,1553891446,neutral
b75kez,NCSU,post,1553909878,negative
b2xi9t,PewdiepieSubmissions,post,1553002639,positive
b4emq8,TrueDetective,post,1553313387,negative
b4epqk,TrueDetective,post,1553313930,neutral
b4esrt,TrueDetective,post,1553314478,neutral
b35qet,WatchRedditDie,post,1553044605,negative
azfwa7,addiction,post,1552226414,negative
ayblt1,answers,post,1551957930,negative
azxe6g,bigboobproblems,post,1552331534,neutral
b5h21p,dankmemes,post,1553551035,negative
awddos,dankmemes,post,1551497686,negative
awnlxk,dankmemes,post,1551568040,negative
b3y3nb,dankmemes,post,1553213441,negative
ay98k8,dankmemes,post,1551937935,negative
ay31ja,darkjokes,post,1551901730,negative
b51ve9,darkjokes,post,1553463185,neutral
b79rre,distension,post,1553941702,negative
ayy1uu,electricdaisycarnival,post,1552094758,neutral
ay7ege,gaming,post,1551925620,negative
b7tnty,lakers,post,1554071216,negative
ayww1j,math,post,1552087551,neutral
b3ih1k,memes,post,1553121021,neutral
awngca,mildlyinfuriating,post,1551567106,negative
ayspjp,nba,post,1552065348,neutral
b08h2f,paydaytheheistmods,post,1552401354,negative
b5bfhp,redditrequest,post,1553524505,neutral
b18f8e,redditrequest,post,1552611472,neutral
aynup8,redditrequest,post,1552032798,neutral
b0rfr5,redditrequest,post,1552511574,neutral
az65zt,redditrequest,post,1552154570,neutral
b1ujru,socialism,post,1552755324,neutral
axh43k,teenagers,post,1551761421,negative
axt6ty,teenagers,post,1551836942,negative
b3rv1j,teenagers,post,1553182080,negative
ay3fi1,tipofmytongue,post,1551903740,neutral
b1zz6m,unpopularopinion,post,1552786386,negative
axh33b,unpopularopinion,post,1551761215,negative
b54pj5,ww2,post,1553479142,positive
axorjw,AnthemTheGame,post,1551812310,negative
b2a147,AskReddit,post,1552856880,neutral
b0ddbv,Bitcoin,post,1552426177,neutral
b4fjlt,Flume,post,1553319597,neutral
b40f6j,FortNiteBR,post,1553227471,neutral
b792ub,MapsWithoutNZ,post,1553935944,negative
b7dmvq,MortalKombat,post,1553966467,negative
awjdei,Neverbrokeabone,post,1551544005,negative
azel8c,Showerthoughts,post,1552215168,negative
b3ztcm,SoundsLikeMusic,post,1553223543,neutral
aza60s,Startup_Ideas,post,1552178110,neutral
b26kdd,SuddenlyGay,post,1552838216,negative
b1oy1k,WatchRedditDie,post,1552713557,negative
b5grak,answers,post,1553549595,neutral
b5u5ug,arma,post,1553628942,neutral
b1hp8v,bipolar,post,1552671057,neutral
b5l1uz,dankmemes,post,1553573139,negative
b3z5cv,dankmemes,post,1553219484,negative
b3ww4x,dankmemes,post,1553206854,neutral
b3wwti,dankmemes,post,1553206958,negative
b7u8nb,dankmemes,post,1554074584,negative
b1ovsq,dankmemes,post,1552713057,negative
axl8qj,dankmemes,post,1551793095,negative
b147gj,dankmemes,post,1552589795,neutral
b76wzh,dankmemes,post,1553918965,negative
b7b2xb,dankmemes,post,1553951267,negative
az69un,dankmemes,post,1552155158,neutral
b3zby0,dankmemes,post,1553220597,negative
b1uvtp,flatearth,post,1552757200,negative
b04jl6,foxholegame,post,1552372664,neutral
b65g06,greentext,post,1553698988,negative
axkle2,india,post,1551788744,neutral
b31s9m,jacksonville,post,1553024142,negative
b3yfa2,jailbreak,post,1553215193,neutral
b5izsm,modhelp,post,1553561024,neutral
b6b2iq,rapecounseling,post,1553727181,neutral
b11e08,realmadrid,post,1552575896,neutral
az5cf8,redditrequest,post,1552149901,neutral
axhov2,redditrequest,post,1551765441,neutral
b5fnng,redditrequest,post,1553544415,neutral
b6v1nz,redditrequest,post,1553851204,neutral
axgwsp,redditrequest,post,1551759990,neutral
b7tdm4,subredditcancer,post,1554069600,negative
b3nokl,theratio,post,1553153867,negative
b18y1h,unpopularopinion,post,1552614667,negative
b673xt,whitepeoplegifs,post,1553707986,negative
b21cqh,youtubetitties,post,1552795796,negative
awdg5g,AnthemTheGame,post,1551498138,negative
axd5i2,AskReddit,post,1551737549,negative
ay8n4v,Braincels,post,1551933659,negative
ayr9cg,Braincels,post,1552057569,neutral
ayuo1a,Braincels,post,1552075595,negative
azi6dh,Braincels,post,1552240015,negative
azos04,Braincels,post,1552277415,negative
b3snbg,Braincels,post,1553185911,positive
b4sp45,Braincels,post,1553403688,negative
b5z90s,Braincels,post,1553656047,neutral
b60amn,Braincels,post,1553663025,negative
b6kojs,Braincels,post,1553789330,negative
b6ws0o,Drama,post,1553863312,negative
awl8qi,Drugs,post,1551554523,negative
b0zqsz,FortNiteBR,post,1552566516,negative
awx2oo,LiverpoolFC,post,1551639030,neutral
b7ospv,Memes_Of_The_Dank,post,1554045310,negative
awoiy7,MouseReview,post,1551573605,neutral
axsvc7,NoFap,post,1551834975,neutral
b2zjg7,PewdiepieSubmissions,post,1553013071,negative
b7hw3n,PewdiepieSubmissions,post,1553991837,neutral
ayqssw,RLFashionAdvice,post,1552054885,negative
axx6o5,SUBREDDITNAME,post,1551866501,negative
ay4bxt,SUBREDDITNAME,post,1551908277,negative
awdtir,Sprint,post,1551500569,negative
az6gtg,StarTrekDiscovery,post,1552156242,negative
aw7z2g,StardustCrusaders,post,1551464603,neutral
b4rj20,TheVampireDiaries,post,1553395416,negative
b6ygxf,The_Donald,post,1553872312,neutral
b7ouig,Weddingsunder10k,post,1554045610,positive
b56owr,artstore,post,1553491886,neutral
azhh8p,britishcolumbia,post,1552236139,neutral
ayto8i,childfree,post,1552070392,neutral
azftmg,dank_meme,post,1552225879,neutral
b73dvr,dankmemes,post,1553897158,negative
b40ot1,dankmemes,post,1553229260,negative
b1kcay,dankmemes,post,1552684652,negative
b1okws,dankmemes,post,1552710785,neutral
b05513,dankmemes,post,1552377639,neutral
b7mirm,darkjokes,post,1554029613,negative
b26fsf,darksouls3,post,1552837468,neutral
axeeed,deadbydaylight,post,1551744392,neutral
b6jtfb,depression,post,1553785160,positive
b26msy,findareddit,post,1552838595,negative
b6l3j5,help,post,1553791324,neutral
axg7xe,jacksonville,post,1551755052,negative
b6emkl,memes,post,1553748971,neutral
ay5koi,modhelp,post,1551914759,neutral
b31uf6,ontario,post,1553024429,negative
b03bxc,pathofdiablo,post,1552363798,negative
b43zo8,progun,post,1553254510,neutral
b048mm,quityourbullshit,post,1552370301,positive
axee5k,redditrequest,post,1551744352,neutral
b3i91h,redditrequest,post,1553119896,neutral
b6zmeu,redditrequest,post,1553878076,neutral
b0rc5e,redditrequest,post,1552511076,neutral
ayij68,softwaregore,post,1551997201,neutral
ayan8y,softwaregore,post,1551949855,negative
b1375q,teenagers,post,1552584756,negative
b2y2qu,teenagers,post,1553005670,neutral
b2bm7c,teenagers,post,1552865919,neutral
b1v1gb,ukpolitics,post,1552758088,neutral
b3jv85,unpopularopinion,post,1553128466,neutral
b4s0pd,worldpowers,post,1553398668,negative
b4o2q5,AskReddit,post,1553374207,neutral
b6b6cr,AskReddit,post,1553727731,neutral
b5jyfm,AutoModerator,post,1553566329,neutral
azoiw1,BattleCatsCheats,post,1552275860,neutral
b1nb7f,Catholicism,post,1552702194,neutral
b37e35,ChapoTrapHouse,post,1553054704,negative
b1ws6i,DDLC,post,1552767340,neutral
b73xwq,Dell,post,1553900251,negative
b5vh6f,GalaxyS8,post,1553635306,neutral
b21e4q,JDM,post,1552796093,neutral
b3lq32,Memes_Of_The_Dank,post,1553139268,negative
avylcm,MusicCritique,post,1551402292,negative
b752ub,OutOfTheLoop,post,1553906833,neutral
b75kec,PewdiepieSubmissions,post,1553909874,neutral
b4r65x,RandomActsofCards,post,1553393172,positive
b6rzdf,RocketLeagueExchange,post,1553827305,neutral
b51pji,SCJerk,post,1553462342,negative
ay03j8,Showerthoughts,post,1551886468,negative
aw6udt,StarWarsBattlefront,post,1551457948,neutral
awl6t1,The_Donald,post,1551554226,negative
b28vlq,WatchRedditDie,post,1552850677,negative
b699nq,Winnipeg,post,1553718371,negative
ax1hmn,dankmemes,post,1551664571,negative
b7j709,dankmemes,post,1554001028,negative
b7k86v,dankmemes,post,1554009079,negative
axai7c,dankmemes,post,1551724302,neutral
b5b276,dankmemes,post,1553522517,negative
b3ee0l,dankmemes,post,1553100794,negative
b7uiph,fakehistoryporn,post,1554076243,negative
ayg0ym,fasting,post,1551984035,neutral
ay8zhf,funkopop,post,1551936041,positive
b1wax4,funkopop,post,1552764804,neutral
az4wra,funny,post,1552147390,positive
b1bn38,gameDevClassifieds,post,1552632959,neutral
b4ubx3,learnprogramming,post,1553418135,neutral
awlyov,linuxmasterrace,post,1551558557,neutral
azi2gv,memes,post,1552239407,negative
b4si61,memes,post,1553402161,negative
b0u2h1,modhelp,post,1552525596,neutral
b37sku,pokemon,post,1553057474,neutral
b4gmdt,redditrequest,post,1553327966,neutral
b4k57m,redditrequest,post,1553353622,neutral
ay80qo,redditrequest,post,1551929496,neutral
b3vj3n,redditrequest,post,1553199928,neutral
b1jh6e,shrooms,post,1552680098,neutral
azolkd,teenagers,post,1552276325,neutral
b2mp49,teenagers,post,1552936157,neutral
b3dydv,thedivision,post,1553098660,negative
b37w7a,unpopularopinion,post,1553058192,neutral
azjnan,unpopularopinion,post,1552247837,negative
azxmqh,xboxone,post,1552332719,negative
b0gnuz,xboxone,post,1552444222,neutral
b6shas,zen,post,1553830523,positive
awkxbl,AnthemTheGame,post,1551552746,neutral
b2qvds,AskOuija,post,1552957794,neutral
b34v0i,AskReddit,post,1553039631,neutral
b69twl,AskReddit,post,1553721096,neutral
b7fczk,Borderlands,post,1553976200,neutral
aw07vs,Calgary,post,1551412413,negative
b27iuv,Conservative,post,1552843492,negative
b2jtx7,FreeSpeech,post,1552921791,negative
awiqwd,Gunners,post,1551540151,neutral
b3a0h9,KissAnime,post,1553075026,neutral
b0n16z,NoStupidQuestions,post,1552489564,neutral
b4e445,Persona5,post,1553309961,neutral
b5cgx0,PrequelMemes,post,1553529712,neutral
b3ieyl,SonicTheHedgehog,post,1553120726,negative
b7jeip,SubredditDrama,post,1554002606,negative
b36pjk,Supreme,post,1553050437,neutral
b4j27a,TrueChristian,post,1553347031,positive
b5052m,atheism,post,1553454650,negative
aw6nc9,bakchodi,post,1551456855,neutral
azreew,bakchodi,post,1552296805,negative
b0n4wz,bakchodi,post,1552490142,neutral
b24jza,bakchodi,post,1552824641,negative
b2fqjp,bakchodi,post,1552894528,neutral
b2l442,bakchodi,post,1552928282,negative
b2l4li,bakchodi,post,1552928355,negative
b2sir2,bakchodi,post,1552967333,negative
b4wrn5,bakchodi,post,1553436869,neutral
b3n3s3,bipolar,post,1553148944,neutral
b0oizg,btc,post,1552497295,neutral
b3swah,dankmemes,post,1553187125,negative
b3t30v,dankmemes,post,1553188040,negative
b5wuo6,dankmemes,post,1553642277,negative
b725q9,dankmemes,post,1553890727,negative
b42wli,dankmemes,post,1553246356,neutral
b51xno,dankmemes,post,1553463513,negative
b7p7c1,dankmemes,post,1554047772,negative
b40ylw,dankmemes,post,1553231197,negative
b6u8sf,dankmemes,post,1553844126,neutral
awum84,dankmemes,post,1551624575,negative
b5fsi5,dankmemes,post,1553545053,negative
b7es6f,dankmemes,post,1553972974,negative
b3jebb,dankmemes,post,1553125893,neutral
b1p76p,dankmemes,post,1552715621,negative
azb2lz,feedthebeastservers,post,1552184415,neutral
b3p282,iamverybadass,post,1553165330,negative
b4ql9b,iamverybadass,post,1553389533,neutral
b7duzg,karma,post,1553967794,negative
b7qpdf,madlads,post,1554055762,neutral
b1r3qr,memes,post,1552732442,neutral
aytuqy,memes,post,1552071337,negative
ax0bfg,redditrequest,post,1551657242,neutral
b0vtq1,redditrequest,post,1552536639,neutral
azh1v5,redditrequest,post,1552233673,neutral
awdsz8,redditrequest,post,1551500473,neutral
ay5ivk,redditrequest,post,1551914488,neutral
b24wdg,redditrequest,post,1552827444,neutral
b1ru05,unpopularopinion,post,1552738446,negative
ayogt2,2007scape,post,1552038295,negative
b5vpe2,AnthemTheGame,post,1553636440,negative
azn7vl,AnthemTheGame,post,1552267894,neutral
b21mmw,AskOuija,post,1552797964,negative
b2kbr6,CFB,post,1552924340,positive
aw34ja,CompetitiveWoW,post,1551434222,neutral
b2d0kp,DBZDokkanBattle,post,1552874506,negative
b7gsrd,DDLC,post,1553984760,neutral
b7h5z8,DDLC,post,1553987077,neutral
b076ix,FortNiteBR,post,1552393532,negative
b49e69,GlobalOffensive,post,1553283360,negative
b4b7xf,NoStupidQuestions,post,1553292686,neutral
b0vss2,PewdiepieSubmissions,post,1552536467,positive
b25b46,SandersForPresident,post,1552830402,neutral
b4dmit,ShingekiNoKyojin,post,1553306756,neutral
awvp0x,SpaceXMasterrace,post,1551631408,neutral
awv0u1,StardewValley,post,1551627251,neutral
b2zjv1,TownofSalemgame,post,1553013128,neutral
b5i3x1,WatchRedditDie,post,1553556270,negative
ay64ec,adultery,post,1551917913,negative
b29l4c,assassinscreed,post,1552854480,neutral
ayyekk,azdiamondbacks,post,1552097129,neutral
aw7riz,bakchodi,post,1551463497,negative
axs4m5,beetlejuicing,post,1551830446,negative
b0hnbn,conservation,post,1552450721,neutral
b5pubz,dankmemes,post,1553607640,neutral
b73gq8,dankmemes,post,1553897587,neutral
b51ov4,dankmemes,post,1553462247,negative
b4t9j0,dankmemes,post,1553408331,negative
b3wdwn,dankmemes,post,1553204256,neutral
b39jca,dankmemes,post,1553071069,neutral
b28khn,dankmemes,post,1552849066,negative
b4pusl,dankmemes,post,1553384875,negative
b5tbps,dankmemes,post,1553624947,negative
b6e4km,dankmemes,post,1553745415,neutral
azkwl2,deathgrips,post,1552254445,neutral
b5fh1g,gaming,post,1553543546,negative
b54nca,harrypotter,post,1553478785,neutral
b5ksgm,hinduism,post,1553571396,negative
b4h0j2,memes,post,1553331363,negative
b0nky2,penguins,post,1552492508,negative
b7j957,redditrequest,post,1554001468,neutral
b2l4lv,redditrequest,post,1552928356,neutral
b299n7,redditrequest,post,1552852738,neutral
b37c3b,redditrequest,post,1553054355,neutral
az42nz,runescape,post,1552142139,neutral
b49br9,runescape,post,1553283024,negative
b4ebge,sbubby,post,1553311292,neutral
b1kmby,secretsanta,post,1552686156,neutral
awb665,thedivision,post,1551482848,neutral
b1gx0x,unitedkingdom,post,1552667097,neutral
aw758g,untrustworthypoptarts,post,1551459678,neutral
b00xlt,vexillologycirclejerk,post,1552349425,negative
b4qs2e,worldpowers,post,1553390736,negative
b0and3,xboxone,post,1552412519,neutral
b6lg19,2007scape,post,1553792973,neutral
ax2zn3,2007scape,post,1551674159,neutral
b73iol,AskReddit,post,1553897885,neutral
b7d861,AskReddit,post,1553964129,negative
awr255,AskReddit,post,1551591633,negative
b7fpig,BMW,post,1553978190,negative
b4do8f,CarletonU,post,1553307074,negative
b07d6z,ClashOfClans,post,1552394750,negative
aym4s5,DDLC,post,1552019513,neutral
ayu8pu,DDLC,post,1552073361,neutral
aywpfu,DDLC,post,1552086532,neutral
azccgi,DDLC,post,1552193819,neutral
azsyh7,DDLC,post,1552307822,negative
b13253,DDLC,post,1552584090,negative
b3dqlm,Drama,post,1553097610,neutral
b0un8k,EnterTheGungeon,post,1552529104,negative
b3h9r8,MCFC,post,1553115076,neutral
b2n52q,ModSupport,post,1552938381,neutral
axii07,Music,post,1551771422,neutral
b0rnx4,PewdiepieSubmissions,post,1552512706,negative
b5do7r,PewdiepieSubmissions,post,1553535148,negative
b3wuo0,Showerthoughts,post,1553206635,negative
b2psq1,StallmanWasRight,post,1552951971,negative
awwgmz,TopMindsOfReddit,post,1551635774,negative
b0br8h,TopMindsOfReddit,post,1552418086,negative
b4pyhe,TopMindsOfReddit,post,1553385515,negative
ayudeq,TrueOffMyChest,post,1552074057,negative
awnrea,UBC,post,1551568958,positive
b6d9vu,barista,post,1553739899,positive
b4ke1s,belgium,post,1553354995,negative
b7s60w,dankmemes,post,1554063281,negative
b7bd0x,dankmemes,post,1553953068,negative
b6zg1g,dankmemes,post,1553877193,negative
b7gmdb,dankmemes,post,1553983634,neutral
b6c96u,dankmemes,post,1553733836,negative
b6t6kn,dankmemes,post,1553835586,negative
b4n7gu,dankmemes,post,1553369603,neutral
b0e1db,dankmemes,post,1552429566,neutral
b2n23j,dayz,post,1552937960,neutral
b1w4r6,flatearth,post,1552763921,negative
b1757g,formula1,post,1552604274,positive
b36pag,memes,post,1553050390,negative
b5hx12,memes,post,1553555244,negative
aw5kv5,redditrequest,post,1551450886,neutral
b3razx,redditrequest,post,1553179207,neutral
b4bugi,redditrequest,post,1553296043,neutral
awl3o9,redditrequest,post,1551553728,neutral
b06kz1,redditrequest,post,1552389384,neutral
aygdn5,redditrequest,post,1551985841,neutral
ayle03,sex,post,1552014441,negative
aymnfb,singing,post,1552023175,neutral
b4orth,teenagers,post,1553378277,neutral
b0ofnu,wtfstockphotos,post,1552496825,negative
b5luv7,AccidentalComedy,post,1553578559,negative
b58fcs,AmItheAsshole,post,1553506242,neutral
b08mk2,AnthemTheGame,post,1552402210,negative
b5rky6,AnthemTheGame,post,1553616514,negative
b5fdvs,AskMen,post,1553543135,neutral
b1wbln,AskReddit,post,1552764895,negative
b0wd3h,AskReddit,post,1552540471,neutral
ayuk3k,DoesAnybodyElse,post,1552075031,negative
b2ovjy,DoesAnybodyElse,post,1552947173,negative
b0z6zj,Drama,post,1552562926,negative
awxdh7,EggsInc,post,1551640646,neutral
b68rlo,HalfLife,post,1553715936,neutral
b6f47o,JustUnsubbed,post,1553752630,negative
aynf6y,MechanicAdvice,post,1552029139,neutral
b2y6ao,PewdiepieSubmissions,post,1553006192,neutral
b2r9f7,RATS,post,1552959927,neutral
aztth2,ShortFilm,post,1552313049,neutral
az8yli,SoundersFC,post,1552170513,neutral
b0sfy1,The_Donald,post,1552516659,negative
b38fa6,WatchRedditDie,post,1553062092,neutral
b5zoj0,bakchodi,post,1553658852,neutral
ay219e,bugs,post,1551896586,neutral
b7ja4r,dankmemes,post,1554001679,neutral
b3zujo,dankmemes,post,1553223742,negative
b3yd3q,dankmemes,post,1553214855,negative
b2ds2p,depression,post,1552879547,negative
b6y90z,europe,post,1553871252,negative
aw41sj,history,post,1551441412,negative
b5vaee,mexico,post,1553634381,neutral
b0g8md,modhelp,post,1552441649,neutral
ayfx0d,modhelp,post,1551983463,neutral
b2y71q,newreddits,post,1553006306,neutral
b1bgan,newzealand,post,1552631499,negative
b0hp2c,nfl,post,1552451055,negative
awhn52,pokemon,post,1551532395,neutral
aw0w8q,postmates,post,1551416778,neutral
aw860o,rant,post,1551465665,negative
b5do3y,redditrequest,post,1553535134,neutral
b5iidr,redditrequest,post,1553558462,neutral
b0kybp,redditrequest,post,1552477011,neutral
azxtgg,redditrequest,post,1552333666,neutral
b0kbco,redditrequest,post,1552472208,neutral
b61dqf,redditrequest,post,1553671119,neutral
awcya6,redditrequest,post,1551494757,neutral
ax3egm,teenagers,post,1551676967,neutral
b2hukk,thedivision,post,1552910389,neutral
aya7jz,unpopularopinion,post,1551945713,negative
b4zvye,worldpowers,post,1553453379,negative
b5serr,2007scape,post,1553620530,negative
b0n63z,AskReddit,post,1552490314,neutral
b2kbvp,AutoModerator,post,1552924357,neutral
awc9xy,CasualConversation,post,1551489990,negative
axsmnm,DunderMifflin,post,1551833452,neutral
awhate,FortNiteBR,post,1551529671,negative
b0zkhg,Fuckthealtright,post,1552565415,negative
ax89m2,Knoxville,post,1551712986,neutral
aw6ocv,MortalKombat,post,1551457007,negative
b406en,RWBY,post,1553225854,negative
aw6mcx,Showerthoughts,post,1551456697,neutral
b3id1l,Showerthoughts,post,1553120441,negative
awvnkm,brockhampton,post,1551631156,neutral
b4i4wu,confession,post,1553340382,negative
b40pms,dankmemes,post,1553229427,negative
b0blvk,dankmemes,post,1552417345,neutral
b78ptu,dankmemes,post,1553932747,negative
b4qbqi,dankmemes,post,1553387829,neutral
ayibep,dankmemes,post,1551996043,negative
b4xax0,dankmemes,post,1553439955,negative
ay0as7,dankmemes,post,1551887577,negative
b45lsl,dankmemes,post,1553264291,neutral
b47mag,dankmemes,post,1553274590,negative
azykdo,dwarffortress,post,1552337295,neutral
b4droy,flying,post,1553307696,negative
ayg795,forhonor,post,1551984939,negative
b3oiq7,harmonica,post,1553161048,neutral
b7spkw,ireland,post,1554066075,negative
b1fiq1,ireland,post,1552659594,neutral
ay9pta,maui,post,1551941561,neutral
b3lem1,mildlyinfuriating,post,1553137363,negative
b7kx5u,nrl,post,1554015163,negative
b60xkm,pewdiepie,post,1553667745,negative
b67qed,pewdiepie,post,1553710968,negative
b41ecb,reactiongifs,post,1553234556,neutral
b06fhk,redditrequest,post,1552388340,neutral
b74xvh,redditrequest,post,1553905997,neutral
axmt7i,redditrequest,post,1551802180,neutral
ay5djj,sadcringe,post,1551913689,neutral
azhw1i,teenagers,post,1552238411,negative
b2nm11,teenagers,post,1552940810,negative
b2o9cv,teenagers,post,1552944039,negative
b58zm4,teenagers,post,1553510104,neutral
b0wxeh,udub,post,1552544794,neutral
b51url,AskReddit,post,1553463097,neutral
b27941,AskThe_Donald,post,1552842002,negative
aw99oi,CringeAnarchy,post,1551471780,neutral
axn5z2,Eminem,post,1551804056,negative
ayk9kh,FortNiteBR,post,1552007201,neutral
b2qt1e,FortNiteBR,post,1552957439,negative
b30mci,Korean,post,1553018366,positive
awroz6,LSD,post,1551597108,neutral
ayujf3,LSD,post,1552074929,negative
b70025,LSD,post,1553879963,negative
b55ecq,Memes_Of_The_Dank,post,1553483285,neutral
ayhn0w,Memes_Of_The_Dank,post,1551992421,positive
b3g2o2,MortalKombat,post,1553109193,neutral
b3g50j,MortalKombat,post,1553109504,neutral
ayy30o,PS4,post,1552094968,negative
b4u6lw,PewdiepieSubmissions,post,1553416763,negative
ay1ap1,ShadowBan,post,1551892813,neutral
ayxnxx,SubredditDrama,post,1552092271,negative
b5qapb,brexit,post,1553610096,neutral
awu0cj,carporn,post,1551619815,positive
b3637f,compsci,post,1553046707,neutral
b64hjw,dankmemes,post,1553693272,negative
ay811r,dankmemes,post,1551929553,negative
b558lp,dankmemes,post,1553482309,negative
b4mj88,dankmemes,post,1553366120,negative
b4mpe1,dankmemes,post,1553367024,neutral
awt6c9,dankmemes,post,1551612285,negative
b5gucz,dankmemes,post,1553550002,negative
b3uo82,dankmemes,post,1553195677,positive
axd01k,dankmemes,post,1551736755,negative
aznvrl,electronic_cigarette,post,1552271906,neutral
ax4269,gamedetectives,post,1551681760,neutral
axv9lo,hamptonbrandon,post,1551850412,neutral
b29cjc,legaladvice,post,1552853168,neutral
b1oqk7,memes,post,1552711960,negative
b4usmh,memes,post,1553422218,negative
b31uq8,mildlyinteresting,post,1553024475,neutral
b4h0fr,redditrequest,post,1553331339,neutral
b121id,redditrequest,post,1552579276,neutral
b439d1,subredditcancer,post,1553249111,negative
az4sd5,subredditcancer,post,1552146660,neutral
b6tmg3,unpopularopinion,post,1553839019,negative
b66b4g,unpopularopinion,post,1553704183,negative
b008mq,AskMen,post,1552345612,neutral
b4tpgb,AskOuija,post,1553412296,neutral
ayhtk0,AskReddit,post,1551993331,negative
b47wf0,Calgary,post,1553276009,negative
b1omtz,Comcast,post,1552711179,negative
b5iy4y,Comcast,post,1553560779,neutral
b5bm1m,DC_Cinematic,post,1553525453,negative
azclpl,Defenders,post,1552195787,negative
b5vydu,Drama,post,1553637670,negative
axsrh0,EDH,post,1551834282,neutral
b3aty2,ForeverAlone,post,1553081119,negative
b4qomt,FortNiteBR,post,1553390132,negative
b4qpt1,FortNiteBR,post,1553390339,neutral
b4qs7v,FortNiteBR,post,1553390764,negative
b4qspf,FortNiteBR,post,1553390847,negative
ayt5im,HighQualityGifs,post,1552067688,neutral
b0goxo,HighQualityGifs,post,1552444405,negative
b1rmkt,Minecraft,post,1552736800,neutral
b3fkqx,MortalKombat,post,1553106701,negative
b7saly,PewdiepieSubmissions,post,1554063926,neutral
b5fgky,PewdiepieSubmissions,post,1553543489,positive
b4od42,Political_Revolution,post,1553375863,negative
awva99,RightwingLGBT,post,1551628911,positive
azfqm4,SCJerk,post,1552225246,negative
b182b2,Showerthoughts,post,1552609331,negative
axmqd0,Warhammer40k,post,1551801785,neutral
ay6r8x,adultery,post,1551921727,negative
aw85sx,boardsofcanada,post,1551465629,neutral
b12al5,canucks,post,1552580456,neutral
aw5d41,childfree,post,1551449653,neutral
b5jgc9,dankmemes,post,1553563504,neutral
b4e6pp,dankmemes,post,1553310421,neutral
b6u876,dankmemes,post,1553843989,negative
b3kmk1,dankmemes,post,1553132814,negative
b3pkn5,dankmemes,post,1553168929,negative
aw5bns,dankmemes,post,1551449433,negative
azk180,dankmemes,post,1552249829,negative
b5s0ur,dankmemes,post,1553618646,negative
b3xmns,dankmemes,post,1553210821,neutral
b3yxcg,dankmemes,post,1553218187,negative
b4yyq8,dankmemes,post,1553448724,negative
b7hydt,dankmemes,post,1553992268,negative
ayjnkf,gaming,post,1552003526,negative
b2088o,iamverybadass,post,1552788007,negative
aw5vur,lawschooladmissions,post,1551452665,negative
b2asq9,memes,post,1552861155,negative
b5y0ii,opieandanthony,post,1553648697,neutral
b1klxw,subredditcancer,post,1552686102,neutral
azloc5,teenagers,post,1552258659,neutral
b008d1,unpopularopinion,post,1552345570,negative
axt2il,vegaslocals,post,1551836209,neutral
axee4r,worldpolitics,post,1551744348,neutral
b3bjxn,AnthemTheGame,post,1553085840,positive
b0ozif,AnthemTheGame,post,1552499571,negative
aygd96,ApplyingToCollege,post,1551985785,neutral
awg9dg,AskReddit,post,1551520532,negative
az93u2,AutoModerator,post,1552171379,neutral
ayy4zw,Braincels,post,1552095332,neutral
b2j8q2,Brawlhalla,post,1552918600,negative
b63blm,ElderScrolls,post,1553686176,negative
awyenj,FL_Studio,post,1551646222,negative
b3ihom,HistoryMemes,post,1553121105,negative
b5zevf,Kaiserreich,post,1553657082,negative
b7kgjz,Marvel,post,1554011011,negative
b0j737,Memes_Of_The_Dank,post,1552462356,negative
b4cb9j,NoStupidQuestions,post,1553298653,neutral
azi7cz,Overwatch,post,1552240168,positive
b5tmcj,PewdiepieSubmissions,post,1553626382,negative
axnsc8,Superbowl,post,1551807273,negative
b2r06o,The_Donald,post,1552958494,neutral
b1skrh,antisocialsocialclub,post,1552743858,neutral
b5tfeh,boottoobig,post,1553625435,negative
b32m6j,collapse,post,1553028238,neutral
awp5tx,copypasta,post,1551577865,negative
b414ga,dankmemes,post,1553232397,negative
aykux4,dankmemes,post,1552011008,negative
b6v1d2,dankmemes,post,1553851140,negative
b74500,dankmemes,post,1553901297,neutral
b28xkf,dankmemes,post,1552850970,negative
b5pcan,dankmemes,post,1553604808,negative
b6p57j,dankmemes,post,1553811272,negative
b50lca,dankmemes,post,1553456838,negative
b50nq2,dankmemes,post,1553457160,negative
awqoti,dankmemes,post,1551588813,neutral
ayiy2o,dankmemes,post,1551999501,negative
b4vud1,dankmemes,post,1553430625,negative
b4oqze,dankmemes,post,1553378143,negative
b4cqxx,gaming,post,1553301214,negative
b1oo4i,gradadmissions,post,1552711440,negative
axxcsx,help,post,1551867924,neutral
b2zswt,help,post,1553014386,negative
b73iox,memes,post,1553897886,negative
axmbhm,redditrequest,post,1551799563,neutral
ay4zh7,redditrequest,post,1551911621,neutral
az9jw3,redditrequest,post,1552174166,neutral
aylhv5,redditrequest,post,1552015165,negative
ayxxmu,redditrequest,post,1552093993,neutral
ay2fc1,redditrequest,post,1551898577,neutral
awv3tr,roblox,post,1551627801,neutral
awclqm,sad,post,1551492274,negative
b4t9zc,selfharm,post,1553408439,neutral
b2srwl,teenagers,post,1552968992,neutral
b76cfa,unpopularopinion,post,1553914881,negative
az4la4,Accutane,post,1552145413,negative
axyagz,Adoption,post,1551875299,neutral
b1thpq,AnthemTheGame,post,1552749372,neutral
az6bpq,AnthemTheGame,post,1552155449,negative
ax0pl3,AskReddit,post,1551659612,neutral
b2jjgq,AskReddit,post,1552920263,neutral
b1p4ob,AskReddit,post,1552715045,negative
b5lfl4,Bad_Cop_No_Donut,post,1553575633,negative
b1u6c4,BannedFromThe_Donald,post,1552753254,negative
b30iq3,Braincels,post,1553017884,positive
b2z5rp,Fitness,post,1553011229,negative
b5na9z,Flat_Earth,post,1553590144,negative
awbu1m,INTP,post,1551487010,neutral
b7abk1,LGBTeens,post,1553946013,neutral
b5n7fx,NoStupidQuestions,post,1553589422,neutral
axf29m,Predators,post,1551748229,negative
b57fxd,Schizoid,post,1553497869,negative
b5h8i2,ThePopcornStand,post,1553551901,positive
awkm57,TopMindsOfReddit,post,1551550993,negative
aysxy4,TopMindsOfReddit,post,1552066561,negative
b29n87,TopMindsOfReddit,post,1552854794,neutral
b3nkmo,TopMindsOfReddit,post,1553152964,negative
b3xivk,TopMindsOfReddit,post,1553210230,negative
b4xkmb,TopMindsOfReddit,post,1553441426,negative
b6pnzm,TopMindsOfReddit,post,1553813963,negative
b3o0qq,TrueOffMyChest,post,1553156736,negative
b3fx7i,dank_meme,post,1553108431,negative
b6t70n,dankmemes,post,1553835682,negative
b6xk3h,dankmemes,post,1553867683,negative
b5agdu,dankmemes,post,1553519140,negative
b5akap,dankmemes,post,1553519740,negative
b6dei7,dankmemes,post,1553740692,neutral
b6dhdl,dankmemes,post,1553741176,negative
b21mai,dankmemes,post,1552797890,negative
b7gsui,darkjokes,post,1553984773,neutral
azyax8,ideasfortheadmins,post,1552336013,neutral
b32u7s,kansascity,post,1553029340,negative
b25r4d,marketing,post,1552833348,neutral
awj59v,memes,post,1551542646,neutral
b20fz9,notinteresting,post,1552789407,negative
b14sai,redditrequest,post,1552592616,neutral
b7ilc1,redditrequest,post,1553996633,neutral
b0ubh0,redditrequest,post,1552527075,neutral
az65lt,redditrequest,post,1552154519,neutral
b2endc,redditrequest,post,1552885790,neutral
b4eru4,redditrequest,post,1553314306,neutral
b7gu16,redditrequest,post,1553984975,neutral
b1eviy,redditrequest,post,1552656007,neutral
b646p6,synthesizers,post,1553691596,positive
b026lr,unpopularopinion,post,1552356739,negative
axbyod,unpopularopinion,post,1551731526,neutral
b3kynt,unpopularopinion,post,1553134741,negative
b46l52,uofm,post,1553269387,negative
b6ivv8,worldofpvp,post,1553780235,neutral
b682jy,AndroidWear,post,1553712595,neutral
azv0ve,Animemes,post,1552319623,neutral
axb4bi,AnthemTheGame,post,1551727351,negative
b2sj4j,AskReddit,post,1552967403,neutral
b1y6uc,AskReddit,post,1552775281,negative
b3yvee,AusSkincare,post,1553217853,neutral
b3e2ck,BobsBurgers,post,1553099201,neutral
b0c94w,DDLC,post,1552420550,neutral
az0z4o,DevilMayCry,post,1552116350,positive
b6iwwu,Fantasy,post,1553780397,negative
b6kwbd,Fantasy,post,1553790361,negative
b6m5ua,Fantasy,post,1553796485,negative
b6mg8d,Fantasy,post,1553797916,neutral
b7qnpj,Fantasy,post,1554055530,negative
azbdin,Flume,post,1552186595,neutral
ayu5d1,Fuckthealtright,post,1552072866,negative
az6i3w,GlobalOffensiveTrade,post,1552156434,negative
aya7zy,JordanPeterson,post,1551945828,negative
b54jyl,MkeBucks,post,1553478232,neutral
b5ii9k,ModSupport,post,1553558445,negative
b75y2d,PrequelMemes,post,1553912308,negative
b13f00,Rainbow6,post,1552585838,neutral
b708vd,RedPillWomen,post,1553881179,neutral
b3wgr0,SamandTolki,post,1553204659,neutral
b7hjat,TooAfraidToAsk,post,1553989467,negative
axfxio,UniversityOfHouston,post,1551753348,negative
b3isxz,VinylReleases,post,1553122739,negative
b11uxb,albiononline,post,1552578303,negative
ayiqsp,boottoobig,post,1551998378,neutral
awl7kv,boottoobig,post,1551554347,negative
awns5v,boottoobig,post,1551569087,negative
axiclv,boottoobig,post,1551770294,neutral
ay7z96,boottoobig,post,1551929239,negative
b0b3h0,boottoobig,post,1552414772,negative
b0lm4p,boottoobig,post,1552481289,neutral
b1s6cx,boottoobig,post,1552741143,negative
b4cmuh,boottoobig,post,1553300525,negative
b4ez5o,boottoobig,post,1553315680,negative
b5lmxo,boottoobig,post,1553577038,negative
b7kv41,boottoobig,post,1554014653,negative
awlbpv,buccos,post,1551554993,neutral
b7eacr,dankmemes,post,1553970232,negative
b1hopg,dankmemes,post,1552670980,negative
b6zi7d,dankmemes,post,1553877505,negative
b6qm9v,dankmemes,post,1553819125,negative
b38rio,dankmemes,post,1553064753,negative
b45wpl,dankmemes,post,1553265932,negative
b0gxzi,dankmemes,post,1552446045,neutral
b3yk5n,dankmemes,post,1553215985,negative
b1fpn3,dankmemes,post,1552660654,negative
b0yira,forhonor,post,1552558039,neutral
b1x8tt,funny,post,1552769859,neutral
b2il0b,funny,post,1552914795,negative
azbm2x,funny,post,1552188311,negative
b4jr0e,furry,post,1553351362,neutral
b04xg7,help,post,1552375770,negative
b0o6g7,jerma985,post,1552495536,neutral
b7q4m5,kpop,post,1554052841,neutral
axvyq6,legaladvice,post,1551855646,neutral
b7daju,memes,post,1553964514,neutral
awxd0e,reactiongifs,post,1551640578,negative
b5xj18,redditrequest,post,1553646031,neutral
b00k8g,redditrequest,post,1552347354,neutral
azmo66,redditrequest,post,1552264544,neutral
b51y3l,redditrequest,post,1553463578,neutral
b5dqej,redditrequest,post,1553535431,neutral
b0adx0,redditrequest,post,1552411160,neutral
b149lb,redditrequest,post,1552590085,neutral
b1qutf,redditrequest,post,1552730307,neutral
b1tamv,redditrequest,post,1552748208,neutral
azdv6t,redditrequest,post,1552207653,neutral
b3pojc,smashbros,post,1553169666,negative
az9j0s,solotravel,post,1552174008,negative
b3mqhm,teenagers,post,1553146014,negative
b4xzqd,teenagers,post,1553443653,negative
b0f1he,tennis,post,1552434845,neutral
b1nkft,tressless,post,1552703871,negative
b5gikc,unpopularopinion,post,1553548464,negative
b2q9tz,yakuzagames,post,1552954492,negative
b3yo65,2007scape,post,1553216652,neutral
b4lvnw,CasualUK,post,1553362756,neutral
b3gdzt,ForHonorEmblems,post,1553110756,neutral
b3u43v,Good_Cop_Free_Donut,post,1553192981,negative
b6lmxn,Justrolledintotheshop,post,1553793912,neutral
aw1z65,Kanye,post,1551424458,negative
b74ztq,MMORPG,post,1553906325,neutral
axh3j3,PartyParrot,post,1551761309,negative
aww54x,RoastMe,post,1551633952,negative
b7ga0h,SkyrimTogether,post,1553981544,negative
ayvt33,SoCalR4R,post,1552081774,neutral
b7tyhk,StarWars,post,1554072960,negative
azqn4m,SubredditDrama,post,1552290538,neutral
b2uboj,TheCinemassacre,post,1552979982,negative
b5ekk3,TheWalkingDeadGame,post,1553539389,neutral
ayr6fj,The_Donald,post,1552057113,neutral
b7mvsm,bonehurtingjuice,post,1554032547,neutral
ax0czi,cars,post,1551657506,neutral
b7krjn,dank_meme,post,1554013730,negative
b2845h,dankmemes,post,1552846648,negative
b6tog6,dankmemes,post,1553839484,negative
b7p5xh,dankmemes,post,1554047537,neutral
b4znyz,dankmemes,post,1553452241,negative
b6uwb2,dankmemes,post,1553850009,neutral
b3w4yo,dankmemes,post,1553202985,negative
b35knz,furry_irl,post,1553043674,negative
ax7k5s,infertility,post,1551708798,positive
b6nnpu,insanepeoplefacebook,post,1553803831,neutral
axrrqj,ireland,post,1551828314,neutral
az6nx5,islam,post,1552157339,neutral
ayj74q,me_irl,post,1552000850,neutral
azb44z,memes,post,1552184722,negative
b51eel,memes,post,1553460805,neutral
b51fql,memes,post,1553460997,neutral
b6w1ea,memes,post,1553858470,negative
axf1vu,opieandanthony,post,1551748163,positive
b5x0wg,opieandanthony,post,1553643242,negative
b5xxsn,opieandanthony,post,1553648278,neutral
axf9c8,redditrequest,post,1551749397,neutral
azf3xn,redditrequest,post,1552220087,neutral
b588v5,redditrequest,post,1553504888,neutral
b6mf92,selfie,post,1553797781,positive
b7jpmu,socialmedia,post,1554004988,neutral
b7fiib,teenagers,post,1553977061,neutral
azgv8n,teenagers,post,1552232595,negative
b6xc90,thelastofus,post,1553866481,positive
ayoi52,totalwar,post,1552038621,neutral
b4w0q3,unpopularopinion,post,1553431945,negative
b7c9uc,unpopularopinion,post,1553958401,negative
b5s21w,2007scape,post,1553618812,neutral
b5xpgd,2007scape,post,1553647003,negative
b642tz,2007scape,post,1553690939,negative
aws85x,AnthemTheGame,post,1551602445,negative
b4oohk,AskMen,post,1553377734,negative
aywvcr,AskOuija,post,1552087435,negative
b0lkcc,AskReddit,post,1552480976,neutral
b6rtel,AusFinance,post,1553826266,negative
b6o2fe,Borderlands,post,1553805879,neutral
b5u5ff,BravoRealHousewives,post,1553628889,negative
b1nc54,ContestOfChampions,post,1552702370,negative
b54zmc,Debate,post,1553480816,negative
aw3o7w,DeepFriedMemes,post,1551438595,neutral
aze38u,DieAntwoord,post,1552210032,neutral
b2nw71,FCCincinnati,post,1552942220,positive
b6njq8,FortNiteBR,post,1553803277,positive
aym6rr,Guildwars2,post,1552019900,negative
b1nh3x,IdiotsInCars,post,1552703261,negative
b4l63u,KamenRider,post,1553359038,positive
ayxxi3,LosAngelesRams,post,1552093970,negative
b72rne,ModSupport,post,1553893881,neutral
axzers,PewdiepieSubmissions,post,1551882533,neutral
b7cgjb,Showerthoughts,post,1553959527,neutral
ayl6zp,StudentNurse,post,1552013175,neutral
b54a61,TooAfraidToAsk,post,1553476622,neutral
b7hv6h,aww,post,1553991660,negative
b424pg,beta,post,1553240220,neutral
b0ti4u,dankmemes,post,1552522355,neutral
b0mtq9,dankmemes,post,1552488424,neutral
b4vqlw,dankmemes,post,1553429842,negative
b3enpx,dankmemes,post,1553102158,negative
b2jq6u,dankmemes,post,1552921250,positive
b6wlir,dankmemes,post,1553862167,negative
b6shc3,im14andthisisdeep,post,1553830529,negative
awxnnz,memes,post,1551642159,negative
b3mq5e,memes,post,1553145931,negative
awxoi4,redditrequest,post,1551642282,neutral
b65d6g,redditrequest,post,1553698492,neutral
b2dshg,redditrequest,post,1552879632,neutral
b78f0c,redditrequest,post,1553930177,neutral
b235g9,redditrequest,post,1552811398,neutral
b4ezfn,redditrequest,post,1553315733,neutral
azp5kg,redditrequest,post,1552279803,neutral
b5ne9p,skyrimmods,post,1553591082,neutral
b30u8e,thewalkingdead,post,1553019433,negative
axij0m,2007scape,post,1551771650,negative
azjw0b,AskThe_Donald,post,1552249069,neutral
b1p30p,BulletBarry,post,1552714672,neutral
az14bp,DeepFriedMemes,post,1552117625,neutral
ay0hrw,DetroitPistons,post,1551888594,positive
aybp3a,Filmmakers,post,1551958647,neutral
b5sq6x,HistoryMemes,post,1553622124,neutral
b38q2p,KotakuInAction,post,1553064436,negative
b1osyv,ModSupport,post,1552712470,neutral
azobuy,MyChemicalRomance,post,1552274638,negative
b0eprs,NoFap,post,1552433072,negative
azbett,PewdiepieSubmissions,post,1552186847,neutral
b2ofs3,PewdiepieSubmissions,post,1552944945,positive
b71s70,Piracy,post,1553888824,negative
b18j3q,Rainbow6,post,1552612085,neutral
b3ngym,Showerthoughts,post,1553152110,negative
b3njn5,Showerthoughts,post,1553152741,negative
b3gunb,Showerthoughts,post,1553113048,negative
aws1yq,The_Dennis,post,1551600615,neutral
aw30yw,TwoBestFriendsPlay,post,1551433389,neutral
b3uyc0,cubancigars,post,1553197065,neutral
azaaui,dankmemes,post,1552179020,neutral
b1tkgt,dankmemes,post,1552749818,negative
ayqdp0,dankmemes,post,1552052428,neutral
b7qeoc,dankmemes,post,1554054245,neutral
b0vbbl,dankmemes,post,1552533339,neutral
b6mrf1,dankmemes,post,1553799467,neutral
b25kvc,gatekeeping,post,1552832229,neutral
b6yzvf,golf,post,1553874968,neutral
b1lp17,hinduism,post,1552692152,negative
b2maqu,httyd,post,1552934168,neutral
b0eivq,jailbreak,post,1552432056,neutral
b0ez1q,jailbreak,post,1552434465,negative
ayjzao,loltyler1,post,1552005430,negative
b2z7up,memes,post,1553011496,negative
b4chld,modhelp,post,1553299692,neutral
aw506f,politics,post,1551447609,negative
axty37,redditmobile,post,1551841639,neutral
azi9oc,redditrequest,post,1552240523,neutral
avy6nk,redditrequest,post,1551399783,neutral
b5vpp0,redditrequest,post,1553636483,neutral
ayg7tf,redditrequest,post,1551985026,neutral
b5cjfe,redditrequest,post,1553530026,neutral
ayy10t,redditrequest,post,1552094605,neutral
ayhml6,soccer,post,1551992357,negative
b6tgvh,teenagers,post,1553837779,positive
ayv6bg,teslamotors,post,1552078357,negative
b2bycn,thebachelor,post,1552867921,neutral
b5st2x,trebuchetmemes,post,1553622513,negative
b4gl6e,wildhockey,post,1553327665,negative
b1x3f4,BPDlovedones,post,1552769041,neutral
b0hvmz,China,post,1552452308,negative
b1hbkw,Conservative,post,1552669146,neutral
awupux,Everton,post,1551625265,neutral
axjj5v,Everton,post,1551780288,neutral
b0gcfk,Jcole,post,1552442283,neutral
b3maia,Jcole,post,1553142920,neutral
b2p31y,LabourUK,post,1552948248,positive
b3eesq,MortalKombat,post,1553100908,positive
b258v7,NoFap,post,1552829974,neutral
b6hz32,PewdiepieSubmissions,post,1553774851,negative
aws4uk,SJEarthquakes,post,1551601460,neutral
b2tz3m,WatchRedditDie,post,1552977458,negative
b3aw3t,airsoft,post,1553081537,negative
axjfhd,badwomensanatomy,post,1551779460,negative
b6medb,dankmemes,post,1553797657,neutral
b7ew1o,dankmemes,post,1553973531,negative
b17vxf,dankmemes,post,1552608339,negative
b1j7qc,dankmemes,post,1552678718,negative
ayzem3,dankmemes,post,1552104115,neutral
ax2xzj,dankmemes,post,1551673854,negative
b0kqiq,dankmemes,post,1552475429,neutral
b0pas6,dankmemes,post,1552501130,negative
b0pasz,dankmemes,post,1552501133,negative
b0pjz7,dankmemes,post,1552502401,negative
b32m5l,dankmemes,post,1553028235,negative
b3axf5,dankmemes,post,1553081799,negative
b5tova,dankmemes,post,1553626711,negative
b5tpa2,dankmemes,post,1553626768,negative
b0dcjq,dankmemes,post,1552426071,neutral
axd8fk,dankmemes,post,1551737982,neutral
b5vk2o,darkjokes,post,1553635703,neutral
b0hhbt,drones,post,1552449614,negative
b2arb0,golf,post,1552860926,neutral
b62w1m,hamptonbrandon,post,1553683224,negative
awaqpr,lupus,post,1551480232,neutral
b2gsgq,memes,post,1552903142,neutral
b55l5n,memes,post,1553484484,neutral
b47ni6,memes,post,1553274763,negative
aybdo4,mildlyinfuriating,post,1551956103,neutral
axbbwv,mycology,post,1551728388,neutral
b0tdjh,needamod,post,1552521671,neutral
b0tp6s,needamod,post,1552523449,neutral
b0ze2x,needamod,post,1552564260,neutral
b137eb,needamod,post,1552584791,negative
b1wv07,needamod,post,1552767748,neutral
b49x1v,needamod,post,1553285969,neutral
awcrkb,redditrequest,post,1551493413,neutral
ayygh1,redditrequest,post,1552097494,neutral
b5bbp3,redditrequest,post,1553523953,neutral
b1y9cb,redditrequest,post,1552775683,neutral
b6rsua,redditrequest,post,1553826163,neutral
b6354q,seduction,post,1553684961,neutral
b53eiv,teenagers,post,1553471621,neutral
b6939r,teslamotors,post,1553717520,neutral
aw7xjo,thedivision,post,1551464374,negative
ay2zuc,unpopularopinion,post,1551901491,neutral
b1j3t0,witchcraft,post,1552678168,neutral
b779j7,2007scape,post,1553921384,neutral
b2pqeg,AmItheAsshole,post,1552951621,negative
b46c03,AskModerators,post,1553268139,positive
aw5dnk,AskOuija,post,1551449733,neutral
b1mxla,AskOuija,post,1552699741,neutral
b79muc,AskReddit,post,1553940631,neutral
b0jp8j,Catloaf,post,1552466951,negative
b0k6fq,Catloaf,post,1552471106,negative
b48pq7,DMAcademy,post,1553279990,neutral
b5lxz3,Drama,post,1553579174,negative
ay45ym,Emo,post,1551907452,neutral
b3829y,HelpMeFind,post,1553059394,neutral
awxylx,LeagueOfMeta,post,1551643781,negative
awwksy,LiverpoolFC,post,1551636400,neutral
b5ewvi,LiverpoolFC,post,1553540997,neutral
b15k15,MakeupAddiction,post,1552596380,negative
b5mar5,Showerthoughts,post,1553581836,negative
b1x7s7,StPetersburgFL,post,1552769698,neutral
ayz6cp,SubredditDrama,post,1552102549,negative
b6kaf1,SubredditDrama,post,1553787426,negative
awlmeg,The_Donald,post,1551556650,negative
b7ifxx,The_Donald,post,1553995593,positive
ay45er,ToolBand,post,1551907380,neutral
axnmp3,boottoobig,post,1551806484,negative
b54je8,college,post,1553478138,negative
b6uvnn,dankmemes,post,1553849843,negative
b52792,dankmemes,post,1553464927,positive
b27ib4,dankmemes,post,1552843407,negative
b6xs0y,dankmemes,post,1553868812,negative
b5eca5,dankmemes,post,1553538222,negative
b7118w,dankmemes,post,1553885067,negative
b4ztux,dankmemes,post,1553453064,neutral
b2dstu,dankmemes,post,1552879701,negative
b1giky,dankmemes,post,1552664986,neutral
b69e6a,dankmemes,post,1553718999,negative
b32coh,electronic_cigarette,post,1553026904,neutral
b3zamr,liberalgunowners,post,1553220379,neutral
b2r2qf,memes,post,1552958892,neutral
b7c54k,needamod,post,1553957645,neutral
ax2ay9,needamod,post,1551669732,neutral
axrdlr,realmadrid,post,1551826134,negative
axzmec,reddeadredemption,post,1551883807,negative
b6bs8b,redditrequest,post,1553731104,neutral
b4hqfj,redditrequest,post,1553337228,neutral
axctyl,redditrequest,post,1551735871,neutral
b4las3,redditrequest,post,1553359715,neutral
awdn8h,redditrequest,post,1551499441,neutral
b2i5th,sodapoppin,post,1552912303,negative
b17mop,tax,post,1552606878,neutral
axtyp6,teenagers,post,1551841746,negative
axv5a4,teenagers,post,1551849542,negative
b4pgxy,ucr,post,1553382500,neutral
b5ehep,4chan,post,1553538954,neutral
awawd1,ADHD,post,1551481184,neutral
b3lpnd,AccidentalRacism,post,1553139200,neutral
b2p22s,AnthemTheGame,post,1552948107,neutral
b0jn4l,AnthemTheGame,post,1552466407,negative
b0lzlq,AnthemTheGame,post,1552483521,negative
b1n2hi,DDLC,post,1552700630,negative
b151hf,DDLC,post,1552593855,neutral
b1q5vu,DevilMayCry,post,1552724059,negative
b3no8b,DevilMayCry,post,1553153782,neutral
azrdxo,DieAntwoord,post,1552296693,negative
ay90hh,GoForGold,post,1551936237,neutral
b4z425,Hiphopcirclejerk,post,1553449471,negative
b736n9,JustUnsubbed,post,1553896086,negative
b2idyt,PewdiepieSubmissions,post,1552913668,neutral
b32yvb,PewdiepieSubmissions,post,1553029976,neutral
awgjnf,SpaceXLounge,post,1551523071,positive
awgs2f,SpaceXLounge,post,1551525172,positive
b772qu,TheGirlSurvivalGuide,post,1553920080,negative
b1u54z,The_Donald,post,1552753072,negative
b1wr24,chelseafc,post,1552767183,negative
b2ifz0,chicago,post,1552913995,negative
b2ih3r,chicago,post,1552914174,negative
b6l8eu,circlejerk,post,1553791982,negative
b3vhgk,dankmemes,post,1553199697,neutral
b0k005,dankmemes,post,1552469569,positive
b7e329,dankmemes,post,1553969085,neutral
b04kft,dankmemes,post,1552372854,neutral
b0qc05,darkjokes,post,1552506142,negative
b2jchn,googlehome,post,1552919189,neutral
b3p2fz,greentext,post,1553165370,negative
azdidk,madlads,post,1552203990,negative
b04a4h,madlads,post,1552370612,neutral
b15kzc,madlads,post,1552596511,neutral
b2aknj,madlads,post,1552859870,neutral
b4scl7,madlads,post,1553400996,negative
b5dawv,madlads,post,1553533516,neutral
b639lp,madlads,post,1553685794,negative
b7qbio,madlads,post,1554053810,neutral
b1bqj9,memes,post,1552633711,neutral
b2fqx1,misleadingthumbnails,post,1552894627,negative
b2zzbb,pettyrevenge,post,1553015234,negative
b2pnyh,redditrequest,post,1552951251,neutral
b1mh4e,redditrequest,post,1552696806,neutral
avywuk,redditrequest,post,1551404278,neutral
axxbje,redditrequest,post,1551867634,neutral
b4wl0v,redditrequest,post,1553435768,neutral
b4n9wu,redditrequest,post,1553369962,neutral
ay4qyr,soccer,post,1551910412,negative
ay4r7i,soccer,post,1551910446,negative
ay4ssy,soccer,post,1551910670,negative
ay4u55,soccer,post,1551910857,negative
b1dxdr,soccer,post,1552650390,neutral
b1w43e,soccer,post,1552763829,neutral
b4i7cc,soccer,post,1553340904,neutral
axdgqv,starterpacks,post,1551739208,negative
axmgsu,trashy,post,1551800389,negative
awcauq,unpopularopinion,post,1551490180,negative
b38fw3,unpopularopinion,post,1553062221,negative
awi59c,AceAttorney,post,1551536078,neutral
b74i9b,AnthemTheGame,post,1553903450,positive
b5eun1,AskReddit,post,1553540717,negative
az4g74,AskReddit,post,1552144525,negative
b3lfqa,CFA,post,1553137543,neutral
aywzsl,Chargers,post,1552088186,positive
b0hqnq,DJs,post,1552451348,negative
b0958p,FORTnITE,post,1552404955,neutral
b4um4u,FortNiteBR,post,1553420731,neutral
b2wqgy,FreeKarma4U,post,1552998069,negative
ayyytb,JordanPeterson,post,1552101102,positive
b5epwz,KCRoyals,post,1553540130,neutral
ax7tbo,Kanye,post,1551710356,neutral
b0lmux,Kanye,post,1552481417,negative
b0wwdh,Kanye,post,1552544589,negative
b4mq3p,Memes_Of_The_Dank,post,1553367128,neutral
b5a8mt,Memes_Of_The_Dank,post,1553517911,neutral
b0mpqi,NYYankees,post,1552487781,negative
b0mqpy,NYYankees,post,1552487948,negative
b2da7y,Neverbrokeabone,post,1552876224,neutral
b1bb57,PewdiepieSubmissions,post,1552630434,negative
b6kgyb,ProgrammerHumor,post,1553788312,negative
axv88r,Showerthoughts,post,1551850127,negative
ayfrnj,TrueOffMyChest,post,1551982698,negative
b2xfjd,TrueOffMyChest,post,1553002215,negative
b2xtr5,TrueOffMyChest,post,1553004378,negative
b4s2s6,TrueOffMyChest,post,1553399077,neutral
b610n8,TrueOffMyChest,post,1553668384,neutral
b69hl0,Twitch,post,1553719466,neutral
b4bpyf,XXXTENTACION,post,1553295355,positive
b5gbwt,askwomenadvice,post,1553547614,neutral
b4s7c7,bmx,post,1553399962,positive
aznnax,caps,post,1552270472,neutral
b7hige,dank_meme,post,1553989315,negative
b6ylum,dankmemes,post,1553872977,negative
azfban,dankmemes,post,1552221989,neutral
b7aqo7,dankmemes,post,1553948977,negative
b6xgjq,dankmemes,post,1553867157,negative
b3yz0k,dankmemes,post,1553218462,negative
b6xfs9,dankmemes,post,1553867044,positive
b6rdz7,dankmemes,post,1553823647,neutral
b1473h,dankmemes,post,1552589738,neutral
b3zmjk,dankmemes,post,1553222387,neutral
az93a5,drugscirclejerk,post,1552171287,neutral
b569ra,drugscirclejerk,post,1553488904,neutral
aygnk1,formula1,post,1551987262,neutral
b3yayf,funny,post,1553214525,neutral
b0b06w,hockey,post,1552414316,negative
b407wy,memes,post,1553226134,negative
b3hkpo,memes,post,1553116557,neutral
b3hldx,memes,post,1553116651,neutral
axuftd,redditrequest,post,1551844790,neutral
b5youe,redditrequest,post,1553652643,neutral
b2pcac,redditrequest,post,1552949572,neutral
b7u0ak,redditrequest,post,1554073254,neutral
ayqe61,sex,post,1552052503,neutral
b7f0z1,teenagers,post,1553974307,neutral
b478eo,tipofmytongue,post,1553272621,neutral
b6q269,wallstreetbets,post,1553816051,neutral
ay8z8h,woooosh,post,1551935990,negative
b751sx,AnthemTheGame,post,1553906657,negative
b2dlaj,ApplyingToCollege,post,1552878261,neutral
avxyu4,AskReddit,post,1551398521,neutral
ay7vrb,AskWomen,post,1551928608,negative
b2xyd5,AskWomen,post,1553005046,positive
b3ipbz,AskWomen,post,1553122213,negative
b0a043,CHIBears,post,1552409278,positive
aydpuy,CanadaPolitics,post,1551972052,negative
b5oi3b,Drama,post,1553599545,negative
b3bxbf,FortNiteBR,post,1553088001,negative
b0itbh,FrankOcean,post,1552459278,negative
b07q32,HighQualityGifs,post,1552396925,neutral
aw0rd6,Memes_Of_The_Dank,post,1551415932,negative
aw0rvx,Memes_Of_The_Dank,post,1551416036,negative
awvado,Memes_Of_The_Dank,post,1551628936,negative
awwg3b,Memes_Of_The_Dank,post,1551635688,negative
ax6ojb,Memes_Of_The_Dank,post,1551703109,negative
aycz7b,Memes_Of_The_Dank,post,1551967696,neutral
aznpuc,Memes_Of_The_Dank,post,1552270908,negative
b1zkhb,Memes_Of_The_Dank,post,1552783813,negative
b327u1,Memes_Of_The_Dank,post,1553026228,negative
b4nff4,Memes_Of_The_Dank,post,1553370769,negative
b4nj7s,Memes_Of_The_Dank,post,1553371312,negative
b5awcu,Memes_Of_The_Dank,post,1553521638,negative
b5i3w3,Memes_Of_The_Dank,post,1553556266,negative
b657vn,Memes_Of_The_Dank,post,1553697491,negative
b6iznt,Memes_Of_The_Dank,post,1553780819,negative
b6uix8,Memes_Of_The_Dank,post,1553846642,negative
b6wsjz,Memes_Of_The_Dank,post,1553863403,negative
b6zsg9,Memes_Of_The_Dank,post,1553878908,neutral
b73cd9,Memes_Of_The_Dank,post,1553896942,negative
b74z5o,Memes_Of_The_Dank,post,1553906217,negative
b3hy97,Naruto,post,1553118391,neutral
ay6e4o,PewdiepieSubmissions,post,1551919512,negative
b4cwk8,PewdiepieSubmissions,post,1553302142,negative
b793ph,PewdiepieSubmissions,post,1553936172,negative
b6l0li,Steam,post,1553790933,positive
ay65t8,Steep,post,1551918154,negative
awn6gk,The_Donald,post,1551565460,positive
b2ooti,Wordpress,post,1552946210,neutral
ayqj79,army,post,1552053361,negative
b7uk6d,baseball,post,1554076488,neutral
b29tqs,beadsprites,post,1552855765,neutral
b2o7hh,britishmilitary,post,1552943775,negative
b3ms8i,dankmemes,post,1553146367,neutral
b2965k,dankmemes,post,1552852208,negative
b3v5tk,dankmemes,post,1553198084,negative
ayhrq8,facepalm,post,1551993066,negative
b6yxbn,gardening,post,1553874599,positive
b572zd,magicthecirclejerking,post,1553494898,negative
b6d946,me_irl,post,1553739774,negative
b4221o,memes,post,1553239643,negative
b2nmrx,memes,post,1552940913,neutral
b6y7gm,memes,post,1553871031,negative
b2yn77,mildlyinfuriating,post,1553008627,negative
b79lrd,nursing,post,1553940402,positive
b5t0lr,pics,post,1553623498,neutral
b3uvob,r4r,post,1553196709,negative
b7sqkf,redditrequest,post,1554066215,neutral
aw7p90,redditrequest,post,1551463191,neutral
b6wtp7,starcitizen,post,1553863589,neutral
b3ujcy,todayilearned,post,1553195027,negative
awrfal,ufc,post,1551594699,negative
b3xjxq,woooosh,post,1553210400,neutral
ax18oj,2007scape,post,1551662977,neutral
b7d0qd,AnthemTheGame,post,1553962941,negative
b5hrre,Brawlhalla,post,1553554503,neutral
b374wq,CollegeBasketball,post,1553053054,neutral
az39pc,DID,post,1552136465,positive
b3b0yv,DankMemesFromSite19,post,1553082503,negative
b7h4kj,Drama,post,1553986846,neutral
b7kimp,Drama,post,1554011499,negative
ax40g3,Drama,post,1551681385,negative
azq5b3,FashionReps,post,1552286660,neutral
awswtn,JustUnsubbed,post,1551609585,negative
b7nium,ModSupport,post,1554037349,neutral
ay90i9,NYCapartments,post,1551936242,neutral
b5u934,acecombat,post,1553629380,neutral
b1rrbj,anime,post,1552737868,negative
b4p783,anime,post,1553380855,neutral
axdmks,boottoobig,post,1551740083,negative
b1h3k9,crossdressing,post,1552668031,negative
b3y6nh,dankmemes,post,1553213878,negative
b34gz6,dankmemes,post,1553037535,negative
ayfsif,dankmemes,post,1551982821,neutral
ayfu3t,dankmemes,post,1551983060,negative
axdq2h,dankmemes,post,1551740579,neutral
b754j7,dankmemes,post,1553907128,negative
b52lob,dankmemes,post,1553467128,negative
b1076t,dankmemes,post,1552569249,neutral
b7gi8k,dankmemes,post,1553982937,negative
ayxqod,dankmemes,post,1552092761,neutral
awm7a1,help,post,1551559861,neutral
awy0w0,help,post,1551644128,neutral
axg9jw,help,post,1551755312,neutral
axhkv7,help,post,1551764633,negative
axk51v,help,post,1551785370,neutral
axr0o1,help,post,1551824160,negative
axu1wv,help,post,1551842320,neutral
ay0bgz,help,post,1551887683,neutral
ayh0rj,help,post,1551989154,negative
azely9,help,post,1552215376,neutral
b1207f,help,post,1552579106,negative
b1imk8,help,post,1552675770,negative
b3zfsu,help,post,1553221241,negative
b62n4s,help,post,1553681353,neutral
b64g4t,help,post,1553693054,neutral
b64ixq,help,post,1553693493,neutral
b6si3f,help,post,1553830668,neutral
b7h5la,help,post,1553987013,neutral
b7h75f,help,post,1553987276,negative
b7nql8,memes,post,1554038840,neutral
b5jbt3,memes,post,1553562818,negative
b136oc,memes,post,1552584693,negative
b3r70m,redditrequest,post,1553178610,neutral
b60cg7,redditrequest,post,1553663392,neutral
azv8pa,redditrequest,post,1552320714,neutral
awwq89,tarot,post,1551637189,neutral
b51qth,teenagers,post,1553462524,neutral
aztdaq,teenagers,post,1552310401,negative
aw4eg7,teslamotors,post,1551443770,negative
aw50dh,tipofmytongue,post,1551447637,negative
ax2qsf,unpopularopinion,post,1551672521,negative
ayt8j5,walkingwarrobots,post,1552068123,positive
b2osiq,youtube,post,1552946722,neutral
b6myl2,2007scape,post,1553800428,neutral
b4qo16,Animemes,post,1553390023,positive
b573vw,AskReddit,post,1553495109,negative
b59zsz,AskReddit,post,1553516417,neutral
b7j91a,BoostForReddit,post,1554001448,neutral
b7fuiq,Brawlhalla,post,1553978997,positive
b29i5d,Comcast_Xfinity,post,1552854028,neutral
b72pji,DebateAltRight,post,1553893571,positive
b4v89i,FalloutMods,post,1553425777,neutral
b4u8r0,FortNiteBR,post,1553417302,negative
azlbhp,GenderCynical,post,1552256653,negative
b7srxu,Kanye,post,1554066421,negative
b3zq2g,LawSchool,post,1553222986,neutral
b11h0v,LeagueOfMeta,post,1552576327,negative
b20ib8,Memes_Of_The_Dank,post,1552789845,negative
awp4es,Neverbrokeabone,post,1551577592,negative
b065ky,NoStupidQuestions,post,1552386156,neutral
b13hoy,ambien,post,1552586209,neutral
b5h680,conspiracy,post,1553551591,negative
b0obja,conspiracy,post,1552496251,negative
b6pj1c,copypasta,post,1553813237,neutral
b1c8ub,dank_meme,post,1552637832,negative
b54ahk,kpop,post,1553476673,neutral
awsvu7,mildlyinfuriating,post,1551609297,negative
azyu9j,modhelp,post,1552338642,neutral
b4avhc,pkmntcgtrades,post,1553290896,positive
axi3zj,pyrocynical,post,1551768518,negative
b2axgb,pyrocynical,post,1552861887,negative
b5iprm,reactiongifs,post,1553559534,negative
ay5a96,reddevils,post,1551913231,positive
aw1jgi,redditrequest,post,1551421197,neutral
azh1iv,redditrequest,post,1552233623,neutral
b223r1,redditrequest,post,1552801800,neutral
axqecn,redditrequest,post,1551820890,neutral
b1upmh,sadboys,post,1552756236,negative
b0vre2,self,post,1552536204,negative
az84s6,subredditcancer,post,1552165742,neutral
b747ot,subredditcancer,post,1553901719,negative
aybuvl,teenagers,post,1551959936,negative
b4btgz,thebachelor,post,1553295879,neutral
b5ycxu,xboxone,post,1553650674,neutral
b6dbbq,AskReddit,post,1553740152,negative
b3qgtp,AskReddit,post,1553174552,neutral
b46kir,AutoModerator,post,1553269301,neutral
ax1zcf,Braincels,post,1551667714,negative
axtrs9,Catholicism,post,1551840527,neutral
b44fb5,CubeWorld,post,1553257382,negative
azh068,DDLC,post,1552233401,neutral
az6zwc,Eyebleach,post,1552159240,neutral
awiz3x,Habs,post,1551541602,neutral
ay51fe,Memes_Of_The_Dank,post,1551911910,negative
b3hryv,Memes_Of_The_Dank,post,1553117543,negative
azrgco,PUBATTLEGROUNDS,post,1552297209,neutral
awgsgf,PUBATTLEGROUNDS,post,1551525265,negative
b1y4b1,SanJoseSharks,post,1552774860,neutral
b1db14,ShadowBan,post,1552646159,negative
axrnn9,SuicideWatch,post,1551827682,negative
awmemb,TopMindsOfReddit,post,1551560958,negative
awxb06,TopMindsOfReddit,post,1551640276,negative
axp5d8,TopMindsOfReddit,post,1551814329,negative
axvf64,TopMindsOfReddit,post,1551851568,neutral
ay6hfa,TopMindsOfReddit,post,1551920067,negative
aygjeg,TopMindsOfReddit,post,1551986661,negative
aygjx1,TopMindsOfReddit,post,1551986734,negative
az15y3,TopMindsOfReddit,post,1552118043,negative
azo491,TopMindsOfReddit,post,1552273335,negative
azpd2e,TopMindsOfReddit,post,1552281210,negative
b04603,TopMindsOfReddit,post,1552369727,negative
b0476z,TopMindsOfReddit,post,1552369990,negative
b0ok70,TopMindsOfReddit,post,1552497463,negative
b2cx60,TopMindsOfReddit,post,1552873906,negative
b2de4u,TopMindsOfReddit,post,1552876934,negative
b30apm,TopMindsOfReddit,post,1553016793,negative
azm29h,TopMindsOfReddit,post,1552260909,negative
b6z80x,ask,post,1553876082,negative
ayfop6,baseball,post,1551982276,neutral
azd4sa,bloodborne,post,1552200307,negative
b00l1n,bloodborne,post,1552347479,negative
axdasw,canada,post,1551738326,negative
b6q6lk,dank_meme,post,1553816723,negative
b7dle9,dankmemes,post,1553966232,negative
b7e9as,dankmemes,post,1553970055,neutral
b6v5e0,dankmemes,post,1553852004,negative
b0dera,dankmemes,post,1552426381,neutral
awnfll,dankmemes,post,1551566980,neutral
b3zzv5,dankmemes,post,1553224682,negative
b0jimt,dankmemes,post,1552465250,neutral
axoj2d,dankmemes,post,1551811086,negative
awrg0y,discgolf,post,1551594871,neutral
b7tmnj,funny,post,1554071034,negative
b3nush,im14andthisisdeep,post,1553155341,negative
azxq6e,memes,post,1552333219,negative
awqgst,memes,post,1551587161,neutral
awqifn,memes,post,1551587498,neutral
axb5zg,nba,post,1551727567,negative
axcrr2,nba,post,1551735573,neutral
b0gjfe,nba,post,1552443461,negative
b3ldur,nba,post,1553137241,negative
b3mulz,nba,post,1553146871,negative
b4px0e,nba,post,1553385263,neutral
b4px9p,nba,post,1553385309,neutral
b4qxa0,nba,post,1553391659,negative
b4qzv8,nba,post,1553392102,neutral
b55tk6,nba,post,1553485987,neutral
b79o1s,nba,post,1553940886,negative
axgsh5,reddeadredemption,post,1551759164,negative
b1vafc,redditrequest,post,1552759504,neutral
ayth4k,redditrequest,post,1552069365,neutral
ax3qmz,redditrequest,post,1551679359,neutral
axj7oa,redditrequest,post,1551777602,neutral
b1iucm,redditrequest,post,1552676853,neutral
b52had,redditrequest,post,1553466456,neutral
b263d6,redditrequest,post,1552835440,neutral
b5slry,redditrequest,post,1553621495,neutral
b3gash,sbubby,post,1553110309,neutral
b3ih1c,socialanxiety,post,1553121021,negative
azbpzo,teenagers,post,1552189114,neutral
b1yqem,teenagers,post,1552778625,negative
b7pa6m,teenagers,post,1554048246,neutral
b4bp2x,weedstocks,post,1553295218,neutral
b0xtdo,wholesomememes,post,1552552066,negative
ayoiq0,2007scape,post,1552038765,negative
b0nj9i,AmItheAsshole,post,1552492255,negative
b181o0,Animemes,post,1552609231,negative
b3l5rx,AskModerators,post,1553135902,neutral
b6xg51,AskModerators,post,1553867100,negative
ayd5sq,AskOuija,post,1551968836,negative
b67cfw,BPD,post,1553709111,negative
b3jzoi,BikiniBottomTwitter,post,1553129175,negative
ayrls6,ChapoTrapHouse,post,1552059517,neutral
ayz5t2,ChapoTrapHouse,post,1552102452,neutral
azboom,ChapoTrapHouse,post,1552188839,negative
b2gmbq,ChapoTrapHouse,post,1552901807,negative
b51eto,ChapoTrapHouse,post,1553460868,positive
b5kt7g,ChapoTrapHouse,post,1553571543,negative
b5ydoa,ChapoTrapHouse,post,1553650803,neutral
b78k13,ChapoTrapHouse,post,1553931330,neutral
b78qgd,ChapoTrapHouse,post,1553932894,neutral
b0alwy,CrusaderKings,post,1552412305,neutral
b6819g,Destiny,post,1553712417,neutral
b0bheg,DevilMayCry,post,1552416721,positive
az59re,Drama,post,1552149480,neutral
b2fine,FrankOcean,post,1552892592,negative
b11h02,FreeSpeech,post,1552576324,negative
ayad17,MachineLearning,post,1551947078,neutral
azu0sr,ModSupport,post,1552314200,neutral
azxaxm,ModSupport,post,1552331104,negative
b6vyn8,ModSupport,post,1553857977,negative
b4amyk,NoStupidQuestions,post,1553289654,negative
b134tw,NoStupidQuestions,post,1552584447,neutral
b4oa30,RocketLeague,post,1553375359,neutral
b1b4o6,Showerthoughts,post,1552629117,negative
b3i55d,TheoryOfReddit,post,1553119357,negative
b5oysr,bestoflegaladvice,post,1553602540,negative
avy1yd,blackmagicfuckery,post,1551399038,neutral
axgvz9,circlebroke2,post,1551759832,negative
aw14xw,dank_meme,post,1551418392,negative
az9szn,dankmemes,post,1552175780,neutral
b65uhj,dankmemes,post,1553701767,neutral
b74ktk,dankmemes,post,1553903867,negative
b4tahu,dankmemes,post,1553408565,negative
ax5dhe,dankmemes,post,1551692714,negative
b7clvc,dankmemes,post,1553960464,negative
axrl6j,dankmemes,post,1551827295,neutral
b6t049,dankmemes,post,1553834223,negative
b28rbu,dankmemes,post,1552850043,negative
ax9olo,funny,post,1551720269,negative
axaufx,hockeyjerseys,post,1551725993,neutral
avzk79,indieheads,post,1551408362,negative
b1a9br,introvert,post,1552622992,negative
b6k8cx,marvelstudios,post,1553787159,neutral
axedss,memes,post,1551744295,neutral
b0f3zf,nba,post,1552435217,negative
azt0ek,rant,post,1552308157,negative
azmn1b,redditrequest,post,1552264358,neutral
b6tu9z,redditrequest,post,1553840832,neutral
azubj5,redditrequest,post,1552315833,neutral
avya6b,runescape,post,1551400380,negative
azaue8,sports,post,1552182809,negative
b32ye7,teenagers,post,1553029913,neutral
ay90yj,teenagers,post,1551936334,neutral
b49b7s,teenagers,post,1553282950,neutral
b5btrz,woooosh,post,1553526549,negative
azzcla,worldpolitics,post,1552341136,neutral
b6sowe,2007scape,post,1553831997,neutral
aza3m8,AVoid5,post,1552177686,neutral
awltxl,AnthemTheGame,post,1551557812,neutral
b2crw0,AskReddit,post,1552872970,neutral
awq18e,AskReddit,post,1551583959,neutral
b50sds,AyyMD,post,1553457757,negative
b4j4mm,Braincels,post,1553347467,positive
b6xxeo,Brawlhalla,post,1553869600,neutral
b4hf84,CanadianMOMs,post,1553334723,negative
b1h057,Catholicism,post,1552667546,positive
b5vc0d,Coachella,post,1553634601,positive
b36098,Comcast_Xfinity,post,1553046229,positive
b7k2k0,EliteDangerous,post,1554007795,negative
b2iatp,Enneagram,post,1552913148,neutral
b5k1dz,FreeKarma4U,post,1553566802,neutral
b1y4la,MDMA,post,1552774903,negative
b62eub,Memes_Of_The_Dank,post,1553679578,negative
b7bvfj,OverwatchUniversity,post,1553956085,positive
aw0du3,PewdiepieSubmissions,post,1551413470,neutral
b71six,PoliticalHumor,post,1553888872,negative
b71asf,The_Donald,post,1553886393,negative
b5je5k,The_Donald,post,1553563173,negative
b11rxy,WoT,post,1552577872,neutral
axseci,Xenoblade_Chronicles,post,1551832064,neutral
b0v1jt,astrology,post,1552531592,neutral
b2y5jv,boottoobig,post,1553006081,negative
b36p5g,dankmemes,post,1553050363,negative
b2b8ck,dankmemes,post,1552863624,negative
b2bh0n,dankmemes,post,1552865048,negative
b4i2av,dankmemes,post,1553339831,neutral
b3zz28,dankmemes,post,1553224542,negative
awx3fk,dankmemes,post,1551639144,negative
b0jo23,foxholegame,post,1552466644,neutral
b2udhk,foxholegame,post,1552980363,neutral
b0eamw,freefolk,post,1552430882,neutral
b5wznl,gatekeeping,post,1553643049,neutral
axfiyx,insanepeoplefacebook,post,1551750948,negative
b48eqo,meme,post,1553278475,negative
b3vamo,memes,post,1553198738,negative
b1vy47,mildlyinfuriating,post,1552763003,negative
b6dev5,mildlyinfuriating,post,1553740757,negative
b2vhmi,redditrequest,post,1552989421,neutral
b18b50,redditrequest,post,1552610781,neutral
b16zoj,redditrequest,post,1552603476,neutral
b2swqs,redditrequest,post,1552969897,neutral
b18g5d,rupaulsdragrace,post,1552611618,neutral
b19uma,rupaulsdragrace,post,1552620289,neutral
b2ea19,rupaulsdragrace,post,1552883036,negative
b5box2,sandiego,post,1553525875,negative
azkakh,teenagers,post,1552251201,negative
b37nma,trebuchetmemes,post,1553056538,negative
b2qaff,unpopularopinion,post,1552954574,negative
ax96br,Anarcho_Capitalism,post,1551717788,negative
b56f90,AnthemTheGame,post,1553489941,negative
b6dr0b,AskModerators,post,1553742876,neutral
axspwo,AskOuija,post,1551834019,negative
b7s4r2,AskReddit,post,1554063102,neutral
b7s50w,AskReddit,post,1554063139,neutral
b1ijfz,CanadianForces,post,1552675337,neutral
b0xgxb,Finland,post,1552549084,neutral
b2pqm7,FortNiteBR,post,1552951651,negative
b618ul,JustBootThings,post,1553670090,negative
b6eh2y,JustBootThings,post,1553747859,negative
b6tstk,JustBootThings,post,1553840477,negative
b78xav,JustBootThings,post,1553934568,negative
b7bcek,JustBootThings,post,1553952955,positive
b2qqwl,ModSupport,post,1552957118,neutral
awftkw,MortalKombat,post,1551516535,negative
az9m1e,NoStupidQuestions,post,1552174553,neutral
b3r01x,RobinHood,post,1553177547,negative
b5j8vh,StarWarsBattlefront,post,1553562388,positive
b0tnt3,antiMLM,post,1552523238,neutral
aw64nn,beermoney,post,1551454024,neutral
ay9fs3,dankmemes,post,1551939405,negative
b4a7ct,dankmemes,post,1553287448,neutral
b7a5x6,dankmemes,post,1553944799,neutral
b6stc7,dankmemes,post,1553832849,negative
b7f24t,dankmemes,post,1553974485,negative
axl181,dankmemes,post,1551791720,neutral
b6rh9x,eu4,post,1553824216,neutral
awzggn,ideasfortheadmins,post,1551652134,negative
b0whdq,mildlyinfuriating,post,1552541385,negative
b3i9up,movingtojapan,post,1553120014,negative
ayml19,nfl,post,1552022689,positive
axn9g0,personalfinance,post,1551804552,neutral
b6olbh,redditrequest,post,1553808469,neutral
b01623,redditrequest,post,1552350687,neutral
axfbw3,redditrequest,post,1551749810,neutral
b6u8fk,redditrequest,post,1553844038,neutral
b0kpug,redditrequest,post,1552475281,neutral
axfza9,redditrequest,post,1551753646,neutral
ay3s5n,spaceengineers,post,1551905543,neutral
b69c0v,teenagers,post,1553718700,negative
b4x26h,teenagers,post,1553438576,negative
b5mc8a,tf2,post,1553582156,neutral
b138ou,trashy,post,1552584977,negative
ayx4ni,unpopularopinion,post,1552089017,negative
b0yo51,vaporents,post,1552559150,neutral
awtqlg,workaholics,post,1551617620,negative
b6lbyj,2007scape,post,1553792445,negative
b6xfh6,Anxiety,post,1553866992,neutral
b715vg,ApplyingToCollege,post,1553885717,positive
b6blxr,BPD,post,1553730120,neutral
b1ivhw,BillBurr,post,1552677009,negative
b1xc4q,Braincels,post,1552770363,neutral
azxvrd,ChoosingBeggars,post,1552333984,negative
b01xrz,ChoosingBeggars,post,1552355238,neutral
b4gh1k,JustBootThings,post,1553326665,negative
awtv2z,Liverpool,post,1551618608,neutral
b2jyi1,MLBTheShow,post,1552922438,neutral
awm97h,OrthodoxChristianity,post,1551560144,neutral
ax0jo5,PoliticalHumor,post,1551658610,neutral
b13qow,SCP,post,1552587457,neutral
awyfsw,Showerthoughts,post,1551646392,negative
azgq8u,Showerthoughts,post,1552231760,negative
aw3xq7,SquaredCircle,post,1551440568,neutral
aw62c7,araragi,post,1551453673,neutral
b78o3g,berserklejerk,post,1553932317,neutral
b4i31f,bostontrees,post,1553339993,neutral
b0v4bx,canadaguns,post,1552532108,negative
azshd7,conspiracy,post,1552304685,neutral
b0kbny,creepyasterisks,post,1552472285,negative
b6vb85,dankmemes,post,1553853292,negative
azlf1y,dankmemes,post,1552257195,negative
b7d2kx,dankmemes,post,1553963240,negative
b6jifp,dankmemes,post,1553783586,neutral
ay0roa,dankmemes,post,1551890037,negative
b6w03f,dankmemes,post,1553858236,negative
b1opxu,findareddit,post,1552711818,negative
azzfjw,hardstyle,post,1552341531,negative
aw3owa,india,post,1551438732,negative
b66tm6,me_irl,post,1553706615,negative
b3gp88,memes,post,1553112314,positive
b7j8fs,mildlyinfuriating,post,1554001321,negative
b0dwzk,nashville,post,1552428943,positive
awfz6g,pinball,post,1551517922,neutral
b32x9s,pokemongo,post,1553029765,neutral
b7hd74,redacted,post,1553988382,negative
b6qhe3,redditrequest,post,1553818377,neutral
b5q5r4,redditrequest,post,1553609353,neutral
b4d72g,redditrequest,post,1553303954,neutral
axmkpi,redditrequest,post,1551800971,neutral
b5zy2j,runescape,post,1553660602,neutral
b0spai,sysadmin,post,1552518021,neutral
axvq0i,teenagers,post,1551853798,negative
b60n5y,AnthemTheGame,post,1553665557,negative
b71uo7,AutoModerator,post,1553889180,neutral
b2slli,BPD,post,1552967875,neutral
b4dhpm,BPD,post,1553305872,neutral
b60ruu,BPD,post,1553666554,positive
b63xf9,Blackfellas,post,1553690026,neutral
b5gnmc,Brawlhalla,post,1553549120,neutral
b413mz,COMPLETEANARCHY,post,1553232227,neutral
b1h5hl,ChapoTrapHouse,post,1552668294,neutral
axibu7,Conservative,post,1551770130,negative
ayfg02,Conservative,post,1551981065,negative
b0wdau,Conservative,post,1552540516,neutral
b7odjw,Conservative,post,1554042803,neutral
b4r6x8,GlobalOffensive,post,1553393311,negative
b2twbx,GreenBayPackers,post,1552976865,neutral
b0mleb,JoeRogan,post,1552487082,neutral
b1zx06,Louisville,post,1552786010,neutral
axr2jq,MaladaptiveDreaming,post,1551824451,positive
b3rr22,MemeEconomy,post,1553181527,neutral
b3f462,ModSupport,post,1553104468,neutral
b3fm3d,MortalKombat,post,1553106880,negative
b3fqg9,MortalKombat,post,1553107490,negative
ax16v9,NeverBeGameOver,post,1551662660,negative
b72aj9,NoStupidQuestions,post,1553891407,neutral
b6tfhq,OnePiece,post,1553837476,neutral
b4vjlr,PewdiepieSubmissions,post,1553428351,negative
b1284x,PewdiepieSubmissions,post,1552580128,neutral
b2hsgf,PewdiepieSubmissions,post,1552910005,neutral
b2ht3w,PewdiepieSubmissions,post,1552910113,positive
b36thb,The_Donald,post,1553051096,negative
b7sjx1,The_Donald,post,1554065256,neutral
b327mz,Undertale,post,1553026201,neutral
axpgvw,bangtan,post,1551815975,neutral
awdty9,collapse,post,1551500643,neutral
b40xwx,dankmemes,post,1553231064,neutral
b6jvit,dankmemes,post,1553785433,negative
b35xkx,dankmemes,post,1553045783,negative
b06rsl,dankmemes,post,1552390727,negative
b6wdit,dankmemes,post,1553860708,negative
b0dle6,dankmemes,post,1552427339,negative
b3oytk,dankmemes,post,1553164635,negative
b5ftwi,dankmemes,post,1553545234,neutral
azlawj,darkjokes,post,1552256567,negative
b55f9m,darkjokes,post,1553483446,negative
azqazb,forhonor,post,1552287872,negative
axg1lk,funhaus,post,1551754023,neutral
b01fmk,gaming,post,1552352207,neutral
b77qg3,highheelsNSFW,post,1553924798,negative
b2s2zb,magicthecirclejerking,post,1552964628,negative
b2yk3q,modhelp,post,1553008205,neutral
axzmto,reddevils,post,1551883878,neutral
b493vw,redditrequest,post,1553281915,neutral
b1ovv5,redditrequest,post,1552713071,neutral
b2yoa7,redditrequest,post,1553008771,neutral
axhbnk,redditrequest,post,1551762843,neutral
b3mmfq,redditrequest,post,1553145191,neutral
b6zl8o,rupaulsdragrace,post,1553877922,positive
b3ekj5,steelers,post,1553101706,neutral
ay6fj5,tattoos,post,1551919738,neutral
b5hiix,teenagers,post,1553553225,negative
b2w7ry,teenagers,post,1552994638,negative
b64nnu,teslamotors,post,1553694255,positive
awd0kz,AMA,post,1551495216,negative
b6qpsi,AMA,post,1553819693,positive
b0o276,AgainstHateSubreddits,post,1552494928,negative
b5zzu5,AskOuija,post,1553660925,neutral
ayrf8m,AskReddit,post,1552058489,neutral
b1opn9,AskReddit,post,1552711758,neutral
b0esqm,CHIBears,post,1552433508,neutral
b1gm6h,Coachella,post,1552665538,positive
ax3gow,DeepFriedMemes,post,1551677403,negative
b65fbk,Knife_Swap,post,1553698872,neutral
b546nr,LSD,post,1553476085,negative
azvxna,Libertarian,post,1552324306,neutral
b1n83c,MapPorn,post,1552701619,negative
b1o7pi,NYKnicks,post,1552708232,neutral
aykfgg,RWBY,post,1552008232,neutral
b0bcph,RelayForReddit,post,1552416073,neutral
azox3c,SBU,post,1552278281,neutral
b0vuse,SBU,post,1552536839,neutral
b73s7m,TheAvettBrothers,post,1553899332,neutral
b7owwh,The_Donald,post,1554046021,neutral
b6umg2,dankmemes,post,1553847568,neutral
b7plc7,dankmemes,post,1554050009,negative
b2ctcf,dankmemes,post,1552873219,negative
b7c4z8,dankmemes,post,1553957623,neutral
b765e1,dankmemes,post,1553913616,positive
b4avjn,dankmemes,post,1553290905,neutral
b4u8m9,darkjokes,post,1553417270,negative
b6ggg6,electronic_cigarette,post,1553763701,negative
b6t4k5,electronic_cigarette,post,1553835156,negative
aw6iwr,ideasfortheadmins,post,1551456181,neutral
axl4nn,legaladvice,post,1551792331,negative
b3wpn7,marketing,post,1553205913,neutral
aw1dy2,memes,post,1551420127,neutral
b4qzvn,nba,post,1553392104,negative
b6c5yx,niceguys,post,1553733295,neutral
b0gtlb,oddlysatisfying,post,1552445235,negative
b2lkok,oddlysatisfying,post,1552930570,negative
ax58uu,photoshopbattles,post,1551691624,neutral
b1ihp1,photoshopbattles,post,1552675091,negative
b2mark,redditrequest,post,1552934170,neutral
b3q7er,redditrequest,post,1553172993,neutral
azav43,redditrequest,post,1552182953,neutral
b6x1vp,redditrequest,post,1553864875,neutral
awe97w,sbubby,post,1551503692,neutral
b23vvq,stopdrinking,post,1552818609,neutral
b5h1i3,teenagers,post,1553550962,negative
az52z8,teenagers,post,1552148416,neutral
b4qa23,teenagers,post,1553387538,negative
b3odkz,unpopularopinion,post,1553159836,negative
b31axn,unpopularopinion,post,1553021814,negative
awiacm,wowservers,post,1551537068,negative
awiijw,wowservers,post,1551538646,negative
azttl9,AnthemTheGame,post,1552313066,negative
b67p1t,AskOuija,post,1553710796,neutral
b5n7qy,AskReddit,post,1553589493,neutral
b024g7,BabyBumps,post,1552356364,neutral
b1ahk0,CrazyIdeas,post,1552624537,neutral
ayf555,DeepFriedMemes,post,1551979528,neutral
awyxqq,FortNiteBR,post,1551649184,negative
b74ygu,Ice_Poseidon,post,1553906094,negative
awqewd,LSD,post,1551586759,positive
axgpj4,ModSupport,post,1551758633,neutral
axoxaf,ModSupport,post,1551813153,neutral
axv0tk,ModSupport,post,1551848706,neutral
aydgrr,ModSupport,post,1551970614,negative
ayxqae,ModSupport,post,1552092687,neutral
azg4c2,ModSupport,post,1552227931,neutral
b0ugyd,ModSupport,post,1552528002,neutral
b1vylk,ModSupport,post,1552763069,neutral
b1yznx,ModSupport,post,1552780259,neutral
b2mde9,ModSupport,post,1552934543,neutral
b3xk3k,ModSupport,post,1553210424,neutral
b56cq1,ModSupport,post,1553489453,neutral
b2ka88,PewdiepieSubmissions,post,1552924117,positive
b1bi0s,PewdiepieSubmissions,post,1552631870,neutral
azxoiz,PokemonGoSnap,post,1552332978,neutral
b5vdy8,PrequelMemes,post,1553634859,neutral
aws008,SWGalaxyOfHeroes,post,1551600099,negative
b2cb9f,SWGalaxyOfHeroes,post,1552870045,neutral
b5oyi0,SWGalaxyOfHeroes,post,1553602517,neutral
b468f4,Shitstatistssay,post,1553267641,negative
b7s3yc,Smite,post,1554062993,neutral
b76zle,TheGirlSurvivalGuide,post,1553919473,negative
azjly2,The_Donald,post,1552247643,negative
b0ptge,ak47,post,1552503666,neutral
axnsac,belgium,post,1551807265,neutral
b03tnc,bostonceltics,post,1552367203,negative
b6a2ip,cigars,post,1553722254,neutral
b54hbi,collegehockey,post,1553477797,neutral
b3xlvl,dank_meme,post,1553210703,negative
b3xqaw,dank_meme,post,1553211377,negative
b3y1wq,dank_meme,post,1553213180,negative
b3y5zr,dank_meme,post,1553213778,negative
b44suv,dank_meme,post,1553259686,negative
b3v7b1,dankmemes,post,1553198289,negative
b7guce,dankmemes,post,1553985027,negative
b72xmp,dankmemes,post,1553894751,neutral
b4ztx7,dankmemes,post,1553453073,neutral
b7eiri,dankmemes,post,1553971528,neutral
b548yq,dankmemes,post,1553476435,negative
b75luy,dankmemes,post,1553910135,negative
b2aizi,dankmemes,post,1552859612,positive
b47pb5,dankmemes,post,1553275054,neutral
ay80ra,fountainpens,post,1551929540,neutral
b68kk5,gradadmissions,post,1553715018,neutral
axdrgb,help,post,1551740779,neutral
b1ilfm,ireland,post,1552675613,neutral
b3h4bk,madlads,post,1553114345,neutral
b7jmq2,memes,post,1554004370,negative
b5j30a,memes,post,1553561510,negative
ayq0h6,mildlyinfuriating,post,1552050051,neutral
az5vz0,mildlyinfuriating,post,1552153001,negative
ayjy35,modhelp,post,1552005214,neutral
avzaq2,modhelp,post,1551406736,neutral
axus7o,modhelp,post,1551847065,neutral
ayda2j,modhelp,post,1551969549,negative
ayq8h0,modhelp,post,1552051506,neutral
b07zrj,modhelp,post,1552398556,neutral
b0jk1w,modhelp,post,1552465618,negative
b1z35i,modhelp,post,1552780862,neutral
b3i6bh,modhelp,post,1553119513,neutral
b3rev0,modhelp,post,1553179769,neutral
b4p4vt,modhelp,post,1553380462,neutral
b55cdf,modhelp,post,1553482946,neutral
b7t9co,modhelp,post,1554068947,neutral
b2jbuv,oculus,post,1552919085,neutral
ay8k1k,penspinning,post,1551933084,positive
aywcvd,playrust,post,1552084693,negative
b31yr9,redditrequest,post,1553025010,neutral
axrixa,relationship_advice,post,1551826958,negative
b27wbt,teenagers,post,1552845521,positive
b5b744,translator,post,1553523257,neutral
b1f42n,unpopularopinion,post,1552657354,negative
b0qz6u,unpopularopinion,post,1552509279,negative
b3edn9,AnthemTheGame,post,1553100750,neutral
azcbqr,AnthemTheGame,post,1552193660,negative
azkvsk,AskHistorians,post,1552254330,neutral
b4ey4z,AskReddit,post,1553315498,negative
b4f9a3,AskReddit,post,1553317547,negative
ayub19,Futurology,post,1552073707,negative
b12m3c,KHUx,post,1552581997,neutral
ayefxf,ModSupport,post,1551975986,neutral
avzfam,NoStupidQuestions,post,1551407513,neutral
awvkg3,NoStupidQuestions,post,1551630625,negative
axcxot,NoStupidQuestions,post,1551736415,negative
axgdej,NoStupidQuestions,post,1551755947,neutral
ayqbu7,NoStupidQuestions,post,1552052112,negative
b0j64l,NoStupidQuestions,post,1552462122,neutral
b0slzg,NoStupidQuestions,post,1552517535,negative
b0x1p7,NoStupidQuestions,post,1552545742,neutral
b12r6w,NoStupidQuestions,post,1552582689,neutral
b1mz26,NoStupidQuestions,post,1552700001,neutral
b1w14x,NoStupidQuestions,post,1552763427,neutral
b3xhvp,NoStupidQuestions,post,1553210079,neutral
b40xk4,NoStupidQuestions,post,1553230991,neutral
b47zfy,NoStupidQuestions,post,1553276415,neutral
b4pzsn,NoStupidQuestions,post,1553385729,neutral
b5c74c,NoStupidQuestions,post,1553528402,neutral
b6ljbu,NoStupidQuestions,post,1553793423,negative
b7peh8,NoStupidQuestions,post,1554048936,negative
b1bhej,PewdiepieSubmissions,post,1552631729,neutral
aykqmr,Random_Acts_Of_Pizza,post,1552010245,neutral
axy8pm,The_Donald,post,1551874944,negative
b2jgjq,Trumpgret,post,1552919816,neutral
b7beq3,blackmagicfuckery,post,1553953358,negative
az7jcs,dank_meme,post,1552162278,negative
b46cz2,dank_meme,post,1553268267,neutral
axbtdm,dankmemes,post,1551730786,negative
b6ij0z,dankmemes,post,1553778211,negative
aw67xb,dogswithjobs,post,1551454516,negative
b4cymx,dogswithjobs,post,1553302492,negative
b4w3g7,ffxiv,post,1553432481,negative
b1rncu,kreiswichs,post,1552736982,neutral
b4f97i,lakers,post,1553317532,neutral
b7plod,medicalschool,post,1554050061,neutral
b1j7rf,memes,post,1552678722,neutral
b03gr8,nba,post,1552364711,negative
b0akkc,nfl,post,1552412098,positive
b3h1wt,pittsburgh,post,1553114030,neutral
b6im1i,redditrequest,post,1553778686,neutral
b20g2i,redditrequest,post,1552789427,neutral
b55tg6,redditrequest,post,1553485967,neutral
axg11y,redditrequest,post,1551753932,neutral
b555oz,redditrequest,post,1553481824,neutral
b07mo8,redditrequest,post,1552396377,neutral
b25jj8,redditrequest,post,1552831983,neutral
b1ncak,teenagers,post,1552702398,positive
az97mb,teenagers,post,1552172027,neutral
b534jc,unpopularopinion,post,1553470049,neutral
b3tdiw,2007scape,post,1553189476,positive
b0mqma,2007scape,post,1552487929,negative
b52ove,AskReddit,post,1553467612,neutral
b7k1ky,ChapoTrapHouse,post,1554007574,neutral
b3ivlc,CollegeBasketball,post,1553123129,neutral
azbrdp,Enough_Sanders_Spam,post,1552189404,neutral
b41dx4,HighQualityGifs,post,1553234468,neutral
b6chan,Hiphopcirclejerk,post,1553735165,negative
b1etts,HistoryMemes,post,1552655748,negative
awjpll,KarmaCourt,post,1551545982,neutral
b66lz6,NoStupidQuestions,post,1553705616,negative
b5hyjq,PewdiepieSubmissions,post,1553555468,neutral
axbxv7,StartledCats,post,1551731415,negative
b49tmy,Winnipeg,post,1553285477,neutral
axkkw3,amazonecho,post,1551788653,neutral
axxnbx,amazonecho,post,1551870354,neutral
b5ikw2,asktrp,post,1553558851,neutral
aztk39,dankmemes,post,1552311532,negative
b5f2gg,dankmemes,post,1553541703,negative
b6rwoo,dankmemes,post,1553826822,negative
b5ftex,dankmemes,post,1553545171,neutral
b5futi,dankmemes,post,1553545352,neutral
b6cyqw,dankmemes,post,1553738021,neutral
b2bgt1,dankmemes,post,1552865012,negative
b6w2hl,dankmemes,post,1553858669,neutral
axwe0w,dankmemes,post,1551859354,negative
b29kqj,dankmemes,post,1552854422,negative
awxuc9,doodles,post,1551643153,negative
b3xqeb,freefolk,post,1553211392,positive
b3txe9,help,post,1553192088,neutral
b32agt,memes,post,1553026590,neutral
b0rlvn,memes,post,1552512423,positive
b0rn8g,memes,post,1552512612,positive
b7c6se,newjersey,post,1553957905,negative
b474iu,Conservative,post,1553272060,negative
b47a7o,Conservative,post,1553272879,negative
b7tyfh,DDLC,post,1554072951,neutral
ax6v3a,DeepFriedMemes,post,1551704352,neutral
ay98r5,Drama,post,1551937973,neutral
b0oak1,HailCorporate,post,1552496111,neutral
b4zmeu,MGTOW,post,1553452027,neutral
b1s9wd,ModSupport,post,1552741829,negative
azkr8p,NoStupidQuestions,post,1552253658,neutral
aycd9a,Shitty_Car_Mods,post,1551963620,negative
b71han,The_Donald,post,1553887286,negative
b3zraw,Wellington,post,1553223206,neutral
b1iufn,changemyview,post,1552676865,negative
aznjnf,coins,post,1552269862,neutral
b34zyn,copypasta,post,1553040377,negative
b5110d,dankmemes,post,1553458913,negative
b515id,dankmemes,post,1553459536,negative
b42uie,dankmemes,post,1553245882,negative
b5khub,dankmemes,post,1553569500,negative
ayr8xv,dankmemes,post,1552057508,negative
az4d6s,dankmemes,post,1552143996,negative
b2hn6j,dankmemes,post,1552909068,negative
b2hoz7,dankmemes,post,1552909392,negative
b2hp9t,dankmemes,post,1552909448,negative
b70nxe,dankmemes,post,1553883214,neutral
axjh5l,diabetes,post,1551779842,positive
awq0co,elonmusk,post,1551583777,negative
b4ulgd,funny,post,1553420568,neutral
axzk0u,lawofattraction,post,1551883407,positive
b51h63,memes,post,1553461204,negative
b51ibq,memes,post,1553461362,negative
b527ha,memes,post,1553464961,negative
b7d19f,modhelp,post,1553963026,neutral
b7snz9,newjersey,post,1554065844,neutral
ayo78z,nukedmemes,post,1552035992,positive
axrqi6,outside,post,1551828127,neutral
ayc37c,outside,post,1551961643,negative
b6add2,redditrequest,post,1553723628,neutral
b0adyv,redditrequest,post,1552411168,neutral
ayf86o,ADHD,post,1551979956,negative
awtbtk,AshesofCreation,post,1551613822,negative
avzitr,AskOuija,post,1551408120,neutral
axlvej,AskOuija,post,1551796988,negative
ayb6wm,AskOuija,post,1551954553,neutral
ayvnhs,AskOuija,post,1552080932,negative
ayvre1,AskOuija,post,1552081514,negative
ayvsih,AskOuija,post,1552081682,negative
azztj7,AskOuija,post,1552343432,neutral
b0eo8q,AskOuija,post,1552432843,neutral
b0ivu9,AskOuija,post,1552459832,negative
b19e3i,AskOuija,post,1552617420,negative
b27ggr,AskOuija,post,1552843115,neutral
b2cj87,AskOuija,post,1552871427,negative
b2p0j4,AskOuija,post,1552947886,neutral
b3726i,AskOuija,post,1553052580,neutral
b3i3v2,AskOuija,post,1553119182,negative
b3i90z,AskOuija,post,1553119894,negative
b3m36k,AskOuija,post,1553141559,negative
b3mbym,AskOuija,post,1553143186,neutral
b40t6r,AskOuija,post,1553230092,neutral
b4wd4e,AskOuija,post,1553434302,neutral
b51zbk,AskOuija,post,1553463755,negative
b53tup,AskOuija,post,1553474022,neutral
b5vc7z,AskOuija,post,1553634628,neutral
b601dk,AskOuija,post,1553661221,negative
b5ke2a,AskReddit,post,1553568872,neutral
b3ror6,AutoModerator,post,1553181200,neutral
b3uqz1,AutoModerator,post,1553196052,neutral
aw1b95,Christianity,post,1551419601,neutral
b24nfz,DebateCommunism,post,1552825474,neutral
aymapd,Drama,post,1552020683,neutral
awlgmo,ElsaGate,post,1551555740,negative
b1c51q,GalaxyS8,post,1552636966,negative
ayb8xn,Internet,post,1551955027,negative
az4s9x,redditrequest,post,1552146645,neutral
azdrww,redditrequest,post,1552206715,neutral
b6stn5,redditrequest,post,1553832904,neutral
b2n4o0,roblox,post,1552938326,neutral
axoik3,runescape,post,1551811010,neutral
awlnko,teenagers,post,1551556834,neutral
b22ecz,teenagers,post,1552804271,negative
b1xa5j,teenagers,post,1552770056,neutral
axsnvt,teenagers,post,1551833663,neutral
b30zq7,theroom,post,1553020209,neutral
b2k5us,unpopularopinion,post,1552923512,negative
b7dygl,wichita,post,1553968373,negative
b7pcs2,wichita,post,1554048664,negative
b2mgim,xboxone,post,1552934962,neutral
b7t272,youdontsurf,post,1554067893,negative
aymt1i,Browns,post,1552024355,neutral
b3prlz,Cumtown,post,1553170209,negative
awyr8q,DeepFriedMemes,post,1551648164,neutral
aysjyb,JustUnsubbed,post,1552064557,negative
b2sdxg,Militaryfaq,post,1552966480,neutral
b3hqnv,PUBATTLEGROUNDS,post,1553117366,negative
b0etpn,Parenting,post,1552433649,neutral
b302sw,Tekken,post,1553015705,neutral
b556n0,The_Donald,post,1553481978,neutral
b1xd4q,askscience,post,1552770520,negative
b2l8xe,dank_meme,post,1552928933,negative
b7b5ke,dank_meme,post,1553951741,negative
b6y7tr,dank_meme,post,1553871078,negative
b7qosm,dankmemes,post,1554055683,negative
b5uecj,dankmemes,post,1553630108,positive
b42av4,dankmemes,post,1553241567,negative
b48xdk,dankmemes,post,1553281036,negative
az8v5b,dankmemes,post,1552169933,negative
ayhrjw,dankmemes,post,1551993044,neutral
b6rhoh,dankmemes,post,1553824280,neutral
b11t1n,dankmemes,post,1552578033,negative
b3ydmq,darkjokes,post,1553214936,negative
b4sil7,darkjokes,post,1553402254,negative
aygkec,denvernuggets,post,1551986802,neutral
b73too,infj,post,1553899571,neutral
b6d8ef,memes,post,1553739652,negative
b218yt,memes,post,1552795025,neutral
b2jpe5,memes,post,1552921143,negative
b6qx6a,memes,post,1553820883,neutral
b4p0e0,memes,post,1553379704,negative
b77qc9,metalgearsolid,post,1553924771,negative
b7qsgv,modhelp,post,1554056212,neutral
ax9b42,nyc,post,1551718460,negative
b4fdnb,questions,post,1553318388,negative
azv8nn,realmadrid,post,1552320707,neutral
axq6kq,redditrequest,post,1551819763,neutral
b11ghs,redditrequest,post,1552576248,neutral
aze5u0,redditrequest,post,1552210802,neutral
axrfbw,redditrequest,post,1551826406,neutral
b4ensv,redditrequest,post,1553313586,neutral
b31bsw,redditrequest,post,1553021930,negative
aytly0,redditrequest,post,1552070063,neutral
b5shne,redditrequest,post,1553620919,neutral
b5eod8,redditrequest,post,1553539929,neutral
b56evq,redditrequest,post,1553489868,neutral
b3yurm,residentevil,post,1553217751,positive
azz1mt,samharris,post,1552339611,negative
awn8yc,shittysuperpowers,post,1551565876,negative
aznrc5,stepparents,post,1552271160,neutral
b1hjcf,suspiciousquotes,post,1552670245,negative
aws9dw,ufc,post,1551602781,negative
az7kvb,unitedkingdom,post,1552162530,negative
b0nl2f,unpopularopinion,post,1552492529,negative
b6sbdr,unpopularopinion,post,1553829426,negative
aw53ts,AskReddit,post,1551448212,negative
b68cem,AutoModerator,post,1553713920,negative
b3lmo8,Borderlands,post,1553138693,neutral
b4t1ez,Browns,post,1553406455,negative
azd12n,FashionReps,post,1552199369,negative
awfl6d,FortNiteBR,post,1551514427,neutral
b5vtt6,FortNiteBR,post,1553637048,negative
b5vwwk,FortNiteBR,post,1553637479,negative
b5vyzn,FortNiteBR,post,1553637747,negative
b23lvo,GunFights,post,1552815980,neutral
b1ihyk,Letterkenny,post,1552675126,negative
ax9qtf,PewdiepieSubmissions,post,1551720577,neutral
aw0e6w,TheNational,post,1551413533,neutral
b149y9,TheNational,post,1552590128,neutral
axfxob,TopMindsOfReddit,post,1551753378,negative
ayk7l5,UCalgary,post,1552006854,neutral
az598l,UCalgary,post,1552149394,neutral
b5ariq,Warthunder,post,1553520881,neutral
b2lbq1,baseball,post,1552929306,neutral
b4atx3,boottoobig,post,1553290670,negative
b6yg37,cincinnati,post,1553872202,positive
aw94jt,dank_meme,post,1551470972,neutral
b3z7or,dankmemes,post,1553219888,negative
b7goyk,dankmemes,post,1553984098,negative
b65q04,dankmemes,post,1553700839,negative
b723ul,dankmemes,post,1553890454,neutral
b63b1a,dankmemes,post,1553686065,negative
ax834r,fairytail,post,1551711968,positive
ay6o95,gameofthrones,post,1551921211,negative
b12wr6,gameofthrones,post,1552583405,neutral
b2x6sn,gameofthrones,post,1553000818,negative
b0nx3u,ideasfortheadmins,post,1552494244,neutral
b734i7,memes,post,1553895758,neutral
awn5xj,modhelp,post,1551565367,neutral
b4fyes,nba,post,1553322623,neutral
ax51hj,nbacirclejerk,post,1551689947,negative
ax2nhj,panicatthedisco,post,1551671898,negative
b3u7d3,preppers,post,1553193411,negative
b6yd3w,redditrequest,post,1553871800,neutral
b47wnk,redditrequest,post,1553276043,neutral
azd0mo,redditrequest,post,1552199246,neutral
b0g0wn,subredditcancer,post,1552440376,negative
azf57j,teaching,post,1552220431,neutral
b1wdf6,teenagers,post,1552765166,neutral
b66po7,traaaaaaannnnnnnnnns,post,1553706104,negative
b0faia,unpopularopinion,post,1552436168,negative
awqniq,unpopularopinion,post,1551588537,negative
b3jjk3,wallstreetbets,post,1553126718,neutral
b5n22d,2007scape,post,1553588104,negative
b4jcip,AnthemTheGame,post,1553348878,negative
b6nxsw,ApplyingToCollege,post,1553805232,neutral
b7qt6i,AskOuija,post,1554056321,neutral
b5lpyn,Braincels,post,1553577631,negative
awr05x,Braincels,post,1551591204,neutral
b0vq4q,DDLC,post,1552535980,neutral
axabwr,JustNoSO,post,1551723412,neutral
b4xcw1,JustNoSO,post,1553440250,positive
b5whm5,ModSupport,post,1553640358,neutral
b7066h,MvC3,post,1553880819,neutral
b4anvp,ShadowBan,post,1553289788,neutral
b3eq5f,Showerthoughts,post,1553102489,negative
b7p2lm,The_Donald,post,1554046981,neutral
b0w5vu,WatchRedditDie,post,1552539000,negative
b2pfuc,camphalfblood,post,1552950081,neutral
b25l9k,childfree,post,1552832300,positive
b5scsg,copypasta,post,1553620255,negative
az72uo,cycling,post,1552159708,neutral
b75an0,dank_meme,post,1553908194,negative
aziseg,dankmemes,post,1552243294,negative
b0u9yq,dankmemes,post,1552526833,negative
b4e80z,dankmemes,post,1553310669,negative
b63wqw,dankmemes,post,1553689910,negative
b5xvcq,dankmemes,post,1553647913,negative
b7f8eu,dankmemes,post,1553975470,neutral
b7duc0,dankmemes,post,1553967692,negative
ayhlj9,ethereum,post,1551992203,neutral
b4eu3r,help,post,1553314722,neutral
b6d74n,infj,post,1553739444,negative
b23j5k,iranian,post,1552815277,neutral
b74sh3,iranian,post,1553905102,positive
b4a1n0,k_on,post,1553286624,neutral
b0f2gj,leafs,post,1552434988,positive
b53bjb,manga,post,1553471147,negative
b65hlb,memes,post,1553699274,negative
b0huo8,memes,post,1552452117,neutral
b78y5w,memes,post,1553934780,neutral
b16nr6,modhelp,post,1552601819,neutral
axc0zm,pathofexile,post,1551731851,neutral
b0jxj8,redditrequest,post,1552468986,neutral
azecky,redditrequest,post,1552212747,neutral
b71p54,redditrequest,post,1553888408,neutral
axx46y,redditrequest,post,1551865888,neutral
azsgez,relationship_advice,post,1552304507,neutral
b66ppq,relationship_advice,post,1553706109,neutral
ayr5s7,softwaregore,post,1552057011,neutral
ayulf4,watchpeoplesurvive,post,1552075236,negative
b0he6b,AnthemTheGame,post,1552449010,negative
b2dfoq,AskReddit,post,1552877204,negative
awempi,Fitness,post,1551506524,negative
axakhz,Fitness,post,1551724616,neutral
b74ezz,FortNiteBR,post,1553902912,neutral
b6qlug,Ice_Poseidon,post,1553819059,negative
b1az95,PewdiepieSubmissions,post,1552628026,positive
b37d5h,PewdiepieSubmissions,post,1553054540,negative
aylhw5,Sikh,post,1552015170,neutral
b687rd,adultery,post,1553713304,neutral
axvku4,bisexual,post,1551852717,neutral
b3wx7h,cars,post,1553207015,neutral
b6dts5,cocaine,post,1553743384,negative
b60f78,dank_meme,post,1553663940,negative
b34u0m,dankmemes,post,1553039483,neutral
b0u3b8,dankmemes,post,1552525728,negative
b6byzr,dankmemes,post,1553732175,positive
b42hq4,dankmemes,post,1553243021,neutral
b7f3nu,dankmemes,post,1553974716,neutral
b7oiai,dankmemes,post,1554043569,negative
b4tbrk,darkjokes,post,1553408875,negative
axy6pd,gatekeeping,post,1551874552,negative
b34uuh,gatekeeping,post,1553039605,negative
b23e9s,mac,post,1552813923,negative
b6ehx8,memes,post,1553748021,negative
b2760k,modhelp,post,1552841536,neutral
axaywv,modhelp,post,1551726576,neutral
b70c54,rage,post,1553881610,negative
b6uam2,redditrequest,post,1553844577,neutral
b6ba4a,redditrequest,post,1553728291,neutral
b2nn9k,redditrequest,post,1552940987,neutral
ayohy2,sbubby,post,1552038571,neutral
b1xdrs,shittyama,post,1552770624,neutral
b4rcae,shittyaskreddit,post,1553394250,neutral
b4zclk,taekwondo,post,1553450650,neutral
b02gz3,teenagers,post,1552358495,neutral
axvclq,trees,post,1551851032,neutral
b5layb,unpopularopinion,post,1553574764,negative
azapjh,woooosh,post,1552181841,neutral
b2exv5,2meirl4meirl,post,1552887990,negative
b4p0ki,Animemes,post,1553379734,negative
b77ki6,Braincels,post,1553923572,negative
b08t8y,Coyotes,post,1552403228,positive
azbig8,Cyberpunk,post,1552187578,negative
aw0v2l,DunderMifflin,post,1551416653,neutral
aw5k47,DunderMifflin,post,1551450776,neutral
ay9tmw,DunderMifflin,post,1551942394,negative
azbtz4,DunderMifflin,post,1552189930,neutral
b7kdqz,DunderMifflin,post,1554010345,neutral
b7ljgz,DunderMifflin,post,1554020886,negative
awkr9h,FilthyFrank,post,1551551805,negative
axa54d,FortNiteBR,post,1551722522,negative
axa6ij,FortNiteBR,post,1551722708,negative
b28iph,FortNiteBR,post,1552848810,neutral
b28oei,FortNiteBR,post,1552849616,neutral
b28qha,FortNiteBR,post,1552849914,neutral
b4ido9,FortNiteBR,post,1553342329,negative
b66adm,FortNiteBR,post,1553704085,negative
ay7php,FreeKarma4U,post,1551927519,negative
b3dkb1,Justrolledintotheshop,post,1553096714,negative
b2cisp,Mavericks,post,1552871350,neutral
b6fdq3,Memes_Of_The_Dank,post,1553754692,negative
b22u2j,Minecraft,post,1552808174,neutral
b6bcgn,MortalKombat,post,1553728651,neutral
b5r1l8,PewdiepieSubmissions,post,1553613932,neutral
b5wzqt,PewdiepieSubmissions,post,1553643063,negative
b6om2z,PewdiepieSubmissions,post,1553808573,negative
b6xs8p,PrequelMemes,post,1553868842,positive
b6rbju,Rainbow6,post,1553823224,neutral
b0cmvf,Showerthoughts,post,1552422463,negative
b2uwbr,StarWarsBattlefront,post,1552984654,negative
az6lsh,TopMindsOfReddit,post,1552156999,neutral
b5uyvc,arduino,post,1553632853,neutral
b2i1t7,bootroom,post,1552911627,negative
aypwdm,dankmemes,post,1552049283,neutral
azj2dw,dankmemes,post,1552244759,negative
b6tx3a,dankmemes,post,1553841471,neutral
axmb7n,dankmemes,post,1551799515,negative
b0ayjk,dankmemes,post,1552414090,neutral
b6y00s,dankmemes,post,1553869965,neutral
b4c859,dankmemes,post,1553298170,negative
awvyrd,darkjokes,post,1551632931,negative
b4x7eo,darkjokes,post,1553439426,neutral
b0v63k,funhaus,post,1552532424,negative
b0252n,indonesia,post,1552356473,neutral
aylm34,lgbt,post,1552015928,negative
ayr4bg,meme,post,1552056767,negative
b1xq5t,memes,post,1552772605,negative
b7mplk,memes,post,1554031143,neutral
b6zlc0,mildlyinfuriating,post,1553877935,negative
awc3vc,quityourbullshit,post,1551488848,positive
axtp2l,quityourbullshit,post,1551840066,negative
ayv4iq,quityourbullshit,post,1552078083,positive
ayv6n5,quityourbullshit,post,1552078404,negative
azjuef,quityourbullshit,post,1552248830,negative
azxfw0,quityourbullshit,post,1552331764,negative
b03xfj,quityourbullshit,post,1552367964,neutral
b4ve6w,quityourbullshit,post,1553427122,neutral
azwla7,redditrequest,post,1552327608,neutral
b3o7mw,redditrequest,post,1553158380,neutral
b5f76j,redditrequest,post,1553542297,neutral
b2g1gn,redditrequest,post,1552897063,neutral
b3081b,shadow_of_war,post,1553016423,neutral
b4olkb,teenagers,post,1553377235,neutral
b52uoq,teenagers,post,1553468511,neutral
b4s03o,teenagers,post,1553398555,neutral
b16g0c,traps,post,1552600759,neutral
b57zet,wallstreetbets,post,1553502574,negative
b14xaw,2007scape,post,1552593282,neutral
b492z1,AppleWatch,post,1553281790,neutral
b0rz8w,AutoModerator,post,1552514319,neutral
ayqx0k,Blep,post,1552055568,negative
b5vvv8,CanadianForces,post,1553637331,neutral
b2kkkw,Drama,post,1552925569,neutral
axozdg,FIFA,post,1551813470,positive
ayvzj8,Homebrewing,post,1552082729,neutral
b5ly99,LSD,post,1553579234,positive
b1h17m,Minecraft,post,1552667700,neutral
b0wirm,PewdiepieSubmissions,post,1552541683,positive
b0vncg,SBU,post,1552535463,neutral
b166vh,SUBREDDITNAME,post,1552599494,negative
b16mb8,Screenwriting,post,1552601628,neutral
b6i0xk,Showerthoughts,post,1553775174,positive
awt9ez,Techno,post,1551613138,neutral
b51dsr,The_Donald,post,1553460718,negative
ayqod2,dankmemes,post,1552054185,neutral
b7b96u,dankmemes,post,1553952393,negative
b0c63k,dankmemes,post,1552420112,negative
b5hk3o,dankmemes,post,1553553447,neutral
b5hnn3,dankmemes,post,1553553920,neutral
b5ep1v,dankmemes,post,1553540017,negative
b5fm5j,dankmemes,post,1553544209,positive
b76y2l,dankmemes,post,1553919180,negative
b777sp,dankmemes,post,1553921063,negative
b77928,dankmemes,post,1553921295,negative
b6a7mn,dankmemes,post,1553722892,neutral
b3xyen,dankmemes,post,1553212646,neutral
azf0pz,dankmemes,post,1552219272,negative
azuzx9,dankmemes,post,1552319498,negative
azrcgq,dankmemes,post,1552296369,neutral
b3yhku,dankmemes,post,1553215564,negative
b3yph0,dankmemes,post,1553216864,negative
b1ptm7,dankmemes,post,1552720870,neutral
aycsu9,dankmemes,post,1551966568,neutral
azycyw,funny,post,1552336290,negative
b57f4d,gayincest,post,1553497684,neutral
b2pexs,heroesofthestorm,post,1552949959,neutral
b6t2zf,memes,post,1553834824,negative
b2gr9i,memes,post,1552902881,neutral
awt8do,mildlyinfuriating,post,1551612846,positive
b1tv6b,redditrequest,post,1552751521,neutral
b0wonb,redditrequest,post,1552542926,neutral
b4b1dx,redditrequest,post,1553291761,neutral
b2mxk7,redditrequest,post,1552937322,neutral
awjuqs,redditrequest,post,1551546806,neutral
b4wslt,redditrequest,post,1553437022,neutral
b3u8hx,redditrequest,post,1553193562,neutral
b7rson,redditrequest,post,1554061399,neutral
b16elu,redditrequest,post,1552600563,neutral
azupoq,runescape,post,1552317967,negative
b6jher,2007scape,post,1553783443,neutral
b1661d,AccidentalRenaissance,post,1552599374,neutral
b4j4a0,Animemes,post,1553347400,negative
axs20y,AnthemTheGame,post,1551830003,neutral
b7nicl,AskALiberal,post,1554037251,negative
b5jkze,AskOuija,post,1553564206,neutral
b1cuch,ChapoTrapHouse,post,1552642643,positive
b44jwi,CryptoCurrency,post,1553258175,negative
b2r8t4,DeepFriedMemes,post,1552959838,negative
ay41c7,DeepFriedMemes,post,1551906828,negative
b04s7m,Gamingcirclejerk,post,1552374575,negative
b0373h,GoNets,post,1552362918,neutral
b2bpmq,JustUnsubbed,post,1552866496,negative
b74pw7,Memes_Of_The_Dank,post,1553904695,negative
axz9gf,Mommit,post,1551881641,negative
b6de64,MortalKombat,post,1553740630,negative
ay7add,OpenBazaar,post,1551924967,neutral
axfrea,Showerthoughts,post,1551752317,negative
b6wwmj,TheGirlSurvivalGuide,post,1553864060,positive
b1jmv4,Vaping,post,1552680959,neutral
b5zjin,bugs,post,1553657911,negative
ayvzvq,classicalmusic,post,1552082774,neutral
b728mr,dankmemes,post,1553891144,negative
b6zamp,dankmemes,post,1553876456,negative
b3z4tn,dankmemes,post,1553219390,negative
b3z57m,dankmemes,post,1553219464,negative
b6y9ax,dankmemes,post,1553871291,negative
b0trrh,dankmemes,post,1552523860,negative
axs79m,dankmemes,post,1551830914,negative
ax2oql,dankmemes,post,1551672104,negative
b5ikkp,dankmemes,post,1553558800,neutral
b6l0ve,dankmemes,post,1553790968,neutral
b2kw11,flicks,post,1552927135,neutral
b3cg2t,funny,post,1553090831,neutral
axue5e,goldenknights,post,1551844499,neutral
b5rynd,hearthstone,post,1553618345,negative
b2q2pb,memes,post,1552953438,neutral
az9700,natureismetal,post,1552171929,negative
aykgi3,raisedbynarcissists,post,1552008415,negative
b7jn8r,redditrequest,post,1554004481,neutral
aw2hsm,redditrequest,post,1551428834,neutral
aw222t,redditrequest,post,1551425074,neutral
b2zuih,redditrequest,post,1553014603,neutral
b3gh8s,redditrequest,post,1553111202,neutral
b1r5sk,redditrequest,post,1552732933,neutral
b4oacg,sffpc,post,1553375400,neutral
b7rmto,traaaaaaannnnnnnnnns,post,1554060574,negative
b1x31r,unpopularopinion,post,1552768986,negative
b2ivcq,wholesomememes,post,1552916503,neutral
awxnnd,AmItheAsshole,post,1551642157,neutral
b28kj6,AmItheAsshole,post,1552849073,neutral
b28ysl,AmItheAsshole,post,1552851149,negative
b5tujq,AmItheAsshole,post,1553627473,neutral
b17egz,AnthemTheGame,post,1552605647,negative
aw2meb,AskReddit,post,1551429965,neutral
b4cpgr,AskReddit,post,1553300966,neutral
b4wwui,Braincels,post,1553437723,negative
b69rjp,Braincels,post,1553720772,negative
b3hlsa,DestinyTheGame,post,1553116706,negative
b5yeqc,DnD,post,1553650984,neutral
awkw25,FortNiteBR,post,1551552556,negative
b0rdfl,FortNiteBR,post,1552511254,negative
b5s447,FullScorpion,post,1553619093,negative
b40f7j,OpenBazaar,post,1553227476,neutral
awv0s6,PewdiepieSubmissions,post,1551627242,negative
axcsx9,Showerthoughts,post,1551735734,neutral
b7klbn,SonyAlpha,post,1554012147,negative
awjz8h,The_Donald,post,1551547515,negative
axupml,Waxpen,post,1551846580,negative
b7qkmw,audible,post,1554055091,negative
b3b6xj,casualiama,post,1553083594,neutral
b4zzjw,cosplay,post,1553453892,neutral
az5q65,coys,post,1552152082,negative
b1gzu0,dankmemes,post,1552667498,negative
b5mj3i,dankmemes,post,1553583648,negative
b492u5,dankmemes,post,1553281771,neutral
b7ucmp,de,post,1554075236,neutral
aw9tl2,findareddit,post,1551474908,neutral
b2a8yg,help,post,1552858057,neutral
b2l2z2,marvelstudios,post,1552928107,neutral
aw7vo8,milwaukee,post,1551464105,neutral
ax1xhd,nba,post,1551667384,negative
b0yyqw,nrl,post,1552561337,neutral
b098u7,onebag,post,1552405480,neutral
ay05p7,pokemongo,post,1551886809,positive
b32mfo,ravens,post,1553028274,negative
b3ttv1,redditrequest,post,1553191636,neutral
b2n41o,redditrequest,post,1552938241,neutral
b7lv5x,redditrequest,post,1554023899,neutral
b7gif5,redditrequest,post,1553982969,neutral
b68beg,redditrequest,post,1553713772,neutral
b4e9gt,runescape,post,1553310932,neutral
b1lp5b,running,post,1552692174,negative
axeh6r,subredditcancer,post,1551744806,negative
axel02,subredditcancer,post,1551745405,negative
b7dryk,teenagers,post,1553967290,positive
b6uqr0,teenagers,post,1553848654,negative
b6vr5k,teenagers,post,1553856621,negative
azz1iv,teenagers,post,1552339596,neutral
azice4,teenagers,post,1552240927,negative
b1qph7,teenagers,post,1552728988,neutral
b4tazi,timberwolves,post,1553408687,negative
b4j7h2,writing,post,1553347978,neutral
b4b9dt,AskOuija,post,1553292894,neutral
b6x0bn,COsnow,post,1553864625,negative
b2ttni,Comcast_Xfinity,post,1552976310,neutral
ayfb6e,FireEmblemHeroes,post,1551980379,negative
b50e1t,HelpMeFind,post,1553455877,negative
awtyol,HumansBeingBros,post,1551619438,neutral
b6rrmz,OrlandoMagic,post,1553825958,positive
b1jcmi,PrequelMemes,post,1552679430,negative
ayuwhy,SUBREDDITNAME,post,1552076866,positive
b26ni3,Saints,post,1552838701,neutral
b66xgj,SkincareAddiction,post,1553707127,neutral
b3ool1,SquaredCircle,post,1553162395,negative
b1cdie,Thailand,post,1552638917,neutral
b16l4z,TrueOffMyChest,post,1552601459,positive
axitwo,TwoXChromosomes,post,1551774196,neutral
b4r059,UofT,post,1553392147,neutral
azilcr,Vaping,post,1552242252,negative
b47edy,WatchRedditDie,post,1553273472,negative
b05qxc,askphilosophy,post,1552382900,neutral
b5lblo,assholedesign,post,1553574880,negative
ax1793,copenhagen,post,1551662725,neutral
axyyrn,copypasta,post,1551879843,negative
b0ejs8,daddit,post,1552432188,neutral
b7nizw,dankchristianmemes,post,1554037378,neutral
b6jo05,dankmemes,post,1553784381,negative
b6truz,dankmemes,post,1553840262,negative
b79pvu,dankmemes,post,1553941290,negative
b70wvl,dankmemes,post,1553884452,negative
b71uea,dankmemes,post,1553889139,negative
azvy5x,dankmemes,post,1552324376,neutral
b2lt0o,dankmemes,post,1552931699,negative
awa7aq,dankmemes,post,1551477084,neutral
b0jrut,drawing,post,1552467618,neutral
b7fat6,fakehistoryporn,post,1553975856,negative
awiwgw,footballmanagergames,post,1551541133,neutral
aw9cwb,gwent,post,1551472285,positive
b08y76,losangeleskings,post,1552403948,positive
b0xxcn,lotr,post,1552553059,neutral
ay3ofo,memes,post,1551905011,negative
awz7ah,modhelp,post,1551650658,neutral
b00q00,nyjets,post,1552348244,neutral
b00krz,opiates,post,1552347438,neutral
b16bmu,redditrequest,post,1552600151,neutral
b65046,redditrequest,post,1553696123,neutral
b3gwxa,redditrequest,post,1553113363,neutral
b6kxr6,redditrequest,post,1553790554,neutral
b2e89n,secretsanta,post,1552882676,negative
b224mg,startrek,post,1552802001,neutral
b22a8r,startrek,post,1552803280,negative
b6ryri,teenagers,post,1553827194,negative
b4lmmv,terracehouse,post,1553361422,negative
b2k96a,thegrandtour,post,1552923968,neutral
azd4az,uberdrivers,post,1552200179,negative
b2eunf,unpopularopinion,post,1552887296,negative
b092f2,washingtonwizards,post,1552404552,negative
b6s2a5,whatisthisthing,post,1553827810,negative
b3yh7m,AskMen,post,1553215509,negative
azbiai,AskReddit,post,1552187543,negative
b287k3,AutoModerator,post,1552847158,neutral
b657sw,CrazyIdeas,post,1553697477,neutral
awznxh,DBZDokkanBattle,post,1551653334,negative
awztle,DBZDokkanBattle,post,1551654247,negative
awav16,Drama,post,1551480957,neutral
b5zyx8,Gamingcirclejerk,post,1553660756,negative
b5eetn,MakeupAddiction,post,1553538544,neutral
b6xugp,Memes_Of_The_Dank,post,1553869161,negative
b2kazg,PewdiepieSubmissions,post,1552924227,negative
b2h8ij,PewdiepieSubmissions,post,1552906385,positive
b2oky6,Vinesauce,post,1552945660,neutral
b6z7l6,dankmemes,post,1553876021,negative
b6ttyo,dankmemes,post,1553840756,negative
b36xtm,dankmemes,post,1553051839,negative
b3gdbt,freemasonry,post,1553110660,neutral
b7dnyz,gatekeeping,post,1553966640,negative
ax4w4e,hamptonbrandon,post,1551688602,negative
b7gyy7,ideasfortheadmins,post,1553985831,neutral
b2lt48,intermittentfasting,post,1552931714,negative
b52ctd,memes,post,1553465772,negative
b4lvun,redditrequest,post,1553362781,neutral
b2k0m6,redditrequest,post,1552922737,neutral
axzv72,redditrequest,post,1551885190,neutral
ayb9za,redditrequest,post,1551955269,neutral
b3ikq5,redditrequest,post,1553121537,neutral
b6lr35,redditrequest,post,1553794463,neutral
ayrjju,stopdrinking,post,1552059170,positive
azmxjm,unpopularopinion,post,1552266123,negative
b6o2iq,uruguay,post,1553805891,neutral
az22lm,2007scape,post,1552126478,neutral
b5vyxa,2007scape,post,1553637737,neutral
ayi072,Animesuggest,post,1551994345,neutral
b08ac4,AskALiberal,post,1552400235,neutral
b2mcaz,AskReddit,post,1552934398,negative
b5i7qe,BlueJackets,post,1553556840,neutral
ayxser,BravoRealHousewives,post,1552093063,neutral
avzzsv,Grimdank,post,1551410999,neutral
b4426m,Israel,post,1553254988,positive
b1n3f5,JUSTNOMIL,post,1552700791,neutral
awyot8,Jeep,post,1551647791,neutral
b02b13,JustBootThings,post,1552357483,negative
b3s9rc,KotakuInAction,post,1553184092,neutral
b3hjzg,OldSchoolCool,post,1553116458,negative
b79zpk,Paranormal,post,1553943466,neutral
azki30,PewdiepieSubmissions,post,1552252304,neutral
b6sx37,PrequelMemes,post,1553833585,negative
b1t8x6,Sneakers,post,1552747925,positive
b4bhiv,answers,post,1553294085,negative
b73gsn,dankmemes,post,1553897598,neutral
azfusy,dankmemes,post,1552226115,negative
b5dqm5,dankmemes,post,1553535464,neutral
b715ed,dankmemes,post,1553885652,negative
b7hojx,dankmemes,post,1553990431,negative
b2o884,dankmemes,post,1552943881,neutral
b42i1l,dankmemes,post,1553243084,negative
awxkkm,dankmemes,post,1551641683,neutral
b2zrtl,dankmemes,post,1553014230,negative
b7u16b,dankmemes,post,1554073393,neutral
b20kh4,darkjokes,post,1552790245,neutral
b6pbqm,destiny2,post,1553812198,neutral
azim9u,howardstern,post,1552242390,negative
b6b5e2,leagueoflegends,post,1553727596,negative
b1zybc,magicthecirclejerking,post,1552786231,neutral
b25twn,memes,post,1552833843,neutral
b0nikx,neoliberal,post,1552492156,neutral
ay6uqb,reddevils,post,1551922338,neutral
axtxls,redditrequest,post,1551841553,neutral
ay4hwh,redditrequest,post,1551909127,neutral
b2c3n1,redditrequest,post,1552868776,neutral
b5ukm3,redditrequest,post,1553630927,neutral
b26ivl,redditrequest,post,1552837961,negative
b4hxzn,redditrequest,post,1553338917,neutral
b60kxa,redditrequest,post,1553665102,neutral
b3zlbj,self,post,1553222172,negative
b19te9,subredditcancer,post,1552620073,negative
b79gpk,teenagers,post,1553939290,negative
axni4i,2007scape,post,1551805808,negative
b727cn,2007scape,post,1553890964,negative
b3nnlx,2007scape,post,1553153644,neutral
b21t2n,Animemes,post,1552799388,neutral
b0blke,AnthemTheGame,post,1552417304,negative
ay4yi7,AnthemTheGame,post,1551911484,negative
awc62g,CringeAnarchy,post,1551489259,negative
b7gljp,DeepFriedMemes,post,1553983494,neutral
b1ucin,FortNiteBR,post,1552754193,negative
b291sx,FreeKarma4U,post,1552851587,negative
b74vba,FreeSpeech,post,1553905561,negative
azfh0g,HighQualityGifs,post,1552223262,negative
aygh7n,Instagram,post,1551986344,neutral
b5wa9a,MortalKombat,post,1553639328,neutral
awpzn5,NoFap,post,1551583635,neutral
b139is,PanPorn,post,1552585092,positive
b7u8qu,PanPorn,post,1554074599,positive
ayraqs,RedditLaqueristas,post,1552057786,neutral
b4ob9e,SandersForPresident,post,1553375551,negative
b17jxa,Showerthoughts,post,1552606456,negative
b4b0a4,The_Donald,post,1553291594,neutral
b4btmi,UkrainianConflict,post,1553295906,negative
b4bxhr,UkrainianConflict,post,1553296504,negative
b3jtyv,YouShouldKnow,post,1553128268,neutral
b29ds7,answers,post,1552853358,negative
az83zr,dankmemes,post,1552165623,negative
ax0nbb,dankmemes,post,1551659219,neutral
b41gs4,dankmemes,post,1553235065,neutral
b7e9iy,dankmemes,post,1553970088,negative
b423rp,dankmemes,post,1553240028,negative
b2xcbx,dankmemes,post,1553001703,neutral
b46ax7,dankmemes,post,1553267985,negative
b7dt6g,dankmemes,post,1553967496,neutral
b30zrz,dankmemes,post,1553020217,negative
b6fcz6,de,post,1553754531,neutral
b6iao8,de,post,1553776857,neutral
b0sns2,formula1,post,1552517795,positive
b30km4,formula1,post,1553018126,negative
b7u5qs,formula1,post,1554074125,positive
b7uayl,formula1,post,1554074964,positive
b4kien,hearthstone,post,1553355647,neutral
ayl4om,liberalgunowners,post,1552012749,negative
b4ah35,memes,post,1553288837,negative
b3y5hi,memes,post,1553213705,negative
aw8xep,modhelp,post,1551469858,neutral
b1mntf,progresspics,post,1552697969,negative
b63elk,redditrequest,post,1553686712,neutral
b0wj51,redditrequest,post,1552541767,neutral
axafyw,socialism,post,1551723979,neutral
b1jaii,suns,post,1552679120,neutral
azcnsd,teenagers,post,1552196235,neutral
b7qhvz,truegaming,post,1554054702,positive
b3pf89,wec,post,1553167888,neutral
ay4529,ween,post,1551907332,neutral
azr15o,2007scape,post,1552293762,negative
ax448x,ArtisanVideos,post,1551682188,negative
axd6d1,AskReddit,post,1551737674,neutral
b5e7rk,AutoModerator,post,1553537649,negative
b0j0ts,ChapoTrapHouse,post,1552460930,negative
b45q27,Comcast_Xfinity,post,1553264940,neutral
b2ndn7,DBZDokkanBattle,post,1552939666,neutral
az4ol3,DeepFriedMemes,post,1552145993,negative
aw6l8i,DestinyTheGame,post,1551456524,neutral
aw9p6z,DestinyTheGame,post,1551474226,neutral
aw9pxf,DestinyTheGame,post,1551474332,neutral
awwihl,DestinyTheGame,post,1551636061,neutral
axt5de,DestinyTheGame,post,1551836686,neutral
b0jivi,DestinyTheGame,post,1552465319,neutral
b323rb,DestinyTheGame,post,1553025663,neutral
b45mt5,DestinyTheGame,post,1553264451,negative
b45p48,DestinyTheGame,post,1553264796,negative
ayp01t,FortNiteBR,post,1552042702,negative
ay3chb,Games,post,1551903307,negative
ayg0jk,Games,post,1551983976,negative
b0qswt,Gunners,post,1552508435,neutral
b6rxca,HelpMeFind,post,1553826934,neutral
b5ak2a,HumansAreMetal,post,1553519705,negative
b2683n,JordanPeterson,post,1552836237,negative
ayrd50,Kanye,post,1552058150,neutral
b0bhjh,LGBTeensGoneMild,post,1552416740,positive
b3ydy0,Needafriend,post,1553214982,neutral
b6wfdi,Reds,post,1553861040,neutral
ay6n3o,Repsneakers,post,1551921013,neutral
b49l2w,Repsneakers,post,1553284318,positive
b4ayz7,Repsneakers,post,1553291405,neutral
awcs40,Standup,post,1551493521,neutral
b4vqq9,SuddenlyGay,post,1553429870,negative
b5tt4k,TrueOffMyChest,post,1553627269,neutral
b3lwj4,TwoXChromosomes,post,1553140381,neutral
aznrbc,WWE,post,1552271156,negative
b5w65z,Wellworn,post,1553638740,negative
axezdr,arrow,post,1551747743,neutral
aw1vpk,bartenders,post,1551423744,negative
b7fnuv,creepyasterisks,post,1553977928,neutral
b3376n,dankmemes,post,1553031109,positive
b5m4hq,dankmemes,post,1553580528,negative
b5r38q,dankmemes,post,1553614158,positive
axn60p,footballtactics,post,1551804063,negative
b540gs,funny,post,1553475106,negative
awh3ec,help,post,1551527982,negative
az15b3,help,post,1552117871,negative
awwc05,hiphopheads,post,1551635055,negative
b0dh4n,hockey,post,1552426723,neutral
b0bidb,hoi4,post,1552416858,neutral
azxm95,iRacing,post,1552332650,negative
b7dm9u,ipad,post,1553966367,neutral
b5x5qo,mildlyinfuriating,post,1553643989,positive
b4zvjj,pakistan,post,1553453315,neutral
b2azjd,redditrequest,post,1552862216,neutral
b085if,redditrequest,post,1552399455,neutral
b3vltp,redditrequest,post,1553200316,neutral
b32sxk,redditrequest,post,1553029168,neutral
b0uxtr,redditrequest,post,1552530923,neutral
b7e8ev,runescape,post,1553969916,neutral
b71p9v,swordartonline,post,1553888426,neutral
b75j4p,teenagers,post,1553909650,neutral
b3a6l0,teenagers,post,1553076379,negative
b0ipzu,terriblefacebookmemes,post,1552458548,neutral
b5g30v,travel,post,1553546463,neutral
b4j5hf,unpopularopinion,post,1553347628,negative
awk3l8,unpopularopinion,post,1551548182,negative
b0wkm1,ApplyingToCollege,post,1552542070,neutral
aw9ypy,Braincels,post,1551475735,negative
b5tlam,ChapoTrapHouse,post,1553626232,negative
awjbfo,ClashRoyale,post,1551543680,negative
b3k071,DC_Cinematic,post,1553129254,neutral
b1zr6u,DankMemesFromSite19,post,1552784984,negative
b7tabu,DestinyTheGame,post,1554069098,neutral
az630e,Drama,post,1552154116,neutral
b37n54,Enhancement,post,1553056449,neutral
b44mcu,FidgetSpinners,post,1553258603,positive
azblfl,FortNiteBR,post,1552188177,neutral
aykguj,NoStupidQuestions,post,1552008476,negative
ax5zrf,Oppression,post,1551698026,negative
ayjea0,PewdiepieSubmissions,post,1552002025,neutral
az3ddf,RocketLeague,post,1552137191,negative
b45ghf,TheDickShow,post,1553263499,neutral
ayn9kq,asktransgender,post,1552027876,neutral
b5bdhc,asktransgender,post,1553524221,neutral
axuzhc,battlewagon,post,1551848466,negative
b7ug3h,canadaguns,post,1554075811,neutral
b1frbv,confessions,post,1552660921,negative
b46f64,dankmemes,post,1553268569,negative
b6u8uj,dankmemes,post,1553844144,negative
b3yudo,dankmemes,post,1553217690,negative
b5nkgp,dankmemes,post,1553592511,neutral
b70xs0,dankmemes,post,1553884576,neutral
b14nzg,dankmemes,post,1552592026,neutral
b54a3x,dankmemes,post,1553476612,negative
b0ziji,dankmemes,post,1552565074,neutral
b1rphy,dankmemes,post,1552737478,neutral
b6w9yb,dankmemes,post,1553860034,negative
b6y36c,eagles,post,1553870423,positive
ax1kw7,facepalm,post,1551665151,negative
azyg5n,fakehistoryporn,post,1552336727,neutral
b73e57,ffxiv,post,1553897194,negative
b73i8q,ffxiv,post,1553897815,negative
b0rb9r,funny,post,1552510954,positive
axufuu,goldenknights,post,1551844799,negative
b719yn,hebrew,post,1553886278,positive
b7sfrk,kpop,post,1554064665,negative
b7tw6g,kpop,post,1554072576,neutral
b7u7ds,kpop,post,1554074382,neutral
b67lrz,lawschooladmissions,post,1553710363,neutral
ayeqcg,learnmath,post,1551977488,negative
b7r06r,marilyn_manson,post,1554057329,neutral
b2z03i,modhelp,post,1553010421,neutral
azh5kx,modhelp,post,1552234270,neutral
b6cfre,modhelp,post,1553734925,negative
b6shpy,modhelp,post,1553830600,neutral
b5atr9,motorcycles,post,1553521243,negative
azjd3f,niceguys,post,1552246371,neutral
b5668g,opieandanthony,post,1553488263,negative
b3wvwd,picrequests,post,1553206819,negative
b5n5ku,pyrocynical,post,1553588958,negative
b31pdi,reactiongifs,post,1553023762,neutral
b4sg5v,redditrequest,post,1553401747,neutral
ay6ins,redditrequest,post,1551920282,neutral
b5k9ic,redditrequest,post,1553568110,neutral
azv5m6,redditrequest,post,1552320277,neutral
b5tytf,survivinginfidelity,post,1553628034,negative
b0dcof,Animemes,post,1552426090,neutral
aw5ygf,BostonBruins,post,1551453071,neutral
b7ears,ChapoTrapHouse,post,1553970296,positive
b7f3p6,ChapoTrapHouse,post,1553974722,neutral
ay7upe,CrazyIdeas,post,1551928416,neutral
ayfz69,CrazyIdeas,post,1551983778,negative
b2jvm0,CrazyIdeas,post,1552922034,neutral
b2zacj,CrazyIdeas,post,1553011838,neutral
b405so,DotA2,post,1553225743,negative
b2kqqu,Drama,post,1552926413,negative
b5443d,greentext,post,1553475687,negative
b1i423,help,post,1552673151,neutral
awdmwt,hiphopheads,post,1551499387,negative
axvllw,joerogan2,post,1551852877,negative
aylpam,lgbt,post,1552016528,negative
azyfan,love,post,1552336611,neutral
b18jon,memes,post,1552612178,negative
b6y8uc,mildlyinfuriating,post,1553871226,negative
b2v6e4,perth,post,1552986971,positive
azwcd5,redditrequest,post,1552326407,neutral
b1fmbj,redditrequest,post,1552660144,neutral
b2lw6l,redditrequest,post,1552932125,neutral
b239j2,redditrequest,post,1552812609,neutral
b0s41y,redditrequest,post,1552514990,neutral
b5fhv3,redditrequest,post,1553543650,neutral
b56bei,redditrequest,post,1553489199,neutral
b4uqlq,redditrequest,post,1553421752,neutral
b6p41g,runescape,post,1553811112,neutral
axfwn6,skyrimmods,post,1551753209,negative
azqgxh,skyrimmods,post,1552289153,neutral
axqr78,teenagers,post,1551822773,neutral
awvteg,teenagers,post,1551632104,negative
b3zgq4,teenagers,post,1553221399,neutral
b41cwb,teenagers,post,1553234237,negative
b2sclr,unpopularopinion,post,1552966252,negative
b5msn9,2007scape,post,1553585774,neutral
azlebg,AshesofCreation,post,1552257082,negative
b6m9v5,AskReddit,post,1553797042,neutral
axicre,AskReddit,post,1551770329,neutral
b1w3wh,BatmanArkham,post,1552763803,neutral
b0agkq,DBZDokkanBattle,post,1552411534,positive
b049ra,DevilMayCry,post,1552370542,positive
aznb7x,Drama,post,1552268446,negative
b3tsbt,Drama,post,1553191438,negative
b44sun,FortNiteBR,post,1553259685,neutral
b2cxsq,GameSale,post,1552874022,neutral
azb8de,GoForGold,post,1552185568,neutral
ay580w,JoeRogan,post,1551912912,positive
b35bg0,KotakuInAction,post,1553042186,neutral
b06eup,KotakuInAction,post,1552388201,negative
b0ptqm,MMA,post,1552503704,neutral
b0tszp,Memes_Of_The_Dank,post,1552524058,neutral
b4pz10,The_Donald,post,1553385601,negative
axi0ic,Veterans,post,1551767768,negative
aykk3h,WTF,post,1552009066,negative
b2k92w,Wishlist,post,1552923956,positive
awk8pa,aspergers,post,1551548965,neutral
b3cxvy,dank_meme,post,1553093465,negative
b1gu40,dankmemes,post,1552666670,negative
b6ww9h,dankmemes,post,1553864002,negative
b2cpy4,dankmemes,post,1552872630,negative
b4pint,dankmemes,post,1553382791,negative
b6s9sc,dankmemes,post,1553829139,negative
az996g,dankmemes,post,1552172300,neutral
b3c01o,dankmemes,post,1553088419,negative
b7fpk4,dankmemes,post,1553978197,negative
aw7tzi,gundeals,post,1551463846,neutral
awbzct,gundeals,post,1551488000,negative
awbzn7,gundeals,post,1551488059,negative
b2cian,karate,post,1552871271,neutral
ay82jj,kindafunny,post,1551929823,positive
b62af2,marijuanaenthusiasts,post,1553678615,negative
b5203f,memes,post,1553463866,negative
ayib1z,osugame,post,1551995995,negative
b1iiaa,redditrequest,post,1552675172,neutral
aw95zl,redditrequest,post,1551471198,neutral
axrw4z,redditrequest,post,1551829020,neutral
axr8ph,relationship_advice,post,1551825393,neutral
b217vj,teenagers,post,1552794795,negative
b2t4bg,teenagers,post,1552971312,negative
b1tv30,teenagers,post,1552751505,neutral
b408kl,teenagers,post,1553226258,negative
b40bp4,teenagers,post,1553226842,neutral
b4230l,ukpolitics,post,1553239863,neutral
b17u95,unpopularopinion,post,1552608065,negative
b6byh1,wallstreetbets,post,1553732095,neutral
b6kt8t,2007scape,post,1553789949,positive
aw9wv6,AskReddit,post,1551475429,negative
b4qunt,AskReddit,post,1553391205,neutral
b3zo53,AskReddit,post,1553222665,neutral
aw5nl7,Calgary,post,1551451327,negative
b5n2qy,ChapoTrapHouse,post,1553588255,negative
aw4gq6,DeepFriedMemes,post,1551444213,positive
b0jsx8,Drama,post,1552467866,neutral
awq85b,DunderMifflin,post,1551585374,negative
b5yafb,JoeRogan,post,1553650273,neutral
awqpsu,JusticeServed,post,1551589031,negative
b2788b,MtF,post,1552841867,neutral
axt9t3,RoastMe,post,1551837454,neutral
b4mj9q,RoastMe,post,1553366126,neutral
b1uajn,Showerthoughts,post,1552753899,negative
b6jd0d,WTF,post,1553782786,negative
b60tuu,WatchRedditDie,post,1553666959,negative
b11ks4,anime,post,1552576844,neutral
b420zy,confession,post,1553239410,negative
b1o07t,conspiracy,post,1552706827,negative
axqvh1,copypasta,post,1551823390,negative
b7974n,dank_meme,post,1553937001,negative
b3ybsq,dankmemes,post,1553214660,negative
azl6h0,dankmemes,post,1552255897,neutral
b7cwxu,dankmemes,post,1553962314,negative
b51jdd,dankmemes,post,1553461502,negative
b51lgz,dankmemes,post,1553461783,negative
b6w75u,dankmemes,post,1553859518,neutral
b794xr,dankmemes,post,1553936477,negative
b44jow,dankmemes,post,1553258134,negative
b0q9ot,dankmemes,post,1552505831,neutral
b2fhk1,Superbowl,post,1552892347,negative
b1qdb4,Target,post,1552726013,neutral
axcvaa,Warframe,post,1551736056,neutral
b2zosu,WatchRedditDie,post,1553013820,negative
b1z1di,conspiracy,post,1552780559,neutral
awow09,copypasta,post,1551575987,negative
b3iohc,cuboulder,post,1553122089,neutral
azjqwj,dankmemes,post,1552248338,negative
b388bd,dankmemes,post,1553060674,negative
b3zanw,dankmemes,post,1553220385,neutral
b1i7vd,dankmemes,post,1552673685,negative
b6hkje,dankmemes,post,1553772157,neutral
aw6823,dankmemes,post,1551454536,negative
b62g9p,dankmemes,post,1553679890,negative
b3yny2,dankmemes,post,1553216612,negative
b3lwg6,dankmemes,post,1553140367,negative
b716yu,dankmemes,post,1553885867,negative
b0m421,ethtrader,post,1552484254,neutral
avyyvu,iphone,post,1551404632,neutral
ax2pt3,lonely,post,1551672346,neutral
az7uti,memes,post,1552164180,negative
b2rw6t,memes,post,1552963493,neutral
b53z6k,nba,post,1553474902,neutral
ax5arh,nrl,post,1551692075,negative
b45q9q,redditrequest,post,1553264972,neutral
b4q3bq,redditrequest,post,1553386332,neutral
b0a1w7,shield,post,1552409529,negative
axtkqp,subredditcancer,post,1551839316,negative
ayjb4m,subredditcancer,post,1552001510,negative
b1hcyc,subredditcancer,post,1552669336,negative
b2607i,subredditcancer,post,1552834924,neutral
b27ng2,subredditcancer,post,1552844174,negative
b27o9l,subredditcancer,post,1552844301,negative
b2jj65,subredditcancer,post,1552920214,negative
b2s34a,subredditcancer,post,1552964649,negative
b5mi8s,teenagers,post,1553583465,negative
b2xz65,uberdrivers,post,1553005151,neutral
b3gg2i,uberdrivers,post,1553111049,neutral
b26fl2,AmItheAsshole,post,1552837436,neutral
b26jao,AmItheAsshole,post,1552838038,neutral
b26nlp,AmItheAsshole,post,1552838716,neutral
b1rpey,Anarcho_Capitalism,post,1552737460,negative
azpnzp,AnthemTheGame,post,1552283276,negative
b3hgsw,AnthemTheGame,post,1553116027,negative
b2aqeg,DesignerReps,post,1552860781,positive
b6d5w3,Drama,post,1553739233,neutral
b2sau0,Firearms,post,1552965940,negative
b1iag2,FortNiteBR,post,1552674057,positive
awg9rw,FreeKarma4U,post,1551520631,neutral
b13hfl,HistoryMemes,post,1552586171,negative
b6zla6,MortalKombat,post,1553877929,neutral
b6etzl,PrequelMemes,post,1553750447,negative
azpo7h,Showerthoughts,post,1552283317,negative
azia6n,airsoft,post,1552240601,neutral
b0wrt4,dankmemes,post,1552543605,neutral
azll3j,dankmemes,post,1552258118,negative
b6foug,dankmemes,post,1553757150,negative
b6tgib,dankmemes,post,1553837692,negative
b45bbo,dankmemes,post,1553262697,neutral
b5iwxy,depression,post,1553560599,neutral
b7jiv5,greysanatomy,post,1554003535,neutral
axsy65,haiku,post,1551835469,neutral
aypeiz,jordan,post,1552045846,neutral
b5w4a5,meme,post,1553638486,negative
b66x5g,memes,post,1553707083,neutral
b6uql3,memes,post,1553848611,negative
b4u6jg,memes,post,1553416747,negative
aydvjh,opiates,post,1551972964,positive
b093wn,reactiongifs,post,1552404768,neutral
awln9u,redacted,post,1551556788,negative
b0844z,redditrequest,post,1552399243,neutral
b225kq,redditrequest,post,1552802217,neutral
ay6bym,roblox,post,1551919144,negative
b6tg7z,sharktank,post,1553837629,negative
b15v4d,socialanxiety,post,1552597887,negative
b0q7cc,softwaregore,post,1552505519,neutral
ax3k0m,teenagers,post,1551678057,neutral
axbnyw,teenagers,post,1551730030,neutral
b76ich,thinkpad,post,1553916024,neutral
b60gz2,unpopularopinion,post,1553664314,negative
aypkrg,unpopularopinion,post,1552047076,negative
b0ztas,unpopularopinion,post,1552566954,neutral
b00zeo,unpopularopinion,post,1552349678,neutral
azop03,uvtrade,post,1552276912,neutral
b5m25z,2007scape,post,1553580052,neutral
b0e59x,Brampton,post,1552430106,neutral
ay7qy3,China,post,1551927773,neutral
b2b2v8,DebateAltRight,post,1552862741,negative
b6gpd9,Drama,post,1553765722,neutral
awsj30,EarthPorn,post,1551605655,negative
b22jmc,KotakuInAction,post,1552805585,neutral
ax7izy,LGBTeens,post,1551708611,negative
azyk6v,Memes_Of_The_Dank,post,1552337268,neutral
b63od0,MortalKombat,post,1553688471,negative
b3ppux,PointlessStories,post,1553169905,positive
b7krrf,ProtectAndServe,post,1554013782,negative
ay9eye,REEEEEE,post,1551939235,negative
b3gtwo,SandersForPresident,post,1553112948,neutral
axe2jv,TotalWarArena,post,1551742468,neutral
aw7jvr,TrueOffMyChest,post,1551462384,negative
aw5ia2,WatchRedditDie,post,1551450481,negative
axg607,acecombat,post,1551754744,neutral
b594aq,adultery,post,1553510963,neutral
b1ocug,auckland,post,1552709189,negative
b0uwlh,autism,post,1552530710,neutral
b7r4sg,circlebroke2,post,1554058001,negative
b7s5ga,circlebroke2,post,1554063199,negative
ay2x04,collapse,post,1551901103,neutral
b71h8m,dank_meme,post,1553887280,neutral
b53cx8,dankmemes,post,1553471365,negative
aywqg4,dankmemes,post,1552086686,neutral
b5uisr,dankmemes,post,1553630684,negative
azfhpm,dankmemes,post,1552223411,negative
b7dyln,dankmemes,post,1553968396,negative
b2xiik,dankmemes,post,1553002679,negative
b4xrmf,discordapp,post,1553442470,neutral
ays7ns,ethereum,post,1552062750,neutral
ayq251,redditrequest,post,1552050338,neutral
b004yo,redditrequest,post,1552345073,neutral
b6ng8j,redditrequest,post,1553802804,neutral
b50dt5,redditrequest,post,1553455845,neutral
b45ixc,redditrequest,post,1553263875,neutral
b09r3g,redditrequest,post,1552408018,neutral
b67bwf,redditrequest,post,1553709037,neutral
b352c4,redditrequest,post,1553040704,neutral
b0ahaw,runescape,post,1552411648,positive
awlv9k,stlouisblues,post,1551558031,negative
b7j1q9,stlouisblues,post,1553999934,negative
b5jqbz,subnautica,post,1553565049,neutral
azzym9,teenagers,post,1552344157,negative
b7ac91,teenagers,post,1553946164,neutral
awe9js,teenagers,post,1551503759,positive
b2ruwg,trump,post,1552963286,negative
b1zegf,woooosh,post,1552782777,positive
azvbna,AnthemTheGame,post,1552321142,negative
b1xqgz,AnthemTheGame,post,1552772654,negative
b13dj2,AnthemTheGame,post,1552585640,negative
azwmrv,AnthemTheGame,post,1552327819,negative
b4hv70,Bossfight,post,1553338298,negative
b53lu7,DeepFriedMemes,post,1553472778,neutral
b19drc,FIFA,post,1552617361,negative
b1i9do,FIFA,post,1552673901,neutral
b450v1,FIFA,post,1553260997,neutral
b71fxj,FIFA,post,1553887093,negative
b71hlb,FIFA,post,1553887332,negative
ay9j8t,GoneWildSmiles,post,1551940141,neutral
b6t0fb,Ice_Poseidon,post,1553834287,neutral
axn6rv,JustUnsubbed,post,1551804165,negative
azojap,JusticePorn,post,1552275932,negative
b2074a,Memes_Of_The_Dank,post,1552787807,negative
b1grnl,NewYorkIslanders,post,1552666315,neutral
az3k77,NoStupidQuestions,post,1552138618,negative
ayoby0,PewdiepieSubmissions,post,1552037132,neutral
azepew,PewdiepieSubmissions,post,1552216263,negative
b5dwqp,Portland,post,1553536239,negative
axpsnt,RightwingLGBT,post,1551817715,negative
b0m9wd,ShadowBan,post,1552485217,negative
b0nfv0,ShadowBan,post,1552491761,neutral
b1vspk,ShadowBan,post,1552762220,negative
b449jt,ShadowBan,post,1553256372,neutral
b68jkz,ShadowBan,post,1553714885,neutral
b72jnt,Showerthoughts,post,1553892715,negative
awcs05,TrueOffMyChest,post,1551493500,negative
aynvz9,WTF,post,1552033111,negative
b3e5i5,childfree,post,1553099626,positive
b1jjpc,copypasta,post,1552680481,neutral
axv0r3,copypasta,post,1551848697,negative
b5cdz2,cyberpunkgame,post,1553529330,negative
b5cerg,cyberpunkgame,post,1553529436,positive
b75f6r,dankmemes,post,1553908974,neutral
awvc4g,dankmemes,post,1551629222,neutral
b6wk3h,dankmemes,post,1553861902,neutral
b6vyqb,dankmemes,post,1553857995,negative
b7miuh,darkjokes,post,1554029632,negative
b6s1i5,discordapp,post,1553827673,neutral
b3ljcn,ideasfortheadmins,post,1553138131,neutral
b3chim,lakers,post,1553091049,negative
b6ebge,memes,post,1553746738,negative
b74dvv,memes,post,1553902731,negative
b7lu8s,mildlyinfuriating,post,1554023662,positive
b2onr2,modhelp,post,1552946055,neutral
b3fci2,modhelp,post,1553105576,neutral
b5busf,redditrequest,post,1553526685,neutral
b7fxdf,redditrequest,post,1553979481,neutral
b4v5hu,redditrequest,post,1553425192,neutral
ay92xg,redditrequest,post,1551936752,neutral
b7scfk,redditrequest,post,1554064198,neutral
b0ndrl,relationship_advice,post,1552491458,negative
b4zlqg,stopdrinking,post,1553451930,positive
awbpex,teenagers,post,1551486181,positive
axeog3,thebachelor,post,1551745971,positive
b0orhq,wow,post,1552498458,neutral
awbrns,2007scape,post,1551486576,positive
aweydv,2007scape,post,1551509114,neutral
awm6oc,2007scape,post,1551559761,negative
awoo66,2007scape,post,1551574546,neutral
axwnat,2007scape,post,1551861675,negative
ay0ef4,2007scape,post,1551888125,negative
ay2gxe,2007scape,post,1551898815,neutral
ay8ume,2007scape,post,1551935083,neutral
aybih1,2007scape,post,1551957186,positive
aydwfp,2007scape,post,1551973107,negative
ayi9tq,2007scape,post,1551995801,negative
aymxc1,2007scape,post,1552025272,negative
aynqju,2007scape,post,1552031833,negative
aywedr,2007scape,post,1552084931,negative
az5ite,2007scape,post,1552150919,positive
azbn7t,2007scape,post,1552188544,negative
azhpeh,2007scape,post,1552237415,neutral
azhvqa,2007scape,post,1552238364,neutral
azl5uy,2007scape,post,1552255806,negative
b04s4h,2007scape,post,1552374559,neutral
b0kqiv,2007scape,post,1552475430,neutral
b0sba5,2007scape,post,1552516014,neutral
b11ui8,2007scape,post,1552578244,neutral
b14vbx,2007scape,post,1552593023,neutral
b15ljr,2007scape,post,1552596594,neutral
b1cmyj,2007scape,post,1552641026,neutral
b1pzy6,2007scape,post,1552722419,negative
b2235b,2007scape,post,1552801670,neutral
b345co,2007scape,post,1553035834,neutral
b3es0q,2007scape,post,1553102753,neutral
b3h3t7,2007scape,post,1553114279,neutral
b4p8v5,2007scape,post,1553381140,neutral
b5l6a9,2007scape,post,1553573918,negative
b5tnrf,2007scape,post,1553626564,neutral
b5uqm1,2007scape,post,1553631728,neutral
b66d2u,2007scape,post,1553704443,negative
b66v1x,2007scape,post,1553706808,neutral
b6akl1,2007scape,post,1553724607,negative
b6kv2e,2007scape,post,1553790197,negative
b6l80d,2007scape,post,1553791926,negative
b6m3nv,2007scape,post,1553796200,negative
b7gnu4,2007scape,post,1553983897,negative
b7jpjv,2007scape,post,1554004972,negative
b7li4r,2007scape,post,1554020543,neutral
b7ttwe,2007scape,post,1554072198,negative
azw3ms,AgainstHateSubreddits,post,1552325152,negative
b2a43i,AgainstHateSubreddits,post,1552857328,negative
b3lwey,AskReddit,post,1553140361,negative
axg9kr,Christianity,post,1551755315,negative
b4q1hg,Christianity,post,1553386030,neutral
b7tsr4,Christianity,post,1554072006,negative
b1lcwt,CrazyIdeas,post,1552690236,positive
ax1zlr,DeepFriedMemes,post,1551667757,negative
ax22p7,DeepFriedMemes,post,1551668309,negative
ax432f,DeepFriedMemes,post,1551681941,neutral
ax83zt,DeepFriedMemes,post,1551712107,neutral
ax8dfd,DeepFriedMemes,post,1551713577,neutral
ax8dz0,DeepFriedMemes,post,1551713659,positive
ay0wtg,DeepFriedMemes,post,1551890798,negative
ay1z2z,DeepFriedMemes,post,1551896272,negative
aydweg,DeepFriedMemes,post,1551973101,negative
az2pok,DeepFriedMemes,post,1552132021,negative
b49x5j,DeepFriedMemes,post,1553285983,negative
b4n84w,DeepFriedMemes,post,1553369700,neutral
b5elpb,DeepFriedMemes,post,1553539551,negative
b7e1rf,DeepFriedMemes,post,1553968897,negative
b6xluv,FIFA,post,1553867949,negative
b2g1ux,HongKong,post,1552897156,neutral
b2mhoq,Memes_Of_The_Dank,post,1552935131,negative
b0pbb5,Memes_Of_The_Dank,post,1552501199,neutral
b4b63h,Memes_Of_The_Dank,post,1553292428,positive
b4syoh,ShitPoliticsSays,post,1553405822,neutral
awvo7z,Showerthoughts,post,1551631272,negative
ayst7i,TeenMomOGandTeenMom2,post,1552065885,negative
ayv5ze,TheoryOfReddit,post,1552078308,neutral
b2ruj0,TheoryOfReddit,post,1552963224,neutral
b59g19,TheoryOfReddit,post,1553513030,neutral
awwz6o,XXXTENTACION,post,1551638506,negative
awzn1d,birdswitharms,post,1551653187,negative
awlavt,danganronpa,post,1551554862,neutral
b2n8uu,dankmemes,post,1552939009,negative
b369lv,dankmemes,post,1553047762,negative
b1s95a,dankmemes,post,1552741688,negative
b2anaj,dankmemes,post,1552860283,negative
b5a0qo,dankmemes,post,1553516581,negative
b5sow0,dankmemes,post,1553621945,negative
b7r65o,dankmemes,post,1554058201,negative
b24aru,dankmemes,post,1552822383,positive
b5sqak,dankmemes,post,1553622138,negative
b3y1xm,electronic_cigarette,post,1553213185,positive
b3yopi,funny,post,1553216742,neutral
ax5x2v,germany,post,1551697428,negative
b6khx4,memes,post,1553788443,negative
b52p9w,memes,post,1553467670,negative
avzo03,modhelp,post,1551409026,neutral
b04x98,notinteresting,post,1552375727,negative
b7cuch,personalfinance,post,1553961894,neutral
b00nu5,premed,post,1552347910,neutral
b5cji5,redditrequest,post,1553530037,neutral
ayn7w0,redditrequest,post,1552027500,neutral
b3ynau,redditrequest,post,1553216505,neutral
b0bfw7,redditrequest,post,1552416510,neutral
azlrj4,runescape,post,1552259166,negative
b2ct0r,smashbros,post,1552873167,negative
azc5c6,teenagers,post,1552192258,negative
azeavr,unpopularopinion,post,1552212284,negative
b2jvm8,2007scape,post,1552922035,negative
ay8nrm,Animemes,post,1551933774,neutral
b36iw4,AnthemTheGame,post,1553049334,neutral
axmmjv,EDH,post,1551801259,neutral
ay04tr,FashionReps,post,1551886670,neutral
b4pqff,ForeverAlone,post,1553384132,neutral
b1ejqr,GTAV,post,1552654159,neutral
b1ov32,GTAV,post,1552712914,neutral
b67egg,GTAV,post,1553709385,neutral
b1c13t,JoeRogan,post,1552636097,negative
axcc0y,JoeRogan,post,1551733387,negative
b763gv,Jokes,post,1553913270,neutral
b529p1,Landlord,post,1553465296,neutral
b4cx4g,MortalKombat,post,1553302233,negative
b4cz6l,MortalKombat,post,1553302585,negative
b541or,MortalKombat,post,1553475291,negative
b544th,MortalKombat,post,1553475804,neutral
az92vh,PewdiepieSubmissions,post,1552171220,neutral
b4hg19,PewdiepieSubmissions,post,1553334895,positive
aw79iu,Vent,post,1551460365,negative
ayee48,Vent,post,1551975731,negative
b63bxr,bangtan,post,1553686236,neutral
b6icqi,canes,post,1553777205,neutral
b531mm,canucks,post,1553469598,negative
azghim,dankmemes,post,1552230278,neutral
b3x9md,dankmemes,post,1553208850,negative
b782pg,dankmemes,post,1553927392,negative
b4by93,dankmemes,post,1553296628,negative
b6wtns,dankmemes,post,1553863583,negative
b739mr,dankmemes,post,1553896538,negative
b7iofo,dankmemes,post,1553997237,negative
azhj63,dankmemes,post,1552236435,neutral
b7lev2,dankmemes,post,1554019704,negative
b722v6,dankmemes,post,1553890313,neutral
b0oc1t,dankmemes,post,1552496322,negative
b0wui6,dankmemes,post,1552544180,negative
ax098a,darkjokes,post,1551656888,negative
axrlsh,footballhighlights,post,1551827388,negative
b3bffr,help,post,1553085085,neutral
b76b45,languagelearning,post,1553914646,positive
ay572e,marvelstudios,post,1551912762,neutral
b2p52d,memes,post,1552948530,negative
b1qeft,rant,post,1552726314,negative
b23jdw,redditrequest,post,1552815333,neutral
b0d4az,redditrequest,post,1552424905,neutral
b3mtvf,redditrequest,post,1553146713,neutral
b34jmr,redditrequest,post,1553037951,neutral
b5z7r7,redditrequest,post,1553655826,neutral
b2ak0m,runescape,post,1552859771,neutral
axoy8p,space,post,1551813300,positive
ay1if4,unpopularopinion,post,1551893907,negative
b6tqw3,2007scape,post,1553840040,neutral
b0ua97,AnthemTheGame,post,1552526886,negative
b10nun,AnthemTheGame,post,1552571949,negative
aysvrw,AskOuija,post,1552066251,neutral
b6jyfa,AskReddit,post,1553785827,neutral
b3vgj3,FortNiteBR,post,1553199566,neutral
b716vi,FortNiteBR,post,1553885854,neutral
b4x6l6,FortNiteBR,post,1553439291,negative
b7gtpk,FreeKarma4U,post,1553984924,negative
b70sau,Memes_Of_The_Dank,post,1553883824,negative
b5hkkk,NintendoSwitch,post,1553553508,negative
b4brru,PewdiepieSubmissions,post,1553295626,negative
b4rkvj,WouldYouRather,post,1553395732,negative
azj4cr,aznidentity,post,1552245052,negative
b720vg,dankmemes,post,1553890039,negative
b6hksc,dankmemes,post,1553772209,negative
axkcmr,dankmemes,post,1551786996,negative
b1ljux,dankmemes,post,1552691329,negative
b3ysag,dankmemes,post,1553217332,negative
b0cdzs,funny,post,1552421220,negative
b0cg4b,funny,post,1552421516,neutral
b4e52c,hockeyjerseys,post,1553310123,neutral
b1su6i,iamverybadass,post,1552745452,negative
b1zb1i,ipad,post,1552782200,negative
ayykho,memes,post,1552098297,neutral
b6tis2,memes,post,1553838205,negative
b7sse5,quiver,post,1554066486,negative
aywpfi,redditrequest,post,1552086530,neutral
awqft3,redditrequest,post,1551586949,neutral
azyv7v,redditrequest,post,1552338767,neutral
axbfgt,selfies,post,1551728878,neutral
b776c6,spreading,post,1553920782,neutral
b6u8j5,teenagers,post,1553844062,neutral
b29mdl,teenagers,post,1552854665,negative
b3ecov,teenagers,post,1553100614,neutral
b2ps9c,thedivision,post,1552951902,negative
b24dgn,unpopularopinion,post,1552823058,negative
b6lfuk,2007scape,post,1553792947,neutral
b0jsgm,Animemes,post,1552467759,negative
b1wgvp,Animemes,post,1552765680,neutral
b1up4b,AnthemTheGame,post,1552756155,negative
azzwh7,Astronomy,post,1552343844,positive
b1u04k,Braincels,post,1552752296,negative
b7hvu9,Brunei,post,1553991788,neutral
b7im2m,Brunei,post,1553996778,neutral
aw7dh2,FantasyPL,post,1551460961,neutral
awi9pk,KarmaCourt,post,1551536951,negative
ax81n6,LifeAfterNarcissism,post,1551711739,negative
b70yu9,Memes_Of_The_Dank,post,1553884731,negative
b4ti8g,Paranormal,post,1553410497,neutral
b7hf8p,PewdiepieSubmissions,post,1553988763,negative
b3foe0,PewdiepieSubmissions,post,1553107205,negative
b3xre6,Stormlight_Archive,post,1553211544,negative
b258vi,answers,post,1552829975,neutral
awxwzc,aspergers,post,1551643534,neutral
b3figh,dank_meme,post,1553106387,neutral
azbzdb,dankmemes,post,1552191011,negative
b044em,dankmemes,post,1552369407,negative
ax0z3z,dankmemes,post,1551661308,negative
b46mex,dankmemes,post,1553269559,neutral
b46qkx,dankmemes,post,1553270144,neutral
b721xt,dankmemes,post,1553890183,negative
az7pst,dankmemes,post,1552163341,neutral
b1jp9t,dankmemes,post,1552681309,negative
b1jrf2,dankmemes,post,1552681628,negative
azptqs,dankmemes,post,1552284354,negative
b1ov82,entp,post,1552712945,negative
b6s66i,funny,post,1553828508,neutral
b4x3mq,help,post,1553438807,negative
b68vhb,help,post,1553716470,negative
ayymou,legaladvice,post,1552098724,neutral
b6o9zq,moderatepolitics,post,1553806920,positive
awckfk,modhelp,post,1551492025,neutral
b6iycu,namenerds,post,1553780619,neutral
b0h924,nfl,post,1552448040,neutral
b7o5c3,progmetal,post,1554041442,negative
axurai,redditrequest,post,1551846899,neutral
b5v12d,redditrequest,post,1553633141,neutral
b1ybk2,redditrequest,post,1552776055,neutral
ay5lyl,redditrequest,post,1551914955,neutral
b4jo2n,redditrequest,post,1553350846,neutral
azesn9,teslamotors,post,1552217170,neutral
ayu6ht,trashyboners,post,1552073032,negative
b1x88v,unpopularopinion,post,1552769775,neutral
b2ihd1,weekendgunnit,post,1552914215,negative
b0uelg,AskReddit,post,1552527605,neutral
b791yg,Assistance,post,1553935714,neutral
b1jp67,ChapoTrapHouse,post,1552681293,negative
azmkp2,DieAntwoord,post,1552263960,negative
azrbik,DieAntwoord,post,1552296150,negative
aztugx,DieAntwoord,post,1552313205,negative
b1dkxp,FanFiction,post,1552648080,neutral
b1kp2j,FellowKids,post,1552686567,neutral
azexiz,GifSound,post,1552218462,negative
b4w0b6,IndiansGoneWild,post,1553431862,neutral
axex64,Indiemakeupandmore,post,1551747401,positive
ay4okc,Memes_Of_The_Dank,post,1551910074,neutral
b2vy96,ModSupport,post,1552992805,neutral
b5wkix,NoSleepOOC,post,1553640784,neutral
b3zq4c,PewdiepieSubmissions,post,1553222996,neutral
b1b7z9,PewdiepieSubmissions,post,1552629787,neutral
avyiza,Ripple,post,1551401901,neutral
azwxz6,Unexpected,post,1552329331,neutral
b7t88h,dankmemes,post,1554068772,neutral
b755b6,dankmemes,post,1553907265,negative
aw29j9,dankmemes,post,1551426789,neutral
b0q6bu,dankmemes,post,1552505384,neutral
b3z5ie,dankmemes,post,1553219513,neutral
b406co,dankmemes,post,1553225846,negative
b40bk8,dankmemes,post,1553226815,negative
b76njt,dankmemes,post,1553917078,negative
az7w12,darkjokes,post,1552164365,negative
b22e16,darksouls,post,1552804190,negative
b7jib3,discordapp,post,1554003412,negative
axz43w,europe,post,1551880748,neutral
b7kfuu,japancirclejerk,post,1554010839,negative
b72xnf,memes,post,1553894755,neutral
b6t5bk,memes,post,1553835313,positive
b3g5wz,memes,post,1553109636,neutral
avzlld,redditrequest,post,1551408604,neutral
b4hlus,redditrequest,post,1553336172,neutral
b53h09,redditrequest,post,1553472019,neutral
b4scg8,redditrequest,post,1553400970,neutral
b65zny,teenagers,post,1553702657,neutral
b7cu9r,teenagers,post,1553961881,negative
b4uyg7,thedivision,post,1553423543,neutral
b4szci,trees,post,1553405980,neutral
b7qjz3,wholesomememes,post,1554054998,neutral
b0wfnd,DBZDokkanBattle,post,1552541023,positive
aw92ju,DestinyTheGame,post,1551470661,neutral
b54jjh,Eminem,post,1553478162,neutral
b0pvsl,Eve,post,1552503969,negative
b0vkxe,Eve,post,1552535021,negative
b3541k,Eve,post,1553040980,negative
b3jsg2,Eve,post,1553128030,neutral
ax8gf3,FortNiteBR,post,1551714043,negative
b1mlw6,FortNiteBR,post,1552697638,negative
b10dcs,FreeKarma4U,post,1552570232,negative
awlbzk,Frugal,post,1551555030,negative
b6eytt,Memes_Of_The_Dank,post,1553751434,negative
b48nas,Memes_Of_The_Dank,post,1553279652,neutral
b3fimd,MortalKombat,post,1553106422,negative
awxaj7,Neverbrokeabone,post,1551640211,neutral
azgikd,NoStupidQuestions,post,1552230453,neutral
b6fmo3,OldSchoolCool,post,1553756680,negative
b6fq0m,OldSchoolCool,post,1553757391,negative
b2gs2u,PewdiepieSubmissions,post,1552903061,positive
aydav6,RocketLeagueExchange,post,1551969672,neutral
b2nbgh,The_Donald,post,1552939361,negative
b1kifm,The_Donald,post,1552685570,neutral
axn09j,YouTube_startups,post,1551803213,neutral
axdyvd,army,post,1551741898,neutral
azrijo,blogsnark,post,1552297705,neutral
b13zc2,bodybuilding,post,1552588655,negative
b0pzlh,confessions,post,1552504486,negative
b2zexw,dankmemes,post,1553012467,neutral
ax8pcv,dankmemes,post,1551715386,neutral
b563ku,dankmemes,post,1553487783,negative
b5bp1o,discordapp,post,1553525894,neutral
b3a7y7,footballdownload,post,1553076663,neutral
b6a9kg,madlads,post,1553723135,negative
b06qky,memes,post,1552390478,neutral
b7l0ho,modhelp,post,1554015977,neutral
awqhof,poker,post,1551587340,negative
b6yavf,redditrequest,post,1553871503,neutral
awns20,redditrequest,post,1551569069,neutral
azwvc6,redditrequest,post,1552328982,neutral
avydlx,redditrequest,post,1551400968,neutral
azwmoh,redditrequest,post,1552327805,neutral
b0odob,redditrequest,post,1552496558,neutral
awkvdc,redditrequest,post,1551552445,neutral
awpy9k,redditrequest,post,1551583365,neutral
b6ba6c,redditrequest,post,1553728300,neutral
b2z0b5,redditrequest,post,1553010454,neutral
azd8ag,redditrequest,post,1552201210,neutral
b6x4ve,redditrequest,post,1553865334,neutral
aws3cr,redditrequest,post,1551601018,neutral
b11h9g,runescape,post,1552576358,neutral
axgzom,teenagers,post,1551760544,negative
b6qml7,teenagers,post,1553819178,neutral
b55vqq,teenagers,post,1553486364,negative
b79hnt,teenagers,post,1553939512,neutral
b2reat,thefighterandthekid,post,1552960682,negative
azyb6m,vegan,post,1552336047,negative
b60ews,xxketo,post,1553663878,neutral
b016bu,2007scape,post,1552350725,positive
b171l4,Animemes,post,1552603753,neutral
az8ckp,AnthemTheGame,post,1552166981,negative
b7ncnu,AntiJokes,post,1554036119,negative
b69h9f,AskReddit,post,1553719421,neutral
b6ne8j,BikiniBottomTwitter,post,1553802521,negative
b2colf,JustUnsubbed,post,1552872392,negative
ayutzg,MomForAMinute,post,1552076480,neutral
awl8yx,Narcolepsy,post,1551554557,neutral
b7i2ds,NewMexico,post,1553993037,neutral
awaok1,PornhubComments,post,1551479871,negative
b43ebm,RWBY,post,1553250139,neutral
b5epmq,SUBREDDITNAME,post,1553540090,neutral
b75z7r,SquaredCircle,post,1553912515,negative
b7iekl,SquaredCircle,post,1553995341,neutral
aybjil,StarWarsBattlefront,post,1551957408,negative
b6odi8,SubredditDrama,post,1553807398,negative
b6rkh6,The_Donald,post,1553824760,positive
axm7mu,assholedesign,post,1551798937,neutral
b2ltn0,dankmemes,post,1552931783,neutral
b2m5tu,dankmemes,post,1552933448,neutral
b46zpa,dankmemes,post,1553271388,neutral
az7t7t,dankmemes,post,1552163918,negative
b556m0,dankmemes,post,1553481974,negative
b5ch51,dankmemes,post,1553529739,neutral
b3vvql,dankmemes,post,1553201683,neutral
b3vwxl,dankmemes,post,1553201851,neutral
b4sjsb,dankmemes,post,1553402510,negative
b70gfz,dankmemes,post,1553882188,negative
b7rt84,dankmemes,post,1554061471,neutral
b6co5o,funkopop,post,1553736265,neutral
azzqou,gatekeeping,post,1552343033,negative
b2w5ls,iamverysmart,post,1552994205,negative
b6rhg7,memes,post,1553824243,negative
b6h7uh,memes,post,1553769705,negative
b5m8sy,memes,post,1553581413,negative
b201nt,perfectloops,post,1552786842,negative
aymsuz,redditrequest,post,1552024318,neutral
ax3cpc,redditrequest,post,1551676616,neutral
b100yw,redditrequest,post,1552568261,neutral
b28dhp,teenagers,post,1552848032,neutral
ayktlx,teenagers,post,1552010778,neutral
azfx4y,unpopularopinion,post,1552226573,negative
awbxn8,2007scape,post,1551487681,neutral
b40vk6,AnimalsBeingBros,post,1553230572,negative
b4loh2,AnimalsBeingBros,post,1553361692,negative
b5ryur,AskMen,post,1553618371,negative
awbhi1,AutoModerator,post,1551484782,neutral
b4qim6,BPDlovedones,post,1553389059,neutral
b5jwmy,CrazyIdeas,post,1553566050,neutral
b28crx,DatGuyLirik,post,1552847928,neutral
azbl4s,FashionReps,post,1552188117,neutral
b41z1m,FreeKarma4U,post,1553238959,negative
b63gd8,GalaxyS8,post,1553687036,neutral
b3x69t,HailCorporate,post,1553208357,negative
b1fykh,Music,post,1552662037,positive
ay3yct,NOLAPelicans,post,1551906401,neutral
b394x6,Piracy,post,1553067724,neutral
b4msuy,Piracy,post,1553367535,neutral
b7c5dd,SUBREDDITNAME,post,1553957684,negative
b5u03y,SWGalaxyOfHeroes,post,1553628205,negative
b736b0,bayarea,post,1553896036,neutral
b64i3f,childfree,post,1553693365,neutral
b2nhxb,coaxedintoasnafu,post,1552940242,negative
b5hio6,comicbooks,post,1553553246,neutral
b7bvft,dankmemes,post,1553956086,negative
b1v0m1,dankmemes,post,1552757965,negative
b1ddnw,dankmemes,post,1552646699,positive
b6e9xj,dankmemes,post,1553746442,negative
b51psv,dankmemes,post,1553462379,negative
b44t46,dankmemes,post,1553259721,negative
b0qesn,dankmemes,post,1552506505,neutral
b40qv6,halo,post,1553229656,neutral
b4fcmr,hinduism,post,1553318167,negative
b7nyik,india,post,1554040281,neutral
azyna3,instantkarma,post,1552337693,negative
b4vxdr,instantkarma,post,1553431264,negative
b7ck42,instantkarma,post,1553960167,negative
b5l055,lewdgames,post,1553572833,positive
b6wk97,memes,post,1553861930,negative
awp9k9,metacanada,post,1551578547,neutral
b3lqdt,mildlypenis,post,1553139320,negative
b6qwl1,raisedbynarcissists,post,1553820783,neutral
ayl85v,reddeadredemption,post,1552013382,negative
b6hhik,redditrequest,post,1553771580,neutral
axb4zb,redditrequest,post,1551727435,neutral
ayvq1c,redditrequest,post,1552081313,neutral
aywftc,redditrequest,post,1552085142,neutral
ax6607,redditrequest,post,1551699443,neutral
b0c0d2,redditrequest,post,1552419334,neutral
b2cii8,redditrequest,post,1552871306,neutral
b66ht4,redditrequest,post,1553705062,neutral
b1mnxk,redditrequest,post,1552697988,neutral
ayfkxw,redditrequest,post,1551981744,neutral
axf9eu,redditrequest,post,1551749410,neutral
b6u1vb,starcitizen,post,1553842604,neutral
aypblh,teenagers,post,1552045198,neutral
az05gb,thedonald,post,1552109521,negative
b00n60,unpopularopinion,post,1552347800,negative
b61ofp,unpopularopinion,post,1553673571,negative
awu39n,2007scape,post,1551620549,negative
az0g7u,2007scape,post,1552111871,negative
b0kf51,AMA,post,1552473067,neutral
b2s6oi,AccidentalRacism,post,1552965228,negative
b739mt,Advice,post,1553896539,negative
axukys,Anarcho_Capitalism,post,1551845713,negative
b0stuu,BikiniBottomTwitter,post,1552518692,neutral
b0zx8g,BuyItForLife,post,1552567637,neutral
b2q6pa,DeepFriedMemes,post,1552954058,negative
aws38j,FearTheWalkingDead,post,1551600983,negative
az31mk,FortNiteBR,post,1552134729,neutral
b6c13g,GiIvaSunner,post,1553732505,neutral
b3lpi5,HistoryMemes,post,1553139172,neutral
ax3lpw,JapanTravel,post,1551678394,neutral
b14zwx,KenM,post,1552593646,neutral
b41udv,KerbalSpaceProgram,post,1553237988,positive
b5fdo0,MLBTheShow,post,1553543107,neutral
b6ijxd,Memes_Of_The_Dank,post,1553778352,negative
b26otm,TopMindsOfReddit,post,1552838902,negative
ays3ly,WatchRedditDie,post,1552062162,negative
b40wug,bangalore,post,1553230836,neutral
b5i4vv,botsrights,post,1553556408,neutral
b5iudm,circlejerk,post,1553560229,negative
b6u38z,dankmemes,post,1553842902,negative
b5e3c4,dankmemes,post,1553537078,negative
b6uuws,dankmemes,post,1553849660,neutral
b6uwai,dankmemes,post,1553850006,neutral
b71quf,dankmemes,post,1553888648,negative
b5y7un,depression,post,1553649871,neutral
azhbfz,ethereum,post,1552235220,neutral
b6vy67,explainlikeimfive,post,1553857885,negative
b1fngw,fatlogic,post,1552660322,negative
ax9iob,florida,post,1551719475,neutral
ayf0wg,forhonor,post,1551978950,neutral
b497bn,forhonor,post,1553282381,negative
b497y2,forhonor,post,1553282462,negative
b6w1yj,forhonor,post,1553858570,neutral
b2xaf9,formula1,post,1553001394,neutral
b2j2qw,forsen,post,1552917674,neutral
b7kqr9,furry,post,1554013536,neutral
b57522,hiphopheads,post,1553495367,negative
b59d47,manchester,post,1553512524,neutral
b7ft61,memes,post,1553978771,negative
b0wpr6,mormon,post,1552543177,neutral
b42gfe,opiates,post,1553242730,neutral
b5bzl4,redditrequest,post,1553527371,neutral
b0adwz,redditrequest,post,1552411160,neutral
azc69p,redditrequest,post,1552192460,neutral
b48736,unpopularopinion,post,1553277440,negative
b1x9tr,unpopularopinion,post,1552770010,negative
b3ijff,wallstreetbets,post,1553121356,neutral
b7pq32,2007scape,post,1554050747,positive
awf1n0,2007scape,post,1551509860,neutral
ax5qmh,2007scape,post,1551695884,neutral
aw3tcp,ADHD,post,1551439653,negative
b17e22,Animemes,post,1552605575,neutral
b691e4,AnthemTheGame,post,1553717264,neutral
b7sgii,AskReddit,post,1554064777,neutral
ax15ie,BATProject,post,1551662431,neutral
b1hjb9,BatmanArkham,post,1552670241,neutral
b78gaz,Dodgers,post,1553930475,negative
b71dkx,Drama,post,1553886780,neutral
b5zmcl,PPC,post,1553658437,neutral
b2ioim,PewdiepieSubmissions,post,1552915351,positive
b2mudl,PewdiepieSubmissions,post,1552936891,neutral
aynifj,PewdiepieSubmissions,post,1552029874,positive
aytluq,RocketLeague,post,1552070050,neutral
b6nmny,Steam,post,1553803679,positive
ay0xoo,That70sshow,post,1551890925,neutral
axypx2,TooAfraidToAsk,post,1551878249,negative
b1nrz0,TooAfraidToAsk,post,1552705275,neutral
b3e0vd,TooAfraidToAsk,post,1553098995,neutral
b4eeoz,TopMindsOfReddit,post,1553311880,negative
b5tgfl,TopMindsOfReddit,post,1553625578,negative
b65j82,TopMindsOfReddit,post,1553699563,neutral
az3tjp,beta,post,1552140393,negative
b6ewl8,creepyasterisks,post,1553750968,positive
axpghx,dankmemes,post,1551815915,neutral
ay4ljf,dankmemes,post,1551909651,neutral
ay92r1,dankmemes,post,1551936711,positive
b093yb,dankmemes,post,1552404774,negative
b0pav1,dankmemes,post,1552501141,neutral
b3w1gi,dankmemes,post,1553202481,negative
ayku6l,dankmemes,post,1552010879,negative
azthli,dankmemes,post,1552311120,negative
b6wi8w,dankmemes,post,1553861570,neutral
b1vydb,dankmemes,post,1552763036,neutral
b2jkme,dankmemes,post,1552920429,negative
b2yaly,dankmemes,post,1553006828,negative
b0dwbb,dankmemes,post,1552428849,negative
axg9iw,fountainpens,post,1551755308,neutral
axmacq,gaybroscirclejerk,post,1551799380,neutral
awikqr,headphones,post,1551539023,neutral
b0r4wg,help,post,1552510077,neutral
b77t2c,memes,post,1553925351,negative
ayedr9,memes,post,1551975679,negative
ay5nki,memes,post,1551915203,negative
awmy23,memes,post,1551564060,neutral
b1rjir,memes,post,1552736092,neutral
b0aznb,memes,post,1552414234,negative
b73f70,memes,post,1553897351,negative
b7sjnf,memes,post,1554065218,negative
b1hltc,redditrequest,post,1552670586,neutral
b11h3v,redditrequest,post,1552576336,neutral
b2blaf,redditrequest,post,1552865765,neutral
b18d3x,redditrequest,post,1552611116,neutral
b37lly,science,post,1553056158,negative
axosxj,secretsanta,post,1551812505,neutral
b32qsg,teenagers,post,1553028868,neutral
ay3z6l,thedavidpakmanshow,post,1551906517,neutral
azlnxz,vegan,post,1552258593,negative
axe05c,vegan,post,1551742096,negative
b64uli,vegan,post,1553695301,negative
b3tgmn,2007scape,post,1553189903,negative
b3b5ey,Anxiety,post,1553083328,neutral
b6bai0,AskLiteraryStudies,post,1553728349,neutral
b60im4,AtlantaHawks,post,1553664633,negative
ax4ln0,CasualConversation,post,1551686061,negative
b2gyo9,CasualConversation,post,1552904415,negative
b2j75q,CasualConversation,post,1552918365,neutral
b7j3d8,ChapoTrapHouse,post,1554000274,positive
azm3mc,GreenBayPackers,post,1552261129,neutral
b2xtoj,Hedgehog,post,1553004367,neutral
ax2gcm,HighQualityGifs,post,1551670642,negative
ax0irj,HollowKnight,post,1551658463,neutral
b2k1d9,PewdiepieSubmissions,post,1552922850,neutral
b49dhn,Sat,post,1553283267,neutral
b1mdow,Stargate,post,1552696230,neutral
aye4ha,TheFence,post,1551974336,neutral
b6m0mz,TheOA,post,1553795786,neutral
b1na4t,The_Donald,post,1552702002,negative
b6q84r,The_Donald,post,1553816953,neutral
axo2o3,Trumpgret,post,1551808770,negative
b2xxye,WatchRedditDie,post,1553004980,negative
b49nco,brockhampton,post,1553284636,negative
b1nikw,cardistry,post,1552703529,negative
b270fa,circlejerk,post,1552840701,negative
axtnz2,conspiracy,post,1551839873,negative
b4yiy7,coys,post,1553446510,neutral
b6wfj0,dankmemes,post,1553861064,neutral
azs7m1,dankmemes,post,1552302834,negative
b6vxwx,dankmemes,post,1553857840,negative
b79qyv,dankmemes,post,1553941525,negative
b1eerq,electronic_cigarette,post,1552653350,negative
b4cajs,facepalm,post,1553298533,neutral
b12gd1,fivenightsatfreddys,post,1552581225,neutral
b5ij6v,gatekeeping,post,1553558593,neutral
awewg1,hoggit,post,1551508669,negative
b1nfh3,legaladvice,post,1552702974,negative
b6v8jf,memes,post,1553852681,negative
ax5it1,redditrequest,post,1551694001,neutral
b5zwhs,redditrequest,post,1553660307,neutral
ayhqrq,redditrequest,post,1551992932,negative
b3n4tl,redditrequest,post,1553149185,neutral
awyguy,redditrequest,post,1551646557,neutral
ayok0s,socialism,post,1552039082,neutral
b4rnt5,teenagers,post,1553396261,positive
b4rva2,teenagers,post,1553397625,neutral
b2zmdf,teenagers,post,1553013482,negative
b3wwmr,unpopularopinion,post,1553206929,negative
b5o1y6,wallstreetbets,post,1553596493,negative
b5o4zr,wallstreetbets,post,1553597097,negative
ayd9cj,worldnews,post,1551969428,negative
aw2lvx,ABCDesis,post,1551429851,neutral
b0q77b,ApplyingToCollege,post,1552505498,negative
b4adlj,ApplyingToCollege,post,1553288356,neutral
b27jjo,BokuNoHeroAcademia,post,1552843589,neutral
b51e9g,CollegeBasketball,post,1553460787,neutral
awxvuq,FortNiteBR,post,1551643367,negative
ax43xx,FortNiteBR,post,1551682125,negative
b0naye,Games,post,1552491043,negative
b0tgn5,Instagram,post,1552522150,negative
ayrtb5,Memes_Of_The_Dank,post,1552060621,neutral
az0ha4,Memes_Of_The_Dank,post,1552112115,neutral
azkjd6,NoStupidQuestions,post,1552252497,neutral
b4y75s,OnePiece,post,1553444731,negative
awkxwf,PEDs,post,1551552836,neutral
b2qqlf,Random_Acts_Of_Amazon,post,1552957074,positive
ay9sfs,Shitstatistssay,post,1551942144,neutral
avyo0f,Showerthoughts,post,1551402756,neutral
aw6qsh,Showerthoughts,post,1551457390,negative
awiut0,Showerthoughts,post,1551540836,neutral
awjwji,Showerthoughts,post,1551547093,negative
aww3t4,Showerthoughts,post,1551633747,negative
aww8uu,Showerthoughts,post,1551634544,neutral
ax0j42,Showerthoughts,post,1551658520,negative
ax2osi,Showerthoughts,post,1551672115,negative
axaha7,Showerthoughts,post,1551724170,negative
axd9cx,Showerthoughts,post,1551738121,neutral
axqlxw,Showerthoughts,post,1551822013,neutral
axrnm6,Showerthoughts,post,1551827679,negative
axu4va,Showerthoughts,post,1551842852,negative
ayf40o,Showerthoughts,post,1551979381,negative
ayndb1,Showerthoughts,post,1552028715,neutral
ayqjn8,Showerthoughts,post,1552053433,negative
az46iz,Showerthoughts,post,1552142827,negative
azjo9q,Showerthoughts,post,1552247974,negative
b05g6t,Showerthoughts,post,1552380356,negative
b0cpt0,Showerthoughts,post,1552422875,negative
b0she3,Showerthoughts,post,1552516859,negative
b1thml,Showerthoughts,post,1552749357,negative
b1xojb,Showerthoughts,post,1552772343,negative
b27iev,Showerthoughts,post,1552843422,negative
b27n20,Showerthoughts,post,1552844115,negative
b2i5k3,Showerthoughts,post,1552912261,neutral
b2itpx,Showerthoughts,post,1552916225,neutral
b2ngq8,Showerthoughts,post,1552940088,negative
b2nhg6,Showerthoughts,post,1552940185,negative
b2qi87,Showerthoughts,post,1552955759,positive
b2qis9,Showerthoughts,post,1552955847,positive
b3fsi8,Showerthoughts,post,1553107778,negative
b45z8g,Showerthoughts,post,1553266295,negative
b4ao3e,Showerthoughts,post,1553289817,negative
b4jdbx,Showerthoughts,post,1553349026,negative
b4k0cq,Showerthoughts,post,1553352857,negative
b4rll0,Showerthoughts,post,1553395860,neutral
b50eng,Showerthoughts,post,1553455965,negative
b53gfi,Showerthoughts,post,1553471927,neutral
b56ci4,Showerthoughts,post,1553489410,negative
b5gnwa,Showerthoughts,post,1553549155,negative
b5kqd9,Showerthoughts,post,1553571017,negative
b5n0k4,Showerthoughts,post,1553587743,neutral
b5u7ei,Showerthoughts,post,1553629149,negative
b5u7mx,Showerthoughts,post,1553629178,negative
b5vnr1,Showerthoughts,post,1553636210,negative
b5vsxn,Showerthoughts,post,1553636926,negative
b5vxb5,Showerthoughts,post,1553637530,negative
b5xhj1,Showerthoughts,post,1553645803,negative
b6crk5,Showerthoughts,post,1553736829,negative
b6w60p,Showerthoughts,post,1553859300,negative
b6y5f9,Showerthoughts,post,1553870737,neutral
b6zuzm,Showerthoughts,post,1553879264,negative
b72nr2,Showerthoughts,post,1553893319,negative
b72ua6,Showerthoughts,post,1553894264,negative
b73r9m,Showerthoughts,post,1553899187,negative
b7awmt,Showerthoughts,post,1553950107,negative
b7dq45,Showerthoughts,post,1553966987,negative
b7j2am,Showerthoughts,post,1554000051,negative
b7o51s,Showerthoughts,post,1554041393,negative
b7tf50,Showerthoughts,post,1554069821,negative
b7uipk,Showerthoughts,post,1554076244,negative
az7tdc,SquaredCircle,post,1552163945,neutral
b5wu8f,SquaredCircle,post,1553642209,neutral
b223s2,WeWantPlates,post,1552801805,neutral
aw91aa,Wellthatsucks,post,1551470476,negative
b3kgul,asmr,post,1553131927,negative
b2ph9m,aww,post,1552950278,negative
b1hz45,circlebroke2,post,1552672452,negative
ayhxtb,creepyasterisks,post,1551993978,negative
b2i8p5,dankmemes,post,1552912800,negative
b6wlk8,dankmemes,post,1553862174,neutral
b7mw1t,dankmemes,post,1554032605,negative
b6z8jb,dankmemes,post,1553876151,negative
ayb7ga,dankmemes,post,1551954682,negative
b1nqmr,dankmemes,post,1552705024,negative
b5k32b,dankmemes,post,1553567082,negative
axn0r5,dankmemes,post,1551803282,negative
b6zwx9,dankmemes,post,1553879530,negative
b7slh4,darknet,post,1554065479,negative
awt18m,gamingpc,post,1551610871,negative
ay9v1t,graphicnovels,post,1551942713,neutral
aw78ym,lawschooladmissions,post,1551460282,neutral
awcay4,lawschooladmissions,post,1551490202,neutral
ayz7pl,lawschooladmissions,post,1552102813,neutral
ayza45,lawschooladmissions,post,1552103279,neutral
ayzd4d,lawschooladmissions,post,1552103843,neutral
ayzdyo,lawschooladmissions,post,1552104000,neutral
b0uah7,lawschooladmissions,post,1552526919,neutral
b3j4zp,lawschooladmissions,post,1553124534,positive
b6trci,memes,post,1553840143,negative
b2ayay,pyrocynical,post,1552862028,negative
axbfgi,redditrequest,post,1551728877,neutral
azbmf6,redditrequest,post,1552188375,neutral
azragi,redditrequest,post,1552295891,neutral
azv4ch,redditrequest,post,1552320100,neutral
axytlp,redditrequest,post,1551878906,neutral
b6nvc8,smashbros,post,1553804901,negative
b4ewz5,solotravel,post,1553315278,negative
awc2cx,subredditcancer,post,1551488562,negative
b6bkp2,subredditcancer,post,1553729927,negative
b5xqec,teenagers,post,1553647152,negative
axfgq8,teenagers,post,1551750584,negative
awrxq3,teenagers,post,1551599462,neutral
b00tci,thebachelor,post,1552348775,neutral
b02u0i,thebachelor,post,1552360640,neutral
avyrxi,unpopularopinion,post,1551403416,negative
aw6jvu,unpopularopinion,post,1551456319,negative
awrqzx,unpopularopinion,post,1551597631,neutral
ax54fr,unpopularopinion,post,1551690609,negative
axgoez,unpopularopinion,post,1551758041,negative
axgs3p,unpopularopinion,post,1551759090,neutral
axtvyh,unpopularopinion,post,1551841269,negative
ay3ar1,unpopularopinion,post,1551903055,negative
ay3dob,unpopularopinion,post,1551903476,negative
ay786t,unpopularopinion,post,1551924603,negative
ay9c2v,unpopularopinion,post,1551938656,negative
ayq21o,unpopularopinion,post,1552050320,negative
azkqbz,unpopularopinion,post,1552253525,negative
azn66s,unpopularopinion,post,1552267598,negative
azphxr,unpopularopinion,post,1552282128,negative
azplc6,unpopularopinion,post,1552282780,negative
b0fev1,unpopularopinion,post,1552436833,negative
b0g649,unpopularopinion,post,1552441247,neutral
b0hzec,unpopularopinion,post,1552453027,negative
b0qvas,unpopularopinion,post,1552508750,negative
b0uq97,unpopularopinion,post,1552529613,negative
b1417x,unpopularopinion,post,1552588912,negative
b18wdz,unpopularopinion,post,1552614377,negative
b1txas,unpopularopinion,post,1552751859,negative
b1u68k,unpopularopinion,post,1552753239,negative
b1xhaq,unpopularopinion,post,1552771183,negative
b20k3g,unpopularopinion,post,1552790180,negative
b21jeh,unpopularopinion,post,1552797247,neutral
b2i114,unpopularopinion,post,1552911486,negative
b2iiqp,unpopularopinion,post,1552914417,negative
b2imgt,unpopularopinion,post,1552915023,negative
b2m06d,unpopularopinion,post,1552932656,neutral
b2qjf1,unpopularopinion,post,1552955945,negative
b2zluu,unpopularopinion,post,1553013408,negative
b2zwd3,unpopularopinion,post,1553014848,neutral
b3dpwe,unpopularopinion,post,1553097507,neutral
b3f2rv,unpopularopinion,post,1553104280,negative
b3ffxo,unpopularopinion,post,1553106048,negative
b3fjjx,unpopularopinion,post,1553106542,negative
b3q1tt,unpopularopinion,post,1553172024,neutral
b3x5st,unpopularopinion,post,1553208290,negative
b3ywas,unpopularopinion,post,1553218010,negative
b48ip2,unpopularopinion,post,1553279029,negative
b4b2gn,unpopularopinion,post,1553291920,negative
b4iyrk,unpopularopinion,post,1553346396,positive
b4osks,unpopularopinion,post,1553378405,negative
b4x7pl,unpopularopinion,post,1553439479,neutral
b50yjs,unpopularopinion,post,1553458582,negative
b513py,unpopularopinion,post,1553459292,negative
b515xn,unpopularopinion,post,1553459597,negative
b57n4k,unpopularopinion,post,1553499526,negative
b5kgdr,unpopularopinion,post,1553569266,negative
b5rvo5,unpopularopinion,post,1553617931,neutral
b66qyu,unpopularopinion,post,1553706277,neutral
b690g3,unpopularopinion,post,1553717142,negative
b6cz6f,unpopularopinion,post,1553738100,neutral
b6whje,unpopularopinion,post,1553861442,neutral
b6xu0m,unpopularopinion,post,1553869094,negative
b7dy87,unpopularopinion,post,1553968335,negative
b7e3d1,unpopularopinion,post,1553969134,negative
azj2xk,Animemes,post,1552244834,neutral
b2t4am,AskReddit,post,1552971308,neutral
b37lyv,AskReddit,post,1553056220,neutral
b3m8j4,AskReddit,post,1553142536,neutral
b3u0rd,BreakUps,post,1553192555,neutral
b4bmvz,CarletonU,post,1553294882,negative
b084s4,Charleston,post,1552399341,neutral
b4enw0,Christianity,post,1553313600,neutral
b164rt,CrossStitch,post,1552599198,positive
b5xttx,DankMemesFromSite19,post,1553647684,neutral
b76636,DeepFriedMemes,post,1553913742,neutral
aw0h1o,FortNiteBR,post,1551414031,neutral
aw3jrp,FortNiteBR,post,1551437676,neutral
b0pd2d,FrankOcean,post,1552501434,positive
b5talo,Frugal_Jerk,post,1553624803,negative
axoah5,Gunners,post,1551809849,neutral
b25od8,Memes_Of_The_Dank,post,1552832854,negative
b0mfhq,Memes_Of_The_Dank,post,1552486148,negative
azgyp5,OutOfTheLoop,post,1552233172,negative
b422n5,OutOfTheLoop,post,1553239781,negative
b426u8,OutOfTheLoop,post,1553240687,negative
b4djjz,OutOfTheLoop,post,1553306208,negative
b5j6t2,OutOfTheLoop,post,1553562080,neutral
b7udst,OutOfTheLoop,post,1554075431,neutral
awln6q,POLITIC,post,1551556774,negative
avyc1v,Perfectfit,post,1551400704,negative
b1gda4,ShadowBan,post,1552664218,neutral
b2nnsg,StallmanWasRight,post,1552941059,negative
b6iti6,StarWarsBattlefront,post,1553779867,negative
b1jjdp,TrueOffMyChest,post,1552680430,negative
b2zywm,TrueOffMyChest,post,1553015178,negative
b5ee51,TrueOffMyChest,post,1553538458,negative
az2oqf,bakchodi,post,1552131801,neutral
ax6qqc,bigdicklovers,post,1551703517,negative
b2dbk2,communism,post,1552876459,negative
b6yl22,dank_meme,post,1553872869,neutral
b456jj,dankmemes,post,1553261932,positive
b457bh,dankmemes,post,1553262050,positive
b457ot,dankmemes,post,1553262110,positive
b45p6u,dankmemes,post,1553264808,positive
b7f16l,dankmemes,post,1553974337,negative
b5si1i,dankmemes,post,1553620978,neutral
b5siwb,dankmemes,post,1553621097,neutral
b6tzq9,dankmemes,post,1553842092,negative
b3wcna,dankmemes,post,1553204090,negative
b01weo,dankmemes,post,1552355003,neutral
b1z3u6,dankmemes,post,1552780991,neutral
axoxbo,discordapp,post,1551813158,neutral
b58y1m,forsen,post,1553509805,positive
aw22f0,india,post,1551425149,negative
ax41us,india,post,1551681689,negative
azsm0u,india,post,1552305577,negative
b06jrb,india,post,1552389150,negative
b0gue8,india,post,1552445379,negative
b0h6fu,india,post,1552447566,positive
b0pqgj,india,post,1552503275,neutral
b1b9ov,india,post,1552630143,neutral
b24nzm,india,post,1552825599,negative
b4k87e,india,post,1553354112,neutral
b6p7ky,india,post,1553811608,positive
b4dkmy,learnjavascript,post,1553306412,neutral
b7cykk,memes,post,1553962573,negative
b14h0c,mildlyinfuriating,post,1552591097,negative
aw0zir,redditrequest,post,1551417372,neutral
ayby7b,redditrequest,post,1551960600,neutral
b6smhk,redditrequest,post,1553831530,neutral
avy0u8,saab,post,1551398881,neutral
b0i6sk,spotify,post,1552454470,neutral
aze1dn,teenagers,post,1552209459,neutral
b5y39c,teenagers,post,1553649134,neutral
b475dz,teenagers,post,1553272186,positive
b7dkqo,unpopularopinion,post,1553966134,negative
ayg57s,unpopularopinion,post,1551984639,negative
b0dojt,unpopularopinion,post,1552427789,negative
b0dp50,unpopularopinion,post,1552427875,negative
b0dumm,unpopularopinion,post,1552428610,negative
b43j2g,writing,post,1553251156,neutral
b1tbtx,AnthemTheGame,post,1552748401,negative
b5q8bm,AnthemTheGame,post,1553609737,neutral
b50ezk,ChoosingBeggars,post,1553456010,neutral
b21qey,DotA2,post,1552798813,negative
aydt34,Embroidery,post,1551972579,neutral
azmio1,FortNiteBR,post,1552263613,neutral
b2bb14,GetMotivatedBuddies,post,1552864053,neutral
b3gpyv,Granblue_en,post,1553112413,positive
awvsma,KotakuInAction,post,1551631971,neutral
axcv2x,LiverpoolFC,post,1551736028,positive
b2j7je,MakeNewFriendsHere,post,1552918423,negative
b7tno4,Mavericks,post,1554071192,neutral
axso42,Metallica,post,1551833705,negative
b3tpkr,NintendoSwitch,post,1553191095,neutral
b6iac4,OrlandoMagic,post,1553776801,positive
b0tdog,OutOfTheLoop,post,1552521692,neutral
b0xdab,OutOfTheLoop,post,1552548256,neutral
b2nemk,PewdiepieSubmissions,post,1552939804,negative
b5cy3c,PhantomForces,post,1553531931,negative
b6mq1p,PrequelMemes,post,1553799281,negative
ayewug,SubredditDrama,post,1551978378,negative
ayludz,TrueOffMyChest,post,1552017497,negative
ayzle9,Undertale,post,1552105495,neutral
b5aj8c,UrbanHell,post,1553519575,negative
b2c5qu,XXXTENTACION,post,1552869135,positive
b3kvac,childfree,post,1553134202,neutral
aw7njk,crochet,post,1551462921,negative
b5u0da,dankmemes,post,1553628242,negative
b5u0va,dankmemes,post,1553628308,negative
b6ug76,dankmemes,post,1553845963,negative
b6tf08,dankmemes,post,1553837371,negative
b3221r,dankmemes,post,1553025443,neutral
aw3d0t,dankmemes,post,1551436157,neutral
b4l5ux,dankmemes,post,1553359005,negative
b5slk3,dankmemes,post,1553621466,neutral
b1694p,dankmemes,post,1552599809,neutral
aywq5x,ddo,post,1552086643,neutral
b1xybu,funny,post,1552773906,neutral
b1gi08,help,post,1552664903,neutral
b7ertu,help,post,1553972924,neutral
b4anlg,help,post,1553289748,negative
b7g3wb,indieheads,post,1553980513,neutral
b5xfw4,memes,post,1553645552,neutral
b0bj05,movies,post,1552416943,negative
b2ur8h,newzealand,post,1552983443,positive
awebs5,nrl,post,1551504239,neutral
b30mfw,rapbattles,post,1553018381,negative
ayjqqd,redditrequest,post,1552004008,neutral
b22afb,redditrequest,post,1552803324,neutral
b4pcef,redditrequest,post,1553381735,neutral
ayy080,redditrequest,post,1552094462,neutral
axq970,scuba,post,1551820139,neutral
b67mnr,stopdrinking,post,1553710486,positive
b777m0,warriors,post,1553921033,neutral
b0sjon,4chan,post,1552517195,neutral
az3zp1,ClashRoyale,post,1552141583,positive
ax7x5z,DevilMayCry,post,1551711003,positive
b4qddm,FortNiteBR,post,1553388131,negative
axyd3i,JoeRogan,post,1551875829,neutral
aw0a8q,JoeRogan,post,1551412838,negative
ay0lpx,Memes_Of_The_Dank,post,1551889165,neutral
azebvo,OutOfTheLoop,post,1552212554,negative
az0519,Rainbow6,post,1552109435,negative
b724q5,Showerthoughts,post,1553890582,negative
b57wpo,TwoXChromosomes,post,1553501892,neutral
b577wd,bertstrips,post,1553496011,neutral
b74dkv,dankmemes,post,1553902684,negative
b7f70g,dankmemes,post,1553975249,neutral
b7f797,dankmemes,post,1553975284,neutral
b4kmq3,dankmemes,post,1553356262,negative
b20835,dankmemes,post,1552787976,negative
ay888u,darkjokes,post,1551930856,negative
b4di1m,flatearth,post,1553305930,negative
b0ov63,humblebrag,post,1552498969,negative
awuz2h,india,post,1551626928,negative
b6610c,memes,post,1553702827,negative
b5zk5p,memes,post,1553658029,negative
azx7l1,miamidolphins,post,1552330645,positive
b21uwj,nba,post,1552799783,neutral
b6cxoo,nukedmemes,post,1553737843,neutral
b5xy8x,opieandanthony,post,1553648353,neutral
awtcn3,randomactsofmusic,post,1551614048,negative
b0wwsx,redditrequest,post,1552544680,neutral
b3wbsq,redditrequest,post,1553203969,neutral
b2scom,redditrequest,post,1552966264,neutral
ay048k,redditrequest,post,1551886575,neutral
aygtza,redditrequest,post,1551988184,neutral
aw22bt,redditrequest,post,1551425127,neutral
b0csty,redditrequest,post,1552423299,neutral
b3ob7p,rickandmorty,post,1553159270,neutral
awnxp1,starbucks,post,1551569995,neutral
awxlbl,sweden,post,1551641794,neutral
az3llt,teenagers,post,1552138903,neutral
b67kdu,unpopularopinion,post,1553710169,negative
b6qxwz,2007scape,post,1553821007,positive
b5rvyx,AskReddit,post,1553617971,negative
ay2bfg,AskReddit,post,1551898027,negative
b5ians,AskReddit,post,1553557306,negative
b39ir7,BPD,post,1553070912,neutral
b6s5cu,BinghamtonUniversity,post,1553828371,negative
b6mqdp,BravoRealHousewives,post,1553799327,negative
axnt65,Brawlstars,post,1551807396,negative
b08dji,Brawlstars,post,1552400773,negative
b71iwx,CrazyIdeas,post,1553887519,neutral
b24usm,FIFA,post,1552827113,positive
awz6cs,FloridaPanthers,post,1551650507,neutral
axwdmy,FreeKarma4U,post,1551859274,neutral
b7rqc5,JonTron,post,1554061073,neutral
axuql6,Libertarian,post,1551846757,negative
b714g8,Libertarian,post,1553885515,neutral
b6rxa9,MaddenMobileForums,post,1553826924,positive
axgvej,Philippines,post,1551759724,neutral
b2wxr5,Piracy,post,1552999325,neutral
b2tzpd,StarWarsBattlefront,post,1552977580,negative
b1a9vk,The_Donald,post,1552623090,negative
awbdhp,dankmemes,post,1551484070,negative
b2cw7r,dankmemes,post,1552873731,negative
az9csg,dankmemes,post,1552172910,negative
b1j98d,dankmemes,post,1552678933,negative
b20dat,dankmemes,post,1552788926,negative
b42are,dankmemes,post,1553241549,negative
b3yqhf,dankmemes,post,1553217023,negative
b752p7,dankmemes,post,1553906807,negative
b7bt92,dataisbeautiful,post,1553955750,neutral
awcneu,funny,post,1551492595,neutral
awwlm4,funny,post,1551636518,neutral
axhys1,funny,post,1551767411,negative
ayncfg,funny,post,1552028516,negative
az7wgj,funny,post,1552164471,neutral
b0aynh,funny,post,1552414104,negative
b0r9ro,funny,post,1552510751,positive
b0rg8m,funny,post,1552511639,negative
b14zf5,funny,post,1552593578,negative
b1isdl,funny,post,1552676579,neutral
b1l705,funny,post,1552689293,positive
b26qz4,funny,post,1552839229,negative
b2z2q5,funny,post,1553010813,negative
b3t8te,funny,post,1553188849,negative
b5c4f8,funny,post,1553528038,negative
b6q66m,funny,post,1553816660,negative
b7hbcr,funny,post,1553988026,negative
b7p92j,funny,post,1554048079,neutral
ay7rd1,glutenfree,post,1551927844,neutral
ayb7qw,im14andthisisdeep,post,1551954751,neutral
b4yu7l,im14andthisisdeep,post,1553448083,negative
axliky,legaladvice,post,1551794777,positive
ayqmod,magicTCG,post,1552053915,neutral
b750t0,memes,post,1553906494,negative
b675vr,minnesotavikings,post,1553708244,negative
az96zo,modhelp,post,1552171929,neutral
b7kitc,redditrequest,post,1554011540,neutral
b5ak5g,redditrequest,post,1553519717,neutral
axd0uu,redditrequest,post,1551736871,neutral
b4okb7,redditrequest,post,1553377037,neutral
axvicj,redditrequest,post,1551852221,neutral
b42uju,relationship_advice,post,1553245891,neutral
b54sv0,socialwork,post,1553479683,neutral
aweyjc,teenagers,post,1551509146,neutral
b01lkc,trees,post,1552353176,neutral
b3qn10,trees,post,1553175552,negative
b6h9xa,trees,post,1553770131,negative
b6tal2,trees,post,1553836413,neutral
b1h530,unpopularopinion,post,1552668245,negative
b56y5g,Braincels,post,1553493855,neutral
b6f51q,Breath_of_the_Wild,post,1553752808,negative
b5f85b,Buddhism,post,1553542416,neutral
b70nby,Comcast_Xfinity,post,1553883128,neutral
aw0523,Comcast_Xfinity,post,1551411915,neutral
ax9g2o,CryptoCurrency,post,1551719122,neutral
b456e5,CryptoCurrency,post,1553261910,negative
b0smxt,DallasStars,post,1552517672,positive
b768hs,DeepFriedMemes,post,1553914169,negative
b0o6qq,DetroitRedWings,post,1552495583,neutral
b5yb1j,DnD,post,1553650372,neutral
b4d62l,FortNiteBR,post,1553303788,negative
b114w7,FrontPage,post,1552574572,negative
b5js9y,JUSTNOMIL,post,1553565363,neutral
b3ujft,LeagueOfMeta,post,1553195036,negative
b0o1f4,Mavericks,post,1552494816,negative
b2lf8x,PewdiepieSubmissions,post,1552929803,neutral
b5qgy6,PewdiepieSubmissions,post,1553611034,negative
b1yk5x,PhantomForces,post,1552777537,negative
b6md70,RequestABot,post,1553797497,neutral
b6in35,TheWaterLew,post,1553778858,negative
b4da3g,The_Mueller,post,1553304489,positive
b4df1e,The_Mueller,post,1553305392,neutral
b1nca9,WatchRedditDie,post,1552702397,neutral
az8hu1,Xenoblade_Chronicles,post,1552167788,negative
b2za3s,apple,post,1553011801,negative
b15jjj,asktransgender,post,1552596315,negative
b0ou9w,beetlejuicing,post,1552498848,negative
b6qtyb,beetlejuicing,post,1553820347,negative
b6y159,dankmemes,post,1553870125,neutral
b3yezp,dankmemes,post,1553215150,positive
b0qe7n,dankmemes,post,1552506424,negative
b41gos,dankmemes,post,1553235046,neutral
b41k76,dankmemes,post,1553235801,neutral
b7nivm,dankmemes,post,1554037355,negative
azsi0a,dankmemes,post,1552304805,neutral
b7dl3a,dankmemes,post,1553966186,negative
b7agex,dankmemes,post,1553947040,neutral
b3y4jc,dankmemes,post,1553213570,negative
axf7h5,help,post,1551749088,neutral
aw0c7x,ladybonersgw,post,1551413174,negative
b7te7z,memes,post,1554069689,negative
az4rwy,modhelp,post,1552146576,neutral
b70yf2,modhelp,post,1553884665,neutral
b5yats,opieandanthony,post,1553650339,neutral
ay8o0i,politics,post,1551933817,negative
b2uitl,redditrequest,post,1552981546,neutral
ay5wn2,redditrequest,post,1551916651,neutral
b1uypc,redditrequest,post,1552757660,neutral
ax7k4h,redditrequest,post,1551708793,neutral
b0f01w,shield,post,1552434627,negative
b2bze9,softwaregore,post,1552868078,neutral
b0pw35,teenagers,post,1552504008,neutral
b0tzaw,teenagers,post,1552525102,neutral
b6mkq4,teenagers,post,1553798545,neutral
b650q4,thalassophobia,post,1553696213,neutral
ayxgwf,ukpolitics,post,1552091053,neutral
b1aoa1,unpopularopinion,post,1552625876,negative
b2zffr,unpopularopinion,post,1553012532,neutral
azbitu,whatisthisthing,post,1552187656,negative
axebxn,woooosh,post,1551743994,neutral
b35nd0,49ers,post,1553044133,positive
awz3dd,AnthemTheGame,post,1551650044,negative
axeqjk,AnthemTheGame,post,1551746311,neutral
awmoch,AskOuija,post,1551562492,neutral
b4sf56,AskReddit,post,1553401527,negative
b4si27,AskReddit,post,1553402135,negative
azlrus,CallOfDutyWorldWarTwo,post,1552259220,neutral
b6ltqp,FORTnITE,post,1553794833,neutral
axbcqb,FortNiteBR,post,1551728497,negative
b1oggy,GoneWildCD,post,1552709887,neutral
b06ete,IdleHeroes,post,1552388193,neutral
b1jdzv,Markiplier,post,1552679635,neutral
b2cpr6,Memes_Of_The_Dank,post,1552872598,positive
b3wt2o,StarWarsBattlefront,post,1553206400,negative
axetzh,assholedesign,post,1551746878,negative
axf854,assholedesign,post,1551749193,negative
ayh7iy,assholedesign,post,1551990150,neutral
b16lm9,assholedesign,post,1552601533,negative
ayl1nh,cats,post,1552012191,positive
b7mowq,dankmemes,post,1554030989,neutral
b4tdjg,dankmemes,post,1553409321,negative
b6l1lq,dankmemes,post,1553791062,negative
axgqu7,dankmemes,post,1551758861,neutral
aw7wco,dankmemes,post,1551464197,negative
b3tzkb,dankmemes,post,1553192392,neutral
b7mlgz,dankmemes,post,1554030233,negative
b7m487,dankmemes,post,1554026165,negative
aybg1w,dankmemes,post,1551956647,negative
b6yvy2,dankmemes,post,1553874401,neutral
b2bj1q,dankmemes,post,1552865387,neutral
b73nxf,deadbydaylight,post,1553898687,neutral
ay7nt8,findareddit,post,1551927223,neutral
ayzqrp,findareddit,post,1552106574,negative
b1u343,findareddit,post,1552752757,neutral
b6tj5o,memes,post,1553838282,negative
b3u4c3,playrust,post,1553193010,negative
az82zv,rant,post,1552165473,negative
ay2htr,redditrequest,post,1551898941,neutral
b33lwn,redditrequest,post,1553033124,neutral
ayy9kt,redditrequest,post,1552096200,neutral
aw4d9t,redditrequest,post,1551443547,neutral
b2j67a,replika,post,1552918215,neutral
b05y1n,screenshots,post,1552384555,negative
b0xpjg,shittyfoodporn,post,1552551138,negative
awf22u,teenagers,post,1551509953,neutral
aw1qum,wholesomememes,post,1551422725,neutral
ayusem,wholesomememes,post,1552076236,neutral
az1bqs,wholesomememes,post,1552119579,positive
b0t1qb,wholesomememes,post,1552519864,neutral
b12mq4,wholesomememes,post,1552582082,neutral
b14tn1,wholesomememes,post,1552592796,neutral
b328rt,wholesomememes,post,1553026354,neutral
b3jwsk,wholesomememes,post,1553128714,positive
b4u1vg,wholesomememes,post,1553415527,neutral
b1qpar,2007scape,post,1552728944,negative
b6sh53,AskHistorians,post,1553830497,neutral
b73tdc,DevilMayCry,post,1553899521,neutral
b36cxv,GlobalOffensiveTrade,post,1553048322,neutral
b5nqjh,MDMA,post,1553593926,neutral
ayp77l,McJuggerNuggets,post,1552044226,positive
b0c6ed,Neverbrokeabone,post,1552420160,negative
b3ef7v,NoStupidQuestions,post,1553100969,neutral
b2m2nj,PewdiepieSubmissions,post,1552932994,neutral
ayfqu5,Rainbow6,post,1551982574,negative
b3amk3,ShadowBan,post,1553079691,neutral
axrujw,The_Donald,post,1551828771,neutral
b363dv,TrueOffMyChest,post,1553046736,negative
b69hns,TrueOffMyChest,post,1553719475,negative
b5s6g5,brockhampton,post,1553619420,neutral
b4ii7l,dankmemes,post,1553343224,negative
b700qm,dankmemes,post,1553880059,negative
b5b3cl,dankmemes,post,1553522684,negative
b7qs6l,dankmemes,post,1554056174,negative
b3hc7q,dankmemes,post,1553115408,negative
b3he5g,dankmemes,post,1553115667,negative
b3hefa,dankmemes,post,1553115704,negative
b3hp3k,dankmemes,post,1553117154,negative
b5rc37,dankmemes,post,1553615342,negative
b5recm,dankmemes,post,1553615648,negative
b7c09i,dankmemes,post,1553956868,neutral
b0nmsx,dankmemes,post,1552492789,positive
b27ncq,dankmemes,post,1552844160,neutral
awf4u0,dankmemes,post,1551510556,negative
b6zl0a,dankmemes,post,1553877894,negative
b6uqps,dankmemes,post,1553848644,neutral
b7aqnq,dankmemes,post,1553948974,neutral
b4eafk,dankmemes,post,1553311104,negative
b3lpqm,dbz,post,1553139212,neutral
b1qo8l,europe,post,1552728671,neutral
b5j7zo,europe,post,1553562254,negative
b7uce8,europe,post,1554075197,negative
b3cvuk,halo,post,1553093151,negative
b178x8,hearthstone,post,1552604809,negative
b3hemf,help,post,1553115729,negative
b3ssst,ihavesex,post,1553186657,negative
ay8dvx,lakers,post,1551931896,neutral
ay8ehb,lakers,post,1551932010,neutral
b5kl45,lakers,post,1553570076,negative
b0ki5f,memes,post,1552473741,negative
azb3bv,peloton,post,1552184559,negative
b337pm,peloton,post,1553031189,negative
b0d5h7,redditrequest,post,1552425062,neutral
b3t8pj,redditrequest,post,1553188817,neutral
b4eqcv,redditrequest,post,1553314039,neutral
b77sbt,redditrequest,post,1553925202,neutral
b5iz79,redditrequest,post,1553560939,neutral
axehs4,redditrequest,post,1551744903,neutral
axgm1f,redditrequest,post,1551757376,neutral
b3w2dm,slatestarcodex,post,1553202614,neutral
axnvef,subredditcancer,post,1551807715,negative
awbcph,teenagers,post,1551483950,neutral
b21egd,unpopularopinion,post,1552796168,neutral
az0lxv,unpopularopinion,post,1552113153,negative
ayheax,2007scape,post,1551991136,neutral
b5kjsj,AccidentalComedy,post,1553569839,neutral
b1b3fz,AskMen,post,1552628880,neutral
b3xo6x,AskMen,post,1553211048,neutral
b4531j,AskMen,post,1553261360,negative
b5ktdd,AskMen,post,1553571572,negative
b5tyit,AskMen,post,1553627996,negative
b55d60,Boxing,post,1553483080,neutral
b0jq54,DevilMayCry,post,1552467190,neutral
b1ugwv,Kaiserreich,post,1552754871,negative
b0pepx,LSD,post,1552501669,negative
b0qkk8,Lollapalooza,post,1552507289,neutral
b1wlii,Paladins,post,1552766378,negative
b4ywe7,PewdiepieSubmissions,post,1553448390,negative
b4di5d,Showerthoughts,post,1553305948,negative
b712my,dancarlin,post,1553885261,negative
b5xv8w,dankmemes,post,1553647896,neutral
b5xvdt,dankmemes,post,1553647918,neutral
b3u9t5,dankmemes,post,1553193742,negative
b54eg3,dankmemes,post,1553477323,negative
b5strm,dankmemes,post,1553622610,negative
b0v75l,dankmemes,post,1552532613,negative
b4tgnb,darkjokes,post,1553410084,negative
azlhtd,denvernuggets,post,1552257614,neutral
b7f96p,funny,post,1553975590,negative
b6isa8,geek,post,1553779680,neutral
b51cm9,insomnia,post,1553460555,neutral
ayenqa,keto,post,1551977121,neutral
b103ap,kpop,post,1552568649,positive
azwuop,kratom,post,1552328892,negative
b1hvsy,listentothis,post,1552671966,negative
b71y64,marvelstudios,post,1553889666,neutral
ax39fu,mildlyinfuriating,post,1551676028,negative
axhim9,nba,post,1551764176,neutral
azz7pm,needamod,post,1552340463,neutral
b5wnmh,redditrequest,post,1553641238,neutral
b2w7ct,redditrequest,post,1552994558,neutral
b3w6tp,redditrequest,post,1553203256,neutral
b1oxu0,redditrequest,post,1552713501,neutral
ayvtmw,redditrequest,post,1552081860,neutral
b3yh91,teenagers,post,1553215516,neutral
ay5tfu,teenagers,post,1551916125,neutral
b5l8k1,thedivision,post,1553574322,negative
aymjl0,unpopularopinion,post,1552022412,negative
ayeg09,unpopularopinion,post,1551976000,negative
axbbbl,unpopularopinion,post,1551728303,neutral
axu6yu,2007scape,post,1551843222,positive
b7j8fv,3dshacks,post,1554001322,negative
azemya,AMA,post,1552215665,negative
axpzwq,AnthemTheGame,post,1551818784,negative
b3xul8,AskOuija,post,1553212044,neutral
b3vvq4,Drama,post,1553201682,negative
b3ksyw,GetStudying,post,1553133826,neutral
b7l79v,Marvel,post,1554017706,negative
b7tjbf,Marvel,post,1554070499,negative
b6k3f9,Memes_Of_The_Dank,post,1553786489,negative
b3yc8k,Memes_Of_The_Dank,post,1553214727,negative
b6d4mk,MortalKombat,post,1553739017,negative
b67yzu,ShitPoliticsSays,post,1553712113,negative
axx0yw,Synesthesia,post,1551865058,neutral
b58bye,TheRedPill,post,1553505565,negative
b0mnrs,TopMindsOfReddit,post,1552487459,neutral
b7tabk,WebGames,post,1554069096,negative
b5zr8h,adoptareddit,post,1553659335,neutral
b7eokz,belgium,post,1553972435,neutral
b2so4d,bonehurtingjuice,post,1552968317,negative
b5lek2,bonehurtingjuice,post,1553575443,negative
b6gn0e,bonehurtingjuice,post,1553765186,negative
awwax5,cakeday,post,1551634873,neutral
b0f44v,cakeday,post,1552435236,neutral
b190e6,cakeday,post,1552615051,neutral
b7d0h4,dankmemes,post,1553962894,negative
b7d2ab,dankmemes,post,1553963191,negative
b2wf4m,dankmemes,post,1552996059,neutral
b0piqv,dankmemes,post,1552502233,negative
b32ski,dankmemes,post,1553029115,negative
ayilqq,darkjokes,post,1551997591,negative
b4fu5q,darkjokes,post,1553321706,negative
b7udzg,dayz,post,1554075461,neutral
ax3hxf,homeassistant,post,1551677651,neutral
az9hh9,minecraftsuggestions,post,1552173737,neutral
b0826x,needamod,post,1552398941,neutral
b0iath,nyjets,post,1552455314,negative
ay520o,reddevils,post,1551912002,neutral
azva8r,redditrequest,post,1552320937,neutral
b6plbw,redditrequest,post,1553813563,neutral
b6gj15,redditrequest,post,1553764272,neutral
b1sil2,redditrequest,post,1552743473,neutral
b5ozma,redditrequest,post,1553602681,neutral
b57mw2,redditrequest,post,1553499470,neutral
awlikw,redditrequest,post,1551556041,neutral
az3dzn,redditrequest,post,1552137327,neutral
awsg19,runescape,post,1551604719,negative
b6dfn3,slavelabour,post,1553740883,negative
az6nb7,teenagers,post,1552157239,negative
awufq5,teenagers,post,1551623294,neutral
axbriz,thebachelor,post,1551730532,neutral
ay1rw2,thebachelor,post,1551895243,neutral
b0p6z0,thebachelor,post,1552500603,negative
b5itgb,thebachelor,post,1553560087,neutral
b4cm9z,unpopularopinion,post,1553300423,negative
b5rmqw,weddingplanning,post,1553616759,neutral
az8lfd,AnthemTheGame,post,1552168367,negative
aw5fut,AskOuija,post,1551450094,neutral
aym1oc,Braincels,post,1552018880,negative
awe5jp,Calgary,post,1551502964,neutral
axmite,ChapoTrapHouse,post,1551800679,neutral
b2kg6x,ColoradoSprings,post,1552924975,neutral
azkzmt,Drama,post,1552254900,neutral
ayqy4r,DuelLinks,post,1552055753,negative
b0n3np,FortNiteBR,post,1552489945,negative
b0uvo4,FreeKarma4U,post,1552530552,negative
b1kyv1,FreeKarma4U,post,1552688051,negative
b2c47b,FreeKarma4U,post,1552868871,negative
ayizod,MomForAMinute,post,1551999724,negative
b3zoe1,PrequelMemes,post,1553222704,neutral
b1j2gt,SeriousConversation,post,1552677977,negative
aztv2e,SkincareAddiction,post,1552313298,negative
b3dzzl,Teleshits,post,1553098876,negative
awq0g0,The_Donald,post,1551583800,negative
awqvbm,adderall,post,1551590172,negative
b6u3xg,ass,post,1553843057,negative
azdgfo,childfree,post,1552203428,neutral
b2h7bm,dankmemes,post,1552906155,negative
b44aa6,dankmemes,post,1553256501,negative
b7mj26,dankmemes,post,1554029681,neutral
b3ytwt,dankmemes,post,1553217607,negative
b7pk7q,findareddit,post,1554049836,neutral
b6ogei,haiku,post,1553807783,negative
axee9n,keto,post,1551744370,neutral
awe5cv,needamod,post,1551502924,neutral
azabeo,redditlogos,post,1552179121,neutral
ayrk5y,redditrequest,post,1552059268,neutral
b4ed2x,redditrequest,post,1553311590,neutral
b6uch8,redditrequest,post,1553845034,neutral
b3iajz,redditrequest,post,1553120106,neutral
b1fqm1,redditrequest,post,1552660810,neutral
azks2h,redditrequest,post,1552253778,neutral
ay4tbb,sadcringe,post,1551910739,neutral
b5vg8d,solotravel,post,1553635169,negative
b6ia0w,teenagers,post,1553776747,neutral
b5x1zl,teenagers,post,1553643401,negative
b5xkwj,teenagers,post,1553646313,negative
b7k8dn,teenagers,post,1554009122,negative
azup8h,theXeffect,post,1552317896,neutral
aw314o,trashy,post,1551433424,neutral
axxbuv,uberdrivers,post,1551867708,negative
b0cpa9,wallstreetbets,post,1552422801,neutral
b0emch,wallstreetbets,post,1552432560,neutral
b29174,wallstreetbets,post,1552851495,neutral
b52i1q,wallstreetbets,post,1553466577,negative
b6powe,wallstreetbets,post,1553814090,negative
b6q16p,wallstreetbets,post,1553815906,negative
b14yob,2007scape,post,1552593473,negative
axqjaw,AQW,post,1551821615,neutral
b67tnh,Animemes,post,1553711386,negative
b0rusr,AskReddit,post,1552513683,negative
b5got8,CFB,post,1553549275,negative
b4n1h1,CalgaryFlames,post,1553368737,negative
b6t0nm,CalgaryFlames,post,1553834330,neutral
b1aj39,Christianity,post,1552624833,positive
b1qcmz,DotA2,post,1552725846,negative
b1rq8u,DunderMifflin,post,1552737640,positive
b33hdr,FortNiteBR,post,1553032521,negative
b0y2jb,FortNiteBR,post,1552554324,negative
b7l03f,GenderCynical,post,1554015875,negative
b4l583,HumansBeingBros,post,1553358910,negative
b5dgir,IndiansGoneWild,post,1553534200,neutral
b1mefp,LoveNikki,post,1552696353,neutral
aw1r9p,Music,post,1551422811,negative
b5174x,NintendoSwitch,post,1553459766,neutral
b0f6f8,Nootropics,post,1552435584,neutral
b368pf,OutOfTheLoop,post,1553047615,negative
b7qxe7,Showerthoughts,post,1554056926,negative
axpv74,TeenMomOGandTeenMom2,post,1551818095,negative
ay245s,TeenMomOGandTeenMom2,post,1551897019,negative
ay2sb8,TeenMomOGandTeenMom2,post,1551900432,neutral
ayjt9k,TeenMomOGandTeenMom2,post,1552004404,negative
ayk9x7,TeenMomOGandTeenMom2,post,1552007267,negative
b69x6f,TheWalkingDeadGame,post,1553721544,neutral
b3knd5,amishadowbanned,post,1553132948,neutral
b3zjte,bookshelf,post,1553221922,positive
b68itr,buttplug,post,1553714790,neutral
b2p0vv,collegehockey,post,1552947935,neutral
awwv26,conspiracy,post,1551637885,negative
b2mill,dankmemes,post,1552935254,neutral
b3w9b6,dankmemes,post,1553203619,negative
b50qso,dankmemes,post,1553457556,neutral
b26i0l,dankmemes,post,1552837820,negative
b6utz2,dankmemes,post,1553849434,negative
b01v2u,dankmemes,post,1552354782,negative
b3wtnb,dankmemes,post,1553206484,negative
b26u9s,dankmemes,post,1552839742,negative
b6xfs2,dankmemes,post,1553867043,neutral
b4do0m,dankmemes,post,1553307030,negative
b3yeu1,dankmemes,post,1553215122,negative
axlpck,deadbydaylight,post,1551795948,negative
b5phli,discordapp,post,1553605630,neutral
b5t4y6,fantasybball,post,1553624072,negative
aytd4g,funhaus,post,1552068789,neutral
b0162o,gaming,post,1552350690,neutral
azt2v5,india,post,1552308583,neutral
b2naj8,rant,post,1552939229,negative
axkj0m,redditlogos,post,1551788293,neutral
ayo671,redditrequest,post,1552035728,neutral
b7jgkm,redditrequest,post,1554003037,neutral
b339bq,redditrequest,post,1553031421,neutral
b009f7,redditrequest,post,1552345730,neutral
b5awkt,redditrequest,post,1553521670,neutral
awlidd,redditrequest,post,1551556012,neutral
b5cgov,redditrequest,post,1553529687,neutral
b30lbc,videos,post,1553018227,negative
aw7vnk,AngieVaronaLegal,post,1551464103,neutral
awqy7q,AnimalCrossing,post,1551590794,negative
b5ogvz,Anticonsumption,post,1553599327,neutral
b2slmd,ApplyingToCollege,post,1552967881,neutral
b74d92,Assistance,post,1553902630,neutral
b6zbee,DnD,post,1553876567,positive
ayysgs,DotA2,post,1552099874,neutral
b5z6fz,Edmonton,post,1553655605,negative
ayc7dt,Enneagram,post,1551962493,neutral
b2i9lb,Enneagram,post,1552912948,neutral
ay5l2j,FL_Studio,post,1551914820,negative
b6ixbz,FreeKarma4U,post,1553780461,neutral
b16gqo,HistoryMemes,post,1552600866,negative
b16shj,HistoryMemes,post,1552602476,neutral
b4ut8f,HistoryMemes,post,1553422361,neutral
axzujl,HowToHack,post,1551885086,neutral
awxlg2,LeagueOfMeta,post,1551641818,negative
ayvwau,Negareddit,post,1552082251,negative
b071jy,Paranormal,post,1552392579,neutral
b2k13o,Slipknot,post,1552922810,negative
b44bmx,Slipknot,post,1553256745,neutral
b44c6a,Slipknot,post,1553256841,neutral
b471pl,Slipknot,post,1553271662,positive
b7dch9,Slipknot,post,1553964830,neutral
ax3zek,chanceme,post,1551681174,negative
b24up4,dankmemes,post,1552827087,positive
b771y6,dankmemes,post,1553919920,neutral
awnept,dankmemes,post,1551566834,neutral
awudlx,dankmemes,post,1551622843,negative
b0pj1g,dankmemes,post,1552502271,negative
b1i6w2,dankmemes,post,1552673550,neutral
b2ozyd,dankmemes,post,1552947807,negative
b2xku2,dankmemes,post,1553003047,neutral
azq5ox,dankmemes,post,1552286740,negative
b73q25,dankmemes,post,1553899008,neutral
b3y9rv,dankmemes,post,1553214348,negative
b2hpb1,dankmemes,post,1552909453,negative
b14ujs,dankmemes,post,1552592916,neutral
b68aad,dankmemes,post,1553713618,negative
b0ybl6,dankmemes,post,1552556458,negative
b5ox3g,dankmemes,post,1553602243,negative
ayd6zy,darkjokes,post,1551969039,negative
b7gaw3,gorillaz,post,1553981692,neutral
b1ofc3,help,post,1552709672,neutral
b6e3vy,infertility,post,1553745277,neutral
b7ssg6,kpop,post,1554066494,negative
b18f5n,mildlyinteresting,post,1552611458,negative
b5p10s,modhelp,post,1553602927,neutral
b5x20y,opieandanthony,post,1553643408,negative
b7cy2n,redditrequest,post,1553962494,neutral
b3eqzt,redditrequest,post,1553102613,neutral
b7kpl9,redditrequest,post,1554013257,neutral
b1mu8o,relationships,post,1552699127,neutral
b1p2vw,relationships,post,1552714640,negative
b6gyoq,relationships,post,1553767791,negative
b4rjps,secretsanta,post,1553395529,neutral
b1vx05,shower_thoughts,post,1552762859,negative
b6zmrw,teenagers,post,1553878128,negative
b2sim8,teenagers,post,1552967305,neutral
b25cyk,tipofmyjoystick,post,1552830754,neutral
ayxuf5,unpopularopinion,post,1552093419,negative
awno5n,woooosh,post,1551568410,neutral
axpu2a,woooosh,post,1551817929,negative
axv4nq,woooosh,post,1551849420,negative
ayf4ot,woooosh,post,1551979468,negative
ayx5ku,woooosh,post,1552089174,negative
aze4im,woooosh,post,1552210402,negative
b78o3x,woooosh,post,1553932319,negative
b2mzm6,2007scape,post,1552937604,negative
b0g1l5,49ers,post,1552440493,neutral
ay02vu,4chan,post,1551886367,negative
b6pxjl,Borderlands,post,1553815356,neutral
b6ft3x,C_Programming,post,1553758085,negative
b1yonp,ChapoTrapHouse,post,1552778300,neutral
b6xexs,Cinemagraphs,post,1553866910,negative
b4dlka,Destiny,post,1553306580,neutral
b3rv02,Diepio,post,1553182074,neutral
b31p4a,Drama,post,1553023726,neutral
b6j3az,Fantasy,post,1553781378,neutral
azi68y,FortNiteBR,post,1552240028,negative
b64eir,Kaiserreich,post,1553692787,positive
b4dibb,MrRobot,post,1553305982,negative
b33x29,NASCAR,post,1553034670,neutral
az2qza,PhantomForces,post,1552132333,neutral
azfxsc,brasil,post,1552226693,negative
b7lc5y,classicwow,post,1554019003,neutral
az8i0d,croatia,post,1552167814,negative
b6swyg,dankmemes,post,1553833561,negative
b21ztv,dankmemes,post,1552800918,negative
b76thr,dankmemes,post,1553918292,negative
b6ocqk,dankmemes,post,1553807299,negative
b6x5gq,dankmemes,post,1553865425,neutral
ay6v07,engrish,post,1551922382,negative
b5dpnh,funny,post,1553535334,negative
b5oc9z,greentext,post,1553598463,negative
b2oqse,lockpicking,post,1552946493,neutral
aw30xv,memes,post,1551433383,neutral
awcn0r,memes,post,1551492521,negative
awdsq6,memes,post,1551500425,neutral
awf1ay,memes,post,1551509787,negative
awf2m1,memes,post,1551510070,negative
awfgam,memes,post,1551513267,negative
awheem,memes,post,1551530471,neutral
awnhhi,memes,post,1551567299,neutral
awp74g,memes,post,1551578106,positive
awp7zq,memes,post,1551578265,positive
awtg4e,memes,post,1551614897,negative
awtgnr,memes,post,1551615037,neutral
awunzv,memes,post,1551624919,negative
ax2cbl,memes,post,1551669978,neutral
ax3rvs,memes,post,1551679616,negative
ax6wps,memes,post,1551704642,neutral
axe2tf,memes,post,1551742512,negative
axg939,memes,post,1551755239,negative
axg9wo,memes,post,1551755367,negative
axgg1z,memes,post,1551756385,neutral
axl7z8,memes,post,1551792957,neutral
axnmfi,memes,post,1551806442,neutral
axnotd,memes,post,1551806785,neutral
axoqqs,memes,post,1551812185,neutral
axq1qb,memes,post,1551819050,neutral
axrutg,memes,post,1551828810,negative
axse9l,memes,post,1551832049,neutral
ay9j7y,memes,post,1551940137,negative
ayc1ee,memes,post,1551961279,neutral
ayc714,memes,post,1551962424,neutral
aygcjr,memes,post,1551985681,negative
aygfl1,memes,post,1551986118,neutral
ayjz0j,memes,post,1552005378,negative
ayk062,memes,post,1552005583,negative
aypbkb,memes,post,1552045190,neutral
ayu2wi,memes,post,1552072487,negative
ayzsa0,memes,post,1552106864,negative
az4kcr,memes,post,1552145250,neutral
az5nez,memes,post,1552151631,negative
az5vw5,memes,post,1552152991,positive
az7kq3,memes,post,1552162508,negative
az8f3t,memes,post,1552167361,negative
azb5j0,memes,post,1552184997,neutral
azczrq,memes,post,1552199038,negative
aze6s4,memes,post,1552211074,neutral
azfiqv,memes,post,1552223636,neutral
azgkxs,memes,post,1552230863,negative
azibc1,memes,post,1552240775,negative
azircn,memes,post,1552243128,neutral
azmoo8,memes,post,1552264632,negative
azmq1w,memes,post,1552264861,neutral
azqpdc,memes,post,1552291049,negative
azrg6d,memes,post,1552297174,neutral
azs09e,memes,post,1552301502,positive
azuyus,memes,post,1552319350,negative
azxh52,memes,post,1552331940,neutral
b023q2,memes,post,1552356231,negative
b02i4p,memes,post,1552358677,neutral
b0366u,memes,post,1552362757,negative
b05iq9,memes,post,1552380952,neutral
b065e6,memes,post,1552386112,negative
b07459,memes,post,1552393075,neutral
b0bi77,memes,post,1552416828,negative
b0e39z,memes,post,1552429835,negative
b0f6rg,memes,post,1552435637,negative
b0fs18,memes,post,1552438906,neutral
b0l2iq,memes,post,1552477826,positive
b0l8zy,memes,post,1552479005,negative
b0ms1s,memes,post,1552488155,neutral
b0pp5o,memes,post,1552503109,negative
b0rb7p,memes,post,1552510945,negative
b0rqnv,memes,post,1552513096,neutral
b0u0c5,memes,post,1552525264,negative
b0uatc,memes,post,1552526970,neutral
b0vacu,memes,post,1552533176,negative
b0viw3,memes,post,1552534656,neutral
b0zipz,memes,post,1552565104,negative
b0zj1n,memes,post,1552565159,negative
b0zjll,memes,post,1552565253,negative
b0zjsd,memes,post,1552565289,negative
b0znom,memes,post,1552565985,neutral
b10izx,memes,post,1552571168,negative
b10mk8,memes,post,1552571746,neutral
b11yzt,memes,post,1552578916,neutral
b11zmy,memes,post,1552579021,neutral
b1569o,memes,post,1552594502,negative
b18uvt,memes,post,1552614127,neutral
b1cjgc,memes,post,1552640266,neutral
b1gmkt,memes,post,1552665597,negative
b1hz8i,memes,post,1552672468,neutral
b1kwiy,memes,post,1552687702,negative
b1noir,memes,post,1552704630,negative
b1o0e3,memes,post,1552706861,neutral
b1p6yt,memes,post,1552715575,negative
b1qb7s,memes,post,1552725470,neutral
b1qdc6,memes,post,1552726019,negative
b1qohg,memes,post,1552728734,negative
b1qzcx,memes,post,1552731370,negative
b1rsoh,memes,post,1552738157,negative
b1s00a,memes,post,1552739732,negative
b1s7ss,memes,post,1552741425,neutral
b1tf7d,memes,post,1552748959,negative
b1uj10,memes,post,1552755207,neutral
b1v2qs,memes,post,1552758292,neutral
b1wzny,memes,post,1552768462,positive
b1xsy1,memes,post,1552773046,negative
b1zgx4,memes,post,1552783202,negative
b214r0,memes,post,1552794150,negative
b22wfk,memes,post,1552808810,negative
b23aqk,memes,post,1552812954,neutral
b25n4d,memes,post,1552832637,neutral
b2aagv,memes,post,1552858286,positive
b2akq6,memes,post,1552859882,neutral
b2axjq,memes,post,1552861905,neutral
b2dgph,memes,post,1552877393,neutral
b2dur7,memes,post,1552880066,positive
b2gi1p,memes,post,1552900873,negative
b2htdq,memes,post,1552910165,neutral
b2irt0,memes,post,1552915892,negative
b2isph,memes,post,1552916046,neutral
b2jr6n,memes,post,1552921396,negative
b2lkqo,memes,post,1552930579,neutral
b2mpu7,memes,post,1552936258,negative
b2na2t,memes,post,1552939167,negative
b2nlla,memes,post,1552940750,neutral
b2rxdu,memes,post,1552963689,neutral
b31f1b,memes,post,1553022356,negative
b32s34,memes,post,1553029051,neutral
b332c6,memes,post,1553030445,neutral
b34cbu,memes,post,1553036841,negative
b38mxd,memes,post,1553063769,negative
b3j64c,memes,post,1553124696,neutral
b3jion,memes,post,1553126581,neutral
b3l0gs,memes,post,1553135035,negative
b3l88j,memes,post,1553136310,negative
b3osof,memes,post,1553163254,negative
b3q07x,memes,post,1553171746,negative
b3rlln,memes,post,1553180742,negative
b3rm1w,memes,post,1553180809,negative
b3tc82,memes,post,1553189302,negative
b3toz6,memes,post,1553191019,negative
b3tuty,memes,post,1553191766,positive
b3u1pp,memes,post,1553192679,positive
b3v9qq,memes,post,1553198613,positive
b3w9um,memes,post,1553203696,neutral
b3wefa,memes,post,1553204323,negative
b3wotx,memes,post,1553205799,neutral
b3z0ys,memes,post,1553218776,neutral
b416xa,memes,post,1553232935,negative
b41yix,memes,post,1553238847,positive
b47k3l,memes,post,1553274280,positive
b47qxd,memes,post,1553275285,negative
b485ga,memes,post,1553277214,positive
b490ku,memes,post,1553281465,neutral
b492qh,memes,post,1553281757,neutral
b4a0hi,memes,post,1553286453,positive
b4aojt,memes,post,1553289884,negative
b4cuk2,memes,post,1553301817,neutral
b4fgr2,memes,post,1553319028,neutral
b4j3kx,memes,post,1553347273,negative
b4j5cu,memes,post,1553347604,negative
b4jd7m,memes,post,1553349002,negative
b4kg1p,memes,post,1553355299,neutral
b4n8ox,memes,post,1553369783,negative
b4nli7,memes,post,1553371651,neutral
b4nz3o,memes,post,1553373646,negative
b4ozsw,memes,post,1553379608,neutral
b4q3pd,memes,post,1553386395,neutral
b4q9gf,memes,post,1553387428,neutral
b4swlo,memes,post,1553405328,neutral
b4sx0t,memes,post,1553405422,neutral
b4vab3,memes,post,1553426221,negative
b4xkzm,memes,post,1553441481,negative
b4yb6a,memes,post,1553445317,neutral
b508es,memes,post,1553455114,neutral
b52wp0,memes,post,1553468817,neutral
b54ea8,memes,post,1553477297,negative
b55a70,memes,post,1553482574,negative
b56h7f,memes,post,1553490321,neutral
b58ne0,memes,post,1553507823,negative
b59323,memes,post,1553510737,negative
b59eje,memes,post,1553512772,negative
b5akc7,memes,post,1553519748,neutral
b5bmsb,memes,post,1553525564,negative
b5c442,memes,post,1553527999,neutral
b5dizy,memes,post,1553534513,neutral
b5i8x2,memes,post,1553557030,negative
b5j8lp,memes,post,1553562350,neutral
b5ly50,memes,post,1553579206,negative
b5nfdq,memes,post,1553591354,negative
b5oelr,memes,post,1553598901,negative
b5owio,memes,post,1553602150,negative
b5ozkv,memes,post,1553602673,negative
b5t3ra,memes,post,1553623919,neutral
b5w0xv,memes,post,1553638007,negative
b5wjlf,memes,post,1553640639,negative
b5xrgh,memes,post,1553647314,negative
b5xs21,memes,post,1553647405,neutral
b5xxd9,memes,post,1553648210,negative
b5ykra,memes,post,1553651980,negative
b63djf,memes,post,1553686512,negative
b63gfz,memes,post,1553687049,negative
b64sor,memes,post,1553695021,negative
b6553e,memes,post,1553696984,neutral
b69hha,memes,post,1553719452,neutral
b6b2in,memes,post,1553727180,negative
b6bkti,memes,post,1553729945,negative
b6c7vf,memes,post,1553733615,negative
b6cfft,memes,post,1553734872,negative
b6ci0n,memes,post,1553735268,negative
b6ddp7,memes,post,1553740554,negative
b6e27j,memes,post,1553744977,neutral
b6ehgd,memes,post,1553747933,negative
b6fa0f,memes,post,1553753868,negative
b6fr0n,memes,post,1553757604,negative
b6fw3b,memes,post,1553758781,neutral
b6fzdb,memes,post,1553759562,negative
b6ha6v,memes,post,1553770182,negative
b6hyrk,memes,post,1553774793,negative
b6igwe,memes,post,1553777873,neutral
b6iykd,memes,post,1553780651,negative
b6jjg0,memes,post,1553783726,negative
b6jzgv,memes,post,1553785965,negative
b6l117,memes,post,1553790987,negative
b6l7e7,memes,post,1553791847,negative
b6m1wi,memes,post,1553795967,negative
b6ml9h,memes,post,1553798619,negative
b6o5t4,memes,post,1553806353,neutral
b6os1v,memes,post,1553809406,negative
b6ppbu,memes,post,1553814155,neutral
b6pz1i,memes,post,1553815571,negative
b6q8zz,memes,post,1553817083,negative
b6qd21,memes,post,1553817705,negative
b6qdde,memes,post,1553817758,negative
b6qk8v,memes,post,1553818814,negative
b6sdmd,memes,post,1553829848,negative
b6sly1,memes,post,1553831426,negative
b6smrc,memes,post,1553831584,positive
b6sr86,memes,post,1553832423,neutral
b6tei4,memes,post,1553837270,neutral
b6tgkv,memes,post,1553837710,negative
b6thn8,memes,post,1553837950,neutral
b6tnu6,memes,post,1553839343,negative
b6uayz,memes,post,1553844666,negative
b6ucgk,memes,post,1553845028,neutral
b6ui3a,memes,post,1553846440,negative
b6um8o,memes,post,1553847514,negative
b6unql,memes,post,1553847902,negative
b6v6f2,memes,post,1553852239,neutral
b6vok3,memes,post,1553856100,negative
b6vrid,memes,post,1553856697,negative
b6vssy,memes,post,1553856956,negative
b6w5vd,memes,post,1553859275,negative
b6wd6y,memes,post,1553860651,negative
b6witn,memes,post,1553861674,negative
b6wjhg,memes,post,1553861791,negative
b6wm2q,memes,post,1553862268,negative
b6wmvl,memes,post,1553862417,neutral
b6xpi5,memes,post,1553868457,neutral
b6ydt9,memes,post,1553871895,neutral
b6z40f,memes,post,1553875530,positive
b6z4rn,memes,post,1553875631,positive
b70a8b,memes,post,1553881360,negative
b70bg7,memes,post,1553881519,negative
b70d4o,memes,post,1553881747,negative
b70fx8,memes,post,1553882117,negative
b70o0x,memes,post,1553883228,neutral
b70vle,memes,post,1553884272,negative
b70x2v,memes,post,1553884478,neutral
b71a3n,memes,post,1553886296,negative
b71u6l,memes,post,1553889111,positive
b724j4,memes,post,1553890555,negative
b72nbd,memes,post,1553893260,negative
b72ps4,memes,post,1553893607,negative
b72veb,memes,post,1553894427,negative
b737au,memes,post,1553896187,negative
b737vt,memes,post,1553896279,negative
b747lq,memes,post,1553901704,neutral
b74ws0,memes,post,1553905812,negative
b75l23,memes,post,1553909995,negative
b75nqm,memes,post,1553910468,negative
b75o6r,memes,post,1553910551,negative
b75ofk,memes,post,1553910590,neutral
b76a3d,memes,post,1553914460,negative
b76s60,memes,post,1553918012,neutral
b782yn,memes,post,1553927446,negative
b78knn,memes,post,1553931490,neutral
b797nf,memes,post,1553937135,neutral
b79c2m,memes,post,1553938195,negative
b79fml,memes,post,1553939046,negative
b7a8hl,memes,post,1553945358,negative
b7b9jl,memes,post,1553952464,negative
b7c6c4,memes,post,1553957835,neutral
b7em9x,memes,post,1553972088,neutral
b7f66f,memes,post,1553975118,negative
b7fawl,memes,post,1553975873,positive
b7h2m3,memes,post,1553986496,negative
b7hbqf,memes,post,1553988104,negative
b7jj25,memes,post,1554003581,negative
b7jnxv,memes,post,1554004636,neutral
b7kcbt,memes,post,1554010024,neutral
b7kl7w,memes,post,1554012124,negative
b7m59r,memes,post,1554026411,neutral
b7mmen,memes,post,1554030440,neutral
b7nd01,memes,post,1554036187,negative
b7psnb,memes,post,1554051151,negative
b7r9zq,memes,post,1554058760,neutral
b7rfge,memes,post,1554059523,neutral
b7tj6r,memes,post,1554070478,neutral
b7tmin,memes,post,1554071012,negative
b7trgk,memes,post,1554071803,negative
b7d3bx,memes,post,1553963365,negative
azn5ft,migraine,post,1552267480,neutral
b194fd,newzealand,post,1552615737,neutral
b575cd,occult,post,1553495429,neutral
b03wpw,offmychest,post,1552367809,negative
b136c0,opieandanthony,post,1552584647,negative
ay4tmm,reddevils,post,1551910782,neutral
b3x9sd,redditrequest,post,1553208873,neutral
azo96u,redditrequest,post,1552274198,neutral
awkhrs,redditrequest,post,1551550328,neutral
azvu5f,redditrequest,post,1552323797,neutral
b0coht,subredditcancer,post,1552422690,negative
avzqrw,subredditcancer,post,1551409477,negative
b1vg73,tarot,post,1552760369,neutral
b35zi5,teenagers,post,1553046103,neutral
b6n4ky,teenagers,post,1553801236,negative
b4k1y4,thewalkingdead,post,1553353109,neutral
awxgsa,trebuchetmemes,post,1551641136,positive
b7sp49,AVexchange,post,1554066015,neutral
axr1fw,AskReddit,post,1551824282,neutral
b2kcde,Cricket,post,1552924425,neutral
b7qh7a,DeepFriedMemes,post,1554054599,neutral
b0eeso,FortNiteBR,post,1552431477,negative
b1yhaw,FortNiteBR,post,1552777046,positive
b7agva,Guildwars2,post,1553947128,positive
b72xwd,Memes_Of_The_Dank,post,1553894790,negative
b13xte,Metallica,post,1552588442,neutral
b2zkps,Neverbrokeabone,post,1553013249,negative
b7d7qs,SCP,post,1553964060,neutral
b0kkxp,SubredditDrama,post,1552474342,negative
b4fh1n,UCSD,post,1553319089,neutral
aysxou,crazyexgirlfriend,post,1552066526,neutral
b756r6,dankmemes,post,1553907523,negative
b6wo2e,dankmemes,post,1553862641,negative
azrlng,dankmemes,post,1552298373,neutral
b0l9zk,dankmemes,post,1552479183,negative
b5oog5,dankmemes,post,1553600704,neutral
ayu3x9,dankmemes,post,1552072643,neutral
b3yl3m,dankmemes,post,1553216139,negative
b6fdrt,dankmemes,post,1553754703,neutral
b28pdu,funny,post,1552849748,neutral
b2suas,gonewild,post,1552969437,negative
ax0127,insurgency,post,1551655478,negative
ax4sci,kpop,post,1551687646,neutral
axr35a,madlads,post,1551824543,neutral
b11dik,metalgearsolid,post,1552575822,negative
ayh7ie,mildlyinfuriating,post,1551990147,neutral
b1k8e2,movies,post,1552684086,negative
b16x12,redditrequest,post,1552603102,neutral
az1e85,redditrequest,post,1552120238,neutral
awm5mb,redditrequest,post,1551559594,neutral
b2r1do,redditrequest,post,1552958685,neutral
b7po9z,unpopularopinion,post,1554050465,negative
b7qloo,unpopularopinion,post,1554055239,negative
awbpyj,weezer,post,1551486276,negative
b5nsi5,2007scape,post,1553594396,negative
b43r5j,2healthbars,post,1553252810,negative
b7i1vo,AskModerators,post,1553992940,neutral
b3m2ul,AutoModerator,post,1553141495,neutral
awyop5,BattleCatsCheats,post,1551647777,neutral
ay1h4i,BattleCatsCheats,post,1551893726,neutral
ayna9s,BikiniBottomTwitter,post,1552028036,negative
b19ikx,BikiniBottomTwitter,post,1552618179,neutral
b29w9r,BikiniBottomTwitter,post,1552856137,negative
b5pl6y,BikiniBottomTwitter,post,1553606196,neutral
b5pwz0,BikiniBottomTwitter,post,1553608049,negative
aygnb6,DDLC,post,1551987222,positive
b22g6v,FORTnITE,post,1552804716,neutral
b5k55s,FacialFun,post,1553567417,negative
b3y2wn,FortNiteBR,post,1553213332,neutral
b23m7v,Gunners,post,1552816079,negative
b6paub,Ice_Poseidon,post,1553812065,negative
b6pcqr,Ice_Poseidon,post,1553812342,negative
b6pdn1,Ice_Poseidon,post,1553812470,negative
b6pfgd,Ice_Poseidon,post,1553812723,positive
b6q3bo,Ice_Poseidon,post,1553816224,positive
b6qikh,Ice_Poseidon,post,1553818552,negative
b6qkog,Ice_Poseidon,post,1553818879,negative
b6sbrm,Ice_Poseidon,post,1553829493,negative
b6tuhu,Ice_Poseidon,post,1553840880,neutral
b6vghk,Ice_Poseidon,post,1553854411,negative
b6ym4n,Ice_Poseidon,post,1553873017,positive
b7b50l,Ice_Poseidon,post,1553951635,negative
b7hfjc,Ice_Poseidon,post,1553988794,negative
b1vd8x,MemeEconomy,post,1552759922,neutral
b4i8j5,Memes_Of_The_Dank,post,1553341166,neutral
b1sw61,ModSupport,post,1552745791,neutral
axcmaw,NoStupidQuestions,post,1551734805,neutral
b0bcfj,PrequelMemes,post,1552416036,neutral
b4c4vm,RoastMe,post,1553297660,neutral
ay6wkn,RocketLeagueExchange,post,1551922650,neutral
b7ernm,SmallYTChannel,post,1553972902,neutral
b3z1c9,TheOA,post,1553218830,positive
axh7ny,blackdesertonline,post,1551762086,neutral
aw0byp,civbattleroyale,post,1551413130,positive
b0q31q,dank_meme,post,1552504949,negative
b6tu9n,dank_meme,post,1553840830,neutral
b1ng0c,dankmemes,post,1552703063,neutral
b3ddj8,dankmemes,post,1553095759,neutral
b3l6su,dankmemes,post,1553136071,negative
b0mo1b,dankmemes,post,1552487501,negative
b3z1dd,dankmemes,post,1553218834,negative
b3z39x,dankmemes,post,1553219133,negative
b5k4kv,dankmemes,post,1553567327,negative
b6jb1n,dankmemes,post,1553782500,negative
ax5kai,dankmemes,post,1551694343,neutral
ax7ky1,dankmemes,post,1551708919,neutral
aw3m9a,dankmemes,post,1551438191,neutral
aw9omq,dankmemes,post,1551474133,neutral
b2eell,dankmemes,post,1552883992,negative
b7b18c,dankmemes,post,1553950968,negative
b0s68s,dankmemes,post,1552515307,negative
b7rpoz,darkjokes,post,1554060979,negative
aziboa,gonewild,post,1552240828,neutral
b1gfwq,help,post,1552664602,negative
b5s3t5,houston,post,1553619056,negative
b2ic7b,houston,post,1552913372,negative
b2uff4,jakeandamir,post,1552980789,negative
axh6gw,juicyasians,post,1551761867,negative
b71uwg,memes,post,1553889212,negative
b6vaxx,overlord,post,1553853230,neutral
b1tn6j,paradoxplaza,post,1552750245,positive
b6njqt,redditrequest,post,1553803279,neutral
b26pxz,redditrequest,post,1552839071,neutral
b28aje,redditrequest,post,1552847598,neutral
b76k9p,redditrequest,post,1553916408,neutral
b730tx,teenagers,post,1553895210,negative
b5vp9g,thedivision,post,1553636423,negative
azurgk,toronto,post,1552318241,neutral
b47kkz,tropico,post,1553274348,neutral
b43wtp,JustUnsubbed,post,1553253944,negative
b3jd2q,Lubbock,post,1553125710,negative
azy9u7,NewTubers,post,1552335865,neutral
b5xohy,Overwatch,post,1553646854,neutral
aynsff,Pathfinder_RPG,post,1552032276,neutral
b5xcwh,PewdiepieSubmissions,post,1553645118,negative
aymqr7,PewdiepieSubmissions,post,1552023866,positive
awe8qd,RBI,post,1551503595,neutral
b18908,Sourdough,post,1552610423,positive
b6hjq8,StarWarsLeaks,post,1553771998,negative
b01qdt,WatchRedditDie,post,1552353989,negative
axclmz,advertising,post,1551734713,neutral
b14oe5,asktrp,post,1552592080,neutral
b2va5i,assholedesign,post,1552987811,negative
b73yor,boniver,post,1553900366,neutral
b6ooex,cocaine,post,1553808892,neutral
b1v44v,conspiracy,post,1552758514,negative
b41n12,dank_meme,post,1553236399,negative
b721la,dankmemes,post,1553890134,negative
axo5pa,dankmemes,post,1551809188,neutral
awzmk3,dankmemes,post,1551653104,negative
b3vvup,dankmemes,post,1553201699,negative
b3zffe,dankmemes,post,1553221179,negative
b3zix3,dankmemes,post,1553221768,negative
b7dtxh,dankmemes,post,1553967624,negative
b6qnbd,dankmemes,post,1553819300,negative
b6nzbj,dankmemes,post,1553805437,neutral
b6vwb7,dankmemes,post,1553857549,negative
b7cr1k,dankmemes,post,1553961358,negative
b3yz4i,dankmemes,post,1553218481,negative
b5zxkn,dankmemes,post,1553660511,neutral
b1xyxy,dawnofwar,post,1552774009,neutral
b16xyt,de,post,1552603236,negative
b3aupj,de,post,1553081253,neutral
b5taeg,de,post,1553624780,neutral
b6f656,de,post,1553753027,neutral
b7ov0j,discordapp,post,1554045693,negative
az8cw0,facepalm,post,1552167031,positive
b5zhfg,facepalm,post,1553657544,negative
ay5opt,forhonor,post,1551915372,negative
b11vo1,forhonor,post,1552578411,neutral
b60adz,hamptonbrandon,post,1553662983,neutral
ay34c6,heroesofthestorm,post,1551902146,neutral
b0h4gw,hiphopheads,post,1552447204,negative
ax69wh,modhelp,post,1551700297,neutral
ayxkg9,onguardforthee,post,1552091649,negative
b7jog2,onguardforthee,post,1554004743,negative
az40i6,quityourbullshit,post,1552141737,neutral
ay4o4r,reddevils,post,1551910015,negative
b04lnb,redditrequest,post,1552373122,neutral
b6fq43,redditrequest,post,1553757407,neutral
b38y9y,redditrequest,post,1553066231,neutral
axf4ue,redditrequest,post,1551748657,neutral
b7mg7h,redditrequest,post,1554029005,neutral
b0z61n,redditrequest,post,1552562741,neutral
b6qyml,redditrequest,post,1553821128,neutral
b3yyql,sugarlifestyleforum,post,1553218413,negative
b2l25z,teenagers,post,1552927986,neutral
b5f70x,unpopularopinion,post,1553542281,negative
axfrqy,AmItheAsshole,post,1551752376,neutral
avy7eo,Anarcho_Capitalism,post,1551399910,negative
avzb5l,AskReddit,post,1551406811,negative
b2ldc5,BikiniBottomTwitter,post,1552929521,negative
ax90ia,CoDCompetitive,post,1551716968,neutral
b5b8zr,DevilMayCry,post,1553523539,neutral
b5c4g4,FORTnITE,post,1553528041,neutral
awtd0p,FireEmblemHeroes,post,1551614152,negative
b3mduk,InlandEmpire,post,1553143543,neutral
awjk0s,KarmaCourt,post,1551545076,negative
awkcro,KarmaCourt,post,1551549573,negative
aws9zd,KarmaCourt,post,1551602959,negative
awsazw,KarmaCourt,post,1551603251,negative
awshfx,KarmaCourt,post,1551605159,neutral
awsorm,KarmaCourt,post,1551607312,neutral
awt6mq,KarmaCourt,post,1551612373,negative
awtsnj,KarmaCourt,post,1551618085,negative
awttbm,KarmaCourt,post,1551618219,negative
b1as0w,PewdiepieSubmissions,post,1552626580,neutral
b4ycqi,PewdiepieSubmissions,post,1553445543,negative
b2lqoz,RocketLeagueExchange,post,1552931375,neutral
aw2tcz,The_Dennis,post,1551431649,negative
b7pqx6,UnsentLetters,post,1554050876,neutral
b75au7,ar15,post,1553908223,neutral
b2cffz,astrophysics,post,1552870774,neutral
b7275g,dank_meme,post,1553890935,negative
b6s0uy,dankmemes,post,1553827559,negative
b07948,dankmemes,post,1552394013,negative
b727im,dankmemes,post,1553890988,neutral
b6vjfa,dankmemes,post,1553855036,negative
b65f1t,dankmemes,post,1553698826,negative
axrpkj,dankmemes,post,1551827971,neutral
b6bk58,dankmemes,post,1553729841,negative
b70c6e,dankmemes,post,1553881615,negative
b54opq,dankmemes,post,1553479013,negative
az05zz,fakehistoryporn,post,1552109634,negative
b7ahut,gatekeeping,post,1553947304,negative
b1lebe,homeassistant,post,1552690457,neutral
aw294u,lawschooladmissions,post,1551426697,negative
b2u1kx,legaladvice,post,1552977957,neutral
axdde9,mildlyinfuriating,post,1551738700,negative
b79cb9,mildyinteresting,post,1553938251,neutral
az02zo,modhelp,post,1552108989,neutral
az9gdg,modhelp,post,1552173539,neutral
azvehz,opiates,post,1552321567,neutral
ay97s0,redditrequest,post,1551937766,neutral
axpfd8,redditrequest,post,1551815740,neutral
aysoej,redditrequest,post,1552065177,neutral
b4sxox,redditrequest,post,1553405578,neutral
awmp4w,redditrequest,post,1551562621,positive
b2d6nw,redditrequest,post,1552875582,neutral
aynddo,redditrequest,post,1552028733,neutral
b6x7cj,teenagers,post,1553865719,negative
b0ljde,thebachelor,post,1552480799,neutral
b64zcw,trebuchetmemes,post,1553696002,positive
b699ze,trebuchetmemes,post,1553718419,positive
azucn4,ukpolitics,post,1552316001,neutral
b35471,ABDL,post,1553041001,negative
b08b0m,AMA,post,1552400350,neutral
b4fa3x,AMA,post,1553317707,negative
b6qqe3,AMA,post,1553819788,positive
b6qs0w,AMA,post,1553820046,positive
b6qsf9,AMA,post,1553820106,positive
b6qsuj,AMA,post,1553820172,negative
b6qv45,AMA,post,1553820544,neutral
b6qzos,AMA,post,1553821296,neutral
b6r0bk,AMA,post,1553821391,negative
b7fntp,AMA,post,1553977923,neutral
b7ik6t,AMA,post,1553996403,neutral
aw5ku8,Animemes,post,1551450880,neutral
aw7hir,Animemes,post,1551462099,neutral
awaz1u,Animemes,post,1551481631,negative
awb5dj,Animemes,post,1551482715,neutral
awnhsm,Animemes,post,1551567352,negative
axq5st,Animemes,post,1551819655,negative
ayqi12,Animemes,post,1552053172,negative
ayzevy,Animemes,post,1552104165,negative
aziqox,Animemes,post,1552243030,neutral
azv5vg,Animemes,post,1552320310,neutral
azv79w,Animemes,post,1552320505,neutral
b0arpd,Animemes,post,1552413138,negative
b0mn0c,Animemes,post,1552487331,neutral
b2yohl,Animemes,post,1553008800,negative
b4mjzo,Animemes,post,1553366229,negative
b5jdcj,Animemes,post,1553563051,neutral
b5je2d,Animemes,post,1553563159,neutral
b7kfxn,Animemes,post,1554010855,negative
b4o98p,AnthemTheGame,post,1553375225,negative
b4o9zf,AnthemTheGame,post,1553375343,negative
awwl38,AskOuija,post,1551636441,negative
awhqbx,Bad_Cop_No_Donut,post,1551533060,negative
b2t16g,ChapoTrapHouse,post,1552970726,neutral
b78xzs,ChapoTrapHouse,post,1553934739,negative
b6wacn,Cinemagraphs,post,1553860113,neutral
aw5x63,CitiesSkylines,post,1551452872,negative
b3xedc,ComedyCemetery,post,1553209557,neutral
b4uqj8,Damnthatsinteresting,post,1553421736,negative
aytuub,Feminism,post,1552071350,negative
b37gxi,MortalKombat,post,1553055234,negative
b3g45x,MortalKombat,post,1553109395,neutral
b3gwuq,MortalKombat,post,1553113354,negative
axdo2s,NewTubers,post,1551740303,neutral
az1mjk,PewdiepieSubmissions,post,1552122465,neutral
awecjh,PewdiepieSubmissions,post,1551504401,neutral
awee21,PewdiepieSubmissions,post,1551504726,negative
awfw2s,PewdiepieSubmissions,post,1551517164,negative
awfwvr,PewdiepieSubmissions,post,1551517363,negative
awhtsv,PewdiepieSubmissions,post,1551533789,neutral
awn8v7,PewdiepieSubmissions,post,1551565863,negative
axf35d,PewdiepieSubmissions,post,1551748374,neutral
axy7sf,PewdiepieSubmissions,post,1551874758,negative
axzyt7,PewdiepieSubmissions,post,1551885739,negative
ay1tfh,PewdiepieSubmissions,post,1551895443,neutral
ay2n2t,PewdiepieSubmissions,post,1551899699,positive
ay4tox,PewdiepieSubmissions,post,1551910789,negative
ay7ozx,PewdiepieSubmissions,post,1551927435,neutral
ayc7wb,PewdiepieSubmissions,post,1551962592,positive
ayngak,PewdiepieSubmissions,post,1552029375,neutral
az6y9s,PewdiepieSubmissions,post,1552158969,negative
az9mp1,PewdiepieSubmissions,post,1552174669,positive
azyt5o,PewdiepieSubmissions,post,1552338497,neutral
azyvak,PewdiepieSubmissions,post,1552338775,neutral
azyw1v,PewdiepieSubmissions,post,1552338871,neutral
b063cc,PewdiepieSubmissions,post,1552385694,negative
b0i0zl,PewdiepieSubmissions,post,1552453326,negative
b0js6c,PewdiepieSubmissions,post,1552467692,neutral
b0su6q,PewdiepieSubmissions,post,1552518743,negative
b100m9,PewdiepieSubmissions,post,1552568208,neutral
b100np,PewdiepieSubmissions,post,1552568215,neutral
b13we4,PewdiepieSubmissions,post,1552588255,negative
b14zkm,PewdiepieSubmissions,post,1552593601,neutral
b1al3o,PewdiepieSubmissions,post,1552625235,neutral
b1alcn,PewdiepieSubmissions,post,1552625283,neutral
b1b2hp,PewdiepieSubmissions,post,1552628680,neutral
b1b3z4,PewdiepieSubmissions,post,1552628980,neutral
b1b4r8,PewdiepieSubmissions,post,1552629136,neutral
b1b4xd,PewdiepieSubmissions,post,1552629168,neutral
b1b4zh,PewdiepieSubmissions,post,1552629179,neutral
b1b7uq,PewdiepieSubmissions,post,1552629762,negative
b1bagf,PewdiepieSubmissions,post,1552630294,negative
b1bbhu,PewdiepieSubmissions,post,1552630508,neutral
b1beam,PewdiepieSubmissions,post,1552631086,negative
b1bece,PewdiepieSubmissions,post,1552631096,neutral
b1beu7,PewdiepieSubmissions,post,1552631198,neutral
b1bg09,PewdiepieSubmissions,post,1552631436,neutral
b2fw74,PewdiepieSubmissions,post,1552895902,positive
b2fyma,PewdiepieSubmissions,post,1552896427,positive
b2fzh6,PewdiepieSubmissions,post,1552896617,positive
b2gxzx,PewdiepieSubmissions,post,1552904275,positive
b2hbfy,PewdiepieSubmissions,post,1552906923,negative
b2hdp7,PewdiepieSubmissions,post,1552907302,neutral
b2heus,PewdiepieSubmissions,post,1552907520,neutral
b2hiup,PewdiepieSubmissions,post,1552908241,neutral
b2itsu,PewdiepieSubmissions,post,1552916238,positive
b2iu9p,PewdiepieSubmissions,post,1552916319,positive
b2j0n8,PewdiepieSubmissions,post,1552917355,positive
b2jdga,PewdiepieSubmissions,post,1552919342,positive
b2kkex,PewdiepieSubmissions,post,1552925549,neutral
b2kwhr,PewdiepieSubmissions,post,1552927201,neutral
b2mnfk,PewdiepieSubmissions,post,1552935924,positive
b2omue,PewdiepieSubmissions,post,1552945920,negative
b323gh,PewdiepieSubmissions,post,1553025624,negative
b3ewpf,PewdiepieSubmissions,post,1553103409,negative
b3fd6c,PewdiepieSubmissions,post,1553105670,positive
b3jvn9,PewdiepieSubmissions,post,1553128530,negative
b3psc8,PewdiepieSubmissions,post,1553170343,negative
b3ry96,PewdiepieSubmissions,post,1553182519,neutral
b3v5xf,PewdiepieSubmissions,post,1553198100,positive
b43ipd,PewdiepieSubmissions,post,1553251071,neutral
b43jmt,PewdiepieSubmissions,post,1553251275,neutral
b43zyk,PewdiepieSubmissions,post,1553254569,negative
b4bjch,PewdiepieSubmissions,post,1553294363,positive
b4jsvg,PewdiepieSubmissions,post,1553351660,neutral
b52flu,PewdiepieSubmissions,post,1553466201,neutral
b579kd,PewdiepieSubmissions,post,1553496391,negative
b5bfxu,PewdiepieSubmissions,post,1553524569,negative
b5fdc0,PewdiepieSubmissions,post,1553543065,positive
b5hdjh,PewdiepieSubmissions,post,1553552563,negative
b5l3oz,PewdiepieSubmissions,post,1553573466,negative
b5wmz7,PewdiepieSubmissions,post,1553641145,neutral
b62jt3,PewdiepieSubmissions,post,1553680670,positive
b63z7c,PewdiepieSubmissions,post,1553690337,negative
b6fa71,PewdiepieSubmissions,post,1553753908,neutral
b6jdu1,PewdiepieSubmissions,post,1553782903,negative
b6lkq0,PewdiepieSubmissions,post,1553793610,negative
b6nj7p,PewdiepieSubmissions,post,1553803211,negative
b6oy4b,PewdiepieSubmissions,post,1553810295,neutral
b6uegc,PewdiepieSubmissions,post,1553845521,negative
b6x87l,PewdiepieSubmissions,post,1553865850,positive
b7ac4h,PewdiepieSubmissions,post,1553946135,negative
b7dto7,PewdiepieSubmissions,post,1553967586,positive
b7eiis,PewdiepieSubmissions,post,1553971493,negative
b7etjo,PewdiepieSubmissions,post,1553973164,neutral
b7ov9j,PewdiepieSubmissions,post,1554045746,neutral
awnq26,PokePorn,post,1551568730,neutral
b7opqv,SeriousConversation,post,1554044821,neutral
azgnkk,Stellaris,post,1552231304,neutral
b6lnmi,Supernatural,post,1553793999,positive
b0upx6,copypasta,post,1552529555,negative
b5a8fe,copypasta,post,1553517875,negative
b5sn5r,copypasta,post,1553621695,negative
b7g8lf,dankmemes,post,1553981305,negative
aysiig,dankmemes,post,1552064353,negative
b3sgip,dankmemes,post,1553185004,neutral
b7cux8,dankmemes,post,1553961991,negative
b7d2r9,dankmemes,post,1553963271,negative
b6u3jg,dankmemes,post,1553842971,negative
b4qzas,dankmemes,post,1553391999,negative
b6g7n2,dankmemes,post,1553761518,negative
b78x82,dankmemes,post,1553934552,negative
b3tgc3,dankmemes,post,1553189852,negative
b1yg06,dankmemes,post,1552776813,neutral
b76pfq,dankmemes,post,1553917470,neutral
azijoy,dankmemes,post,1552242004,negative
axkt8n,drugstoreMUA,post,1551790257,negative
b0qyoa,ideasfortheadmins,post,1552509218,neutral
b11b39,infp,post,1552575483,negative
b53e55,meme,post,1553471566,negative
b67ozt,memes,post,1553710789,neutral
b1mqv1,memes,post,1552698512,negative
b1lkjq,minnesotavikings,post,1552691433,positive
axnz2u,misophonia,post,1551808236,neutral
aymc91,nfl,post,1552021003,negative
b7u5o0,prolife,post,1554074112,negative
azwuth,rarepuppers,post,1552328909,neutral
b48wt7,rarepuppers,post,1553280958,neutral
b78tss,redditrequest,post,1553933711,neutral
b29lqu,redditrequest,post,1552854571,neutral
b3v5ak,redditrequest,post,1553198012,neutral
b6ijh5,redditrequest,post,1553778281,neutral
b1f3sh,sca,post,1552657308,negative
b5xo4c,space,post,1553646795,negative
b16z4l,teenagers,post,1552603398,positive
b5rzvj,AskOuija,post,1553618511,negative
axeg51,AskOuija,post,1551744651,neutral
b01v7m,Catholicism,post,1552354807,neutral
axbchn,EscapefromTarkov,post,1551728463,negative
b7b8qr,FORTnITE,post,1553952311,negative
b679yz,Gamingcirclejerk,post,1553708787,neutral
awz8wn,HighQualityGifs,post,1551650906,neutral
b5jyjg,ModSupport,post,1553566345,neutral
b7dxxs,Music,post,1553968281,negative
b0ii2u,OpenPV,post,1552456878,neutral
b6j8pg,Pets,post,1553782149,neutral
b0b78p,Pets,post,1552415314,positive
ayd85a,Stellaris,post,1551969221,neutral
azcbcb,acecombat,post,1552193563,positive
ayajbz,bigdata,post,1551948822,neutral
b7rhob,bloodborne,post,1554059835,neutral
b1nb67,boniver,post,1552702186,neutral
b7l502,canucks,post,1554017113,positive
axuwdr,chicago,post,1551847866,neutral
b78tlr,dank_meme,post,1553933660,negative
b7c0ja,dank_meme,post,1553956911,negative
b6zk37,dankmemes,post,1553877772,negative
b7af87,dankmemes,post,1553946796,neutral
b6os75,dankmemes,post,1553809428,neutral
b4jxuw,dankmemes,post,1553352466,neutral
azneqz,dankmemes,post,1552269039,positive
axkx5b,dankmemes,post,1551790980,negative
b6kb5i,dankmemes,post,1553787523,negative
azgo1u,darknet,post,1552231389,neutral
b3qgrt,diabetes,post,1553174545,neutral
b1eq4m,discgolf,post,1552655175,neutral
b2z2th,funny,post,1553010826,negative
awdlo2,help,post,1551499165,neutral
b2nhxl,jailbreak,post,1552940242,negative
b7mpqa,memes,post,1554031177,neutral
b60l29,memes,post,1553665131,negative
aymh6n,nfl,post,1552021931,negative
b7qi4q,offmychest,post,1554054739,negative
b7cm2g,openSUSE,post,1553960501,negative
b6nn5h,pcmasterrace,post,1553803751,positive
axybiy,redditrequest,post,1551875510,neutral
b5exx2,redditrequest,post,1553541128,neutral
b4q99u,redditrequest,post,1553387397,neutral
b3cc1w,redditrequest,post,1553090246,neutral
b303zp,redditrequest,post,1553015865,neutral
b4vmq7,redditrequest,post,1553429024,neutral
b4a0ck,undelete,post,1553286436,negative
b0oy22,unpopularopinion,post,1552499361,negative
ax22rt,wholesomememes,post,1551668326,neutral
b488pi,xboxone,post,1553277669,negative
aw8bef,2007scape,post,1551466474,negative
awi10u,COMPLETEANARCHY,post,1551535249,neutral
b2pf31,Coachella,post,1552949980,positive
b48y9s,ComedyCemetery,post,1553281168,neutral
b0xend,FortNiteBR,post,1552548557,neutral
awxu10,FortNiteBR,post,1551643107,negative
awy12v,FortNiteBR,post,1551644156,negative
b5w567,FreeKarma4U,post,1553638602,neutral
b3hf46,GiftofGames,post,1553115802,positive
b6c0hq,MGTOW,post,1553732411,neutral
b5s0t5,Memes_Of_The_Dank,post,1553618640,neutral
b2yby9,NoStupidQuestions,post,1553007032,negative
awjdob,PewdiepieSubmissions,post,1551544076,positive
b2hci8,PewdiepieSubmissions,post,1552907088,neutral
b01dk5,PlusSize,post,1552351872,neutral
b78v8t,RWBY,post,1553934053,negative
b19lyp,Unexpected,post,1552618781,negative
b0om5p,WatchRedditDie,post,1552497747,negative
b0q4lf,WhyWereTheyFilming,post,1552505152,negative
b7orvx,canada,post,1554045178,negative
b6owz9,dank_meme,post,1553810125,neutral
b4ixtk,dankmemes,post,1553346228,neutral
awrjbl,dankmemes,post,1551595694,positive
axs4uf,dankmemes,post,1551830488,neutral
ayojr5,dankmemes,post,1552039017,negative
b1rhab,dankmemes,post,1552735589,negative
b2b0e0,dankmemes,post,1552862355,negative
b3u2mk,dankmemes,post,1553192794,negative
b7h1ki,dankmemes,post,1553986306,negative
awwbdk,help,post,1551634948,neutral
b496ov,memes,post,1553282291,neutral
b6l6sz,memes,post,1553791768,negative
az6t9i,minnesotaunited,post,1552158160,negative
b4zsmp,motorsportsstreams,post,1553452889,negative
b0aet9,nfl,post,1552411285,neutral
axqt25,opieandanthony,post,1551823050,neutral
axn8qg,pewdiepie,post,1551804444,neutral
axk1zr,redditrequest,post,1551784701,neutral
b4626t,redditrequest,post,1553266750,neutral
b6ysd6,teenagers,post,1553873892,negative
b1rvlx,teenagers,post,1552738799,negative
b2t3sg,unpopularopinion,post,1552971211,negative
b77arp,unpopularopinion,post,1553921625,negative
ay95mw,unpopularopinion,post,1551937314,negative
awldty,vermont,post,1551555318,negative
azleaq,ABCDesis,post,1552257079,neutral
b7e4me,Addons4Kodi,post,1553969331,neutral
aw10m3,AutoModerator,post,1551417577,neutral
ay11dn,AutoModerator,post,1551891471,neutral
aydp3y,AutoModerator,post,1551971932,negative
b57vqs,AutoModerator,post,1553501657,neutral
b2p0lh,DeepFriedMemes,post,1552947898,negative
ax84ja,DeepFriedMemes,post,1551712188,neutral
b3i2pi,HistoryMemes,post,1553119014,neutral
aw8tj2,Libertarian,post,1551469250,negative
b0xisb,MakeNewFriendsHere,post,1552549535,positive
b1qyy4,MandelaEffect,post,1552731282,negative
axm920,Memes_Of_The_Dank,post,1551799162,negative
aw7az4,Monitors,post,1551460583,neutral
b345s6,OakIsland,post,1553035899,neutral
b2if9q,PewdiepieSubmissions,post,1552913878,positive
aw94tv,PewdiepieSubmissions,post,1551471018,neutral
b44lz2,PewdiepieSubmissions,post,1553258542,neutral
ay61cd,Rateme,post,1551917435,negative
azdnll,StarWarsBattlefront,post,1552205469,negative
b0bmp1,Warthunder,post,1552417457,negative
axwgxx,canada,post,1551860058,negative
b3cuba,conspiracy,post,1553092932,neutral
b3ji73,dankmemes,post,1553126501,negative
b02t8o,dankmemes,post,1552360516,negative
b6wo48,dankmemes,post,1553862649,neutral
b3dgzl,dankmemes,post,1553096242,negative
b7cyks,dankmemes,post,1553962575,neutral
b1quci,dankmemes,post,1552730185,neutral
b42ad3,dankmemes,post,1553241461,negative
b3g0uk,dankmemes,post,1553108944,neutral
b4jgnj,dankmemes,post,1553349603,neutral
b1wf0z,dankmemes,post,1552765398,negative
b229b3,dankmemes,post,1552803064,neutral
b4sbsf,dankmemes,post,1553400847,neutral
b3zkkd,darkjokes,post,1553222044,negative
b7lnku,darkjokes,post,1554021948,neutral
aw77qr,gaming,post,1551460100,neutral
ay7uvs,greentext,post,1551928451,neutral
b221cv,help,post,1552801264,neutral
b5krwu,help,post,1553571298,neutral
b7ths5,httyd,post,1554070251,positive
aw7tik,lgbt,post,1551463782,negative
b291fj,meme,post,1552851532,negative
b75agr,memes,post,1553908164,neutral
awqn1f,nothingeverhappens,post,1551588433,negative
b3la6m,raisedbynarcissists,post,1553136628,neutral
ayivel,redditrequest,post,1551999096,neutral
awc7z9,redditrequest,post,1551489623,neutral
b2xvqp,redditrequest,post,1553004667,neutral
b3yh47,redditrequest,post,1553215491,neutral
b2e8bm,replika,post,1552882688,neutral
b2izcn,replika,post,1552917144,neutral
b2l9si,summonerswar,post,1552929045,neutral
b7e1qd,teenagers,post,1553968894,neutral
ax4fsr,teenagers,post,1551684700,negative
b2yax1,texas,post,1553006875,neutral
b4pahh,wallstreetbets,post,1553381412,neutral
b7ippp,whatisthisthing,post,1553997495,neutral
b2eu9x,zen,post,1552887213,neutral
ayuuks,2007scape,post,1552076572,neutral
b32evs,2007scape,post,1553027205,negative
b6haqj,Animemes,post,1553770300,neutral
b6w5wo,AnthemTheGame,post,1553859283,neutral
aw1gwf,AskAcademia,post,1551420676,negative
aw1dqa,AskOuija,post,1551420086,neutral
awvlek,AskOuija,post,1551630787,neutral
ayvi7n,BabyBumps,post,1552080141,neutral
b1pso6,Brawlstars,post,1552720639,negative
axmrln,HollowKnight,post,1551801949,neutral
ay2wds,Memes_Of_The_Dank,post,1551901018,negative
b6pnyd,NoStupidQuestions,post,1553813958,neutral
b56q4w,OldSchoolCool,post,1553492149,negative
b5fkmp,PSP,post,1553544007,negative
b1naw1,PrequelMemes,post,1552702135,positive
ax1v3k,ShadowBan,post,1551666962,negative
b5gmt5,ShitLiberalsSay,post,1553549016,neutral
b2ypn1,Showerthoughts,post,1553008955,negative
awr8ap,The_Donald,post,1551593047,negative
b1azgo,TopMindsOfReddit,post,1552628069,negative
avyh3d,TwoBestFriendsPlay,post,1551401576,positive
b75po9,bakchodi,post,1553910816,negative
b0qoq1,chemistry,post,1552507851,neutral
b79rjz,dank_meme,post,1553941658,negative
b18o6s,dankmemes,post,1552612966,negative
b12udh,dankmemes,post,1552583097,negative
b6w47k,dankmemes,post,1553858979,negative
azjvqe,dankmemes,post,1552249031,neutral
b6tk8z,dankmemes,post,1553838521,neutral
b7qxwo,diabetes,post,1554056998,neutral
b33aze,dirtypenpals,post,1553031651,neutral
b48xri,dirtypenpals,post,1553281092,neutral
b5disb,dirtypenpals,post,1553534487,neutral
b009cj,fakehistoryporn,post,1552345716,negative
b491yf,funny,post,1553281648,neutral
b18e3b,jakeandamir,post,1552611283,negative
b7glux,modhelp,post,1553983549,neutral
ax0pm5,opieandanthony,post,1551659618,neutral
azxdwc,pcmasterrace,post,1552331501,neutral
b0mdrg,pcmasterrace,post,1552485857,neutral
b2kdbk,pokemonduel,post,1552924564,neutral
b6xbzq,raimimemes,post,1553866439,negative
ay4rr3,redditrequest,post,1551910522,neutral
b6z4wv,redditrequest,post,1553875652,neutral
aygmlg,subredditcancer,post,1551987120,negative
b6u3dh,transpositive,post,1553842930,positive
b788ks,unpopularopinion,post,1553928679,negative
awk9f5,unpopularopinion,post,1551549082,negative
b2o9nx,wisconsin,post,1552944081,neutral
b67fzl,AnthemTheGame,post,1553709594,negative
b3g20s,AskModerators,post,1553109098,neutral
b3bt5y,AskOuija,post,1553087345,neutral
b5b1zx,Bitcoin,post,1553522490,neutral
b1f6qv,Browns,post,1552657785,neutral
ayt0rn,DebateCommunism,post,1552066975,neutral
b2pbta,GBr4r,post,1552949501,negative
b1hgao,PhantomForces,post,1552669805,positive
ayv5jj,PrequelMemes,post,1552078245,negative
b6anxm,SandersForPresident,post,1553725087,neutral
azdz88,The_Dennis,post,1552208833,neutral
b59mwz,The_Donald,post,1553514229,neutral
b1v275,Vindictus,post,1552758207,negative
b037ed,aznidentity,post,1552362974,negative
b488n4,boottoobig,post,1553277659,negative
b5hfno,calvinandhobbes,post,1553552840,neutral
b73ele,canada,post,1553897256,neutral
b4381o,dankmemes,post,1553248845,negative
b0rhwb,dankmemes,post,1552511866,neutral
b0rlre,dankmemes,post,1552512409,neutral
b0ruty,dankmemes,post,1552513687,neutral
azrijj,dankmemes,post,1552297704,neutral
b01omp,dankmemes,post,1552353690,negative
b6zi0y,discordapp,post,1553877477,negative
aw7iyn,discordapp,post,1551462268,neutral
awyjjt,discordapp,post,1551646978,neutral
axsq9f,discordapp,post,1551834076,neutral
az0xw5,discordapp,post,1552116037,neutral
az44uo,discordapp,post,1552142537,negative
b0yvet,discordapp,post,1552560689,neutral
b23qb0,discordapp,post,1552817158,neutral
b4lsky,discordapp,post,1553362302,negative
b5vkxp,discordapp,post,1553635817,negative
b6c7op,discordapp,post,1553733583,neutral
b7pt29,discordapp,post,1554051217,negative
b4xjxy,discordapp,post,1553441333,neutral
azaimm,flatearth,post,1552180489,negative
b1jhy3,forhonor,post,1552680206,positive
b2bmtj,funny,post,1552866019,negative
b09evn,goldenknights,post,1552406329,positive
b5nspb,homegym,post,1553594437,neutral
b7tjpw,kpop,post,1554070559,neutral
ay15sw,lgbt,post,1551892096,negative
azl6f4,magicTCG,post,1552255888,neutral
b2eb39,memes,post,1552883259,neutral
b25o5q,memes,post,1552832816,positive
ax4so5,nrl,post,1551687734,neutral
b1syz1,redditrequest,post,1552746279,neutral
b5t5nj,redditrequest,post,1553624160,neutral
b53xql,redditrequest,post,1553474677,neutral
b1bbjv,redditrequest,post,1552630521,neutral
b37jht,redditrequest,post,1553055740,neutral
b5zk5f,subredditcancer,post,1553658028,negative
b1xb7w,subredditcancer,post,1552770218,negative
b5fwxy,teenagers,post,1553545620,negative
awvgml,teenagers,post,1551629977,neutral
b79u7x,therewasanattempt,post,1553942242,neutral
b2hbho,unpopularopinion,post,1552906931,negative
b2hg9p,unpopularopinion,post,1552907764,negative
b39xaj,wallstreetbets,post,1553074301,neutral
b4k6sw,AnthemTheGame,post,1553353883,negative
b4w00k,AnthemTheGame,post,1553431800,negative
awki0q,AshesofCreation,post,1551550368,negative
aykt23,AskOuija,post,1552010680,neutral
b236ap,AskOuija,post,1552811649,neutral
b1ieyo,AskReddit,post,1552674703,neutral
b1phnl,AskReddit,post,1552718039,neutral
b5tn42,Denmark,post,1553626479,negative
azcicr,DirkGently,post,1552195039,neutral
awn0ng,FFBraveExvius,post,1551564469,negative
b1y0t9,FortNiteBR,post,1552774300,negative
b1zlby,FortNiteBR,post,1552783961,negative
b7nyir,LiverpoolFC,post,1554040282,neutral
azp05b,Memes_Of_The_Dank,post,1552278835,negative
azza7s,Memes_Of_The_Dank,post,1552340807,negative
b37idl,Memes_Of_The_Dank,post,1553055514,negative
b1ita4,ModSupport,post,1552676704,neutral
b6v3mu,PewdiepieSubmissions,post,1553851626,negative
b3w7g6,PewdiepieSubmissions,post,1553203347,negative
b3w7p7,PewdiepieSubmissions,post,1553203385,negative
b3w846,PewdiepieSubmissions,post,1553203446,negative
b3w94n,PewdiepieSubmissions,post,1553203593,negative
b3wdjj,PewdiepieSubmissions,post,1553204210,negative
b4bvsk,PewdiepieSubmissions,post,1553296245,negative
b03awl,Sat,post,1552363611,neutral
b3dq67,The_Donald,post,1553097549,negative
b6frm1,bakchodi,post,1553757733,negative
b40ekt,benzodiazepines,post,1553227364,neutral
b3y8qj,dankmemes,post,1553214192,negative
b5j2a0,dankmemes,post,1553561403,neutral
b717mw,dankmemes,post,1553885963,negative
b2za86,dankmemes,post,1553011819,neutral
b0eqna,dankmemes,post,1552433203,positive
b6xqie,dankmemes,post,1553868592,neutral
b7dddu,dankmemes,post,1553964977,negative
b3v920,dankmemes,post,1553198520,negative
b7d324,dankmemes,post,1553963323,negative
b6vapf,dankmemes,post,1553853179,negative
b7eifw,dankmemes,post,1553971478,negative
aybd9n,dankmemes,post,1551956016,neutral
b5wf9o,dankmemes,post,1553640026,negative
b5whxc,dankmemes,post,1553640404,negative
b5wja9,dankmemes,post,1553640593,neutral
b5ypu7,dankmemes,post,1553652805,negative
b63g10,dankmemes,post,1553686975,negative
aw7a8a,dankmemes,post,1551460476,neutral
b76dxz,dankmemes,post,1553915177,neutral
b5tfrk,dankmemes,post,1553625487,negative
b5tgih,dankmemes,post,1553625591,neutral
b26tjv,dankmemes,post,1552839630,neutral
b7uct8,dankmemes,post,1554075265,negative
b3gpzr,dankmemes,post,1553112416,negative
b5d9ux,darkjokes,post,1553533392,negative
b307m2,gatekeeping,post,1553016366,neutral
b4cn09,humblebrag,post,1553300552,negative
b1lpdv,ireland,post,1552692215,neutral
ay8jfq,jerma985,post,1551932972,neutral
b69wsg,leaf,post,1553721493,negative
ay1hwc,legaladvice,post,1551893835,negative
azxlnm,memes,post,1552332568,negative
b6aj4s,memes,post,1553724402,negative
b0vxz6,nba,post,1552537450,neutral
axwf5j,netflix,post,1551859618,neutral
az19ir,newreddits,post,1552118980,negative
b5jqw1,redditrequest,post,1553565145,neutral
aw7r7m,redditrequest,post,1551463458,neutral
b2cw2j,redditrequest,post,1552873706,neutral
azx6ys,redditrequest,post,1552330552,neutral
b4gyig,redditrequest,post,1553330859,neutral
b2po0r,redditrequest,post,1552951262,neutral
b03b9s,subredditcancer,post,1552363679,negative
b4s9oi,teenagers,post,1553400418,positive
b27z6m,teenagers,post,1552845938,neutral
b30hrb,teenagers,post,1553017753,positive
b06guh,tylerthecreator,post,1552388586,negative
b1zvpu,vegancirclejerk,post,1552785783,negative
aw6y8c,2007scape,post,1551458525,neutral
awln47,AnythingGoesNews,post,1551556762,negative
ayw16u,AskModerators,post,1552082958,negative
b7tukx,AskOuija,post,1554072312,neutral
b27u87,BokuNoHeroAcademia,post,1552845202,neutral
b6mlug,CanadianMOMs,post,1553798696,neutral
awgkce,ChoosingBeggars,post,1551523253,neutral
b4vpvv,CollegeBasketball,post,1553429701,neutral
azettf,DoesAnybodyElse,post,1552217482,negative
b1oaf4,FreeKarma4U,post,1552708740,neutral
b6isnw,MDMA,post,1553779744,negative
b511go,Memes_Of_The_Dank,post,1553458977,negative
awceo5,OpTicGaming,post,1551490927,neutral
axvy1x,Veterans,post,1551855507,negative
b2qpqm,WeAreTheMusicMakers,post,1552956936,neutral
b056ns,beetlejuicing,post,1552378021,negative
avy9is,dankmemes,post,1551400268,negative
b3xuaw,dankmemes,post,1553211998,neutral
b69n0l,dankmemes,post,1553720204,negative
b79p2m,dankmemes,post,1553941114,negative
b5qbqw,dankmemes,post,1553610260,negative
aw9qrd,dankmemes,post,1551474471,negative
b6ue1a,excgarated,post,1553845417,negative
b12hqo,explainlikeimfive,post,1552581421,negative
ax8cby,gamedev,post,1551713416,neutral
b5tjnc,limitless,post,1553626012,neutral
b3xn9c,loseit,post,1553210907,neutral
azvfc6,meme,post,1552321681,negative
b2s8i0,modhelp,post,1552965543,neutral
azvkfi,northernlion,post,1552322429,positive
azf9yo,opiates,post,1552221668,neutral
b3d39c,pathofexile,post,1553094232,negative
ay8a33,pyrocynical,post,1551931190,neutral
b5ewom,redditrequest,post,1553540973,neutral
b0vrgn,redditrequest,post,1552536216,neutral
b5dext,redditrequest,post,1553534008,neutral
axjhy1,redditrequest,post,1551780027,neutral
b5pm2e,redditrequest,post,1553606339,neutral
b002ig,secretsanta,post,1552344712,neutral
b5zuyl,unpopularopinion,post,1553660017,neutral
awr7fp,AskReddit,post,1551592853,neutral
b04y78,AskThe_Donald,post,1552375962,neutral
b76arr,Drama,post,1553914580,neutral
b6dc57,Drama,post,1553740290,negative
awhiis,ElsaGate,post,1551531431,negative
b332lj,Guildwars2,post,1553030486,negative
b5a2j9,Lawrence,post,1553516888,neutral
aysn2w,Psychonaut,post,1552064993,neutral
ayqzxf,RightwingLGBT,post,1552056041,neutral
axr9iw,SUBREDDITNAME,post,1551825519,negative
axm4e5,Showerthoughts,post,1551798420,positive
b7hc2k,SpaceXMasterrace,post,1553988165,neutral
b4d4qi,TheBlackList,post,1553303545,negative
b6wgct,The_Donald,post,1553861211,negative
b6wi4m,The_Donald,post,1553861550,negative
aziv7l,composer,post,1552243736,neutral
b5i18g,dank_meme,post,1553555869,negative
axd3kq,dankmemes,post,1551737268,negative
b5pge2,dankmemes,post,1553605452,neutral
b4dibg,dankmemes,post,1553305983,neutral
b1ycr3,dankmemes,post,1552776257,negative
b3fw1b,dankmemes,post,1553108266,negative
b06ppl,dankmemes,post,1552390313,neutral
b2dl9a,dankmemes,post,1552878255,negative
b6op5u,dankmemes,post,1553808994,negative
b2eclr,dankmemes,post,1552883579,negative
b0nqma,dankmemes,post,1552493295,negative
axabl9,dankmemes,post,1551723369,negative
azfzin,dankmemes,post,1552227022,negative
ax92rt,dankmemes,post,1551717286,negative
b7rz34,formula1,post,1554062310,neutral
ayz85q,funny,post,1552102903,negative
azo9y9,golf,post,1552274327,negative
b1rfhj,help,post,1552735168,neutral
b5ifx6,help,post,1553558101,negative
b3dv1e,madlads,post,1553098200,neutral
b5z7y6,memes,post,1553655859,neutral
ayfves,memes,post,1551983240,neutral
b7jkma,modhelp,post,1554003922,neutral
azbkpv,orangetheory,post,1552188032,positive
b4cmu9,redditrequest,post,1553300524,neutral
axbjyt,redditrequest,post,1551729487,neutral
b5ic60,redditrequest,post,1553557537,neutral
b4ij27,runescape,post,1553343400,positive
az8dhj,samsung,post,1552167118,neutral
az9cmf,smashbros,post,1552172881,negative
awzwa7,snowboarding,post,1551654677,neutral
b4g9fv,starbound,post,1553324980,neutral
b0hrxk,steelers,post,1552451596,neutral
b38zux,teenagers,post,1553066589,negative
b71r7b,teenagers,post,1553888694,negative
b1pryq,unintentionalASMR,post,1552720474,neutral
ayhtt8,unpopularopinion,post,1551993370,positive
b1udpy,2007scape,post,1552754381,negative
b19314,AccidentalWesAnderson,post,1552615490,negative
awe8u1,AskReddit,post,1551503615,negative
aykf03,CollegeBasketball,post,1552008159,negative
azy84e,FortNiteBR,post,1552335625,positive
b4wuk6,JordanPeterson,post,1553437348,negative
b544fr,JustUnsubbed,post,1553475740,negative
b7pqif,Kirby,post,1554050814,neutral
axvvmu,MechanicalKeyboards,post,1551854972,neutral
b4hh2m,Memes_Of_The_Dank,post,1553335144,negative
b5thju,Music,post,1553625726,negative
b33phz,OkCupid,post,1553033635,neutral
b27rco,PSO2,post,1552844751,neutral
b2hzct,PewdiepieSubmissions,post,1552911205,neutral
b46wwx,PewdiepieSubmissions,post,1553271014,neutral
b2phes,SanJoseSharks,post,1552950294,neutral
az8ydn,TheWalkingDeadGame,post,1552170478,neutral
b3v9aw,Tulpas,post,1553198554,neutral
azkz55,bigdickproblems,post,1552254829,neutral
b6znz3,brasil,post,1553878296,neutral
b28qwa,dankchristianmemes,post,1552849979,neutral
b43tem,dankmemes,post,1553253259,neutral
b0pyme,dankmemes,post,1552504351,negative
b3xjkn,dankmemes,post,1553210341,neutral
b74ofx,dankmemes,post,1553904480,negative
azp8z5,dankmemes,post,1552280445,negative
b55hgf,dankmemes,post,1553483828,negative
b6oga8,dankmemes,post,1553807766,negative
ax7oa1,dankmemes,post,1551709480,neutral
b78lev,dankmemes,post,1553931671,neutral
b6galy,dankmemes,post,1553762241,negative
b20zmh,dankmemes,post,1552793135,negative
b13g9z,dankmemes,post,1552586010,negative
b6cq6o,dankmemes,post,1553736600,neutral
az7eia,dankmemes,post,1552161527,negative
b2hjlj,dankmemes,post,1552908378,negative
b5qw47,discordapp,post,1553613212,neutral
aypu88,ethtrader,post,1552048887,negative
ay2w3o,help,post,1551900976,negative
b1lbc3,help,post,1552689984,neutral
b11wt3,iamverybadass,post,1552578579,negative
b66khm,memes,post,1553705414,negative
b732jp,memes,post,1553895455,negative
b6vral,memes,post,1553856649,negative
b6gssi,nbacirclejerk,post,1553766512,neutral
b3d9kn,oblivion,post,1553095166,negative
b3h6c1,offmychest,post,1553114621,negative
b020vq,redditrequest,post,1552355762,neutral
b11opq,redditrequest,post,1552577408,neutral
b7sjq4,redditrequest,post,1554065228,neutral
ayxxzu,redditrequest,post,1552094062,neutral
b2ey15,redditrequest,post,1552888027,neutral
b3axe2,redditrequest,post,1553081793,neutral
axp9ca,redditrequest,post,1551814890,neutral
b5fd14,redditrequest,post,1553543028,neutral
b4s1n8,smashbros,post,1553398849,negative
aywzwr,subredditcancer,post,1552088211,negative
azahca,teenagers,post,1552180238,positive
b34sw0,ultimaonline,post,1553039317,negative
b7ek8e,2007scape,post,1553971757,negative
b69zy7,AVoid5,post,1553721913,neutral
aziamn,AnthemTheGame,post,1552240669,negative
b5knli,AskReddit,post,1553570516,negative
axzthf,ModSupport,post,1551884917,neutral
axh1p6,ModSupport,post,1551760945,neutral
b3f4zp,MortalKombat,post,1553104576,neutral
b5kllx,MurderedByWords,post,1553570165,negative
b1awwc,PewdiepieSubmissions,post,1552627543,neutral
b3kq8a,Piracy,post,1553133405,neutral
b7q0qg,PrequelMemes,post,1554052297,neutral
b0527h,RealLifeShinies,post,1552376938,negative
b4m7lm,Schizoid,post,1553364456,neutral
b4mcml,Schizoid,post,1553365183,neutral
b51sao,Schizoid,post,1553462741,neutral
awhp98,ShadowBan,post,1551532840,neutral
azi801,SuicideWatch,post,1552240271,negative
b61msz,aww,post,1553673201,negative
b54w0x,boardgames,post,1553480213,neutral
az90of,camphalfblood,post,1552170862,neutral
axtist,conspiracy,post,1551838978,negative
azs77q,dankchristianmemes,post,1552302757,neutral
az9xbt,dankmemes,post,1552176565,negative
b2gog0,dankmemes,post,1552902266,neutral
b7ktyr,dankmemes,post,1554014353,negative
b3vqh4,dankmemes,post,1553200952,positive
b11ela,dankmemes,post,1552575985,neutral
b2s3hh,dankmemes,post,1552964700,negative
b6vthp,dankmemes,post,1553857083,negative
b7810w,dankmemes,post,1553927033,negative
b5hbgx,deadbydaylight,post,1553552291,negative
azfy8b,disneyvacation,post,1552226778,negative
b7indd,fantasybball,post,1553997032,neutral
azhdib,fightporn,post,1552235545,negative
b1qoep,formula1,post,1552728715,neutral
b3d2d5,help,post,1553094110,negative
b009z0,help,post,1552345811,negative
b24gys,hiphopheads,post,1552823957,neutral
b2w0ik,ideasfortheadmins,post,1552993260,neutral
b0xlxn,lorde,post,1552550302,negative
b7jy1y,memes,post,1554006775,negative
b6ss4f,rant,post,1553832604,negative
b0290s,redditrequest,post,1552357140,neutral
aw7tuw,redditrequest,post,1551463830,neutral
b0nq9m,redditrequest,post,1552493254,neutral
b33xei,relationship_advice,post,1553034718,neutral
b4ikcs,teenagers,post,1553343674,neutral
b5jk7m,teenagers,post,1553564084,neutral
az46kd,tf2,post,1552142836,neutral
b62yta,unpopularopinion,post,1553683790,negative
b6c6i2,2007scape,post,1553733386,negative
b6e9tt,2007scape,post,1553746421,negative
azcd4y,AnthemTheGame,post,1552193967,positive
b5syuj,CasualConversation,post,1553623286,negative
b72grp,ContestOfChampions,post,1553892290,positive
b1wu27,CrazyIdeas,post,1552767610,neutral
b3zwy0,Hiphopcirclejerk,post,1553224170,negative
b12e27,NintendoSwitch,post,1552580924,negative
aw5ijm,NoStupidQuestions,post,1551450518,negative
b03jge,Random_Acts_Of_Amazon,post,1552365212,neutral
b75chq,Random_Acts_Of_Amazon,post,1553908512,neutral
awjlyt,SWGalaxyOfHeroes,post,1551545394,neutral
b74c14,Teachers,post,1553902425,neutral
b1rplz,The_Donald,post,1552737502,negative
b41ro8,The_Donald,post,1553237405,negative
b4tdts,The_Donald,post,1553409393,negative
ax5mx4,bakchodi,post,1551694964,neutral
b71z54,dankmemes,post,1553889797,negative
azyjv8,dankmemes,post,1552337232,negative
b7fd8b,dankmemes,post,1553976234,neutral
b5qavv,dankmemes,post,1553610127,negative
b74vyx,dankmemes,post,1553905678,negative
b6zvtn,dankmemes,post,1553879380,neutral
b2xhq1,dankmemes,post,1553002553,neutral
b6uzd0,dankmemes,post,1553850705,neutral
b6xu9c,dankmemes,post,1553869128,neutral
b4n9jb,darkjokes,post,1553369905,negative
b01b5w,darkjokes,post,1552351481,negative
b525b3,darkjokes,post,1553464634,negative
b1no6e,redditrequest,post,1552704566,neutral
ayqa7e,redditrequest,post,1552051819,neutral
b3kb7q,redditrequest,post,1553131023,neutral
axfdq5,redditrequest,post,1551750115,neutral
axhk5b,unpopularopinion,post,1551764487,negative
axtefr,uscg,post,1551838241,neutral
b5jcim,vegan,post,1553562927,negative
b65ueb,2007scape,post,1553701744,negative
b3pekq,AskOuija,post,1553167759,neutral
aysszu,AskReddit,post,1552065858,neutral
axmcdj,Brampton,post,1551799705,neutral
azimw3,ChapoTrapHouse,post,1552242481,neutral
az8bkk,ComedyCemetery,post,1552166828,neutral
b3u1w0,ComedyCemetery,post,1553192702,negative
b3bkh3,CrappyDesign,post,1553085927,neutral
b4lwfn,DeepFriedMemes,post,1553362862,neutral
b4qnl9,Destiny,post,1553389949,negative
axnw0z,LAGalaxy,post,1551807801,neutral
azieva,LeagueOfMeta,post,1552241288,neutral
b5l2a8,Neverbrokeabone,post,1553573216,neutral
b0mezr,OpiatesRecovery,post,1552486070,neutral
b6o3r1,Showerthoughts,post,1553806055,negative
b1yprq,The_Donald,post,1552778507,neutral
b6j030,TooAfraidToAsk,post,1553780880,neutral
az2ljd,TownofSalemgame,post,1552131021,negative
b2cxul,TownofSalemgame,post,1552874030,negative
b6788u,WikiLeaks,post,1553708555,negative
b5mqxk,conspiracy,post,1553585367,neutral
azw452,copypasta,post,1552325224,neutral
awo4r2,danganronpa,post,1551571196,neutral
b6oa8c,dankmemes,post,1553806956,negative
az4t5r,dankmemes,post,1552146795,neutral
b244t4,dankmemes,post,1552820879,neutral
b7cwoo,dankmemes,post,1553962276,negative
b5u8ck,dankmemes,post,1553629275,negative
b0fit7,dankmemes,post,1552437444,negative
b3wetu,dankmemes,post,1553204381,negative
b7du1k,dankmemes,post,1553967643,negative
awzbxa,dankmemes,post,1551651396,neutral
b5mrah,detroitlions,post,1553585449,neutral
ayu83i,ethereum,post,1552073266,neutral
aymgui,foxes,post,1552021868,negative
b6vu61,funny,post,1553857207,neutral
az7a4k,justneckbeardthings,post,1552160841,neutral
aw484g,lgbt,post,1551442604,negative
b7dbko,meme,post,1553964674,negative
b4ivao,mildlyinfuriating,post,1553345785,negative
b5m66a,navy,post,1553580865,negative
awx6qq,nrl,post,1551639647,positive
awbm7h,pakistan,post,1551485599,neutral
b3k2d9,pakistan,post,1553129610,negative
ax5iqf,redditrequest,post,1551693987,neutral
b6vgss,redditrequest,post,1553854478,neutral
azrke3,redditrequest,post,1552298113,neutral
b2x0jy,theydidthefuckyou,post,1552999806,negative
b34yw1,unpopularopinion,post,1553040221,negative
b55oh4,2007scape,post,1553485070,neutral
b5bdbz,2007scape,post,1553524198,neutral
b6rtzu,ChapoTrapHouse,post,1553826369,neutral
ayjw5s,ChapoTrapHouse,post,1552004900,negative
b0f2rc,CrappyDesign,post,1552435034,neutral
b0jcjv,Eve,post,1552463727,neutral
ayal0k,Gamingcirclejerk,post,1551949270,negative
az7grs,GoForGold,post,1552161875,neutral
b3ln73,HistoryMemes,post,1553138783,negative
b4p6ej,MurderedByWords,post,1553380714,neutral
aw6lt8,NeverBeGameOver,post,1551456613,neutral
b2i5xd,PewdiepieSubmissions,post,1552912322,positive
axm7v3,PrequelMemes,post,1551798975,negative
b03dk9,PrequelMemes,post,1552364107,negative
b3nbin,Showerthoughts,post,1553150807,negative
b6red8,Showerthoughts,post,1553823716,negative
b6rfai,Showerthoughts,post,1553823875,negative
b5sgb1,StarWarsLeaks,post,1553620733,neutral
axibzo,SubredditDrama,post,1551770158,negative
aw11r1,The_Donald,post,1551417784,neutral
b3xhf0,TopMindsOfReddit,post,1553210006,negative
b48sw9,TopMindsOfReddit,post,1553280416,neutral
b34kzu,Undertale,post,1553038156,neutral
awridc,Warframe,post,1551595457,neutral
b109bx,bugs,post,1552569593,neutral
b4nwfh,confession,post,1553373258,negative
ax8exx,cuboulder,post,1551713809,neutral
azcaju,danganronpa,post,1552193386,positive
b22ajs,dankmemes,post,1552803351,negative
b6y04j,dankmemes,post,1553869980,negative
b6uhyx,dankmemes,post,1553846411,negative
b1krcp,dankmemes,post,1552686925,negative
b6wi47,dankmemes,post,1553861548,negative
b29fvy,dankmemes,post,1552853680,neutral
az678s,dankmemes,post,1552154760,neutral
awbc77,insurgency,post,1551483866,negative
b23s6a,ireland,post,1552817621,positive
aw6sff,jailbreak,post,1551457642,neutral
awtd06,jailbreak,post,1551614148,neutral
awya3w,jailbreak,post,1551645537,neutral
axdqqt,jailbreak,post,1551740675,negative
b0r4o4,jailbreak,post,1552510041,negative
b5cw9y,modclub,post,1553531705,neutral
b3els4,movies,post,1553101889,negative
b20old,opiates,post,1552791008,neutral
ay2wbg,rant,post,1551901006,neutral
axb22u,redditrequest,post,1551727023,neutral
azvb1z,redditrequest,post,1552321060,neutral
b3s4x4,redditrequest,post,1553183424,neutral
b4g5qz,redditrequest,post,1553324203,neutral
b1eyg7,redditrequest,post,1552656470,neutral
b1whp7,redditrequest,post,1552765802,neutral
b0iite,sandiego,post,1552457022,neutral
b1sa13,subnautica,post,1552741857,neutral
b7pwob,teenagers,post,1554051740,neutral
b5h4a0,thedivision,post,1553551330,neutral
b12ab4,thesopranos,post,1552580419,neutral
b6nwfs,trebuchetmemes,post,1553805052,negative
aw6p4j,unpopularopinion,post,1551457129,negative
b2bmrp,unpopularopinion,post,1552866012,negative
ax9ull,youtube,post,1551721091,negative
