id,subreddit,kind,timestamp,sentiment_wrt_mods
u2qw67,2007scape,post,1649858164,neutral
ttum48,49ers,post,1648829756,neutral
tuyicq,49ers,post,1648952223,neutral
u4wugn,ABoringDystopia,post,1650112397,negative
u4y700,ABoringDystopia,post,1650116914,negative
tw8kxs,Advice,post,1649095339,neutral
uec9kv,AnimalsBeingDerps,post,1651201107,negative
uecbzb,AnimalsBeingDerps,post,1651201309,negative
u67epk,AskModerators,post,1650267193,negative
tuaodc,AskReddit,post,1648874617,negative
u8qt07,AskReddit,post,1650556576,neutral
tzr70k,AskReddit,post,1649503306,neutral
u90n62,AskWomen,post,1650583989,neutral
txjw2i,AutoModerator,post,1649244179,neutral
u4jall,BeamNG,post,1650061066,neutral
twf5zn,BeamNG,post,1649111633,neutral
txeksd,Berserk,post,1649221895,neutral
uan8iu,Bossfight,post,1650776477,negative
uby1xq,Calgary,post,1650927691,neutral
u2j6g1,Celebs,post,1649828175,negative
uerp81,Charlotte,post,1651255248,negative
u5yije,ColoradoAvalanche,post,1650236295,neutral
u171hf,CombatFootage,post,1649681516,negative
twarm3,CombatFootage,post,1649100737,neutral
tx2r91,CombatFootage,post,1649186492,positive
u1kz53,CombatFootage,post,1649720239,negative
ubzahp,ENFP,post,1650931292,neutral
tu1eiz,EscapefromTarkov,post,1648846822,negative
u80v05,FORTnITE,post,1650473304,negative
ttjdgi,FreeCompliments,post,1648791532,positive
ue1hdx,FreeCompliments,post,1651169847,neutral
ty1uv6,GaybrosGoneWild,post,1649295730,negative
ue8wlk,IBO,post,1651190551,negative
u18of6,Israel,post,1649686277,negative
u2fsii,Jokes,post,1649816613,neutral
twhg7w,JustUnsubbed,post,1649117201,negative
twhnwy,JustUnsubbed,post,1649117739,negative
u60zzw,KGATLW,post,1650243996,neutral
tywvdx,KarmaCourt,post,1649397937,neutral
ueun1a,Letterkenny,post,1651263635,negative
ty1tw4,LigaMX,post,1649295650,neutral
ty47qi,LigaMX,post,1649303277,neutral
ty5kkn,LigaMX,post,1649308087,neutral
ubsl1z,LigaMX,post,1650913223,negative
ty7m5a,LigaMX,post,1649316349,neutral
u4five,MDMA,post,1650050205,neutral
uekdow,MLBTheShow,post,1651233786,negative
u2ur63,MawInstallation,post,1649868635,negative
u9so3q,Mid_Century,post,1650672897,neutral
udz0p5,ModSupport,post,1651163407,neutral
twngrp,ModSupport,post,1649136064,neutral
uegtag,Nepal,post,1651218547,neutral
uehr47,Nepal,post,1651223018,negative
tus88l,NewYorkIslanders,post,1648930869,neutral
u2fz8v,OnePiece,post,1649817201,neutral
ucb6nl,Philippines,post,1650975315,neutral
ucf784,Philippines,post,1650986966,negative
tu3mvh,PrequelMemes,post,1648852701,neutral
ttk7d8,PrequelMemes,post,1648794799,negative
ubc3tf,Rainbow6,post,1650858684,neutral
tubzr9,Saints,post,1648879556,neutral
uda37q,Scams,post,1651083493,neutral
ub48fq,SeattleWA,post,1650834082,negative
u0mzzu,Showerthoughts,post,1649613352,negative
txzvks,AskWomen,post,1649289544,negative
tv7mcy,AusFinance,post,1648987002,neutral
u0h32s,BreakUps,post,1649595566,neutral
u7mk3t,Cigarettes,post,1650423304,negative
ucbdg6,ClashOfClans,post,1650975942,neutral
u4dthn,Comcast_Xfinity,post,1650045515,neutral
ue35kp,Crossout,post,1651174356,negative
ubmzjg,DDLC,post,1650898498,neutral
u539a4,Dodgers,post,1650131735,neutral
u60n20,Dodgers,post,1650242886,neutral
u473yd,Embroidery,post,1650026242,neutral
txir3a,FreeSpeech,post,1649239698,negative
u2rlmx,GirlGamers,post,1649860141,positive
ubfs4l,HotlineMiami,post,1650873317,negative
twtg67,ImpracticalJokers,post,1649160469,neutral
tz3ol2,Indiana,post,1649424887,negative
tz3x98,Indiana,post,1649425628,negative
uahhr9,Indiana,post,1650756181,neutral
tu0k54,JamesBond,post,1648844675,positive
u5atyo,JustUnsubbed,post,1650154238,negative
u5jh8j,LeagueOfMemes,post,1650187384,negative
ubt3jh,Mahouka,post,1650914538,positive
tyvvik,MemeEconomy,post,1649394092,neutral
ty1qdy,ModSupport,post,1649295357,neutral
tub132,MortalKombat,post,1648875865,neutral
u7p38a,NOLAPelicans,post,1650432058,positive
udxubl,NoStupidQuestions,post,1651160251,neutral
u99wlm,NoStupidQuestions,post,1650616898,negative
ttlkoe,OnePiece,post,1648800668,neutral
uc6jpb,PennStateUniversity,post,1650956142,negative
u8l8z6,Philippines,post,1650539957,neutral
tu21e2,PrequelMemes,post,1648848467,neutral
uejp4u,PvZGardenWarfare,post,1651231397,negative
u961fg,Rants,post,1650601309,negative
u9mu2b,Residency,post,1650656330,negative
ucg3gt,SCJerk,post,1650989317,negative
tvzkxd,Sat,post,1649071265,neutral
u8sh65,ShadowBan,post,1650561007,neutral
u4fkpt,Showerthoughts,post,1650050361,negative
u4fl7x,Showerthoughts,post,1650050405,negative
u5ye8l,TeamSolomid,post,1650235943,negative
tuwix9,TheBlueCorner,post,1648942657,neutral
u5mgt2,TooAfraidToAsk,post,1650200067,neutral
tx5g7v,TrueOffMyChest,post,1649193559,negative
tutt05,TrueOffMyChest,post,1648935071,negative
u3e8mb,TyrannyGame,post,1649931855,neutral
u41dxk,UtahJazz,post,1650002593,negative
ttg9bj,Warthunder,post,1648780630,positive
u8at39,WatchesCirclejerk,post,1650501140,neutral
u90wnl,WatchesCirclejerk,post,1650584811,neutral
ubp7n6,adultswim,post,1650904291,positive
u8ojy9,askscience,post,1650550287,positive
u94d5x,auckland,post,1650595645,negative
uey7f3,benzodiazepines,post,1651274241,neutral
tybfv5,binance,post,1649332660,negative
u4h9ri,censorship,post,1650055176,negative
tvxy4a,changemyview,post,1649065149,negative
tuzyl7,cock,post,1648956929,neutral
ucr6ev,conspiracy,post,1651020187,negative
u03xem,copypasta,post,1649543307,negative
u55cao,copypasta,post,1650137630,positive
u9t73r,daddit,post,1650674561,negative
u7o7df,dankmemes,post,1650428787,negative
tzrcw2,deathgrips,post,1649504008,neutral
ucv1i5,deathgrips,post,1651032943,neutral
u8v9xl,dogecoin,post,1650568737,neutral
u3mhyw,dontstarve,post,1649956680,neutral
u5h4n7,dynastywarriors,post,1650176990,neutral
u2q4ar,edmproduction,post,1649855846,neutral
ubtij9,elonmusk,post,1650915631,neutral
udwevx,elonmusk,post,1651156434,negative
tve6sx,foraging,post,1649005812,neutral
u4lbci,forsen,post,1650067384,neutral
ttkzbf,forsen,post,1648798048,neutral
ue25pl,france,post,1651171649,negative
uemf66,gaming,post,1651240394,positive
txpbol,gmod,post,1649260412,neutral
ucn5p1,gonewild,post,1651008277,positive
uf6v8y,gonewild,post,1651307252,neutral
u4gogf,grandrapids,post,1650053472,neutral
u330f6,h3h3productions,post,1649891165,neutral
tv5knc,h3h3productions,post,1648978660,negative
ttodyo,h3h3productions,post,1648812419,negative
u9s69x,help,post,1650671374,negative
tz18ue,help,post,1649416747,neutral
tuhlwv,help,post,1648902022,neutral
ubdqz2,help,post,1650864819,negative
twlcbv,help,post,1649128701,neutral
u2343k,history,post,1649780915,neutral
u1dw9w,hockey,post,1649700469,neutral
ttrzia,homeassistant,post,1648823190,negative
u9utaq,hotguyswithtattoos,post,1650679719,neutral
u1jq7g,ladybonersgw,post,1649716668,neutral
ueh5f3,ladybonersgw,post,1651220151,negative
tu89mq,likeus,post,1648866666,neutral
u6zop7,linux,post,1650354643,negative
u5u0c7,lonely,post,1650222934,neutral
tvu2jh,magicTCG,post,1649049372,neutral
tw248d,magicTCG,post,1649079163,negative
u20ll0,mentalhealth,post,1649774231,negative
ttwj7d,mexico,post,1648834442,positive
u3xt8g,mildlyinfuriating,post,1649989778,negative
tu8vui,miraculousladybug,post,1648868599,neutral
u5wh7x,miraculousladybug,post,1650230291,negative
ue0u4v,miraculousladybug,post,1651168154,neutral
ue1xve,miraculousladybug,post,1651171073,neutral
ue20q4,miraculousladybug,post,1651171283,neutral
u3qbsj,modhelp,post,1649967376,neutral
ufja49,motorcycles,post,1651350315,neutral
tu7ygb,mylittlepony,post,1648865684,positive
twcf8n,place,post,1649104778,negative
tvafpl,place,post,1648995916,negative
twlmhm,place,post,1649129652,neutral
tw1n02,place,post,1649077806,negative
tu3rta,place,post,1648853086,negative
tvyzti,place,post,1649069199,neutral
ttqzkq,place,post,1648820569,neutral
twpk6h,place,post,1649144645,negative
tw70ew,place,post,1649091554,neutral
tzloyl,place,post,1649479214,negative
tvt1tn,place,post,1649046006,negative
twe9gb,place,post,1649109333,negative
tvs7uq,place,post,1649043373,neutral
tvt4zd,place,post,1649046295,neutral
tv7lt2,place,post,1648986947,negative
twe921,place,post,1649109306,neutral
tvtyr2,place,post,1649049003,negative
twbj8h,place,post,1649102591,negative
tw2esn,place,post,1649079976,negative
tv2lb6,place,post,1648966399,negative
twdg3f,place,post,1649107289,neutral
tvtti7,place,post,1649048500,negative
tuuvr4,place,post,1648937974,negative
tvxlfl,place,post,1649063686,negative
tttons,place,post,1648827470,neutral
tvt4c7,place,post,1649046231,neutral
ubmi8s,pornID,post,1650897095,neutral
ttr59t,porterrobinson,post,1648821002,neutral
tua4g3,raleigh,post,1648872700,negative
ttdi99,redditrequest,post,1648771809,neutral
tvoqae,redditrequest,post,1649032977,neutral
txcux8,redditrequest,post,1649215820,neutral
txcwif,redditrequest,post,1649215970,neutral
u0isxa,redditrequest,post,1649601148,neutral
u4d63s,redditrequest,post,1650043696,neutral
tz5ah5,redditrequest,post,1649429521,neutral
txc0pe,redditrequest,post,1649213065,neutral
ubipyx,redditrequest,post,1650885372,neutral
tvxep5,redditrequest,post,1649062883,neutral
tuc3lm,redditrequest,post,1648879989,neutral
u4fpa3,redditrequest,post,1650050731,neutral
u530fn,redditrequest,post,1650131023,neutral
u7d7gx,redditrequest,post,1650396187,neutral
u15qgt,redditrequest,post,1649677210,neutral
ubhhqm,redditrequest,post,1650880685,neutral
ubhrul,redditrequest,post,1650881771,neutral
u0w58t,redditrequest,post,1649640427,neutral
uetz2s,redditrequest,post,1651261755,neutral
u74snv,redditrequest,post,1650373788,neutral
u1gw6h,redditrequest,post,1649709335,neutral
tyhxcq,redditrequest,post,1649352014,neutral
ub859q,redditrequest,post,1650845735,neutral
ub2zth,redditrequest,post,1650830558,neutral
ub34nl,redditrequest,post,1650830934,neutral
u46yow,redditrequest,post,1650025748,neutral
uenz2h,redditrequest,post,1651244829,neutral
tunl59,redditrequest,post,1648918804,neutral
twb5sm,redditrequest,post,1649101719,neutral
twdtt2,redditrequest,post,1649108230,neutral
u7ezc7,redditrequest,post,1650400901,neutral
tycnvl,redditrequest,post,1649336723,neutral
ueszs3,selfie,post,1651258938,negative
ufgwnw,selfie,post,1651343068,negative
uflobi,shitduolingosays,post,1651357727,neutral
u0inqy,silenthill,post,1649600725,neutral
u7j8aq,skyrimmods,post,1650412886,neutral
u8va82,solotravel,post,1650568759,neutral
tvo2vm,splatoon,post,1649031042,negative
u5r7nr,srilanka,post,1650214737,negative
uaznzb,techsupport,post,1650821190,negative
uemn6g,teenagers,post,1651241029,negative
tvdlla,tf2,post,1649004316,neutral
ub1lkg,theHunter,post,1650826607,neutral
uay9v1,thefighterandthekid,post,1650817199,negative
u3oq36,trans,post,1649962922,positive
twtpog,trans,post,1649161396,negative
tvimjv,ukraine,post,1649016671,neutral
tus628,ukraine,post,1648930706,negative
tuxv8m,ukraine,post,1648950229,negative
tvbwiq,ukraine,post,1648999909,neutral
twui89,ukraine,post,1649163932,neutral
tx84zz,ukraine,post,1649201067,neutral
tycjpx,ukraine,post,1649336402,neutral
tyya7k,ukraine,post,1649404027,neutral
tz1ugd,ukraine,post,1649418971,negative
tz2ibd,ukraine,post,1649421194,negative
tzzg3n,ukraine,post,1649529672,neutral
u01wmy,ukraine,post,1649537160,negative
u2ejqv,ukraine,post,1649812836,negative
u2jerp,ukraine,post,1649829103,negative
u4ajh0,ukraine,post,1650036414,negative
u4vl90,ukraine,post,1650107553,negative
u4wha6,ukraine,post,1650111047,negative
u5ilbw,ukraine,post,1650183455,negative
u6p0ez,ukraine,post,1650319921,neutral
u7ft4i,ukraine,post,1650403165,negative
u85egu,ukraine,post,1650485677,negative
uaopws,ukraine,post,1650782684,negative
ucgerm,ukraine,post,1650990131,negative
ucrsy0,ukraine,post,1651022133,negative
tzq14t,unintentionalASMR,post,1649498203,negative
u75t59,unpopularopinion,post,1650376717,negative
ueawqa,webdev,post,1651196882,neutral
tvo2v7,wine,post,1649031041,negative
u2wocn,2007scape,post,1649873786,neutral
uatjl4,Advice,post,1650802636,negative
uf3yw4,AgainstHateSubreddits,post,1651294432,negative
u025u6,AmItheAsshole,post,1649537944,neutral
tuq484,ApplyingToCollege,post,1648925304,positive
uf3gwf,AskReddit,post,1651292522,neutral
u79cy8,AskReddit,post,1650386167,neutral
u6sy9f,AskReddit,post,1650331113,neutral
tx7iwk,AskReddit,post,1649199293,neutral
u9ohdk,AskWomen,post,1650660869,neutral
ueyl6g,AutoModerator,post,1651275502,neutral
u1ifiv,BurningMan,post,1649713240,neutral
u5s71j,Buttcoin,post,1650217623,neutral
udi1fr,Christianity,post,1651105319,positive
u2kkry,ClashRoyale,post,1649833915,neutral
u4kd3x,CrappyDesign,post,1650064314,neutral
u34qh3,DHMIS,post,1649896353,neutral
uap4d8,DenverBroncos,post,1650784354,neutral
u1i4fg,Dreamtheater,post,1649712458,negative
u89gi7,Dreamtheater,post,1650497055,negative
txo6ju,EscapefromTarkov,post,1649257314,negative
u5mwky,Everton,post,1650201555,negative
u3ye9a,Existentialism,post,1649991703,neutral
u2qet4,Forex,post,1649856742,neutral
tzi91d,Gunners,post,1649467233,neutral
ua88mz,Hulu,post,1650728745,neutral
ua89l5,Hulu,post,1650728821,neutral
ue6h3y,IAmA,post,1651183287,neutral
u67jrt,JamesBond,post,1650267788,neutral
u67lqb,JamesBond,post,1650268020,neutral
u7y9oq,JamesBond,post,1650466234,positive
u7kfxh,Libertarian,post,1650416602,neutral
u5uk5h,MLBTheShow,post,1650224566,neutral
ueys06,MMA,post,1651276137,negative
ubkyy8,Maine,post,1650892689,neutral
txqcky,MarvelPuzzleQuest,post,1649263177,negative
twe7vi,MensRights,post,1649109221,negative
tu0jg9,ModSupport,post,1648844624,negative
u06tfr,ModSupport,post,1649553028,neutral
ty2qyf,ModSupport,post,1649298510,neutral
u5ozde,OTMemes,post,1650208187,neutral
twx9sa,PERU,post,1649171697,neutral
u2lgig,PlayStationPlus,post,1649837875,negative
tz409s,Portal,post,1649425878,neutral
ubrf83,Rainbow6,post,1650910111,neutral
tvk9b4,Romania,post,1649020731,neutral
u59ylz,SCJerk,post,1650151433,negative
u5a0ih,SCJerk,post,1650151608,negative
uenpcf,ShadowBan,post,1651244088,negative
tx8msq,SpaceXMasterrace,post,1649202543,negative
u5vzfp,Stims,post,1650228831,positive
tv3oud,SubredditDrama,post,1648970851,negative
tv40rd,SubredditDrama,post,1648972244,negative
txt8nr,SubredditDrama,post,1649270984,negative
ty85e7,SubredditDrama,post,1649318771,negative
tyvbbo,SubredditDrama,post,1649391996,negative
u8oxig,SubredditDrama,post,1650551405,neutral
u9wa25,TeenWolf,post,1650684633,neutral
udfmpr,TheoryOfReddit,post,1651098268,negative
tzmqtq,Thunder,post,1649483506,positive
tupklb,TwoSentenceHorror,post,1648923855,negative
txrpgz,TwoSentenceHorror,post,1649266828,negative
u1yzt6,WatchRedditDie,post,1649769729,negative
ubsniv,Winnipeg,post,1650913396,neutral
u0lj0a,WorldofTanks,post,1649609196,neutral
u0lsca,XFiles,post,1649609941,neutral
ubvyv8,admincraft,post,1650921983,neutral
tzxbb4,answers,post,1649523339,negative
tyau5a,answers,post,1649330413,negative
u9ypsm,ask,post,1650693624,neutral
u7onya,askgaybros,post,1650430435,negative
u9894d,askgaybros,post,1650609886,neutral
u3djw6,askwomenadvice,post,1649929244,negative
ucryxc,audioengineering,post,1651022669,negative
ucrzz3,audioengineering,post,1651022762,negative
u17fww,bakchodi,post,1649682692,negative
u0vmt3,canberra,post,1649638770,neutral
tyfvsy,capetown,post,1649346247,negative
u5cxaf,childfree,post,1650161177,neutral
u6xxun,cocaine,post,1650347486,neutral
u6xy45,cocaine,post,1650347517,neutral
tzld0g,conspiracy,post,1649477971,negative
uf1lc7,conspiracy,post,1651285792,neutral
ufllnt,conspiracy,post,1651357502,negative
tui1f4,redditrequest,post,1648903446,neutral
u0l4gd,redditrequest,post,1649608036,neutral
u9vw3x,redditrequest,post,1650683303,neutral
u0yaug,redditrequest,post,1649647489,neutral
ucnrj9,redditrequest,post,1651009998,neutral
u1d89x,redditrequest,post,1649698722,neutral
u0w7o9,redditrequest,post,1649640643,neutral
u4140t,redditrequest,post,1650001489,neutral
u6klrx,redditrequest,post,1650308251,neutral
ubl58j,redditrequest,post,1650893230,neutral
u7a619,redditrequest,post,1650388302,neutral
u1bnfg,redditrequest,post,1649694528,neutral
tzwojx,redditrequest,post,1649521473,neutral
tzmdvu,redditrequest,post,1649482001,neutral
u6geu4,redditrequest,post,1650297240,neutral
ud94i2,redditrequest,post,1651080910,neutral
twzdqv,sanfrancisco,post,1649177510,negative
u5q5yo,sanfrancisco,post,1650211640,negative
u83jfm,shreveport,post,1650480607,neutral
tvvafr,simonfraser,post,1649053896,negative
u17pxu,spongebob,post,1649683538,neutral
tu12ov,taoism,post,1648846006,negative
uem3z0,teenagers,post,1651239455,negative
u10xt4,teenagers,post,1649657383,neutral
uez4h5,teenagers,post,1651277281,neutral
udr7lj,thefighterandthekid,post,1651138756,positive
u4r4oj,tifu,post,1650088025,neutral
uex7dv,totalwar,post,1651271141,neutral
u46e1v,trailerparkboys,post,1650023799,negative
tu276j,trans,post,1648848883,neutral
u475o2,triathlon,post,1650026404,negative
twgub0,ukraine,post,1649115640,neutral
udkcy0,wallstreetbets,post,1651112466,negative
u5w987,worldnews,post,1650229619,negative
tzpe3k,2007scape,post,1649495245,positive
tzp49k,2007scape,post,1649494016,positive
u2af67,2007scape,post,1649800219,negative
u6lszd,23andme,post,1650311422,negative
ubr2is,AmIFreeToGo,post,1650909182,neutral
tzqi7m,AskReddit,post,1649500325,negative
uamtrq,AskReddit,post,1650774881,neutral
twjy2u,Assistance,post,1649124302,neutral
u8zlwt,AutoDetailing,post,1650580947,negative
tx38m7,AutoModerator,post,1649187781,neutral
u1jwia,BatmanArkham,post,1649717156,neutral
u9l5c2,CasualUK,post,1650651697,negative
u9hi8h,Catholicism,post,1650641858,neutral
tza4yd,Comcast_Xfinity,post,1649442865,neutral
u6d3nk,Comcast_Xfinity,post,1650288295,neutral
tzb2ce,Comcast_Xfinity,post,1649445454,neutral
u7umxi,Comcast_Xfinity,post,1650455261,neutral
u7n98q,CrucibleSherpa,post,1650425526,neutral
u2rb2e,DDLC,post,1649859326,negative
u2t8ce,DDLC,post,1649864580,neutral
u5yhta,DDLC,post,1650236234,neutral
u6q4st,DDLC,post,1650322976,negative
tzvbsg,DDLC,post,1649517544,neutral
u6b945,Denmark,post,1650282567,negative
ucd5vm,Disneyland,post,1650981447,neutral
u9xs4g,conspiracy,post,1650689948,negative
u95s24,conspiracy,post,1650600368,neutral
tx2tqk,conspiracy,post,1649186688,negative
u6tbqe,conspiracy,post,1650332239,neutral
ud9i8v,consulting,post,1651081937,neutral
u23xkc,copenhagen,post,1649783017,neutral
twmow7,discordapp,post,1649133298,neutral
tvaam4,discordapp,post,1648995496,neutral
tw9thl,discordapp,post,1649098397,neutral
ty7to9,dogs,post,1649317309,neutral
u78l0i,findareddit,post,1650384109,negative
uadrj0,funny,post,1650744726,negative
u3y2zo,gatekeeping,post,1649990678,negative
ucqvtp,geometrydash,post,1651019228,neutral
u50cb5,gonewildcouples,post,1650123415,negative
twvkfq,granturismo,post,1649167088,neutral
tzs9m4,greentext,post,1649507597,neutral
ucuse3,greentext,post,1651032054,positive
tv4n1m,halo,post,1648974746,negative
u3baqr,help,post,1649919573,negative
ub969u,help,post,1650848988,neutral
u9oz9l,help,post,1650662206,neutral
ufdzxt,hinduism,post,1651334331,neutral
ucf2uq,jazzguitar,post,1650986638,neutral
u3atb0,lastfm,post,1649917407,negative
u6ukpg,lawschooladmissions,post,1650336029,neutral
ufchkk,lebanon,post,1651329773,positive
u9wpbn,linuxmasterrace,post,1650686070,negative
tzetuo,magicTCG,post,1649456255,neutral
u8toza,mbti,post,1650564386,negative
tv96ek,meme,post,1648992207,positive
ud89hv,memes,post,1651078637,neutral
u78isy,memes,post,1650383967,positive
udnj5w,meth,post,1651122996,negative
ufkalv,mildlyinfuriating,post,1651353456,negative
u4vk9t,mildlyinfuriating,post,1650107441,negative
txask9,mildlyinfuriating,post,1649209225,negative
uawcdv,modhelp,post,1650811709,neutral
tuqdip,motorcycles,post,1648925975,negative
uf6k1l,moviescirclejerk,post,1651305708,neutral
u454fb,mumbai,post,1650018837,negative
tu2dmb,mylittlepony,post,1648849352,neutral
tu11fu,nba,post,1648845916,negative
ucmiht,needamod,post,1651006543,neutral
tzh8zw,netflix,post,1649463750,negative
ty0fjr,newzealand,post,1649291249,neutral
ud45r9,offmychest,post,1651067737,negative
tuwdpb,pakistan,post,1648942221,neutral
tvljsu,place,post,1649024016,neutral
tvvfmi,place,post,1649054481,negative
tvp6d7,place,post,1649034263,negative
tvoild,place,post,1649032349,negative
tw4qji,place,post,1649085964,negative
txybxf,place,post,1649284875,neutral
tvuid9,place,post,1649050900,neutral
tve2co,place,post,1649005492,negative
tve3sf,place,post,1649005592,neutral
tvuc0y,place,post,1649050284,neutral
tvuccs,place,post,1649050315,negative
tvuh4y,place,post,1649050774,negative
tvuqoo,place,post,1649051773,negative
tvtt9d,place,post,1649048476,negative
tv70ez,place,post,1648984613,negative
tvtohn,place,post,1649048062,negative
twf27b,place,post,1649111362,positive
tx6mui,place,post,1649196776,negative
tvt2n3,place,post,1649046072,neutral
tw24hd,place,post,1649079183,negative
tw5jv7,place,post,1649087972,negative
tvzpwr,place,post,1649071749,neutral
tv61qw,place,post,1648980654,negative
tvtoaq,place,post,1649048047,negative
tv6hyz,place,post,1648982538,neutral
txzo5o,prolife,post,1649288916,negative
u0zilp,pussypassdenied,post,1649651863,negative
u1lqu0,raisedbynarcissists,post,1649722509,positive
uefbyh,rant,post,1651212093,negative
u20ezx,redditrequest,post,1649773722,negative
twrp4c,redditrequest,post,1649154010,neutral
twt45j,redditrequest,post,1649159373,neutral
uf44xp,redditrequest,post,1651295050,neutral
u9g9ae,redditrequest,post,1650638487,neutral
ueqgt6,redditrequest,post,1651251752,neutral
ty8bib,redditrequest,post,1649319570,neutral
ttsb2i,redditrequest,post,1648824021,neutral
tv8qav,redditrequest,post,1648990835,neutral
u34vcf,redditrequest,post,1649896779,neutral
twl1hz,redditrequest,post,1649127701,neutral
u8oyiq,redditrequest,post,1650551485,neutral
u6shm0,redditrequest,post,1650329736,neutral
twe7dn,redditrequest,post,1649109187,neutral
u2x9tp,redditrequest,post,1649875400,neutral
u41sad,stopdrinking,post,1650004260,positive
udhnxj,technology,post,1651104182,neutral
tztapo,teenagers,post,1649511228,negative
u31xqn,teenagers,post,1649888091,neutral
u2yfcn,teenagers,post,1649878631,negative
tthpr3,teenagers,post,1648785520,negative
txhjif,teenagers,post,1649234436,neutral
tw7gg8,thefighterandthekid,post,1649092626,neutral
ttkot5,traaaaaaannnnnnnnnns,post,1648796774,neutral
u1zfpj,trans,post,1649771000,positive
tw6n1e,ukraine,post,1649090650,positive
u1h3ki,ukraine,post,1649709855,negative
twebls,unpopularopinion,post,1649109483,negative
tw32vu,unpopularopinion,post,1649081754,negative
tvekwn,vegan,post,1649006828,neutral
tv7t11,videos,post,1648987639,negative
u125be,virgin,post,1649662573,negative
u030cc,walkingwarrobots,post,1649540501,neutral
udwrql,wallstreetbets,post,1651157419,negative
u2kb17,wholesomememes,post,1649832778,neutral
tz6mat,youtube,post,1649433216,neutral
u9kq47,2007scape,post,1650650560,neutral
u4mrlb,4chan,post,1650072242,neutral
u619ry,6thForm,post,1650244821,negative
u92x87,6thForm,post,1650591052,neutral
u8ncgr,AskReddit,post,1650546702,neutral
tvkszy,AskWomen,post,1649022097,negative
uf8zhs,AutoModerator,post,1651317194,neutral
twrzf6,BHMGoneWild,post,1649155164,negative
u4qslz,Berserk,post,1650086652,positive
tuh2zg,Brawlstars,post,1648900205,negative
ttp5o9,ClashRoyale,post,1648815024,neutral
ttkh54,ClashRoyale,post,1648795918,positive
u51huy,Crainn,post,1650126713,neutral
ty579p,Cricket,post,1649306691,neutral
u6antp,DC_Cinematic,post,1650280442,neutral
u1eqlz,DnD,post,1649703728,neutral
u0g1sw,Drugs,post,1649591647,neutral
uawaza,FIFA,post,1650811593,negative
ub28eh,FanFiction,post,1650828418,neutral
ty3hih,Harley,post,1649300809,negative
u6cqr2,HotPeppers,post,1650287262,negative
u6j21a,HotPeppers,post,1650304238,negative
u6jesg,HotPeppers,post,1650305143,negative
udd1ze,IndiaSpeaks,post,1651091377,neutral
txa2ro,Kirby,post,1649206991,negative
u6byz2,Libertarian,post,1650284881,negative
ty6o2d,Minecraft,post,1649312371,negative
u3p2w0,ModSupport,post,1649963909,negative
tv3jsb,Neverbrokeabone,post,1648970248,negative
ufbn37,NewOrleans,post,1651327102,negative
ufbo7l,NewOrleans,post,1651327203,negative
ufbohv,NewOrleans,post,1651327226,negative
ufbrs2,NewOrleans,post,1651327482,negative
u5e34x,NoSleepOOC,post,1650165233,positive
ty2hee,OTMemes,post,1649297674,negative
tz5mcj,Planetside,post,1649430421,negative
u05vaw,Planetside,post,1649549663,negative
tvag9n,Portal,post,1648995963,neutral
ubbfg0,Repsneakers,post,1650856370,negative
tu582a,RocketLeague,post,1648857238,neutral
u6uaqe,ShadowBan,post,1650335191,negative
u1tl96,ShitLiberalsSay,post,1649749699,negative
u639ev,Showerthoughts,post,1650251238,negative
u1osd0,Sims4,post,1649731623,neutral
ue4um5,Sims4,post,1651178903,neutral
ueapd8,Sims4,post,1651196239,negative
tx5y7w,StarWarsBattlefront,post,1649194885,neutral
u491wy,StardewValley,post,1650032241,neutral
ueog4s,StardewValley,post,1651246163,negative
txo68q,TooAfraidToAsk,post,1649257294,neutral
udk71o,WatchRedditDie,post,1651111982,negative
udvdmu,WatchesCirclejerk,post,1651153597,positive
u9gy2x,alexa,post,1650640350,neutral
tx0yii,angry,post,1649181738,neutral
tycx14,ass,post,1649337539,neutral
u5aai8,atheism,post,1650152507,neutral
ucph00,buccaneers,post,1651014870,neutral
tzfxes,cigars,post,1649459511,negative
u3w1dt,cigars,post,1649984124,neutral
u6tv9e,cigars,post,1650333898,negative
u9xffz,comics,post,1650688593,negative
u23go1,conspiracy,post,1649781824,negative
tzhsyj,cordcutters,post,1649465729,neutral
u2icgf,crossdressing,post,1649825052,neutral
u25n4k,csgo,post,1649787471,negative
uangcc,dancegavindance,post,1650777332,neutral
u2robn,dancegavindance,post,1649860347,neutral
uedjym,dankmemes,post,1651205355,negative
uctkfi,deadpool,post,1651027894,neutral
u0osih,discordapp,post,1649618350,negative
u7o175,facepalm,post,1650428163,negative
u52jd3,fightporn,post,1650129689,negative
u3km2o,forsen,post,1649951551,negative
u0wx6x,geometrydash,post,1649642945,negative
tvpavk,guineapigs,post,1649034642,neutral
tvfeas,guitars,post,1649008886,negative
tw84l5,guitars,post,1649094253,negative
u1isdb,halo,post,1649714188,neutral
udyotu,help,post,1651162496,neutral
uesuhy,hiphopheads,post,1651258530,negative
u6z8bq,iamverybadass,post,1650352664,neutral
u26fuo,indianews,post,1649789544,negative
uedann,lakers,post,1651204484,negative
u6q7g9,lawschooladmissions,post,1650323176,neutral
ue2sb4,lgbt,post,1651173326,neutral
u4j1ps,littlespace,post,1650060335,negative
tw8xys,magicthecirclejerking,post,1649096240,positive
u6edu5,media_criticism,post,1650291889,negative
u5yx2m,memes,post,1650237487,negative
tupjpk,mfdoom,post,1648923788,neutral
tv34ar,mildlyinfuriating,post,1648968541,negative
u22aye,mildlyinfuriating,post,1649778802,negative
tyo0jg,modhelp,post,1649368838,neutral
u4ncz5,modhelp,post,1650074296,neutral
txakwb,nba,post,1649208583,neutral
txmrje,offmychest,post,1649253392,negative
txr33p,offmychest,post,1649265152,negative
u4kuar,offmychest,post,1650065854,negative
u6i3g8,offmychest,post,1650301691,negative
ue6sng,offmychest,post,1651184183,neutral
tvt8zb,place,post,1649046648,negative
tvta2s,place,post,1649046742,neutral
tweoml,place,post,1649110385,neutral
tvtfsu,place,post,1649047247,neutral
tv6o53,place,post,1648983266,negative
tv2pd0,place,post,1648966851,negative
tupdxv,place,post,1648923372,neutral
twdhvg,place,post,1649107410,neutral
tvv9xu,place,post,1649053846,neutral
tvhszg,place,post,1649014754,negative
tvu6op,place,post,1649049765,negative
tvzr4l,place,post,1649071864,neutral
tuqd3i,place,post,1648925944,neutral
twpxzc,place,post,1649146292,negative
ud9llx,pokemon,post,1651082189,negative
ue6pn7,pokemon,post,1651183948,neutral
ub0a9q,pyrocynical,post,1650822951,neutral
uez50g,ravens,post,1651277330,negative
u8khia,reddevils,post,1650537083,neutral
u6hhkg,redditrequest,post,1650300042,neutral
tz7gc0,redditrequest,post,1649435412,neutral
twz7su,redditrequest,post,1649177073,neutral
u9vls9,redditrequest,post,1650682345,neutral
u2izel,redditrequest,post,1649827415,negative
tz5kch,redditrequest,post,1649430269,neutral
u8sjmw,redditrequest,post,1650561199,neutral
u46uwq,redditrequest,post,1650025383,neutral
tu0fhw,redditrequest,post,1648844341,neutral
tz4etp,redditrequest,post,1649427017,neutral
u1841b,redditrequest,post,1649684690,neutral
u3uvv7,redditrequest,post,1649980504,negative
u53x9y,redditrequest,post,1650133592,neutral
twhxgw,redditrequest,post,1649118455,neutral
ubp34i,redditrequest,post,1650903965,neutral
u871kq,rockets,post,1650490206,neutral
u0lf6w,sadcringe,post,1649608885,neutral
u1se6m,scuba,post,1649744694,positive
u503kl,seethru,post,1650122699,neutral
ub7lwo,tasker,post,1650844054,negative
ue5j22,tattoo,post,1651180678,neutral
u7z5qm,teenagers,post,1650468682,neutral
uba04h,teenagers,post,1650851625,negative
tvgfy9,thefighterandthekid,post,1649011528,neutral
u42wg6,thefighterandthekid,post,1650008990,positive
uecxoo,thefighterandthekid,post,1651203265,negative
ttpknl,thesopranos,post,1648816404,neutral
u0r4vv,ukraine,post,1649625029,negative
u1ed6x,uruguay,post,1649701702,negative
u1yzue,wallstreetbets,post,1649769731,negative
udlx4q,wallstreetbets,post,1651117342,negative
ty9hcn,yorickmains,post,1649324886,negative
u15235,2007scape,post,1649674781,positive
tv6v66,6thForm,post,1648984012,positive
tvsin1,AMA,post,1649044337,neutral
tv0qwd,AsianParentStories,post,1648959601,neutral
ue9gzw,AskOuija,post,1651192383,neutral
tu6o59,AskOuija,post,1648861672,neutral
u9fgv5,AskReddit,post,1650636278,neutral
tvdz48,AskReddit,post,1649005261,neutral
txxpue,AskReddit,post,1649283114,neutral
u7fn5g,AskReddit,post,1650402708,negative
u7dsfx,AutoModerator,post,1650397756,neutral
u3fndd,BingeEatingDisorder,post,1649936844,negative
u9yc3h,Boruto,post,1650692114,neutral
uc29oj,Bossfight,post,1650940451,neutral
tzroe4,Brawlhalla,post,1649505327,neutral
u5qpo9,BudgetAudiophile,post,1650213271,neutral
u7gup0,COents,post,1650405959,negative
u7gyol,COents,post,1650406266,negative
u59iht,CPTSD,post,1650150042,neutral
u5a905,Cardinals,post,1650152369,neutral
u1t6aj,Chipotle,post,1649747860,negative
tts3hi,Colombia,post,1648823484,neutral
u0mopu,Destiny,post,1649612464,negative
uaj7rp,FanFiction,post,1650761946,negative
twqyxu,Forex,post,1649150937,negative
u9wl5m,FortNiteBR,post,1650685679,neutral
u3xl4x,Glocks,post,1649989037,negative
twj55m,Harley,post,1649121895,negative
tuuiq8,JoeRogan,post,1648936984,neutral
tx8wfv,JoeRogan,post,1649203324,negative
u6w8gq,JoeRogan,post,1650341335,neutral
u7bhrr,JoeRogan,post,1650391713,neutral
ubxsuk,JustUnsubbed,post,1650926984,neutral
u99nm6,ModSupport,post,1650615759,neutral
u7y9dg,ModSupport,post,1650466211,negative
uf5s1y,ModSupport,post,1651302035,negative
u3kc0j,Music,post,1649950770,neutral
tvr2lb,Nepal,post,1649039808,negative
u2e024,NonBinary,post,1649811159,neutral
u663zd,NonBinary,post,1650261726,neutral
tujv8c,Philippines,post,1648909016,neutral
u34ynn,PoliticalHumor,post,1649897058,negative
ttpdgs,PrequelMemes,post,1648815748,negative
ubu27m,ProtectAndServe,post,1650917011,neutral
ttutjr,Reformed,post,1648830253,neutral
uejyfs,Screenwriting,post,1651232341,negative
uey8jv,StardewValley,post,1651274346,neutral
u9dyc2,Telegram,post,1650631972,neutral
tytssd,TooAfraidToAsk,post,1649386807,negative
u610l6,TopMindsOfReddit,post,1650244045,negative
u7eu7v,TopMindsOfReddit,post,1650400529,neutral
u8dtq2,TopMindsOfReddit,post,1650510516,neutral
ua1hif,Torontobluejays,post,1650705443,neutral
uf9f1b,TrueOffMyChest,post,1651319115,negative
ty7uno,TrueOffMyChest,post,1649317441,negative
u8ka10,WatchRedditDie,post,1650536250,negative
udmezt,WayOfTheBern,post,1651119003,negative
u0qfqi,WeAreTheMusicMakers,post,1649623031,negative
u8ej4x,WorldofTanks,post,1650512886,negative
u8tp11,ahegao,post,1650564390,neutral
txad4v,apolloapp,post,1649207898,negative
tyo2rr,apolloapp,post,1649369011,neutral
u0cw39,armenia,post,1649577046,negative
uaxx8m,astrology,post,1650816172,neutral
twdgfz,berkeley,post,1649107312,negative
twdl08,berkeley,post,1649107627,neutral
ud3n2i,blackdesertonline,post,1651066252,negative
twa28x,boston,post,1649098979,negative
uexb81,boston,post,1651271468,negative
tykq0b,buccaneers,post,1649359710,neutral
ue98nx,buffalobills,post,1651191630,neutral
twt5b8,bugs,post,1649159486,neutral
ty50de,canucks,post,1649305988,neutral
ud97ef,cats,post,1651081132,neutral
txq7gs,crossdressing,post,1649262793,positive
ubfhxo,darkestdungeon,post,1650872054,neutral
ubwoin,darksouls,post,1650923926,negative
u5i59v,destiny2,post,1650181486,neutral
ueb8nw,discordapp,post,1651197874,neutral
u23lma,discordapp,post,1649782188,neutral
u84zm2,economy,post,1650484566,negative
tz72i2,engrish,post,1649434366,neutral
tykgiz,flytying,post,1649358961,neutral
u7ctqx,foxholegame,post,1650395172,neutral
tv5jcm,gaming,post,1648978501,negative
u5yv69,gaming,post,1650237324,negative
ucj8na,gaming,post,1650997691,negative
ueaeyh,gaming,post,1651195335,neutral
ttpels,geometrydash,post,1648815854,neutral
u5br98,geometrydash,post,1650157257,neutral
ubms1l,granturismo,post,1650897892,neutral
tzzmwj,help,post,1649530255,neutral
u8wg0u,help,post,1650571953,negative
udd6iw,help,post,1651091702,neutral
tvvbun,hungary,post,1649054055,neutral
txwkkh,ironscape,post,1649279968,negative
ufjlpy,islam,post,1651351330,positive
u4vibk,japanlife,post,1650107210,negative
tv3es4,lgbt,post,1648969690,neutral
u1j1ub,lgbt,post,1649714859,negative
tthgh3,migraine,post,1648784630,negative
ud1lw7,mildlyinfuriating,post,1651059890,negative
ttprl2,mildlyinfuriating,post,1648817022,neutral
tuzw0u,mildlyinfuriating,post,1648956706,negative
tv4ofp,mildlyinfuriating,post,1648974903,negative
tvw2z6,mildlyinfuriating,post,1649057163,negative
twprsg,mildlyinfuriating,post,1649145558,negative
tx5xj8,mildlyinfuriating,post,1649194830,negative
tx5yxw,mildlyinfuriating,post,1649194942,negative
txngav,mildlyinfuriating,post,1649255336,negative
txvb0a,mildlyinfuriating,post,1649276569,negative
ty1lzv,mildlyinfuriating,post,1649294989,negative
tz2s1g,mildlyinfuriating,post,1649422095,negative
u2ea05,mildlyinfuriating,post,1649812002,neutral
u323th,mildlyinfuriating,post,1649888554,negative
u3i8nm,mildlyinfuriating,post,1649944894,negative
u3uw20,mildlyinfuriating,post,1649980519,negative
u3vubt,mildlyinfuriating,post,1649983492,negative
u3wf52,mildlyinfuriating,post,1649985309,negative
u3wqob,mildlyinfuriating,post,1649986308,negative
u87x2p,mildlyinfuriating,post,1650492609,negative
u9g2av,mildlyinfuriating,post,1650637950,negative
u9ia6m,mildlyinfuriating,post,1650643921,negative
u9xwbg,mildlyinfuriating,post,1650690362,negative
uaeer3,mildlyinfuriating,post,1650746692,negative
uatxbh,mildlyinfuriating,post,1650803966,negative
ublrg4,mildlyinfuriating,post,1650895044,neutral
ucm274,mildlyinfuriating,post,1651005294,negative
ud1zkz,mildlyinfuriating,post,1651061149,negative
ud2h67,mildlyinfuriating,post,1651062742,negative
udhuyy,mildlyinfuriating,post,1651104762,negative
udsval,mildlyinfuriating,post,1651145523,negative
ueem11,mildlyinfuriating,post,1651209207,negative
ubf2b6,modhelp,post,1650870163,neutral
u0xkqb,montreal,post,1649645080,negative
u0xw06,montreal,post,1649646100,negative
udtuc6,moviescirclejerk,post,1651148900,neutral
u7kji8,needamod,post,1650416910,neutral
uez4h3,nfl,post,1651277280,negative
tysq3p,onewordeach,post,1649383294,negative
ubrvrt,orlando,post,1650911352,neutral
tzc6nl,phr4r,post,1649448613,neutral
u2lj4v,phr4r,post,1649838235,negative
u2lk5l,phr4r,post,1649838371,negative
tw97y6,place,post,1649096928,neutral
tvncjh,place,post,1649028934,negative
tvln60,place,post,1649024263,negative
twbjch,place,post,1649102598,negative
tvszyg,place,post,1649045840,negative
tvdwed,place,post,1649005084,negative
twrznn,place,post,1649155192,neutral
tvt2fy,place,post,1649046056,negative
tw2ukm,place,post,1649081143,neutral
tvo31i,place,post,1649031055,negative
txiadn,place,post,1649237751,negative
tvt7oe,place,post,1649046541,neutral
tvzsxs,place,post,1649072043,neutral
tvv22h,place,post,1649052988,negative
u2s41i,place,post,1649861589,neutral
ttspc7,place,post,1648825019,neutral
ttszjd,place,post,1648825699,negative
ttt18z,place,post,1648825818,negative
ttw3c5,place,post,1648833356,neutral
tty5fm,place,post,1648838461,neutral
tu0by7,place,post,1648844080,neutral
tu100p,place,post,1648845816,neutral
tu2j3s,place,post,1648849763,negative
tu7zwb,place,post,1648865810,negative
tugzee,place,post,1648899820,neutral
tuji0c,place,post,1648907988,neutral
tuklbv,place,post,1648911031,neutral
tun5nu,place,post,1648917749,neutral
tuq78c,place,post,1648925518,positive
tuul3h,place,post,1648937163,negative
tuuo5t,place,post,1648937395,negative
tuuv7t,place,post,1648937932,negative
tuvgi5,place,post,1648939599,neutral
tuwp0j,place,post,1648943155,neutral
tuyh88,place,post,1648952123,negative
tuz07u,place,post,1648953792,negative
tv0io9,place,post,1648958779,neutral
tv2icy,place,post,1648966086,negative
tv2old,place,post,1648966769,negative
tv2or9,place,post,1648966790,negative
tv2py4,place,post,1648966915,negative
tv2wri,place,post,1648967692,negative
tv2yt7,place,post,1648967921,negative
tv2ywx,place,post,1648967933,negative
tv32io,place,post,1648968339,neutral
tv34zf,place,post,1648968612,neutral
tv37kg,place,post,1648968907,negative
tv37ri,place,post,1648968926,negative
tv3hf7,place,post,1648969983,negative
tv3ini,place,post,1648970117,negative
tv3md6,place,post,1648970540,negative
tv3mzs,place,post,1648970622,negative
tv3xnl,place,post,1648971870,negative
tv3xtk,place,post,1648971891,negative
tv418v,place,post,1648972302,neutral
tv44dp,place,post,1648972672,neutral
tv4894,place,post,1648973081,negative
tv48rg,place,post,1648973140,negative
tv4ejm,place,post,1648973791,neutral
tv4lje,place,post,1648974581,negative
tv4mz4,place,post,1648974738,negative
tv4p3i,place,post,1648974976,negative
tv4zca,place,post,1648976174,negative
tv514v,place,post,1648976379,negative
tv54o4,place,post,1648976761,negative
tv55tm,place,post,1648976897,negative
tv56g0,place,post,1648976977,negative
tv56n8,place,post,1648977003,negative
tv57sx,place,post,1648977138,negative
tv57y0,place,post,1648977156,neutral
tv59ql,place,post,1648977363,negative
tv5bnq,place,post,1648977607,negative
tv5obj,place,post,1648979106,negative
tv5ofi,place,post,1648979118,negative
tv5r6a,place,post,1648979451,negative
tv5sao,place,post,1648979591,negative
tv656i,place,post,1648981073,negative
tv6a5x,place,post,1648981627,negative
tv6ahy,place,post,1648981663,neutral
tv6fny,place,post,1648982265,positive
tv6myt,place,post,1648983136,negative
tv6om0,place,post,1648983317,negative
tv71gb,place,post,1648984730,negative
tv73wl,place,post,1648984990,negative
tv7dwj,place,post,1648986100,negative
tv7l0f,place,post,1648986863,negative
tv82ce,place,post,1648988570,negative
tv83c6,place,post,1648988673,negative
tv8442,place,post,1648988747,negative
tv8cb7,place,post,1648989546,negative
tv8jhj,place,post,1648990238,negative
tv8xco,place,post,1648991437,negative
tv91uk,place,post,1648991825,negative
tv94v4,place,post,1648992079,negative
tv960w,place,post,1648992179,negative
tv99z2,place,post,1648992517,negative
tv9ayu,place,post,1648992602,neutral
tv9cey,place,post,1648992715,negative
tv9cja,place,post,1648992725,negative
tv9ddn,place,post,1648992796,negative
tv9jhc,place,post,1648993312,negative
tv9jxg,place,post,1648993347,negative
tv9l3o,place,post,1648993448,neutral
tv9n8z,place,post,1648993623,negative
tv9old,place,post,1648993730,negative
tv9oq6,place,post,1648993741,negative
tv9r67,place,post,1648993938,negative
tv9zu3,place,post,1648994606,negative
tva1nt,place,post,1648994761,negative
tva8gw,place,post,1648995317,neutral
tva8wd,place,post,1648995353,negative
tva9qd,place,post,1648995424,negative
tvaa5l,place,post,1648995460,neutral
tvaawa,place,post,1648995518,negative
tvakhb,place,post,1648996287,negative
tvan59,place,post,1648996501,negative
tvb1gx,place,post,1648997616,negative
tvb38c,place,post,1648997749,neutral
tvb5ab,place,post,1648997905,negative
tvbc72,place,post,1648998394,negative
tvbgpb,place,post,1648998741,negative
tvbgzl,place,post,1648998763,negative
tvbls5,place,post,1648999125,negative
tvbrt9,place,post,1648999561,neutral
tvbs8z,place,post,1648999594,neutral
tvbva0,place,post,1648999814,negative
tvc0ry,place,post,1649000230,negative
tvc9zc,place,post,1649000923,negative
tvcizt,place,post,1649001554,neutral
tvcjg1,place,post,1649001585,negative
tvctcx,place,post,1649002274,negative
tvcv0o,place,post,1649002397,negative
tvd50g,place,post,1649003121,negative
tvd8lr,place,post,1649003386,negative
tvd9aa,place,post,1649003432,negative
tvdo4d,place,post,1649004499,negative
tve0sj,place,post,1649005380,negative
tve1ky,place,post,1649005436,neutral
tvej3g,place,post,1649006701,negative
tvelk3,place,post,1649006876,negative
tvf6wj,place,post,1649008376,negative
tvfjtc,place,post,1649009253,negative
tvfxue,place,post,1649010227,negative
tvg1kq,place,post,1649010504,neutral
tvg458,place,post,1649010685,neutral
tvg89f,place,post,1649010983,neutral
tvgdu8,place,post,1649011376,negative
tvgnbs,place,post,1649012076,negative
tvh10c,place,post,1649013001,neutral
tvh69q,place,post,1649013320,negative
tvhqkf,place,post,1649014597,negative
tvhtc8,place,post,1649014778,neutral
tvi6my,place,post,1649015663,negative
tvikir,place,post,1649016535,neutral
tviyhw,place,post,1649017484,negative
tvizd2,place,post,1649017545,negative
tvjjao,place,post,1649018933,negative
tvjn9g,place,post,1649019207,negative
tvkqe6,place,post,1649021914,negative
tvluy8,place,post,1649024822,negative
tvmp5l,place,post,1649027067,negative
tvmuq4,place,post,1649027508,negative
tvn64g,place,post,1649028436,negative
tvobt5,place,post,1649031791,negative
tvplnq,place,post,1649035529,positive
tvpste,place,post,1649036107,neutral
tvpyd4,place,post,1649036552,negative
tvq2fn,place,post,1649036889,negative
tvqhcm,place,post,1649038084,negative
tvqiuy,place,post,1649038210,neutral
tvqovk,place,post,1649038705,neutral
tvqucy,place,post,1649039130,negative
tvqyhu,place,post,1649039466,negative
tvqzti,place,post,1649039576,neutral
tvr71f,place,post,1649040181,negative
tvrccs,place,post,1649040617,neutral
tvs2yj,place,post,1649042939,neutral
tvs635,place,post,1649043213,negative
tvs6bn,place,post,1649043234,neutral
tvs7x3,place,post,1649043380,negative
tvs85d,place,post,1649043402,negative
tvsxmh,place,post,1649045612,negative
tvsxvt,place,post,1649045638,negative
tvsxvz,place,post,1649045638,negative
tvsy6a,place,post,1649045663,neutral
tvszrg,place,post,1649045822,neutral
tvszxl,place,post,1649045838,negative
tvt032,place,post,1649045852,neutral
tvt07u,place,post,1649045864,negative
tvt0ax,place,post,1649045872,positive
tvt0p1,place,post,1649045908,negative
tvt0tp,place,post,1649045918,negative
tvt0wk,place,post,1649045928,negative
tvt0zn,place,post,1649045935,negative
tvt111,place,post,1649045938,negative
tvt14p,place,post,1649045948,negative
tvt18h,place,post,1649045956,negative
tvt1c5,place,post,1649045966,neutral
tvt1ip,place,post,1649045980,negative
tvt1nz,place,post,1649045993,negative
tvt1r9,place,post,1649046002,positive
tvt1ti,place,post,1649046006,neutral
tvt1tl,place,post,1649046006,negative
tvt25i,place,post,1649046027,negative
tvt2g5,place,post,1649046056,negative
tvt2th,place,post,1649046089,neutral
tvt2w1,place,post,1649046098,negative
tvt317,place,post,1649046111,negative
tvt3g8,place,post,1649046148,negative
tvt3ki,place,post,1649046160,neutral
tvt3ng,place,post,1649046167,negative
tvt40s,place,post,1649046202,negative
tvt45m,place,post,1649046213,negative
tvt4q1,place,post,1649046268,negative
tvt53b,place,post,1649046304,negative
tvt5g9,place,post,1649046333,negative
tvt5gv,place,post,1649046334,negative
tvt6b3,place,post,1649046415,negative
tvt7zm,place,post,1649046569,negative
tvt83n,place,post,1649046579,negative
tvt92d,place,post,1649046656,negative
tvt959,place,post,1649046663,negative
tvt9ak,place,post,1649046675,neutral
tvta4w,place,post,1649046746,negative
tvtasv,place,post,1649046804,negative
tvtc45,place,post,1649046920,negative
tvtc60,place,post,1649046926,negative
tvtd6h,place,post,1649047014,negative
tvte8n,place,post,1649047109,neutral
tvtf8n,place,post,1649047201,neutral
tvtkey,place,post,1649047686,negative
tvtkjz,place,post,1649047697,negative
tvtl4l,place,post,1649047750,negative
tvtq8z,place,post,1649048224,negative
tvtrf3,place,post,1649048332,negative
tvttq8,place,post,1649048521,negative
tvtuht,place,post,1649048597,positive
tvtwy0,place,post,1649048829,negative
tvtxh0,place,post,1649048879,negative
tvtyb4,place,post,1649048959,neutral
tvtz4f,place,post,1649049037,negative
tvtzg3,place,post,1649049070,negative
tvtzqy,place,post,1649049101,negative
tvu0f6,place,post,1649049167,negative
tvu0nu,place,post,1649049190,negative
tvu27l,place,post,1649049341,negative
tvu29n,place,post,1649049346,negative
tvu2nl,place,post,1649049382,negative
tvu2zg,place,post,1649049416,negative
tvu3vl,place,post,1649049496,negative
tvu4ck,place,post,1649049547,negative
tvu8pd,place,post,1649049962,negative
tvu9sc,place,post,1649050065,neutral
tvudrq,place,post,1649050445,negative
tvudzy,place,post,1649050464,negative
tvue37,place,post,1649050473,negative
tvueiu,place,post,1649050512,negative
tvuet4,place,post,1649050541,negative
tvuh2k,place,post,1649050767,negative
tvuncw,place,post,1649051428,neutral
tvupxg,place,post,1649051697,neutral
tvuq0r,place,post,1649051708,negative
tvuq70,place,post,1649051722,positive
tvuq78,place,post,1649051723,negative
tvuqy3,place,post,1649051803,negative
tvuqzu,place,post,1649051808,negative
tvurkx,place,post,1649051873,neutral
tvurr5,place,post,1649051892,negative
tvushz,place,post,1649051976,negative
tvuwak,place,post,1649052358,neutral
tvux1x,place,post,1649052440,negative
tvv4ac,place,post,1649053226,positive
tvvfi5,place,post,1649054467,neutral
tvvhem,place,post,1649054692,negative
tvvopr,place,post,1649055526,negative
tvvr0r,place,post,1649055749,negative
tvvrqq,place,post,1649055841,negative
tvvyfv,place,post,1649056623,negative
tvvyg7,place,post,1649056624,neutral
tvw13t,place,post,1649056937,negative
tvwas9,place,post,1649058097,negative
tvwhqk,place,post,1649058954,negative
tvwoi3,place,post,1649059740,negative
tvwx4u,place,post,1649060788,neutral
tvx01e,place,post,1649061127,neutral
tvx0np,place,post,1649061204,neutral
tvx6ll,place,post,1649061944,negative
tvxnur,place,post,1649063973,neutral
tvxp0i,place,post,1649064099,neutral
tvxxxg,place,post,1649065130,negative
tvxy3s,place,post,1649065148,neutral
tvxzgi,place,post,1649065285,neutral
tvy22p,place,post,1649065574,negative
tvy6pu,place,post,1649066097,negative
tvy75g,place,post,1649066146,negative
tvyaxo,place,post,1649066508,neutral
tvydhc,place,post,1649066770,negative
tvyeqg,place,post,1649066911,negative
tvyfk2,place,post,1649067000,negative
tvyguc,place,post,1649067140,negative
tvyhlk,place,post,1649067229,negative
tvyj32,place,post,1649067393,negative
tvyjsk,place,post,1649067473,negative
tvylu4,place,post,1649067686,negative
tvyron,place,post,1649068320,negative
tvytgk,place,post,1649068506,neutral
tvyxo2,place,post,1649068967,negative
tvyynn,place,post,1649069073,negative
tvz2o3,place,post,1649069496,negative
tvzyax,place,post,1649072566,negative
tw0ghr,place,post,1649074182,neutral
tw0kjp,place,post,1649074561,neutral
tw14hn,place,post,1649076310,negative
tw18qi,place,post,1649076671,neutral
tw19fu,place,post,1649076729,neutral
tw1enk,place,post,1649077163,negative
tw1jdc,place,post,1649077511,neutral
tw1x23,place,post,1649078602,neutral
tw1y19,place,post,1649078683,negative
tw21n9,place,post,1649078974,neutral
tw265y,place,post,1649079304,negative
tw2dzh,place,post,1649079916,neutral
tw2fgk,place,post,1649080027,neutral
tw2fmv,place,post,1649080041,negative
tw2hw5,place,post,1649080216,neutral
tw2lob,place,post,1649080506,negative
tw2lpg,place,post,1649080508,negative
tw2w8k,place,post,1649081262,neutral
tw2x7g,place,post,1649081336,negative
tw2zcg,place,post,1649081497,neutral
tw334y,place,post,1649081772,positive
tw35w2,place,post,1649081971,negative
tw3k80,place,post,1649082961,positive
tw3tn8,place,post,1649083641,negative
tw4270,place,post,1649084258,negative
tw457d,place,post,1649084453,neutral
tw45l6,place,post,1649084477,neutral
tw49pr,place,post,1649084764,negative
tw4ano,place,post,1649084837,neutral
tw4ez6,place,post,1649085148,positive
tw4js2,place,post,1649085498,negative
tw539i,place,post,1649086847,negative
tw55yu,place,post,1649087032,negative
tw5fmo,place,post,1649087685,neutral
tw5mis,place,post,1649088135,negative
tw5te7,place,post,1649088613,neutral
tw61zx,place,post,1649089207,negative
tw63ku,place,post,1649089312,neutral
tw686k,place,post,1649089632,negative
tw6877,place,post,1649089633,neutral
tw6ce6,place,post,1649089919,negative
tw6f6z,place,post,1649090111,negative
tw6u4o,place,post,1649091125,negative
tw6vep,place,post,1649091208,negative
tw792s,place,post,1649092115,negative
tw7fpq,place,post,1649092573,negative
tw7u1n,place,post,1649093551,negative
tw7usy,place,post,1649093598,neutral
tw7yen,place,post,1649093838,neutral
tw81ld,place,post,1649094052,negative
tw82bt,place,post,1649094101,negative
tw83xp,place,post,1649094211,neutral
tw86jm,place,post,1649094387,negative
tw8sgr,place,post,1649095853,positive
tw8ttl,place,post,1649095947,negative
tw8u64,place,post,1649095974,negative
tw8ut9,place,post,1649096020,neutral
tw8wqe,place,post,1649096153,negative
tw940h,place,post,1649096645,neutral
tw9med,place,post,1649097917,negative
tw9pe1,place,post,1649098121,negative
tw9w77,place,post,1649098580,neutral
tw9x4h,place,post,1649098643,neutral
twabyx,place,post,1649099660,negative
twady2,place,post,1649099795,positive
twaeoa,place,post,1649099846,negative
twaer7,place,post,1649099851,negative
twagur,place,post,1649099994,positive
twaifl,place,post,1649100101,neutral
twak20,place,post,1649100214,neutral
twambw,place,post,1649100371,neutral
twamcm,place,post,1649100373,negative
twamlo,place,post,1649100391,neutral
twamub,place,post,1649100408,negative
twaqd7,place,post,1649100651,negative
twari9,place,post,1649100729,negative
twat1s,place,post,1649100834,negative
twb954,place,post,1649101939,neutral
twbkm9,place,post,1649102688,negative
twbpjr,place,post,1649103027,negative
twbwew,place,post,1649103501,negative
twc7he,place,post,1649104253,negative
twca3m,place,post,1649104434,negative
twcaya,place,post,1649104494,neutral
twci4m,place,post,1649104976,neutral
twcj0d,place,post,1649105041,neutral
twcz28,place,post,1649106116,negative
twd1so,place,post,1649106306,negative
twd6sw,place,post,1649106651,negative
twdkx0,place,post,1649107620,negative
twe7sg,place,post,1649109215,negative
tweln8,place,post,1649110173,neutral
twemaq,place,post,1649110214,neutral
tweqg7,place,post,1649110515,neutral
twev3i,place,post,1649110843,neutral
twf22r,place,post,1649111351,negative
twf2og,place,post,1649111397,negative
twf2zz,place,post,1649111416,neutral
twf4wf,place,post,1649111552,negative
twf9l9,place,post,1649111890,negative
twfb9a,place,post,1649112013,negative
twff81,place,post,1649112309,negative
twfh4c,place,post,1649112445,negative
twfki4,place,post,1649112681,negative
twfpyp,place,post,1649113002,neutral
twfwvu,place,post,1649113412,negative
twfxmy,place,post,1649113457,negative
twfy0o,place,post,1649113480,neutral
twg1i6,place,post,1649113701,neutral
twg1to,place,post,1649113722,negative
twg5ry,place,post,1649113969,neutral
twgfgy,place,post,1649114608,neutral
twgv0j,place,post,1649115691,neutral
twhb8m,place,post,1649116876,neutral
twhg9a,place,post,1649117204,neutral
twhgoy,place,post,1649117230,negative
twhixv,place,post,1649117388,neutral
twhq96,place,post,1649117913,negative
twhtnm,place,post,1649118157,negative
twi0uz,place,post,1649118710,neutral
twi35k,place,post,1649118885,neutral
twi5tc,place,post,1649119087,neutral
twiyx9,place,post,1649121393,negative
twjp14,place,post,1649123545,negative
twjrf6,place,post,1649123756,negative
twpyng,place,post,1649146378,negative
twq06c,place,post,1649146571,negative
twq6tu,place,post,1649147421,negative
twsjlj,place,post,1649157323,neutral
twt3gv,place,post,1649159302,negative
twt61k,place,post,1649159558,positive
twt9wy,place,post,1649159937,negative
twwzr9,place,post,1649170952,neutral
twxyez,place,post,1649173606,neutral
twxzwd,place,post,1649173718,neutral
tx2utp,place,post,1649186771,negative
tx4m21,place,post,1649191396,negative
txdmz8,place,post,1649218462,negative
txho7e,place,post,1649235055,neutral
txhoqx,place,post,1649235128,negative
txijub,place,post,1649238901,neutral
txip67,place,post,1649239475,neutral
txk9u7,place,post,1649245585,negative
txncr2,place,post,1649255052,negative
txnwbo,place,post,1649256594,negative
txofln,place,post,1649257996,negative
txpox0,place,post,1649261353,negative
txpvtg,place,post,1649261868,neutral
txpxuk,place,post,1649262016,negative
txq60a,place,post,1649262689,neutral
txqvay,place,post,1649264568,neutral
txrh1g,place,post,1649266199,negative
txthuj,place,post,1649271658,negative
txuz5u,place,post,1649275689,negative
txys1k,place,post,1649286182,negative
ty1kih,place,post,1649294855,negative
ty1pg7,place,post,1649295281,negative
ty1t2o,place,post,1649295586,negative
ty4gge,place,post,1649304073,neutral
ty65bu,place,post,1649310289,negative
ty98xl,place,post,1649323850,neutral
tycwno,place,post,1649337502,neutral
tyd82k,place,post,1649338471,neutral
tydf92,place,post,1649339084,negative
tyi3vw,place,post,1649352524,negative
tynr8k,place,post,1649368120,neutral
tynvuy,place,post,1649368482,negative
tz32ic,place,post,1649422980,neutral
tz3719,place,post,1649423364,neutral
tze8x3,place,post,1649454579,neutral
tzetnr,place,post,1649456239,neutral
tzj7nn,place,post,1649470444,negative
tzlyq7,place,post,1649480329,negative
tzs2q8,place,post,1649506858,neutral
u0re3c,place,post,1649625785,neutral
u16yhi,place,post,1649681245,negative
u1jp3p,place,post,1649716580,neutral
u2elp5,place,post,1649813002,neutral
u2mj4r,place,post,1649842748,negative
u2qztm,place,post,1649858443,negative
u2ryzp,place,post,1649861191,neutral
u2vgs8,place,post,1649870550,neutral
u3drbp,place,post,1649930064,negative
u3nrfm,place,post,1649960232,neutral
u4loob,place,post,1650068600,negative
u7esej,place,post,1650400397,negative
u7q6bz,place,post,1650436497,negative
u8am4x,place,post,1650500555,neutral
tvs2qv,place,post,1649042920,neutral
tv7rt3,place,post,1648987514,negative
tw5guj,place,post,1649087764,negative
tvt2zb,place,post,1649046106,negative
tvhcax,place,post,1649013696,negative
twsnji,place,post,1649157749,negative
tv2lrs,place,post,1648966451,negative
tv2skw,place,post,1648967225,negative
tz7fao,playrust,post,1649435336,negative
ubpw06,politics,post,1650906054,negative
ucvlcr,redditrequest,post,1651035044,neutral
ty1xj1,redditrequest,post,1649295962,neutral
tygi73,redditrequest,post,1649347980,neutral
ty77me,redditrequest,post,1649314639,neutral
u5yqq8,redditrequest,post,1650236952,neutral
u5ys8w,redditrequest,post,1650237077,neutral
udv7fy,redditrequest,post,1651153096,negative
u2q7z6,redditrequest,post,1649856156,negative
u3mvwk,redditrequest,post,1649957778,neutral
u5crct,redditrequest,post,1650160631,neutral
ueq6rd,redditrequest,post,1651251010,neutral
u3q7jo,redditrequest,post,1649967057,neutral
tzx31v,redditrequest,post,1649522655,neutral
u4d5pg,redditrequest,post,1650043667,neutral
uag2km,redditrequest,post,1650751703,neutral
tyoa64,redditrequest,post,1649369616,neutral
u5d86f,redditrequest,post,1650162226,neutral
u110o5,redditrequest,post,1649657713,neutral
u5amb5,redditrequest,post,1650153572,neutral
u07xl5,roblox,post,1649556978,neutral
u0y815,shrimptank,post,1649647221,neutral
u65s2z,simracing,post,1650260376,positive
u6jbyj,singapore,post,1650304941,neutral
tx7hy6,slavelabour,post,1649199212,negative
u637xr,srilanka,post,1650251105,neutral
tw3em8,stalker,post,1649082559,negative
u9lmk6,surfing,post,1650653033,neutral
u7947d,teenagers,post,1650385520,neutral
u8rx4t,teenagers,post,1650559530,neutral
u6s9st,teenagers,post,1650329097,neutral
u6sac0,teenagers,post,1650329140,neutral
ttgi2k,teenagers,post,1648781415,neutral
ttn5kx,teenagers,post,1648807587,neutral
tu0y1m,teenagers,post,1648845676,negative
tudctv,teenagers,post,1648885077,negative
tupd72,teenagers,post,1648923318,neutral
tupfn2,teenagers,post,1648923494,neutral
tuqpur,teenagers,post,1648926863,neutral
tuqsqa,teenagers,post,1648927078,neutral
turl96,teenagers,post,1648929172,neutral
tush1p,teenagers,post,1648931516,neutral
tuwhy1,teenagers,post,1648942571,negative
tv9wym,teenagers,post,1648994406,negative
tvmpid,teenagers,post,1649027094,negative
tvrl8w,teenagers,post,1649041367,neutral
tw2wxh,teenagers,post,1649081316,negative
txtu5y,teenagers,post,1649272596,negative
tyegxl,teenagers,post,1649342251,negative
tza6nt,teenagers,post,1649442998,negative
tznryb,teenagers,post,1649487858,negative
tznt1b,teenagers,post,1649487995,neutral
u02r69,teenagers,post,1649539717,positive
u0e5a1,teenagers,post,1649582926,neutral
u0ruh4,teenagers,post,1649627105,negative
u0vh9g,teenagers,post,1649638255,negative
u10ju3,teenagers,post,1649655814,negative
u1kxod,teenagers,post,1649720117,negative
u1wzbt,teenagers,post,1649763428,neutral
u1x6dt,teenagers,post,1649764115,neutral
u2dq6x,teenagers,post,1649810315,neutral
u2ed6i,teenagers,post,1649812274,negative
u2i2cj,teenagers,post,1649824061,neutral
u47od8,teenagers,post,1650028039,negative
u4o90c,teenagers,post,1650077350,negative
u4wfn4,teenagers,post,1650110881,neutral
u5bxga,teenagers,post,1650157829,negative
u5dprq,teenagers,post,1650163925,neutral
u5z7kf,teenagers,post,1650238403,neutral
u7c461,teenagers,post,1650393329,negative
u85up8,teenagers,post,1650486948,negative
u88yjf,teenagers,post,1650495613,negative
u8cwqt,teenagers,post,1650507638,neutral
u8f62s,teenagers,post,1650515068,negative
u8nrb5,teenagers,post,1650547959,neutral
u8pxqq,teenagers,post,1650554198,neutral
u8xrmh,teenagers,post,1650575627,negative
u92upb,teenagers,post,1650590837,neutral
u92yh9,teenagers,post,1650591163,negative
u94cro,teenagers,post,1650595609,neutral
u9rj5m,teenagers,post,1650669379,neutral
u9s0mi,teenagers,post,1650670883,neutral
u9tpwb,teenagers,post,1650676254,neutral
u9wjiy,teenagers,post,1650685521,neutral
uai23d,teenagers,post,1650758039,neutral
ualm4n,teenagers,post,1650770342,neutral
uassdw,teenagers,post,1650799824,neutral
uax6my,teenagers,post,1650814087,neutral
ub8371,teenagers,post,1650845551,neutral
ubdd7y,teenagers,post,1650863325,negative
ubi7jt,teenagers,post,1650883485,neutral
ubj1hs,teenagers,post,1650886512,negative
ubn5rp,teenagers,post,1650898947,negative
ubsayi,teenagers,post,1650912496,positive
uc1izr,teenagers,post,1650938152,negative
uc1ja0,teenagers,post,1650938176,neutral
uc1jmq,teenagers,post,1650938208,neutral
uc1ks1,teenagers,post,1650938313,negative
uc1oal,teenagers,post,1650938599,neutral
uc1oen,teenagers,post,1650938610,neutral
uc1qgk,teenagers,post,1650938789,neutral
uc1tfj,teenagers,post,1650939036,positive
uc21yr,teenagers,post,1650939774,negative
uc288q,teenagers,post,1650940321,positive
ucuqpj,teenagers,post,1651031910,neutral
ucwe0i,teenagers,post,1651038160,negative
ucxgzd,teenagers,post,1651042453,negative
ud3fqj,teenagers,post,1651065645,neutral
udbyg0,teenagers,post,1651088493,negative
ue57wk,teenagers,post,1651179849,neutral
ue6wyq,teenagers,post,1651184525,negative
ue7l4n,teenagers,post,1651186492,negative
uesr0o,teenagers,post,1651258254,neutral
uewhjh,teenagers,post,1651269000,neutral
uf1vc9,teenagers,post,1651286762,neutral
ufd7cb,teenagers,post,1651331934,negative
ufdpbr,teenagers,post,1651333441,neutral
ufhq3l,teenagers,post,1651345494,negative
ufhs1k,teenagers,post,1651345656,negative
u57vxa,teenagers,post,1650145168,negative
uc28w4,teenagers,post,1650940379,neutral
uaf2x0,tf2,post,1650748677,negative
txhnx5,thesopranos,post,1649235019,neutral
ubi911,tippytaps,post,1650883646,neutral
tzwgbc,traditionaltattoos,post,1649520796,neutral
ufltvo,unpopularopinion,post,1651358209,negative
uavosg,wallstreetbets,post,1650809748,neutral
ue4yx3,wallstreetbets,post,1651179228,negative
u62kxz,whatisthisthing,post,1650249023,neutral
txqx3l,whatsthisworth,post,1649264701,neutral
ublsyy,wow,post,1650895165,neutral
u72f0i,xboxone,post,1650365956,neutral
ty8q1n,2007scape,post,1649321472,negative
u8ddxu,2007scape,post,1650509165,neutral
u04hlt,Advice,post,1649545076,neutral
u8izzv,Antitheism,post,1650530842,neutral
ttu4uq,ApplyingToCollege,post,1648828590,negative
tve2vy,AskAnAmerican,post,1649005532,negative
tw4tdi,AskReddit,post,1649086173,neutral
u1g3f7,AskReddit,post,1649707331,negative
u8jl0o,AutoModerator,post,1650533378,neutral
u8xrlp,BATProject,post,1650575625,neutral
ua6zi6,BATProject,post,1650725142,positive
u7yxc3,BacktotheFuture,post,1650468038,neutral
ttzayt,BeamNG,post,1648841433,neutral
udiocn,BipolarReddit,post,1651107327,neutral
u3iowl,Blep,post,1649946205,neutral
ty07j0,CasualConversation,post,1649290578,negative
tx2dtf,CasualUK,post,1649185508,positive
udj70s,Christianity,post,1651108889,neutral
uadyz3,CrazyHand,post,1650745355,neutral
tw7xth,DotA2,post,1649093800,negative
tue0hc,Drugs,post,1648887828,negative
tz394c,Feminism,post,1649423550,negative
ubeylg,Fibromyalgia,post,1650869766,neutral
u31vap,Frugal_Jerk,post,1649887901,negative
uf9u37,Gifts,post,1651320725,neutral
u7relc,GlobalOffensive,post,1650441785,negative
u8c4l9,Gunners,post,1650505207,neutral
twtty2,HistoryMemes,post,1649161805,neutral
uesxrf,IBO,post,1651258794,neutral
u8pbew,IdiotsInCars,post,1650552509,negative
u1zy7z,IndiaSpeaks,post,1649772436,neutral
tvn80x,Israel,post,1649028591,neutral
u5r9pg,JustUnsubbed,post,1650214889,negative
u2vpyr,LawSchool,post,1649871239,neutral
u2x1co,LawSchool,post,1649874752,negative
u2xqjz,LawSchool,post,1649876668,negative
tuzxtm,LiveFromNewYork,post,1648956863,negative
tv257g,MLBTheShow,post,1648964702,neutral
u6izlp,MakingaMurderer,post,1650304068,negative
u0mz9v,ModSupport,post,1649613294,neutral
tyl0qq,ModSupport,post,1649360554,neutral
ue2mpv,NOLAPelicans,post,1651172907,neutral
tugmkv,Naruto,post,1648898513,neutral
tuvm54,Naruto,post,1648940048,negative
u225xt,Naruto,post,1649778422,neutral
tub9zb,NoStupidQuestions,post,1648876785,neutral
u9jai6,NoStupidQuestions,post,1650646625,neutral
u6tyhe,NoStupidQuestions,post,1650334169,neutral
uahuzj,OOTP,post,1650757372,neutral
uarxyb,Overwatch,post,1650796396,negative
u0wmtd,OverwatchHeroConcepts,post,1649642030,neutral
ty78hz,Physics,post,1649314745,neutral
uenafp,PiratedGames,post,1651242912,negative
u30q5x,PoliticalHumor,post,1649884871,negative
txknwe,PoliticalHumor,post,1649246875,neutral
tu5euw,PrequelMemes,post,1648857781,neutral
ttmsyh,PrequelMemes,post,1648806097,neutral
u1bpn0,ProgrammerHumor,post,1649694693,neutral
tyo4uv,Rants,post,1649369180,negative
ud8kb7,RedLetterMedia,post,1651079398,neutral
ua6fm8,SEO,post,1650723526,neutral
u59tdb,ShadowBan,post,1650150973,neutral
u06k3m,SigSauer,post,1649552109,neutral
u6dtvw,StarVStheForcesofEvil,post,1650290376,neutral
uadc0k,StardustCrusaders,post,1650743462,neutral
u2sbw3,SuicideWatch,post,1649862152,negative
u0uluw,Teachers,post,1649635362,negative
u41928,TooAfraidToAsk,post,1650002059,neutral
tz9yuu,TrueOffMyChest,post,1649442399,negative
tvmkpm,TwoXChromosomes,post,1649026738,neutral
ueajiz,WWE,post,1651195738,negative
u974ow,WayOfTheBern,post,1650605352,negative
u8i2m8,anime,post,1650526674,neutral
tu8s4n,ask,post,1648868291,neutral
tzr1up,ask,post,1649502669,negative
u0nuoy,ask,post,1649615714,neutral
u2ugq1,ask,post,1649867859,negative
u70q35,ask,post,1650359129,negative
u9btm4,ask,post,1650624780,neutral
u9kxa5,ask,post,1650651090,neutral
uenq67,ask,post,1651244152,neutral
tvomxa,australia,post,1649032701,negative
tw4sy9,bakchodi,post,1649086141,neutral
tya2mk,bakchodi,post,1649327404,negative
ub1zca,bakchodi,post,1650827683,neutral
u58tvs,baseball,post,1650147988,neutral
ueahxh,baseballcirclejerk,post,1651195594,negative
uezmlg,brisbane,post,1651279025,neutral
u2qkjl,collapse,post,1649857224,negative
u0lobx,comedyhomicide,post,1649609628,negative
txm6eu,copypasta,post,1649251669,negative
u0kyip,damngoodinterracial,post,1649607566,negative
ttyn23,deadbydaylight,post,1648839709,neutral
uey1jx,detroitlions,post,1651273722,neutral
tuwbw9,drumcorps,post,1648942079,neutral
tv05g3,duolingo,post,1648957546,neutral
udy197,engrish,post,1651160777,neutral
tz0ava,ethtrader,post,1649413035,neutral
u3hfdp,geometrydash,post,1649942494,neutral
twl2l0,geometrydash,post,1649127795,neutral
u2l3in,h3h3productions,post,1649836271,negative
u4dyzq,h3h3productions,post,1650045896,negative
u37t2p,h3h3productions,post,1649906135,neutral
u459ef,help,post,1650019428,negative
u54zo6,help,post,1650136610,neutral
udxxry,joi,post,1651160512,neutral
ttww5f,kotor,post,1648835338,neutral
u933t6,leafs,post,1650591624,negative
u93gae,leafs,post,1650592757,negative
u4l01h,learnmath,post,1650066368,neutral
u89wwz,marvelstudios,post,1650498462,neutral
u80n44,memes,post,1650472714,neutral
uakofk,memes,post,1650767004,neutral
u242z1,microgrowery,post,1649783401,neutral
uf0cvq,minecraftsuggestions,post,1651281538,neutral
u6qofa,modhelp,post,1650324451,neutral
tu2klu,modhelp,post,1648849875,neutral
u9808k,needamod,post,1650608871,negative
u0lgj9,oddlysatisfying,post,1649608996,neutral
u8uk3d,offmychest,post,1650566761,negative
udkgu1,ottawa,post,1651112788,neutral
tvbac2,overlord,post,1648998253,neutral
u01528,pakistan,post,1649534794,neutral
u1i8ii,philadelphia,post,1649712741,negative
uek4gd,pics,post,1651232962,neutral
twiel1,place,post,1649119786,negative
tv2ll8,place,post,1648966430,negative
twf0p5,place,post,1649111247,neutral
tvtqls,place,post,1649048254,negative
txm1th,place,post,1649251293,negative
tv8xwu,place,post,1648991485,neutral
tw4v9x,place,post,1649086303,negative
tv9bba,place,post,1648992625,negative
tv9cr4,place,post,1648992744,negative
tw5e3y,place,post,1649087583,neutral
tw85u4,place,post,1649094339,negative
tvf627,place,post,1649008312,negative
tvoqeq,place,post,1649032987,negative
tv60ec,place,post,1648980498,negative
tvilff,place,post,1649016596,negative
tvt8qt,place,post,1649046628,neutral
tvc7wz,place,post,1649000769,neutral
tw8wne,place,post,1649096148,negative
tv3osp,place,post,1648970846,neutral
tvjhof,place,post,1649018818,negative
tw4quh,place,post,1649085988,negative
tvtsss,place,post,1649048439,neutral
tvukkn,place,post,1649051136,negative
tvukwl,place,post,1649051170,negative
ubbpek,rant,post,1650857310,negative
tty1wi,redditrequest,post,1648838205,neutral
tymphc,redditrequest,post,1649365204,neutral
ufd0n1,redditrequest,post,1651331355,neutral
u2nnpf,redditrequest,post,1649847500,neutral
u4dgou,redditrequest,post,1650044503,neutral
uda19z,redditrequest,post,1651083341,neutral
u7gp2o,redditrequest,post,1650405564,neutral
u7gwkl,redditrequest,post,1650406100,neutral
tybw1y,redditrequest,post,1649334201,neutral
u8x03b,redditrequest,post,1650573524,neutral
u72zti,redditrequest,post,1650368029,neutral
tvghoa,redditrequest,post,1649011656,neutral
u9uaf4,redditrequest,post,1650678051,neutral
u2b1xv,redditrequest,post,1649802470,neutral
tuqpi4,redditrequest,post,1648926837,neutral
tx3f0o,redditrequest,post,1649188258,neutral
tw3wb8,redditrequest,post,1649083830,neutral
u7b3w0,redditrequest,post,1650390746,neutral
u05eux,redditrequest,post,1649548130,neutral
tzrhyu,relationship_advice,post,1649504589,neutral
u3lech,rule34,post,1649953669,negative
ub5x6k,rust,post,1650838841,neutral
u5zu2g,selfharm,post,1650240337,neutral
u2c9q9,sixers,post,1649805897,neutral
u4y0ss,skyrimmods,post,1650116350,neutral
u7z11g,slideforreddit,post,1650468331,negative
tua09c,socialism,post,1648872293,negative
u0z4yp,stopdrinking,post,1649650442,negative
ufcjyb,survivor,post,1651329986,negative
u7yfp9,sydney,post,1650466703,neutral
tz8wdb,tarot,post,1649439403,neutral
uc1u1u,teenagers,post,1650939089,negative
ubixva,teenagers,post,1650886151,neutral
ubvzhj,thefighterandthekid,post,1650922029,neutral
uflnv9,thesims,post,1651357684,negative
u36w4q,torontoraptors,post,1649903127,positive
u3k0nv,torontoraptors,post,1649949876,neutral
u1sfgm,trans,post,1649744830,positive
txg0d4,trans,post,1649227576,negative
u6uviu,trans,post,1650336944,neutral
u22rso,ukraine,post,1649780006,negative
u8980j,unpopularopinion,post,1650496370,negative
u12575,unt,post,1649662558,neutral
u6ovb0,utdallas,post,1650319533,neutral
u0f48y,vegan,post,1649587602,positive
u3fs6z,vegan,post,1649937311,negative
tzuuo9,waifuism,post,1649516144,neutral
u9lkrf,wallstreetbets,post,1650652891,negative
ua6kez,wallstreetbets,post,1650723905,neutral
u4h633,yugioh,post,1650054883,negative
tyr4uh,2007scape,post,1649378194,neutral
uc2kxt,2007scape,post,1650941444,neutral
u38ruh,AMA,post,1649909443,negative
uba21t,Addons4Kodi,post,1650851800,negative
udp9tt,AnarchyChess,post,1651130011,neutral
u9z8ci,AskAnAmerican,post,1650695774,neutral
u8dozn,AskReddit,post,1650510118,neutral
u8dqvi,AskReddit,post,1650510278,neutral
u77lpg,Austria,post,1650381517,neutral
u569bw,Battlefield,post,1650140305,negative
twif06,BlueJackets,post,1649119817,negative
tup82u,CollegeBasketball,post,1648922948,neutral
ub12u8,Crunchyroll,post,1650825142,neutral
uehmiz,DegradingHoles,post,1651222481,negative
txc8m6,Dinosaurs,post,1649213780,neutral
u5uutl,FoodPorn,post,1650225466,negative
u7rwp8,Forex,post,1650444109,neutral
u0crp3,FortNiteBR,post,1649576462,neutral
twchgs,FortNiteBR,post,1649104930,negative
uedo9u,GTA,post,1651205773,negative
tu01x5,GlobalOffensive,post,1648843344,neutral
u2w6k1,GreenBayPackers,post,1649872476,neutral
u2t03d,Grimdank,post,1649863961,negative
twdo5l,JustUnsubbed,post,1649107842,negative
u964cp,JustUnsubbed,post,1650601613,negative
u2ezq2,JustUnsubbed,post,1649814180,negative
ub9cdx,LGBTeens,post,1650849528,negative
ttfi2g,LateStageCapitalism,post,1648778194,negative
u8mdmt,Libertarian,post,1650543731,neutral
tu10qi,MensLib,post,1648845868,neutral
ttp6v7,MensRights,post,1648815142,neutral
ttp9qz,MensRights,post,1648815410,neutral
ttpgi1,MensRights,post,1648816027,neutral
ubgxku,MensRights,post,1650878290,negative
tx900x,Minecraft,post,1649203645,neutral
u9mtg1,Minecraft,post,1650656284,negative
u5kzer,Minecraft,post,1650194183,negative
u7s4oh,MinecraftBuddies,post,1650445139,neutral
u9wxqv,MinecraftBuddies,post,1650686832,neutral
ttl6if,ModSupport,post,1648798909,neutral
tuoyz5,Morocco,post,1648922299,neutral
u0aoub,Morocco,post,1649567516,neutral
ttf543,MyChemicalRomance,post,1648776976,neutral
uesl8a,PKA,post,1651257789,negative
u2g581,PKA,post,1649817707,negative
ttk94e,PrequelMemes,post,1648795011,neutral
ttlr2d,PrequelMemes,post,1648801497,neutral
ttmrlk,PrequelMemes,post,1648805935,neutral
ttsor7,PrequelMemes,post,1648824975,negative
ttu1zy,PrequelMemes,post,1648828397,neutral
ttvd3b,PrequelMemes,post,1648831567,neutral
ttw42g,PrequelMemes,post,1648833405,neutral
tu78hj,PrequelMemes,post,1648863453,negative
tukwa6,PrequelMemes,post,1648911817,neutral
tulf7l,PrequelMemes,post,1648913252,negative
uccgss,PrequelMemes,post,1650979342,neutral
ue3b5j,RBI,post,1651174777,negative
u24tzy,Reformed,post,1649785346,positive
tts6sm,Reformed,post,1648823721,negative
udmqze,RelayForReddit,post,1651120180,positive
ubptyd,RhodeIsland,post,1650905924,negative
tv8uxi,ScottishFootball,post,1648991227,neutral
u99zhi,ShadowBan,post,1650617271,neutral
u91g5m,Sims4,post,1650586463,negative
u29eou,SquaredCircle,post,1649797394,negative
u4nj0n,StardustCrusaders,post,1650074862,negative
uf336c,StardustCrusaders,post,1651291175,neutral
tvm5h2,Steam,post,1649025606,negative
ty2xjl,TMNT,post,1649299081,neutral
ubemy5,Terraria,post,1650868384,neutral
ttl7g1,Volvo,post,1648799028,neutral
uagheo,Warframe,post,1650753015,neutral
tu81pq,WatchRedditDie,post,1648865969,negative
u0voeq,WatchRedditDie,post,1649638894,negative
u7gwg5,airsoft,post,1650406090,negative
ttebsy,apolloapp,post,1648774426,neutral
ue85ql,apolloapp,post,1651188199,neutral
tu470k,armenia,post,1648854251,neutral
tvzhgk,ask,post,1649070944,neutral
ucjdvf,asktransgender,post,1650998066,neutral
u98hyw,aspergirls,post,1650610868,positive
u38pwd,atheism,post,1649909257,neutral
ud7rop,batonrouge,post,1651077361,neutral
udwtj1,cringepics,post,1651157560,neutral
ud6hrk,cyberpunkgame,post,1651074020,positive
tz59vs,dating,post,1649429470,negative
tzzzpn,dating,post,1649531301,negative
u8qats,diabetes,post,1650555206,neutral
u865bg,discordapp,post,1650487740,negative
tuodcy,rickygervais,post,1648920748,neutral
tzyqsj,riskofrain,post,1649527549,neutral
uf7v7r,roblox,post,1651312114,neutral
uf7vqh,roblox,post,1651312186,neutral
uf7xxr,roblox,post,1651312494,negative
u8t7fj,slavelabour,post,1650563043,neutral
ucehm9,southafrica,post,1650985135,negative
ucmqpe,statistics,post,1651007133,neutral
u76pps,teenagers,post,1650379185,negative
u313y9,teenagers,post,1649885881,neutral
tte06k,teenagers,post,1648773364,negative
ttlapf,teenagers,post,1648799428,neutral
u5mt0g,tennis,post,1650201215,neutral
u5n32v,tennis,post,1650202188,negative
u9gre1,that_Poppy,post,1650639847,neutral
u2sdbj,thesopranos,post,1649862260,negative
u7cmsa,timberwolves,post,1650394681,neutral
ubl7i3,totalwarhammer,post,1650893421,negative
uau3gq,truerateme,post,1650804563,negative
tux0pe,twentyonepilots,post,1648944117,neutral
tyk18w,ukraine,post,1649357804,neutral
u10our,ukraine,post,1649656378,neutral
u2jerc,ukraine,post,1649829102,neutral
u3adre,ukraine,post,1649915543,neutral
tycx8k,virgin,post,1649337557,negative
txm652,walmart,post,1649251647,negative
u4c35f,warriors,post,1650040745,neutral
u2xo3b,waterloo,post,1649876475,neutral
u1m3po,whatisthisthing,post,1649723592,neutral
u4tmph,writing,post,1650098925,neutral
tyrjhu,2007scape,post,1649379519,positive
u3i293,AnarchyChess,post,1649944410,negative
tzlnq9,Animemes,post,1649479093,neutral
tzva8q,Anki,post,1649517415,neutral
tu4b4m,AskAnAmerican,post,1648854579,negative
uductu,AskReddit,post,1651150574,neutral
uduevd,AskReddit,post,1651150752,neutral
u9t0f0,AutoModerator,post,1650673981,neutral
ub2w68,AutoModerator,post,1650830297,neutral
u40dd9,AutoModerator,post,1649998622,positive
tyfi7k,BattleRite,post,1649345191,neutral
u8h2a9,CODZombies,post,1650522309,negative
uf3rta,CalPolyPomona,post,1651293654,neutral
u00ea6,CampingGear,post,1649532516,neutral
u36npp,CanadianForces,post,1649902373,negative
u41s1z,CasualConversation,post,1650004234,positive
u6m4of,ChavGirls,post,1650312236,negative
tvzeb9,Christianity,post,1649070633,neutral
tuk68q,ClashRoyale,post,1648909863,neutral
tu8de7,Columbus,post,1648866999,neutral
u9nqgr,Comcast_Xfinity,post,1650658787,positive
u58ejv,CrappyDesign,post,1650146708,negative
u1ij35,Dallas,post,1649713503,neutral
u71ceh,DuelLinks,post,1650361773,negative
ttzdv2,Egypt,post,1648841636,negative
u4jsib,Egypt,post,1650062573,negative
tu2ldv,FACEITcom,post,1648849933,neutral
uc8xbi,FreeKarma4You,post,1650966934,negative
ttuhgo,Grimdank,post,1648829440,negative
uedop4,HeistTeams,post,1651205816,negative
uau740,IndiaSpeaks,post,1650804919,negative
u770cp,Indiana,post,1650379971,positive
u4xvh5,KCRoyals,post,1650115885,negative
u4a6qx,Kappa,post,1650035405,negative
ud80wy,KendrickLamar,post,1651078015,negative
u200o9,Kerala,post,1649772622,neutral
u6jzrx,Kingdom,post,1650306641,neutral
u0zyud,LAClippers,post,1649653528,neutral
twwkb9,LAClippers,post,1649169807,neutral
u8dyyi,Libertarian,post,1650510998,negative
ty6a6h,LigaMX,post,1649310832,neutral
tyyxaa,MadeMeSmile,post,1649406916,neutral
u5pzkq,MechanicalKeyboards,post,1650211155,negative
ttyswm,Minecraft,post,1648840140,neutral
ttyva1,Minecraft,post,1648840304,neutral
ttyyc7,Minecraft,post,1648840521,neutral
twtobd,Minecraft,post,1649161265,neutral
tzvhqi,Minecraft,post,1649518031,neutral
u5ieic,Minecraft,post,1650182612,negative
u67zd9,Minecraft,post,1650269594,negative
u78ohh,Minecraft,post,1650384363,neutral
u7g48r,Minecraft,post,1650403995,neutral
u7g4pv,Minecraft,post,1650404029,neutral
u9gy3o,Minecraft,post,1650640351,negative
udwe77,Minecraft,post,1651156380,neutral
ty14s0,ModSupport,post,1649293470,neutral
u4n8gf,ModSupport,post,1650073846,neutral
u6e3hg,ModSupport,post,1650291080,neutral
uazp98,ModSupport,post,1650821295,neutral
u627u6,ModSupport,post,1650247844,neutral
tv75bw,ModSupport,post,1648985158,neutral
u23x2b,ModSupport,post,1649782982,negative
tvknx8,ModernMagic,post,1649021742,negative
tvjbyn,MorbidReality,post,1649018426,neutral
uf4ah3,NYYankees,post,1651295667,negative
twfa99,NoStupidQuestions,post,1649111940,negative
twq08d,NoStupidQuestions,post,1649146579,neutral
u6gkh0,NoStupidQuestions,post,1650297632,neutral
ttoa86,NorthCarolina,post,1648812047,negative
ttpe3o,OnePiece,post,1648815808,negative
txu99l,Overwatch,post,1649273770,negative
u5xai7,OverwatchHeroConcepts,post,1650232703,neutral
tue36w,Padres,post,1648888155,negative
tue4pg,Padres,post,1648888336,negative
u0l2gk,Padres,post,1649607879,negative
u8w7cr,Padres,post,1650571309,neutral
u83umg,PokemonTCG,post,1650481452,negative
ttgdfh,PoliticalHumor,post,1648780998,neutral
uekla1,Reformed,post,1651234504,neutral
tvhf97,ShadowBan,post,1649013878,neutral
tw48zu,ShadowBan,post,1649084710,neutral
txmnpm,ShouldIbuythisgame,post,1649253078,neutral
ucxul5,Songwriting,post,1651044025,neutral
u9l1oh,SoundersFC,post,1650651418,neutral
uasvhz,Terminator,post,1650800175,neutral
twhc3i,TokyoGhoul,post,1649116938,neutral
u4j419,TopMindsOfReddit,post,1650060527,neutral
u35gyk,TrueOffMyChest,post,1649898632,negative
uexp0c,TrueOffMyChest,post,1651272665,negative
tx2m93,TwoSentenceHorror,post,1649186124,negative
tw5gs9,Warthunder,post,1649087760,neutral
ua7b5f,WatchRedditDie,post,1650726073,negative
ttld1o,WatchRedditDie,post,1648799717,negative
u2dq8t,amiga,post,1649810318,neutral
ttl7lk,amihot,post,1648799049,negative
u9bpf3,anime,post,1650624327,negative
u9bqse,anime,post,1650624482,negative
tyfvsz,askTO,post,1649346247,neutral
udwmd1,autism,post,1651157005,neutral
tuohy1,aww,post,1648921077,neutral
tyw2es,aww,post,1649394815,neutral
u1bn78,aww,post,1649694511,negative
tz7z3d,bangtan,post,1649436868,neutral
u76zt6,childfree,post,1650379931,positive
u4juwn,chromeos,post,1650062775,neutral
tuunk6,cowboys,post,1648937351,neutral
u5317u,cycling,post,1650131084,negative
u493b7,dayz,post,1650032353,negative
uen9h8,dayz,post,1651242840,negative
uahhox,deadbydaylight,post,1650756176,neutral
u206t7,dementia,post,1649773088,neutral
tw730a,discordapp,post,1649091704,neutral
tuodqw,exjw,post,1648920776,neutral
u8dzke,gaybros,post,1650511056,negative
ud71fa,gaybros,post,1651075442,negative
u2ag1x,geography,post,1649800289,neutral
uc7dqc,geometrydash,post,1650959928,neutral
tvszp3,gonewild,post,1649045815,neutral
txbvzw,gonewild,post,1649212638,neutral
u1sq3l,gonewild,post,1649745998,neutral
u3pm37,gonewild,post,1649965411,neutral
u6izwp,gonewild,post,1650304089,neutral
u72mnp,gonewild,post,1650366691,neutral
u9w9ba,gonewild,post,1650684567,neutral
uacmkk,gonewild,post,1650741349,neutral
uchtqr,gonewild,post,1650993941,neutral
uco0lj,gonewild,post,1651010676,neutral
ucss14,gonewild,post,1651025265,neutral
u8jmfw,guitarporn,post,1650533547,neutral
u1kv89,gundeals,post,1649719918,neutral
udsytu,help,post,1651145910,negative
twte0z,help,post,1649160255,neutral
ttz0rb,humblebundles,post,1648840696,negative
tu5c4v,ireland,post,1648857576,neutral
tuqodl,ireland,post,1648926753,negative
tusipt,ireland,post,1648931638,negative
u752du,ireland,post,1650374578,negative
ub2txu,ireland,post,1650830123,negative
udq97d,ireland,post,1651134360,negative
u6doxl,language_exchange,post,1650289991,neutral
uer0ly,linguistics,post,1651253299,neutral
txdua0,lorde,post,1649219194,neutral
tvvr36,magicTCG,post,1649055757,neutral
tvws45,magicTCG,post,1649060191,neutral
tvrqzu,magicTCG,post,1649041883,neutral
u2q47e,medicine,post,1649855839,neutral
ub7upm,meme,post,1650844816,negative
tzo1if,meth,post,1649489035,neutral
u88npv,modhelp,post,1650494753,neutral
tvqtuu,modhelp,post,1649039091,neutral
tw34pb,modhelp,post,1649081886,neutral
ub7q4k,modhelp,post,1650844429,neutral
ud534a,modhelp,post,1651070270,neutral
uddun2,nba,post,1651093420,negative
tygumv,needamod,post,1649348933,neutral
tymb5b,northernireland,post,1649364110,neutral
u5ha7t,nukedmemes,post,1650177675,negative
udh4hx,oddlyterrifying,post,1651102576,neutral
u28l66,options,post,1649795244,negative
u4j5hl,paintball,post,1650060643,negative
tz1qyj,penpals,post,1649418632,neutral
tupioc,piano,post,1648923714,neutral
tvukhf,place,post,1649051126,negative
twd7pd,place,post,1649106714,negative
twaqq0,place,post,1649100675,negative
tvi5mx,place,post,1649015596,neutral
twgkqu,place,post,1649114978,neutral
tv1w1t,place,post,1648963712,negative
tv1w9f,place,post,1648963735,negative
twgfpm,place,post,1649114625,negative
twaejo,place,post,1649099837,neutral
tw1v92,place,post,1649078460,neutral
tvpm75,place,post,1649035571,positive
u6e3og,place,post,1650291096,negative
tvt2gq,place,post,1649046057,negative
tvt2nx,place,post,1649046074,negative
tw9wzp,place,post,1649098635,neutral
u0ejs7,place,post,1649584873,negative
tvwg7q,place,post,1649058774,neutral
tw1a9x,place,post,1649076797,neutral
tw0uwn,place,post,1649075474,negative
tvtt51,place,post,1649048467,negative
tvttkm,place,post,1649048507,positive
tvtts4,place,post,1649048526,positive
twfwae,place,post,1649113373,negative
tv7cpg,place,post,1648985979,negative
tvt359,place,post,1649046121,negative
tvtssj,place,post,1649048438,negative
tvta3a,place,post,1649046742,negative
twaurf,place,post,1649100947,negative
u0ruj1,place,post,1649627109,neutral
tvtpo2,place,post,1649048167,negative
tw252f,place,post,1649079226,negative
tvt2ip,place,post,1649046062,negative
tw8psc,place,post,1649095673,negative
tvd7cl,place,post,1649003294,negative
tvhbv8,place,post,1649013668,negative
twfm1l,place,post,1649112773,neutral
twb34t,place,post,1649101533,neutral
tvtwx0,place,post,1649048828,negative
tw869e,place,post,1649094369,negative
tv70so,place,post,1648984655,negative
tvt0zd,place,post,1649045934,negative
udw9jc,polyamory,post,1651156028,neutral
uck468,proghouse,post,1651000006,neutral
twxp8l,rant,post,1649172848,negative
u0nlfi,redditrequest,post,1649614985,neutral
u0l8mo,redditrequest,post,1649608367,neutral
u027fq,redditrequest,post,1649538055,positive
u40lrl,redditrequest,post,1649999505,neutral
u0p6jv,redditrequest,post,1649619475,neutral
u5nvnz,redditrequest,post,1650204811,neutral
u31g9h,redditrequest,post,1649886790,neutral
u7u9kj,redditrequest,post,1650453923,neutral
u9gwec,redditrequest,post,1650640218,neutral
u6j2qe,redditrequest,post,1650304289,negative
u4dihg,redditrequest,post,1650044645,neutral
u82322,redditrequest,post,1650476623,neutral
u6llau,redditrequest,post,1650310871,neutral
udonwb,redditrequest,post,1651127500,neutral
uaztcs,redditrequest,post,1650821618,neutral
tx8ol1,redditrequest,post,1649202685,neutral
ub6yzk,roblox,post,1650842021,negative
tv1d44,runescape,post,1648961786,neutral
u6q1ih,runescape,post,1650322745,negative
u7lwow,runescape,post,1650421190,neutral
u80jfr,runescape,post,1650472441,neutral
udz1et,runescape,post,1651163452,neutral
tvmnfd,runescape,post,1649026929,neutral
u9fp2r,sadcringe,post,1650636912,negative
u9gitm,sadcringe,post,1650639220,negative
u9jtrs,sadcringe,post,1650648049,negative
twknik,simonfraser,post,1649126475,negative
uf0m6d,theticket,post,1651282414,negative
u642r9,timberwolves,post,1650254033,neutral
tztu6v,transgendercirclejerk,post,1649512995,neutral
ttotv8,ukpolitics,post,1648813959,negative
u80saz,ukraine,post,1650473092,neutral
u4rm8q,unpopularopinion,post,1650090040,negative
u6p72r,unpopularopinion,post,1650320415,positive
u8dcgz,vancouver,post,1650509025,neutral
u8cixo,wallstreetbets,post,1650506434,neutral
tw4h36,wallstreetbets,post,1649085307,neutral
txt7kr,workout,post,1649270902,positive
ty2ars,1200isplenty,post,1649297100,neutral
uabb53,321,post,1650737512,neutral
u75n9e,Archaeology,post,1650376259,neutral
twb0yd,AskALiberal,post,1649101380,neutral
tvpqz5,AskMen,post,1649035965,negative
u89nq4,AskNYC,post,1650497667,negative
ue3uwt,AskReddit,post,1651176219,negative
u6h16l,AskReddit,post,1650298825,negative
u2y8cs,AskReddit,post,1649878095,negative
u2y9yh,AskReddit,post,1649878220,negative
u2yef5,AskReddit,post,1649878568,negative
u2ylwp,AskReddit,post,1649879117,neutral
tzl2gj,BDSMAdvice,post,1649476899,neutral
u5otk5,Boruto,post,1650207697,neutral
uakhtk,CPTSD,post,1650766355,negative
ucqepn,Cigarettes,post,1651017747,neutral
u9d1wi,DesignerReps,post,1650629063,neutral
tynkcb,Drama,post,1649367582,negative
u5wd2j,Egypt,post,1650229943,negative
u0zlyx,Eminem,post,1649652213,neutral
u0mxv7,EntrepreneurRideAlong,post,1649613176,neutral
uap6bx,Faces,post,1650784591,neutral
udli85,Firearms,post,1651116014,negative
u9gtiv,Fuckthealtright,post,1650639999,negative
u94qd1,GFD,post,1650596821,neutral
tvknlg,Gameboy,post,1649021719,neutral
u2598h,Gameboy,post,1649786462,negative
udbyau,GetMotivated,post,1651088481,neutral
u56bq9,IndiaSpeaks,post,1650140490,negative
u56kvr,IndiaSpeaks,post,1650141254,negative
tviez7,Kenya,post,1649016177,neutral
tx6hye,Kenya,post,1649196369,negative
ua66u3,LivestreamFail,post,1650722781,negative
u2k88l,LongDistance,post,1649832460,positive
tyroc1,MLBTheShow,post,1649379924,negative
tuwexm,MkeBucks,post,1648942317,neutral
tto9dz,ModSupport,post,1648811974,neutral
tyg2fu,MurderedByWords,post,1649346751,positive
u2udqf,MurderedByWords,post,1649867630,neutral
txvycl,Neverbrokeabone,post,1649278333,neutral
u5z3rc,NoStupidQuestions,post,1650238070,neutral
u2kjtj,OldSchoolCool,post,1649833810,neutral
tvzwpp,OnePiece,post,1649072411,positive
u1gko7,OnePiece,post,1649708540,negative
u7i416,OnePiece,post,1650409517,positive
u30oly,OnePunchMan,post,1649884762,neutral
u87kcw,PiercedNSFW,post,1650491650,neutral
tv567l,PublicFreakout,post,1648976948,negative
u68491,PublicFreakout,post,1650270158,negative
u74hs2,Residency,post,1650372892,negative
u8me40,Residency,post,1650543773,neutral
u8vcxw,Residency,post,1650568963,neutral
u53bpn,SCJerk,post,1650131930,positive
ueawtv,SCP,post,1651196891,neutral
u32h8v,ShadowBan,post,1649889627,neutral
u9vef0,Showerthoughts,post,1650681675,neutral
u0isrs,Sino,post,1649601135,negative
ue2iwp,Telegram,post,1651172631,neutral
uc5d6x,TrueOffMyChest,post,1650951222,negative
tzas3e,Twitch,post,1649444645,negative
tu12l6,UkrainianConflict,post,1648845999,negative
u01lji,Vent,post,1649536195,negative
udv1gz,VideoEditing,post,1651152605,neutral
uaj1m5,WWEGames,post,1650761362,neutral
udi73c,WaltDisneyWorld,post,1651105824,neutral
twmcps,WatchRedditDie,post,1649132099,negative
u3xcl6,WorldOfWarships,post,1649988249,negative
u3xiw7,WorldOfWarships,post,1649988831,negative
tyoeul,Yugioh101,post,1649369992,neutral
u4u4ly,albiononline,post,1650101166,negative
u17nc4,aspergers,post,1649683318,negative
tykf0w,baltimore,post,1649358848,negative
u8rvtd,berkeley,post,1650559429,neutral
u1cwup,berkeley,post,1649697877,neutral
u7fbs4,betterCallSaul,post,1650401848,neutral
ub3w03,bigdickproblems,post,1650833123,negative
ucfy8d,bigdickproblems,post,1650988944,neutral
u11mcx,cats,post,1649660247,negative
u9dbrr,cringepics,post,1650629969,negative
u1jh79,cscareerquestions,post,1649715971,neutral
u2f8ec,dankmemes,post,1649814928,neutral
ueszqx,darksouls3,post,1651258934,neutral
txdmsn,deadbydaylight,post,1649218444,negative
ua56ze,discordapp,post,1650719660,neutral
tx8g4v,facebook,post,1649201992,neutral
u8wjjt,findareddit,post,1650572229,negative
u4q264,forsen,post,1650083774,neutral
u1cnjv,germanshepherds,post,1649697184,neutral
u6yf8t,germany,post,1650349405,neutral
u57r20,guns,post,1650144766,negative
ttxonb,guns,post,1648837280,negative
u3xkv9,guns,post,1649989012,negative
u7upr5,guns,post,1650455547,negative
u8c28k,guns,post,1650505009,negative
tu6lqf,guro,post,1648861459,neutral
u28x9e,h3h3productions,post,1649796128,negative
tzlxta,help,post,1649480226,neutral
u0l0rm,help,post,1649607743,negative
uc1vq1,help,post,1650939236,neutral
u1h1oa,houston,post,1649709719,negative
twe68k,jacksonville,post,1649109102,neutral
u1e18a,kings,post,1649700838,neutral
ue930o,knifeclub,post,1651191119,negative
u1o0tx,lakers,post,1649729297,positive
u9385m,leafs,post,1650592016,negative
udugqd,ledgerwallet,post,1651150884,negative
u4lenv,loseit,post,1650067683,negative
u0iony,magick,post,1649600801,negative
tx3q9c,mead,post,1649189053,neutral
u2hukm,modhelp,post,1649823311,negative
tuqo6m,mylittlepony,post,1648926738,negative
uab77k,nba,post,1650737196,negative
u5rhz8,neoliberal,post,1650215562,neutral
u3nswr,newreddits,post,1649960350,neutral
tyi6by,pakistan,post,1649352703,positive
u38k1d,place,post,1649908727,negative
txm5s2,place,post,1649251618,negative
tvctf0,place,post,1649002278,negative
tve8cq,place,post,1649005927,neutral
tvq4j4,place,post,1649037054,negative
twc7xt,place,post,1649104283,negative
tw79jw,place,post,1649092146,negative
tw8prv,place,post,1649095672,negative
tvgtdb,place,post,1649012502,negative
tueog9,place,post,1648890704,negative
tw5q1k,place,post,1649088380,negative
tw5ts9,place,post,1649088639,neutral
tv5wg6,place,post,1648980049,negative
tvujbn,place,post,1649051001,negative
tvszzz,place,post,1649045844,negative
tv4c1o,place,post,1648973509,negative
tvmw4l,place,post,1649027625,negative
tvvg2h,place,post,1649054530,neutral
tuw0fd,place,post,1648941148,neutral
tw5jww,place,post,1649087975,negative
tvt2fa,place,post,1649046054,negative
tzi8px,place,post,1649467208,neutral
tvmt5g,place,post,1649027383,neutral
tvgsj5,place,post,1649012447,negative
tv3t9x,place,post,1648971365,negative
tvzpux,place,post,1649071743,neutral
twspqm,place,post,1649157976,negative
tu50z2,place,post,1648856655,neutral
twadh3,place,post,1649099763,neutral
tzr0dr,preppers,post,1649502495,neutral
twa0mr,promote,post,1649098868,neutral
u2ywsv,redditrequest,post,1649880003,neutral
ucj4w3,redditrequest,post,1650997410,neutral
twxq4m,redditrequest,post,1649172923,neutral
tzkhw2,redditrequest,post,1649474863,neutral
u00yst,redditrequest,post,1649534284,neutral
ubbnd6,redditrequest,post,1650857115,neutral
tvl34e,redditrequest,post,1649022834,neutral
ua76j0,redditrequest,post,1650725719,neutral
tte79l,redditrequest,post,1648774005,neutral
ttevt3,redditrequest,post,1648776152,neutral
tthsn5,redditrequest,post,1648785754,neutral
ttn8la,redditrequest,post,1648807950,neutral
tts0s9,redditrequest,post,1648823290,neutral
tu2fhw,redditrequest,post,1648849493,neutral
tu3mo6,redditrequest,post,1648852687,neutral
tu4kgt,redditrequest,post,1648855317,neutral
tu8hge,redditrequest,post,1648867348,neutral
tuc528,redditrequest,post,1648880155,neutral
tucgb6,redditrequest,post,1648881409,neutral
tudr2e,redditrequest,post,1648886715,neutral
tuevp1,redditrequest,post,1648891570,neutral
tuhktj,redditrequest,post,1648901927,neutral
tuhu6a,redditrequest,post,1648902777,neutral
tuhzfa,redditrequest,post,1648903256,neutral
tuix9f,redditrequest,post,1648906257,neutral
tukr6f,redditrequest,post,1648911466,neutral
tukya5,redditrequest,post,1648911959,neutral
tul47w,redditrequest,post,1648912399,neutral
tumjbl,redditrequest,post,1648916219,negative
tumjnp,redditrequest,post,1648916245,neutral
tumpu0,redditrequest,post,1648916698,neutral
tuw1xf,redditrequest,post,1648941272,neutral
tuytby,redditrequest,post,1648953183,neutral
tv1off,redditrequest,post,1648962909,neutral
tv3lkb,redditrequest,post,1648970450,neutral
tv4jes,redditrequest,post,1648974341,neutral
tv4kft,redditrequest,post,1648974449,neutral
tv7at4,redditrequest,post,1648985775,neutral
tvaaqk,redditrequest,post,1648995506,neutral
tvfvx3,redditrequest,post,1649010087,neutral
tvjlas,redditrequest,post,1649019072,neutral
tvjugq,redditrequest,post,1649019699,neutral
tvndqy,redditrequest,post,1649029025,neutral
tvorn6,redditrequest,post,1649033088,neutral
tvqspy,redditrequest,post,1649038999,neutral
tvx31m,redditrequest,post,1649061512,neutral
tvz6ho,redditrequest,post,1649069897,neutral
tw169e,redditrequest,post,1649076462,neutral
tw20ig,redditrequest,post,1649078884,neutral
tw23ez,redditrequest,post,1649079098,neutral
tw2cuw,redditrequest,post,1649079826,neutral
tw2gbn,redditrequest,post,1649080096,neutral
tw3o1x,redditrequest,post,1649083235,neutral
tw4h62,redditrequest,post,1649085311,neutral
tw50u6,redditrequest,post,1649086684,neutral
tw5t8a,redditrequest,post,1649088603,neutral
tw8g69,redditrequest,post,1649095044,neutral
tw9cy6,redditrequest,post,1649097266,negative
twa08w,redditrequest,post,1649098846,neutral
twchb1,redditrequest,post,1649104919,neutral
twefdl,redditrequest,post,1649109725,negative
twgexk,redditrequest,post,1649114571,neutral
twl0o8,redditrequest,post,1649127641,neutral
twl4k3,redditrequest,post,1649127978,neutral
twlyoz,redditrequest,post,1649130801,neutral
twmwwy,redditrequest,post,1649134091,neutral
twn04i,redditrequest,post,1649134396,neutral
twnbxl,redditrequest,post,1649135576,neutral
twod30,redditrequest,post,1649139652,neutral
twp9wk,redditrequest,post,1649143383,neutral
twr8g8,redditrequest,post,1649152111,neutral
twuv3g,redditrequest,post,1649165013,neutral
twxamr,redditrequest,post,1649171763,neutral
twydym,redditrequest,post,1649174723,neutral
twzn04,redditrequest,post,1649178147,neutral
tx4x9i,redditrequest,post,1649192203,neutral
tx5p9j,redditrequest,post,1649194220,neutral
tx8ley,redditrequest,post,1649202428,neutral
tx8n92,redditrequest,post,1649202580,neutral
txca80,redditrequest,post,1649213927,neutral
txd0sy,redditrequest,post,1649216368,neutral
txe89n,redditrequest,post,1649220626,neutral
txierg,redditrequest,post,1649238285,neutral
txj85a,redditrequest,post,1649241644,neutral
txkeml,redditrequest,post,1649246010,neutral
txnhc3,redditrequest,post,1649255413,neutral
txt1qk,redditrequest,post,1649270460,neutral
txt3gu,redditrequest,post,1649270595,neutral
txtuyr,redditrequest,post,1649272660,negative
txujs9,redditrequest,post,1649274575,neutral
txwscy,redditrequest,post,1649280557,neutral
txxmhs,redditrequest,post,1649282840,neutral
txy7m2,redditrequest,post,1649284549,neutral
txyco1,redditrequest,post,1649284934,neutral
ty2qrp,redditrequest,post,1649298494,neutral
ty41sw,redditrequest,post,1649302709,neutral
ty4j8e,redditrequest,post,1649304333,neutral
ty59hh,redditrequest,post,1649306920,neutral
ty62x6,redditrequest,post,1649310030,neutral
ty6500,redditrequest,post,1649310255,neutral
ty6m1j,redditrequest,post,1649312138,neutral
ty9ayb,redditrequest,post,1649324093,neutral
tyaf6v,redditrequest,post,1649328842,neutral
tybmwl,redditrequest,post,1649333297,neutral
tycwvf,redditrequest,post,1649337524,negative
tyepqp,redditrequest,post,1649342956,neutral
tyf5xb,redditrequest,post,1649344219,negative
tyhs6f,redditrequest,post,1649351607,neutral
tyif6n,redditrequest,post,1649353444,neutral
tylwkb,redditrequest,post,1649362994,neutral
tym6w3,redditrequest,post,1649363777,neutral
tymaiq,redditrequest,post,1649364055,neutral
tymi3b,redditrequest,post,1649364639,neutral
tyoa8a,redditrequest,post,1649369620,neutral
typ5qg,redditrequest,post,1649372196,neutral
tyry8n,redditrequest,post,1649380803,neutral
tytgjp,redditrequest,post,1649385672,neutral
tyugcc,redditrequest,post,1649389019,neutral
tyx02f,redditrequest,post,1649398485,neutral
tyxcb8,redditrequest,post,1649399914,neutral
tz1bjv,redditrequest,post,1649417028,negative
tz1dcp,redditrequest,post,1649417219,neutral
tz391z,redditrequest,post,1649423544,neutral
tz4s32,redditrequest,post,1649428064,neutral
tz4z77,redditrequest,post,1649428634,neutral
tz6th0,redditrequest,post,1649433686,neutral
tz7ega,redditrequest,post,1649435271,neutral
tz7ieg,redditrequest,post,1649435566,negative
tz9l5p,redditrequest,post,1649441321,neutral
tz9m31,redditrequest,post,1649441394,neutral
tzag5o,redditrequest,post,1649443739,neutral
tzbh3z,redditrequest,post,1649446612,neutral
tzbi7t,redditrequest,post,1649446697,neutral
tzbjcp,redditrequest,post,1649446788,neutral
tzf3wm,redditrequest,post,1649457076,neutral
tzf5ra,redditrequest,post,1649457224,neutral
tzf6u2,redditrequest,post,1649457313,neutral
tzjw3u,redditrequest,post,1649472764,neutral
tzk8jf,redditrequest,post,1649473936,neutral
tzljjv,redditrequest,post,1649478645,neutral
tzljxb,redditrequest,post,1649478682,neutral
tzmr68,redditrequest,post,1649483549,neutral
tznswe,redditrequest,post,1649487978,neutral
tznv0d,redditrequest,post,1649488234,neutral
tzny97,redditrequest,post,1649488649,neutral
tzpcpu,redditrequest,post,1649495071,neutral
tzq4ee,redditrequest,post,1649498574,neutral
tzqvd0,redditrequest,post,1649501944,neutral
tzuvv6,redditrequest,post,1649516242,neutral
tzvsee,redditrequest,post,1649518873,neutral
tzyo3y,redditrequest,post,1649527328,neutral
tzyq6g,redditrequest,post,1649527497,neutral
tzyr5q,redditrequest,post,1649527578,neutral
tzzole,redditrequest,post,1649530400,neutral
u00jo1,redditrequest,post,1649532977,neutral
u00mzt,redditrequest,post,1649533259,neutral
u04rfi,redditrequest,post,1649545933,neutral
u059iq,redditrequest,post,1649547603,neutral
u059pt,redditrequest,post,1649547617,neutral
u06fy2,redditrequest,post,1649551688,neutral
u07tpu,redditrequest,post,1649556594,neutral
u081vt,redditrequest,post,1649557407,neutral
u0c943,redditrequest,post,1649574122,neutral
u0cn4c,redditrequest,post,1649575881,neutral
u0d6tk,redditrequest,post,1649578425,neutral
u0dp1g,redditrequest,post,1649580811,neutral
u0i3pr,redditrequest,post,1649599001,neutral
u0k9gd,redditrequest,post,1649605500,negative
u0l6dt,redditrequest,post,1649608189,neutral
u0n3qe,redditrequest,post,1649613621,neutral
u0o28m,redditrequest,post,1649616292,neutral
u0sm4r,redditrequest,post,1649629285,neutral
u0u16c,redditrequest,post,1649633584,neutral
u0ubnt,redditrequest,post,1649634490,neutral
u0xgce,redditrequest,post,1649644683,neutral
u0y2wz,redditrequest,post,1649646749,neutral
u0ybrg,redditrequest,post,1649647580,neutral
u0ygi8,redditrequest,post,1649648046,neutral
u0z1p6,redditrequest,post,1649650104,neutral
u0zd9q,redditrequest,post,1649651318,neutral
u12io4,redditrequest,post,1649664183,neutral
u1350q,redditrequest,post,1649666989,neutral
u13vhb,redditrequest,post,1649670058,neutral
u19hdj,redditrequest,post,1649688549,neutral
u19sjx,redditrequest,post,1649689381,neutral
u1aj2m,redditrequest,post,1649691385,neutral
u1bcnn,redditrequest,post,1649693722,neutral
u1d708,redditrequest,post,1649698625,neutral
u1gv9i,redditrequest,post,1649709273,neutral
u1hexx,redditrequest,post,1649710664,neutral
u1iyf5,redditrequest,post,1649714610,neutral
u1lrb4,redditrequest,post,1649722546,neutral
u1m2xf,redditrequest,post,1649723524,neutral
u1m3vs,redditrequest,post,1649723607,neutral
u1n3vh,redditrequest,post,1649726563,neutral
u1off9,redditrequest,post,1649730514,negative
u1pqoh,redditrequest,post,1649734617,neutral
u1r04v,redditrequest,post,1649740243,neutral
u1sdm9,redditrequest,post,1649744633,neutral
u1tw6u,redditrequest,post,1649751004,neutral
u1u4es,redditrequest,post,1649752046,neutral
u1v7cs,redditrequest,post,1649756735,neutral
u1z9x1,redditrequest,post,1649770537,neutral
u1zf7x,redditrequest,post,1649770959,neutral
u1zkhs,redditrequest,post,1649771373,neutral
u27nvf,redditrequest,post,1649792821,neutral
u29413,redditrequest,post,1649796620,neutral
u2a2aq,redditrequest,post,1649799208,neutral
u2b22b,redditrequest,post,1649802482,neutral
u2bkkl,redditrequest,post,1649803889,negative
u2e8dc,redditrequest,post,1649811864,neutral
u2i7w5,redditrequest,post,1649824587,neutral
u2in8p,redditrequest,post,1649826109,negative
u2md4z,redditrequest,post,1649842010,neutral
u2o8p2,redditrequest,post,1649849648,neutral
u2pqke,redditrequest,post,1649854699,neutral
u2tmao,redditrequest,post,1649865613,negative
u2tu33,redditrequest,post,1649866162,neutral
u2xjxh,redditrequest,post,1649876179,neutral
u2ygrt,redditrequest,post,1649878737,neutral
u2zjgp,redditrequest,post,1649881711,neutral
u303ss,redditrequest,post,1649883247,neutral
u30o7s,redditrequest,post,1649884733,neutral
u369dw,redditrequest,post,1649901139,neutral
u39mn5,redditrequest,post,1649912527,neutral
u39sq8,redditrequest,post,1649913154,neutral
u3d4k0,redditrequest,post,1649927586,neutral
u3hcov,redditrequest,post,1649942267,negative
u3j4ql,redditrequest,post,1649947419,neutral
u3kgue,redditrequest,post,1649951148,neutral
u3kkf2,redditrequest,post,1649951422,neutral
u3ni6c,redditrequest,post,1649959500,neutral
u3pcdg,redditrequest,post,1649964646,neutral
u3q8j5,redditrequest,post,1649967130,neutral
u3qutj,redditrequest,post,1649968825,neutral
u3r0b7,redditrequest,post,1649969254,neutral
u3rarr,redditrequest,post,1649970055,neutral
u3rf5r,redditrequest,post,1649970383,neutral
u3rqzn,redditrequest,post,1649971311,neutral
u3whip,redditrequest,post,1649985515,neutral
u3xhjp,redditrequest,post,1649988701,neutral
u3xjkz,redditrequest,post,1649988895,neutral
u3yy3v,redditrequest,post,1649993571,neutral
u446j6,redditrequest,post,1650014746,neutral
u44x0j,redditrequest,post,1650017987,neutral
u44xm4,redditrequest,post,1650018046,neutral
u488o6,redditrequest,post,1650029795,neutral
u49ljq,redditrequest,post,1650033775,neutral
u4dm4w,redditrequest,post,1650044934,neutral
u4fgzu,redditrequest,post,1650050056,neutral
u4fs1f,redditrequest,post,1650050960,neutral
u4ifuo,redditrequest,post,1650058596,neutral
u4jxnx,redditrequest,post,1650063008,neutral
u4kih6,redditrequest,post,1650064782,neutral
u4mr3k,redditrequest,post,1650072192,neutral
u4o2t7,redditrequest,post,1650076757,neutral
u4p35z,redditrequest,post,1650080220,negative
u4pjw9,redditrequest,post,1650081875,neutral
u4s3wf,redditrequest,post,1650092199,neutral
u4s4zi,redditrequest,post,1650092342,neutral
u4v2zo,redditrequest,post,1650105415,neutral
u4wukj,redditrequest,post,1650112408,neutral
u4ys53,redditrequest,post,1650118729,neutral
u4zn7u,redditrequest,post,1650121354,neutral
u50jxi,redditrequest,post,1650124034,neutral
u59ftf,redditrequest,post,1650149831,neutral
u5bk69,redditrequest,post,1650156616,neutral
u5dyct,redditrequest,post,1650164754,neutral
u5e4lv,redditrequest,post,1650165378,neutral
u5frun,redditrequest,post,1650171364,neutral
u5iw9p,redditrequest,post,1650184825,neutral
u5jqb9,redditrequest,post,1650188535,negative
u5knmy,redditrequest,post,1650192752,neutral
u5kwkz,redditrequest,post,1650193840,neutral
u5q1af,redditrequest,post,1650211270,neutral
u5sslb,redditrequest,post,1650219327,neutral
u5uzze,redditrequest,post,1650225872,neutral
u5w2ls,redditrequest,post,1650229099,neutral
u60x4o,redditrequest,post,1650243754,neutral
u644ux,redditrequest,post,1650254240,neutral
u65kes,redditrequest,post,1650259518,negative
u6a3kd,redditrequest,post,1650278373,neutral
u6cyv3,redditrequest,post,1650287913,neutral
u6d0ef,redditrequest,post,1650288030,neutral
u6edfa,redditrequest,post,1650291853,neutral
u6h7xi,redditrequest,post,1650299338,neutral
u6khz6,redditrequest,post,1650307976,neutral
u6mga2,redditrequest,post,1650313082,neutral
u6qcp3,redditrequest,post,1650323575,neutral
u6r6xo,redditrequest,post,1650325934,neutral
u6r7vd,redditrequest,post,1650326018,neutral
u6refk,redditrequest,post,1650326534,neutral
u6s6t1,redditrequest,post,1650328852,neutral
u6u0xt,redditrequest,post,1650334363,neutral
u6y01c,redditrequest,post,1650347731,neutral
u6z3mi,redditrequest,post,1650352125,neutral
u71rpj,redditrequest,post,1650363454,neutral
u72kr9,redditrequest,post,1650366492,neutral
u75wc2,redditrequest,post,1650376945,neutral
u790qm,redditrequest,post,1650385258,neutral
u7959f,redditrequest,post,1650385604,neutral
u79cvg,redditrequest,post,1650386162,neutral
u7ctae,redditrequest,post,1650395139,neutral
u7dqjk,redditrequest,post,1650397614,neutral
u7evdo,redditrequest,post,1650400614,neutral
u7f0kq,redditrequest,post,1650400993,negative
u7g2gq,redditrequest,post,1650403860,neutral
u7hxas,redditrequest,post,1650409017,neutral
u7ixyg,redditrequest,post,1650412037,neutral
u7nh0x,redditrequest,post,1650426278,neutral
u7vpq1,redditrequest,post,1650458844,neutral
u7xbk7,redditrequest,post,1650463575,neutral
u7y24v,redditrequest,post,1650465645,neutral
u7y3tn,redditrequest,post,1650465774,neutral
u811xw,redditrequest,post,1650473808,neutral
u81n4r,redditrequest,post,1650475385,neutral
u81r0c,redditrequest,post,1650475698,neutral
u82325,redditrequest,post,1650476623,negative
u82apo,redditrequest,post,1650477197,neutral
u856jn,redditrequest,post,1650485076,neutral
u858ds,redditrequest,post,1650485219,neutral
u86f0e,redditrequest,post,1650488463,neutral
u89m0g,redditrequest,post,1650497525,neutral
u8br7w,redditrequest,post,1650504056,neutral
u8bs6s,redditrequest,post,1650504144,neutral
u8cmo3,redditrequest,post,1650506750,neutral
u8e9nf,redditrequest,post,1650511999,neutral
u8hyhf,redditrequest,post,1650526157,neutral
u8igpw,redditrequest,post,1650528445,neutral
u8ni8n,redditrequest,post,1650547195,neutral
u8p6ap,redditrequest,post,1650552102,neutral
u8qux1,redditrequest,post,1650556721,neutral
u8schb,redditrequest,post,1650560662,neutral
u8uxxs,redditrequest,post,1650567825,neutral
u8v1dh,redditrequest,post,1650568084,neutral
u8w8m8,redditrequest,post,1650571403,neutral
u8wluz,redditrequest,post,1650572407,neutral
u8zalm,redditrequest,post,1650580003,neutral
u905wj,redditrequest,post,1650582545,neutral
u96ybi,redditrequest,post,1650604656,neutral
u984t7,redditrequest,post,1650609389,neutral
u98jo0,redditrequest,post,1650611043,neutral
u98lwi,redditrequest,post,1650611286,neutral
u98yvu,redditrequest,post,1650612811,neutral
u99wzd,redditrequest,post,1650616948,neutral
u9ca24,redditrequest,post,1650626390,neutral
u9l7ok,redditrequest,post,1650651879,neutral
u9ps6b,redditrequest,post,1650664413,neutral
u9tk3h,redditrequest,post,1650675725,neutral
u9x5hk,redditrequest,post,1650687589,neutral
u9yxyn,redditrequest,post,1650694557,neutral
ua2i2y,redditrequest,post,1650709823,neutral
ua4bmz,redditrequest,post,1650716735,neutral
ua67tw,redditrequest,post,1650722867,neutral
ua6dz1,redditrequest,post,1650723385,neutral
ua7mof,redditrequest,post,1650727002,neutral
uabi2v,redditrequest,post,1650738059,neutral
uabo24,redditrequest,post,1650738549,neutral
uabqdn,redditrequest,post,1650738726,neutral
uae56l,redditrequest,post,1650745873,neutral
uaje4z,redditrequest,post,1650762526,neutral
ualtvc,redditrequest,post,1650771135,neutral
uan3xb,redditrequest,post,1650775999,neutral
uans2m,redditrequest,post,1650778706,neutral
uapgwt,redditrequest,post,1650785831,neutral
uargcr,redditrequest,post,1650794398,neutral
uav8ed,redditrequest,post,1650808362,neutral
uavpeg,redditrequest,post,1650809798,neutral
ub0kgl,redditrequest,post,1650823715,neutral
ub0xox,redditrequest,post,1650824743,neutral
ub19rj,redditrequest,post,1650825663,neutral
ub2tf5,redditrequest,post,1650830082,neutral
ub3h88,redditrequest,post,1650831939,neutral
ubfdm1,redditrequest,post,1650871534,neutral
ubh741,redditrequest,post,1650879397,neutral
ubh9zf,redditrequest,post,1650879743,neutral
ubhht5,redditrequest,post,1650880693,neutral
ubhjsz,redditrequest,post,1650880878,neutral
ubhldx,redditrequest,post,1650881044,neutral
ubhmi3,redditrequest,post,1650881172,neutral
ubhnpw,redditrequest,post,1650881312,neutral
ublu7r,redditrequest,post,1650895236,neutral
ubnky9,redditrequest,post,1650900060,neutral
ubr03n,redditrequest,post,1650909000,neutral
ubsax9,redditrequest,post,1650912494,neutral
ubumir,redditrequest,post,1650918460,neutral
ubxc56,redditrequest,post,1650925682,neutral
uc0yev,redditrequest,post,1650936372,neutral
uc1juy,redditrequest,post,1650938227,neutral
uc2ooh,redditrequest,post,1650941768,neutral
uc2yw4,redditrequest,post,1650942625,neutral
uc4dsb,redditrequest,post,1650947460,neutral
uc4z75,redditrequest,post,1650949664,neutral
uc50vi,redditrequest,post,1650949849,neutral
uc6t8g,redditrequest,post,1650957262,neutral
uc89xv,redditrequest,post,1650964065,neutral
ucgkon,redditrequest,post,1650990577,neutral
uch7tn,redditrequest,post,1650992334,neutral
uci5lj,redditrequest,post,1650994813,neutral
uci93g,redditrequest,post,1650995081,neutral
uci9yb,redditrequest,post,1650995148,neutral
ucopzm,redditrequest,post,1651012676,neutral
ucp6x2,redditrequest,post,1651014024,neutral
ucpuzx,redditrequest,post,1651016042,neutral
ucqd0x,redditrequest,post,1651017610,neutral
ucu9rw,redditrequest,post,1651030273,neutral
ucupig,redditrequest,post,1651031789,neutral
ucvp2q,redditrequest,post,1651035448,negative
ud3hd1,redditrequest,post,1651065778,neutral
ud6d5r,redditrequest,post,1651073695,neutral
ud6n3z,redditrequest,post,1651074413,neutral
ud7tfk,redditrequest,post,1651077486,negative
ud91uj,redditrequest,post,1651080717,neutral
udb56e,redditrequest,post,1651086292,neutral
uded2k,redditrequest,post,1651094793,neutral
udfkuh,redditrequest,post,1651098118,neutral
udflry,redditrequest,post,1651098190,neutral
udhcq3,redditrequest,post,1651103267,neutral
udk9ec,redditrequest,post,1651112173,neutral
udl8x7,redditrequest,post,1651115199,neutral
udlgi4,redditrequest,post,1651115867,neutral
udlyfb,redditrequest,post,1651117458,neutral
udo0zv,redditrequest,post,1651124890,neutral
udon0r,redditrequest,post,1651127404,neutral
udqsjx,redditrequest,post,1651136834,neutral
udqzbp,redditrequest,post,1651137709,neutral
udrrtg,redditrequest,post,1651141231,neutral
udwk4o,redditrequest,post,1651156839,neutral
udwwb7,redditrequest,post,1651157778,neutral
ue2ual,redditrequest,post,1651173487,neutral
ue4upt,redditrequest,post,1651178911,neutral
uehq8u,redditrequest,post,1651222912,neutral
uej02n,redditrequest,post,1651228608,neutral
uemoeh,redditrequest,post,1651241129,neutral
uen6i0,redditrequest,post,1651242608,neutral
uenjqg,redditrequest,post,1651243648,neutral
uesyle,redditrequest,post,1651258841,neutral
ueuwnx,redditrequest,post,1651264420,neutral
uf0hsq,redditrequest,post,1651281992,neutral
uf1o2a,redditrequest,post,1651286054,neutral
uf6kse,redditrequest,post,1651305808,neutral
uf7gsr,redditrequest,post,1651310148,neutral
uf7hsh,redditrequest,post,1651310280,neutral
uf98au,redditrequest,post,1651318291,neutral
uf9ktx,redditrequest,post,1651319776,neutral
ufb1vv,redditrequest,post,1651325164,neutral
ufb4jy,redditrequest,post,1651325421,neutral
ufdnzt,redditrequest,post,1651333332,neutral
uffh0h,redditrequest,post,1651338722,neutral
ufhb7c,redditrequest,post,1651344283,neutral
ufi6w5,redditrequest,post,1651346931,neutral
ufitlk,redditrequest,post,1651348873,neutral
ub4clk,redditrequest,post,1650834403,neutral
tw8tcd,redditrequest,post,1649095916,negative
ucx56d,redditrequest,post,1651041064,neutral
u4qqdh,redditrequest,post,1650086406,neutral
u14h7z,runescape,post,1649672480,negative
u5srkz,skeptic,post,1650219249,negative
tvp6ax,splatoon,post,1649034259,negative
ual9pu,stalker,post,1650769124,neutral
tvi1pz,startrek,post,1649015334,negative
ttq91e,survivor,post,1648818470,negative
tv1rzm,sweden,post,1648963274,neutral
tym08n,teenagers,post,1649363277,neutral
txl4it,teenagers,post,1649248418,negative
ufcx0b,teenagers,post,1651331054,neutral
udy7y2,teenagers,post,1651161291,neutral
tupe5m,teenagers,post,1648923386,negative
tvkx8y,teenagers,post,1649022410,negative
ucox7i,teenagers,post,1651013267,negative
ucxh7q,teenagers,post,1651042482,negative
ucqgpl,teenagers,post,1651017908,neutral
uc4d0p,teenagers,post,1650947385,neutral
tztct6,trans,post,1649511429,negative
u1p5qp,unpopularopinion,post,1649732749,negative
txruqp,vfx,post,1649267224,positive
u3lx2n,wallstreetbets,post,1649955103,neutral
u4gqsx,warriors,post,1650053667,negative
tvk9sd,washingtondc,post,1649020763,neutral
ubc76j,worldcup,post,1650859036,negative
tv058l,Advice,post,1648957528,negative
uesml6,AnnArbor,post,1651257904,negative
ub4df5,AskALiberal,post,1650834465,negative
ub29t1,AskHistorians,post,1650828536,negative
u64udi,AskReddit,post,1650256790,negative
ttdojh,AskReddit,post,1648772353,neutral
ttlb7m,AskReddit,post,1648799490,neutral
ttptby,AskReddit,post,1648817169,negative
ttt8w6,AskReddit,post,1648826343,negative
ttu0bc,AskReddit,post,1648828278,negative
ttu14p,AskReddit,post,1648828338,negative
ttu1cc,AskReddit,post,1648828353,neutral
ttvzna,AskReddit,post,1648833104,neutral
ttzx00,AskReddit,post,1648843026,negative
tu61iz,AskReddit,post,1648859710,negative
tu7edt,AskReddit,post,1648863960,neutral
tu7qtl,AskReddit,post,1648865018,neutral
tu8z9x,AskReddit,post,1648868902,negative
tunvpp,AskReddit,post,1648919500,neutral
tunw9g,AskReddit,post,1648919542,neutral
tuywp7,AskReddit,post,1648953471,negative
tuyy4d,AskReddit,post,1648953604,negative
tv014h,AskReddit,post,1648957163,negative
tv156x,AskReddit,post,1648961013,neutral
tv5s2p,AskReddit,post,1648979568,negative
tvbboh,AskReddit,post,1648998356,neutral
tvbsc8,AskReddit,post,1648999600,negative
tvbt5k,AskReddit,post,1648999663,neutral
tvcytl,AskReddit,post,1649002680,negative
tvduq0,AskReddit,post,1649004965,neutral
tvdwjx,AskReddit,post,1649005092,neutral
tvdxx2,AskReddit,post,1649005190,neutral
tvmp1r,AskReddit,post,1649027059,neutral
tvy5nu,AskReddit,post,1649065972,neutral
tw523j,AskReddit,post,1649086772,neutral
tw58av,AskReddit,post,1649087192,neutral
tw7cwz,AskReddit,post,1649092380,negative
twc120,AskReddit,post,1649103815,negative
twfa0p,AskReddit,post,1649111922,neutral
twrowu,AskReddit,post,1649153998,negative
tx1ve1,AskReddit,post,1649184176,neutral
txipps,AskReddit,post,1649239538,negative
txvj8z,AskReddit,post,1649277197,negative
ty52to,AskReddit,post,1649306238,negative
ty53wk,AskReddit,post,1649306354,negative
tyezwz,AskReddit,post,1649343720,negative
typmt5,AskReddit,post,1649373581,negative
typnql,AskReddit,post,1649373656,negative
tyz58q,AskReddit,post,1649407958,negative
tz80at,AskReddit,post,1649436964,negative
tzdrks,AskReddit,post,1649453153,negative
u03tck,AskReddit,post,1649542948,negative
u04maw,AskReddit,post,1649545487,neutral
u0ccdr,AskReddit,post,1649574518,neutral
u0lhqm,AskReddit,post,1649609093,negative
u0p3fa,AskReddit,post,1649619224,negative
u0rqjt,AskReddit,post,1649626797,negative
u0t6l2,AskReddit,post,1649631011,positive
u1690g,AskReddit,post,1649678926,neutral
u1cdus,AskReddit,post,1649696483,neutral
u1iqfj,AskReddit,post,1649714047,negative
u1ua4n,AskReddit,post,1649752775,neutral
u1uaz7,AskReddit,post,1649752874,neutral
u28lw6,AskReddit,post,1649795298,neutral
u2apu7,AskReddit,post,1649801108,neutral
u2je5v,AskReddit,post,1649829033,neutral
u2ky30,AskReddit,post,1649835597,neutral
u2ueff,AskReddit,post,1649867680,neutral
u2uy70,AskReddit,post,1649869169,neutral
u39maf,AskReddit,post,1649912489,negative
u3e360,AskReddit,post,1649931293,negative
u3eoxd,AskReddit,post,1649933544,neutral
u3kd4f,AskReddit,post,1649950858,neutral
u3lcei,AskReddit,post,1649953516,negative
u3m148,AskReddit,post,1649955405,negative
u3scd2,AskReddit,post,1649972985,neutral
u3z6j6,AskReddit,post,1649994369,negative
u3znuq,AskReddit,post,1649996007,negative
u3zov3,AskReddit,post,1649996104,negative
u3zr7d,AskReddit,post,1649996332,negative
u3zspn,AskReddit,post,1649996469,negative
u3zt7p,AskReddit,post,1649996518,negative
u40y8g,AskReddit,post,1650000834,neutral
u40yxb,AskReddit,post,1650000906,neutral
u436cr,AskReddit,post,1650010197,neutral
u46drc,AskReddit,post,1650023769,neutral
u48syk,AskReddit,post,1650031499,neutral
u48u6k,AskReddit,post,1650031599,neutral
u4a1y0,AskReddit,post,1650035036,negative
u4jt04,AskReddit,post,1650062613,neutral
u4lur0,AskReddit,post,1650069167,neutral
u506l5,AskReddit,post,1650122952,negative
u5452d,AskReddit,post,1650134201,neutral
u5m2p5,AskReddit,post,1650198596,negative
u5m2p6,AskReddit,post,1650198596,negative
u5o9xt,AskReddit,post,1650206060,negative
u5r65m,AskReddit,post,1650214611,negative
u5vyhm,AskReddit,post,1650228746,neutral
u5xj48,AskReddit,post,1650233373,neutral
u6gzyq,AskReddit,post,1650298738,negative
u6hdce,AskReddit,post,1650299736,neutral
u6uio8,AskReddit,post,1650335857,negative
u6ulhh,AskReddit,post,1650336095,negative
u6uo5o,AskReddit,post,1650336322,neutral
u77cnm,AskReddit,post,1650380845,negative
u77tks,AskReddit,post,1650382118,negative
u77xh8,AskReddit,post,1650382398,negative
u7f73n,AskReddit,post,1650401483,neutral
u7fm4k,AskReddit,post,1650402629,negative
u7mjqo,AskReddit,post,1650423270,neutral
u7qm87,AskReddit,post,1650438342,negative
u7qn3w,AskReddit,post,1650438450,negative
u7rb5k,AskReddit,post,1650441382,negative
u7xhpw,AskReddit,post,1650464057,negative
u7zb55,AskReddit,post,1650469101,neutral
u7zce1,AskReddit,post,1650469197,neutral
u7zd26,AskReddit,post,1650469244,neutral
u80w99,AskReddit,post,1650473396,negative
u81p3k,AskReddit,post,1650475543,neutral
u8ay8p,AskReddit,post,1650501570,negative
u8nby2,AskReddit,post,1650546658,negative
u8p6dy,AskReddit,post,1650552109,negative
u9ad3i,AskReddit,post,1650618882,neutral
u9o6zf,AskReddit,post,1650660072,neutral
u9o76g,AskReddit,post,1650660088,neutral
u9rsyb,AskReddit,post,1650670221,neutral
u9sc2o,AskReddit,post,1650671884,neutral
u9tfsw,AskReddit,post,1650675355,neutral
u9tgzw,AskReddit,post,1650675466,neutral
u9w4cb,AskReddit,post,1650684084,neutral
u9w52a,AskReddit,post,1650684154,neutral
u9w5xq,AskReddit,post,1650684241,neutral
u9w6eg,AskReddit,post,1650684286,neutral
u9wfwa,AskReddit,post,1650685189,negative
u9whib,AskReddit,post,1650685336,neutral
ua3tnt,AskReddit,post,1650715018,negative
ua7rfs,AskReddit,post,1650727381,neutral
ub5898,AskReddit,post,1650836908,negative
ubn1w7,AskReddit,post,1650898686,neutral
ubnf3n,AskReddit,post,1650899633,neutral
ubqs51,AskReddit,post,1650908408,negative
ubqudy,AskReddit,post,1650908565,neutral
ubzlrj,AskReddit,post,1650932231,negative
uc68a3,AskReddit,post,1650954773,negative
ucm5s0,AskReddit,post,1651005559,neutral
ucmh0v,AskReddit,post,1651006428,neutral
ud35uu,AskReddit,post,1651064844,neutral
ude2ks,AskReddit,post,1651094009,neutral
udj9xl,AskReddit,post,1651109139,neutral
udk6ao,AskReddit,post,1651111921,neutral
udly6h,AskReddit,post,1651117437,neutral
udvmkt,AskReddit,post,1651154296,neutral
udzlkb,AskReddit,post,1651164889,negative
udzmtz,AskReddit,post,1651164983,negative
udzrex,AskReddit,post,1651165298,negative
udzsp4,AskReddit,post,1651165390,neutral
ue0et1,AskReddit,post,1651167026,negative
ue0hcm,AskReddit,post,1651167212,negative
ue1ksb,AskReddit,post,1651170100,neutral
ue3uto,AskReddit,post,1651176211,negative
ue4dl1,AskReddit,post,1651177639,negative
ueie06,AskReddit,post,1651225976,neutral
uej99j,AskReddit,post,1651229722,neutral
ueoo8y,AskReddit,post,1651246792,negative
ueopx0,AskReddit,post,1651246922,negative
uf3o3k,AskReddit,post,1651293270,negative
uf3rfc,AskReddit,post,1651293611,negative
uf3spq,AskReddit,post,1651293747,negative
ufk7i9,AskReddit,post,1651353172,neutral
u9ivhh,Assistance,post,1650645505,negative
u76phr,AutoModerator,post,1650379167,neutral
u7p7tb,Brawlhalla,post,1650432582,neutral
u6c846,CasualUK,post,1650285687,positive
tyqc3t,Celiac,post,1649375723,positive
tz9apq,Christianity,post,1649440543,neutral
u0rmbk,Clemson,post,1649626460,neutral
txnrd8,Coachella,post,1649256203,neutral
u18zc3,Comcast_Xfinity,post,1649687128,neutral
u36z5l,DBZDokkanBattle,post,1649903398,neutral
ttul0v,DDLC,post,1648829687,neutral
tzn8ut,DeadBedrooms,post,1649485626,neutral
uazic2,Destiny,post,1650820728,neutral
u8dlp0,DippingTobacco,post,1650509848,negative
u6qh20,DynastyFF,post,1650323902,negative
u6qwpw,DynastyFF,post,1650325100,neutral
u6r0hu,DynastyFF,post,1650325405,neutral
u6t2tb,DynastyFF,post,1650331496,neutral
tyfkym,FashionReps,post,1649345408,negative
u9rcez,GameTheorists,post,1650668827,negative
tuhhk3,German,post,1648901601,neutral
ub73ck,GirlGamers,post,1650842392,negative
tupqde,GlobalOffensive,post,1648924265,negative
uedmrd,GrandTheftAutoV_PC,post,1651205632,negative
tv721l,IdiotsFightingThings,post,1648984798,negative
u8uwhz,IndiaInvestments,post,1650567719,neutral
u2ycux,LawSchool,post,1649878448,negative
u30c45,Minecraft,post,1649883844,negative
ucmsxa,ModSupport,post,1651007302,neutral
twpdum,ModSupport,post,1649143870,neutral
tvj4py,MonsterHunter,post,1649017917,neutral
u30bav,Music,post,1649883782,neutral
turdtd,NYYankees,post,1648928618,neutral
u3vo4b,NameThatSong,post,1649982928,negative
twie9a,NewGirl,post,1649119760,neutral
twzxjz,NewGirl,post,1649178901,neutral
txjyka,NewGirl,post,1649244435,negative
u7zffh,NewYorkMets,post,1650469425,positive
u9w2ks,NoMansSkyMods,post,1650683914,neutral
twqxfi,NoStupidQuestions,post,1649150756,neutral
u87y3b,OCD,post,1650492688,neutral
tz5cbl,PremierLeague,post,1649429666,negative
ttqjvc,PrequelMemes,post,1648819337,neutral
ttz6tq,RedHotChiliPeppers,post,1648841135,neutral
u1j608,Seattle,post,1649715154,neutral
twatyg,ShadowBan,post,1649100892,neutral
udzdlr,ShadowBan,post,1651164310,negative
tys0d1,Sims4,post,1649380982,neutral
ueg6py,SkincareAddiction,post,1651215718,neutral
u9e9d6,SquaredCircle,post,1650632840,negative
u3j15f,StardewValley,post,1649947140,negative
ucldfd,TheBlackList,post,1651003399,negative
u5yt2p,TownofSalemgame,post,1650237146,negative
u0auql,TrueOffMyChest,post,1649568199,negative
u2vrv9,Twitch,post,1649871380,neutral
tx1lxi,Vent,post,1649183465,negative
tv5yd3,Wales,post,1648980261,neutral
u7jmwm,autism,post,1650414108,negative
u395wb,baseballcirclejerk,post,1649910834,neutral
tu7w3f,bayarea,post,1648865476,negative
ubxhlt,bloodborne,post,1650926100,neutral
u01nky,borrow,post,1649536364,neutral
ttinbc,bulgaria,post,1648788828,negative
ubpvwg,cassetteculture,post,1650906047,neutral
tz90w1,cincinnati,post,1649439759,neutral
tvyu20,conspiracy,post,1649068573,neutral
txtkoa,conspiracy,post,1649271868,negative
u0xbnj,copypasta,post,1649644229,negative
u991k2,cringepics,post,1650613152,neutral
u9hdj5,cringepics,post,1650641501,negative
u9kt6u,cringepics,post,1650650788,negative
u9vagg,cringepics,post,1650681314,negative
uax10o,cringepics,post,1650813640,negative
uce874,cringepics,post,1650984423,negative
tzil7q,dating,post,1649468374,negative
ua1vow,depression,post,1650707163,neutral
ua245j,depression,post,1650708185,neutral
txqtu5,dirtyr4r,post,1649264460,negative
u5ckyf,earthbound,post,1650160008,neutral
uar137,gtaonline,post,1650792503,neutral
u21n44,h3h3productions,post,1649777028,negative
ttjbs2,h3h3productions,post,1648791348,negative
tu5jci,h3h3productions,post,1648858165,neutral
tzfhtw,h3h3productions,post,1649458229,neutral
u1msmj,h3h3productions,post,1649725635,negative
u1qult,h3h3productions,post,1649739540,neutral
u2bjch,h3h3productions,post,1649803794,negative
u2g10c,h3h3productions,post,1649817353,negative
u3rrto,h3h3productions,post,1649971374,positive
u4mto3,h3h3productions,post,1650072452,negative
tv1skw,halo,post,1648963337,neutral
twfj70,help,post,1649112594,negative
u2j7qw,help,post,1649828311,neutral
u75f0s,help,post,1650375604,neutral
tw6hzx,help,post,1649090306,negative
tubm30,help,post,1648878054,neutral
twnfm2,interestingasfuck,post,1649135957,negative
ua8qp1,ios,post,1650730122,negative
tu11aj,ireland,post,1648845906,negative
u3wxsi,lacrosse,post,1649986934,neutral
u47nve,latterdaysaints,post,1650027993,positive
tvtif6,magicTCG,post,1649047496,negative
tx4stx,memes,post,1649191880,negative
uasms4,memes,post,1650799221,neutral
u117tx,mildlyinfuriating,post,1649658513,negative
u11eja,mildlyinfuriating,post,1649659302,negative
tuptzx,mildlyinfuriating,post,1648924530,negative
udby48,modhelp,post,1651088466,neutral
u52n51,modhelp,post,1650129994,neutral
tw1zpg,modhelp,post,1649078819,neutral
u5d6g4,movies,post,1650162058,negative
u5dbih,movies,post,1650162550,negative
udtgja,nattyorjuice,post,1651147639,negative
u5p1wb,nukedmemes,post,1650208397,positive
u4ru4n,nukedmemes,post,1650090994,negative
u60ztg,nukedmemes,post,1650243980,positive
u5jfhz,nursing,post,1650187190,neutral
u2oxj6,oceans,post,1649852020,neutral
tv5508,osugame,post,1648976797,neutral
u5ulvx,osugame,post,1650224706,negative
tustx5,pakistan,post,1648932456,neutral
tytbr0,place,post,1649385241,neutral
twcy4u,place,post,1649106056,negative
tw942a,place,post,1649096649,negative
tvu4m0,place,post,1649049571,neutral
tvt0k0,place,post,1649045894,negative
tvhboa,place,post,1649013656,neutral
twbnv3,place,post,1649102909,negative
tvtnea,place,post,1649047961,neutral
tvt5l0,place,post,1649046345,neutral
tw1tb6,place,post,1649078315,neutral
tvtudd,place,post,1649048586,negative
tvp4rj,place,post,1649034141,neutral
tv8mf3,place,post,1648990514,negative
tw7zrp,place,post,1649093931,negative
tvo0o8,place,post,1649030859,neutral
u32ph3,place,post,1649890303,negative
tw5ohl,place,post,1649088270,negative
twazvn,place,post,1649101299,neutral
tv68yo,place,post,1648981490,negative
txlnuh,prolife,post,1649250113,neutral
tw52ia,quittingkratom,post,1649086800,neutral
u4y5z0,raisedbyborderlines,post,1650116815,positive
uf54q1,redditrequest,post,1651299150,neutral
u5msqm,redditrequest,post,1650201189,neutral
tywzl6,redditrequest,post,1649398430,neutral
tvyoie,redditrequest,post,1649067977,neutral
u714fl,redditrequest,post,1650360828,neutral
u9xt3y,redditrequest,post,1650690023,neutral
tw6yck,redditrequest,post,1649091411,neutral
tv3dp3,redditrequest,post,1648969557,neutral
u8gtg0,redditrequest,post,1650521315,neutral
tw848b,redditrequest,post,1649094231,neutral
u8pgto,redditrequest,post,1650552919,neutral
twn35u,redditrequest,post,1649134701,neutral
u30bho,redditrequest,post,1649883796,neutral
u2jj1f,redditrequest,post,1649829572,neutral
tysru1,redditrequest,post,1649383453,neutral
u4d1qq,redditrequest,post,1650043361,neutral
u5qg36,redditrequest,post,1650212481,neutral
u8xot9,redditrequest,post,1650575410,neutral
ueuqrg,redditrequest,post,1651263941,neutral
ubeghu,redditrequest,post,1650867620,neutral
u1m9dj,runescape,post,1649724065,neutral
u1066u,shanghai,post,1649654334,neutral
ueq988,skyrimmods,post,1651251204,neutral
uafu3p,socialism,post,1650751006,negative
u0xb8w,sportsbook,post,1649644200,neutral
txzi99,starwarsmemes,post,1649288395,negative
udy8ou,stocks,post,1651161345,negative
u55aic,surrealmemes,post,1650137494,negative
u55uuj,surrealmemes,post,1650139152,neutral
u8z593,teenagers,post,1650579553,negative
uca94n,teenagers,post,1650972172,neutral
u0db81,teenagers,post,1649578982,neutral
uewc1n,teenagers,post,1651268549,negative
tz58w2,teenagers,post,1649429393,negative
ud1vy5,tennis,post,1651060833,neutral
uddu66,unpopularopinion,post,1651093386,negative
tuz8av,unpopularopinion,post,1648954513,negative
tvyqv6,uruguay,post,1649068229,neutral
tts7t8,vzla,post,1648823797,neutral
u5c0jt,warriors,post,1650158117,neutral
u7gx5q,weddingplanning,post,1650406146,negative
u8ckwe,whatsthisbug,post,1650506602,neutral
u6c908,ARK,post,1650285767,negative
ucu42r,ApplyingToCollege,post,1651029718,neutral
tv5uv8,AskReddit,post,1648979899,negative
ty7vk1,AskReddit,post,1649317547,neutral
u9mi61,Assistance,post,1650655418,neutral
u5yfii,AutoModerator,post,1650236046,neutral
u3kvzy,AutoModerator,post,1649952271,neutral
u7o316,AutoModerator,post,1650428349,neutral
txw6b6,AwesomeCarMods,post,1649278894,neutral
tv4vhx,Bitcoin,post,1648975730,neutral
u85m67,Boruto,post,1650486265,negative
tysyqa,Boxing,post,1649384076,neutral
tzcy51,Boxing,post,1649450829,neutral
uff2qi,Brawlstars,post,1651337556,neutral
tth3k1,Browns,post,1648783412,negative
u4mojb,Buttcoin,post,1650071956,negative
u97ctk,Chameleons,post,1650606251,positive
ue4zgg,ClubPenguin,post,1651179268,neutral
u5hoky,ClubPenguin,post,1650179441,negative
uduuso,Comcast_Xfinity,post,1651152049,neutral
u0e5zd,Cricket,post,1649583011,neutral
u8dvzp,CryptoCurrency,post,1650510717,negative
u9gqf5,EliteDangerous,post,1650639775,negative
tuxqa1,EndlessWar,post,1648949836,negative
u0mnif,EnglishLearning,post,1649612378,neutral
tzfaun,FanFiction,post,1649457652,positive
u8mxzz,FinalFantasy,post,1650545524,neutral
u0a9v2,ForeverAloneDating,post,1649565836,positive
tvluy7,FortNiteBR,post,1649024822,negative
u8ml8r,G59,post,1650544404,neutral
ua7538,JustUnsubbed,post,1650725609,negative
tye9ur,LifeAfterNarcissism,post,1649341702,negative
ubjger,Minecraft,post,1650887963,neutral
u9xy8w,ModSupport,post,1650690576,negative
u4bycu,ModSupport,post,1650040361,neutral
u2uco7,MtF,post,1649867551,positive
tw4aq6,NYGiants,post,1649084840,negative
ueqbx5,NoStupidQuestions,post,1651251411,negative
tw1lco,OhioStateFootball,post,1649077669,neutral
tyg678,OnePunchMan,post,1649347050,neutral
tu0i6z,Philippines,post,1648844530,neutral
ttl83t,PrequelMemes,post,1648799112,negative
u65yxd,RBI,post,1650261159,neutral
ufm406,ShadowBan,post,1651359131,neutral
u4qdxt,ShitPoliticsSays,post,1650085067,negative
ub1i16,SonicTheHedgehog,post,1650826319,negative
u45f1c,Stellaris,post,1650020124,negative
u8cbfc,SubredditDrama,post,1650505790,negative
tu9tov,SuicideWatch,post,1648871695,negative
u2c2kf,TheUnderbun,post,1649805302,negative
u19rov,TrueOffMyChest,post,1649689317,neutral
ueouox,TrueOffMyChest,post,1651247285,neutral
tw20mf,TrueOffMyChest,post,1649078893,negative
ttl423,Volvo,post,1648798616,neutral
uc6rn7,WayOfTheBern,post,1650957066,negative
typbob,WhitePeopleTwitter,post,1649372648,neutral
twtxf0,amiugly,post,1649162113,neutral
txqfc9,armenia,post,1649263389,negative
txqkt8,armenia,post,1649263809,negative
tu359z,askgaybros,post,1648851377,negative
u8hqk0,aspergers,post,1650525183,neutral
u6gkqo,autism,post,1650297651,positive
ty4fd9,bisexual,post,1649304003,neutral
u5ftos,boardgames,post,1650171569,negative
u83hk7,bowhunting,post,1650480465,neutral
u1zvg2,brandnew,post,1649772227,neutral
ucjb8r,bugs,post,1650997876,negative
tua56l,cats,post,1648872769,neutral
u8ut7r,conspiracy,post,1650567475,neutral
u8utsa,conspiracy,post,1650567517,neutral
u8uuea,conspiracy,post,1650567565,neutral
u3pftb,copypasta,post,1649964914,neutral
u98wqa,copypasta,post,1650612561,negative
u4yh1d,discordapp,post,1650117771,negative
ubqlcw,elonmusk,post,1650907903,negative
u6mfdn,forsen,post,1650313017,positive
u5852c,funny,post,1650145914,positive
uaxd42,hapas,post,1650814588,negative
u9qeov,heat,post,1650666148,negative
u8ysym,help,post,1650578559,neutral
u1yc9f,help,post,1649767827,negative
tuzcoh,horizon,post,1648954908,negative
tzg4gt,ideasfortheadmins,post,1649460118,neutral
uc3g4o,italy,post,1650944221,negative
tzohhg,leaves,post,1649491072,negative
u201i6,legostarwars,post,1649772684,negative
ufmfdc,legostarwars,post,1651360134,negative
udln0p,lgbt,post,1651116432,negative
u3l6po,marvelstudios,post,1649953085,positive
u6zfcz,marvelstudios,post,1650353509,negative
ucxu58,marvelstudios,post,1651043976,neutral
uabemj,medicine,post,1650737788,positive
ua8kuz,mildlyinfuriating,post,1650729677,negative
ueoytq,mildlyinfuriating,post,1651247604,negative
txq24n,modhelp,post,1649262340,neutral
u4e7c0,modhelp,post,1650046525,neutral
tuc4hb,mylittlepony,post,1648880092,negative
u8z5su,nbacirclejerk,post,1650579600,neutral
u9eb1u,nbacirclejerk,post,1650632976,positive
uayaof,neoliberal,post,1650817258,neutral
txo3a1,nfl,post,1649257101,negative
tzx07r,nfl,post,1649522414,negative
ueyuox,nfl,post,1651276384,negative
tz7bk9,northernireland,post,1649435046,neutral
u5fzoh,nursing,post,1650172215,neutral
uecll6,opiates,post,1651202179,neutral
u6qb6d,options,post,1650323461,negative
tvwgnw,place,post,1649058826,negative
u7z4gx,place,post,1650468593,negative
ty9b68,place,post,1649324119,negative
tvsxl4,place,post,1649045609,neutral
tw9i3w,place,post,1649097619,neutral
twadwi,place,post,1649099792,negative
tww16s,place,post,1649168361,neutral
tvt82o,place,post,1649046576,negative
tvt90m,place,post,1649046651,negative
twajfu,place,post,1649100170,negative
tvu6zn,place,post,1649049796,neutral
tvd1ko,place,post,1649002871,negative
tv8n2q,place,post,1648990576,negative
tw7xq0,place,post,1649093794,negative
tw2saa,place,post,1649080974,negative
twglm2,place,post,1649115030,negative
tvu0e5,place,post,1649049163,negative
tw8pf0,place,post,1649095646,neutral
tunqvg,place,post,1648919174,neutral
tul5x7,place,post,1648912526,negative
tvulip,place,post,1649051237,neutral
tvyzdw,place,post,1649069153,negative
tvyzqc,place,post,1649069188,negative
tva00f,place,post,1648994622,neutral
tvulpp,place,post,1649051258,negative
tvumjj,place,post,1649051347,negative
tvttac,place,post,1649048479,negative
tvagsm,place,post,1648996005,negative
tv6kbu,place,post,1648982823,negative
ucbdxl,pokemon,post,1650975987,neutral
twb1ho,poland,post,1649101420,neutral
txc7ld,preppers,post,1649213689,neutral
u63cp0,realmadrid,post,1650251539,neutral
u7mclh,redditrequest,post,1650422628,neutral
ubegt1,redditrequest,post,1650867653,neutral
u898c5,redditrequest,post,1650496397,negative
u82lyh,redditrequest,post,1650478021,neutral
u1cw6j,redditrequest,post,1649697824,neutral
twf2wy,redditrequest,post,1649111411,neutral
u814g2,redditrequest,post,1650473998,neutral
ud32j9,redditrequest,post,1651064582,neutral
udw2pd,redditrequest,post,1651155498,neutral
u06mmw,redditrequest,post,1649552362,neutral
tx6r3y,redditrequest,post,1649197121,neutral
tx6uu6,redditrequest,post,1649197410,neutral
udqjom,redditrequest,post,1651135731,neutral
u57wma,redditrequest,post,1650145219,neutral
u9g4v9,redditrequest,post,1650638142,neutral
tzyq5n,redditrequest,post,1649527495,neutral
twxx1m,redditrequest,post,1649173507,neutral
u2s8ct,redditrequest,post,1649861920,neutral
tui5oc,redditrequest,post,1648903841,neutral
tthfdn,redditrequest,post,1648784524,neutral
tvbj0t,redditrequest,post,1648998918,neutral
u31rlj,redditrequest,post,1649887621,neutral
ubqwj6,redditrequest,post,1650908723,neutral
u8p64v,redditrequest,post,1650552089,neutral
ubbafv,redditrequest,post,1650855894,neutral
tyg4io,redditrequest,post,1649346919,neutral
tzqd81,redditrequest,post,1649499699,neutral
ubeucr,redditrequest,post,1650869259,neutral
u5egho,redditrequest,post,1650166537,neutral
uahd87,regina,post,1650755788,positive
u24ct5,runescape,post,1649784110,neutral
u2luva,schizophrenia,post,1649839761,negative
u1kw8e,sex,post,1649720002,neutral
u9oppm,socalhiking,post,1650661477,neutral
u4pcdw,teenagers,post,1650081140,neutral
u6yoln,teenagers,post,1650350439,neutral
ubd2z6,teenagers,post,1650862297,neutral
u89880,teenagers,post,1650496386,neutral
ty8d89,teenagers,post,1649319791,neutral
u9l3v7,teenagers,post,1650651587,negative
ttnpoa,tf2,post,1648809931,neutral
u04gg2,tf2,post,1649544973,neutral
u1fojz,tf2,post,1649706182,negative
u1gyyr,tf2,post,1649709531,neutral
u49lkr,tf2,post,1650033777,neutral
tvyp1v,theblackvoid,post,1649068037,negative
tum2nv,torontoraptors,post,1648914995,neutral
u7ck0g,torontoraptors,post,1650394486,neutral
ueiyfm,totalwarhammer,post,1651228407,negative
ueqn1w,totalwarhammer,post,1651252229,neutral
u02mny,trans,post,1649539335,neutral
ued4q7,trans,post,1651203917,positive
u3w5q6,uAlberta,post,1649984480,neutral
tzzlc9,ukraine,post,1649530125,negative
u4wsi7,2007scape,post,1650112209,neutral
u3yy9x,ACTrade,post,1649993586,neutral
u4otec,ARK,post,1650079276,neutral
uc6b45,ARK,post,1650955114,neutral
u2gjgd,Anarcho_Capitalism,post,1649818964,negative
ttv3j0,ApplyingToCollege,post,1648830942,neutral
tymob0,AskMenOver30,post,1649365116,positive
txbq5u,AskReddit,post,1649212115,negative
tuw9ty,Autoflowers,post,1648941914,negative
ue3trs,BatmanArkham,post,1651176137,neutral
tw117m,CarletonU,post,1649076020,negative
u4flhk,ClashOfClans,post,1650050426,negative
uex0p4,Coffee,post,1651270569,negative
u6x3t3,Destiny,post,1650344395,neutral
tua9ge,EscapefromTarkov,post,1648873194,negative
ua5m46,FanFiction,post,1650721011,positive
u466o2,GhostRecon,post,1650023038,neutral
tu8ifr,HamRadio,post,1648867439,neutral
tx1v1k,LeagueOfMemes,post,1649184148,negative
u2n6i5,LeagueOfMemes,post,1649845540,negative
ubljc3,MensRights,post,1650894372,neutral
tyxvhs,Minecraft,post,1649402163,negative
tzwlyl,ModSupport,post,1649521257,neutral
u40chz,NiceHash,post,1649998525,neutral
u1upd7,NoStupidQuestions,post,1649754593,negative
ttk3a2,OnePiece,post,1648794329,positive
u33swi,Piracy,post,1649893472,neutral
ttvg0w,PrequelMemes,post,1648831776,neutral
u73o5j,Roleplay,post,1650370277,neutral
tx1vol,Sexsells,post,1649184196,positive
tx4bx9,Sexsells,post,1649190653,positive
tts54m,Tacoma,post,1648823602,positive
u1dpnj,Teachers,post,1649700004,negative
uem95a,TheSilphRoad,post,1651239896,neutral
u2yymm,TrueOffMyChest,post,1649880119,neutral
u4q6ec,TrueOffMyChest,post,1650084238,negative
ty5kaq,TwoXChromosomes,post,1649308057,positive
ubxjtj,TwoXChromosomes,post,1650926276,negative
u4cibw,UkrainianConflict,post,1650041916,negative
uauw3l,Vent,post,1650807244,negative
u0j237,Warthunder,post,1649601920,neutral
uax9zc,Warthunder,post,1650814352,neutral
tyg1pn,WatchRedditDie,post,1649346697,negative
tv702r,Whatcouldgowrong,post,1648984574,negative
tvhcbg,WorldofTanksConsole,post,1649013696,negative
tzabbl,XXXTENTACION,post,1649443352,neutral
uakj6v,XXXTENTACION,post,1650766497,neutral
two1j1,anonymous,post,1649138310,negative
u8llqw,apolloapp,post,1650541209,neutral
tuob5p,battlecats,post,1648920601,neutral
tuaf3u,betterCallSaul,post,1648873725,neutral
u1ggdo,biology,post,1649708241,neutral
uexydx,bourbon,post,1651273442,positive
tult78,cats,post,1648914300,neutral
tu2g6j,conspiracy,post,1648849541,negative
tulr6u,copypasta,post,1648914144,neutral
twwmxj,copypasta,post,1649170001,neutral
u7efad,copypasta,post,1650399413,neutral
u82tya,copypasta,post,1650478643,negative
ttk4oy,dankmemes,post,1648794494,neutral
ttnnxh,dankmemes,post,1648809727,negative
tuje13,dankmemes,post,1648907658,negative
tvwmvv,dankmemes,post,1649059541,negative
tw6s6x,dankmemes,post,1649091001,neutral
tw6vy7,dankmemes,post,1649091244,neutral
tyxhnj,dankmemes,post,1649400529,neutral
tz938r,dankmemes,post,1649439944,neutral
tz958b,dankmemes,post,1649440105,neutral
u0kkbs,dankmemes,post,1649606400,neutral
u3gdwy,dankmemes,post,1649939221,positive
u3kk81,dankmemes,post,1649951406,neutral
u5zmeb,dankmemes,post,1650239693,negative
u8a49h,dankmemes,post,1650499086,positive
u9dk9z,dankmemes,post,1650630734,negative
uepzf9,dankmemes,post,1651250428,neutral
uflu3x,dankmemes,post,1651358231,positive
u34oco,facebook,post,1649896169,neutral
udklrq,ferrets,post,1651113206,positive
u2v7fk,fivenightsatfreddys,post,1649869842,neutral
tzivry,gonewild,post,1649469360,neutral
tvfwtn,guitars,post,1649010150,negative
ttwxgr,halifax,post,1648835426,neutral
u7ms65,halifax,post,1650423989,negative
u7mtny,halifax,post,1650424119,negative
u7arwl,help,post,1650389903,neutral
udy761,help,post,1651161232,neutral
u26zfh,help,post,1649790994,neutral
u60ype,help,post,1650243887,neutral
u29e69,hockey,post,1649797354,neutral
u8agm8,horror,post,1650500088,positive
u06hqo,huntersbell,post,1649551868,neutral
udhbx5,indianapolis,post,1651103195,neutral
u7arul,lawschooladmissions,post,1650389899,neutral
u9x0f4,linuxmasterrace,post,1650687091,negative
tw5cme,magicTCG,post,1649087486,negative
tw33iw,magicthecirclejerking,post,1649081803,positive
u2opp7,mildlyinfuriating,post,1649851304,negative
ubls3y,minecraftsuggestions,post,1650895098,neutral
uacukm,modhelp,post,1650742017,neutral
udukhc,modhelp,post,1651151194,neutral
u0ox67,osugame,post,1649618719,neutral
uas5b0,osugame,post,1650797294,neutral
tzy6xb,pics,post,1649525943,neutral
u1ryxs,pics,post,1649743737,negative
u5idu7,pics,post,1650182531,neutral
ucjbvl,pics,post,1650997919,negative
tv2mcq,place,post,1648966516,negative
tw3jtr,place,post,1649082933,neutral
tvu16v,place,post,1649049240,negative
twdwds,place,post,1649108406,negative
tvupve,place,post,1649051690,negative
tvjag9,place,post,1649018323,neutral
tvuqzj,place,post,1649051807,negative
tv9ag0,place,post,1648992557,negative
tvtfqs,place,post,1649047242,negative
tvahqj,place,post,1648996078,neutral
tvtyr9,place,post,1649049003,negative
tw84at,place,post,1649094235,negative
txnc33,place,post,1649255004,negative
tvhsfo,place,post,1649014718,negative
tvhsx0,place,post,1649014749,negative
tvu0lj,place,post,1649049185,neutral
tvo5qm,place,post,1649031293,negative
ttuvom,place,post,1648830401,neutral
tw683u,place,post,1649089628,neutral
tvzkrc,place,post,1649071249,negative
tvuvj6,place,post,1649052270,neutral
u0h5xe,redditrequest,post,1649595808,neutral
twybox,redditrequest,post,1649174548,neutral
u8aszl,redditrequest,post,1650501132,neutral
u80pa1,redditrequest,post,1650472868,neutral
u2451q,redditrequest,post,1649783546,neutral
tuyfra,redditrequest,post,1648951991,neutral
tzy6ns,redditrequest,post,1649525922,neutral
tzsvae,redditrequest,post,1649509750,neutral
u5p6yb,redditrequest,post,1650208816,neutral
u1ss2g,redditrequest,post,1649746212,neutral
ucm0dg,redditrequest,post,1651005161,neutral
tx5inz,redditrequest,post,1649193735,neutral
tu236b,redditrequest,post,1648848592,neutral
ub3grb,redditrequest,post,1650831900,negative
ub3j1v,redditrequest,post,1650832089,negative
ucoo11,redditrequest,post,1651012523,neutral
tz1urm,rpg,post,1649419003,negative
ubdpcw,runescape,post,1650864639,positive
u8edei,shanghai,post,1650512351,negative
ubb3la,skyrimmods,post,1650855267,neutral
u9dkmm,summonerschool,post,1650630769,neutral
u4mjqc,teenagers,post,1650071499,neutral
uepoie,teenagers,post,1651249557,negative
ubd1x5,teenagers,post,1650862185,negative
ublwmf,teenagers,post,1650895416,neutral
u2cv0e,toastme,post,1649807666,positive
u37d04,torontoraptors,post,1649904656,positive
u24adb,touhou,post,1649783933,neutral
u0se4l,travisscott,post,1649628634,neutral
ubohvl,uwaterloo,post,1650902448,neutral
u805pn,vaporents,post,1650471415,negative
u0fr0q,vegancirclejerk,post,1649590368,negative
ue339w,wallstreetbets,post,1651174182,negative
tyn6ec,wallstreetbets,post,1649366473,negative
udd64e,wallstreetbets,post,1651091672,negative
ue3959,wallstreetbets,post,1651174627,negative
tx4zex,walmart,post,1649192353,negative
u97ah7,warriors,post,1650605987,neutral
u16bmh,windows,post,1649679170,negative
ub7gc6,ADHD,post,1650843549,neutral
u1327d,AVoid5,post,1649666627,negative
tvydni,AskMen,post,1649066788,neutral
u3arjc,AskReddit,post,1649917200,negative
ubypax,AskReddit,post,1650929560,neutral
uay7nt,AskReddit,post,1650817013,neutral
u0j02x,AskReddit,post,1649601748,neutral
u6keg2,AskReddit,post,1650307719,neutral
u6lprf,AskReddit,post,1650311196,neutral
tz274p,AskReddit,post,1649420140,neutral
twvd9p,AskReddit,post,1649166513,neutral
tyf0ya,Assistance,post,1649343801,neutral
uffmne,AutoModerator,post,1651339198,negative
u2n8za,Boxing,post,1649845817,negative
u54w6e,Brawlstars,post,1650136325,negative
u0tmdq,CHICubs,post,1649632314,neutral
u6b8a7,CasualUK,post,1650282485,negative
u05jzy,Colts,post,1649548623,neutral
tz8ycq,ConspiracyMemes,post,1649439560,neutral
tvhkp8,DDLC,post,1649014217,neutral
u93k4x,Denmark,post,1650593068,neutral
u16bki,FL_Studio,post,1649679165,negative
u6qf74,GIRLSundPANZER,post,1650323765,negative
u2fjcr,GreenBayPackers,post,1649815831,neutral
u32ugr,HollowKnight,post,1649890701,neutral
tvhric,Honda,post,1649014656,neutral
tvpkxe,LivestreamFail,post,1649035469,neutral
uc3ea1,MensRights,post,1650944048,negative
uc3fjf,MensRights,post,1650944162,neutral
u4b3zj,ModSupport,post,1650038035,negative
txxsjn,ModSupport,post,1649283334,neutral
u5973m,ModSupport,post,1650149089,neutral
tvo00h,MurderedByWords,post,1649030808,negative
ub80zx,NarcissisticAbuse,post,1650845355,neutral
u8ilko,Neverbrokeabone,post,1650529048,neutral
udsun2,NoSleepOOC,post,1651145451,neutral
tywf14,NoStupidQuestions,post,1649396149,negative
uf1pvt,NoStupidQuestions,post,1651286231,negative
ttdje9,OpTicGaming,post,1648771907,negative
ub9te5,Overwatch,post,1650851017,negative
u2kbn6,PoliticalHumor,post,1649832856,neutral
ttr7b0,PrequelMemes,post,1648821145,neutral
u8uzsq,Sacramento,post,1650567965,neutral
u17edu,Sat,post,1649682564,neutral
tvvyh3,ShadowBan,post,1649056627,neutral
tumgfx,Spiderman,post,1648915997,neutral
tvg4lq,SquaredCircle,post,1649010720,positive
u9cuke,Tinder,post,1650628435,neutral
tzunwj,TrueOffMyChest,post,1649515566,negative
ub8i61,Vent,post,1650846876,negative
u4ript,VictoriaBC,post,1650089639,negative
tw3pk5,WWE,post,1649083346,negative
tv39su,WatchRedditDie,post,1648969145,negative
tzj34y,WatchRedditDie,post,1649470023,negative
u02rr2,WatchRedditDie,post,1649539765,negative
u0y3p1,WatchRedditDie,post,1649646821,negative
u58niz,WatchRedditDie,post,1650147458,negative
u82yb5,WatchRedditDie,post,1650478980,negative
uagw4z,WatchRedditDie,post,1650754293,negative
uf9tzh,WatchRedditDie,post,1651320715,negative
tw8f7v,acting,post,1649094979,positive
u5hg8r,alberta,post,1650178435,negative
u12w5c,antinatalism,post,1649665863,negative
u3mhaf,askaconservative,post,1649956623,negative
u5uk0w,askgaybros,post,1650224554,negative
uf95r4,baldursgate,post,1651317979,neutral
u0y5iu,bangtan,post,1649646992,neutral
u1612l,bigdickproblems,post,1649678221,neutral
ueqxim,bodymods,post,1651253044,positive
u25f8l,buccos,post,1649786907,neutral
txc4fo,cfs,post,1649213403,neutral
u57u2g,chch,post,1650145013,neutral
u8axnh,chess,post,1650501518,neutral
u840ak,conspiracy,post,1650481874,negative
ueb7mh,crossdressing,post,1651197791,neutral
uf6clm,cscareerquestions,post,1651304753,neutral
uacgon,dataisbeautiful,post,1650740859,negative
u30zk1,democrats,post,1649885569,negative
u5rhg5,diablo3,post,1650215519,negative
u8z4te,discordapp,post,1650579516,negative
u22dpc,discordapp,post,1649779004,negative
tvln34,gmod,post,1649024257,neutral
u0qasq,gmod,post,1649622637,negative
u0qc4w,gmod,post,1649622741,negative
u6terv,gmod,post,1650332488,neutral
uesodr,gmod,post,1651258047,neutral
uf7t5a,gmod,post,1651311812,neutral
u4dx1b,greentext,post,1650045760,neutral
u514ho,headphones,post,1650125643,positive
udjt0d,help,post,1651110794,negative
u0ssle,help,post,1649629825,neutral
u4xy1k,help,post,1650116108,neutral
u1ye10,help,post,1649767981,neutral
ue7z6q,help,post,1651187640,negative
tvd73t,islam,post,1649003276,negative
u2j77f,memes,post,1649828254,neutral
u2f2wa,memes,post,1649814433,neutral
u3rcjs,mildlyinfuriating,post,1649970191,neutral
u8nptc,modhelp,post,1650547838,neutral
u5axvd,modhelp,post,1650154582,neutral
u3p1lc,moviescirclejerk,post,1649963811,neutral
uc2rvl,moviescirclejerk,post,1650942028,negative
uez686,moviescirclejerk,post,1651277438,negative
u31au0,needamod,post,1649886383,neutral
ucm83u,ottawa,post,1651005732,neutral
tvbbpd,place,post,1648998359,negative
tv67nm,place,post,1648981331,negative
tuirbt,place,post,1648905747,neutral
tv8xuk,place,post,1648991479,negative
tva8nt,place,post,1648995335,negative
twakht,place,post,1649100244,negative
tv86p7,place,post,1648989002,negative
tvzzd0,place,post,1649072674,neutral
tv552j,place,post,1648976805,negative
tuakh2,place,post,1648874246,negative
tw5u9o,place,post,1649088672,positive
twytvd,place,post,1649175944,negative
tvu1mp,place,post,1649049286,neutral
tzegbw,place,post,1649455174,negative
tvn0ek,popping,post,1649027973,neutral
ueer6u,ptsd,post,1651209766,neutral
u1o25r,reactiongifs,post,1649729401,neutral
uc1s29,redditdev,post,1650938920,neutral
tvv5pa,redditrequest,post,1649053387,neutral
tyzj90,redditrequest,post,1649409630,neutral
tu9vxk,redditrequest,post,1648871913,neutral
tzdcce,redditrequest,post,1649451923,neutral
u3jbpc,redditrequest,post,1649947970,neutral
u3qt7y,redditrequest,post,1649968706,neutral
tvo7nk,redditrequest,post,1649031454,neutral
tw5n4i,redditrequest,post,1649088178,neutral
u5lacu,roblox,post,1650195464,negative
u3kx2j,sixers,post,1649952351,neutral
u6u1lv,sixers,post,1650334417,neutral
uaxnz2,sixers,post,1650815452,neutral
u51ay5,soccercirclejerk,post,1650126157,neutral
tudre1,spotify,post,1648886754,negative
udbqm2,spotify,post,1651087906,neutral
uc1rgl,teenagers,post,1650938870,neutral
txag60,teenagers,post,1649208158,neutral
udnb3a,teenagers,post,1651122171,neutral
u35xq9,torontoraptors,post,1649900110,neutral
uboq9u,transgendercirclejerk,post,1650903035,negative
tuwbuu,ukraine,post,1648942076,negative
ua4loi,unpopularopinion,post,1650717709,negative
u8xz7x,unpopularopinion,post,1650576224,negative
tvs3q3,utopiatv,post,1649043006,negative
u1rzbl,vexillologycirclejerk,post,1649743753,neutral
u63thk,vexillologycirclejerk,post,1650253138,neutral
u9xwfz,wallstreetbets,post,1650690374,positive
u3rimy,2007scape,post,1649970659,negative
u2pfea,6thForm,post,1649853677,neutral
u5gq2w,AmItheAsshole,post,1650175221,neutral
u2hpjq,Anki,post,1649822832,negative
ue5t9x,Anxiety,post,1651181441,neutral
tytqrk,Aquariums,post,1649386620,neutral
u4txe7,Aquariums,post,1650100229,neutral
u8vask,Aquariums,post,1650568802,negative
u4gm9d,ArtistLounge,post,1650053295,neutral
u8pvb3,AskReddit,post,1650554008,neutral
u7dqc1,AskReddit,post,1650397598,neutral
uabkmb,AskReddit,post,1650738260,negative
u4bo0k,AskReddit,post,1650039571,neutral
uc6mq0,AskReddit,post,1650956473,neutral
twkhc5,AskReddit,post,1649125950,negative
tx6ped,AskReddit,post,1649196982,negative
u4h85t,AskThe_Donald,post,1650055044,negative
ufiqok,AtlantaUnited,post,1651348644,neutral
udjffv,BPD,post,1651109611,negative
ubzl5w,BPD,post,1650932181,neutral
u11akd,Barca,post,1649658829,negative
tvora1,Blep,post,1649033057,neutral
tx607v,Buddhism,post,1649195036,negative
u3s8xz,CCW,post,1649972706,negative
tuq772,Celiac,post,1648925515,positive
tua7jy,Chevy,post,1648873011,negative
ubt3t6,Christianity,post,1650914559,negative
ttys4j,ClashRoyale,post,1648840085,negative
tzh5u7,ClashRoyale,post,1649463473,negative
ubg081,ClashRoyale,post,1650874272,negative
tuzkwz,CollegeBasketball,post,1648955690,negative
tuzx7d,CollegeBasketball,post,1648956811,negative
u1avm9,Comcast_Xfinity,post,1649692505,neutral
u3skbw,DDLC,post,1649973624,neutral
u4jtnj,DDLC,post,1650062668,neutral
txjlq6,FortNiteBR,post,1649243061,positive
u0gij3,FortNiteBR,post,1649593448,negative
u9wiuy,FortNiteBR,post,1650685458,neutral
ubr7jq,FortNiteBR,post,1650909559,negative
ubrbgu,FortNiteBR,post,1650909830,negative
ufezq0,FortNiteBR,post,1651337307,negative
u5vgti,GhostAdventures,post,1650227292,neutral
uew6f3,HeistTeams,post,1651268081,neutral
tyvoqz,Instagram,post,1649393407,negative
u2ny00,Instagram,post,1649848519,neutral
u1fmpv,JonTron,post,1649706046,neutral
tvh1a7,Kuwait,post,1649013016,negative
txzciu,LawSchool,post,1649287885,neutral
ud4y4j,LegalAdviceUK,post,1651069879,neutral
u2tozj,Malazan,post,1649865794,neutral
u0q77o,ModSupport,post,1649622353,neutral
ubtgyr,ModSupport,post,1650915522,negative
uf97hj,ModSupport,post,1651318201,neutral
tz4yqs,ModSupport,post,1649428598,negative
ue9rrq,NYGiants,post,1651193335,neutral
ucq07n,NoStupidQuestions,post,1651016496,neutral
ue728l,PetiteGoneWild,post,1651184953,neutral
ucwtkk,PiratedGames,post,1651039798,neutral
ttre4d,PrequelMemes,post,1648821632,neutral
u6v85m,ProtectAndServe,post,1650338040,neutral
u30nrm,Psychedelics,post,1649884698,neutral
ud4099,Rammstein,post,1651067306,neutral
u8259d,Rants,post,1650476790,negative
ucnyeg,Rants,post,1651010515,negative
tulmr0,SCJerk,post,1648913811,neutral
u5e28f,SSBM,post,1650165142,negative
uakv3q,SaltLakeCity,post,1650767667,negative
tts8e5,Scotland,post,1648823839,neutral
u86tbx,ScottishFootball,post,1650489566,negative
twqdbk,ShadowBan,post,1649148232,negative
twc34g,ShitLiberalsSay,post,1649103964,neutral
ufa7tl,ShitLiberalsSay,post,1651322179,negative
ufac2w,ShitLiberalsSay,post,1651322627,negative
txr6c3,Sims4,post,1649265396,neutral
u520aw,SquaredCircle,post,1650128178,neutral
tvr7j4,SuicideWatch,post,1649040224,positive
uepbu9,Tennesseetitans,post,1651248567,neutral
u6mych,Terraria,post,1650314401,neutral
ucpck7,Terraria,post,1651014488,neutral
tvn1zp,Theatre,post,1649028096,neutral
u2u72d,Twitch,post,1649867144,neutral
ttpabo,TwoBestFriendsPlay,post,1648815465,neutral
udppl1,UCSD,post,1651131921,neutral
tthp29,UpliftingNews,post,1648785452,negative
ucskk5,Vermintide,post,1651024613,negative
uekfid,VinylCollectors,post,1651233953,neutral
uekh1g,VinylCollectors,post,1651234098,neutral
uekm36,VinylCollectors,post,1651234580,neutral
u9kpez,WaltDisneyWorld,post,1650650507,neutral
u92rp9,WatchRedditDie,post,1650590569,neutral
u2rte4,WatchRedditDie,post,1649860760,negative
ty8762,WatchRedditDie,post,1649319008,negative
tx43hz,Wavesplatform,post,1649190030,negative
uanfky,WorldofTanks,post,1650777247,negative
u34heu,albiononline,post,1649895568,neutral
u9bd7g,antinatalism,post,1650622981,neutral
ty01g9,asexuality,post,1649290039,negative
u2cghb,asexuality,post,1649806440,neutral
u3gqmz,asexuality,post,1649940372,positive
u7j2hw,beards,post,1650412428,negative
u8au72,blackdesertonline,post,1650501229,neutral
u4bug7,boobs,post,1650040059,neutral
u3oihf,bugs,post,1649962358,negative
tttm0m,changemyview,post,1648827284,negative
tuoopi,changemyview,post,1648921559,negative
tv7fxc,changemyview,post,1648986321,negative
tvrxx7,changemyview,post,1649042491,negative
tw0etg,changemyview,post,1649074024,negative
uecujx,cheatatmathhomework,post,1651202986,positive
ua16dv,classicwow,post,1650704054,negative
tzebpk,conspiracy,post,1649454807,neutral
u9eeny,cringepics,post,1650633268,negative
u67pq5,csshelp,post,1650268497,neutral
u0kp80,dankmemes,post,1649606779,negative
ucqo1f,dating_advice,post,1651018552,neutral
ttkhvp,dbz,post,1648796004,neutral
u6lar8,discordapp,post,1650310101,neutral
u722ww,discordapp,post,1650364667,negative
ufgiiw,discordapp,post,1651341859,negative
tunvng,edmproduction,post,1648919496,negative
ueu0am,facebook,post,1651261848,negative
uam4n6,forhonor,post,1650772245,neutral
u7ww6i,foxholegame,post,1650462367,positive
ubx0g5,fuckeatingdisorders,post,1650924791,positive
u2poui,h3h3productions,post,1649854545,negative
tzevtt,help,post,1649456412,neutral
uby7av,help,post,1650928102,neutral
ub0bfv,india,post,1650823047,neutral
ttfy09,leagueoflegends,post,1648779609,negative
ttrryq,leagueoflegends,post,1648822621,negative
u1q84i,leagueoflegends,post,1649736273,negative
u1qa0p,leagueoflegends,post,1649736552,negative
tzrk63,lostgeneration,post,1649504845,neutral
udspxp,marketing,post,1651144956,neutral
tvujzr,math,post,1649051071,negative
ua0jgo,me_irl,post,1650701304,neutral
ub8xqs,memes,post,1650848256,neutral
u08rg0,memes,post,1649559967,positive
ud3qmg,memes,post,1651066537,neutral
txahtn,memphis,post,1649208306,neutral
u4z28j,mildlyinfuriating,post,1650119609,negative
ueinwl,missouri,post,1651227144,negative
uanryo,modhelp,post,1650778693,neutral
tymeoc,modhelp,post,1649364384,neutral
u2j5af,mumbai,post,1649828050,neutral
ue16ko,newreddits,post,1651169032,negative
ues5p7,nvidia,post,1651256556,neutral
u12uqa,pcmasterrace,post,1649665697,negative
tv8pkx,place,post,1648990796,neutral
tvb276,place,post,1648997670,negative
tvta0s,place,post,1649046737,negative
twg254,place,post,1649113743,neutral
twfk98,place,post,1649112664,negative
ttviby,place,post,1648831937,neutral
tvu8jc,place,post,1649049943,neutral
tv4i3b,place,post,1648974196,negative
tvezwj,place,post,1649007872,negative
tv2q9x,place,post,1648966952,negative
ty4afo,place,post,1649303535,neutral
tv9pck,place,post,1648993793,negative
txj23l,place,post,1649240978,negative
tvbyl4,place,post,1649000065,neutral
tujire,place,post,1648908031,neutral
tvsy9w,place,post,1649045674,neutral
twfdsm,place,post,1649112202,negative
twaqtv,place,post,1649100683,neutral
tu0fwb,place,post,1648844370,negative
tv7gi7,place,post,1648986387,negative
tw3kdm,place,post,1649082972,neutral
tujjq1,place,post,1648908100,neutral
tw2klf,place,post,1649080422,neutral
tw1y7a,place,post,1649078698,negative
tvszp2,place,post,1649045815,negative
tvz8r0,place,post,1649070073,neutral
ttfafg,powerrangers,post,1648777474,neutral
ueq9wb,powerrangers,post,1651251257,neutral
u8f8de,pregnant,post,1650515302,neutral
u003yb,ps2,post,1649531653,negative
txlnds,questions,post,1649250075,negative
twe1p8,r4rplus,post,1649108781,neutral
ttro98,rant,post,1648822341,neutral
tv0cbc,rant,post,1648958202,neutral
u3ah6k,rant,post,1649915968,negative
u5rypv,rant,post,1650216933,negative
u6qbya,rant,post,1650323519,negative
tw37jb,rant,post,1649082083,negative
u9dqcw,reddeadredemption,post,1650631275,negative
u6fhv4,redditrequest,post,1650294815,neutral
u8htvt,redditrequest,post,1650525586,neutral
u8huhc,redditrequest,post,1650525655,neutral
u8hvnq,redditrequest,post,1650525799,neutral
u03ph9,redditrequest,post,1649542615,neutral
ufaaxy,redditrequest,post,1651322508,neutral
u7xujy,redditrequest,post,1650465051,neutral
ucmhev,redditrequest,post,1651006458,neutral
tyun7i,redditrequest,post,1649389663,neutral
u1sp6y,redditrequest,post,1649745895,negative
tuci4g,redditrequest,post,1648881612,neutral
ty71fw,redditrequest,post,1649313920,neutral
ud31r0,redditrequest,post,1651064523,negative
tw090z,redditrequest,post,1649073538,neutral
u1x78o,redditrequest,post,1649764201,neutral
u4zrn1,redditrequest,post,1650121724,neutral
u09bcw,redditrequest,post,1649562105,neutral
u4ewie,redditrequest,post,1650048486,neutral
ucj97u,redditrequest,post,1650997731,neutral
tx4drz,redditrequest,post,1649190791,neutral
u6gxs3,redditrequest,post,1650298575,neutral
u3n6d8,redditrequest,post,1649958598,neutral
u9u68h,redditrequest,post,1650677693,neutral
tx9ncr,redditrequest,post,1649205639,neutral
u5vjio,redditrequest,post,1650227514,neutral
tv4owr,redditrequest,post,1648974955,neutral
txyxv6,redditrequest,post,1649286657,neutral
txwnlt,runescape,post,1649280187,negative
u4cvgo,self,post,1650042868,negative
tw6cpd,shanghai,post,1649089940,negative
u2pkn9,shittydarksouls,post,1649854168,negative
txqtju,softwaregore,post,1649264442,negative
tzar3f,stephenking,post,1649444567,neutral
tyc9o8,stonerrock,post,1649335482,negative
tv0dmy,suns,post,1648958331,neutral
ty7srx,suns,post,1649317199,neutral
u5eb7c,suns,post,1650166021,negative
u5ecso,suns,post,1650166183,negative
u5eezp,suns,post,1650166389,negative
u8yuai,survivor,post,1650578658,negative
uc1o3k,teenagers,post,1650938584,neutral
ty2z6c,teenagers,post,1649299220,neutral
u6a3ih,teenagers,post,1650278367,negative
uc1xyt,teenagers,post,1650939436,negative
ub5xu1,teenagers,post,1650838895,negative
uc1iyd,teenagers,post,1650938149,negative
uc1kck,teenagers,post,1650938275,negative
u9l7q3,television,post,1650651883,neutral
uc6nh2,texas,post,1650956563,neutral
txbbp2,thelastofus,post,1649210877,neutral
tv2mh8,therewasanattempt,post,1648966531,negative
u8pdn9,torontoraptors,post,1650552676,neutral
u500b7,cyberpunkgame,post,1650122435,negative
tw8jip,dankmemes,post,1649095249,neutral
u9czbt,dankmemes,post,1650628845,neutral
u4lqfo,dayz,post,1650068781,neutral
u88yv4,depression,post,1650495638,negative
ueojrk,depression,post,1651246436,neutral
uayzht,devils,post,1650819266,neutral
u4i3jo,discordapp,post,1650057581,neutral
u0x2gy,discordapp,post,1649643409,negative
u5xnrk,discordapp,post,1650233754,neutral
tujld6,drugscirclejerk,post,1648908231,positive
tzpf03,eurovision,post,1649495367,neutral
u815jq,everquest,post,1650474058,neutral
u58knv,exmormon,post,1650147221,negative
u5gliv,exmormon,post,1650174695,neutral
tvh2p7,fivenightsatfreddys,post,1649013097,neutral
tz9cdg,forsen,post,1649440671,neutral
u2xfu7,forsen,post,1649875866,neutral
u4kjff,fpv,post,1650064865,negative
u3dvhw,geography,post,1649930482,negative
u78xu1,graphic_design,post,1650385054,negative
ty5tay,gtaonline,post,1649309014,negative
ufhhhj,gtaonline,post,1651344793,negative
u8yla2,halo,post,1650577970,negative
u4pefj,halo,post,1650081345,negative
twn2bm,halo,post,1649134618,neutral
twkzgr,hamsters,post,1649127548,neutral
ue21rj,help,post,1651171358,neutral
u0ctsw,highdeas,post,1649576745,negative
tuz9ij,horizon,post,1648954629,negative
ublb3u,india,post,1650893709,neutral
tv8mqo,l4d2,post,1648990543,negative
tx390m,libertarianmeme,post,1649187811,negative
tw5e9n,magicTCG,post,1649087591,neutral
ttqtcl,manchester,post,1648820096,neutral
u0ik5l,memes,post,1649600414,neutral
ubsixp,microdosing,post,1650913082,neutral
txx9le,migraine,post,1649281850,negative
tv2kow,mildlyinfuriating,post,1648966334,negative
u39bsx,motorcitykitties,post,1649911454,neutral
u6fami,mycology,post,1650294295,positive
uedzwi,nba,post,1651206936,negative
uf1mf4,oculus,post,1651285897,negative
twmphn,personalfinance,post,1649133354,neutral
tujb3o,phish,post,1648907414,neutral
twbzw6,place,post,1649103733,negative
tvc57e,place,post,1649000559,negative
tv2lx3,place,post,1648966469,neutral
tw4vf0,place,post,1649086313,negative
tttdip,place,post,1648826672,neutral
twg2gi,place,post,1649113759,negative
tvw8cg,place,post,1649057800,negative
tvctyn,place,post,1649002319,negative
tvthy1,place,post,1649047449,negative
tvt0n1,place,post,1649045902,negative
u4vnzb,place,post,1650107874,neutral
tvp9f8,place,post,1649034516,neutral
tvvf2o,place,post,1649054419,positive
tvl4xv,quityourbullshit,post,1649022955,negative
u7bx9c,realestateinvesting,post,1650392836,neutral
u7tqat,redditrequest,post,1650451982,neutral
tvuz2d,redditrequest,post,1649052649,positive
u9tzsd,redditrequest,post,1650677126,neutral
tuxg2p,redditrequest,post,1648949010,neutral
u3gs1l,redditrequest,post,1649940509,neutral
u8piqj,redditrequest,post,1650553078,neutral
u2jao2,redditrequest,post,1649828645,neutral
tvz0l4,redditrequest,post,1649069280,neutral
u07p57,redditrequest,post,1649556147,neutral
ubynvd,redditrequest,post,1650929439,neutral
u968kj,redditrequest,post,1650602047,neutral
u812f7,redditrequest,post,1650473846,neutral
ty4njm,redditrequest,post,1649304749,neutral
ua4p04,redditrequest,post,1650718036,neutral
twk680,redditrequest,post,1649124996,neutral
ubayb0,redditrequest,post,1650854760,neutral
ub7udc,redditrequest,post,1650844805,neutral
u89rnv,redditrequest,post,1650498002,neutral
u9ytuu,redditrequest,post,1650694073,neutral
tx5fsw,redditrequest,post,1649193528,neutral
u3h8m3,redditrequest,post,1649941924,neutral
u0nrwr,redditrequest,post,1649615497,neutral
tynk16,redditsync,post,1649367557,neutral
tzvws3,runescape,post,1649519230,neutral
uazzzk,sex,post,1650822143,negative
u8t84m,slavelabour,post,1650563098,neutral
u68pwh,sociopath,post,1650272777,negative
u706s3,softwaregore,post,1650356796,negative
u5ohka,stocks,post,1650206700,neutral
u48mhl,survivor,post,1650031004,negative
u0cd93,sydney,post,1649574626,neutral
uen46w,tampa,post,1651242418,neutral
uc1u65,teenagers,post,1650939100,neutral
u83hm7,teenagers,post,1650480469,neutral
udx0vi,teenagers,post,1651158102,neutral
udx8rx,teenagers,post,1651158658,negative
u0oqke,teenagers,post,1649618191,negative
u0uve6,teenagers,post,1649636225,negative
uc8lvu,teenagers,post,1650965523,neutral
u0phpf,texas,post,1649620343,negative
u0kyb3,titanfall,post,1649607547,negative
u362vu,unpopularopinion,post,1649900550,negative
tvi4i3,unpopularopinion,post,1649015519,neutral
u0f58r,vegancirclejerk,post,1649587730,negative
uegynb,vexillologycirclejerk,post,1651219239,negative
ubfnfq,whatisthisthing,post,1650872725,negative
twgkh8,ABCDesis,post,1649114959,neutral
tymnk4,ABCDesis,post,1649365059,neutral
uawgz9,AskReddit,post,1650812071,neutral
ub8cjv,AskReddit,post,1650846378,neutral
u886na,AskReddit,post,1650493365,negative
tugjz1,Bitcoin,post,1648898262,neutral
tv1m3f,Bitcoin,post,1648962656,negative
tven9e,Bitcoin,post,1649007000,negative
txeev4,Bitcoin,post,1649221278,neutral
txtyij,Bitcoin,post,1649272933,neutral
u5cvy6,Bitcoin,post,1650161045,negative
u5cyru,Bitcoin,post,1650161333,negative
txy0sb,BlackHair,post,1649284002,neutral
tu1tgc,Blazblue,post,1648847896,negative
ttfdcg,Brawlstars,post,1648777772,positive
tty9xu,Brawlstars,post,1648838794,neutral
ttytsn,Brawlstars,post,1648840202,neutral
tu2yhm,CODZombies,post,1648850871,negative
tv797x,CPTSD,post,1648985591,negative
twps0m,Charity,post,1649145592,neutral
tu4pig,Concordia,post,1648855721,neutral
tw3mcy,CrusaderKings,post,1649083119,neutral
u6vbrb,CrusaderKings,post,1650338364,neutral
u98xxk,CumFromAnal,post,1650612696,neutral
u9wh2g,DBZDokkanBattle,post,1650685294,negative
tvybd7,DotA2,post,1649066553,neutral
uawh1f,DynastyFF,post,1650812076,negative
ufehfv,DynastyFF,post,1651335727,negative
uakw1g,Egypt,post,1650767757,neutral
turvbw,ElderScrolls,post,1648929904,neutral
twy3ol,EliteDangerous,post,1649173992,negative
u7al2l,EngagementRings,post,1650389412,positive
tzb7ai,FanFiction,post,1649445835,negative
u3yzgd,Fantasy,post,1649993694,neutral
u21fsk,FloridaPanthers,post,1649776498,neutral
tz2ltn,Foofighters,post,1649421525,negative
tzrfmm,HongKong,post,1649504328,neutral
ueobuh,IBO,post,1651245825,neutral
tzo0xp,IndianEnts,post,1649488966,neutral
tzuh7r,IndianEnts,post,1649514985,neutral
ucrr90,Jeopardy,post,1651021985,negative
ucsg4t,Jeopardy,post,1651024214,negative
ud16iy,Jeopardy,post,1651058376,negative
uemgxt,JohnMayer,post,1651240541,neutral
u6yf7b,JustUnsubbed,post,1650349400,negative
txmo3v,LINKTrader,post,1649253111,negative
tz7bbh,Military,post,1649435026,neutral
ufme9i,Minecraft,post,1651360026,negative
uedmyq,ModSupport,post,1651205651,neutral
ubo9sf,ModSupport,post,1650901884,negative
ueap6e,NoStupidQuestions,post,1651196222,negative
u85ss7,Outlander,post,1650486798,negative
tzersg,PiratedGames,post,1649456088,negative
ufegxp,PlantsVSZombies,post,1651335685,neutral
uckuad,Rants,post,1651001982,neutral
tz7qxq,SampleSize,post,1649436222,neutral
u2etol,SampleSize,post,1649813680,positive
u90xbt,SampleSize,post,1650584873,neutral
u5kvq4,ScottishFootball,post,1650193730,neutral
u0ujfq,Seaofthieves,post,1649635176,negative
u7a654,Showerthoughts,post,1650388309,neutral
u4fmrc,Showerthoughts,post,1650050533,negative
udv37r,StopSelfHarm,post,1651152753,neutral
ttwbrn,TheBlueCorner,post,1648833934,neutral
u3s9xy,TooAfraidToAsk,post,1649972784,negative
u3fxss,TownofSalemgame,post,1649937805,negative
tx1myo,TrueOffMyChest,post,1649183540,negative
u876s9,TrueSTL,post,1650490597,negative
uahxrx,Undertale,post,1650757635,negative
u3jmny,WatchRedditDie,post,1649948774,negative
u34kn7,WatchRedditDie,post,1649895848,negative
udl558,abortion,post,1651114876,neutral
ua1ty8,adoptareddit,post,1650706943,neutral
ttksb2,antinatalism,post,1648797199,neutral
tvk2e9,argentina,post,1649020239,positive
tu5uvm,askgaybros,post,1648859149,positive
tuutzp,askgaybros,post,1648937837,positive
u6ykzt,aspergirls,post,1650350037,neutral
u3uom4,bestof,post,1649979878,negative
u3us2u,bestof,post,1649980175,negative
tysnqi,btc,post,1649383102,neutral
twxyip,cigars,post,1649173614,positive
u25ek5,comicbooks,post,1649786853,neutral
ucqn39,communism,post,1651018471,negative
ucqqtq,communism,post,1651018800,negative
ucr31a,communism,post,1651019887,negative
ucx0t5,communism,post,1651040570,negative
u362lu,conspiracy,post,1649900524,neutral
tumhc5,conspiracy,post,1648916068,negative
tx67fy,conspiracy,post,1649195587,negative
tybddi,conspiracy,post,1649332413,neutral
u1qeca,conspiracy,post,1649737180,neutral
u3515d,conspiracy,post,1649897270,negative
u6sype,conspiracy,post,1650331153,negative
ubkznr,conspiracy,post,1650892751,negative
uch5xv,conspiracy,post,1650992185,negative
uearh2,conspiracy,post,1651196417,negative
tywk63,copypasta,post,1649396707,negative
tve6bb,copypasta,post,1649005778,negative
tub948,dwarffortress,post,1648876696,neutral
tvpwds,ethtrader,post,1649036393,negative
ufn55i,exjw,post,1651362380,neutral
u1t2v1,exmuslim,post,1649747450,negative
u1t3qj,exmuslim,post,1649747557,negative
ualpnc,exmuslim,post,1650770705,negative
twa3uw,facepalm,post,1649099089,negative
u62dop,forsen,post,1650248370,neutral
u2w9m1,funny,post,1649872701,positive
ttqbeb,furry,post,1648818655,neutral
uaz2p5,furry,post,1650819524,neutral
udq3qx,gaming,post,1651133664,negative
u5v1k4,gaming,post,1650226002,neutral
tto4dd,halifax,post,1648811459,neutral
u81d3h,help,post,1650474638,negative
tv5sqv,help,post,1648979648,neutral
udko8h,help,post,1651113408,neutral
u0jlv5,help,post,1649603527,negative
ufmtf7,help,post,1651361375,neutral
ubf978,howardstern,post,1650870975,positive
uatxlg,lifehacks,post,1650803991,neutral
uatz2f,lifehacks,post,1650804131,neutral
tx0sa9,lossprevention,post,1649181222,neutral
u1rmu9,mashups,post,1649743154,neutral
twxrgu,meme,post,1649173049,neutral
u2yqnu,memes,post,1649879475,neutral
uewzk9,meta,post,1651270478,negative
uf3ecs,meta,post,1651292263,neutral
uf3nr1,meta,post,1651293231,negative
uetl82,mildlyinfuriating,post,1651260657,positive
tvxx1x,mildlyinfuriating,post,1649065029,negative
u7lm16,mizzou,post,1650420259,neutral
u857x3,modhelp,post,1650485182,neutral
tuof29,moviescirclejerk,post,1648920866,negative
twr8uw,normalnudes,post,1649152160,negative
u0am5k,normalnudes,post,1649567206,negative
u5dvec,normalnudes,post,1650164462,neutral
tw9hmz,nycmeetups,post,1649097591,negative
u2fkn4,oddlyterrifying,post,1649815941,neutral
tzvu86,ottawa,post,1649519019,negative
uddfms,pakistan,post,1651092356,negative
twumwe,place,post,1649164313,negative
u13mer,place,post,1649668999,neutral
tv1xxi,place,post,1648963907,neutral
tv9cg2,place,post,1648992717,negative
tw7zxa,place,post,1649093942,negative
tv2rxa,place,post,1648967145,neutral
twdjxa,place,post,1649107555,negative
tvtcl0,place,post,1649046963,positive
tvjsij,place,post,1649019586,negative
tw75il,place,post,1649091875,neutral
tul6p7,place,post,1648912586,neutral
tvq0go,place,post,1649036726,negative
twtcva,place,post,1649160155,neutral
tvt1it,place,post,1649045980,neutral
tuj4es,place,post,1648906857,neutral
twkkll,place,post,1649126233,neutral
txk25b,place,post,1649244796,negative
ufixkb,pokemongo,post,1651349202,negative
twkwno,redditrequest,post,1649127298,neutral
u8ebeg,redditrequest,post,1650512159,neutral
u1pdz7,redditrequest,post,1649733477,neutral
uf6mup,redditrequest,post,1651306081,neutral
tuk2x7,redditrequest,post,1648909607,neutral
u2h8f6,redditrequest,post,1649821264,neutral
tzz0dr,redditrequest,post,1649528379,neutral
tyvclf,redditrequest,post,1649392125,neutral
u0olb3,redditrequest,post,1649617764,neutral
u44wwj,redditrequest,post,1650017971,neutral
ub5c5g,redditrequest,post,1650837213,neutral
u3nztc,redditrequest,post,1649960888,negative
u9empp,redditrequest,post,1650633919,neutral
ubhnpp,redditrequest,post,1650881310,neutral
u3hp3p,redditrequest,post,1649943313,neutral
typany,redditrequest,post,1649372566,neutral
twqhpd,redditrequest,post,1649148791,neutral
ub6q0a,redditrequest,post,1650841282,neutral
u47q9l,redditrequest,post,1650028203,neutral
ubc3ky,redditrequest,post,1650858659,neutral
udqgjm,redditrequest,post,1651135306,neutral
ub8cju,redditrequest,post,1650846378,neutral
twnp6u,redditrequest,post,1649136943,neutral
u2msa6,relationship_advice,post,1649843886,neutral
u7mf24,researchchemicals,post,1650422854,negative
u7mhbh,researchchemicals,post,1650423056,negative
u6x5kn,runescape,post,1650344544,negative
ud3iq3,ryerson,post,1651065895,negative
u49zwl,self,post,1650034876,neutral
ueozdv,slingtv,post,1651247649,neutral
tv62wf,srilanka,post,1648980791,neutral
u4s2v3,starterpacks,post,1650092070,neutral
ubn62h,teenagers,post,1650898970,negative
uc1ruv,teenagers,post,1650938902,negative
uc1szp,teenagers,post,1650939000,negative
txotdf,teenagers,post,1649259033,negative
u5sy09,teenagers,post,1650219776,negative
twxyys,teenagers,post,1649173650,negative
u6lll6,thesopranos,post,1650310892,positive
u94hla,timberwolves,post,1650596039,neutral
twmc10,ukraine,post,1649132029,positive
tuqlu4,ukraine,post,1648926572,neutral
u1ay8w,unpopularopinion,post,1649692684,neutral
u4g2pj,verizon,post,1650051801,neutral
udcfpn,wallstreetbets,post,1651089731,negative
udz33k,wallstreetbets,post,1651163577,negative
tusz5w,wwiipics,post,1648932834,neutral
tvlj7c,3DS,post,1649023972,neutral
u9ud2t,9anime,post,1650678285,neutral
tvwc8u,Advice,post,1649058282,negative
ub2pqk,AskReddit,post,1650829785,negative
tznlxv,AskReddit,post,1649487186,negative
ufhcn9,AskReddit,post,1651344401,negative
ubjyom,Assistance,post,1650889586,neutral
u2f2fg,BostonBruins,post,1649814396,negative
u88u1p,CK2GameOfthrones,post,1650495261,neutral
u3h7lv,CoinBase,post,1649941837,neutral
ubxfwe,Comcast_Xfinity,post,1650925965,neutral
u9xcyf,Cyberpunk,post,1650688333,positive
u2bhqg,Dabs,post,1649803671,negative
tygw72,DarkSouls2,post,1649349048,negative
tz6d76,DoesAnybodyElse,post,1649432507,negative
tu6ery,EDC,post,1648860877,neutral
tv3odc,EarthPorn,post,1648970791,negative
tuo03x,Fable,post,1648919821,negative
u9y53e,FanFiction,post,1650691330,negative
tzumjm,Fishing,post,1649515448,neutral
uaq2n2,JDM,post,1650788401,neutral
tw1lka,Kanye,post,1649077687,neutral
ue85lc,NCSU,post,1651188187,negative
ucox3r,NoStupidQuestions,post,1651013259,negative
tzg7b0,NoStupidQuestions,post,1649460363,neutral
u06ayv,Portal,post,1649551185,negative
tu23du,PrequelMemes,post,1648848606,neutral
tzfkll,Rants,post,1649458467,negative
txiun9,Showerthoughts,post,1649240109,negative
u3dz6g,SocialJusticeInAction,post,1649930876,neutral
u46kh5,SquaredCircle,post,1650024383,neutral
tvzfah,Steam,post,1649070732,negative
u3rscz,SweatyPalms,post,1649971416,negative
u0kk6x,Vent,post,1649606388,negative
u47ntj,airsoft,post,1650027988,negative
u480np,askaconservative,post,1650029112,negative
u2cp67,blackops3,post,1649807166,neutral
tvm4u8,cocaine,post,1649025559,negative
u1ivqt,copypasta,post,1649714417,negative
twy88q,exmuslim,post,1649174318,negative
u4o0x4,forsen,post,1650076575,neutral
tww3ik,fountainpens,post,1649168535,neutral
u5bvh5,freemasonry,post,1650157651,neutral
u9haoz,googlehome,post,1650641292,neutral
u1xu64,h3h3productions,post,1649766236,negative
tysz0c,help,post,1649384101,neutral
u4adsc,help,post,1650035965,neutral
u8y5x0,hiphopheads,post,1650576750,negative
u5bjq1,hsp,post,1650156578,neutral
ufb3ac,hypotheticalsituation,post,1651325300,neutral
udj0qq,ibs,post,1651108369,positive
tunvla,islam,post,1648919492,neutral
typwqf,islam,post,1649374401,negative
u3dynl,islam,post,1649930815,neutral
u8a0qr,kansas,post,1650498785,positive
u3isn3,metalmusicians,post,1649946508,negative
uf0jw1,mildlyinfuriating,post,1651282202,neutral
twxte4,modhelp,post,1649173229,neutral
twu08k,modhelp,post,1649162382,neutral
twu396,modhelp,post,1649162655,neutral
u48zo1,nashville,post,1650032064,neutral
tzbqea,newjersey,post,1649447347,negative
uc7oqn,newzealand,post,1650961315,neutral
u1u14k,nsfw,post,1649751631,negative
ubrfpb,philadelphia,post,1650910147,neutral
twc23l,place,post,1649103891,negative
tv80pg,place,post,1648988409,negative
tvunxm,place,post,1649051490,neutral
tvx68v,place,post,1649061901,negative
tv62p0,place,post,1648980766,negative
tvtv4t,place,post,1649048659,neutral
txkp3o,place,post,1649246993,negative
txma3h,place,post,1649251961,negative
tv9ny8,place,post,1648993679,negative
tvkuks,place,post,1649022214,neutral
tv424s,place,post,1648972408,negative
tyf56l,place,post,1649344150,neutral
twlth5,place,post,1649130306,positive
tvcc71,place,post,1649001074,negative
tvcd3c,place,post,1649001137,negative
twdg9s,place,post,1649107300,negative
tyjytm,place,post,1649357621,neutral
tv7eyr,place,post,1648986216,negative
tw0adk,place,post,1649073633,negative
tu792l,pugs,post,1648863502,negative
tubgnr,pugs,post,1648877487,neutral
tvefr3,razer,post,1649006458,negative
ue5wx2,reddevils,post,1651181709,neutral
u35vha,redditrequest,post,1649899908,neutral
tzpdvh,redditrequest,post,1649495216,neutral
u0yxyp,redditrequest,post,1649649720,neutral
ud7ejf,redditrequest,post,1651076398,neutral
tym0b6,redditrequest,post,1649363282,neutral
u5pbul,redditrequest,post,1650209239,neutral
txcd78,redditrequest,post,1649214176,neutral
twv5fa,redditrequest,post,1649165878,neutral
uatref,redditrequest,post,1650803404,neutral
u1bd69,redditrequest,post,1649693758,neutral
u3zwn0,roblox,post,1649996853,negative
u3zxgb,roblox,post,1649996942,negative
tvvbho,runescape,post,1649054014,neutral
tyi0zr,runescape,post,1649352300,neutral
tvt3bj,sanantonio,post,1649046136,neutral
uan74u,sharks,post,1650776357,negative
twdtxm,teenagers,post,1649108237,neutral
twduvq,teenagers,post,1649108302,neutral
tw4swv,tennis,post,1649086138,neutral
u5bjym,timberwolves,post,1650156600,neutral
ueel1m,torontoraptors,post,1651209106,neutral
u0gjnw,trans,post,1649593566,positive
uevks9,uktrees,post,1651266321,neutral
ttpccd,unpopularopinion,post,1648815647,negative
tu0hrd,utdallas,post,1648844500,negative
uc0w2a,utdallas,post,1650936160,neutral
tztifw,yiff,post,1649511957,neutral
tunew8,2b2t,post,1648918368,neutral
u7iadh,4chan,post,1650410042,neutral
uaklpi,4chan,post,1650766746,neutral
u9tilj,90daysgoal,post,1650675607,neutral
uf00xf,90daysgoal,post,1651280407,positive
tw9oko,Albany,post,1649098069,negative
u1qcu1,AskReddit,post,1649736961,neutral
ty6zer,AskReddit,post,1649313689,neutral
ucq5a8,AskStatistics,post,1651016929,neutral
u39x4r,Audi,post,1649913630,positive
tx6zth,Bend,post,1649197804,positive
u6irj6,CasualConversation,post,1650303495,positive
tx0wdx,Chameleons,post,1649181582,positive
u6tt1h,ContestOfChampions,post,1650333717,negative
u76aok,DebateAnAtheist,post,1650378020,neutral
tyiu9f,Denver,post,1649354566,neutral
ty2lm7,Destiny,post,1649298038,positive
tuqy2z,Diepio,post,1648927469,neutral
u5dccv,DippingTobacco,post,1650162624,neutral
u7xj1c,Dirtbikes,post,1650464158,negative
u7nna5,Drugs,post,1650426865,neutral
ub84k1,Epilepsy,post,1650845673,negative
tzx6vf,Fallout,post,1649522985,neutral
tttfsp,GTA,post,1648826846,negative
ud0ubh,GWNerdy,post,1651057170,neutral
ud0w8c,GWNerdy,post,1651057341,neutral
u3sep8,Games,post,1649973182,negative
u88dxu,GoNets,post,1650493945,negative
u88eap,GoNets,post,1650493973,negative
uedncy,GrandTheftAutoV,post,1651205686,negative
u3vn08,Gymnastics,post,1649982832,negative
tuzx8x,HunterXHunter,post,1648956814,neutral
u2x0f6,Idubbbz,post,1649874681,negative
tzfcth,KCRoyals,post,1649457818,neutral
tywv34,KarmaConspiracy,post,1649397905,neutral
ucih1p,ModSupport,post,1650995688,negative
u8xcpq,ModSupport,post,1650574476,neutral
uelnp5,ModSupport,post,1651238031,negative
udqhrz,Netherlands,post,1651135473,neutral
tymieq,Ozark,post,1649364666,negative
tymjax,Ozark,post,1649364736,negative
tymk8c,Ozark,post,1649364808,negative
tymlms,Ozark,post,1649364915,neutral
tu1i8s,PrequelMemes,post,1648847081,negative
ttnj6i,PrequelMemes,post,1648809184,positive
tu4jug,PrequelMemes,post,1648855269,neutral
txu75h,PrequelMemes,post,1649273607,neutral
tuatjj,RedHotChiliPeppers,post,1648875142,neutral
u04b6x,RedHotChiliPeppers,post,1649544520,negative
uain53,ShadowBan,post,1650760020,negative
ub8i62,ShadowBan,post,1650846876,negative
u4cuw1,SonicTheHedgehog,post,1650042824,neutral
u4qg2u,Thunder,post,1650085271,negative
tvm7o6,TrueOffMyChest,post,1649025762,negative
ufl0ef,Twitch,post,1651355685,neutral
u343o3,WatchRedditDie,post,1649894396,negative
ubr5ew,Winnipeg,post,1650909399,neutral
u1s6dp,arma,post,1649744028,neutral
u0rt79,armenia,post,1649627002,neutral
u4y65x,askportland,post,1650116832,neutral
u4y6tv,askportland,post,1650116897,neutral
u4xpvk,assassinscreed,post,1650115374,negative
tthgne,berserklejerk,post,1648784646,negative
tty417,buffalobills,post,1648838361,negative
u2fyts,childfree,post,1649817164,neutral
u99dpd,classicwow,post,1650614605,neutral
u0d364,daddit,post,1649577960,positive
ub7zum,danganronpa,post,1650845256,neutral
u515ai,darksouls3,post,1650125707,neutral
u2xo2m,granturismo,post,1649876474,neutral
tu4ag4,halo,post,1648854523,negative
u4ncoz,help,post,1650074268,neutral
ubn6tp,help,post,1650899024,neutral
u6sthb,help,post,1650330700,neutral
u2r5lo,houseplants,post,1649858895,neutral
u9a9mu,iamverysmart,post,1650618470,negative
tuy9hp,ideasfortheadmins,post,1648951442,neutral
u6ywr0,insomnia,post,1650351372,neutral
u3ewfu,ireland,post,1649934281,neutral
u3ya1e,littlebigplanet,post,1649991323,negative
tvynx2,magicTCG,post,1649067914,neutral
tw5bek,magicthecirclejerking,post,1649087406,neutral
u9nlso,malefashion,post,1650658421,neutral
tti8ek,mildlyinfuriating,post,1648787299,negative
tti9qc,mildlyinfuriating,post,1648787433,negative
tyawai,modhelp,post,1649330643,neutral
tzpmf2,modhelp,post,1649496322,neutral
ub1my4,nbacirclejerk,post,1650826716,neutral
uaz1w6,peacecorps,post,1650819462,neutral
twgudw,place,post,1649115646,negative
twd7kg,place,post,1649106706,neutral
twd7u0,place,post,1649106724,neutral
twdnhg,place,post,1649107801,neutral
typ3js,place,post,1649372014,neutral
txsmuj,place,post,1649269330,negative
ty2a9j,place,post,1649297051,negative
tvbygw,place,post,1649000057,neutral
twbfg5,place,post,1649102368,neutral
u0la7r,place,post,1649608490,neutral
tvzann,place,post,1649070262,negative
ty2vsq,place,post,1649298931,negative
tv50ik,place,post,1648976304,negative
twark3,place,post,1649100733,negative
u0tm2k,redditmobile,post,1649632288,negative
twrnpp,redditrequest,post,1649153860,neutral
txi18k,redditrequest,post,1649236641,neutral
u84nh9,redditrequest,post,1650483642,neutral
tv9zd3,redditrequest,post,1648994566,neutral
u3sywu,redditrequest,post,1649974784,neutral
u1yxwe,redditrequest,post,1649769589,neutral
u5w796,redditrequest,post,1650229453,neutral
ttke15,redditrequest,post,1648795555,neutral
u2tsjj,redditrequest,post,1649866050,neutral
ud7e1n,redditrequest,post,1651076361,neutral
u26x59,redditrequest,post,1649790823,neutral
u00j3y,redditrequest,post,1649532928,neutral
u9ilhz,redditrequest,post,1650644766,neutral
u9kz01,redditrequest,post,1650651221,neutral
u74i6i,sixers,post,1650372926,neutral
u18eod,spotify,post,1649685561,neutral
u8hn0c,steelseries,post,1650524761,neutral
ufgdwj,techsupport,post,1651341496,negative
tunp5q,teenagers,post,1648919055,negative
tuo924,teenagers,post,1648920450,negative
u9po2i,teenagers,post,1650664096,neutral
ubla9b,teenagers,post,1650893642,negative
tus5q4,teenagers,post,1648930678,negative
ubnk3p,teenagers,post,1650900003,neutral
ttdot3,teenagers,post,1648772376,neutral
ufckik,thatHappened,post,1651330037,neutral
ttiite,traaaaaaannnnnnnnnns,post,1648788374,neutral
tut84m,trans,post,1648933458,neutral
ub9yd3,unpopularopinion,post,1650851461,negative
u1wb6u,vegancirclejerk,post,1649761041,negative
u2u5zr,verizon,post,1649867062,neutral
u92eq1,worldbuilding,post,1650589435,negative
ufcxds,2007scape,post,1651331087,neutral
u7x0fd,3amjokes,post,1650462711,negative
twit3m,40kLore,post,1649120925,positive
u8m5ji,4chan,post,1650543002,negative
ua946x,Anticonsumption,post,1650731173,neutral
ua5zw8,AskModerators,post,1650722224,neutral
u4f55q,AskReddit,post,1650049169,negative
u4f6fl,AskReddit,post,1650049245,negative
u4f7nk,AskReddit,post,1650049338,negative
u9c904,AskReddit,post,1650626295,negative
tw4cwq,AskReddit,post,1649084997,negative
ufi25x,AskReddit,post,1651346520,neutral
ua670m,AskReddit,post,1650722797,negative
u60q9p,AskReddit,post,1650243170,negative
udmc4n,AskReddit,post,1651118724,negative
u526vt,Catholic,post,1650128689,neutral
u1atht,Catloaf,post,1649692376,neutral
tu3354,Chargers,post,1648851220,neutral
tyzv5e,ClashOfClans,post,1649411139,negative
u0qz8g,ClashRoyale,post,1649624571,negative
u9skaz,Comcast_Xfinity,post,1650672570,neutral
ub8ake,Comcast_Xfinity,post,1650846200,positive
u096b0,Concordia,post,1649561551,neutral
u9jivy,DBZDokkanBattle,post,1650647209,neutral
u9kiqc,DBZDokkanBattle,post,1650649990,negative
u9mnhg,DBZDokkanBattle,post,1650655829,negative
udurpa,DDLC,post,1651151792,neutral
udusmr,DDLC,post,1651151873,neutral
u3jh9w,DegradingHoles,post,1649948399,negative
u5bsh1,Destiny,post,1650157366,neutral
u1wkm3,DotA2,post,1649761978,positive
tv74ot,FreeKarma4You,post,1648985086,negative
tvezkw,Ghosts,post,1649007850,neutral
twpdkb,GlobalOffensive,post,1649143836,neutral
u89ulw,GreenBayPackers,post,1650498258,neutral
u4is5o,Instagram,post,1650059585,neutral
uczlhh,Kanye,post,1651051932,negative
ud9umj,LPOTL,post,1651082839,neutral
tx447b,LightNovels,post,1649190081,neutral
u2khdg,MadeMeSmile,post,1649833523,neutral
tv3fuh,ModSupport,post,1648969811,negative
twetgp,ModSupport,post,1649110731,negative
tufk16,ModSupport,post,1648894296,neutral
ub2h3z,Mommit,post,1650829105,neutral
uakvxv,NHLHUT,post,1650767747,neutral
uarjld,Needafriend,post,1650794723,negative
tzbui6,NoSleepOOC,post,1649447684,neutral
uf6xzc,NoStupidQuestions,post,1651307631,neutral
u1iyih,NoStupidQuestions,post,1649714617,negative
txg1c4,OnePiece,post,1649227692,negative
u4dlrj,OreGairuSNAFU,post,1650044906,negative
udywla,Planetside,post,1651163095,negative
udzymb,Planetside,post,1651165819,negative
ue27nk,Planetside,post,1651171795,neutral
ue3t2l,Planetside,post,1651176082,neutral
tto50m,PrequelMemes,post,1648811528,neutral
tyfdkn,Sims4,post,1649344827,neutral
tyj3qs,Spiderman,post,1649355296,neutral
tze7ll,Tinder,post,1649454471,negative
tzwlon,TrueOffMyChest,post,1649521238,negative
ty4syv,TrueOffMyChest,post,1649305266,negative
uc1cwl,TrueOffMyChest,post,1650937623,negative
u154l9,TumblrInAction,post,1649674979,neutral
uee5u8,Twitch,post,1651207532,negative
tz6tlj,UCSD,post,1649433695,neutral
tyieue,UnsentLetters,post,1649353417,negative
u8tb1u,WWEGames,post,1650563343,neutral
u8tbl5,WWEGames,post,1650563383,neutral
u8uhxt,WWEGames,post,1650566593,neutral
u2ljcl,akalimains,post,1649838262,neutral
u61344,amateur_boxing,post,1650244260,neutral
tvopjx,armenia,post,1649032917,neutral
u9k8tp,askgaybros,post,1650649206,negative
u1evf9,bakchodi,post,1649704100,negative
u5wxty,berserklejerk,post,1650231650,neutral
u1b00p,billiards,post,1649692808,neutral
ub3occ,blackdesertonline,post,1650832520,negative
uf290r,buffalobills,post,1651288070,neutral
ucqldn,canberra,post,1651018314,positive
u5cdsf,chemicalreactiongifs,post,1650159344,neutral
tw8uiv,comicbookcollecting,post,1649096000,neutral
u9w340,conspiracy,post,1650683966,neutral
u56jp9,conspiracy,post,1650141160,negative
u3ouhq,creepyPMs,post,1649963259,negative
u573eu,deadbydaylight,post,1650142804,negative
ud5w6a,discordapp,post,1651072433,neutral
tx6ftl,edmproduction,post,1649196191,neutral
u6z7xy,excel,post,1650352620,negative
ubn24x,expats,post,1650898705,neutral
txf37k,fightporn,post,1649223800,neutral
u4akw7,freemasonry,post,1650036534,neutral
udw4bq,funkopop,post,1651155626,neutral
tty41g,furry_irl,post,1648838361,neutral
u31dr7,gatech,post,1649886600,negative
ucyv27,h3h3productions,post,1651048621,neutral
tzqb3v,harrypotter,post,1649499436,neutral
u51bcy,harrypotter,post,1650126192,neutral
ua1ego,help,post,1650705033,neutral
u7nhik,help,post,1650426324,negative
tzkrd9,horizon,post,1649475818,negative
u6bpmx,ideasfortheadmins,post,1650284028,negative
tulmpa,india,post,1648913808,neutral
u502h9,karma,post,1650122609,negative
u6szpd,lawschooladmissions,post,1650331234,negative
tz622x,lebanon,post,1649431637,neutral
u7wtpc,libertarianmeme,post,1650462166,neutral
tw5vmk,magicTCG,post,1649088765,neutral
tvys9l,magicTCG,post,1649068379,negative
tw506x,magicTCG,post,1649086640,neutral
u08ces,medicalschool,post,1649558450,neutral
ubqi73,memes,post,1650907678,neutral
ty09bx,meta,post,1649290730,neutral
txmcs5,mississauga,post,1649252190,negative
txajez,modhelp,post,1649208450,neutral
tzn5f3,mwo,post,1649485213,negative
ty0dqb,namethatcar,post,1649291089,neutral
u6flwq,nba,post,1650295120,positive
uadjv3,needamod,post,1650744081,neutral
ue0s9q,omegle,post,1651168016,neutral
ue0ulp,omegle,post,1651168187,neutral
ue0x1z,omegle,post,1651168364,neutral
ue1bwu,omegle,post,1651169424,neutral
ue1cmb,omegle,post,1651169480,neutral
tu3acm,osugame,post,1648851746,positive
tv2o1f,place,post,1648966708,negative
tv2oop,place,post,1648966780,negative
tw3w3i,place,post,1649083814,negative
tvcvg6,place,post,1649002432,negative
tvunim,place,post,1649051446,negative
tvurss,place,post,1649051897,negative
tvukhw,place,post,1649051127,neutral
tu50y9,place,post,1648856653,neutral
tvjia1,place,post,1649018862,negative
tv5ag2,place,post,1648977455,neutral
tvqlyg,place,post,1649038464,negative
tu2t8e,place,post,1648850480,neutral
tv5qpu,place,post,1648979395,neutral
tvtgib,place,post,1649047314,negative
tw254k,place,post,1649079230,negative
tw3ucr,place,post,1649083692,negative
tvh99l,place,post,1649013506,negative
tvdx8c,place,post,1649005142,negative
txrdjx,place,post,1649265932,negative
tvsxt4,place,post,1649045631,negative
tvh5xt,place,post,1649013299,neutral
tvu5jb,place,post,1649049652,negative
twb3u1,place,post,1649101582,negative
twfquk,place,post,1649113055,neutral
twangl,place,post,1649100453,negative
uf9q7d,questions,post,1651320316,negative
u8922i,rap,post,1650495887,neutral
ua6ux9,reddevils,post,1650724762,negative
u78qqy,redditrequest,post,1650384530,neutral
ubv4f6,redditrequest,post,1650919747,neutral
uaro5d,redditrequest,post,1650795259,neutral
twjzov,redditrequest,post,1649124437,neutral
u24gep,redditrequest,post,1649784372,neutral
txo5sl,redditrequest,post,1649257264,neutral
txij93,redditrequest,post,1649238828,neutral
u6cbp8,redditrequest,post,1650286007,neutral
u6cd7o,redditrequest,post,1650286138,neutral
tyyesp,redditrequest,post,1649404599,neutral
ucvhzy,redditrequest,post,1651034690,negative
u66zsm,redditrequest,post,1650265409,neutral
udshcd,redditrequest,post,1651144063,neutral
tzfmf2,redditrequest,post,1649458622,neutral
tym9a5,redditrequest,post,1649363962,neutral
uccucs,redditrequest,post,1650980476,neutral
twxh7z,redditrequest,post,1649172250,neutral
udj2j9,redditrequest,post,1651108525,neutral
u7wz2u,redditrequest,post,1650462605,neutral
ua6vnk,redditrequest,post,1650724817,neutral
ufiylb,redditrequest,post,1651349290,neutral
u9k87g,redditrequest,post,1650649160,neutral
u11qpk,relationships,post,1649660725,neutral
u4dx80,relationships_advice,post,1650045774,neutral
u17tkn,rust,post,1649683836,neutral
tvzja4,shittydarksouls,post,1649071118,negative
ueccx0,starcraft,post,1651201392,negative
ueelna,starcraft,post,1651209167,negative
u9nmej,starterpacks,post,1650658466,negative
uc28j5,teenagers,post,1650940347,neutral
u2q7j2,teenagers,post,1649856118,neutral
uevp58,teenagers,post,1651266680,negative
uc1ga9,teenagers,post,1650937915,negative
uc1gdv,teenagers,post,1650937924,negative
uc1gi7,teenagers,post,1650937935,negative
uc1hh4,teenagers,post,1650938020,negative
uc1hkp,teenagers,post,1650938028,negative
uc1hox,teenagers,post,1650938038,negative
uc1hso,teenagers,post,1650938048,negative
uc1hzg,teenagers,post,1650938063,negative
uc1i2q,teenagers,post,1650938071,negative
uc1ikq,teenagers,post,1650938115,negative
uc1ios,teenagers,post,1650938126,negative
uc1iuk,teenagers,post,1650938140,negative
uc1j20,teenagers,post,1650938158,negative
uc1j5n,teenagers,post,1650938167,negative
uc1jky,teenagers,post,1650938202,negative
uc1jov,teenagers,post,1650938213,negative
uc1jsj,teenagers,post,1650938222,negative
uc1k4y,teenagers,post,1650938255,negative
uc1k7y,teenagers,post,1650938263,negative
uc1kby,teenagers,post,1650938273,negative
uc1kfq,teenagers,post,1650938282,negative
uc1kiw,teenagers,post,1650938290,negative
uc1klz,teenagers,post,1650938298,negative
uc1lpx,teenagers,post,1650938398,negative
uc1lty,teenagers,post,1650938407,negative
uc1mi7,teenagers,post,1650938450,negative
uc1mmv,teenagers,post,1650938460,negative
uc1mq0,teenagers,post,1650938468,negative
uc1mup,teenagers,post,1650938478,negative
uc1n5e,teenagers,post,1650938501,negative
uc1n8g,teenagers,post,1650938509,negative
uc1nc9,teenagers,post,1650938518,negative
uc1ngb,teenagers,post,1650938527,negative
uc1njw,teenagers,post,1650938535,negative
uc1nng,teenagers,post,1650938546,negative
uc1nq9,teenagers,post,1650938553,negative
uc1ntn,teenagers,post,1650938561,negative
uc1o40,teenagers,post,1650938585,negative
uc1o7j,teenagers,post,1650938593,negative
uc1obc,teenagers,post,1650938601,negative
uc1oek,teenagers,post,1650938610,negative
uc1pmm,teenagers,post,1650938715,negative
uc1ppr,teenagers,post,1650938722,negative
uc1pvc,teenagers,post,1650938737,negative
uc1pxx,teenagers,post,1650938744,negative
uc1q2s,teenagers,post,1650938755,negative
uc1r0k,teenagers,post,1650938834,negative
uc1r40,teenagers,post,1650938841,negative
uc1r8o,teenagers,post,1650938851,negative
uc1rb7,teenagers,post,1650938858,negative
uc1reu,teenagers,post,1650938866,negative
uc1rht,teenagers,post,1650938873,negative
uc1s8r,teenagers,post,1650938935,negative
uc1sea,teenagers,post,1650938948,negative
uc1shv,teenagers,post,1650938957,negative
uc1sl7,teenagers,post,1650938965,negative
uc1soh,teenagers,post,1650938973,negative
uc1syv,teenagers,post,1650938999,negative
uc1t2f,teenagers,post,1650939006,negative
uc1t5t,teenagers,post,1650939013,negative
uc1t91,teenagers,post,1650939021,negative
uc1tgf,teenagers,post,1650939038,negative
uc1tji,teenagers,post,1650939045,negative
uc1tmo,teenagers,post,1650939053,negative
uc1tuf,teenagers,post,1650939072,negative
uc1tz3,teenagers,post,1650939081,negative
uc1u1o,teenagers,post,1650939089,negative
uc1u59,teenagers,post,1650939098,negative
uc1u8z,teenagers,post,1650939106,negative
uc1umb,teenagers,post,1650939141,negative
uc1upl,teenagers,post,1650939149,negative
uc1usb,teenagers,post,1650939156,negative
uc1uw9,teenagers,post,1650939166,negative
uc1v0j,teenagers,post,1650939175,negative
uc1vzp,teenagers,post,1650939259,negative
uc1w5w,teenagers,post,1650939275,negative
uc1w90,teenagers,post,1650939283,negative
uc1wc6,teenagers,post,1650939291,negative
uc1wfn,teenagers,post,1650939300,negative
uc1wir,teenagers,post,1650939308,negative
uc1wmq,teenagers,post,1650939316,negative
uc1wpp,teenagers,post,1650939324,negative
uc1zv6,teenagers,post,1650939601,negative
uc21tk,teenagers,post,1650939761,negative
uc21xr,teenagers,post,1650939771,negative
uc220l,teenagers,post,1650939778,negative
uc225d,teenagers,post,1650939791,negative
uc22aw,teenagers,post,1650939805,negative
uc262q,teenagers,post,1650940136,negative
uc266o,teenagers,post,1650940145,negative
uc26ae,teenagers,post,1650940154,negative
u467rv,Kenya,post,1650023157,neutral
u1h0nl,LesbianActually,post,1649709648,neutral
u3fg6q,LesbianActually,post,1649936214,negative
uebbyl,Memeconomy,post,1651198152,negative
uewgi6,Memeconomy,post,1651268915,negative
uex1z8,Memeconomy,post,1651270682,negative
uf3ejg,Memeconomy,post,1651292278,neutral
uf3nmz,Memeconomy,post,1651293219,negative
ufhbu1,MiddleEasternHotties,post,1651344335,neutral
u2x3qq,Minecraft,post,1649874930,neutral
txu0jt,ModSupport,post,1649273098,neutral
uei5on,ModSupport,post,1651224915,neutral
u6hsfi,MonsterHunter,post,1650300855,neutral
uesgp3,MouseReview,post,1651257430,neutral
ue6l3d,Mustang,post,1651183590,neutral
u79beg,Naruto,post,1650386050,negative
u9xvb5,NoStupidQuestions,post,1650690252,negative
ud0xfe,PS3,post,1651057452,negative
u5ep93,PhantomForces,post,1650167393,negative
tynsc7,Portland,post,1649368203,negative
u91ozt,Portland,post,1650587243,neutral
uf5cla,RWBY,post,1651300123,neutral
tuirmi,Rainbow6,post,1648905775,positive
u745ep,RedLetterMedia,post,1650371817,neutral
tz4ztv,RimWorld,post,1649428682,neutral
txcd7d,SCJerk,post,1649214177,negative
uf8zuo,SCP,post,1651317242,negative
twis23,SkincareAddiction,post,1649120842,positive
tzixnd,Sleepycabin,post,1649469540,neutral
ttunnd,StarWars,post,1648829860,negative
u9fq0t,Terraria,post,1650636985,negative
tuw1lq,TheBlueCorner,post,1648941245,neutral
ub7b3y,TooAfraidToAsk,post,1650843083,negative
uarelo,TooAfraidToAsk,post,1650794180,negative
u66fe4,Torontobluejays,post,1650263078,neutral
u3xfsx,TuberSimulator,post,1649988542,neutral
tvobub,Vent,post,1649031794,negative
ud4b1c,WatchRedditDie,post,1651068132,negative
ubdgoa,WayOfTheBern,post,1650863713,negative
u4d79y,actuallesbians,post,1650043788,negative
ubtk1t,animegifs,post,1650915736,negative
uc3rz0,antinatalism,post,1650945320,negative
tvpejb,boottoobig,post,1649034947,negative
udl0xw,breakingbad,post,1651114519,negative
u3qj6n,cfs,post,1649967936,positive
ty0m7c,chanceme,post,1649291823,neutral
u1hp1d,confession,post,1649711344,neutral
txqk9w,conspiracy,post,1649263768,negative
uab3sj,conspiracy,post,1650736925,negative
u32soz,deftones,post,1649890562,positive
ua91ty,discordapp,post,1650730982,neutral
tu2u40,dragonquest,post,1648850541,positive
tvky8t,facepalm,post,1649022484,negative
u1dixl,factorio,post,1649699508,neutral
ub55os,femalefashionadvice,post,1650836701,negative
u8bjwk,fivenightsatfreddys,post,1650503430,neutral
u7yoop,flashlight,post,1650467372,positive
txryvf,gangplankmains,post,1649267535,positive
u3n4aa,gaybroscirclejerk,post,1649958434,negative
uach5g,goats,post,1650740901,neutral
uf35q3,gonewildaudio,post,1651291397,neutral
udfwt8,grandorder,post,1651099051,neutral
uca3ij,help,post,1650971591,neutral
tw585s,help,post,1649087181,neutral
ufjkgj,help,post,1651351221,negative
u3buok,infj,post,1649921931,negative
uc0d31,ireland,post,1650934563,neutral
uf8upu,joi,post,1651316610,neutral
tyta72,kickstarter,post,1649385096,negative
u0othe,languagelearning,post,1649618423,neutral
uacsmb,legostarwars,post,1650741852,neutral
u7fcpe,libertarianmeme,post,1650401924,neutral
ufepvs,macbook,post,1651336449,neutral
tyieu1,magicTCG,post,1649353416,negative
tw1hnu,magicTCG,post,1649077373,negative
ua3uel,memes,post,1650715094,negative
u14bvq,meta,post,1649671878,negative
u8qlv7,mexico,post,1650556035,negative
u7fna3,mildlyinfuriating,post,1650402718,negative
u7h4vq,mildlyinfuriating,post,1650406740,negative
u81jzp,mildlyinteresting,post,1650475152,negative
uao1pc,mildlyinteresting,post,1650779875,neutral
uc17bq,modhelp,post,1650937147,neutral
tyic6a,msu,post,1649353180,neutral
u16evi,namenerds,post,1649679480,neutral
u0kzfc,newcastle,post,1649607634,neutral
ttwmfp,oklahoma,post,1648834666,neutral
ttwnu9,oklahoma,post,1648834761,neutral
udalux,philadelphia,post,1651084894,negative
tulqd1,phish,post,1648914079,neutral
u3oj1r,pics,post,1649962402,negative
tw30e5,place,post,1649081573,negative
tv9pzs,place,post,1648993845,negative
tvy7o7,place,post,1649066203,negative
twfhj4,place,post,1649112475,negative
tv5t03,place,post,1648979680,negative
tv92mp,place,post,1648991890,negative
tu1qh7,place,post,1648847677,negative
twad9w,place,post,1649099747,neutral
tup07r,place,post,1648922394,neutral
tv5hto,place,post,1648978319,negative
tvtffu,place,post,1649047213,neutral
tvqvwh,place,post,1649039262,negative
twfp69,place,post,1649112955,positive
twhat0,place,post,1649116848,negative
tv6wr7,place,post,1648984196,negative
tv2kwm,place,post,1648966358,negative
ttrnb0,punk,post,1648822269,neutral
tyjjp3,redditrequest,post,1649356488,neutral
u20oql,redditrequest,post,1649774461,neutral
tuhn0n,redditrequest,post,1648902116,neutral
u7gwzu,redditrequest,post,1650406133,neutral
u140t4,redditrequest,post,1649670665,neutral
u9wkui,redditrequest,post,1650685649,neutral
tw2ypa,redditrequest,post,1649081447,neutral
uet9q8,redditrequest,post,1651259720,neutral
u3n07f,redditrequest,post,1649958109,neutral
u1ew3q,redditrequest,post,1649704148,negative
u8s57p,redditrequest,post,1650560137,neutral
u4s91f,redditsync,post,1650092781,neutral
u6x975,roadtrip,post,1650344906,neutral
u6xx2e,roadtrip,post,1650347405,neutral
udsxvn,roblox,post,1651145805,negative
tv1ijm,runescape,post,1648962288,neutral
u69d33,sad,post,1650275514,negative
tweb8e,sadboys,post,1649109455,negative
tv8zyt,saudiarabia,post,1648991666,negative
ufjjq9,seinfeld,post,1651351160,neutral
tzzho3,soccercirclejerk,post,1649529808,neutral
tvsr0z,starbucks,post,1649045026,neutral
u0wvq6,teenagers,post,1649642811,negative
u1rcy9,teenagers,post,1649741630,negative
u541rm,teenagers,post,1650133942,negative
u4wes1,teenagers,post,1650110792,neutral
u93p2c,timberwolves,post,1650593504,negative
ub5au8,transformers,post,1650837109,neutral
u48iv3,transgenderUK,post,1650030693,neutral
txisny,trashy,post,1649239883,negative
u1q6pm,ukraine,post,1649736094,negative
uaoe14,ukraine,post,1650781277,neutral
tu7gdy,ukraine,post,1648864129,neutral
u8sroi,unpopularopinion,post,1650561823,negative
u0ahw1,vegancirclejerk,post,1649566761,negative
u0foia,vegancirclejerk,post,1649590068,negative
u0l69o,vegancirclejerk,post,1649608179,negative
ufkhfs,vegancirclejerk,post,1651354058,negative
udxd79,wallstreetbets,post,1651158984,negative
tv1rha,wesanderson,post,1648963227,negative
u538kb,xbox,post,1650131679,neutral
u7h4hc,2007scape,post,1650406710,negative
udgwbu,AmItheAsshole,post,1651101880,neutral
udrtt7,AskReddit,post,1651141469,neutral
u5gh05,AutoModerator,post,1650174166,neutral
uf03fc,CHIBears,post,1651280618,neutral
uc36kl,CherokeeXJ,post,1650943339,neutral
tyol54,Christians,post,1649370504,negative
u29r8j,Coachella,post,1649798352,neutral
u90wee,Colts,post,1650584788,neutral
u6n06b,Comcast_Xfinity,post,1650314524,neutral
u2feyh,Drugs,post,1649815474,neutral
u2flzu,Drugs,post,1649816060,negative
uetiux,EliteDangerous,post,1651260474,positive
u4ae0g,FIFA,post,1650035982,neutral
ua4yjj,Futurology,post,1650718905,negative
uai9yp,JustUnsubbed,post,1650758767,negative
ubbdbg,KendrickLamar,post,1650856169,neutral
u4kky1,LiveFromNewYork,post,1650065001,neutral
tvt0kb,LivestreamFail,post,1649045895,negative
u5oost,LosAngelesRams,post,1650207315,positive
twq25m,ModSupport,post,1649146826,negative
tvfcqv,ModSupport,post,1649008797,neutral
u6gnrc,Monero,post,1650297858,neutral
u63rnf,NarcissisticAbuse,post,1650252967,positive
u487yc,NoStupidQuestions,post,1650029732,neutral
twkasx,NoStupidQuestions,post,1649125389,negative
ty404e,OMSCS,post,1649302547,neutral
tuwmmn,Outlander,post,1648942956,neutral
u8ulv9,Piracy,post,1650566905,negative
u5dyp6,ProtectAndServe,post,1650164787,neutral
u86v05,ScottishFootball,post,1650489685,negative
tvnmie,SuicideWatch,post,1649029729,negative
tx4abd,SuicideWatch,post,1649190540,neutral
u46bfb,SuicideWatch,post,1650023533,negative
u9i3dk,SuicideWatch,post,1650643428,positive
tva7in,Terraria,post,1648995242,negative
u1jm1m,TopMindsOfReddit,post,1649716333,neutral
u8ojuk,TopMindsOfReddit,post,1650550277,negative
udh2ro,TopMindsOfReddit,post,1651102432,negative
uey8lh,TrueOffMyChest,post,1651274350,neutral
u6bqc4,TrueOffMyChest,post,1650284088,negative
ubg2h9,Twitch,post,1650874547,neutral
ucivix,UTAustin,post,1650996724,neutral
uef75b,UtahJazz,post,1651211558,positive
u67jgn,WatchRedditDie,post,1650267751,negative
ueerju,airguns,post,1651209806,positive
u6g64c,architecture,post,1650296600,negative
tysh20,battlebots,post,1649382504,positive
u653w1,carporn,post,1650257768,negative
udy7ta,changemyview,post,1651161281,negative
udh936,circlebroke,post,1651102957,negative
u0awq0,cumtributes,post,1649568430,negative
tyj9lb,cybersecurity,post,1649355734,neutral
ucuaqp,dankruto,post,1651030367,neutral
uakjam,entwives,post,1650766506,neutral
tvplsh,exmormon,post,1649035540,positive
uds8xx,findareddit,post,1651143214,neutral
u56816,florida,post,1650140200,neutral
u831f5,fragrance,post,1650479223,neutral
tty4ci,furry,post,1648838384,neutral
ttreta,furry,post,1648821676,neutral
u8za4f,furry,post,1650579963,neutral
tu6b6y,gmod,post,1648860569,neutral
udb4hm,greentext,post,1651086243,positive
twtlyu,halo,post,1649161051,negative
uemifj,karma,post,1651240667,negative
u7hum9,latin,post,1650408802,neutral
u9mak7,lawschooladmissions,post,1650654838,neutral
uahh2d,lawschooladmissions,post,1650756123,positive
u38tg4,leagueoflegends,post,1649909598,negative
ufg6zk,learnprogramming,post,1651340911,negative
ua4r1r,linguistics,post,1650718240,negative
u7uvpo,marvelstudios,post,1650456110,positive
tx1r79,me_irl,post,1649183856,negative
txlkdd,modhelp,post,1649249842,neutral
tyyl95,mountandblade,post,1649405374,neutral
u8c48a,newjersey,post,1650505175,negative
uffy9r,olympia,post,1651340172,negative
ubcf3f,phillies,post,1650859802,neutral
ttj89p,phoenix,post,1648790977,neutral
twijub,place,post,1649120211,negative
tvjrj1,place,post,1649019514,negative
tvjsj8,place,post,1649019588,negative
tvqdc3,place,post,1649037755,negative
u6iw4t,place,post,1650303831,neutral
tvufbk,place,post,1649050591,negative
tttgkf,place,post,1648826903,neutral
tvxiix,place,post,1649063336,neutral
tvq53i,place,post,1649037101,negative
tvutno,place,post,1649052071,negative
ucn0wv,playstation,post,1651007907,neutral
tz5mav,rant,post,1649430419,negative
u9idgi,redditrequest,post,1650644165,neutral
u9ie1m,redditrequest,post,1650644212,neutral
u9ien1,redditrequest,post,1650644257,neutral
ucres2,redditrequest,post,1651020932,neutral
ty7nrg,redditrequest,post,1649316552,neutral
u4lx0l,redditrequest,post,1650069363,neutral
u4epbb,redditrequest,post,1650047913,neutral
u6cyfj,redditrequest,post,1650287876,neutral
u5ocjt,redditrequest,post,1650206283,neutral
u8q1m0,redditrequest,post,1650554492,neutral
uaje9q,redditrequest,post,1650762539,neutral
u475a3,redditrequest,post,1650026369,neutral
u2bhg3,redditrequest,post,1649803648,neutral
u271nx,redditrequest,post,1649791160,neutral
u7sqlt,redditrequest,post,1650447809,neutral
u4lpj7,riverdale,post,1650068691,neutral
u9q0z2,sadcringe,post,1650665075,negative
twb0rd,serbia,post,1649101366,neutral
ue2h5p,skeptic,post,1651172504,neutral
u21f4w,starbucks,post,1649776451,neutral
udbcpr,summonerswar,post,1651086845,negative
ue1uzh,survivor,post,1651170858,neutral
ub7ezt,teenagers,post,1650843428,negative
ubed4c,teenagers,post,1650867245,neutral
u9it3o,tipofmytongue,post,1650645329,neutral
u89r0o,titanfall,post,1650497947,neutral
u6dyr4,twinks,post,1650290711,neutral
udh269,wallstreetbets,post,1651102380,negative
tz3rsu,2007scape,post,1649425156,positive
tw9vgq,2007scape,post,1649098529,neutral
tvccou,2007scape,post,1649001110,neutral
u1kvpv,AbandonedPorn,post,1649719960,negative
u1kwrg,AbandonedPorn,post,1649720046,negative
u9vmv5,Advice,post,1650682447,neutral
u2zeuo,AmItheAsshole,post,1649881342,negative
u7iw1y,AppleMusic,post,1650411871,negative
u10m9p,ApplyingToCollege,post,1649656094,neutral
tvh6s8,AskModerators,post,1649013351,neutral
u3mz5t,AskReddit,post,1649958025,negative
u0atyj,AskReddit,post,1649568107,neutral
uabwjv,AskReddit,post,1650739216,neutral
u21wu6,AskReddit,post,1649777749,negative
uausfo,AskReddit,post,1650806903,negative
tvfoq0,AskThe_Donald,post,1649009586,negative
u81v0e,Austin,post,1650476011,neutral
u4kny9,Bitcoin,post,1650065281,negative
u12kb1,BleachBraveSouls,post,1649664391,neutral
ttdiyr,Borderlands,post,1648771870,neutral
u8a8nk,Brawlstars,post,1650499433,negative
u8pwm8,Brawlstars,post,1650554109,neutral
udirui,Brawlstars,post,1651107614,neutral
u0myxj,BreedingMaterial,post,1649613268,negative
u3fspd,BreedingMaterial,post,1649937362,negative
u8httd,CPTSD,post,1650525577,positive
u0il5q,CasualConversation,post,1649600505,negative
ttqjnk,CasualUK,post,1648819321,neutral
tyy5r1,CasualUK,post,1649403465,positive
ttihop,ClashRoyale,post,1648788255,neutral
udm3ld,Crunchyroll,post,1651117937,negative
tzbpig,DestinyTheGame,post,1649447270,negative
uafxwt,DoesAnybodyElse,post,1650751308,negative
u88ywy,Egypt,post,1650495642,negative
ua5qv7,Irony,post,1650721427,negative
twnoiy,JUSTNOFAMILY,post,1649136875,neutral
u016xi,Jokes,post,1649534957,negative
u6sqie,Jokes,post,1650330457,neutral
uf9b58,JustUnsubbed,post,1651318649,negative
ty1uzp,LigaMX,post,1649295741,neutral
tu8d5l,LiverpoolFC,post,1648866978,neutral
ueyc90,LivestreamFail,post,1651274683,negative
twfiz2,LosAngelesRams,post,1649112576,neutral
txqnfs,MeetPeople,post,1649264004,neutral
u0cd64,MensRights,post,1649574615,neutral
tuvahp,Mindfulness,post,1648939140,negative
u7uikv,Minecraft,post,1650454834,neutral
tvewjm,ModSupport,post,1649007638,neutral
uc11bh,ModSupport,post,1650936636,neutral
u91pcb,ModSupport,post,1650587274,negative
ufbhlu,ModSupport,post,1651326612,neutral
twup2x,ModSupport,post,1649164502,neutral
u78kk7,MyChemicalRomance,post,1650384077,neutral
tvu5li,NASCAR,post,1649049658,neutral
u3hojp,NFA,post,1649943264,neutral
tvavlb,NYGiants,post,1648997171,negative
tzkngz,NoFap,post,1649475417,neutral
u7y0hr,NoFap,post,1650465522,neutral
uf23ox,OddlyArousing,post,1651287569,neutral
u85l2v,RealGirls,post,1650486179,negative
tzu4dx,ShadowBan,post,1649513897,negative
u9uspw,ShadowBan,post,1650679670,neutral
ttwyil,Showerthoughts,post,1648835500,negative
u30czp,StarWars,post,1649883906,neutral
ueew0w,StarWars,post,1651210302,neutral
tvoop1,TheBlueCorner,post,1649032844,negative
u483hb,TillSverige,post,1650029359,neutral
uff5ne,Undertale,post,1651337797,neutral
ublcfz,anonymous,post,1650893816,negative
u3k8q3,ask,post,1649950503,negative
tyjxrj,askphilosophy,post,1649357545,negative
u6g90t,browsers,post,1650296817,neutral
twxrp7,chess,post,1649173074,negative
uan6dz,chicago,post,1650776274,neutral
u4f3x2,comics,post,1650049076,neutral
u9u9ou,copypasta,post,1650677996,negative
ud1he3,cuboulder,post,1651059460,neutral
u79noq,ems,post,1650386965,neutral
turt2v,fargo,post,1648929733,negative
tz2aif,feminineboys,post,1649420456,positive
u7e5xa,forsen,post,1650398732,negative
tzst69,forsen,post,1649509549,neutral
u1lzep,gofundme,post,1649723234,neutral
u2t9qv,golf,post,1649864688,neutral
u897p4,golf,post,1650496345,neutral
tzw3lr,guitarpedals,post,1649519781,neutral
u9ts9x,halo,post,1650676468,negative
ua59mp,halo,post,1650719908,negative
u8ab3n,help,post,1650499631,neutral
u34sra,help,post,1649896550,neutral
ttebic,help,post,1648774401,negative
uc7zhp,help,post,1650962774,negative
tzzbec,memes,post,1649529282,negative
u7aoxi,memes,post,1650389685,negative
ufd53t,mentalhealth,post,1651331735,neutral
uas7f8,mildlyinfuriating,post,1650797539,negative
tx55m8,mildlyinfuriating,post,1649192777,neutral
u6k7xm,nba,post,1650307238,negative
uckhn8,needamod,post,1651001037,neutral
ub530y,newhampshire,post,1650836489,neutral
u5u0rt,northernireland,post,1650222972,negative
u5ab6f,olympics,post,1650152566,negative
ucsdl2,phenibut,post,1651023989,neutral
u94q8h,pics,post,1650596809,negative
tw9wuc,place,post,1649098626,positive
ttw933,place,post,1648833748,negative
tvt02x,place,post,1649045851,negative
ttv58z,place,post,1648831065,neutral
tv8t27,place,post,1648991066,negative
twtaxc,place,post,1649160012,negative
twdcs9,place,post,1649107067,neutral
u58a4f,place,post,1650146349,neutral
u2lt4j,place,post,1649839531,negative
tv1pmn,place,post,1648963036,negative
tvt0kc,place,post,1649045895,negative
tw9vop,place,post,1649098545,neutral
twabqf,place,post,1649099643,neutral
twaq0t,place,post,1649100629,positive
twe5sd,place,post,1649109069,negative
tvm38d,place,post,1649025437,neutral
tw3qd6,place,post,1649083403,negative
twt64w,place,post,1649159567,neutral
twfi3z,place,post,1649112515,negative
u5qfk9,politics,post,1650212435,negative
u5bsrz,pregnant,post,1650157393,neutral
u91kk5,rant,post,1650586848,negative
u51s2d,reactiongifs,post,1650127528,negative
uaomh2,redditmobile,post,1650782267,neutral
ue2747,redditrequest,post,1651171754,neutral
ueuimk,redditrequest,post,1651263283,neutral
tv7bpz,redditrequest,post,1648985878,neutral
u86ii9,redditrequest,post,1650488716,neutral
ub6hea,redditrequest,post,1650840561,neutral
u0d3zx,redditrequest,post,1649578068,neutral
u5f5zm,redditrequest,post,1650169057,neutral
ubb4s5,redditrequest,post,1650855380,neutral
ucp40d,redditrequest,post,1651013798,neutral
tto8hm,redditrequest,post,1648811886,neutral
u4zmvu,redditrequest,post,1650121328,neutral
txwl89,redditrequest,post,1649280014,neutral
ty1d4u,redditrequest,post,1649294218,neutral
udxhnp,redditrequest,post,1651159314,neutral
uerjdg,redditrequest,post,1651254798,neutral
u89lhh,redditrequest,post,1650497480,neutral
u55001,redditrequest,post,1650136637,neutral
ua3ng2,redditrequest,post,1650714371,negative
u559bo,redditrequest,post,1650137404,neutral
ucqnw5,redditrequest,post,1651018538,neutral
txje09,redditrequest,post,1649242302,neutral
tv91m5,srilanka,post,1648991806,neutral
uec4o0,starcraft,post,1651200669,negative
uec7uw,starcraft,post,1651200956,negative
ua04ox,statistics,post,1650699565,neutral
txn58h,sydney,post,1649254473,neutral
txp4mq,techsupport,post,1649259884,negative
u8578y,teenagers,post,1650485130,negative
u95459,teenagers,post,1650598103,neutral
tvrgmc,teenagers,post,1649040972,neutral
ucrowr,teenagers,post,1651021781,negative
ubl7wm,teenagers,post,1650893451,negative
u1xhmi,totalwar,post,1649765124,negative
u4omp4,trans,post,1650078631,positive
tzeyij,ukraine,post,1649456630,neutral
u4l4pi,wallstreetbets,post,1650066797,neutral
u4l548,wallstreetbets,post,1650066837,neutral
u4l5j6,wallstreetbets,post,1650066873,neutral
u4lwfx,wallstreetbets,post,1650069311,negative
tu28xw,wallstreetbets,post,1648849011,neutral
udh2r4,2007scape,post,1651102430,neutral
ua6but,ADHD,post,1650723200,neutral
ud5zd9,AhriMains,post,1651072671,positive
uckhep,AskPhotography,post,1651001019,neutral
u0wak8,AskWomen,post,1649640908,neutral
u1crl1,AskWomen,post,1649697484,neutral
u7l6yb,AskWomen,post,1650418969,negative
ubxjm7,AskWomen,post,1650926261,negative
uekj2o,AskWomen,post,1651234293,negative
u3a3iv,AustralianShepherd,post,1649914351,negative
u4b3xv,BATProject,post,1650038029,neutral
ubd4up,Bestbuy,post,1650862496,negative
tu6eia,Borderlands2,post,1648860854,neutral
u04e99,Braves,post,1649544784,neutral
ty9803,Brawlstars,post,1649323752,neutral
tvrut5,Bumble,post,1649042222,neutral
ucfh7l,ClashRoyale,post,1650987696,neutral
u1agyi,Comcast_Xfinity,post,1649691215,neutral
txyexd,CryptoCurrency,post,1649285116,neutral
u1m3bq,DAE,post,1649723557,neutral
ttpr7x,DankMemesFromSite19,post,1648816992,neutral
u84lji,Denver,post,1650483496,neutral
u35p16,EscapefromTarkov,post,1649899339,negative
u3olwj,FullScorpion,post,1649962623,negative
tz4bbt,Guildwars2,post,1649426734,neutral
uen14y,Guiltygear,post,1651242160,negative
u9v7sn,Hardcore,post,1650681068,neutral
tvqayl,HomeDepot,post,1649037581,negative
u6wsoe,Jokes,post,1650343255,neutral
tzd0fy,Kanye,post,1649451016,negative
ucm0yu,Kanye,post,1651005208,negative
uf0h2k,Kanye,post,1651281920,negative
u81rn3,Kenya,post,1650475748,neutral
tyfum3,Kirby,post,1649346146,neutral
udb67o,LesbianActually,post,1651086363,neutral
u46e3e,LesbianActually,post,1650023803,neutral
ttmx62,Minecraft,post,1648806627,neutral
u1zyn1,ModSupport,post,1649772472,neutral
u25v92,ModSupport,post,1649788044,negative
u97n34,OpiatesRecovery,post,1650607378,neutral
twm08i,PAX,post,1649130949,neutral
ue4fzp,Parenting,post,1651177820,neutral
tw9vnp,Patriots,post,1649098543,neutral
u43poz,Rateme,post,1650012645,negative
u0npf8,RedditCensors,post,1649615301,negative
txem7l,SluttyConfessions,post,1649222044,negative
ty6wxp,SluttyConfessions,post,1649313404,negative
txrhx6,Smite,post,1649266262,negative
ud5ha8,StrangerThings,post,1651071355,neutral
tzamhu,Tgifs,post,1649444236,neutral
tv0vct,TheBlueCorner,post,1648960031,neutral
tzcyvf,TrueOffMyChest,post,1649450891,negative
tti3a7,TrueOffMyChest,post,1648786795,negative
ttl8z6,TrueOffMyChest,post,1648799219,neutral
tvi14l,TrueOffMyChest,post,1649015296,negative
tvogq7,TrueOffMyChest,post,1649032203,negative
twmjzh,TrueOffMyChest,post,1649132802,negative
tzhxzt,TrueOffMyChest,post,1649466189,negative
tzjp1r,TrueOffMyChest,post,1649472076,negative
u25lo7,TrueOffMyChest,post,1649787361,neutral
u2msp2,TrueOffMyChest,post,1649843938,negative
u2qfz0,TrueOffMyChest,post,1649856844,negative
u3wc1e,TrueOffMyChest,post,1649985025,negative
u4rzvy,TrueOffMyChest,post,1650091704,negative
u5szu3,TrueOffMyChest,post,1650219928,negative
u8bhuv,TrueOffMyChest,post,1650503254,negative
uepb8z,TrueOffMyChest,post,1651248522,neutral
u9ruvi,TrueOffMyChest,post,1650670387,neutral
ubv3fe,Twitter,post,1650919676,negative
u96ql6,UFOs,post,1650603847,neutral
u3zrg4,UFOs,post,1649996355,neutral
tux0o3,VietNam,post,1648944114,negative
u86dgy,WhitePeopleTwitter,post,1650488369,negative
tv53nd,ainbowroad,post,1648976637,negative
ttf29a,antinatalism,post,1648776726,negative
tudnwj,antinatalism,post,1648886365,positive
twao9u,asexuality,post,1649100510,neutral
uantvc,cocaine,post,1650778916,negative
tyj1kw,dadjokes,post,1649355127,negative
u6r3hi,dankmemes,post,1650325651,neutral
ttuh3f,deadbydaylight,post,1648829413,negative
u8pvkn,deadbydaylight,post,1650554029,neutral
u76wlx,denvernuggets,post,1650379694,negative
tymmbh,diabetes_t1,post,1649364967,neutral
u4085b,drugscirclejerk,post,1649998066,neutral
u409f2,drugscirclejerk,post,1649998200,neutral
u4dgs7,drugscirclejerk,post,1650044511,negative
tts7ge,ecuador,post,1648823771,neutral
ufeaa9,findareddit,post,1651335127,negative
tvafr6,gaming,post,1648995919,neutral
tvai3r,gaming,post,1648996108,negative
tvaikc,gaming,post,1648996141,negative
u1hrnl,help,post,1649711527,neutral
tz4k1v,help,post,1649427442,neutral
uc4gog,help,post,1650947756,neutral
u3dmvo,im14andthisisdeep,post,1649929580,neutral
u1uw10,im14andthisisdeep,post,1649755387,negative
txckas,indieheads,post,1649214828,neutral
tub1lr,latterdaysaints,post,1648875920,neutral
u36mzm,madlads,post,1649902311,neutral
uaotjj,memes,post,1650783127,neutral
ua9mhr,mildlyinfuriating,post,1650732640,negative
txfu4p,mildlyinfuriating,post,1649226841,negative
tvjjuu,modhelp,post,1649018971,neutral
tydxsf,modhelp,post,1649340640,neutral
u1skgo,modhelp,post,1649745368,neutral
twq3m7,place,post,1649147015,negative
tvugx1,place,post,1649050752,negative
tvn07i,place,post,1649027956,neutral
twf0co,place,post,1649111221,neutral
tv4904,place,post,1648973168,negative
tvt2ab,place,post,1649046039,negative
tvt32y,place,post,1649046115,negative
tug54w,place,post,1648896714,neutral
tvzf42,place,post,1649070713,positive
twkjuo,place,post,1649126169,neutral
tvccrz,place,post,1649001116,negative
tvt1ej,place,post,1649045972,negative
tw4p5q,place,post,1649085870,negative
tyy150,place,post,1649402861,neutral
tu70ig,playstation,post,1648862774,neutral
u0p37x,pokemonshowdown,post,1649619207,negative
tv9z0u,portugal,post,1648994539,neutral
u9vf1v,rant,post,1650681733,negative
ubkoxv,realmadrid,post,1650891871,negative
u0rwrt,redditrequest,post,1649627291,neutral
u88gkf,redditrequest,post,1650494161,neutral
tuvc49,redditrequest,post,1648939262,neutral
tzniyw,redditrequest,post,1649486839,neutral
u2z3w0,redditrequest,post,1649880512,neutral
u3xsms,redditrequest,post,1649989723,neutral
u64bd7,redditrequest,post,1650254853,neutral
u0zqe1,redditrequest,post,1649652680,neutral
udjmig,redditrequest,post,1651110218,neutral
txvx0m,redditrequest,post,1649278231,neutral
u7isel,redditrequest,post,1650411559,neutral
tyovw8,sadboys,post,1649371373,neutral
u4wwik,saudiarabia,post,1650112605,neutral
u2rh65,sharepoint,post,1649859792,negative
u7bwtk,sheffield,post,1650392804,neutral
tz49mf,slp,post,1649426597,negative
ub0a8o,soccer,post,1650822949,negative
tvexp8,teenagers,post,1649007722,neutral
tz9niu,teenagers,post,1649441505,negative
u5ylcs,tf2,post,1650236512,negative
u420y0,tifu,post,1650005262,negative
tyzlk3,trans,post,1649409912,negative
ud1oc3,ukraine,post,1651060135,negative
u7dkq6,unpopularopinion,post,1650397169,negative
tv9pbb,uruguay,post,1648993790,neutral
ubqgtm,uwaterloo,post,1650907580,positive
ttfbac,vinyl,post,1648777577,neutral
u4b42i,virgin,post,1650038043,negative
tyj0hk,wallstreetbets,post,1649355042,neutral
ue3o21,wallstreetbets,post,1651175730,negative
udzck2,wallstreetbets,post,1651164239,negative
uf66na,warriors,post,1651303940,neutral
txkgvp,westworld,post,1649246235,neutral
u52vv1,wyoming,post,1650130667,negative
uad0q4,2007scape,post,1650742537,negative
tvsbm7,AFL,post,1649043717,negative
tyabgx,AFL,post,1649328404,neutral
u9z1l5,Art,post,1650694972,negative
uc3m8d,AskHistorians,post,1650944786,neutral
uet85p,AskLE,post,1651259600,neutral
u24izr,AskModerators,post,1649784553,neutral
u24sot,AskModerators,post,1649785247,neutral
u2d41z,AskModerators,post,1649808398,neutral
u6bqv3,AskModerators,post,1650284132,negative
u2hgb0,AskNYC,post,1649821994,neutral
uf9x7a,AskReddit,post,1651321055,neutral
uf9zey,AskReddit,post,1651321291,neutral
u9ybdt,AutoModerator,post,1650692032,negative
u0tr29,Bad_Cop_No_Donut,post,1649632718,negative
u0trge,Bad_Cop_No_Donut,post,1649632750,negative
u0trqf,Bad_Cop_No_Donut,post,1649632774,negative
u0ts6w,Bad_Cop_No_Donut,post,1649632808,negative
u0ulz5,Bad_Cop_No_Donut,post,1649635372,negative
u0un6r,Bad_Cop_No_Donut,post,1649635477,negative
u0uq45,Bad_Cop_No_Donut,post,1649635750,negative
u106o3,Bad_Cop_No_Donut,post,1649654385,neutral
u10ao9,Bad_Cop_No_Donut,post,1649654812,neutral
u6pwtl,Bad_Cop_No_Donut,post,1650322393,neutral
u0m2e8,BoostForReddit,post,1649610695,neutral
uc5816,Colts,post,1650950647,negative
tvkm1v,Comcast_Xfinity,post,1649021611,neutral
u4y3a7,Conservative,post,1650116570,negative
tu8kz7,Corridor,post,1648867668,negative
uco54y,DMT,post,1651011023,neutral
u21gk3,Damnthatsinteresting,post,1649776558,negative
udohil,Destiny,post,1651126763,neutral
ue8n27,Drugs,post,1651189721,neutral
tz5fbn,DunderMifflin,post,1649429908,neutral
tur4py,EnoughCommieSpam,post,1648927952,negative
ud1nf3,EscapefromTarkov,post,1651060041,neutral
ud7pv8,EscapefromTarkov,post,1651077231,negative
u2zm23,FL_Studio,post,1649881910,neutral
uejo3r,FemBoys,post,1651231283,neutral
ttri82,Fitness,post,1648821914,neutral
txpuqo,FreeCompliments,post,1649261782,neutral
tx5fhz,FreeSpeech,post,1649193506,negative
u6g293,FreeSpeech,post,1650296318,negative
uefk44,GilmoreGirls,post,1651213077,neutral
tvdvyr,Guitar,post,1649005053,negative
tvdxdj,Guitar,post,1649005151,negative
tvpdgd,Guitar,post,1649034858,negative
tvpdqo,Guitar,post,1649034882,negative
tvziud,Guitar,post,1649071078,negative
txd4tl,Guitar,post,1649216744,neutral
u4nw7m,Guitar,post,1650076131,neutral
tw4idd,HalfLife,post,1649085397,negative
txs2ik,HotWheels,post,1649267806,neutral
u6i68x,INTP,post,1650301901,neutral
u9o004,JustUnsubbed,post,1650659534,negative
u8dm5q,KCRoyals,post,1650509887,positive
u4cads,Kentucky,post,1650041303,negative
ttnm14,KotakuInAction,post,1648809511,neutral
ual4w2,MLBTheShow,post,1650768640,negative
u8w5e0,MakeNewFriendsHere,post,1650571176,neutral
u7va7r,MandelaEffect,post,1650457434,negative
tywxte,ModSupport,post,1649398220,neutral
u1euz5,MtF,post,1649704066,negative
ud1n7j,Munich,post,1651060017,neutral
tuplj1,Naruto,post,1648923923,negative
u8e9hk,Nepal,post,1650511984,negative
u1p6s0,NoStupidQuestions,post,1649732842,neutral
ueo28l,PKA,post,1651245082,neutral
tu6hy7,Padres,post,1648861147,negative
u3luhz,PiratedGames,post,1649954911,neutral
ttr8wl,PrequelMemes,post,1648821261,neutral
tvf408,Quebec,post,1649008162,negative
tu5vzv,SoulsSliders,post,1648859241,neutral
u6dsca,StarVStheForcesofEvil,post,1650290257,neutral
tulbxy,Telegram,post,1648912993,negative
uewx6r,Tennesseetitans,post,1651270277,negative
tvje6h,ToolBand,post,1649018579,neutral
u7fvty,TrueOffMyChest,post,1650403360,negative
ub9w1v,Twitch,post,1650851251,neutral
u1gmla,WatchRedditDie,post,1649708672,negative
tvsbs9,WatchRedditDie,post,1649043731,negative
tyhu7v,anime,post,1649351776,negative
ufk0ek,anime,post,1651352548,neutral
ttf5dv,antinatalism,post,1648777000,neutral
u3p49q,aww,post,1649964016,negative
u1s0sx,baseball,post,1649743795,neutral
u1s120,baseball,post,1649743803,neutral
uadxw7,baseball,post,1650745263,negative
uafnt3,baseball,post,1650750441,negative
u62c8m,berserklejerk,post,1650248244,neutral
u0e17v,bigdickproblems,post,1649582391,neutral
ucfzuc,binance,post,1650989053,neutral
u92rg2,bugs,post,1650590545,negative
uaz4wr,chomsky,post,1650819680,negative
u6t9sh,clevelandcavs,post,1650332076,neutral
u09lv0,collegehockey,post,1649563207,neutral
ue8pog,comicbooks,post,1651189952,neutral
u2k2cs,conlangs,post,1649831751,positive
tveomv,conservatives,post,1649007087,negative
tz9cmm,dirtypenpals,post,1649440690,negative
u30wkj,dirtypenpals,post,1649885350,negative
uetseh,electricians,post,1651261218,negative
ue8wvf,elonmusk,post,1651190574,negative
uecm28,elonmusk,post,1651202220,negative
u6q04d,factorio,post,1650322639,negative
u9w74a,ftm,post,1650684355,negative
u8tmn1,futurebeats,post,1650564214,negative
tuvah7,gaming,post,1648939139,positive
uexon3,gmu,post,1651272630,neutral
u8u0hw,guitarcirclejerk,post,1650565255,negative
ty70cs,guitarcirclejerk,post,1649313799,negative
tu5vms,halo,post,1648859212,neutral
u1nq5y,help,post,1649728433,negative
udmqwv,help,post,1651120173,neutral
tu1hmh,help,post,1648847038,neutral
tueatd,help,post,1648889104,negative
tvjs7s,help,post,1649019564,negative
tvpylw,help,post,1649036573,negative
twdcyi,help,post,1649107078,neutral
txreum,help,post,1649266030,neutral
tyorsw,help,post,1649371043,neutral
u0dw6w,help,post,1649581711,neutral
u24n2f,help,post,1649784833,neutral
u2zl8j,help,post,1649881844,neutral
u2zutf,help,post,1649882556,neutral
u3lrr2,help,post,1649954700,neutral
u3pcbn,help,post,1649964642,negative
u3qr98,help,post,1649968555,neutral
u4jgzl,help,post,1650061598,neutral
u70pjh,help,post,1650359064,neutral
u76ars,help,post,1650378028,neutral
u7pwmu,help,post,1650435332,negative
u9v652,help,post,1650680915,negative
ua7jsl,help,post,1650726773,neutral
ua7lkl,help,post,1650726913,neutral
ua8wpu,help,post,1650730592,neutral
uc2yuu,help,post,1650942622,neutral
ucttwr,help,post,1651028756,neutral
ue2f7g,help,post,1651172374,neutral
ueobkf,help,post,1651245805,neutral
uevkpj,help,post,1651266314,negative
ufk0mi,help,post,1651352568,neutral
twof9w,ideasfortheadmins,post,1649139923,neutral
u1zvs8,india,post,1649772250,neutral
u36nkc,indieheads,post,1649902360,neutral
u0n7of,insects,post,1649613915,neutral
ufciap,islam,post,1651329838,neutral
u2t69h,jobs,post,1649864418,negative
ttfx6n,malaysia,post,1648779533,neutral
ua2sv0,manchester,post,1650711098,neutral
tvaheh,mildlyinfuriating,post,1648996051,negative
u47emb,mildlyinfuriating,post,1650027238,negative
tvhm0e,mississauga,post,1649014300,negative
ue9t4a,modhelp,post,1651193452,neutral
ua5ryr,modhelp,post,1650721525,neutral
tzb27f,modhelp,post,1649445444,neutral
ud9yhe,modhelp,post,1651083121,negative
tthuc1,nba,post,1648785916,neutral
u900e7,nba,post,1650582106,neutral
uejzim,nba,post,1651232451,neutral
tz9kj3,neoliberal,post,1649441279,negative
tv4ur3,place,post,1648975638,neutral
tvsxrl,place,post,1649045626,neutral
u137aw,place,post,1649667265,neutral
tv2ags,place,post,1648965265,negative
tw7ea6,place,post,1649092476,negative
tw0jwv,place,post,1649074502,neutral
twanim,place,post,1649100456,neutral
tvmg5y,place,post,1649026394,negative
twfq6t,place,post,1649113015,negative
twfwx7,place,post,1649113414,negative
tvx18x,place,post,1649061279,neutral
twffd1,place,post,1649112319,negative
tvtaan,place,post,1649046761,negative
tv7odo,place,post,1648987206,negative
tw5pfv,place,post,1649088336,neutral
tw5wtp,place,post,1649088850,negative
tw6x9x,place,post,1649091337,negative
tv39ox,place,post,1648969133,negative
tw57wh,place,post,1649087165,negative
tvtuoz,place,post,1649048617,negative
twcwua,place,post,1649105989,neutral
tyzpfh,place,post,1649410407,neutral
tvaib8,place,post,1648996123,negative
tw44ok,place,post,1649084419,neutral
txenkd,place,post,1649222180,negative
ttyak3,place,post,1648838842,positive
u6bcz7,place,post,1650282920,neutral
tvqh55,place,post,1649038065,negative
tvqi8f,place,post,1649038160,negative
twg5jt,place,post,1649113953,negative
twb45i,place,post,1649101604,negative
tvfsgm,place,post,1649009844,neutral
tvgs1i,place,post,1649012415,negative
tycxmv,place,post,1649337590,negative
tvt4kl,place,post,1649046253,negative
ub034q,prisonarchitect,post,1650822400,neutral
ubooix,rangers,post,1650902912,neutral
u5tsn1,redditrequest,post,1650222302,neutral
u7kme2,redditrequest,post,1650417159,neutral
u2uh1j,redditrequest,post,1649867883,neutral
u4j1db,redditrequest,post,1650060308,neutral
u1mgx8,redditrequest,post,1649724685,neutral
u1bbe6,redditrequest,post,1649693623,neutral
u8su61,redditrequest,post,1650562012,neutral
u7mlxd,redditrequest,post,1650423462,neutral
u1g1a6,redditrequest,post,1649707206,neutral
u9u36z,redditrequest,post,1650677427,neutral
u428hp,redditrequest,post,1650006087,neutral
tzred3,redditrequest,post,1649504178,neutral
u02mgi,redditrequest,post,1649539319,neutral
u6d4su,redditrequest,post,1650288384,neutral
u35z79,roblox,post,1649900232,negative
tygtvm,runescape,post,1649348877,negative
u6sg4l,samharris,post,1650329610,neutral
ub6yg1,self,post,1650841974,negative
ud05ia,serialkillers,post,1651054341,negative
udjyxg,skinwalkers,post,1651111302,negative
udyi1y,stocks,post,1651162019,negative
u5okax,tax,post,1650206939,positive
ubub4k,technology,post,1650917656,neutral
ufbppe,teenagers,post,1651327306,negative
tz3g50,teenagers,post,1649424151,neutral
ubl8tt,teenagers,post,1650893529,neutral
ubidy8,teenagers,post,1650884149,negative
tu9ml1,thebachelor,post,1648871029,neutral
u7mk7a,torontoraptors,post,1650423310,negative
u7kgyq,translator,post,1650416692,neutral
u0mlob,trucksim,post,1649612236,neutral
tx5fdu,ukraine,post,1649193497,negative
uehj18,uktrees,post,1651222008,negative
tv3m7t,undelete,post,1648970524,negative
tva5pu,undelete,post,1648995089,negative
u5yz0m,wallstreetbets,post,1650237651,neutral
tyq11n,whatisthisthing,post,1649374762,negative
tu5s0w,whatisthisthing,post,1648858909,negative
u2tihg,xbox,post,1649865334,negative
tu15ej,xboxone,post,1648846198,negative
tti88s,youtube,post,1648787284,negative
ty1coh,youtube,post,1649294176,negative
ty7mu7,ABoringDystopia,post,1649316442,negative
u3hd4l,AMA,post,1649942304,neutral
ue3izu,Accounting,post,1651175352,positive
u0gtvj,Anarchism,post,1649594632,neutral
tyink9,Anarcho_Capitalism,post,1649354092,neutral
u5rhuf,Anarcho_Capitalism,post,1650215550,negative
u5wtul,Anarcho_Capitalism,post,1650231327,neutral
uaheo8,Anarcho_Capitalism,post,1650755919,neutral
tyqr5y,AskReddit,post,1649377004,neutral
tvb5ee,AskReddit,post,1648997913,neutral
tv7utq,AskReddit,post,1648987824,neutral
u60p9t,AusFinance,post,1650243084,neutral
udi1gu,BoostForReddit,post,1651105321,neutral
uafwaq,COents,post,1650751193,negative
u001wv,CasualConversation,post,1649531485,negative
u4it83,CasualConversation,post,1650059672,neutral
u1nmbc,ChoosingBeggars,post,1649728100,neutral
ty6206,Christianity,post,1649309933,negative
tuaakf,ColoradoAvalanche,post,1648873291,neutral
tvepp3,Conservative,post,1649007165,negative
u1ayf8,Conservative,post,1649692694,negative
u3mvw6,Conservative,post,1649957777,negative
u4jvu2,Conservative,post,1650062853,negative
ua3342,Conservative,post,1650712225,neutral
uecxrp,Destiny,post,1651203273,negative
ud4phx,DevilMayCry,post,1651069214,negative
twk8cq,FunnyandSad,post,1649125184,negative
u3g2qm,GayBroTeens,post,1649938241,neutral
tv5p7w,IndiaSpeaks,post,1648979213,neutral
u7rll4,Jokes,post,1650442668,neutral
tybm3l,Justrolledintotheshop,post,1649333217,neutral
u9rq0a,Kerala,post,1650669970,neutral
u9a2l8,Megaman,post,1650617661,neutral
txyu4h,ModSupport,post,1649286353,neutral
txond3,ModSupport,post,1649258588,neutral
txv0zc,ModSupport,post,1649275829,negative
udajfx,ModSupport,post,1651084721,neutral
tupf3j,ModSupport,post,1648923455,negative
tvar74,ModSupport,post,1648996827,negative
tvcpgj,ModSupport,post,1649001986,negative
tvio1s,ModSupport,post,1649016774,negative
twxrpa,ModSupport,post,1649173074,neutral
twyzc4,ModSupport,post,1649176443,neutral
tx0rbv,ModSupport,post,1649181133,neutral
txpszb,ModSupport,post,1649261650,negative
tyfpzi,ModSupport,post,1649345795,negative
tyfzya,ModSupport,post,1649346569,negative
tz5bza,ModSupport,post,1649429641,neutral
tzjt5b,ModSupport,post,1649472475,neutral
u1b264,ModSupport,post,1649692935,neutral
u25rjf,ModSupport,post,1649787773,neutral
u2d2v8,ModSupport,post,1649808296,neutral
u3picw,ModSupport,post,1649965116,neutral
u3qs2x,ModSupport,post,1649968619,neutral
u4eort,ModSupport,post,1650047868,neutral
u50e28,ModSupport,post,1650123565,neutral
u57b79,ModSupport,post,1650143438,negative
u5ctcz,ModSupport,post,1650160811,neutral
u5ghf9,ModSupport,post,1650174213,negative
u5n245,ModSupport,post,1650202089,neutral
u6lept,ModSupport,post,1650310387,neutral
u7o6bt,ModSupport,post,1650428681,neutral
u8qn5y,ModSupport,post,1650556137,neutral
u92761,ModSupport,post,1650588805,neutral
u97w03,ModSupport,post,1650608385,neutral
ucjl5j,ModSupport,post,1650998604,negative
ucuc9d,ModSupport,post,1651030513,neutral
ud0ita,ModSupport,post,1651055862,neutral
udt5fc,ModSupport,post,1651146554,neutral
uemcp7,ModSupport,post,1651240192,neutral
ueqqji,ModSupport,post,1651252503,negative
uf3owg,ModSupport,post,1651293355,neutral
u4txbx,ModSupport,post,1650100219,negative
ty4gv6,MtF,post,1649304108,neutral
uflxqg,Music,post,1651358559,neutral
u2n6vi,NFA,post,1649845581,neutral
u7v2r3,NewOrleans,post,1650456737,neutral
u81gtc,NintendoSwitch,post,1650474911,negative
ueoouc,NoStupidQuestions,post,1651246840,negative
ttn8no,NoStupidQuestions,post,1648807959,neutral
ttnyib,NoStupidQuestions,post,1648810871,negative
ttphrs,NoStupidQuestions,post,1648816145,negative
tu5kt7,NoStupidQuestions,post,1648858289,neutral
tuiw8w,NoStupidQuestions,post,1648906174,negative
u1o6lf,NoStupidQuestions,post,1649729765,negative
u26vyv,NoStupidQuestions,post,1649790733,negative
u27xry,NoStupidQuestions,post,1649793547,neutral
u2r06n,NoStupidQuestions,post,1649858471,neutral
u3t66l,NoStupidQuestions,post,1649975388,neutral
u5ckrd,NoStupidQuestions,post,1650159993,negative
u5vjyf,NoStupidQuestions,post,1650227552,negative
u9sm3j,NoStupidQuestions,post,1650672725,negative
ubq5ls,NoStupidQuestions,post,1650906755,neutral
ubz276,NoStupidQuestions,post,1650930629,negative
uf1s50,NoStupidQuestions,post,1651286442,negative
uf8wbp,NoStupidQuestions,post,1651316813,neutral
ttvrst,Persona5,post,1648832570,neutral
ttmc9a,PrequelMemes,post,1648804112,neutral
ucmw7j,Purdue,post,1651007545,negative
ue4fj8,RWBY,post,1651177789,negative
tuaady,RocketLeague,post,1648873273,negative
u5zwsq,SCP,post,1650240574,neutral
ubb356,SWGalaxyOfHeroes,post,1650855225,negative
u4r2vb,Showerthoughts,post,1650087810,positive
ue8yga,Smite,post,1651190704,neutral
u47z9w,SouthJersey,post,1650028988,neutral
u7zt1x,StarWars,post,1650470456,negative
u2jort,Teachers,post,1649830168,neutral
u5adyt,Thunder,post,1650152815,neutral
ttu0z7,TwoBestFriendsPlay,post,1648828328,neutral
txgtgd,UkrainianConflict,post,1649231024,negative
uer2w1,Vent,post,1651253476,negative
tuwy8f,Warhammer40k,post,1648943930,neutral
ue3bvu,Warthunder,post,1651174826,neutral
ucxebd,WhitePeopleTwitter,post,1651042139,neutral
tx0yvp,WorldofTanks,post,1649181771,negative
tytzw5,adoptareddit,post,1649387445,neutral
ubyag2,adventuregames,post,1650928349,neutral
txd5vy,againstmensrights,post,1649216852,neutral
tts3ro,antinatalism,post,1648823505,neutral
ttr3hf,ask,post,1648820867,negative
udwy6u,audible,post,1651157922,negative
u911rd,ausents,post,1650585270,positive
u8qfhh,binance,post,1650555555,negative
uf572g,britishproblems,post,1651299430,negative
ttsmi5,canadaguns,post,1648824823,negative
tv07c2,cats,post,1648957726,neutral
ucz31b,collapse,post,1651049676,neutral
u2rqs4,comedyhomicide,post,1649860543,negative
tyvb2o,dankmemes,post,1649391971,neutral
tu5xus,dataisbeautiful,post,1648859396,negative
u5rvre,depression,post,1650216692,negative
tymmw5,diabetes,post,1649365010,neutral
tuf88b,dogswithjobs,post,1648893008,neutral
ubnwj8,electronic_cigarette,post,1650900935,neutral
ucdqx4,facepalm,post,1650983078,negative
u2dtfy,fightporn,post,1649810593,negative
tz62ez,fitmeals,post,1649431664,neutral
u5nc0e,forsen,post,1650203031,neutral
udqbnl,gis,post,1651134671,positive
u2svan,h3h3productions,post,1649863599,negative
uf2ugx,help,post,1651290287,negative
ucf6ev,help,post,1650986903,neutral
tybxhz,help,post,1649334331,negative
u1m7sp,help,post,1649723942,negative
u0an09,hinduism,post,1649567301,neutral
u9tpgj,howto,post,1650676213,neutral
tyalfo,ideasfortheadmins,post,1649329485,neutral
tts6uy,india,post,1648823726,neutral
uemymw,islam,post,1651241958,positive
txjq6r,ledgerwallet,post,1649243547,negative
u3zmax,litecoin,post,1649995855,neutral
ubgjma,lonely,post,1650876678,negative
tuvso1,losangeleskings,post,1648940540,neutral
txv5la,loseit,post,1649276169,positive
tx7lah,magicTCG,post,1649199482,positive
u2810p,microgrowery,post,1649793752,negative
u7iwfo,microgrowery,post,1650411904,neutral
tuq5xx,mildyinfuriating,post,1648925425,negative
tullo2,modhelp,post,1648913725,neutral
tut34t,modhelp,post,1648933125,neutral
tzx12h,modhelp,post,1649522486,neutral
ttt6jv,modhelp,post,1648826184,neutral
ttv8yn,modhelp,post,1648831296,neutral
tviz20,modhelp,post,1649017522,neutral
tvswtr,modhelp,post,1649045538,neutral
tw644x,modhelp,post,1649089350,neutral
twa2il,modhelp,post,1649098997,neutral
tx0vqn,modhelp,post,1649181526,neutral
ty7gq3,modhelp,post,1649315698,neutral
u0i1q3,modhelp,post,1649598824,neutral
u0mw1n,modhelp,post,1649613029,neutral
u0pbex,modhelp,post,1649619857,neutral
u0pchb,modhelp,post,1649619940,neutral
u25s4w,modhelp,post,1649787816,neutral
u2sqvy,modhelp,post,1649863264,neutral
u3pteo,modhelp,post,1649965988,neutral
u5gf58,modhelp,post,1650173966,neutral
u5n6d9,modhelp,post,1650202482,neutral
u72dmo,modhelp,post,1650365817,neutral
u7erep,modhelp,post,1650400317,negative
u8pf00,modhelp,post,1650552778,neutral
u9b70g,modhelp,post,1650622278,neutral
ua1kyt,modhelp,post,1650705873,neutral
uaa8w4,modhelp,post,1650734447,neutral
uehuup,modhelp,post,1651223492,neutral
ububpx,modhelp,post,1650917699,neutral
uckama,modhelp,post,1651000496,neutral
u2xdk1,mormon,post,1649875689,negative
u0kxzg,motorcycles,post,1649607517,neutral
u9oohe,nationalparks,post,1650661390,neutral
u4a8fx,nothingeverhappens,post,1650035539,neutral
u21m0q,oklahoma,post,1649776951,negative
u4z2gh,panelshow,post,1650119626,neutral
u3noay,penspinning,post,1649959988,neutral
udkday,photomarket,post,1651112496,negative
u11em9,photoshopbattles,post,1649659314,neutral
u0ay9p,piercing,post,1649568607,negative
tvu0kz,place,post,1649049183,neutral
tvu3c1,place,post,1649049449,negative
tvu4cd,place,post,1649049547,negative
tve602,place,post,1649005753,negative
tv7hwh,place,post,1648986544,negative
tvtatt,place,post,1649046807,negative
tw50pf,place,post,1649086675,neutral
tvyqep,place,post,1649068188,positive
tuc1iz,place,post,1648879759,neutral
tvts7s,place,post,1649048407,neutral
tv9wpz,place,post,1648994390,neutral
tv4bc4,place,post,1648973431,negative
tv4win,place,post,1648975849,neutral
tvt7se,place,post,1649046550,negative
tvuca4,place,post,1649050308,neutral
txmb4q,place,post,1649252049,neutral
tvt1to,place,post,1649046006,negative
tvtqrk,place,post,1649048271,negative
twfxpv,place,post,1649113462,negative
twas51,place,post,1649100773,negative
twflfr,place,post,1649112737,negative
ttzegn,place,post,1648841678,negative
tvz3el,place,post,1649069577,negative
tv2w7a,place,post,1648967631,negative
tv6ffn,place,post,1648982236,negative
twg4j3,place,post,1649113891,neutral
tvt4te,place,post,1649046277,negative
tvtm9n,place,post,1649047856,negative
tvtf8y,place,post,1649047202,negative
u8mntg,playark,post,1650544641,negative
uemw62,podcasting,post,1651241748,positive
uc24rv,police,post,1650940025,negative
u4j7ei,redditrequest,post,1650060801,neutral
u5wsts,redditrequest,post,1650231245,neutral
tz86gf,redditrequest,post,1649437395,neutral
u3xtef,redditrequest,post,1649989792,neutral
tvlcgn,redditrequest,post,1649023488,neutral
ty2yme,redditrequest,post,1649299179,neutral
u4batf,redditrequest,post,1650038548,neutral
uf4b2v,redditrequest,post,1651295743,neutral
u0745u,redditrequest,post,1649554102,neutral
u6rof3,redditrequest,post,1650327347,neutral
uazhu7,redditrequest,post,1650820688,neutral
uchj9y,redditrequest,post,1650993162,neutral
tyxzh4,redditrequest,post,1649402648,neutral
uacbkr,redditrequest,post,1650740444,neutral
u7d230,redditrequest,post,1650395786,neutral
ufndnz,redditrequest,post,1651363113,neutral
ucfsah,redditrequest,post,1650988516,neutral
u9gyvu,redditrequest,post,1650640412,neutral
uffb4x,redditrequest,post,1651338236,neutral
u8yduz,redditrequest,post,1650577383,neutral
u3pd5i,redditrequest,post,1649964705,neutral
ubxl7b,redditrequest,post,1650926384,neutral
twnv4k,redditrequest,post,1649137586,neutral
twry5o,redditrequest,post,1649155027,neutral
ttj26b,redditrequest,post,1648790336,neutral
uem88m,riddles,post,1651239816,positive
u1ogua,runescape,post,1649730634,negative
tz8z2j,russian,post,1649439616,neutral
txo89c,rva,post,1649257438,positive
u7hfjc,space,post,1650407583,neutral
uf9l67,spotted,post,1651319818,negative
ubhfxa,teenagers,post,1650880464,neutral
ueuwf4,teenagers,post,1651264402,negative
ufjcgh,teenagers,post,1651350527,neutral
ucy6ei,television,post,1651045460,neutral
u47v0k,totalwarhammer,post,1650028624,positive
u5omcm,trans,post,1650207108,neutral
tuhr81,trans,post,1648902511,neutral
u24850,trans,post,1649783764,neutral
u3op9y,trans,post,1649962864,positive
uao55a,trans,post,1650780246,negative
ueiv5n,trans,post,1651228038,neutral
u4lgfv,tylerthecreator,post,1650067842,neutral
txykjb,uberdrivers,post,1649285579,negative
u5znb5,ucla,post,1650239770,neutral
ttiyo6,unitedkingdom,post,1648789973,neutral
u27ykd,unpopularopinion,post,1649793603,negative
tudm50,unpopularopinion,post,1648886151,negative
tvmh7r,unpopularopinion,post,1649026475,negative
u1m54c,unpopularopinion,post,1649723714,negative
u4capc,unpopularopinion,post,1650041328,negative
u1kaqj,uofm,post,1649718273,neutral
tv30vl,vancouver,post,1648968153,negative
u1oi2a,wallstreetbets,post,1649730737,negative
ty7nvr,whatsapp,post,1649316566,negative
tzdt3x,woodworking,post,1649453281,neutral
u4uheq,2007scape,post,1650102789,neutral
uayf4y,2007scape,post,1650817622,neutral
u4mxli,2007scape,post,1650072818,neutral
uacee8,2007scape,post,1650740667,negative
tw75wf,ADHD,post,1649091903,negative
tvctdj,ADHD,post,1649002276,negative
tvuw74,ADHD,post,1649052347,neutral
ttq7n0,AMA,post,1648818355,neutral
uemd2x,AnarchyChess,post,1651240224,negative
u834rg,AnarchyChess,post,1650479483,neutral
udp8pj,AnarchyChess,post,1651129882,negative
ueu0h0,AskReddit,post,1651261862,negative
ucfdtp,AskReddit,post,1650987450,negative
u89s7h,AskReddit,post,1650498044,neutral
u89ths,AskReddit,post,1650498157,negative
u5e2bs,AskReddit,post,1650165152,neutral
u7tspv,AskRedditAfterDark,post,1650452246,negative
uaqaji,AskRedditAfterDark,post,1650789335,negative
tyonmd,AutoModerator,post,1649370694,neutral
u9qky4,BDSMAdvice,post,1650666649,neutral
u50q41,BDSMpersonals,post,1650124529,negative
u5d6tv,Brewers,post,1650162098,neutral
uc0j0w,CageTheElephant,post,1650935061,positive
ud7ku6,Comcast_Xfinity,post,1651076863,neutral
tyfsc2,Conservative,post,1649345979,neutral
u772zp,CryptoCurrency,post,1650380174,neutral
ttoncj,DAE,post,1648813320,negative
twp44d,DarthJarJar,post,1649142711,neutral
twh1jx,Denver,post,1649116176,negative
tuarxf,Destiny,post,1648874976,negative
turo6p,DestinyTheGame,post,1648929386,neutral
uaac2n,EdmontonOilers,post,1650734706,neutral
tyrpet,EggsInc,post,1649380019,neutral
txzxcq,EliteDangerous,post,1649289678,negative
udd6aa,EscapefromTarkov,post,1651091684,negative
u5jzmi,FUTMobile,post,1650189705,neutral
u1ww6x,GameTheorists,post,1649763124,negative
u8yeq7,HomeDecorating,post,1650577451,neutral
u3j9hw,IndiaSpeaks,post,1649947799,neutral
u92ipf,Indiemakeupandmore,post,1650589768,negative
u5re9e,JustUnsubbed,post,1650215265,negative
uaeg8l,JustUnsubbed,post,1650746821,negative
ubnwii,JustUnsubbed,post,1650900933,negative
ubop3i,JustUnsubbed,post,1650902952,negative
ucnsud,JustUnsubbed,post,1651010096,negative
u1f8uj,LivestreamFail,post,1649705061,negative
u1f9u1,LivestreamFail,post,1649705134,negative
u1fax6,LivestreamFail,post,1649705212,negative
u1feyg,LivestreamFail,post,1649705501,negative
u1fhxn,LivestreamFail,post,1649705717,negative
ubzrmq,LivestreamFail,post,1650932732,negative
ttso9k,MMA,post,1648824944,negative
ua3hqw,Maine,post,1650713781,neutral
u0dl1x,Megaten,post,1649580289,negative
ttul0m,ModSupport,post,1648829686,neutral
u1se5b,ModSupport,post,1649744690,neutral
uapbqc,ModSupport,post,1650785228,negative
tuj404,ModSupport,post,1648906823,negative
tvk7ev,NASCAR,post,1649020596,negative
uckcwx,greysanatomy,post,1651000674,neutral
tyh1np,gunpolitics,post,1649349500,neutral
u2gaav,h3h3productions,post,1649818150,positive
tun4cl,haikyuu,post,1648917667,neutral
tu9aj2,halo,post,1648869934,negative
udwy5j,hamsters,post,1651157919,neutral
uf7muu,help,post,1651310977,neutral
ttq4vl,help,post,1648818138,neutral
u0kayr,help,post,1649605624,neutral
u217j1,help,post,1649775877,negative
u7j5un,help,post,1650412712,neutral
tus0mg,horror,post,1648930298,neutral
ub49g3,ideasfortheadmins,post,1650834159,negative
u0ms1a,infj,post,1649612717,negative
tywuw0,karma,post,1649397882,neutral
u6p2s4,lawschooladmissions,post,1650320098,neutral
u6naaz,lawschooladmissions,post,1650315263,negative
u6omu7,lawschooladmissions,post,1650318911,neutral
ud76fa,liberalgunowners,post,1651075801,neutral
u3195c,lincoln,post,1649886261,neutral
tw5sxq,magicthecirclejerking,post,1649088584,negative
u3nhny,memes,post,1649959458,neutral
tvzug4,mildlyinfuriating,post,1649072189,negative
tv5qt4,mildyinfuriating,post,1648979405,negative
uayuq9,minecraftsuggestions,post,1650818893,neutral
u8twsz,mirrorsedge,post,1650564980,neutral
u02xgt,modhelp,post,1649540245,neutral
tzdgi7,modhelp,post,1649452251,neutral
tv8msf,nashville,post,1648990548,neutral
tynrwm,norge,post,1649368169,neutral
u16tll,notebooks,post,1649680815,neutral
u2nzwn,pakistan,post,1649848730,neutral
tv1l70,photographs,post,1648962566,negative
u512ji,pics,post,1650125483,neutral
tw8aog,place,post,1649094666,negative
tv7m41,place,post,1648986977,negative
tvhtpr,place,post,1649014803,negative
tv7zop,place,post,1648988306,neutral
txtkn3,place,post,1649271864,negative
twpwpn,place,post,1649146134,negative
u0ao0i,place,post,1649567417,neutral
tvtech,place,post,1649047119,negative
tw3dxk,place,post,1649082517,negative
twa874,place,post,1649099394,negative
tzf3dr,place,post,1649457034,negative
tx2a9j,place,post,1649185260,negative
tvsx42,place,post,1649045566,neutral
tv2jpn,place,post,1648966228,negative
tv2qlg,place,post,1648966991,negative
tv2t9g,place,post,1648967305,negative
tv2tds,place,post,1648967320,negative
tv2tho,place,post,1648967332,negative
tv2u9u,place,post,1648967416,negative
tv2ufw,place,post,1648967436,negative
tv2uk7,place,post,1648967450,negative
tv2v8q,place,post,1648967524,negative
tv2vdt,place,post,1648967539,negative
tv2vgz,place,post,1648967549,negative
tv2yyb,place,post,1648967938,negative
tv305k,place,post,1648968069,negative
tv309j,place,post,1648968080,negative
tv35sg,place,post,1648968707,negative
tv35xe,place,post,1648968723,negative
tv3627,place,post,1648968737,negative
tv98fv,place,post,1648992384,negative
tvt2ex,place,post,1649046053,negative
tw0khz,place,post,1649074556,negative
tvt0kq,place,post,1649045896,negative
tv3002,place,post,1648968052,negative
turvlo,place,post,1648929925,negative
tv2kez,place,post,1648966302,negative
u2rmss,rant,post,1649860225,negative
tw01ii,rant,post,1649072871,negative
u1ztza,redditrequest,post,1649772118,neutral
tzrz8m,redditrequest,post,1649506480,neutral
u2xqyy,redditrequest,post,1649876703,neutral
u2xtye,redditrequest,post,1649876931,neutral
ubagk7,redditrequest,post,1650853118,neutral
ud0c1b,redditrequest,post,1651055069,neutral
ud93nb,redditrequest,post,1651080850,neutral
ue8fxu,redditrequest,post,1651189104,neutral
ufgl3f,redditrequest,post,1651342076,neutral
tvm9uz,redditrequest,post,1649025924,neutral
tzz0yh,redditrequest,post,1649528418,neutral
u05nsy,redditrequest,post,1649548955,neutral
udjdu0,redditrequest,post,1651109475,neutral
u8ln34,redditrequest,post,1650541339,neutral
ufim19,redditrequest,post,1651348237,neutral
u6nnph,redditrequest,post,1650316223,neutral
u6tn0z,redditrequest,post,1650333209,neutral
u55s6k,redditrequest,post,1650138921,neutral
u9okv7,redditrequest,post,1650661129,neutral
u0v8bv,redditrequest,post,1649637422,neutral
u03tzk,redditrequest,post,1649543004,neutral
u6skaa,redditrequest,post,1650329962,neutral
txqujf,redditrequest,post,1649264509,neutral
tygncv,redditrequest,post,1649348382,neutral
udatby,redditrequest,post,1651085445,neutral
u6r7vn,redditrequest,post,1650326019,neutral
u4wpjz,redditrequest,post,1650111906,neutral
u75wu4,redditrequest,post,1650376982,neutral
u8uqv3,redditrequest,post,1650567288,neutral
u32oh9,redditrequest,post,1649890218,neutral
u0m8cf,relationship_advice,post,1649611181,neutral
tx0edh,roblox,post,1649180126,neutral
tzg3tq,roblox,post,1649460061,negative
udtj7h,roblox,post,1651147894,neutral
txq05x,rugbyunion,post,1649262191,negative
ueo53l,rupaulsdragrace,post,1651245316,neutral
ttl940,saab,post,1648799235,neutral
ua8c50,shanghai,post,1650729024,neutral
tyu2ju,teenagers,post,1649387697,neutral
tyucma,teenagers,post,1649388654,neutral
u7laww,teenagers,post,1650419322,neutral
u9647v,teenagers,post,1650601598,negative
u2ls62,teenagers,post,1649839409,negative
u924fm,teenagers,post,1650588573,neutral
ueda4l,teenagers,post,1651204436,neutral
ucx1b9,teenagers,post,1651040624,neutral
ttg5r8,teenagers,post,1648780293,neutral
tuvkk8,texas,post,1648939925,neutral
tv9irg,texas,post,1648993250,neutral
tv3hic,topofreddit,post,1648969993,negative
tv4cs4,topofreddit,post,1648973591,negative
u3pgqs,trashy,post,1649964986,negative
uf1a9d,trashy,post,1651284705,negative
uazzrn,uberdrivers,post,1650822127,neutral
u4xyt5,ukraine,post,1650116179,neutral
twtsus,unitedkingdom,post,1649161700,negative
tzoqn8,unitedkingdom,post,1649492240,negative
u93iru,unitedkingdom,post,1650592958,negative
uenjoh,unitedkingdom,post,1651243644,negative
u6bx8o,unpopularopinion,post,1650284715,negative
u0dy9m,vegan,post,1649581989,negative
u1yoxv,vegancirclejerk,post,1649768857,negative
uadbhf,wallstreetbets,post,1650743419,negative
ue18t6,wallstreetbets,post,1651169192,negative
u50e97,weed,post,1650123582,neutral
u2tczo,windsorontario,post,1649864938,negative
u6x6cm,2007scape,post,1650344623,neutral
u2uec8,ArtistLounge,post,1649867674,negative
ub3lv1,AskHistorians,post,1650832316,negative
u6e71z,AskMenOver30,post,1650291356,neutral
uf6328,German,post,1651303455,neutral
u05uh9,GiftofGames,post,1649549584,neutral
ua90vk,GradSchool,post,1650730904,negative
ttta1o,Guildwars2,post,1648826420,negative
tvyaoi,HollowKnight,post,1649066483,positive
ttr1ns,HotlineMiami,post,1648820732,neutral
u7k38f,John_Frusciante,post,1650415534,neutral
ttqt69,LabourUK,post,1648820081,neutral
uf60ru,Marvel,post,1651303152,negative
uf61dp,Marvel,post,1651303224,negative
uf61m1,Marvel,post,1651303252,negative
udf7ww,Memeconomy,post,1651097123,negative
tx2r4d,MensRights,post,1649186481,negative
u43mx7,ModSupport,post,1650012283,neutral
uah0fx,ModSupport,post,1650754667,negative
tv6ljd,ModSupport,post,1648982964,neutral
u9uyt8,ModSupport,post,1650680237,negative
u0hpia,ModSupport,post,1649597683,neutral
tv9dgu,Netherlands,post,1648992804,negative
u32sjh,NoStupidQuestions,post,1649890549,neutral
txz19m,Nootropics,post,1649286943,neutral
u9lcab,OOTP,post,1650652238,neutral
u7efj3,OnePunchMan,post,1650399429,neutral
u2r987,PS3,post,1649859179,negative
ty9p1v,Paladins,post,1649325782,neutral
udtzsb,Paladins,post,1651149394,neutral
ub95cg,PiratedGames,post,1650848907,neutral
ub6nzo,PoliticalHumor,post,1650841127,neutral
tu4ev8,PrequelMemes,post,1648854879,neutral
u3j2py,SBU,post,1649947258,negative
u6q55c,SBU,post,1650323003,neutral
uet8vy,SFGiants,post,1651259657,neutral
tvaf4g,Sacramento,post,1648995869,neutral
u3zsvu,Showerthoughts,post,1649996486,neutral
tufwvr,TheBlueCorner,post,1648895738,neutral
typycd,TooAfraidToAsk,post,1649374534,negative
tw5hil,Twitch,post,1649087810,neutral
u0jr3g,TwoXChromosomes,post,1649603956,neutral
txw5vv,WatchRedditDie,post,1649278865,negative
u3wjzs,WeAreTheMusicMakers,post,1649985715,negative
u4e5r4,adoptareddit,post,1650046409,neutral
u05e4u,aliens,post,1649548056,negative
u07d49,australia,post,1649554974,negative
u6tst6,battlecats,post,1650333698,negative
tu87v1,beatles,post,1648866509,positive
ty5dx1,bimbofication,post,1649307395,neutral
u6dd38,confusing_perspective,post,1650289039,neutral
ubpfnw,conspiracy,post,1650904888,negative
uao8gj,conspiracy,post,1650780620,negative
tz7e6q,conspiracy,post,1649435249,negative
tvvn3y,copypasta,post,1649055346,negative
ucp6l0,dancegavindance,post,1651014009,neutral
u9emho,dankmemes,post,1650633902,positive
tvhr1r,diablo3,post,1649014626,negative
tuzn8z,dirtypenpals,post,1648955895,neutral
tvpdt8,dirtypenpals,post,1649034889,neutral
u152ax,dirtypenpals,post,1649674804,neutral
u2mzfk,dirtypenpals,post,1649844697,neutral
tu5bd7,dirtyr4r,post,1648857511,neutral
tww8gq,dirtyr4r,post,1649168915,negative
u4u1aw,dirtyr4r,post,1650100734,negative
tu58pa,dirtyr4r,post,1648857288,neutral
ucu0bc,discordapp,post,1651029365,negative
uajlw1,drawing,post,1650763263,negative
u9tx6g,f150,post,1650676901,neutral
tvt9ah,fatestaynight,post,1649046675,negative
u8sd26,forsen,post,1650560705,neutral
u35tnk,gaming,post,1649899749,neutral
u76j5d,gonewild,post,1650378684,negative
tw4upv,greece,post,1649086261,neutral
u1zckr,h3h3productions,post,1649770743,neutral
u154a6,hacking,post,1649674950,neutral
u22tpt,hearthstone,post,1649780146,negative
u22vrt,hearthstone,post,1649780302,negative
u22xaz,hearthstone,post,1649780412,negative
ttem95,help,post,1648775332,negative
ue8lrj,help,post,1651189609,negative
u2wp9t,ideasfortheadmins,post,1649873854,neutral
twhiv9,ideasfortheadmins,post,1649117383,neutral
u12sh5,ideasfortheadmins,post,1649665412,negative
ttt6yt,ireland,post,1648826212,neutral
u9xfwy,memes,post,1650688642,negative
u702kd,memes,post,1650356271,negative
tvm350,mildlyinfuriating,post,1649025430,neutral
u0n0gk,modhelp,post,1649613391,neutral
u1dyvc,modhelp,post,1649700660,neutral
u7ydc5,mormon,post,1650466513,neutral
u244sg,movies,post,1649783527,neutral
ubyxir,mylittlepony,post,1650930242,neutral
tw80cf,neopets,post,1649093973,negative
uc0lj5,neopets,post,1650935277,neutral
u6ito6,oasis,post,1650303651,neutral
twa104,opiates,post,1649098893,negative
u20f02,pakistan,post,1649773722,neutral
u4d6ay,pcmasterrace,post,1650043714,neutral
u0e9z6,philosophy,post,1649583566,negative
tvu6oh,place,post,1649049765,negative
tv4kzw,place,post,1648974516,negative
tv4917,place,post,1648973170,negative
tv7hlb,place,post,1648986508,negative
tvem9y,place,post,1649006930,negative
tz2y9l,place,post,1649422641,neutral
txzhnp,place,post,1649288336,negative
tv839t,place,post,1648988666,negative
tvu24h,place,post,1649049333,neutral
tvxr5j,place,post,1649064352,negative
tv4i0u,place,post,1648974189,negative
tv4m7t,place,post,1648974652,negative
twvx3i,place,post,1649168041,negative
tvaxjq,place,post,1648997323,negative
tvcxuo,place,post,1649002608,negative
tw8pi2,place,post,1649095651,neutral
ty7hyg,place,post,1649315847,negative
ttxqru,portugal,post,1648837433,neutral
ucdmdn,quityourbullshit,post,1650982724,negative
ucdvzb,quityourbullshit,post,1650983469,negative
uce0p9,quityourbullshit,post,1650983850,negative
ttdt3e,raimimemes,post,1648772743,neutral
ufib0q,rant,post,1651347270,negative
u7s9tp,rape,post,1650445754,negative
u1tpwu,razer,post,1649750271,negative
uao5vc,redditmobile,post,1650780324,negative
ual20u,redditrequest,post,1650768355,neutral
u3qfmz,redditrequest,post,1649967663,neutral
twvj3m,redditrequest,post,1649166983,neutral
ud3lmo,redditrequest,post,1651066137,neutral
twfljl,redditrequest,post,1649112744,neutral
u6g65n,redditrequest,post,1650296603,neutral
u1lpl5,redditrequest,post,1649722412,neutral
u38t18,redditrequest,post,1649909559,neutral
txdsjc,redditrequest,post,1649219026,neutral
uajtz9,redditrequest,post,1650764044,neutral
tvvgaq,redditrequest,post,1649054562,neutral
ttvxun,redditrequest,post,1648832975,neutral
u6ve50,redditrequest,post,1650338573,neutral
ubaw6l,redditrequest,post,1650854569,neutral
tvopee,redditrequest,post,1649032905,neutral
tz7qmg,redditrequest,post,1649436195,neutral
u3s8o6,redditrequest,post,1649972684,neutral
tx4hyd,redditrequest,post,1649191099,neutral
u2781l,redditrequest,post,1649791650,neutral
uerf9g,relationship_advice,post,1651254471,positive
u3p9tj,running,post,1649964452,negative
uag8yi,running,post,1650752264,negative
txakn8,sanantonio,post,1649208560,neutral
u4hlee,sooners,post,1650056148,neutral
tv6l0t,teenagers,post,1648982906,neutral
txhpra,teenagers,post,1649235252,neutral
u0cpx6,teenagers,post,1649576240,negative
u0csu3,teenagers,post,1649576613,neutral
ttdngr,teenagers,post,1648772267,negative
u7xsh7,teenagers,post,1650464892,positive
u014p8,teenagers,post,1649534764,positive
ttfcgd,teenagers,post,1648777691,negative
u9356f,teenagers,post,1650591745,negative
uba7fd,teenagers,post,1650852264,negative
u4qocn,teenagers,post,1650086177,negative
ua91g1,teenagers,post,1650730951,negative
uez7qr,traaaaaaannnnnnnnnns,post,1651277578,neutral
u2tyei,trans,post,1649866479,positive
u3orlj,trashy,post,1649963034,negative
ty2ih6,ucla,post,1649297762,neutral
tz5slu,ukraine,post,1649430884,neutral
tzum91,unpopularopinion,post,1649515422,neutral
ufhp1v,unpopularopinion,post,1651345408,positive
u1nrgt,walkingwarrobots,post,1649728539,neutral
udlkp0,wallstreetbets,post,1651116225,negative
udzlvw,wallstreetbets,post,1651164915,negative
u4kd4s,wow,post,1650064316,negative
tzpvgm,2007scape,post,1649497507,positive
tz0eh8,2007scape,post,1649413471,negative
u7qx5n,Adelaide,post,1650439681,neutral
udxro6,AskReddit,post,1651160049,negative
uav0h7,AskReddit,post,1650807636,negative
txognx,AskReddit,post,1649258076,neutral
txqzgd,AskReddit,post,1649264880,neutral
tzlsmq,AskReddit,post,1649479628,negative
ucg4bs,AskReddit,post,1650989381,neutral
tv3niw,AskUK,post,1648970689,negative
u3dvxx,AskUK,post,1649930528,neutral
twbcld,AtlantaHawks,post,1649102176,neutral
u5f73d,AutoModerator,post,1650169169,neutral
ttwx52,BATProject,post,1648835407,neutral
tvv4zj,BatmanArkham,post,1649053307,neutral
ue4kb1,BeamNG,post,1651178150,neutral
u4zgfz,CCW,post,1650120808,negative
ucrqeo,CPTSD,post,1651021909,neutral
ueza0y,Coachella,post,1651277799,neutral
u8zizb,Coachella,post,1650580714,neutral
u9vxbo,DBZDokkanBattle,post,1650683415,neutral
tu7u6u,DDLC,post,1648865315,neutral
ttzu2c,Dodgers,post,1648842812,neutral
ttw5pr,DotA2,post,1648833521,neutral
txuphw,DotA2,post,1649275004,negative
uc2qda,EDH,post,1650941911,neutral
tykz28,EngagementRings,post,1649360424,neutral
udgewc,cats,post,1651100482,neutral
uf6pwb,chomsky,post,1651306495,positive
uc9vzo,circlejerk,post,1650970818,negative
udooxp,confessions,post,1651127625,negative
ubj1lz,conspiracy,post,1650886525,neutral
u1y81y,datingoverthirty,post,1649767460,neutral
u9a48n,discordapp,post,1650617862,neutral
u8v9eh,discordapp,post,1650568698,negative
twmk7v,facebook,post,1649132825,negative
tub1xa,florida,post,1648875953,negative
udg3bh,formula1,post,1651099553,neutral
uev639,formula1,post,1651265175,negative
tvyeq2,godot,post,1649066910,negative
tvh2cf,grandorder,post,1649013078,positive
u818w0,h3h3productions,post,1650474300,neutral
u7tts2,hardstyle,post,1650452356,neutral
u1smnb,help,post,1649745603,neutral
ud0oiq,help,post,1651056522,neutral
uefzcw,help,post,1651214892,negative
tyqg1x,islam,post,1649376037,neutral
u5qwcz,kpop,post,1650213813,negative
uc7a2v,lovegaymale,post,1650959453,positive
ua8ng4,malaysia,post,1650729870,neutral
tvmawe,meme,post,1649026001,neutral
udm6aj,memes,post,1651118198,neutral
u67jmc,memes,post,1650267770,neutral
txrw6g,mildlyinfuriating,post,1649267333,neutral
u8b6g5,mildlyinfuriating,post,1650502292,negative
tu3e6h,modhelp,post,1648852042,neutral
u2gvpg,mtgfinance,post,1649820054,negative
u2495y,newhampshire,post,1649783844,negative
u2ral7,newhampshire,post,1649859291,negative
tztk3h,opiates,post,1649512113,neutral
u7eoss,options,post,1650400124,negative
u6bzvb,ottawa,post,1650284965,neutral
u03wen,pakistan,post,1649543219,neutral
u0idte,pittsburgh,post,1649599852,neutral
tv87y0,place,post,1648989115,neutral
tvc4nc,place,post,1649000517,negative
twcvdy,place,post,1649105889,negative
txex73,place,post,1649223167,neutral
tvt4dc,place,post,1649046234,positive
tvsy7e,place,post,1649045666,neutral
ttuyb4,place,post,1648830583,positive
tvt1c0,place,post,1649045966,neutral
tv5l2g,place,post,1648978709,negative
tv5mpk,place,post,1648978901,negative
tvtww1,place,post,1649048826,negative
tvb3d7,place,post,1648997760,negative
tv9bi0,place,post,1648992642,negative
tw9fw5,place,post,1649097469,neutral
twjyyc,place,post,1649124373,negative
tv5e4v,place,post,1648977902,negative
tvubgn,place,post,1649050229,positive
tw0osa,place,post,1649074942,neutral
tvxowm,place,post,1649064086,neutral
tvijr7,place,post,1649016484,negative
tv43ny,place,post,1648972587,negative
tw5qww,place,post,1649088440,negative
tucp73,place,post,1648882425,negative
tvyi2y,place,post,1649067286,negative
tvyh0e,place,post,1649067162,neutral
txdaw1,place,post,1649217340,neutral
tvlk0q,pokemon,post,1649024033,neutral
u7jqs8,progressive_islam,post,1650414453,negative
u7n2ph,progressive_islam,post,1650424911,neutral
u8y7y8,punk,post,1650576910,negative
uey3i5,punk,post,1651273893,neutral
ttwzeu,raimimemes,post,1648835558,neutral
txuahr,raimimemes,post,1649273863,neutral
txwz8y,raimimemes,post,1649281068,neutral
txxasg,raimimemes,post,1649281948,neutral
uaqejo,raisedbyborderlines,post,1650789823,neutral
tx8gp2,raisedbynarcissists,post,1649202034,positive
u2so3o,rant,post,1649863060,negative
u9y9kz,redditrequest,post,1650691830,neutral
u9c90f,redditrequest,post,1650626296,neutral
ufcygh,redditrequest,post,1651331178,neutral
ttely1,redditrequest,post,1648775303,neutral
twoely,redditrequest,post,1649139843,neutral
tv41ue,redditrequest,post,1648972378,neutral
u5fanw,redditrequest,post,1650169535,neutral
twyusu,redditrequest,post,1649176027,neutral
u1hkgq,redditrequest,post,1649711023,neutral
u4l9r3,redditrequest,post,1650067235,neutral
u910lk,redditrequest,post,1650585163,neutral
u1bf9n,redditrequest,post,1649693923,neutral
u1bg4z,redditrequest,post,1649693992,neutral
u1bgku,redditrequest,post,1649694018,neutral
tw8wzo,redditrequest,post,1649096171,neutral
tw9hkx,redditrequest,post,1649097586,neutral
u5ec4a,redditrequest,post,1650166114,neutral
tuszx7,reptiles,post,1648932889,neutral
u6s6eu,roadtrip,post,1650328817,negative
u6w3z6,roadtrip,post,1650340904,negative
u0p0gr,self,post,1649618990,negative
u48jp8,soccercirclejerk,post,1650030768,neutral
uafv9y,socialism,post,1650751112,negative
u1s5wb,southpark,post,1649744006,neutral
ueupp7,stocks,post,1651263851,negative
u8tc2k,survivinginfidelity,post,1650563419,neutral
ttp2ps,techsupport,post,1648814743,neutral
txwoka,teenagers,post,1649280262,negative
u1m3fx,teenagers,post,1649723568,negative
u1nc0z,teenagers,post,1649727241,neutral
ues4io,teenagers,post,1651256457,neutral
ucohby,terriblefacebookmemes,post,1651011988,negative
u76bv7,tumblr,post,1650378114,neutral
u3ouek,ukraine,post,1649963250,neutral
u8sbne,ukraine,post,1650560601,neutral
u9myan,ukraine,post,1650656656,neutral
uaw9yz,ukraine,post,1650811508,neutral
uc6thu,ukraine,post,1650957294,neutral
uc85cp,ukraine,post,1650963530,neutral
tvfels,ukraine,post,1649008905,negative
uau0wc,unpopularopinion,post,1650804312,negative
ubl2b5,unpopularopinion,post,1650892980,negative
u92cwf,veganfitness,post,1650589291,negative
udst9k,wakfu,post,1651145309,neutral
ty88c7,whowouldwin,post,1649319162,neutral
ubsaho,witchcraft,post,1650912460,negative
udjkxe,xbox,post,1651110077,negative
u8uvu8,2007scape,post,1650567667,negative
u4u49p,ADHD,post,1650101121,neutral
ufgx81,APStudents,post,1651343118,positive
u0t7yx,AskModerators,post,1649631123,neutral
tu1zok,AskModerators,post,1648848345,neutral
u198su,AskReddit,post,1649687883,negative
u24kam,AskReddit,post,1649784642,negative
tzor11,AskWomen,post,1649492296,negative
ud6oer,apolloapp,post,1651074513,negative
u71wvx,arma,post,1650364013,neutral
ttguzn,asheville,post,1648782595,negative
u0qzqt,askportland,post,1649624612,neutral
tth69q,aww,post,1648783669,negative
u171wx,bangtan,post,1649681553,neutral
tz1oa3,beta,post,1649418352,neutral
u5lv5i,beyondthebump,post,1650197784,neutral
u9s382,bostonceltics,post,1650671112,neutral
ttowwk,capetown,post,1648814247,neutral
tu94gy,columbia,post,1648869379,negative
tu68ng,cowboys,post,1648860344,negative
tzydwe,croatia,post,1649526510,neutral
ubszo5,cubancigars,post,1650914260,neutral
uddaj5,dancegavindance,post,1651092000,positive
tzt3ev,danganronpa,post,1649510533,neutral
ttq922,ddlg,post,1648818471,positive
ud9ggk,deadbydaylight,post,1651081809,negative
u2hswo,deadbydaylight,post,1649823151,negative
u59d47,discordapp,post,1650149598,neutral
u08u3u,discordapp,post,1649560240,positive
uc5c41,domesticviolence,post,1650951102,negative
u1c5go,ehlersdanlos,post,1649695886,neutral
u74a96,facebookdrama,post,1650372234,negative
tvsbce,fairytail,post,1649043690,negative
tyukah,findareddit,post,1649389384,neutral
ub1ijw,geology,post,1650826359,negative
tty95m,gratefuldead,post,1648838736,neutral
u3mayn,guitarcirclejerk,post,1649956126,negative
ubo93i,help,post,1650901829,neutral
ub4vuz,help,post,1650835918,neutral
u6s8zc,help,post,1650329031,neutral
u6n1dc,justneckbeardthings,post,1650314608,neutral
tweibi,ladybonersgw,post,1649109934,positive
tz3iuu,leaves,post,1649424389,neutral
ubfsth,lgbt,post,1650873406,negative
u6pli2,memes,post,1650321510,negative
ttst7w,mildlyinfuriating,post,1648825267,negative
tyhiw0,moviescirclejerk,post,1649350869,neutral
u3n5rm,nashville,post,1649958552,neutral
ttfv32,orlando,post,1648779348,negative
tzd7tj,parentsofmultiples,post,1649451605,neutral
tvj5gz,place,post,1649017968,neutral
tw3akv,place,post,1649082304,negative
tw3c83,place,post,1649082408,neutral
twoe56,place,post,1649139784,neutral
tw6t09,place,post,1649091053,neutral
tyknuq,place,post,1649359536,negative
tvu0by,place,post,1649049158,negative
tvxiat,place,post,1649063306,neutral
tw2c60,place,post,1649079772,negative
tv3o4p,place,post,1648970763,negative
twr6pj,place,post,1649151898,neutral
tw5j12,place,post,1649087912,negative
tvb389,place,post,1648997749,neutral
tvfpiq,place,post,1649009644,negative
tubh62,place,post,1648877540,neutral
tv2jaq,place,post,1648966185,negative
tv2jqz,place,post,1648966232,negative
tyiza5,place,post,1649354945,negative
tvszpu,place,post,1649045818,negative
tvt2xl,place,post,1649046102,negative
twfdmi,place,post,1649112189,negative
tvts5e,place,post,1649048402,negative
tvt90i,place,post,1649046651,negative
twfu9r,place,post,1649113254,negative
tvtarb,place,post,1649046800,negative
twdkti,place,post,1649107614,negative
twdlbl,place,post,1649107649,negative
tv6umm,place,post,1648983951,negative
tvksta,place,post,1649022084,neutral
twtxwz,place,post,1649162167,neutral
tvt76t,place,post,1649046494,neutral
tvt7eq,place,post,1649046514,negative
tx5uye,playstation,post,1649194634,negative
u1xu4y,podcasting,post,1649766233,neutral
ty2uht,pokemonshowdown,post,1649298821,neutral
u33zg8,questions,post,1649894040,neutral
u3yfpp,redditmobile,post,1649991835,neutral
ud67n2,redditrequest,post,1651073286,neutral
tyia2w,redditrequest,post,1649352997,neutral
ub1evd,redditrequest,post,1650826072,neutral
u29a4c,redditrequest,post,1649797079,neutral
u6uwxn,redditrequest,post,1650337074,negative
tx7jsk,redditrequest,post,1649199364,neutral
ueukd0,redditrequest,post,1651263422,negative
u7n5oy,redditrequest,post,1650425195,neutral
uaij98,redditrequest,post,1650759650,neutral
u1geo9,redditrequest,post,1649708119,neutral
u5m49u,redditrequest,post,1650198762,neutral
ttfc64,redditrequest,post,1648777667,neutral
u3d6p8,redditrequest,post,1649927813,neutral
twl7r2,redditrequest,post,1649128268,neutral
ud1kt4,redditrequest,post,1651059786,neutral
txuvx3,redditrequest,post,1649275454,neutral
u9ccwm,sadcringe,post,1650626682,negative
ua4jjc,saudiarabia,post,1650717506,neutral
tzkjdb,seinfeld,post,1649475009,neutral
tw0k7j,skyrimmods,post,1649074527,neutral
u7f66f,skyrimmods,post,1650401416,neutral
udmlrk,skyrimmods,post,1651119661,neutral
u04erv,soccercirclejerk,post,1649544830,neutral
ubccjd,srilanka,post,1650859537,positive
tuc4sv,straya,post,1648880125,negative
u2x8fs,tableau,post,1649875294,neutral
ue5gn1,tattoo,post,1651180493,negative
ucaqca,teenagers,post,1650973825,neutral
twhrg2,teenagers,post,1649118000,neutral
ucijfz,toronto,post,1650995867,neutral
tw244u,totalwar,post,1649079154,neutral
twcvb5,transgenderUK,post,1649105885,negative
txli5w,transgenderUK,post,1649249655,negative
u6qxny,truechildfree,post,1650325178,positive
tu6d4t,trump,post,1648860737,neutral
u1dx8p,ukraine,post,1649700541,negative
udha8p,unpopularopinion,post,1651103051,positive
twqg8s,unpopularopinion,post,1649148609,neutral
tzlcz6,vegan,post,1649477966,neutral
ubs7rr,vinyl,post,1650912252,neutral
udi2dw,wallstreetbets,post,1651105402,neutral
uepeco,yugioh,post,1651248759,negative
u5m4ng,2007scape,post,1650198801,neutral
uaa66o,AnimalsBeingBros,post,1650734216,neutral
ttm7of,ApplyingToCollege,post,1648803599,positive
tu0lqs,AquaSwap,post,1648844791,negative
u9xt7w,AskReddit,post,1650690033,negative
ubywvr,AskReddit,post,1650930189,neutral
u47pih,AskReddit,post,1650028140,neutral
u92kh8,AskReddit,post,1650589924,negative
uah7c5,Assistance,post,1650755251,neutral
ucirkr,BokuNoHeroAcademia,post,1650996443,neutral
tuhhpg,BostonBruins,post,1648901618,neutral
tzt2vi,BostonBruins,post,1649510481,neutral
u4wtav,BostonBruins,post,1650112279,neutral
ua79oq,BostonBruins,post,1650725975,neutral
ufgike,BostonBruins,post,1651341862,neutral
u4a2z7,Browns,post,1650035115,neutral
tyzis9,CasualUK,post,1649409583,positive
u1a2fn,Catholicism,post,1649690113,neutral
tzai6f,Catholicism,post,1649443902,neutral
u71w20,China,post,1650363921,neutral
u6e87a,ChronicPain,post,1650291448,positive
u862ve,Cigarettes,post,1650487556,negative
u8734e,Cigarettes,post,1650490321,negative
uegwr7,DivinityOriginalSin,post,1651219011,negative
ue61nm,DnD,post,1651182060,positive
u3t3lz,ExNoContact,post,1649975171,neutral
u2rr58,FIFA,post,1649860573,neutral
udga7r,FIFA,post,1651100121,neutral
u70gq0,FanFiction,post,1650358021,positive
typr6h,FanFiction,post,1649373944,positive
typsvc,FanFiction,post,1649374086,neutral
ubn85y,Guiltygear,post,1650899122,positive
u24ojo,INTP,post,1649784943,neutral
tueqex,IndiaSpeaks,post,1648890936,negative
tuera5,IndiaSpeaks,post,1648891051,neutral
tyh0jl,JoeRogan,post,1649349404,neutral
u0hws7,JustUnsubbed,post,1649598364,negative
u5a6l4,JustUnsubbed,post,1650152148,negative
tuec1r,KGATLW,post,1648889257,neutral
ucz6lh,LabourUK,post,1651050082,negative
ttxzcv,Lightbulb,post,1648838029,positive
ue3891,Minecraft,post,1651174556,neutral
tzsupk,MitchellAndWebb,post,1649509693,neutral
ueh5rd,ModSupport,post,1651220200,neutral
u2mn54,ModSupport,post,1649843257,negative
u0tg9h,ModSupport,post,1649631811,neutral
twfd5f,NoFapChristians,post,1649112155,neutral
ufmep3,NoStupidQuestions,post,1651360068,neutral
tz52de,NorthCarolina,post,1649428871,neutral
u6wx3z,OnOff,post,1650343691,neutral
u8f7nw,OnePiece,post,1650515231,neutral
u0xw1s,Oppression,post,1649646105,negative
ttr6z0,Outdoors,post,1648821123,neutral
tx7x00,PERU,post,1649200422,neutral
u5ukld,PhantomForces,post,1650224600,negative
ttfaal,Philippines,post,1648777456,neutral
u9yg7m,Philippines,post,1650692580,neutral
u603k1,PiratedGames,post,1650241175,neutral
ua5ztf,ProtectAndServe,post,1650722219,negative
uama27,PvZGardenWarfare,post,1650772800,negative
ucg2ov,SCJerk,post,1650989261,positive
tzvtt4,ShadowBan,post,1649518984,negative
tvg92t,ShadowBan,post,1649011040,neutral
twq115,ShadowBan,post,1649146687,negative
txr2x3,ShadowBan,post,1649265138,neutral
tyxy2n,ShadowBan,post,1649402473,neutral
u289rp,ShadowBan,post,1649794389,negative
u4xm5g,ShadowBan,post,1650115029,negative
u6cr6r,SubredditDrama,post,1650287297,negative
u45y6i,Tacoma,post,1650022156,negative
txglt8,TooAfraidToAsk,post,1649230078,neutral
u568c4,TopMindsOfReddit,post,1650140225,negative
u1las3,TrueOffMyChest,post,1649721199,neutral
txhn1a,Twitch,post,1649234902,neutral
tti200,TwoBestFriendsPlay,post,1648786665,negative
tu8o35,arenaofvalor,post,1648867944,neutral
udmf42,army,post,1651119014,neutral
udx1y6,autism,post,1651158177,neutral
u1urdy,autism,post,1649754827,negative
ue1tyo,autism,post,1651170782,positive
ue8ksd,autism,post,1651189519,negative
ue64ii,autism,post,1651182279,neutral
ufjwvk,billsimmons,post,1651352275,neutral
tulebp,bjj,post,1648913179,neutral
u5x7ve,careerguidance,post,1650232484,neutral
tti1s2,childfree,post,1648786641,positive
uaarx4,chomsky,post,1650735967,negative
u8ormf,conspiracy,post,1650550914,negative
ue8f7v,conspiracy,post,1651189036,negative
txi40x,copypasta,post,1649236981,negative
udjves,dancegavindance,post,1651111010,neutral
u2umdc,dankmemes,post,1649868274,neutral
u87l24,dankruto,post,1650491702,positive
tu5yp7,dataisbeautiful,post,1648859463,negative
twu3f5,digimon,post,1649162671,negative
u1cgf2,formula1,post,1649696675,negative
tx3l3x,fountainpens,post,1649188707,neutral
u13hm1,france,post,1649668420,neutral
u4wbyd,ftm,post,1650110506,negative
ud1ibf,gofundme,post,1651059550,neutral
u54faq,help,post,1650135000,neutral
u68r41,help,post,1650272916,negative
uc39u9,help,post,1650943655,neutral
ttmxqg,help,post,1648806702,neutral
u9hvwa,india,post,1650642898,neutral
u220mo,iphone,post,1649778027,negative
u22146,iphone,post,1649778064,negative
tvus3t,magicTCG,post,1649051936,negative
tw3dr7,magicthecirclejerking,post,1649082505,negative
u6h6gs,mbti,post,1650299225,negative
ueavxd,minnesotavikings,post,1651196808,neutral
u2sj7q,modhelp,post,1649862695,negative
u3hu7s,modhelp,post,1649943737,neutral
ty2pv9,musictheory,post,1649298416,negative
txj62w,ontario,post,1649241413,neutral
u7cyb1,orchids,post,1650395507,neutral
uewg4l,ottawa,post,1651268883,positive
tvbf8k,place,post,1648998624,negative
tv7f0z,place,post,1648986223,negative
tw129t,place,post,1649076111,negative
tv59nu,place,post,1648977353,negative
tw18od,place,post,1649076667,neutral
tw2qt5,place,post,1649080868,negative
tw865g,place,post,1649094360,neutral
tvkgo1,place,post,1649021242,neutral
tveqqe,place,post,1649007237,negative
tw610n,place,post,1649089141,positive
tz8x9x,place,post,1649439472,negative
tv4y00,place,post,1648976028,negative
tv4oeu,place,post,1648974901,negative
tvmjhj,place,post,1649026646,neutral
tvnktp,place,post,1649029592,negative
tw5vbi,place,post,1649088744,negative
txiawv,place,post,1649237813,negative
tv5utk,place,post,1648979893,neutral
tv5oca,place,post,1648979109,negative
tz6ysi,politics,post,1649434091,negative
u46uq7,prochoice,post,1650025368,negative
ucklkm,projectzomboid,post,1651001338,positive
u2g3cy,prowrestling,post,1649817553,negative
u1fz2u,questions,post,1649707054,neutral
u9y9tu,r4r,post,1650691855,neutral
uf9n5x,rant,post,1651320015,negative
u1h93u,rant,post,1649710244,negative
u7zdmd,redditrequest,post,1650469286,neutral
txrww3,redditrequest,post,1649267386,neutral
u4fr3n,redditrequest,post,1650050884,neutral
u3oaj6,redditrequest,post,1649961724,neutral
u8x4nt,redditrequest,post,1650573862,neutral
u0x64b,redditrequest,post,1649643726,neutral
u2rj1i,redditrequest,post,1649859938,neutral
tv0m9h,redditrequest,post,1648959127,neutral
tx6sei,redditrequest,post,1649197217,neutral
tuqlay,redditrequest,post,1648926529,neutral
uckrcl,redditrequest,post,1651001769,neutral
ue2h8y,redditrequest,post,1651172511,neutral
u35bsl,redditrequest,post,1649898178,neutral
u4f25c,redditrequest,post,1650048936,neutral
ufm2b1,redditrequest,post,1651358980,neutral
u1tvn2,redditrequest,post,1649750941,neutral
u1twiq,redditrequest,post,1649751042,neutral
u0ghf1,redditrequest,post,1649593326,neutral
u3nd1i,redditrequest,post,1649959122,neutral
ual9md,redditrequest,post,1650769114,neutral
u7co4s,simracing,post,1650394780,neutral
u8m26l,sixers,post,1650542713,neutral
ub2l9y,skyrim,post,1650829430,neutral
udcgd3,soccer,post,1651089779,neutral
ub5jz7,softwaregore,post,1650837797,neutral
tv54aa,srilanka,post,1648976712,negative
u47057,summonerschool,post,1650025881,neutral
u92p9d,teenagers,post,1650590354,negative
tzntib,tf2,post,1649488055,negative
tvrgx4,trump,post,1649041001,negative
u2eiyt,ukraine,post,1649812776,negative
udylj8,wallstreetbets,post,1651162258,negative
txqlc2,webdev,post,1649263848,neutral
u7flba,whowouldwin,post,1650402573,negative
tts0tl,2007scape,post,1648823293,neutral
ttxol1,2007scape,post,1648837276,negative
txzoc1,2007scape,post,1649288932,neutral
tyi99c,2007scape,post,1649352932,negative
tyliim,2007scape,post,1649361913,neutral
tyrkxh,2007scape,post,1649379630,negative
u06tfp,2007scape,post,1649553027,negative
u08x3p,2007scape,post,1649560568,negative
u371d5,2007scape,post,1649903593,neutral
u4zati,2007scape,post,1650120330,neutral
tyrtj1,2007scape,post,1649380387,negative
u4f5od,ADHD,post,1650049206,neutral
u9ozfk,Advice,post,1650662218,negative
u7tkmt,AmItheAsshole,post,1650451317,negative
u5406x,AskModerators,post,1650133818,neutral
u6dsb3,AskReddit,post,1650290255,negative
u88t7f,AskReddit,post,1650495196,neutral
u2e1ej,AutoModerator,post,1649811275,neutral
ty489b,Autos,post,1649303328,neutral
u1d7l6,Beekeeping,post,1649698670,neutral
u0wwm7,BiggerThanYouThought,post,1649642892,negative
udvitm,Brogress,post,1651153998,neutral
u0go00,Buttcoin,post,1649594017,negative
ud4m66,CPTSD,post,1651068961,neutral
u5py2w,Chennai,post,1650211042,neutral
tvogj5,Christianity,post,1649032189,positive
ubz4mr,Christianity,post,1650930819,neutral
tvahax,Conservative,post,1648996043,negative
tvaii7,Conservative,post,1648996137,negative
tvalf5,Conservative,post,1648996359,negative
tvas22,Conservative,post,1648996892,negative
u6lpax,Conservative,post,1650311164,neutral
txzeyn,Cornell,post,1649288098,positive
u6wheq,Cubers,post,1650342145,neutral
ue7f3g,DanLeBatardShow,post,1651185995,neutral
u1gjaq,DnD,post,1649708443,negative
tu214d,DotA2,post,1648848447,neutral
u82t9m,FanFiction,post,1650478592,neutral
u03d3k,FanFiction,post,1649541588,neutral
u3fm5q,FantasyPL,post,1649936729,neutral
txvl52,FashionReps,post,1649277339,neutral
tu2zt2,FinalFantasy,post,1648850974,positive
u7j2g6,FinancialCareers,post,1650412424,negative
uednsw,GTAV,post,1651205724,negative
u5j3ds,GiftofGames,post,1650185720,neutral
u481v2,HuntsvilleAlabama,post,1650029219,positive
tv5ck7,IndiaSpeaks,post,1648977713,negative
u5xk93,IndianaUniversity,post,1650233468,negative
uahc5m,JurassicPark,post,1650755686,negative
uahfk8,JurassicPark,post,1650755997,negative
u980uw,JustUnsubbed,post,1650608942,negative
uag72h,JustUnsubbed,post,1650752094,negative
tvx82h,Kalilinux,post,1649062128,neutral
tyge4w,Kappa,post,1649347673,neutral
ty3x01,LigaMX,post,1649302255,negative
u4zike,LiveFromNewYork,post,1650120985,negative
u7tgel,MCFC,post,1650450849,neutral
u6bym7,MadeMeSmile,post,1650284848,neutral
u5u058,MakeNewFriendsHere,post,1650222917,neutral
u70e5e,Minecraft,post,1650357700,negative
u3s81l,ModSupport,post,1649972635,neutral
u2plr3,ModSupport,post,1649854262,neutral
u75gyw,ModSupport,post,1650375757,neutral
u9jdnc,ModSupport,post,1650646841,negative
tw52qw,ModSupport,post,1649086812,neutral
tvbdfh,ModSupport,post,1648998486,negative
u7xvfb,ModSupport,post,1650465121,neutral
uaot4d,MurderedByWords,post,1650783074,negative
u9vdh1,Nepal,post,1650681594,neutral
ttnhu0,NoStupidQuestions,post,1648809033,negative
u6qao2,NoStupidQuestions,post,1650323421,neutral
u7dh7s,NoStupidQuestions,post,1650396910,neutral
ueb9ne,NoStupidQuestions,post,1651197956,neutral
tuokur,Oxygennotincluded,post,1648921283,negative
u8vfry,Pennsylvania,post,1650569185,neutral
tvcac4,Planetside,post,1649000946,negative
ttu6ko,PrequelMemes,post,1648828706,neutral
tuhp3o,ShadowBan,post,1648902307,neutral
ubqnm3,ShadowBan,post,1650908070,neutral
tygo74,SocialistRA,post,1649348442,negative
txvdw6,Steam,post,1649276787,negative
txx3hg,Steam,post,1649281383,negative
uaygmq,SubredditDrama,post,1650817749,negative
ue5oy4,SuicideWatch,post,1651181112,negative
tuirvz,TagPro,post,1648905798,negative
tw0ixm,TheBlueCorner,post,1649074410,negative
ttxgc2,TheoryOfReddit,post,1648836704,neutral
u33kh5,TooAfraidToAsk,post,1649892772,negative
ubcjxj,TrueOffMyChest,post,1650860300,negative
uf1o0x,TwoXChromosomes,post,1651286051,negative
ua4hdy,TwoXChromosomes,post,1650717296,positive
u7dswg,UCSantaBarbara,post,1650397791,neutral
tzeh8c,UFOs,post,1649455227,neutral
u1o0ni,Vent,post,1649729282,negative
u1p3mo,Vent,post,1649732572,negative
u2u20p,Vent,post,1649866763,negative
u52yzc,Vent,post,1650130908,negative
ucv47u,Vent,post,1651033223,negative
udrt5o,WatchRedditDie,post,1651141388,negative
tuuxm7,WhitePeopleTwitter,post,1648938110,negative
tvfzot,WhitePeopleTwitter,post,1649010366,negative
u0i8o0,Wicca,post,1649599407,neutral
ucz8qv,XXXTENTACION,post,1651050344,neutral
tw629s,ableton,post,1649089221,negative
uc07p2,amateur_milfs,post,1650934103,neutral
uai6z3,anchorage,post,1650758484,neutral
u023a2,aspergers,post,1649537728,neutral
u22awl,aspergers,post,1649778798,negative
ttt8bo,audible,post,1648826305,neutral
u7uls4,awfuleverything,post,1650455144,negative
u477jy,bigdickproblems,post,1650026574,negative
uck4sp,bigdickproblems,post,1651000054,neutral
ud8wjb,bipolar,post,1651080315,neutral
uaq2za,bodymods,post,1650788428,neutral
tvtvkl,books,post,1649048701,negative
tty0tu,buffalobills,post,1648838131,neutral
uafw5i,bugs,post,1650751181,neutral
u1z7xv,bugs,post,1649770381,neutral
ue62ei,civ,post,1651182115,neutral
ucqoo7,communism101,post,1651018610,negative
u17epi,conspiracy,post,1649682590,neutral
ue6ium,copypasta,post,1651183419,negative
u8ehvi,copypasta,post,1650512764,negative
uc6pft,dankmemes,post,1650956801,neutral
u7xvex,facebook,post,1650465120,negative
ttjcjt,fireemblem,post,1648791430,positive
ua1iun,ftm,post,1650705607,neutral
txelty,gmu,post,1649222005,neutral
u0fzkr,help,post,1649591384,negative
txv5r4,houseplants,post,1649276180,neutral
tyi0qn,ireland,post,1649352280,neutral
tu94h2,lawofattraction,post,1648869379,neutral
tx3mxa,leagueoflegends,post,1649188822,negative
u6ihgc,linux,post,1650302742,negative
tw5y4o,magicTCG,post,1649088940,negative
ueow4i,meme,post,1651247396,positive
ufbrxc,meme,post,1651327495,neutral
uabrmh,mildlyinfuriating,post,1650738822,negative
tx5ymq,modhelp,post,1649194918,neutral
u05hrg,modhelp,post,1649548408,neutral
tvzal9,modhelp,post,1649070255,neutral
u2viro,montreal,post,1649870700,negative
tu604p,mylittlepony,post,1648859588,neutral
u1u9dp,nba,post,1649752683,neutral
u9ecoo,nbacirclejerk,post,1650633103,negative
u9tos8,needamod,post,1650676157,neutral
u5r42d,neoliberal,post,1650214435,neutral
tun5bm,ockytop,post,1648917728,neutral
u3lq9a,opiates,post,1649954583,neutral
u1rogo,pics,post,1649743252,neutral
ubpamd,pinkfloyd,post,1650904516,negative
u5cf0t,torontoraptors,post,1650159455,negative
u4o9h6,ucla,post,1650077394,negative
u4onxg,ucla,post,1650078752,negative
twvet9,ukraine,post,1649166640,negative
tzm5i0,ukraine,post,1649481035,negative
u298lf,ukraine,post,1649796967,neutral
u2ewog,ukraine,post,1649813931,negative
u6i2f3,ukraine,post,1650301607,neutral
ufayu4,ukraine,post,1651324865,negative
tyiadq,uktrees,post,1649353020,neutral
txcmoz,unpopularopinion,post,1649215052,negative
uc8d9u,wargame,post,1650964481,neutral
tz3xio,weed,post,1649425651,neutral
u7h7po,weed,post,1650406954,negative
udcavw,youngjustice,post,1651089403,neutral
tyblxe,2007scape,post,1649333202,negative
tu97xz,2b2t,post,1648869697,negative
u2szd6,Accounting,post,1649863907,neutral
u2dsyj,Adirondacks,post,1649810551,neutral
tzhlx1,Advice,post,1649465041,neutral
u2ch5s,Anarchism,post,1649806497,negative
tzfwnf,AppIdeas,post,1649459450,neutral
ubcnyo,ApplyingToCollege,post,1650860708,neutral
tu0154,ApplyingToCollege,post,1648843289,neutral
ubzcaw,AskReddit,post,1650931441,neutral
uf0119,AskReddit,post,1651280416,neutral
u1up2p,AskReddit,post,1649754558,negative
u2a6sf,AskReddit,post,1649799564,neutral
udc4qt,AskReddit,post,1651088958,negative
u7pjiw,AskThe_Donald,post,1650433882,neutral
u7plsn,AskThe_Donald,post,1650434127,neutral
u306sx,AutoModerator,post,1649883477,neutral
u0vk4t,Bad_Cop_No_Donut,post,1649638522,negative
u85o3n,Bitcoin,post,1650486425,neutral
udrq4l,Buttcoin,post,1651141037,neutral
txrlr4,CasualConversation,post,1649266550,negative
uedbfl,CasualConversation,post,1651204561,negative
uduzoe,Christianity,post,1651152456,neutral
ubx3x4,ColoradoAvalanche,post,1650925059,neutral
ue4zej,Colts,post,1651179263,neutral
twb2hp,CombatFootage,post,1649101489,positive
u9qevx,Comcast_Xfinity,post,1650666164,neutral
u2fdch,Comcast_Xfinity,post,1649815333,neutral
u3271s,Comcast_Xfinity,post,1649888807,neutral
ueral0,CompetitiveHalo,post,1651254091,neutral
u845j6,Cornell,post,1650482267,neutral
twy4q7,DDLC,post,1649174069,negative
tzhg6l,Eminem,post,1649464466,negative
u3zymm,Eminem,post,1649997058,neutral
ue2oa0,Eminem,post,1651173020,neutral
tydlsy,Endo,post,1649339628,neutral
u4t1vk,Fallout,post,1650096268,neutral
uaczr0,GolfGTI,post,1650742453,neutral
ucjgqr,Gunners,post,1650998273,neutral
u2eayn,HiTMAN,post,1649812081,neutral
ueim69,IBD,post,1651226925,neutral
tvb7mw,IndiaSpeaks,post,1648998057,negative
u0qajt,IndianGaming,post,1649622619,neutral
tuh289,Israel,post,1648900128,neutral
ubxpqh,JUSTNOMIL,post,1650926734,negative
u7f2oz,LV426,post,1650401150,negative
u5dzr3,LawFirm,post,1650164897,neutral
ttlw3h,LegalAdviceUK,post,1648802125,neutral
udze95,MLS,post,1651164358,neutral
udt9gy,ModSupport,post,1651146975,neutral
uev9e3,ModSupport,post,1651265437,neutral
ubx13q,ModSupport,post,1650924845,negative
tvavt1,Morocco,post,1648997188,neutral
uefbzl,MtF,post,1651212097,negative
u22f5a,Netherlands,post,1649779112,neutral
udxonn,NewTubers,post,1651159823,positive
ue0zou,Nioh,post,1651168551,neutral
tw1j8j,NoSleepOOC,post,1649077500,neutral
uaboxf,NoStupidQuestions,post,1650738612,neutral
ucn8wr,OnePiece,post,1651008535,neutral
u6dlri,OreGairuSNAFU,post,1650289737,neutral
u33txu,Piracy,post,1649893562,neutral
tulh5t,Pmsforsale,post,1648913397,neutral
uby3qe,RandomActsofCards,post,1650927822,positive
tyi6nw,RealGirls,post,1649352729,neutral
u7jke3,SWGalaxyOfHeroes,post,1650413895,neutral
tywkfg,ShadowBan,post,1649396734,negative
udat59,SkincareAddiction,post,1651085432,neutral
uem6q8,SkincareAddiction,post,1651239686,negative
txnf81,SquaredCircle,post,1649255247,neutral
txnfzj,SquaredCircle,post,1649255310,neutral
txnhix,SquaredCircle,post,1649255428,neutral
txrbu9,SquaredCircle,post,1649265804,neutral
u077vv,SquaredCircle,post,1649554461,negative
u2cv4z,SquaredCircle,post,1649807675,neutral
uclzfq,SquaredCircle,post,1651005087,neutral
ucmks0,SquaredCircle,post,1651006721,neutral
ucmlc5,SquaredCircle,post,1651006763,neutral
u595ui,StarWarsBattlefront,post,1650148979,neutral
ucgqg9,SuicideWatch,post,1650991008,positive
txa95c,TooAfraidToAsk,post,1649207545,neutral
tyc86r,TooAfraidToAsk,post,1649335338,negative
u0g1xx,TooAfraidToAsk,post,1649591662,neutral
uemjij,TrueCrime,post,1651240757,negative
u9qm17,TrueOffMyChest,post,1650666737,negative
udaiyi,TrueOffMyChest,post,1651084686,negative
ucl99n,Underminers,post,1651003106,neutral
tv2st3,Wales,post,1648967250,negative
tvup3t,WatchRedditDie,post,1649051611,negative
ttnn6j,YIMO,post,1648809643,neutral
tw60q5,ableton,post,1649089120,negative
u6n1dt,antinatalism,post,1650314609,positive
u9izrq,antinatalism,post,1650645817,neutral
u3tlst,atheism,post,1649976659,positive
tuebsf,bjj,post,1648889225,negative
u6365i,bonehurtingjuice,post,1650250944,negative
u7eot2,bugs,post,1650400125,negative
u66acq,cars,post,1650262511,negative
u1e9dj,cfs,post,1649701418,positive
tu97kx,chess,post,1648869662,negative
uddhie,cigars,post,1651092495,negative
tunhqd,conservatives,post,1648918564,negative
u14px9,conspiracy,post,1649673473,neutral
ufhbbo,coolguides,post,1651344293,neutral
ufmvna,dadjokes,post,1651361563,neutral
tv5jqm,dankmemes,post,1648978551,negative
tti1ev,discordapp,post,1648786601,negative
tz71rf,discordapp,post,1649434309,neutral
u916me,drugscirclejerk,post,1650585661,negative
u720gb,ethtrader,post,1650364405,negative
u21rc4,facepalm,post,1649777341,neutral
tv52vr,fivenightsatfreddys,post,1648976544,neutral
tw0u4t,fivenightsatfreddys,post,1649075408,neutral
ty9y7s,fivenightsatfreddys,post,1649326877,neutral
tw7ys8,florida,post,1649093866,negative
udbdad,forhonor,post,1651086890,negative
ttl7ow,forsen,post,1648799060,neutral
tw295g,forsen,post,1649079530,positive
tx3ihv,forsen,post,1649188518,neutral
u0cour,forsen,post,1649576105,positive
u4hco3,forsen,post,1650055417,negative
u4nx95,forsen,post,1650076231,neutral
u4xe11,forsen,post,1650114277,neutral
u5bm4l,forsen,post,1650156797,negative
ua67b3,forsen,post,1650722823,neutral
ubnn4w,forsen,post,1650900224,neutral
u0mvue,fuckeatingdisorders,post,1649613014,negative
u7ngws,funny,post,1650426267,negative
tvoddw,genderqueer,post,1649031927,neutral
ufjqs0,guns,post,1651351756,negative
ueiqet,halo,post,1651227450,neutral
twe3rx,halo,post,1649108927,negative
u4bdps,halo,post,1650038764,negative
u4bezd,halo,post,1650038862,negative
u5wgk8,halo,post,1650230235,negative
u5y54y,halo,post,1650235176,negative
u7ypwi,halo,post,1650467460,neutral
u9u043,halo,post,1650677157,neutral
uctdbu,halo,post,1651027220,negative
txgf0m,hinduism,post,1649229251,negative
ueh6kg,hotguyswithtattoos,post,1651220322,negative
tz6zg9,iRacing,post,1649434139,neutral
twtw27,japanlife,post,1649161991,neutral
u90k3c,kravmaga,post,1650583730,neutral
u92szp,leafs,post,1650590683,negative
tzbnvb,legaladvice,post,1649447137,neutral
tz04rc,linuxmemes,post,1649412277,positive
ubxvbo,mentalhealth,post,1650927178,neutral
u1n4ho,modhelp,post,1649726615,negative
tza7nm,modhelp,post,1649443075,neutral
ucieic,modhelp,post,1650995495,neutral
uayktk,mumbai,post,1650818087,neutral
tzilld,nba,post,1649468407,neutral
twunow,oddlyterrifying,post,1649164383,negative
tyh2si,pakistan,post,1649349594,negative
u3d03b,paydaytheheist,post,1649927108,neutral
u3xq04,paypal,post,1649989483,neutral
ty3ruy,pitbulls,post,1649301753,neutral
tvfg9a,place,post,1649009018,negative
tw0u97,place,post,1649075414,negative
ttzyhm,place,post,1648843131,neutral
tvskg9,place,post,1649044488,neutral
tvu909,place,post,1649049990,negative
tvnk07,place,post,1649029527,neutral
tvebql,place,post,1649006175,negative
tuolr0,place,post,1648921346,negative
twdbyj,place,post,1649107009,negative
twalld,place,post,1649100320,negative
tvttcn,place,post,1649048486,negative
tv5wh5,place,post,1648980051,negative
u7wful,place,post,1650461032,negative
ty5kie,place,post,1649308080,neutral
tv5daz,place,post,1648977801,negative
tvthjg,place,post,1649047412,negative
tvt16d,place,post,1649045951,negative
twfncj,place,post,1649112849,negative
tvyj3e,place,post,1649067394,positive
tuhq8b,place,post,1648902412,negative
tv3v87,place,post,1648971589,negative
txk7dn,place,post,1649245327,negative
tvoey1,place,post,1649032057,negative
tvan5t,place,post,1648996501,negative
u8byy8,popping,post,1650504731,negative
u7g7oc,quityourbullshit,post,1650404254,negative
txcs5w,redditrequest,post,1649215559,negative
tyrb4i,redditrequest,post,1649378767,neutral
tws363,redditrequest,post,1649155571,neutral
u0jyxo,redditrequest,post,1649604614,neutral
tvkmtr,redditrequest,post,1649021666,neutral
tx6u07,redditrequest,post,1649197343,neutral
u2x7mg,redditrequest,post,1649875231,neutral
tw7cuz,redditrequest,post,1649092375,neutral
u45vrq,redditrequest,post,1650021892,neutral
u9cq7e,redditrequest,post,1650628018,neutral
u6iuyx,redditrequest,post,1650303750,neutral
tv1b9b,redditrequest,post,1648961609,neutral
u3xdrx,redditrequest,post,1649988353,neutral
u8utk3,redditrequest,post,1650567499,neutral
u8uvyg,redditrequest,post,1650567675,neutral
u2pv06,redditrequest,post,1649855045,neutral
u1vctm,redditrequest,post,1649757382,neutral
tzxguo,redditrequest,post,1649523775,neutral
u61a8y,redditrequest,post,1650244859,neutral
u920uv,redditrequest,post,1650588261,neutral
u922s1,redditrequest,post,1650588429,neutral
txx62v,redditrequest,post,1649281582,neutral
u983os,redditrequest,post,1650609261,neutral
twohvg,redditrequest,post,1649140227,neutral
ue7nu4,religion,post,1651186708,neutral
tuv9cu,rockets,post,1648939045,neutral
txlx4i,runescape,post,1649250906,neutral
ucsp34,survivinginfidelity,post,1651025005,negative
ud2deb,techsupport,post,1651062396,negative
ufga8o,teenagers,post,1651341188,negative
uc1ubp,teenagers,post,1650939113,negative
u3cijp,teenagers,post,1649924922,positive
tusvi0,teenagers,post,1648932570,neutral
tts246,teenagers,post,1648823392,negative
twbuf5,teenagers,post,1649103361,negative
u2t2uj,teenagers,post,1649864170,neutral
u1libp,timberwolves,post,1649721799,positive
u6ib4r,transgendercirclejerk,post,1650302274,negative
tz8rje,ukraine,post,1649439028,neutral
u7b1oa,ukraine,post,1650390589,negative
uap70r,ukraine,post,1650784670,neutral
ua47vu,uktrees,post,1650716372,negative
ttqvoh,vegan,post,1648820275,negative
u63rth,vegan,post,1650252984,negative
tyk1x5,worldnews,post,1649357854,negative
u86xvu,ANGEL,post,1650489918,neutral
tvoa6q,AZCardinals,post,1649031654,neutral
tvehqs,Advice,post,1649006602,neutral
u5fhuv,AmItheAsshole,post,1650170330,neutral
ufi1l2,Anarchism,post,1651346468,negative
tvehwm,AnarchyChess,post,1649006613,negative
txwwa8,AskReddit,post,1649280845,neutral
u2trrv,AskReddit,post,1649865992,negative
tu0rea,AskReddit,post,1648845203,neutral
u5zjva,AskReddit,post,1650239468,neutral
u7a7se,BestOfReports,post,1650388436,negative
u9x853,BoostForReddit,post,1650687843,neutral
udgo7n,Calgary,post,1651101216,neutral
u57itv,CapitalismVSocialism,post,1650144070,neutral
u39s3e,ClashRoyale,post,1649913091,negative
ue5vu7,Competitiveoverwatch,post,1651181628,neutral
u5oy7v,Conservative,post,1650208089,negative
u2xmem,CryptoCurrency,post,1649876367,negative
tx9dl0,DestructiveReaders,post,1649204803,neutral
ualyvp,DragonsDogma,post,1650771651,neutral
u3lwkh,FIFA,post,1649955063,negative
u317m2,Forex,post,1649886144,negative
ttmmxw,FortNiteBR,post,1648805377,negative
tzydg2,FreeCompliments,post,1649526473,negative
ubhvji,FreeCompliments,post,1650882192,negative
uda5ya,Grimdawn,post,1651083701,neutral
tut162,Gunners,post,1648932983,neutral
tut2t9,Gunners,post,1648933102,neutral
tx2tcb,Gunners,post,1649186656,negative
u6bczj,Gunners,post,1650282921,neutral
u36dtb,Hardcore,post,1649901533,neutral
u0sj6n,Justrolledintotheshop,post,1649629048,neutral
u9974f,KendrickLamar,post,1650613849,neutral
u34iqv,Libertarian,post,1649895681,negative
tzxqfx,MealPrepSunday,post,1649524567,neutral
u996fx,Metallica,post,1650613768,negative
ubj0l3,Minecraft,post,1650886422,neutral
twxqx8,ModSupport,post,1649172997,neutral
ub0hdn,ModSupport,post,1650823484,neutral
u00klm,ModSupport,post,1649533057,neutral
tzvqmr,ModSupport,post,1649518737,negative
u411vs,Music,post,1650001235,neutral
tzw36a,Music,post,1649519749,neutral
uceg7c,NatureIsFuckingLit,post,1650985029,neutral
uevoxe,NoStupidQuestions,post,1651266663,negative
u29cq8,OttawaSenators,post,1649797251,neutral
u2h0ng,OutOfTheLoop,post,1649820525,neutral
u7njb7,OutOfTheLoop,post,1650426493,negative
u9vxuj,OutOfTheLoop,post,1650683467,neutral
u3o49c,PUBATTLEGROUNDS,post,1649961232,negative
u3pu4l,Patriots,post,1649966046,positive
uavub9,PoliticalHumor,post,1650810219,negative
tuwd4s,Retconned,post,1648942177,neutral
u25ess,SampleSize,post,1649786874,positive
ucp498,Scams,post,1651013819,negative
u356pd,ShadowBan,post,1649897747,neutral
tvh6bp,ShadowBan,post,1649013323,negative
ubvrkj,Showerthoughts,post,1650921436,neutral
ubvv73,Showerthoughts,post,1650921701,neutral
txfq3p,Showerthoughts,post,1649226373,negative
txm42m,Showerthoughts,post,1649251478,negative
txm4ff,Showerthoughts,post,1649251508,negative
txpnn3,Showerthoughts,post,1649261260,negative
txpocp,Showerthoughts,post,1649261315,negative
ty4w7t,Showerthoughts,post,1649305581,negative
tyywx0,Showerthoughts,post,1649406868,negative
u2k4wy,Showerthoughts,post,1649832056,negative
u3nmp6,Showerthoughts,post,1649959862,negative
u4fmbe,Showerthoughts,post,1650050495,negative
u4r26x,Showerthoughts,post,1650087733,positive
u4r2ji,Showerthoughts,post,1650087770,negative
u7n2ed,Showerthoughts,post,1650424882,negative
u8qujy,Showerthoughts,post,1650556696,negative
ud1ulr,Showerthoughts,post,1651060734,negative
udv84w,Showerthoughts,post,1651153157,negative
ueqsdd,Showerthoughts,post,1651252644,negative
twzwyf,SonicTheHedgehog,post,1649178858,negative
tuxn2c,SonicTheHedgehog,post,1648949575,neutral
tz6vjb,SubredditDrama,post,1649433842,neutral
ttq1q8,Tacoma,post,1648817914,negative
u50xzv,TooAfraidToAsk,post,1650125120,negative
uape7a,TooAfraidToAsk,post,1650785522,negative
u2q45u,TrueOffMyChest,post,1649855835,negative
u79nbn,UCSD,post,1650386939,negative
ubc7fb,Vent,post,1650859061,negative
u3kc8y,Vent,post,1649950788,negative
ufjgyb,abortion,post,1651350923,positive
tvn1d5,acting,post,1649028046,neutral
u60nje,admincraft,post,1650242929,neutral
ufj73i,anime,post,1651350042,negative
ufj91d,anime,post,1651350218,negative
u0o7yy,apolloapp,post,1649616735,neutral
u0t2yy,asoiaf,post,1649630720,neutral
txrgy8,awfuleverything,post,1649266191,negative
u46l10,awfuleverything,post,1650024436,neutral
uf7h2j,billsimmons,post,1651310183,negative
ttwqys,bollywood,post,1648834981,neutral
twckyi,bugs,post,1649105177,neutral
ucr9gu,canberra,post,1651020456,positive
u2spe7,collapse,post,1649863161,negative
u92pmw,confession,post,1650590389,negative
u7nmk8,conspiracy,post,1650426800,negative
uey2am,conspiracy,post,1651273788,negative
u4v0bk,coys,post,1650105092,neutral
u0te9x,cyberpunkgame,post,1649631649,negative
uc1cpg,dankmemes,post,1650937605,neutral
tyodpd,dauntless,post,1649369904,neutral
tygkte,dbz,post,1649348183,negative
tuauyk,discordapp,post,1648875287,negative
u5ws6r,dogs,post,1650231192,neutral
u5yf6l,dubai,post,1650236019,neutral
uer4bb,facepalm,post,1651253594,neutral
ttk17t,forsen,post,1648794084,positive
tzt6jn,funny,post,1649510842,negative
tzt9t4,funny,post,1649511146,negative
tztamv,funny,post,1649511220,negative
u3xb2s,funny,post,1649988115,neutral
u9ou07,funny,post,1650661799,neutral
ub0v0b,funny,post,1650824536,neutral
ufcm3x,gamedesign,post,1651330175,neutral
ufcnxq,gamedesign,post,1651330331,neutral
u4jqvn,h3h3productions,post,1650062436,negative
u3trai,haiku,post,1649977108,neutral
u0yhsd,help,post,1649648174,neutral
u4rtdv,help,post,1650090902,negative
u3pfat,homestead,post,1649964872,positive
ttkc8u,india,post,1648795350,negative
tubl1q,india,post,1648877948,neutral
tugl7m,india,post,1648898385,neutral
tv0pc3,india,post,1648959439,negative
tv0yj1,india,post,1648960347,neutral
tv0z80,india,post,1648960420,neutral
tv5bdm,india,post,1648977571,neutral
txl3l2,india,post,1649248329,neutral
tzuwyo,india,post,1649516335,neutral
u9ybox,india,post,1650692068,negative
ua2gp3,india,post,1650709664,negative
ua4vgu,india,post,1650718665,negative
uc7lt9,india,post,1650960943,neutral
uecu5e,india,post,1651202949,neutral
u2la48,india,post,1649837056,neutral
u6ad78,india,post,1650279397,neutral
uaqalo,islam,post,1650789343,neutral
u6m4ld,lawschooladmissions,post,1650312230,negative
u21xrq,lawschooladmissions,post,1649777821,neutral
u6ltpu,lawschooladmissions,post,1650311471,negative
u6o4ya,lawschooladmissions,post,1650317574,negative
u6vkvz,lawschooladmissions,post,1650339188,negative
u6yxg9,lawschooladmissions,post,1650351454,neutral
tyldea,legaladvice,post,1649361540,neutral
uawgz5,lgbt,post,1650812070,neutral
tvsqgb,magicTCG,post,1649044976,negative
tw1he7,marchingband,post,1649077348,negative
udpsn8,melbourne,post,1651132294,positive
tvum4j,memes,post,1649051302,negative
u5d46y,memphisgrizzlies,post,1650161847,negative
u7hzgc,microgrowery,post,1650409190,neutral
uflpra,minnesotatwins,post,1651357845,neutral
ucbfkm,modhelp,post,1650976134,neutral
u38mt6,modhelp,post,1649908963,neutral
u66c7q,nationalguard,post,1650262727,neutral
uefksi,neoliberal,post,1651213158,negative
u237w0,nongolfers,post,1649781183,neutral
u8hn7v,notinteresting,post,1650524783,negative
ud9b9u,occult,post,1651081425,negative
tud7qr,place,post,1648884505,neutral
tvfetk,place,post,1649008919,neutral
tvfiq0,place,post,1649009182,negative
tvioyw,place,post,1649016841,negative
tvt43l,place,post,1649046208,neutral
tv3v2b,place,post,1648971570,negative
tv4pz8,place,post,1648975077,negative
tzr4i0,place,post,1649502990,negative
tvpl4j,place,post,1649035484,negative
tv8xv3,place,post,1648991481,negative
tv90f7,place,post,1648991705,negative
tvsdcg,place,post,1649043872,neutral
tvx3iz,place,post,1649061571,negative
tvf6im,place,post,1649008346,negative
twfxps,place,post,1649113462,negative
twg0ho,place,post,1649113637,neutral
tvek9e,place,post,1649006784,negative
tvscll,place,post,1649043805,neutral
tvxtxd,place,post,1649064664,negative
u07wys,place,post,1649556924,neutral
tv3ujc,place,post,1648971507,negative
tvz7bq,place,post,1649069978,negative
ty7pfd,place,post,1649316756,negative
tvni05,place,post,1649029359,negative
tvriuq,place,post,1649041174,negative
twbkjl,place,post,1649102682,negative
ucmxp1,projectzomboid,post,1651007663,positive
ty67of,raisedbyborderlines,post,1649310548,neutral
tu052v,raisedbynarcissists,post,1648843576,negative
u94e3v,realasians,post,1650595727,neutral
u2eulj,redditrequest,post,1649813761,neutral
u2wgbc,redditrequest,post,1649873188,neutral
twgsjm,redditrequest,post,1649115519,neutral
u4tbr3,redditrequest,post,1650097539,neutral
tzmdkh,redditrequest,post,1649481962,neutral
tu09l6,redditrequest,post,1648843906,neutral
ty2gmd,redditrequest,post,1649297607,neutral
tuh74a,redditrequest,post,1648900613,neutral
ud9bez,redditrequest,post,1651081436,neutral
txyimz,redditrequest,post,1649285416,neutral
u5jilj,redditrequest,post,1650187559,neutral
tz8pfl,redditrequest,post,1649438870,neutral
u4h28e,redditrequest,post,1650054581,neutral
ud82w5,redditrequest,post,1651078162,neutral
u2lgk6,redditrequest,post,1649837882,neutral
u1pnap,redditrequest,post,1649734306,neutral
u56k5z,redditrequest,post,1650141196,neutral
uatzbd,redditrequest,post,1650804158,neutral
u6ugvm,redditrequest,post,1650335705,neutral
twhfky,relationship_advice,post,1649117159,neutral
u29a11,seinfeld,post,1649797071,negative
u7vhab,skyrim,post,1650458085,neutral
u6jjjc,soccercirclejerk,post,1650305493,neutral
u12k70,spirituality,post,1649664375,neutral
ualbc6,sports,post,1650769270,negative
tv0eth,starcitizen,post,1648958418,neutral
ubhkzt,teenagers,post,1650880999,neutral
ueiivp,teenagers,post,1651226536,neutral
ubiybc,teenagers,post,1650886196,neutral
ubm8yw,teenagers,post,1650896358,negative
uavpl4,teenagers,post,1650809812,negative
u0agzi,teenagers,post,1649566659,negative
uc1uti,teenagers,post,1650939159,negative
turcne,teenagers,post,1648928532,positive
ue4sd0,teenagers,post,1651178746,neutral
ubrqdd,tf2,post,1650910938,neutral
ubsgpt,tf2,post,1650912915,negative
ubsno8,tf2,post,1650913407,negative
u8yymc,trans,post,1650579003,negative
u4kz80,trees,post,1650066293,negative
u5pdo6,ukraine,post,1650209389,negative
ufjmph,ukraine,post,1651351411,neutral
twdi6g,unpopularopinion,post,1649107433,negative
tu5gbb,unpopularopinion,post,1648857899,neutral
tvd2o2,unpopularopinion,post,1649002950,negative
tvd3vl,unpopularopinion,post,1649003040,negative
tvm4vk,unpopularopinion,post,1649025562,negative
twn4wj,unpopularopinion,post,1649134848,negative
ty6p3a,unpopularopinion,post,1649312478,negative
tyuya1,unpopularopinion,post,1649390686,negative
tzkya1,unpopularopinion,post,1649476518,negative
u0us2j,unpopularopinion,post,1649635920,neutral
u0yvff,unpopularopinion,post,1649649507,negative
u1al2e,unpopularopinion,post,1649691540,neutral
u2y1m0,unpopularopinion,post,1649877549,negative
u6fmt6,unpopularopinion,post,1650295187,negative
u7o27d,unpopularopinion,post,1650428267,negative
u83zm1,unpopularopinion,post,1650481822,negative
u841hf,unpopularopinion,post,1650481965,negative
u90r5j,unpopularopinion,post,1650584327,negative
ua7z1l,unpopularopinion,post,1650727991,negative
uaapbk,unpopularopinion,post,1650735762,negative
uabbvx,unpopularopinion,post,1650737570,negative
uasyiu,unpopularopinion,post,1650800496,negative
ub38r1,unpopularopinion,post,1650831273,positive
ucpqi5,unpopularopinion,post,1651015657,negative
ue4q27,unpopularopinion,post,1651178576,positive
ufiu6j,unpopularopinion,post,1651348922,negative
ufjw5f,unpopularopinion,post,1651352208,negative
ufjz30,unpopularopinion,post,1651352440,negative
uflmtu,unpopularopinion,post,1651357598,negative
twpd35,vancouver,post,1649143784,neutral
u5hu4e,vegancirclejerk,post,1650180127,neutral
u8bx7n,wikipedia,post,1650504588,negative
u8c5k8,wikipedia,post,1650505285,negative
ty5jvn,2007scape,post,1649308013,neutral
txeud9,ADHD,post,1649222883,negative
ubqiqs,Advice,post,1650907718,neutral
u5wbsm,AsianBeauty,post,1650229837,neutral
txau7g,AskMen,post,1649209369,negative
u2l0c1,AskMen,post,1649835875,negative
ua3srp,AskMen,post,1650714926,negative
tx8rj7,AskReddit,post,1649202945,neutral
tyk5b3,AskReddit,post,1649358096,neutral
u6fl0w,AskReddit,post,1650295054,negative
u2poqv,AskReddit,post,1649854536,neutral
u7ydfn,AutoModerator,post,1650466520,neutral
u047e7,AutoModerator,post,1649544186,neutral
u7jo0c,CapitalismVSocialism,post,1650414210,neutral
ucsxz3,CombatFootage,post,1651025796,negative
ucsz3n,CombatFootage,post,1651025900,negative
twvnf4,CompetitiveEDH,post,1649167295,neutral
ucnpq6,CryptoCurrency,post,1651009853,neutral
u5abfl,Dariusmains,post,1650152589,negative
u1o5qh,DnD,post,1649729696,neutral
uarp5z,DragonsDogma,post,1650795377,neutral
u8tqgc,Drugs,post,1650564497,positive
tycvi3,Etsy,post,1649337397,neutral
u9jndx,FanFiction,post,1650647554,neutral
tx8fi4,FloridaGators,post,1649201934,neutral
uahmqd,FreeKarma4U,post,1650756619,negative
tvdkfp,FreeKarma4You,post,1649004235,neutral
u5a91b,Gymnastics,post,1650152372,negative
tvg8b9,HalfLife,post,1649010987,negative
uan7yo,Hardcore,post,1650776420,neutral
u37tow,IBO,post,1649906198,positive
tv3xq0,IndiaSpeaks,post,1648971879,neutral
tudta4,IndiaSpeaks,post,1648886979,neutral
u4an8b,Jokes,post,1650036712,negative
uf1x0b,Kanye,post,1651286926,negative
u7l86c,KendrickLamar,post,1650419078,negative
u09dsa,Kerala,post,1649562365,neutral
u4tg5l,Kerala,post,1650098093,neutral
uc6grz,KerbalSpaceProgram,post,1650955794,positive
u6ash6,LifeProTips,post,1650280919,neutral
ty5fvf,LigaMX,post,1649307608,neutral
uelxcb,LiverpoolFC,post,1651238872,neutral
ueykc4,LiverpoolFC,post,1651275424,neutral
tuqvse,Markiplier,post,1648927296,negative
tz6o1n,Marvel,post,1649433319,negative
u2u3rk,ModSupport,post,1649866891,neutral
udhcge,ModSupport,post,1651103242,negative
txjtw6,ModSupport,post,1649243958,neutral
txwxy0,ModSupport,post,1649280970,neutral
udzv8e,Music,post,1651165570,neutral
uen94n,Music,post,1651242812,neutral
uevuqa,NarcissisticAbuse,post,1651267140,neutral
udu6vg,Naruto,post,1651150045,negative
ucf2y8,Nepal,post,1650986645,neutral
ucskaw,NoStupidQuestions,post,1651024589,negative
ubsbd0,NonBinary,post,1650912527,positive
uegiij,Paladins,post,1651217152,negative
tyllbr,PoliticalHumor,post,1649362132,negative
tv853r,PrequelMemes,post,1648988843,negative
ttsot2,PrequelMemes,post,1648824978,negative
ttp26b,PrequelMemes,post,1648814689,neutral
ufij86,Sims4,post,1651347996,neutral
u5x88t,SpaceXMasterrace,post,1650232515,neutral
tvgh59,TaylorSwift,post,1649011617,positive
u1jwuy,Teachers,post,1649717186,neutral
u1w4fc,Terraria,post,1649760340,neutral
tvkib0,TheBlueCorner,post,1649021359,negative
u3v550,TrueOffMyChest,post,1649981275,negative
udgm7o,TrueOffMyChest,post,1651101054,negative
tvrkyv,TrueOffMyChest,post,1649041343,negative
ub3gjc,TrueOffMyChest,post,1650831883,negative
ttib0s,TwoBestFriendsPlay,post,1648787565,neutral
ttraoj,UFOs,post,1648821398,positive
u64tqm,VintageApple,post,1650256727,neutral
u9rk26,WatchRedditDie,post,1650669457,negative
uewlj9,Weddingsunder10k,post,1651269343,neutral
ubiozj,acne,post,1650885272,negative
u84z0p,askmath,post,1650484521,negative
u08eqx,askphilosophy,post,1649558686,negative
uayeby,askphilosophy,post,1650817554,negative
u9b92c,assettocorsa,post,1650622509,neutral
tykrd3,oakland,post,1649359816,neutral
u2nued,oddlyterrifying,post,1649848147,neutral
u05zff,orangetheory,post,1649550054,neutral
u5ctsi,orangetheory,post,1650160839,neutral
uakaco,orangetheory,post,1650765639,neutral
twpaaw,pcmasterrace,post,1649143432,neutral
u0y50t,personalfinance,post,1649646948,negative
tvu3sk,place,post,1649049488,neutral
tvcfv4,place,post,1649001337,negative
tva7s4,place,post,1648995264,neutral
tvznma,place,post,1649071520,negative
tw7ab9,place,post,1649092198,negative
tva2ms,place,post,1648994839,negative
tw8znr,place,post,1649096353,negative
ttuz8z,place,post,1648830645,neutral
tv3bte,place,post,1648969335,neutral
tw2bqq,place,post,1649079735,negative
tvt7hd,place,post,1649046522,negative
tvuoi6,place,post,1649051547,neutral
tvt1fd,place,post,1649045973,positive
tvt8no,place,post,1649046620,positive
tw0v26,place,post,1649075487,neutral
tw8l2u,place,post,1649095349,neutral
tvvtoq,place,post,1649056054,negative
tvo26w,place,post,1649030986,negative
twbxmi,place,post,1649103584,negative
twaiql,place,post,1649100122,neutral
tw1eka,place,post,1649077156,negative
tv2jfs,place,post,1648966199,negative
tvsy3f,place,post,1649045655,negative
tvtdtj,place,post,1649047071,negative
u6m21p,place,post,1650312059,negative
tv92jj,place,post,1648991884,negative
tvu0g2,place,post,1649049169,neutral
tvv3im,place,post,1649053147,neutral
tvtc7b,place,post,1649046929,negative
tv4b9c,place,post,1648973422,negative
tw4jtd,place,post,1649085501,neutral
txaosc,progressive_islam,post,1649208907,neutral
ty7lhq,punk,post,1649316271,neutral
u6zja8,redditrequest,post,1650353988,neutral
u56yvk,redditrequest,post,1650142434,neutral
u39zka,redditrequest,post,1649913908,neutral
u0tcha,redditrequest,post,1649631513,neutral
u0tdvv,redditrequest,post,1649631616,neutral
u7bt0x,redditrequest,post,1650392525,neutral
uacmbb,redditrequest,post,1650741327,neutral
ucc07r,redditrequest,post,1650977963,neutral
ucmosu,redditrequest,post,1651006988,neutral
tx78me,redditrequest,post,1649198485,neutral
u4c9z4,redditrequest,post,1650041268,neutral
uff9is,redditrequest,post,1651338109,neutral
u98f7q,redditrequest,post,1650610597,neutral
udk0nw,redditrequest,post,1651111449,neutral
u60o4a,redditrequest,post,1650242981,neutral
ufiztz,redditrequest,post,1651349401,neutral
ub2r0x,redditrequest,post,1650829890,neutral
u9dju2,redditrequest,post,1650630690,neutral
u8qcs4,rockhounds,post,1650555349,neutral
ubmtxm,srilanka,post,1650898049,negative
udy6tv,stocks,post,1651161205,negative
u3ak9r,supportlol,post,1649916303,positive
u5ujfx,sweden,post,1650224507,neutral
tv81sb,tattoo,post,1648988514,neutral
ubsszv,teenagers,post,1650913789,neutral
u3svq8,teenagers,post,1649974536,positive
ucxjs2,teenagers,post,1651042796,neutral
u1qg29,teenagers,post,1649737409,positive
uet0m9,teenagers,post,1651259004,negative
uap2vf,teenagers,post,1650784190,negative
ttrr3z,thefighterandthekid,post,1648822557,neutral
u5cdry,torontoraptors,post,1650159342,negative
txriu7,trans,post,1649266328,neutral
twfh38,transgendercirclejerk,post,1649112442,positive
tyyubz,travisscott,post,1649406543,negative
tvs3fx,twentyonepilots,post,1649042981,negative
u4p1bu,ucla,post,1650080032,negative
u3slos,vegancirclejerk,post,1649973730,negative
ub842b,wallstreetbets,post,1650845631,neutral
udcw13,wallstreetbets,post,1651090934,negative
ubzrfi,wallstreetbets,post,1650932714,negative
tw6c0y,weezer,post,1649089893,neutral
u8cdtg,whatisthisthing,post,1650506002,neutral
ubqbmu,whatisthisthing,post,1650907196,negative
tvy6zm,wholesomememes,post,1649066126,neutral
u9pqwy,worldpowers,post,1650664311,neutral
udd50c,wow,post,1651091587,negative
u5rung,Advice,post,1650216605,negative
ubdy6d,Arkansas,post,1650865615,neutral
tydjql,AskAstrologers,post,1649339453,neutral
u3k6zg,AskReddit,post,1649950373,neutral
tu8oyw,AutoModerator,post,1648868026,neutral
ud20me,BMW,post,1651061245,positive
txneoq,BasketballTips,post,1649255203,neutral
u0l75w,BostonBruins,post,1649608248,negative
u5dl1e,Boxing,post,1650163463,negative
ucvbrf,Brawlstars,post,1651034018,neutral
tuwhft,CHICubs,post,1648942529,neutral
u4r68k,CalgaryFlames,post,1650088207,negative
u71y9v,CasualUK,post,1650364170,neutral
tuwmpl,Cloud9,post,1648942962,negative
uafygu,CookieClicker,post,1650751356,neutral
tvz9v1,DavidBowie,post,1649070180,negative
u3b1vq,Destiny,post,1649918474,negative
u9n9fh,Destiny,post,1650657504,neutral
u9wo37,Destiny,post,1650685953,negative
u5ygwi,DotA2,post,1650236155,positive
u0comd,DotA2,post,1649576073,neutral
u5u7kh,DotA2,post,1650223543,negative
tw2yip,EuroTruck2,post,1649081434,positive
u14asy,FreeKarma4You,post,1649671758,negative
u6c6x9,FreeSpeech,post,1650285588,negative
uazywg,GTAV,post,1650822060,neutral
tulg24,Gamingcirclejerk,post,1648913314,neutral
u8scnh,Hammers,post,1650560674,neutral
u1fo32,Hijabis,post,1649706144,neutral
ttokgx,HistoryMemes,post,1648813034,negative
ud5pcq,Jeopardy,post,1651071920,neutral
udautp,KendrickLamar,post,1651085559,negative
ubqk7b,LivestreamFail,post,1650907820,negative
u5a4nv,MachineLearning,post,1650151982,neutral
u54po8,ModSupport,post,1650135811,neutral
u2plgo,ModSupport,post,1649854236,neutral
ub2ku8,ModSupport,post,1650829398,neutral
txay0x,ModSupport,post,1649209703,neutral
u5gr5z,Morocco,post,1650175345,neutral
u5f2hk,MovieDetails,post,1650168701,negative
u7nzur,MtF,post,1650428028,neutral
tzrdjp,NBASpurs,post,1649504089,neutral
u90r9s,NoStupidQuestions,post,1650584338,negative
u8uzr2,NoStupidQuestions,post,1650567961,neutral
tvwc36,OnePiece,post,1649058259,neutral
u6n4wd,Ornithology,post,1650314865,positive
ucoydf,Poetry,post,1651013354,negative
tujdpt,PrequelMemes,post,1648907636,negative
tykges,Psychonaut,post,1649358952,neutral
tznovo,Purdue,post,1649487531,negative
u47vqw,Rants,post,1650028688,negative
uc3pll,RoastMe,post,1650945093,negative
ue3mnx,SaltLakeCity,post,1651175630,negative
u56f05,Sat,post,1650140762,negative
u56nwx,Sat,post,1650141515,negative
u56o61,Sat,post,1650141537,negative
u56odv,Sat,post,1650141555,negative
u56omi,Sat,post,1650141575,negative
u56p84,Sat,post,1650141617,negative
u56pey,Sat,post,1650141633,negative
u56pl9,Sat,post,1650141648,negative
u56psa,Sat,post,1650141665,negative
u56py8,Sat,post,1650141679,negative
u56q2c,Sat,post,1650141691,negative
u56q7u,Sat,post,1650141705,negative
u56qfb,Sat,post,1650141722,negative
u56qti,Sat,post,1650141755,negative
u56qyl,Sat,post,1650141767,negative
u56r4o,Sat,post,1650141781,negative
u56raq,Sat,post,1650141796,negative
u56rg4,Sat,post,1650141810,negative
u56rma,Sat,post,1650141824,negative
u6o43h,Showerthoughts,post,1650317510,neutral
uaeqxh,Showerthoughts,post,1650747690,neutral
u2a59p,Sims4,post,1649799440,negative
u1ooyv,Sino,post,1649731327,neutral
twr76a,StardustCrusaders,post,1649151956,neutral
u8p7hr,SubredditDrama,post,1650552194,negative
uethwl,TeenMomOGandTeenMom2,post,1651260393,neutral
txq2qv,Telegram,post,1649262386,negative
tyqplr,Texans,post,1649376871,neutral
tyzi9p,TheDepthsBelow,post,1649409520,neutral
txgua1,ToolBand,post,1649231128,negative
udo3bq,ToolBand,post,1651125143,negative
u5jbnz,TrueOffMyChest,post,1650186726,neutral
twf6y5,Tucson,post,1649111704,neutral
u10w3u,Twitch,post,1649657182,negative
u7kc4a,Twitch,post,1650416300,positive
tuiir6,TwoXChromosomes,post,1648904972,negative
u5yttw,TwoXChromosomes,post,1650237210,neutral
tz2495,USLPRO,post,1649419863,negative
u9b9yk,USLPRO,post,1650622613,negative
tuixxm,UkrainianConflict,post,1648906316,negative
u5c8nw,Virginia,post,1650158864,negative
u7nfup,Warthunder,post,1650426162,negative
tzgp40,Warthunder,post,1649461961,negative
u3txyj,anime,post,1649977656,neutral
u8ry6d,asktransgender,post,1650559607,neutral
tu4d7k,attackontitan,post,1648854746,neutral
ufhkky,bangalore,post,1651345055,neutral
u7hqx2,beerporn,post,1650408499,neutral
tzxqd3,benzodiazepines,post,1649524561,neutral
u7p8lg,bigdickjoy,post,1650432661,negative
tyi0ax,binance,post,1649352246,neutral
twljms,boburnham,post,1649129377,neutral
u295yz,canadaguns,post,1649796765,negative
ufglal,confessions,post,1651342093,neutral
ufij11,confessions,post,1651347978,neutral
udwfez,conspiracy,post,1651156475,neutral
tygcg1,conspiracy,post,1649347547,negative
u1nyqc,conspiracy,post,1649729132,neutral
tuw7oa,copypasta,post,1648941730,negative
u9kjr4,cringepics,post,1650650078,negative
u9l6nv,cringepics,post,1650651801,negative
ubncma,dankmemes,post,1650899449,neutral
u9hew1,dankmemes,post,1650641606,neutral
u2rkn4,de,post,1649860062,neutral
u1tmzt,deadbydaylight,post,1649749910,negative
u1osnm,deadbydaylight,post,1649731650,neutral
tx1zce,exjw,post,1649184465,negative
ttku4k,findareddit,post,1648797431,negative
tttev8,findareddit,post,1648826774,negative
u8hsye,findareddit,post,1650525467,negative
tz4g2e,flying,post,1649427118,neutral
ucgwhe,funny,post,1650991454,neutral
tu79t8,furry,post,1648863568,neutral
twq4ii,ghibli,post,1649147129,neutral
ue0ki8,gpdwin,post,1651167446,negative
u9124p,help,post,1650585304,neutral
ucf6c5,help,post,1650986897,negative
uf7lrm,help,post,1651310824,neutral
uf8qys,help,post,1651316172,neutral
txzmpr,homesecurity,post,1649288785,negative
uawyf4,ideasfortheadmins,post,1650813434,neutral
u868yb,ireland,post,1650488009,neutral
tthlum,japancirclejerk,post,1648785134,negative
u4swtt,joinsquad,post,1650095678,neutral
u9cqug,justneckbeardthings,post,1650628081,negative
uag7mu,kelowna,post,1650752144,positive
ud2hg8,lebanon,post,1651062770,neutral
tux5sh,lgbt,post,1648944572,negative
u9w2ea,longevity,post,1650683898,negative
u4z0mc,malta,post,1650119469,positive
tthjdr,memes,post,1648784901,negative
ttmrs7,memes,post,1648805960,neutral
tub18q,memes,post,1648875882,negative
tuku2f,memes,post,1648911662,neutral
tvq7ho,memes,post,1649037297,negative
twh26h,memes,post,1649116222,neutral
twkh0d,memes,post,1649125920,neutral
twpi0c,memes,post,1649144381,negative
twxxmk,memes,post,1649173550,neutral
twxzb2,memes,post,1649173676,neutral
twy19b,memes,post,1649173816,neutral
tx6cjq,memes,post,1649195969,negative
tx8ymb,memes,post,1649203516,negative
txw5tg,memes,post,1649278861,neutral
tyhkoa,memes,post,1649351002,negative
tz1gf2,memes,post,1649417532,negative
tz1h8u,memes,post,1649417621,negative
u0kjjk,memes,post,1649606334,neutral
u0lize,memes,post,1649609194,neutral
u0t2k4,memes,post,1649630684,neutral
u25rud,memes,post,1649787796,negative
u2hw66,memes,post,1649823464,negative
u2qxq8,memes,post,1649858290,neutral
u2rl9r,memes,post,1649860112,neutral
u3ose1,memes,post,1649963091,positive
u45svc,memes,post,1650021579,neutral
u7ih8s,memes,post,1650410608,negative
u8v40a,memes,post,1650568291,positive
u9elwc,memes,post,1650633856,negative
u9pukm,memes,post,1650664593,neutral
ua3tec,memes,post,1650714989,negative
ua8f9t,memes,post,1650729271,negative
uam0zs,memes,post,1650771878,neutral
ub1zuf,memes,post,1650827720,negative
ubaj38,memes,post,1650853344,neutral
ucse44,memes,post,1651024039,negative
ud4dwv,memes,post,1651068344,negative
u1c5w1,modhelp,post,1649695917,negative
ucs5r3,modhelp,post,1651023289,neutral
u3hu4v,navy,post,1649943730,negative
tty1f6,noveltranslations,post,1648838172,neutral
u2q1ix,orioles,post,1649855617,neutral
u46pjv,paintball,post,1650024875,neutral
tub3uy,pakistan,post,1648876150,neutral
tyfq3w,pakistan,post,1649345804,negative
tv5oee,place,post,1648979113,negative
tvuert,place,post,1649050537,negative
tw0y4n,place,post,1649075769,neutral
tw129m,place,post,1649076110,neutral
tv9w1p,place,post,1648994333,negative
tvsrbs,place,post,1649045052,neutral
twcbd0,place,post,1649104522,neutral
tvt1t1,place,post,1649046005,negative
twlerj,place,post,1649128923,negative
tvuot3,place,post,1649051578,negative
tvtsyu,place,post,1649048452,negative
tvttbo,place,post,1649048482,negative
twh4ka,place,post,1649116405,negative
tvt6v8,place,post,1649046467,negative
twdelo,place,post,1649107191,positive
tvviw8,place,post,1649054862,negative
tv3kqo,place,post,1648970359,negative
tv3nuk,place,post,1648970726,negative
tv77li,place,post,1648985410,negative
tviqpf,place,post,1649016955,negative
tw0pxl,place,post,1649075045,neutral
twc5lm,place,post,1649104132,neutral
twcbr6,place,post,1649104549,neutral
tvkt3c,place,post,1649022105,neutral
tw6qnj,place,post,1649090897,neutral
tw6sdf,place,post,1649091011,negative
tw6tq8,place,post,1649091099,neutral
tvwthf,place,post,1649060362,negative
tvtjvr,place,post,1649047636,negative
tvulg4,place,post,1649051229,neutral
tw4sn1,place,post,1649086118,neutral
tv8rc4,place,post,1648990914,neutral
tui511,place,post,1648903782,neutral
tv8wtm,place,post,1648991392,neutral
tvt1r4,place,post,1649046001,negative
u00bxm,pokemonshowdown,post,1649532323,negative
txrthb,polyamory,post,1649267130,neutral
ublrb9,progressive_islam,post,1650895032,neutral
uf6x2c,r4rtoronto,post,1651307505,neutral
tuv8uc,raimimemes,post,1648939006,neutral
ucayhz,redditrequest,post,1650974574,neutral
ua37q9,redditrequest,post,1650712741,neutral
u50cwk,redditrequest,post,1650123465,neutral
u89ay1,redditrequest,post,1650496596,neutral
uacjsw,redditrequest,post,1650741120,neutral
u68ehc,redditrequest,post,1650271409,neutral
u15dcj,redditrequest,post,1649675892,neutral
u6h3s5,redditrequest,post,1650299023,neutral
u0oxaj,redditrequest,post,1649618729,neutral
twgxan,redditrequest,post,1649115859,neutral
u5hx0v,redditrequest,post,1650180493,neutral
u5hx6v,redditrequest,post,1650180515,neutral
ub6jti,redditrequest,post,1650840770,neutral
u9lqfp,redditrequest,post,1650653332,neutral
u5xori,redditrequest,post,1650233837,negative
uditj0,redditrequest,post,1651107762,neutral
udiu0a,redditrequest,post,1651107798,neutral
u0t1ay,redditrequest,post,1649630576,neutral
u84g5n,redditrequest,post,1650483077,neutral
tu39jy,redditrequest,post,1648851687,neutral
tu3ly7,redditrequest,post,1648852628,neutral
tu3nwu,redditrequest,post,1648852781,neutral
u8vky5,redditrequest,post,1650569599,neutral
tw69wv,redditrequest,post,1649089751,neutral
ud94d1,redditrequest,post,1651080900,neutral
ueumjz,redditrequest,post,1651263599,neutral
ueusn0,redditrequest,post,1651264094,neutral
u1ygeu,redditrequest,post,1649768176,neutral
ue129t,redditrequest,post,1651168743,neutral
u0x7q1,redditrequest,post,1649643868,neutral
u0y5bs,redditrequest,post,1649646975,neutral
u6np3i,redditrequest,post,1650316329,neutral
u0ad69,redditrequest,post,1649566217,neutral
tygl7d,redditrequest,post,1649348214,neutral
u5ts8b,redditrequest,post,1650222268,neutral
u5tvez,redditrequest,post,1650222531,neutral
ucbzeo,redditrequest,post,1650977893,neutral
twao5c,redditrequest,post,1649100501,neutral
u16cv1,runescape,post,1649679289,negative
tuov6p,saudiarabia,post,1648922019,neutral
u2ejt1,saudiarabia,post,1649812841,negative
tyx7c2,shanghai,post,1649399335,neutral
uakzms,shanghai,post,1650768112,neutral
ufl9u4,skinwalkers,post,1651356474,neutral
u33l3s,soccercirclejerk,post,1649892820,neutral
u2qrcx,spreading,post,1649857783,positive
txb7d8,srilanka,post,1649210492,neutral
u8phqj,srilanka,post,1650552993,neutral
uebob8,steelers,post,1651199240,negative
uaggjf,sysadmin,post,1650752941,negative
u1ktkd,teenagers,post,1649719789,negative
uewgll,teenagers,post,1651268923,negative
uewpbm,teenagers,post,1651269638,neutral
tyeoy1,teenagers,post,1649342896,negative
ttmxia,teenagers,post,1648806672,negative
u7s68d,teenagers,post,1650445301,neutral
ubdj5j,teenagers,post,1650863979,negative
ud49pi,teenagers,post,1651068035,neutral
uf5lpu,teenagers,post,1651301269,neutral
uf98we,teenagers,post,1651318369,neutral
tzmqzb,tf2,post,1649483526,negative
u32mye,thisisus,post,1649890099,neutral
u1w3yb,totalwar,post,1649760288,negative
u8zt8q,transformers,post,1650581543,negative
ubeks2,transgendercirclejerk,post,1650868128,negative
tywuob,ukraine,post,1649397857,negative
u0fofq,ukraine,post,1649590058,negative
ty53ow,wallstreetbets,post,1649306331,negative
tuufhi,wallstreetbets,post,1648936757,negative
tyhghm,wallstreetbets,post,1649350705,negative
tziclb,wallstreetbets,post,1649467563,neutral
u2bmf9,wallstreetbets,post,1649804033,negative
u67s74,wallstreetbets,post,1650268796,neutral
u6cjj8,wallstreetbets,post,1650286694,negative
u6e1z9,wallstreetbets,post,1650290967,positive
u6fak1,wallstreetbets,post,1650294291,neutral
u8p9q7,wallstreetbets,post,1650552371,neutral
u9rfi8,wallstreetbets,post,1650669079,neutral
u9s1m3,wallstreetbets,post,1650670972,neutral
u9wre0,wallstreetbets,post,1650686265,negative
ub804e,wallstreetbets,post,1650845281,neutral
udeumy,wallstreetbets,post,1651096135,negative
udevdm,wallstreetbets,post,1651096189,negative
udf5b1,wallstreetbets,post,1651096933,negative
udifu0,wallstreetbets,post,1651106605,negative
udwrdx,wallstreetbets,post,1651157395,negative
ue3kk1,wallstreetbets,post,1651175471,negative
ue8ck0,wallstreetbets,post,1651188801,negative
uehgld,wallstreetbets,post,1651221667,negative
uetcch,wallstreetbets,post,1651259934,neutral
u1ech9,weed,post,1649701643,neutral
u8yz0k,wichita,post,1650579035,neutral
typ3va,woodworking,post,1649372042,negative
tynum9,woooosh,post,1649368383,neutral
twt1s4,zen,post,1649159128,neutral
u9w5no,ABDL,post,1650684214,neutral
twa40x,ADHD,post,1649099101,negative
txud0t,ARK,post,1649274054,negative
tvy2qf,AskReddit,post,1649065650,neutral
tvy39b,AskReddit,post,1649065706,neutral
txizk7,AskReddit,post,1649240681,negative
txeatz,AskReddit,post,1649220895,neutral
ucfve7,AskReddit,post,1650988755,neutral
tvnodn,Browns,post,1649029879,neutral
tz6eid,Conservative,post,1649432614,neutral
uav8vr,CryptoCurrency,post,1650808405,neutral
u2kld2,Damnthatsinteresting,post,1649833979,neutral
u8ujsa,DynastyFF,post,1650566736,negative
ucda8b,DynastyFF,post,1650981772,neutral
uewqu0,Epilepsy,post,1651269762,negative
uc1bgw,EscapefromTarkov,post,1650937498,negative
twl9us,ExCons,post,1649128466,neutral
u8kgw8,Faces,post,1650537012,neutral
twk4nh,FemdomCommunity,post,1649124861,negative
u2739a,GolfGTI,post,1649791282,neutral
ttxil9,HamRadio,post,1648836861,negative
tulr7w,IOTAmarkets,post,1648914146,negative
u3iiys,JustUnsubbed,post,1649945723,negative
u30jk4,JusticeServed,post,1649884394,negative
u5rrn6,KarmaCourt,post,1650216353,negative
ue7m3p,Kirby,post,1651186570,neutral
ua0cjd,LabourUK,post,1650700532,neutral
ty5jqe,LigaMX,post,1649307996,neutral
ty4346,LigaMX,post,1649302827,neutral
udecd4,Memeconomy,post,1651094740,negative
ubynr3,ModSupport,post,1650929430,neutral
txvqkr,ModSupport,post,1649277740,neutral
txyljp,ModSupport,post,1649285664,negative
u2dyuu,ModSupport,post,1649811053,neutral
u874ms,NYKnicks,post,1650490436,neutral
u18xzl,OnePiece,post,1649687022,negative
u77a05,PiratedGames,post,1650380655,negative
tytvea,PiratedGames,post,1649387027,positive
u18o3d,PoppyTea,post,1649686251,neutral
u1ad66,PublicFreakout,post,1649690925,negative
tv8cb3,RedditCensors,post,1648989546,negative
ucsl5u,Repsneakers,post,1651024670,neutral
u8lg4d,RocketLeagueExchange,post,1650540655,negative
u3u02s,SFGiants,post,1649977828,neutral
udc45n,SWGalaxyOfHeroes,post,1651088915,negative
u8ie0r,ShadowBan,post,1650528124,neutral
ty3klu,Showerthoughts,post,1649301081,negative
u7sxe1,Sino,post,1650448656,neutral
ttmx7g,SonicTheHedgehog,post,1648806632,neutral
uamenq,SweatyPalms,post,1650773254,negative
tviw3k,TheBlueCorner,post,1649017319,neutral
ue6yz1,TrueOffMyChest,post,1651184684,negative
ttixwb,TwoBestFriendsPlay,post,1648789890,negative
u8e5ae,UFOs,post,1650511589,positive
u75yav,Undertale,post,1650377088,neutral
u89rea,Warthunder,post,1650497978,neutral
u57l9y,WatchRedditDie,post,1650144283,neutral
uesetf,anime,post,1651257279,neutral
twnmzd,anonymous,post,1649136717,negative
u9l1ap,argentina,post,1650651387,negative
tuqtzu,askgaybros,post,1648927171,negative
tuq3sl,binance,post,1648925272,positive
u2ll3e,bollywood,post,1649838501,neutral
u4iksh,camphalfblood,post,1650058996,neutral
u4i4n4,castiron,post,1650057663,neutral
tzpjny,copypasta,post,1649495961,negative
tttosn,coys,post,1648827479,neutral
ufjfmd,curlyhair,post,1651350800,positive
tvwgb6,dankmemes,post,1649058788,negative
u2om1g,de,post,1649850985,neutral
u2rhi7,de,post,1649859819,neutral
uflb1p,dirtypenpals,post,1651356583,positive
u5m5tv,dubai,post,1650198923,negative
tv35qs,facepalm,post,1648968702,negative
tv37xm,facepalm,post,1648968946,negative
tv7al3,facepalm,post,1648985750,negative
tvqab0,facepalm,post,1649037530,neutral
tz6odv,facepalm,post,1649433339,negative
u8w9ve,facepalm,post,1650571496,neutral
u8wch5,facepalm,post,1650571689,neutral
u92uy4,facepalm,post,1650590858,negative
u9gejl,facepalm,post,1650638895,negative
udpe0f,facepalm,post,1651130520,negative
uf1s87,facepalm,post,1651286451,neutral
uacv62,feedthebeast,post,1650742068,negative
ubnm5u,firefox,post,1650900153,negative
tw0uka,fivenightsatfreddys,post,1649075442,neutral
u4kkf6,gaymers,post,1650064956,neutral
u85kv8,golf,post,1650486163,positive
ubq91a,guitarcirclejerk,post,1650907009,negative
u32lzk,h3h3productions,post,1649890019,positive
u770xe,halifax,post,1650380013,neutral
u82p15,halifax,post,1650478268,neutral
ud2719,help,post,1651061821,neutral
u9rzfv,help,post,1650670785,neutral
u0zk7b,help,post,1649652027,neutral
u0zo2f,help,post,1649652434,neutral
u412g7,india,post,1650001302,negative
u8jchc,kurdistan,post,1650532335,negative
twa2ww,magicthecirclejerking,post,1649099026,negative
u9tnnu,memes,post,1650676050,neutral
txwksg,memes,post,1649279987,negative
txwlb7,memes,post,1649280020,negative
tx6kzf,mildlyinfuriating,post,1649196624,negative
tx7c4n,modhelp,post,1649198752,neutral
uc09xt,modhelp,post,1650934298,neutral
tv9ujx,modhelp,post,1648994213,neutral
u8afa4,modhelp,post,1650499970,negative
uckutt,modhelp,post,1651002017,neutral
ttwmk5,nba,post,1648834676,negative
ufks9s,needamod,post,1651354999,neutral
u22p76,newhampshire,post,1649779816,negative
u24816,newhampshire,post,1649783757,negative
u51imt,newhampshire,post,1650126774,negative
u92f0c,njpw,post,1650589457,neutral
uaeqhm,njpw,post,1650747653,positive
u4rwtx,oakland,post,1650091324,neutral
tvp1wd,opensource,post,1649033915,neutral
ueb8qw,photomarket,post,1651197881,negative
tv40fr,place,post,1648972206,negative
tw9w04,place,post,1649098567,negative
tvbgvq,place,post,1648998754,negative
twc2iv,place,post,1649103918,negative
tvtxim,place,post,1649048883,neutral
tvui2e,place,post,1649050868,neutral
txzte7,place,post,1649289361,neutral
tvx3a7,place,post,1649061541,negative
tv856q,place,post,1648988852,negative
tv4yat,place,post,1648976062,negative
tv4sw7,place,post,1648975414,neutral
tv4h92,place,post,1648974098,negative
tvotfn,place,post,1649033232,negative
tw0e6l,place,post,1649073963,negative
tw4d5k,place,post,1649085011,neutral
tzh1l0,place,post,1649463067,negative
tvko52,place,post,1649021757,neutral
tv45be,place,post,1648972783,negative
tv47hu,place,post,1648972999,neutral
twat6s,place,post,1649100844,negative
tvxp30,place,post,1649064108,neutral
u2ov8u,place,post,1649851805,neutral
twbzpm,place,post,1649103722,neutral
twc0xo,place,post,1649103806,neutral
u5378g,playstation,post,1650131574,neutral
tuk91g,pokemon,post,1648910082,neutral
tukb4c,pokemon,post,1648910238,neutral
ucu21b,rant,post,1651029532,negative
u9r4pr,razorbacks,post,1650668250,neutral
ubmxzo,realestateinvesting,post,1650898374,neutral
u5u713,redditrequest,post,1650223498,neutral
u5uag2,redditrequest,post,1650223778,neutral
tw0hca,redditrequest,post,1649074261,neutral
ubin60,redditrequest,post,1650885088,neutral
u80e0n,redditrequest,post,1650472033,neutral
ue66ck,redditrequest,post,1651182421,neutral
u7125v,redditrequest,post,1650360560,neutral
u66o8t,redditrequest,post,1650264114,neutral
txn8et,redditrequest,post,1649254722,neutral
u88itu,redditrequest,post,1650494346,neutral
uarmjs,redditrequest,post,1650795069,neutral
u7sv46,redditrequest,post,1650448376,neutral
ud8ddh,redditrequest,post,1651078905,neutral
u9ypql,redditrequest,post,1650693617,neutral
u9yq8r,redditrequest,post,1650693673,neutral
u8ma8f,redsox,post,1650543432,positive
ttic7n,rugbyunion,post,1648787694,negative
u4cdam,rugbyunion,post,1650041525,negative
u1k64v,secondlife,post,1649717936,negative
ubhmgi,selfharm,post,1650881168,neutral
u07n15,shanghai,post,1649555957,neutral
u9w0qv,shortstories,post,1650683737,positive
u1jbtp,skyrimrequiem,post,1649715577,neutral
u4odo8,soccercirclejerk,post,1650077788,neutral
tvjmtw,soccercirclejerk,post,1649019176,positive
tyzc6z,soccercirclejerk,post,1649408769,negative
u32ihw,soccercirclejerk,post,1649889732,negative
u32jo7,soccercirclejerk,post,1649889830,negative
u32v81,soccercirclejerk,post,1649890763,neutral
u0exv5,steak,post,1649586727,neutral
u0ey8h,steak,post,1649586782,negative
ue0dxm,subnautica,post,1651166964,neutral
tw74im,sugarlifestyleforum,post,1649091806,negative
ueufp2,technology,post,1651263044,negative
u8olfx,teenagers,post,1650550410,neutral
u0dijn,teenagers,post,1649579963,neutral
u2fox0,teenagers,post,1649816301,negative
ttz43x,tf2,post,1648840931,neutral
txrusc,travel,post,1649267228,negative
tyz2ee,ukraine,post,1649407594,neutral
txj12o,unpopularopinion,post,1649240853,negative
tujnfc,wallstreetbets,post,1648908394,negative
tyf0ru,wallstreetbets,post,1649343787,negative
u0oujp,weddingplanning,post,1649618508,neutral
u0wwny,weed,post,1649642896,neutral
u7gk4m,wow,post,1650405194,negative
u8mrmv,xbox,post,1650544974,neutral
u4xn48,2007scape,post,1650115122,negative
udr4ob,3DS,post,1651138380,negative
u2ahdx,Advice,post,1649800389,neutral
u2of74,Advice,post,1649850327,negative
uf3j8d,AskOuija,post,1651292773,neutral
u4fc1a,AskReddit,post,1650049668,neutral
u4uhcr,AskRedditAfterDark,post,1650102782,neutral
tvprsr,AutoModerator,post,1649036029,neutral
tw1apg,AutoModerator,post,1649076834,neutral
u6o3k7,AutoModerator,post,1650317468,neutral
u6xhaa,AutoModerator,post,1650345733,neutral
u78wpc,AutoModerator,post,1650384973,neutral
u92v0s,AutoModerator,post,1650590865,negative
uat1zh,AutoModerator,post,1650800879,neutral
ucgv0a,CFB,post,1650991338,neutral
u0cblc,Chipotle,post,1649574422,negative
txbne5,Cloud9,post,1649211873,neutral
tuztj5,Crunchyroll,post,1648956482,neutral
u58719,DAE,post,1650146083,negative
tvr1le,DayZServers,post,1649039726,negative
u01qv5,DeadBedrooms,post,1649536654,positive
ttr9fe,FemBoys,post,1648821302,neutral
u05gg1,FinalFantasy,post,1649548282,negative
twgcew,FindTheSniper,post,1649114404,neutral
twkbul,GamerGhazi,post,1649125480,positive
ua5wnn,GayBroTeens,post,1650721939,neutral
tts9uf,HermitCraft,post,1648823940,positive
ueldkg,Herpes,post,1651237152,positive
u3rol5,Hiphopcirclejerk,post,1649971127,neutral
u3lqkh,HollowKnight,post,1649954607,neutral
uaiug9,IBO,post,1650760699,negative
twtfw6,Jewish,post,1649160443,negative
u55fto,Judaism,post,1650137909,negative
tw9m6f,Juve,post,1649097903,neutral
ucjmic,Juve,post,1650998705,neutral
u2b3z6,LeagueOfMemes,post,1649802637,neutral
tu0roj,Malazan,post,1648845224,neutral
twu4nk,ModSupport,post,1649162785,negative
uci4mq,ModSupport,post,1650994746,negative
u9z7n2,ModSupport,post,1650695700,negative
u9z8n0,ModSupport,post,1650695806,negative
uc0pzk,MultipleSclerosis,post,1650935648,positive
uc0rrm,MultipleSclerosis,post,1650935804,positive
uc0xjn,MultipleSclerosis,post,1650936293,positive
ucp4ht,Mustang,post,1651013839,neutral
u3fbd6,Nepal,post,1649935732,neutral
uefsgw,Nepal,post,1651214077,negative
ueh5sf,Nepal,post,1651220204,negative
twy5r4,Ozark,post,1649174137,neutral
uajchm,PennStateUniversity,post,1650762366,negative
tv31t2,PrequelMemes,post,1648968259,neutral
u94v1v,RedHotChiliPeppers,post,1650597255,neutral
tw5503,RedHotChiliPeppers,post,1649086963,neutral
u1x4mu,Retconned,post,1649763946,neutral
u1fqhm,RocketLeague,post,1649706333,neutral
u4wj82,ShittyLifeProTips,post,1650111245,negative
u3uelg,SonicTheHedgehog,post,1649979052,negative
tvt24q,SubredditDrama,post,1649046026,neutral
tylfun,SuicideWatch,post,1649361702,negative
tvt02q,Tgifs,post,1649045851,neutral
ty6osa,ToolBand,post,1649312443,negative
tvq6ut,TrueOffMyChest,post,1649037245,neutral
tvto8o,TrueOffMyChest,post,1649048041,negative
tw9p3c,TrueOffMyChest,post,1649098103,negative
u3ezyx,UKPersonalFinance,post,1649934617,neutral
u2cb74,Vent,post,1649806014,negative
uap0na,Winnipeg,post,1650783935,positive
u3xjvz,WorldOfWarships,post,1649988921,negative
ua49qt,WritingPrompts,post,1650716546,neutral
ua4cci,WritingPrompts,post,1650716807,neutral
u6kgy9,ask,post,1650307902,neutral
u2c55n,ask,post,1649805515,neutral
tw3x0m,aspergers,post,1649083880,negative
twjyxk,belgium,post,1649124371,positive
tw1ytq,boardsofcanada,post,1649078743,neutral
tyutjy,cancer,post,1649390265,neutral
u2uuxb,conspiracy,post,1649868928,negative
tyd39c,copypasta,post,1649338066,negative
uab7ub,copypasta,post,1650737248,negative
ubad7h,copypasta,post,1650852805,negative
ud0fno,dankmemes,post,1651055498,negative
ty6g30,depression,post,1649311460,negative
u721hu,discordapp,post,1650364515,neutral
ubm9n9,discordapp,post,1650896410,neutral
ubmb7c,discordapp,post,1650896532,neutral
ubpvjf,discordapp,post,1650906022,neutral
ttnq80,dogs,post,1648809992,negative
ttlgri,dubai,post,1648800146,negative
ubcyzl,exmuslim,post,1650861875,negative
u1ol6g,facepalm,post,1649731002,negative
uflv38,funny,post,1651358321,neutral
ud3425,geology,post,1651064699,neutral
ttg1yc,geometrydash,post,1648779955,positive
twrj2w,h3h3productions,post,1649153316,neutral
u9nztw,help,post,1650659519,neutral
tten1z,help,post,1648775402,neutral
tvo40m,help,post,1649031141,neutral
tvuxt5,help,post,1649052520,neutral
uacxis,help,post,1650742256,neutral
uc2ii5,heraldry,post,1650941235,neutral
tujb4d,india,post,1648907415,neutral
tzx5mu,japan,post,1649522882,neutral
u9omwo,leagueoflegends,post,1650661275,neutral
tvrzo3,magicTCG,post,1649042647,negative
tvtu35,magicTCG,post,1649048556,neutral
tvup52,magicTCG,post,1649051614,negative
tvxhfl,magicTCG,post,1649063203,neutral
tvz7bo,magicTCG,post,1649069978,neutral
tw1ypb,magicTCG,post,1649078734,negative
tw2gag,magicTCG,post,1649080094,negative
tw2wj1,magicTCG,post,1649081283,negative
tw5ca7,magicTCG,post,1649087463,negative
tw655r,magicTCG,post,1649089425,neutral
twh5t5,magicTCG,post,1649116496,positive
u7ailh,magicTCG,post,1650389227,neutral
u7aje9,magicTCG,post,1650389289,neutral
u7fxp8,magicTCG,post,1650403506,neutral
ud5k6o,memes,post,1651071566,neutral
ucoa54,mildlyinfuriating,post,1651011412,negative
tv2jgp,mildyinfuriating,post,1648966201,negative
u2tbck,modhelp,post,1649864810,negative
u87tfi,modhelp,post,1650492321,neutral
u9lbp6,myfavoritemurder,post,1650652197,neutral
udze6y,news,post,1651164352,negative
u64cs7,nursing,post,1650254997,negative
u17m3h,optometry,post,1649683216,neutral
u0zixc,pakistan,post,1649651894,negative
u9ggp3,paydaytheheist,post,1650639058,neutral
u0chkd,pcmasterrace,post,1649575165,positive
u12sbx,pcmasterrace,post,1649665392,negative
u04who,perth,post,1649546391,neutral
tva5lu,place,post,1648995079,negative
tvuavp,place,post,1649050179,neutral
tvujvq,place,post,1649051059,negative
tyqrd6,place,post,1649377020,neutral
tvd10r,place,post,1649002829,negative
twgc66,place,post,1649114387,negative
twnoxu,place,post,1649136915,neutral
tvf8we,place,post,1649008523,neutral
tvt0zi,place,post,1649045935,negative
tvzsmx,place,post,1649072014,neutral
tvo2m9,place,post,1649031020,negative
tvo61o,place,post,1649031315,negative
twgdkc,place,post,1649114476,negative
tw2b7c,place,post,1649079691,negative
tvxeo3,place,post,1649062880,negative
tv6ugw,place,post,1648983934,negative
tymsjg,place,post,1649365411,negative
tvtwt4,place,post,1649048818,negative
tw824b,place,post,1649094087,negative
u0i8z1,playrust,post,1649599436,negative
tu0q1b,rangers,post,1648845101,negative
u3b3x1,rant,post,1649918730,negative
twlc1n,redditrequest,post,1649128678,neutral
twldcv,redditrequest,post,1649128796,neutral
u930pj,redditrequest,post,1650591352,neutral
tw29qe,redditrequest,post,1649079575,neutral
u1sfar,redditrequest,post,1649744813,neutral
tzxli4,redditrequest,post,1649524165,neutral
tzevv7,redditrequest,post,1649456415,neutral
ucgk5f,redditrequest,post,1650990538,neutral
ue44ct,redditrequest,post,1651176935,neutral
ttwfaf,redditrequest,post,1648834181,neutral
tx19fo,redditrequest,post,1649182561,neutral
ubhkb3,redditrequest,post,1650880931,neutral
u40fr0,redditrequest,post,1649998863,neutral
udklts,redditrequest,post,1651113211,neutral
uepji7,redditrequest,post,1651249169,neutral
u9mm2f,redditrequest,post,1650655727,neutral
u3xbyd,redditrequest,post,1649988190,neutral
txx3y8,redditrequest,post,1649281421,neutral
u8w9vt,redditrequest,post,1650571497,neutral
u4e0cm,redditrequest,post,1650045995,neutral
txxbg7,redditrequest,post,1649282003,neutral
uebjxt,redditrequest,post,1651198846,neutral
u6nimy,robotics,post,1650315840,negative
u6nvd2,robotics,post,1650316840,negative
u8vb3l,running,post,1650568823,neutral
u16s2a,soccercirclejerk,post,1649680685,neutral
u3d2ym,soccercirclejerk,post,1649927421,neutral
u8powk,soccercirclejerk,post,1650553523,neutral
ud2aqn,spotted,post,1651062153,positive
ub3c2d,teenagers,post,1650831529,negative
u1krk1,teenagers,post,1649719623,neutral
tuquno,teenagers,post,1648927216,negative
u058o9,teenagers,post,1649547523,neutral
uevg3a,teenagers,post,1651265971,neutral
u41g80,teenagers,post,1650002850,negative
u930ei,teenagers,post,1650591327,negative
ue5upt,teenagers,post,1651181546,negative
tv8zst,theblackvoid,post,1648991650,negative
u0np6w,timberwolves,post,1649615285,neutral
ty58hl,trans,post,1649306813,negative
ub5mip,translator,post,1650837998,neutral
uchfn2,ukraine,post,1650992894,negative
u0solt,ukraine,post,1649629487,neutral
tvn4hu,vinyl,post,1649028303,neutral
tv9sl1,warriors,post,1648994054,neutral
u20wpm,xsmallgirls,post,1649775083,neutral
txuv9g,ADHD,post,1649275409,negative
txuwon,ADHD,post,1649275508,negative
twtqj6,ANormalDayInRussia,post,1649161474,negative
u8noa2,ARK,post,1650547710,negative
uemct5,AceAttorney,post,1651240201,neutral
ubzlww,AgainstHateSubreddits,post,1650932243,negative
tty4fh,AskModerators,post,1648838390,negative
ub0b96,AskModerators,post,1650823033,neutral
u1ppfn,AskReddit,post,1649734498,neutral
u1pqdh,AskReddit,post,1649734589,neutral
u1pqwv,AskReddit,post,1649734638,neutral
u1prg2,AskReddit,post,1649734689,neutral
ubz8w8,AskReddit,post,1650931175,neutral
tyjtxg,AskReddit,post,1649357255,negative
udd7o3,AskReddit,post,1651091790,negative
tysz0y,Austin,post,1649384102,positive
u6s6zt,BeamNG,post,1650328870,neutral
ttzcrq,COMPLETEANARCHY,post,1648841559,negative
u0gp9c,COMPLETEANARCHY,post,1649594139,negative
u0gq0e,COMPLETEANARCHY,post,1649594218,negative
u0grfw,COMPLETEANARCHY,post,1649594375,negative
tynshf,CanadianForces,post,1649368213,negative
tto8qt,CollegeBasketball,post,1648811911,neutral
tu2v4p,CrusaderKings,post,1648850619,negative
tu0qbh,CumFromAnal,post,1648845123,neutral
ub6fjk,Destiny,post,1650840393,neutral
tzfkum,EatingDisorders,post,1649458488,neutral
udwvoa,ExNoContact,post,1651157732,neutral
ucfh10,FifaCareers,post,1650987683,neutral
tvmf2p,FreeKarma4You,post,1649026314,negative
twi9aj,FreeKarma4You,post,1649119351,negative
u2d4yw,FreeKarma4You,post,1649808478,neutral
u2rvcy,FreeKarma4You,post,1649860908,neutral
u7inf3,FreeKarma4You,post,1650411143,neutral
ucltar,FreeKarma4You,post,1651004599,negative
twarvc,GYM,post,1649100755,neutral
ty0jru,GaybrosGoneWild,post,1649291614,neutral
ttg73h,Grimdank,post,1648780420,negative
u1gi46,Guitar,post,1649708365,negative
u22obs,HollowKnight,post,1649779753,neutral
ufe1t9,IndianGaming,post,1651334455,negative
u83ii6,Kappa,post,1650480537,negative
ucg3z9,Kirby,post,1650989355,neutral
ucg6i7,Kirby,post,1650989535,neutral
tuy3ba,Leeds,post,1648950918,negative
u0isv7,LegalAdviceUK,post,1649601143,neutral
udxqrb,LivestreamFail,post,1651159979,negative
u01yhp,MeetPeople,post,1649537322,neutral
u1b782,ModSupport,post,1649693314,neutral
u7k6dc,ModSupport,post,1650415802,negative
uaqowm,ModSupport,post,1650791045,neutral
u5mrg4,ModSupport,post,1650201072,neutral
u6hdmd,Monero,post,1650299758,negative
uf4je7,Music,post,1651296686,neutral
u1b6c5,Music,post,1649693250,neutral
u63tvk,Music,post,1650253179,negative
ud05am,Music,post,1651054314,negative
tz8qrd,NoFap,post,1649438973,neutral
uc8jzj,NoFap,post,1650965303,negative
txfrrc,NoStupidQuestions,post,1649226573,negative
tu92h8,NoStupidQuestions,post,1648869201,neutral
u45nkp,OaklandAthletics,post,1650021022,neutral
u69uq5,OnePiece,post,1650277431,neutral
u3o2dz,Parenting,post,1649961087,neutral
ttsoez,PrequelMemes,post,1648824953,positive
ty4xur,RandomActsofCards,post,1649305747,neutral
ubngor,ShitAmericansSay,post,1650899749,negative
u2q1ca,Smite,post,1649855601,negative
u67ezb,SocialJusticeInAction,post,1650267222,negative
uchrud,Socialism_101,post,1650993795,neutral
u1ki4u,SquaredCircle,post,1649718862,neutral
ub9h3h,SubredditDramaDrama,post,1650849924,neutral
u7y0m5,Terraria,post,1650465530,neutral
tv3d1e,TheBlueCorner,post,1648969475,neutral
tu8tgz,TrueChristian,post,1648868410,neutral
uabqlx,TwoXChromosomes,post,1650738743,neutral
uebv5s,TwoXChromosomes,post,1651199811,neutral
u2clpd,VOIP,post,1649806873,negative
u4cvyf,Vent,post,1650042906,negative
u8zi7v,WWEGames,post,1650580652,neutral
udbveg,YouShouldKnow,post,1651088261,negative
ueoztm,aggies,post,1651247681,neutral
u8cdik,angry,post,1650505976,neutral
tufq2a,asexuality,post,1648894972,neutral
u6ctc5,askgaybros,post,1650287465,negative
tygwrd,autism,post,1649349090,negative
u3ocrm,badwomensanatomy,post,1649961903,neutral
tvhnhj,batman,post,1649014397,neutral
tv39f4,bisexual,post,1648969102,neutral
tu3rj0,borussiadortmund,post,1648853064,neutral
tvkbbk,brasil,post,1649020866,neutral
uahlhr,bugs,post,1650756511,neutral
tyha7e,cars,post,1649350169,negative
ubvcss,changemyview,post,1650920367,negative
twui0d,cmu,post,1649163913,negative
tu47mr,confessions,post,1648854300,negative
ubsgly,confessions,post,1650912908,negative
ubqjuy,conspiracy,post,1650907800,neutral
u17nzj,copypasta,post,1649683374,negative
udmwbc,copypasta,post,1651120688,negative
u9u8jc,cringe,post,1650677894,negative
u2srb8,criterion,post,1649863299,neutral
u4xewr,dadjokes,post,1650114358,neutral
ue86ix,dadjokes,post,1651188270,negative
u4xfjb,dadjokes,post,1650114415,neutral
tvsic5,dankmemes,post,1649044312,neutral
uc327q,deadbydaylight,post,1650942927,neutral
ue8zjy,demonssouls,post,1651190805,neutral
uel8ph,discexchange,post,1651236688,neutral
ucu7x0,discordapp,post,1651030097,neutral
tuu1tg,ethereum,post,1648935733,negative
tzwl3k,fargo,post,1649521196,neutral
u2xsor,fightporn,post,1649876834,neutral
tu8jzd,forsen,post,1648867574,neutral
u894u2,fountainpens,post,1650496111,neutral
u47wdp,gaming,post,1650028742,neutral
tvt0l2,gtaglitches,post,1649045897,neutral
tzipo5,h3h3_productions,post,1649468784,neutral
ue1mfg,harrypotter,post,1651170222,negative
twlwrv,help,post,1649130619,neutral
u1dj1c,help,post,1649699517,neutral
twzpoz,help,post,1649178337,neutral
u7y5tt,help,post,1650465934,neutral
txia81,help,post,1649237734,negative
u4b7yv,hiphopheads,post,1650038350,negative
ucjb86,jerma985,post,1650997874,neutral
u6txuc,lawschooladmissions,post,1650334115,negative
uacz4t,lawschooladmissions,post,1650742400,neutral
ttdy05,leafs,post,1648773171,neutral
txog0h,lebanon,post,1649258029,negative
u6z7jn,mathematics,post,1650352573,negative
u4ypon,modelmakers,post,1650118515,negative
u6e6rb,modhelp,post,1650291333,neutral
u4b6u3,modhelp,post,1650038264,neutral
ucrvdh,news,post,1651022351,neutral
tx2pxe,notinteresting,post,1649186398,neutral
ty866q,opencarry,post,1649318880,positive
twfqwk,place,post,1649113058,negative
u2s5eo,place,post,1649861698,neutral
tw674z,place,post,1649089559,neutral
tv69lw,place,post,1648981563,negative
twd70e,place,post,1649106666,neutral
tvefnm,place,post,1649006452,neutral
tveiay,place,post,1649006642,negative
txsxww,place,post,1649270174,negative
twg0b9,place,post,1649113626,negative
tvf35t,place,post,1649008099,negative
tvu1to,place,post,1649049304,negative
tvu21n,place,post,1649049324,neutral
twdxv4,place,post,1649108504,negative
tvtvmn,place,post,1649048706,positive
tv4vek,place,post,1648975718,negative
tug27b,place,post,1648896370,negative
tw4lr2,place,post,1649085632,neutral
twflz5,place,post,1649112770,negative
tv62xs,place,post,1648980795,neutral
twavvk,place,post,1649101020,negative
tva37b,place,post,1648994890,negative
tva6fx,place,post,1648995146,negative
twfhwd,place,post,1649112500,negative
twexea,place,post,1649111007,neutral
tw6cy5,place,post,1649089958,neutral
u74gqd,pyrocynical,post,1650372800,negative
uc89op,quittingkratom,post,1650964035,neutral
tz9t8t,raisedbynarcissists,post,1649441967,neutral
u1b41d,redditrequest,post,1649693078,neutral
u31sie,redditrequest,post,1649887688,neutral
tvfjx4,redditrequest,post,1649009259,neutral
ubpl64,redditrequest,post,1650905287,neutral
tzutca,redditrequest,post,1649516036,neutral
u06aw8,redditrequest,post,1649551177,negative
ufgkgz,redditrequest,post,1651342021,neutral
u8ra32,redditrequest,post,1650557799,neutral
u95y2q,redditrequest,post,1650600980,negative
u937xi,redditrequest,post,1650591998,neutral
u1tge9,redditrequest,post,1649749092,neutral
tx486a,redditrequest,post,1649190376,neutral
tymbe2,redditrequest,post,1649364129,neutral
uceew1,redditrequest,post,1650984928,neutral
u899rc,redditrequest,post,1650496506,neutral
u7jqmn,redditrequest,post,1650414439,neutral
txckgn,redditrequest,post,1649214842,neutral
u6oba5,redditrequest,post,1650318050,neutral
tujdz8,redditrequest,post,1648907655,neutral
tx81xf,redditrequest,post,1649200818,neutral
u85hz2,redditrequest,post,1650485946,neutral
ubqi0r,redditrequest,post,1650907668,neutral
tunynd,redditrequest,post,1648919712,neutral
u0a3no,reggae,post,1649565099,neutral
ucowef,rollerblading,post,1651013201,negative
u9olg1,sad,post,1650661175,neutral
tvd9l6,samsung,post,1649003454,neutral
u29smj,scifiwriting,post,1649798457,negative
ty0nn3,shittysuperpowers,post,1649291946,neutral
ttrwlk,steelers,post,1648822965,neutral
tu80om,teenagers,post,1648865879,neutral
u1id3k,teenagers,post,1649713074,neutral
u1q69k,teenagers,post,1649736046,neutral
u8ib53,teenagers,post,1650527798,negative
u6ndnf,teenagers,post,1650315500,neutral
u970ij,teenagers,post,1650604887,neutral
u31my0,tennis,post,1649887273,negative
u93y8x,timberwolves,post,1650594308,negative
twclxr,tinnitus,post,1649105245,negative
u3utti,transgendercirclejerk,post,1649980319,neutral
tyfmal,ukraine,post,1649345507,neutral
ttxb77,ukraine,post,1648836348,negative
u5rv92,ukraine,post,1650216649,negative
u9ehf4,ukraine,post,1650633490,negative
u2t3wc,ukraine,post,1649864245,neutral
ttukro,unpopularopinion,post,1648829667,positive
u18hxi,unpopularopinion,post,1649685776,negative
u18ill,unpopularopinion,post,1649685829,negative
tth38a,virgin,post,1648783380,negative
u0nyy3,virgin,post,1649616033,negative
u44k5o,virgin,post,1650016479,neutral
tuhsct,wallstreetbets,post,1648902611,neutral
u4w903,walmart,post,1650110221,negative
twdzam,winnipegjets,post,1649108608,neutral
