id,subreddit,kind,timestamp,sentiment_wrt_mods
b8i8wl,AskReddit,post,1554206208,neutral
b8impy,AskReddit,post,1554208484,neutral
b8s2xm,AskReddit,post,1554256611,neutral
baiay1,Braincels,post,1554656017,negative
bbfpe6,ChapoTrapHouse,post,1554856890,negative
bci33j,ChapoTrapHouse,post,1555099182,negative
ba4kg6,CombatFootage,post,1554559290,negative
bhh04o,CombatFootage,post,1556244791,neutral
bhfszs,CriticalTheory,post,1556237193,neutral
bcj9qb,DeepFriedMemes,post,1555105574,neutral
bdw1az,Drama,post,1555432490,negative
bbatqo,Drama,post,1554831295,negative
b7y8wc,FORTnITE,post,1554098789,negative
b7yjub,FORTnITE,post,1554100829,negative
b9v9fs,FORTnITE,post,1554491169,neutral
b9wkmy,FORTnITE,post,1554497929,positive
b9wlr3,FORTnITE,post,1554498084,positive
bckmtv,FORTnITE,post,1555113661,neutral
bejg15,FORTnITE,post,1555579273,negative
big0br,FORTnITE,post,1556485323,neutral
big1pt,FORTnITE,post,1556485531,neutral
bj2m1v,FORTnITE,post,1556626633,negative
bam0jl,Fantasy,post,1554676213,neutral
b9enww,GWABackstage,post,1554394047,neutral
b8txe9,GenderCritical,post,1554268953,neutral
bhnzgl,HomeKit,post,1556294517,negative
bb5qa5,MakeupAddiction,post,1554801182,negative
bfikq9,MakeupAddiction,post,1555803442,neutral
bdxl4n,NewYorkMets,post,1555440411,neutral
bcvrmr,PCOS,post,1555192584,negative
bieq0x,Padres,post,1556478407,neutral
bgc92v,StreetFighter,post,1555995046,negative
bhfvgy,SweatyPalms,post,1556237587,negative
biazdo,SweatyPalms,post,1556456362,negative
bfc918,The_Donald,post,1555767365,neutral
b9z6rt,Whiskyporn,post,1554513409,neutral
bivmou,antinatalism,post,1556576654,neutral
bebrw6,bertstrips,post,1555528390,neutral
b8y3lh,dankmemes,post,1554298885,negative
bfffjb,dankmemes,post,1555785064,positive
b7xu01,dankmemes,post,1554096136,neutral
be6pq2,dankmemes,post,1555500991,negative
b85q01,dankmemes,post,1554140586,negative
bifygx,dankmemes,post,1556485040,neutral
biaczo,dankmemes,post,1556451485,negative
bigf2c,dankmemes,post,1556487542,negative
bhbgix,dankmemes,post,1556213718,neutral
bcqzgy,dankmemes,post,1555165486,negative
b7v98y,dankmemes,post,1554080303,negative
bfau7w,dankmemes,post,1555756104,neutral
bhlx1v,dankmemes,post,1556283140,negative
b81mz0,dankmemes,post,1554121372,negative
bfubow,dankmemes,post,1555884682,negative
bieuip,dankmemes,post,1556479090,negative
b8k65u,dankmemes,post,1554216488,neutral
bhn4rw,dankmemes,post,1556290085,neutral
b7zb82,dankmemes,post,1554106147,negative
b7zyiw,dankmemes,post,1554110974,neutral
b7zfft,dankmemes,post,1554107014,negative
b849ru,darkjokes,post,1554134404,neutral
bf40hk,darkjokes,post,1555706268,negative
bcxseo,drums,post,1555205478,neutral
b8trvb,exmormon,post,1554267799,neutral
bimef9,freefolk,post,1556520223,neutral
bhnchp,help,post,1556291206,neutral
b7zpf9,kpop,post,1554109166,negative
bij0cn,lgbt,post,1556503740,neutral
bb8pzr,magicthecirclejerking,post,1554820793,negative
bf0p93,memes,post,1555689176,neutral
ba4lne,memes,post,1554559424,neutral
bi98tk,memes,post,1556440748,neutral
bbq6lw,modhelp,post,1554924248,neutral
bc1ntm,redditrequest,post,1554998812,neutral
bdnu2k,redditrequest,post,1555376759,neutral
bfg9eu,redditrequest,post,1555789664,neutral
b88exs,skrillex,post,1554150497,negative
babh0t,teenagers,post,1554601387,negative
b86zlo,trees,post,1554145164,negative
b7vk8k,unpopularopinion,post,1554082122,negative
bey3ky,webdev,post,1555673738,neutral
bifvly,Advice,post,1556484611,neutral
bfm27p,AmItheAsshole,post,1555828396,neutral
bcntit,Animemes,post,1555137538,negative
b8oods,AskOuija,post,1554237954,neutral
bglcc5,AskReddit,post,1556051684,negative
bf422j,BikiniBottomTwitter,post,1555706507,neutral
ba8eyh,Calgary,post,1554581569,positive
bj3epd,Calgary,post,1556631451,negative
b8quck,Concordia,post,1554249352,positive
bgncbz,CringeAnarchy,post,1556062328,neutral
bgkee2,CringeAnarchy,post,1556046904,negative
bgon9b,CringeAnarchy,post,1556069889,neutral
bizb0s,DallasStars,post,1556599538,neutral
bag4xd,EnglishLearning,post,1554643054,neutral
be8rn9,HighQualityGifs,post,1555513023,neutral
bh8urr,Marvel,post,1556200172,positive
b93zo7,MechanicalKeyboards,post,1554326917,neutral
b9abue,Minecraft,post,1554368299,neutral
b8404h,NoStupidQuestions,post,1554133172,negative
bfmsjv,Showerthoughts,post,1555835537,neutral
bhh0pt,Trumpgret,post,1556244896,neutral
bf80d9,WayOfTheBern,post,1555731162,neutral
bgiwtz,anarchy,post,1556039291,neutral
bdnl0p,benzodiazepines,post,1555375246,neutral
b8lk76,copypasta,post,1554223012,negative
bdgkcz,coversongs,post,1555338251,negative
b7yse5,dankmemes,post,1554102442,negative
b8463m,dankmemes,post,1554133935,neutral
bfsna4,dankmemes,post,1555875277,negative
bh5pfg,dankmemes,post,1556176532,positive
b7v3c6,dankmemes,post,1554079307,negative
bj6yvc,dankmemes,post,1556649978,negative
b7ykg3,dankmemes,post,1554100942,neutral
b83w2e,dankmemes,post,1554132658,negative
bfrj7r,dankmemes,post,1555869198,negative
bi2yc9,dankmemes,post,1556395224,neutral
bfl7g7,dankmemes,post,1555821218,negative
b7yv91,dankmemes,post,1554102980,neutral
b7yzzv,dankmemes,post,1554103916,neutral
bgupi2,dankmemes,post,1556113025,neutral
ba2cyd,dankmemes,post,1554539835,negative
bd60kd,dankmemes,post,1555267555,neutral
b7vi7l,dankmemes,post,1554081769,neutral
bfec06,dankmemes,post,1555779316,neutral
bffzpy,dankmemes,post,1555788175,negative
bc9zxk,darkjokes,post,1555047322,negative
bcfnmx,darkjokes,post,1555086965,negative
bdgusf,depression,post,1555339826,neutral
b832wn,funnyvideos,post,1554128845,negative
b7ydfr,furry_irl,post,1554099626,negative
b7x965,google,post,1554092519,negative
b9odov,lego,post,1554451130,negative
bewiuj,modhelp,post,1555659786,neutral
badwug,nashville,post,1554621460,neutral
bapr58,nba,post,1554700471,neutral
b9iy2r,needamod,post,1554414908,neutral
bd8eft,redditrequest,post,1555280296,neutral
b93vif,redditrequest,post,1554326327,neutral
b97vow,redditrequest,post,1554349753,neutral
bhxwcm,synthesizers,post,1556362033,negative
baenqb,teenagers,post,1554629878,neutral
bam5vl,teenagers,post,1554677069,negative
b84dqt,tipofmypenis,post,1554134900,neutral
bhn5qe,trebuchetmemes,post,1556290225,negative
bhc1r7,vitahacks,post,1556216793,neutral
beypus,Braincels,post,1555678116,neutral
bbh00w,Cardinals,post,1554864821,neutral
b9p8lw,FortNiteBR,post,1554458317,neutral
bagtag,JustUnsubbed,post,1554647582,negative
bilrdz,Nationals,post,1556515736,negative
be6c55,PewdiepieSubmissions,post,1555498217,neutral
bixcmm,PoliticalHumor,post,1556586879,neutral
bgvxa7,RedditCensors,post,1556119396,negative
bhhzpj,RedditCensors,post,1556251365,negative
bc5zaa,Rottweiler,post,1555021047,negative
bf6vzl,bugs,post,1555723338,neutral
bb49gb,confusing_perspective,post,1554788917,negative
bcip4d,dankmemes,post,1555102419,negative
bflxd9,dankmemes,post,1555827138,positive
bbhkic,dankmemes,post,1554868687,negative
b88x33,dankmemes,post,1554152300,neutral
bgkic3,dankmemes,post,1556047445,neutral
bdk1ml,dankmemes,post,1555355296,neutral
bblelh,dankmemes,post,1554899194,negative
b7xcjp,dankmemes,post,1554093115,negative
b9y68d,dankmemes,post,1554506813,positive
bg1s4x,dankmemes,post,1555937697,negative
b868ej,dankmemes,post,1554142047,negative
bd4nbn,dankmemes,post,1555260133,neutral
bfohs0,dankmemes,post,1555851144,negative
b83yke,dankmemes,post,1554132966,negative
b7uoq7,dankmemes,post,1554077140,negative
b7xdkq,dankmemes,post,1554093287,negative
bfl7q6,dankmemes,post,1555821279,negative
baa9aw,dankmemes,post,1554592975,negative
bd42tc,dankmemes,post,1555256939,negative
b8b9m4,dankmemes,post,1554161780,negative
bfk5ix,dankmemes,post,1555813627,neutral
bf3asb,darkjokes,post,1555702489,neutral
bbmzim,darkjokes,post,1554908269,neutral
bc76cf,darkjokes,post,1555028147,neutral
bi3mfz,darkjokes,post,1556399237,negative
bfbdui,darkjokes,post,1555760945,neutral
b87jyi,fivenightsatfreddys,post,1554147347,positive
bdtl2c,funny,post,1555419189,positive
bdtwd0,funny,post,1555421000,positive
bamufh,help,post,1554681137,neutral
bb1r2d,help,post,1554772037,neutral
bdrw6i,help,post,1555407034,negative
becvek,marvelstudios,post,1555534219,positive
bdvjy7,marvelstudios,post,1555430039,neutral
b8wxz7,me_irl,post,1554292277,negative
bfow38,minecraftsuggestions,post,1555853956,neutral
bd3rec,modhelp,post,1555255044,neutral
b812f9,nba,post,1554118212,neutral
bapnp4,nba,post,1554699806,neutral
bf30ft,redditrequest,post,1555700979,neutral
bg6sut,redditrequest,post,1555964131,neutral
bbz7z3,redditrequest,post,1554985323,neutral
bj3vdu,redditrequest,post,1556634060,neutral
bebt72,redditrequest,post,1555528572,neutral
b8l6it,redditrequest,post,1554221250,neutral
bay0n2,redditrequest,post,1554751821,negative
bca36z,redditrequest,post,1555048068,neutral
bdvpim,subredditcancer,post,1555430823,negative
bcvqrd,subredditcancer,post,1555192438,negative
b7xulk,teenagers,post,1554096239,neutral
baeznd,teenagers,post,1554633109,neutral
be8lkt,teenagers,post,1555512118,positive
beiwwa,teenagers,post,1555574314,neutral
bchk4p,tf2,post,1555096393,neutral
b8tepu,unpopularopinion,post,1554265108,neutral
b8tjnw,unpopularopinion,post,1554266095,neutral
b8tqxt,unpopularopinion,post,1554267607,neutral
bfqyy6,vaxxhappened,post,1555866154,neutral
bacvyt,AskOuija,post,1554612025,neutral
bbg0w2,AskModerators,post,1554858793,neutral
bcrtuv,AskReddit,post,1555170398,neutral
bha5qy,BattleRite,post,1556207128,positive
bgy3v9,Cityofheroes,post,1556130295,negative
bdhfke,CringeAnarchy,post,1555342805,neutral
bayy29,Ice_Poseidon,post,1554756510,negative
bizjxd,JUSTNOMIL,post,1556601398,neutral
bemchw,MLBTheShow,post,1555598523,neutral
bgvvf2,MorbidReality,post,1556119146,neutral
b8hpkf,NoStupidQuestions,post,1554202689,neutral
bex6qx,ShitLiberalsSay,post,1555666028,positive
bgwz10,ShitPoliticsSays,post,1556124641,negative
bg2adk,Smite,post,1555940784,neutral
bgeyzn,TooAfraidToAsk,post,1556016886,negative
bemgub,TooAfraidToAsk,post,1555599149,neutral
b8i1ka,Trove,post,1554204883,neutral
bityie,Twitch,post,1556567952,positive
bhoy5z,WatchRedditDie,post,1556299428,negative
b7uoko,WhatsWrongWithYourDog,post,1554077116,negative
bggn5i,censorship,post,1556027593,negative
bfqq7n,civic,post,1555864826,neutral
baw8cg,dankmemes,post,1554742688,negative
b8q3eh,dankmemes,post,1554245115,negative
be09r3,dankmemes,post,1555454476,negative
b7v6yt,dankmemes,post,1554079920,negative
bd0fgj,dankmemes,post,1555227023,neutral
bgsvc2,dankmemes,post,1556101040,neutral
bhgabp,dankmemes,post,1556240227,positive
bdrtrj,dankmemes,post,1555406472,negative
bdvr73,dankmemes,post,1555431054,positive
bfdsdk,dankmemes,post,1555776424,negative
ba26pp,dankmemes,post,1554537985,neutral
bfse78,dankmemes,post,1555873876,negative
be4t5b,dankmemes,post,1555484658,negative
bfkbrm,dankmemes,post,1555814805,positive
b7w6dz,dankmemes,post,1554085795,negative
bcdsls,darkjokes,post,1555077060,negative
b9pk2u,deathgrips,post,1554460671,negative
bb48c7,fivenightsatfreddys,post,1554788666,neutral
bb1ufe,help,post,1554772603,neutral
bbwsby,help,post,1554965724,neutral
bfv94q,help,post,1555890212,negative
bg9mm5,holdmybeer,post,1555979180,neutral
bcgifi,holdmyfries,post,1555091234,negative
bfwjyy,ideasfortheadmins,post,1555898326,negative
b92jhe,lexington,post,1554319980,neutral
bg9nav,lgbt,post,1555979289,neutral
babb5g,madlads,post,1554600248,neutral
bctc8v,memes,post,1555178960,neutral
bezgvz,memes,post,1555682660,neutral
bfa57i,modhelp,post,1555749274,neutral
b91w63,montreal,post,1554317000,negative
balzzr,newreddits,post,1554676128,positive
ban4at,newreddits,post,1554682875,negative
beic84,redditrequest,post,1555569210,neutral
bdae1j,redditrequest,post,1555292430,neutral
b8092e,redditrequest,post,1554113014,neutral
bfwkp3,redditrequest,post,1555898450,neutral
baspn0,redditrequest,post,1554723495,neutral
bhud1y,redditrequest,post,1556330664,neutral
b85m03,splatoon,post,1554140240,neutral
b9ey1q,trashy,post,1554395326,negative
bhxc81,ukpolitics,post,1556356444,neutral
biujxp,unpopularopinion,post,1556570966,negative
biz9aq,unpopularopinion,post,1556599189,negative
b9ia4p,workout,post,1554411452,negative
birlmz,xboxone,post,1556555870,negative
baz0lw,2007scape,post,1554756861,negative
bidhug,4chan,post,1556471641,negative
bi8y3l,Animemes,post,1556437771,negative
bc1pok,BurningMan,post,1554999074,positive
bb200v,ChapoTrapHouse,post,1554773538,neutral
b9it3i,Cinemagraphs,post,1554414167,positive
bitf77,ComedyCemetery,post,1556565188,neutral
bgjagx,CringeAnarchy,post,1556041178,negative
bgfewl,ExpandDong,post,1556020065,neutral
b81zqp,FORTnITE,post,1554123295,negative
bcarou,HighQualityGifs,post,1555053928,neutral
bcp649,IASIP,post,1555151189,neutral
bcpqcw,IBO,post,1555156375,neutral
bhke1b,Memes_Of_The_Dank,post,1556271249,neutral
bdk80n,MortalKombat,post,1555356160,neutral
bdzxsl,MortalKombat,post,1555452622,negative
beoinr,MortalKombat,post,1555609709,neutral
bgmnv6,MortalKombat,post,1556058570,neutral
bgpqo8,MortalKombat,post,1556076259,neutral
bgrbve,MortalKombat,post,1556087616,neutral
bfwxcl,NoStupidQuestions,post,1555900651,neutral
bej702,PointlessStories,post,1555576988,neutral
b9km79,SwagBucks,post,1554424563,neutral
bd77u8,Whatcouldgowrong,post,1555273961,neutral
b8ixdf,arrow,post,1554210123,neutral
bdeuyv,assholedesign,post,1555327705,negative
bc8r21,aww,post,1555038007,neutral
b8ox0u,blackdesertonline,post,1554239125,negative
bdr8or,brexit,post,1555401200,neutral
bargz6,canadaguns,post,1554713835,neutral
b93gol,casualiama,post,1554324304,negative
bhnut8,cowboys,post,1556293854,neutral
b8jgb0,csgomarketforum,post,1554212910,negative
bfiiho,dankmemes,post,1555803056,neutral
benbje,dankmemes,post,1555603533,negative
bcgc1u,dankmemes,post,1555090376,negative
beci84,dankmemes,post,1555532234,negative
bb2x4m,dankmemes,post,1554779257,neutral
be5exj,dankmemes,post,1555490331,neutral
baqgoe,dankmemes,post,1554705824,negative
bcibhz,dankmemes,post,1555100387,negative
beep1y,dankmemes,post,1555544382,positive
b8p0op,dankmemes,post,1554239632,negative
bbszco,dankmemes,post,1554938776,negative
batev5,dankmemes,post,1554727820,negative
bb9ee4,dankmemes,post,1554824318,negative
bd59ae,dankmemes,post,1555263550,negative
bb10wg,dankmemes,post,1554767754,neutral
bdi5k1,dankmemes,post,1555346190,negative
bcxi07,dankmemes,post,1555203501,negative
b92uer,dankmemes,post,1554321370,negative
b9ljfp,dankmemes,post,1554430201,neutral
bcg19f,dankmemes,post,1555088920,negative
bficfj,dankmemes,post,1555801987,negative
bf42w6,darkjokes,post,1555706634,negative
bbrsof,darkjokes,post,1554932555,negative
bd595t,findareddit,post,1555263530,negative
bagke4,gaybros,post,1554646024,positive
b81c40,gifs,post,1554119803,negative
b9sa40,gifs,post,1554476591,negative
bak88o,gifs,post,1554666224,negative
bbg4fb,gifs,post,1554859403,negative
bfb4ag,gifs,post,1555758669,neutral
b87tm3,gtaonline,post,1554148382,neutral
bcoa7x,leagueoflegends,post,1555142085,negative
bazkmq,memes,post,1554759766,neutral
bfx9yf,modhelp,post,1555902781,neutral
b9f1zf,redditrequest,post,1554395836,neutral
baxngk,redditrequest,post,1554749963,neutral
bhkeem,redditrequest,post,1556271342,neutral
bc7cvo,redditrequest,post,1555029258,neutral
bfobwo,therewasanattempt,post,1555849897,positive
b9gqz2,totalwar,post,1554403947,negative
ba46tu,uwaterloo,post,1554556546,neutral
ba6imu,uwaterloo,post,1554570644,negative
bg7o0h,uwaterloo,post,1555968534,negative
bhivgi,uwaterloo,post,1556257991,negative
bj60kv,uwaterloo,post,1556645133,negative
bbgkek,walkingwarrobots,post,1554862050,neutral
begarz,wallstreetbets,post,1555554254,neutral
bgm1vj,whatisthisthing,post,1556055258,negative
bed2d0,witcher,post,1555535284,positive
bepjs2,2007scape,post,1555615141,positive
bc4sh3,AskHistorians,post,1555014733,neutral
bcza7e,AskHistorians,post,1555216666,negative
bdz1fp,AskReddit,post,1555447883,neutral
bamo8c,BitcoinCA,post,1554680091,negative
bhspxv,Borderlands,post,1556320072,neutral
bc0gpl,CFL,post,1554992531,neutral
be1xqs,Cityofheroes,post,1555464336,neutral
beffrs,Cityofheroes,post,1555548920,neutral
baespe,ConanExiles,post,1554631242,neutral
bg8tk6,CringeAnarchy,post,1555974636,neutral
bgiqo6,CringeAnarchy,post,1556038442,negative
bbnoxv,DevilMayCry,post,1554911952,neutral
bihiih,Epilepsy,post,1556494182,neutral
bgtj3i,FIFA,post,1556105895,neutral
bi5ps2,FortNiteBR,post,1556412344,negative
b83ha1,Gamingcirclejerk,post,1554130776,negative
bc3eb1,JordanPeterson,post,1555007592,positive
bciora,LeagueOfMemes,post,1555102364,neutral
bghimq,OutOfTheLoop,post,1556032327,neutral
b97mhe,Showerthoughts,post,1554348006,negative
bhva2x,Showerthoughts,post,1556337371,positive
bhnq8d,Trumpgret,post,1556293197,negative
bft3bi,asshole,post,1555877749,negative
b7zwbu,dank_meme,post,1554110549,negative
b83yfl,dankmemes,post,1554132948,negative
bhpdk4,dankmemes,post,1556301603,positive
bhr6vy,dankmemes,post,1556311303,neutral
bi63l2,dankmemes,post,1556414974,neutral
bipb0n,dankmemes,post,1556543406,negative
b9dl3a,dankmemes,post,1554388956,neutral
b85cwt,dankmemes,post,1554139309,positive
bbxw22,dankmemes,post,1554975701,neutral
bbq21s,darkjokes,post,1554923626,negative
bio8wz,darkjokes,post,1556536401,negative
bauzz5,greentext,post,1554736489,negative
bhptqs,memes,post,1556303933,negative
bgwsja,memes,post,1556123726,negative
b9r5az,modhelp,post,1554470511,neutral
bd43vb,modhelp,post,1555257111,neutral
b94msx,nukedmemes,post,1554330307,positive
bcmt3o,opieandanthony,post,1555128867,positive
befp2p,opieandanthony,post,1555550494,neutral
be0iv1,redditrequest,post,1555455932,neutral
bi341u,redditrequest,post,1556396156,neutral
bhffdf,starterpacks,post,1556234890,neutral
bc6z39,teenagers,post,1555026950,negative
bfukl0,teenagers,post,1555886089,negative
bbld1g,xboxone,post,1554898921,positive
b82eqs,Animemes,post,1554125411,neutral
bfxmcc,Battlefield,post,1555905086,negative
bdcg1l,Brawlhalla,post,1555306389,negative
bdckqw,Brawlhalla,post,1555307483,negative
bdd7up,Brawlhalla,post,1555313260,neutral
bdddsl,Brawlhalla,post,1555314895,negative
bde2yc,Brawlhalla,post,1555321481,neutral
bde2ye,Brawlhalla,post,1555321482,neutral
bde2yf,Brawlhalla,post,1555321482,neutral
bdf1t3,Brawlhalla,post,1555329088,negative
bfwkmz,ClashRoyale,post,1555898440,negative
batkzz,CubeWorld,post,1554728783,neutral
bawqdy,Cumtown,post,1554745264,neutral
bdj8qu,Cumtown,post,1555351529,negative
bec5fg,Cumtown,post,1555530384,neutral
bcr4b8,Eesti,post,1555166270,neutral
bbppfe,FreeKarma4U,post,1554921877,neutral
bft2ww,Glitch_in_the_Matrix,post,1555877691,neutral
bg699f,LosAngeles,post,1555961354,negative
bgpb8e,LosAngeles,post,1556073699,neutral
b7w5ai,MemeEconomy,post,1554085626,negative
b7y1f3,MemeEconomy,post,1554097432,negative
b83cum,MemeEconomy,post,1554130178,negative
b86bna,MemeEconomy,post,1554142475,negative
b8jk1w,MemeEconomy,post,1554213457,negative
bhun81,MemeEconomy,post,1556332638,negative
bi2b67,MemeEconomy,post,1556391405,neutral
bieh36,MemeEconomy,post,1556477048,positive
b7vixa,MemeEconomy,post,1554081894,negative
bhhx36,PewdiepieSubmissions,post,1556250872,neutral
bhhx47,PewdiepieSubmissions,post,1556250877,neutral
bhhxm1,PewdiepieSubmissions,post,1556250976,neutral
bd09iu,Sikh,post,1555225376,neutral
bh996z,SubredditDrama,post,1556202378,negative
bfs57y,TaylorSwift,post,1555872518,neutral
b816v6,The_Donald,post,1554118959,positive
bhs8pv,Trumpgret,post,1556317252,negative
bb86oy,adops,post,1554817896,neutral
bb0g4b,confessions,post,1554764495,neutral
bfevfx,conspiracy,post,1555782093,negative
bianqn,creepypasta,post,1556453851,negative
b81mb2,dankmemes,post,1554121268,negative
bgbvej,dankmemes,post,1555992542,negative
b81dz4,dankmemes,post,1554120100,negative
bccmhk,dankmemes,post,1555069786,negative
bh52zj,dankmemes,post,1556171299,neutral
bihk9n,dankmemes,post,1556494488,negative
bhcwf3,dankmemes,post,1556221220,negative
bbpxs4,dankmemes,post,1554923024,neutral
bgwaad,dankmemes,post,1556121230,positive
bhpom7,dankmemes,post,1556303189,positive
baimbl,dankmemes,post,1554657689,negative
bf0el3,dankmemes,post,1555687649,neutral
bblv2u,dankmemes,post,1554902032,negative
bcm4tf,dankmemes,post,1555123737,neutral
b7vjgl,dankmemes,post,1554081989,negative
b9akij,dankmemes,post,1554370206,negative
b8f0r2,entp,post,1554183453,neutral
beh0pb,estoration,post,1555558953,negative
berrld,exmuslim,post,1555627126,neutral
b8svs5,familyguy,post,1554261512,neutral
beggu1,gay,post,1555555333,negative
bcxsln,gonewild,post,1555205515,positive
b9fs0z,greentext,post,1554399306,negative
bf85dv,iastate,post,1555732196,neutral
b9iiq2,ladybonersgw,post,1554412628,neutral
ba3r0s,ladybonersgw,post,1554553171,neutral
bcx41b,ladybonersgw,post,1555200815,negative
bdymcj,ladybonersgw,post,1555445701,neutral
b9285h,memes,post,1554318544,negative
bcibeh,opieandanthony,post,1555100375,neutral
bhoael,philosophy,post,1556296082,negative
bb1jde,powerwashingporn,post,1554770734,negative
bh0ubq,redditrequest,post,1556144398,neutral
bapecy,redditrequest,post,1554697928,neutral
bevl5y,redditrequest,post,1555651744,negative
b9oynd,redditrequest,post,1554456147,neutral
b8vt0v,unpopularopinion,post,1554284281,negative
b8vvv1,unpopularopinion,post,1554284890,negative
babycm,unpopularopinion,post,1554604761,negative
b8ugik,2007scape,post,1554273158,negative
bhvg7s,4chan,post,1556338686,neutral
bi6v06,4chan,post,1556420300,neutral
bi068c,4chan,post,1556378899,negative
b8l0ww,CCW,post,1554220541,neutral
bedzaz,Cityofheroes,post,1555540192,positive
bgrmo2,CringeAnarchy,post,1556090082,negative
b96zeh,DeepFriedMemes,post,1554343992,negative
bc219b,DestinyTheGame,post,1555000694,positive
b8i4hl,Games,post,1554205419,negative
bg0a09,HighQualityGifs,post,1555927211,neutral
bfqgta,Kanye,post,1555863404,neutral
bf31c1,Kappa,post,1555701112,negative
b7xhty,McJuggerNuggets,post,1554094058,neutral
b7wapp,MtvChallenge,post,1554086533,positive
bhuqcv,Negareddit,post,1556333269,negative
bf1co7,PewdiepieSubmissions,post,1555692497,neutral
b903o0,PewdiepieSubmissions,post,1554308578,neutral
b89rcu,PrequelMemes,post,1554155507,neutral
bbxcza,TheCinemassacre,post,1554970903,neutral
bc66fp,The_Donald,post,1555022160,neutral
b9iklm,amishadowbanned,post,1554412890,neutral
bafirw,apple,post,1554638133,negative
b7xt45,dankmemes,post,1554095980,negative
bbirdk,dankmemes,post,1554877770,neutral
bgtchf,dankmemes,post,1556104647,negative
bi9fv1,dankmemes,post,1556442719,neutral
b80u4g,dankmemes,post,1554116826,negative
ba3x2i,dankmemes,post,1554554511,negative
bhfrf2,dankmemes,post,1556236908,positive
bhmcag,dankmemes,post,1556285716,positive
bidsqz,dankmemes,post,1556473326,neutral
bbdxb2,dankmemes,post,1554846788,neutral
bfu78h,dankmemes,post,1555883976,negative
bhfxfg,dankmemes,post,1556237909,positive
bhcb9z,dankmemes,post,1556218155,neutral
b9vclr,dankmemes,post,1554491612,negative
b85jxq,dankmemes,post,1554140040,negative
b85x1g,dankmemes,post,1554141092,negative
bcy4h9,dankmemes,post,1555207851,negative
be68my,dankmemes,post,1555497454,negative
bbl870,dankmemes,post,1554898059,negative
b8y31j,dankmemes,post,1554298802,negative
b9w97f,dankmemes,post,1554496203,negative
b7utoi,dankmemes,post,1554077809,negative
be9m3b,dankmemes,post,1555517332,neutral
bc9jy0,darkjokes,post,1555043763,neutral
baafmo,ems,post,1554594174,neutral
b98lj1,freefolk,post,1554354773,neutral
ba1ows,freefolk,post,1554533260,neutral
bbq9fm,freefolk,post,1554924645,neutral
bcx8fr,freefolk,post,1555201678,negative
be8e97,freefolk,post,1555510980,negative
bg3sko,freefolk,post,1555948883,negative
bhmmga,freefolk,post,1556287343,neutral
bhx65e,freefolk,post,1556354705,negative
bi0agp,freefolk,post,1556379603,positive
bi5pl6,freefolk,post,1556412308,positive
biatke,freefolk,post,1556455134,neutral
bik9be,freefolk,post,1556510130,neutral
biuar4,freefolk,post,1556569645,negative
b9f22m,memes,post,1554395848,negative
bc8rlv,memes,post,1555038101,negative
bfy5e3,memes,post,1555908966,neutral
beljps,memes,post,1555594029,negative
bey39o,modhelp,post,1555673671,neutral
b8205m,news,post,1554123354,neutral
bdba7u,pornfree,post,1555297713,neutral
beoqx3,redditrequest,post,1555610896,neutral
bakmfv,redditrequest,post,1554668338,neutral
b8i6xv,redditrequest,post,1554205865,neutral
badaeh,samsung,post,1554615480,negative
bd5esu,techsupport,post,1555264411,negative
bgavbi,teenagers,post,1555986514,neutral
bingkz,teenagers,post,1556529916,negative
b8l265,thebachelor,post,1554220715,neutral
bh6uno,tifu,post,1556186956,neutral
ba2b7e,whatisthisthing,post,1554539293,neutral
b95qjx,Advice,post,1554336548,neutral
beov6j,AskReddit,post,1555611522,neutral
begrzd,Cityofheroes,post,1555557312,negative
bf09hj,Cityofheroes,post,1555686924,neutral
bferoh,Cricket,post,1555781551,neutral
bgmj3n,CringeAnarchy,post,1556057826,negative
bj1myr,ExpandDong,post,1556619445,negative
bbw8g3,FortNiteBR,post,1554961330,neutral
befve7,HelpMeFind,post,1555551586,neutral
b8lagv,HighQualityGifs,post,1554221765,neutral
bayvja,Minecraft,post,1554756153,positive
bbe6nm,ModSupport,post,1554848154,neutral
belsb7,OrthodoxChristianity,post,1555595430,neutral
bhhhmc,PewdiepieSubmissions,post,1556247920,positive
b8yx2x,Schizoid,post,1554302957,positive
bgbook,Showerthoughts,post,1555991429,negative
b9h9l8,SubredditDrama,post,1554406457,negative
bbfvwp,SubredditDrama,post,1554857973,negative
bcmt9f,SubredditDrama,post,1555128896,negative
bgv152,SubredditDrama,post,1556114791,negative
bhfepl,SubredditDrama,post,1556234776,negative
bhqrqv,SubredditDrama,post,1556308992,negative
bh2bj5,The_Donald,post,1556153045,negative
bh2bzd,The_Donald,post,1556153114,negative
bc86c8,WatchRedditDie,post,1555034334,negative
bb2mf2,askgaybros,post,1554777351,negative
bcdz3t,askgaybros,post,1555078098,neutral
b9tzgu,ass,post,1554484869,negative
bfuos4,bloodborne,post,1555886745,negative
b843el,cincinnati,post,1554133585,neutral
b875ba,cincinnati,post,1554145752,positive
bguznl,conspiracy,post,1556114580,negative
b7xsk7,dankmemes,post,1554095881,negative
b7xso6,dankmemes,post,1554095899,negative
b7xtha,dankmemes,post,1554096044,negative
b7xuhx,dankmemes,post,1554096221,neutral
b7xvas,dankmemes,post,1554096354,neutral
bbm1e2,dankmemes,post,1554903024,negative
b7v0yo,dankmemes,post,1554078929,neutral
b7xu47,dankmemes,post,1554096153,neutral
b7xxt4,dankmemes,post,1554096796,negative
b85d50,dankmemes,post,1554139334,negative
b86ztx,dankmemes,post,1554145185,negative
b891st,dankmemes,post,1554152764,neutral
bdmfjg,dankmemes,post,1555368537,neutral
beam28,dankmemes,post,1555522431,neutral
bixxp6,dankmemes,post,1556590428,neutral
b81u26,dankmemes,post,1554122462,negative
b7utn8,dankmemes,post,1554077805,negative
b7vpua,dankmemes,post,1554083068,negative
b7x1uf,dankmemes,post,1554091275,negative
bcxuhd,dankmemes,post,1555205890,neutral
b7wd83,dankmemes,post,1554086954,neutral
bicagf,dankmemes,post,1556464788,neutral
biw99l,dankmemes,post,1556580229,positive
bfvhw9,dankmemes,post,1555891712,negative
bbs8k2,darkjokes,post,1554934734,negative
bbqydj,darkjokes,post,1554928199,negative
bcwjkc,darknet,post,1555197251,negative
bfx2x9,darknet,post,1555901586,neutral
bgqi9a,help,post,1556081410,neutral
bhkw64,legaladvice,post,1556275518,neutral
bdkw0w,newjersey,post,1555359402,negative
bc4omp,redditrequest,post,1555014188,neutral
bj9d97,redditrequest,post,1556661929,neutral
bdxs32,redditrequest,post,1555441389,neutral
ban6cc,redditrequest,post,1554683241,neutral
bi28gu,redditrequest,post,1556390962,neutral
bfgpqg,teenagers,post,1555792185,positive
baugf8,tuckedinkitties,post,1554733649,negative
bd88k0,unpopularopinion,post,1555279431,negative
bdz7k6,wow,post,1555448750,negative
bhlll5,2007scape,post,1556280830,neutral
bafn4c,4PanelCringe,post,1554639147,neutral
b7yadi,Animemes,post,1554099052,neutral
bgd799,AskOuija,post,1556002156,neutral
ba346w,AskReddit,post,1554547599,neutral
bgyapk,BannedFromThe_Donald,post,1556131266,negative
bfzgrw,Coachella,post,1555920081,neutral
bcfnk8,Comcast_Xfinity,post,1555086954,neutral
bekjy4,CrappyDesign,post,1555587896,positive
bgnfbk,CringeAnarchy,post,1556062810,negative
bgcclb,CringeAnarchy,post,1555995735,negative
baklzl,Drama,post,1554668265,negative
bfhduw,HighQualityGifs,post,1555796075,neutral
bb2ixr,IncelTears,post,1554776744,neutral
banexi,JustUnsubbed,post,1554684764,positive
be3xot,JustUnsubbed,post,1555477522,neutral
biy3cx,PhotoshopRequest,post,1556591415,neutral
bitp5m,SCP,post,1556566623,negative
bfbvuh,SchoolIdolFestival,post,1555764838,neutral
b96h9w,SquaredCircle,post,1554340949,neutral
b8z5nq,SubredditDrama,post,1554304117,negative
bbmwwc,The_Donald,post,1554907837,neutral
b83x98,TwoBestFriendsPlay,post,1554132803,positive
bd6cn7,Undertale,post,1555269247,neutral
bb74az,WatchRedditDie,post,1554811550,neutral
bdxm5d,XXXTENTACION,post,1555440555,negative
bgh4jo,absolutelynotmeirl,post,1556030293,neutral
bj8r2p,askgaybros,post,1556658890,negative
beadjq,berkeley,post,1555521229,negative
bad4ks,conspiracy,post,1554614024,negative
bcxh6g,dankmemes,post,1555203350,negative
bgjm1a,dankmemes,post,1556042801,negative
bdjpzi,dankmemes,post,1555353777,negative
bgen62,dankmemes,post,1556014248,neutral
b7z9s1,dankmemes,post,1554105858,negative
b82cxv,dankmemes,post,1554125155,negative
b89cc1,dankmemes,post,1554153852,positive
bfxzv6,dankmemes,post,1555907723,neutral
biigq5,dankmemes,post,1556500075,negative
b7yd3m,dankmemes,post,1554099564,negative
b7yh1c,dankmemes,post,1554100293,neutral
bdpgt3,dankmemes,post,1555387197,negative
bbzr3g,dankmemes,post,1554988582,neutral
berbeu,dankmemes,post,1555624766,neutral
bfnr01,dankmemes,post,1555845020,negative
bctyiz,dankmemes,post,1555182332,neutral
bgvccg,dankmemes,post,1556116446,positive
bb9um5,destiny2,post,1554826553,neutral
bidcwj,forhonor,post,1556470881,neutral
bgpgxh,freefolk,post,1556074629,negative
bgu7dx,gaybroscirclejerk,post,1556110161,negative
b9xd5g,help,post,1554502120,neutral
bdydc1,help,post,1555444417,negative
b7wgmb,humor,post,1554087518,neutral
bel3t8,memes,post,1555591442,neutral
bd8yf6,memes,post,1555283500,neutral
bgpfz8,notinteresting,post,1556074477,neutral
b8pn4e,outrun,post,1554242715,positive
bb5s5y,panelshow,post,1554801633,negative
biw4kr,raimimemes,post,1556579472,neutral
bfxbh7,reddevils,post,1555903051,negative
baf7ur,redditrequest,post,1554635408,neutral
bfutog,redditrequest,post,1555887588,neutral
be9ebw,redditrequest,post,1555516252,neutral
bf4dyi,redditrequest,post,1555708297,neutral
bhh6bh,redditrequest,post,1556245876,neutral
b8s2be,redditrequest,post,1554256511,neutral
bh9fvc,srilanka,post,1556203386,neutral
bedrp0,teenagers,post,1555539023,neutral
bftc8d,unpopularopinion,post,1555879116,negative
be0ufb,AnimalCollective,post,1555457813,neutral
bi7dgk,BetterEveryLoop,post,1556424132,positive
bdya6g,CSULB,post,1555443958,neutral
bh8cwa,Cityofheroes,post,1556197319,neutral
bc0yp9,CompetitiveWoW,post,1554995204,neutral
bg5zdt,CringeAnarchy,post,1555959957,negative
bgeb96,CringeAnarchy,post,1556011493,negative
bgurno,CringeAnarchy,post,1556113368,negative
bhcctm,FIFA,post,1556218386,negative
b800yk,MMA,post,1554111457,neutral
b86ibc,MMA,post,1554143312,neutral
barjs7,MMA,post,1554714451,negative
bbsilc,NYKnicks,post,1554936213,neutral
bcdfd4,PewdiepieSubmissions,post,1555074867,negative
bc87l4,Philippines,post,1555034539,negative
b8qk2e,PrequelMemes,post,1554247694,negative
b89q70,PrequelMemes,post,1554155374,neutral
b89ubv,Purdue,post,1554155838,neutral
b9mkqt,PvZGardenWarfare,post,1554436981,negative
bfpej6,SWGalaxyOfHeroes,post,1555857210,negative
be9rsm,ShadowBan,post,1555518131,positive
bggmf3,StarTrekDiscovery,post,1556027479,neutral
b8mazt,TheFence,post,1554226509,positive
b82yqz,Weakpots,post,1554128294,negative
b9ys6z,asktransgender,post,1554510671,negative
bf50pp,assholedesign,post,1555711825,negative
bejqty,btc,post,1555581744,positive
bdl9bk,conspiracy,post,1555361350,negative
b8psgy,dankmemes,post,1554243485,neutral
b84vvr,dankmemes,post,1554137261,negative
bhuq6x,dankmemes,post,1556333239,negative
bhd6xi,dankmemes,post,1556222742,negative
bf0yv2,dankmemes,post,1555690546,negative
bdqtg5,NoStupidQuestions,post,1555397773,negative
bd8qtr,PCOS,post,1555282210,neutral
bbkcvj,SquaredCircle,post,1554891712,neutral
b8a9w2,TaylorSwift,post,1554157554,neutral
bimkvb,Trumpgret,post,1556521691,negative
bhqjop,Trumpgret,post,1556307783,neutral
b7w8vg,Warframe,post,1554086210,positive
b88875,dankmemes,post,1554149811,negative
b7ymq3,dankmemes,post,1554101368,positive
b7y0hg,dankmemes,post,1554097274,negative
be8h0r,dankmemes,post,1555511408,neutral
bf3bcc,dankmemes,post,1555702572,neutral
bfgtve,dankmemes,post,1555792858,negative
bbptfp,dankmemes,post,1554922432,negative
bebc2h,dankmemes,post,1555526172,negative
bfkcfx,dankmemes,post,1555814944,negative
bfklhz,dankmemes,post,1555816718,negative
bbaep4,dankmemes,post,1554829262,positive
bfqa74,dankmemes,post,1555862396,negative
bhpq8l,dankmemes,post,1556303432,neutral
beawhr,dankmemes,post,1555523934,neutral
b828go,dankmemes,post,1554124515,negative
bhku69,dankmemes,post,1556275059,neutral
bhvnvx,dankmemes,post,1556340407,neutral
bhw9eh,dankmemes,post,1556345654,positive
b858j8,dankmemes,post,1554138817,negative
bij12x,dankmemes,post,1556503877,negative
b895gj,dankmemes,post,1554153132,neutral
biaaxm,dankmemes,post,1556450956,negative
b7wpzt,dankmemes,post,1554089116,neutral
bbu9ob,darkjokes,post,1554946407,negative
bf2m92,darkjokes,post,1555698951,negative
bj2vay,denvernuggets,post,1556628334,neutral
beivid,forhonor,post,1555573917,negative
bfv5eb,memes,post,1555889563,negative
bfd5ow,memes,post,1555772898,negative
bc7d8j,memes,post,1555029324,neutral
bis1i8,modhelp,post,1556558102,neutral
beawxj,notredame,post,1555523997,neutral
bdn8ct,powerrangers,post,1555373101,neutral
baa4v4,redditrequest,post,1554592167,neutral
bhpwa5,redditrequest,post,1556304300,neutral
bj3vfe,redditrequest,post,1556634065,neutral
bi5s8n,redditrequest,post,1556412797,neutral
bi3zov,redditrequest,post,1556401454,neutral
bigpj0,schizophrenia,post,1556489232,neutral
bcx9bx,short,post,1555201853,neutral
bb0to7,teenagers,post,1554766606,negative
bfjsa7,teenagers,post,1555811210,neutral
bgyeu6,teenagers,post,1556131844,negative
bdex3z,thedivision,post,1555328142,negative
bj41tl,AMA,post,1556635036,neutral
bg5qkl,AskOuija,post,1555958735,neutral
bdz6qo,AskOuija,post,1555448638,neutral
bgkjfj,CringeAnarchy,post,1556047607,negative
bgir7k,CringeAnarchy,post,1556038519,neutral
bahip8,Drama,post,1554651683,negative
b8w2b4,FORTnITE,post,1554286224,negative
bfrs5p,FlashTV,post,1555870536,neutral
bear28,G59,post,1555523140,neutral
bb7vun,Ice_Poseidon,post,1554816156,negative
b9gdew,KotakuInAction,post,1554402200,neutral
bfapnr,LeagueOfMeta,post,1555754855,negative
bgz4tc,MaddenUltimateTeam,post,1556135456,negative
bdx4k2,Marvel,post,1555438048,positive
bat7jg,Memes_Of_The_Dank,post,1554726565,neutral
b8ecu1,PrequelMemes,post,1554178951,neutral
bfzakh,PrequelMemes,post,1555918542,positive
birr2y,SuddenlyGay,post,1556556638,neutral
biyeik,SuddenlyGay,post,1556593342,neutral
bis49q,Terraria,post,1556558512,neutral
b9l9k2,The_Donald,post,1554428523,negative
biz8un,ToolBand,post,1556599100,negative
bi6ix7,bisexual,post,1556417887,negative
b8en40,dank_meme,post,1554180931,negative
bgl5td,dankmemes,post,1556050745,negative
bhaln8,dankmemes,post,1556209382,neutral
bb18dg,dankmemes,post,1554768920,negative
bb1rrk,dankmemes,post,1554772168,negative
b7ykqg,dankmemes,post,1554100996,negative
bfgocv,dankmemes,post,1555791970,neutral
bgcbgm,dankmemes,post,1555995518,positive
b7wd3o,dankmemes,post,1554086932,negative
bbp8d4,dankmemes,post,1554919538,negative
bfbk4j,dankmemes,post,1555762314,negative
bj32o2,dankmemes,post,1556629568,negative
bhfapw,dankmemes,post,1556234113,neutral
b81bfl,dankmemes,post,1554119692,positive
bfekja,dankmemes,post,1555780501,negative
bd8zcw,dankmemes,post,1555283664,negative
b9n9bc,dankmemes,post,1554442050,negative
bh8izl,dankmemes,post,1556198285,negative
be9l3p,dankmemes,post,1555517186,neutral
bgbb4x,dankmemes,post,1555989128,negative
bies1o,dankmemes,post,1556478730,negative
bgkjd5,dankmemes,post,1556047598,negative
biq6o4,dankmemes,post,1556548540,neutral
bgb3qq,dankmemes,post,1555987902,neutral
bh3mh5,darkjokes,post,1556160923,neutral
b7xmog,marvelstudios,post,1554094905,neutral
bfo3hq,memes,post,1555848051,neutral
bfo5k3,memes,post,1555848505,neutral
bdy3g8,opieandanthony,post,1555442986,negative
ba8zlu,redditrequest,post,1554584999,neutral
bj2ox4,redditrequest,post,1556627158,neutral
bf2k0x,redditrequest,post,1555698639,neutral
bbaklr,redditrequest,post,1554830024,neutral
bg0ceg,redditrequest,post,1555927733,neutral
bgkeqv,thedivision,post,1556046952,negative
bhe3wz,thevoice,post,1556227519,positive
bfgf61,trashy,post,1555790557,negative
behgr3,wallstreetbets,post,1555562141,neutral
bhnjbt,wholesomememes,post,1556292183,positive
bigznq,AskOuija,post,1556490927,neutral
b90wns,CFB,post,1554312338,negative
bg86tp,CringeAnarchy,post,1555971275,negative
be9gje,EDH,post,1555516563,negative
bi1yk6,FortNiteBR,post,1556389358,neutral
bi4558,FortNiteBR,post,1556402370,negative
bip0j0,Libertarian,post,1556541606,negative
b85m3a,PrequelMemes,post,1554140248,neutral
bhjm06,Trumpgret,post,1556264128,positive
bhjrrl,Trumpgret,post,1556265608,positive
b96yzr,UIUC,post,1554343920,neutral
bc6o24,Undertale,post,1555025043,neutral
ba0pvr,dankmemes,post,1554524800,negative
bdaev9,dankmemes,post,1555292569,negative
bhs2xo,dankmemes,post,1556316310,neutral
b81a79,dankmemes,post,1554119497,neutral
bghxc8,dankmemes,post,1556034423,neutral
b7vzoy,dankmemes,post,1554084701,negative
b7xf5e,dankmemes,post,1554093566,neutral
bj12mv,dankmemes,post,1556614484,neutral
bemele,dankmemes,post,1555598827,negative
b9toab,dankmemes,post,1554483343,negative
ben6qe,dankmemes,post,1555602850,negative
bcji22,darkjokes,post,1555106852,negative
bifqed,donaldglover,post,1556483762,neutral
bckcho,funny,post,1555111799,negative
bh54vx,marvelstudios,post,1556171757,positive
b94rlf,mbti,post,1554331050,negative
bf114k,memes,post,1555690878,neutral
bavg6d,modhelp,post,1554738757,neutral
ba1cfh,nier,post,1554530137,neutral
beh2ln,opieandanthony,post,1555559327,negative
befp74,opieandanthony,post,1555550519,neutral
bipr4z,overlord,post,1556546114,neutral
be7ytp,progrockmusic,post,1555508624,positive
bifsrk,redditrequest,post,1556484134,neutral
bc8h9r,redditrequest,post,1555036200,neutral
be58wz,redditrequest,post,1555488700,neutral
bi6v8j,redditrequest,post,1556420349,neutral
bhbybi,redditrequest,post,1556216288,neutral
bbwpco,relationship_advice,post,1554965038,negative
bbxxxu,sbubby,post,1554976135,positive
bd1o1w,sbubby,post,1555239721,positive
bd1q3j,sbubby,post,1555240240,positive
bhvqnd,sbubby,post,1556341055,neutral
bffy4e,suggestmeabook,post,1555787922,positive
b7yfc5,teenagers,post,1554099980,neutral
beoh1b,teenagers,post,1555609469,neutral
bcvw4r,teenagers,post,1555193331,neutral
bb6b0p,wii,post,1554805872,positive
bhwaf1,Advice,post,1556345907,negative
bbc4kb,AskOuija,post,1554837767,neutral
ba98y1,AskReddit,post,1554586605,negative
b9mcq7,AutoModerator,post,1554435443,neutral
b9qjy5,AutoModerator,post,1554467063,neutral
bf894x,AutoModerator,post,1555732971,neutral
bj21hf,FortNiteBR,post,1556622690,negative
bgevbp,FortNiteBR,post,1556016069,neutral
b9xkcd,GoogleMaps,post,1554503225,neutral
bg4sd1,Insurance,post,1555953929,neutral
b7vv92,KarmaCourt,post,1554083974,negative
bdk8m2,LightNovels,post,1555356238,neutral
b9q5ct,Memes_Of_The_Dank,post,1554464617,neutral
b8j5on,ModSupport,post,1554211334,negative
bf1wj3,ModSupport,post,1555695273,neutral
bf3j70,MySummerCar,post,1555703720,neutral
bfsxhn,MySummerCar,post,1555876853,neutral
bj34qr,Ooer,post,1556629894,neutral
b9c0n0,PewdiepieSubmissions,post,1554380491,neutral
b83g52,PrequelMemes,post,1554130629,neutral
b7zz74,UCDavis,post,1554111121,negative
bheus0,arabs,post,1556231587,neutral
bblkck,betternews,post,1554900219,neutral
bdmz3x,betternews,post,1555371612,negative
bh0anu,betternews,post,1556141498,negative
bgz597,bonnaroo,post,1556135534,neutral
bhslvb,canes,post,1556319399,negative
b8bj6j,copypasta,post,1554163077,negative
baizjq,dankmemes,post,1554659653,neutral
bfjjw4,dankmemes,post,1555809718,neutral
bgo7g0,dankmemes,post,1556067356,negative
bic58k,dankmemes,post,1556463930,positive
bb7cqp,dankmemes,post,1554812989,neutral
bhg8dw,dankmemes,post,1556239888,positive
bhg7hc,dankmemes,post,1556239738,negative
b7yx9b,dankmemes,post,1554103368,negative
bi07hj,dankmemes,post,1556379110,negative
bj06w5,dankmemes,post,1556606554,neutral
bfmuxc,dankmemes,post,1555836207,negative
bfggj8,dankmemes,post,1555790758,neutral
bd13e2,dankmemes,post,1555233939,positive
bd8n8z,dankmemes,post,1555281651,neutral
bfmiry,dankmemes,post,1555832796,neutral
b7ylh9,dankmemes,post,1554101128,neutral
b9oas6,darkjokes,post,1554450413,positive
b9v020,darkjokes,post,1554489894,negative
baw8xj,darkjokes,post,1554742782,negative
bawgvz,darkjokes,post,1554743886,neutral
bawjxh,darkjokes,post,1554744309,negative
bbajho,darkjokes,post,1554829874,negative
bbjns7,darkjokes,post,1554885659,neutral
bbk71m,darkjokes,post,1554890378,negative
bbl3xc,darkjokes,post,1554897273,negative
bblri6,darkjokes,post,1554901459,neutral
bblztw,darkjokes,post,1554902757,neutral
bbn4g0,darkjokes,post,1554908975,negative
bbnfal,darkjokes,post,1554910533,negative
bbnuoe,darkjokes,post,1554912721,negative
bbp41u,darkjokes,post,1554918963,negative
bbppw7,darkjokes,post,1554921944,negative
bbqhcq,darkjokes,post,1554925768,negative
bbqnwk,darkjokes,post,1554926683,neutral
bbqq1a,darkjokes,post,1554926979,neutral
bbr0vq,darkjokes,post,1554928553,negative
bbrqml,darkjokes,post,1554932278,neutral
bbrqud,darkjokes,post,1554932308,neutral
bbruc1,darkjokes,post,1554932779,negative
bbs63u,darkjokes,post,1554934392,neutral
bbs67f,darkjokes,post,1554934403,neutral
bbsemr,darkjokes,post,1554935619,negative
bbsenv,darkjokes,post,1554935624,neutral
bbsfho,darkjokes,post,1554935751,neutral
bbsg16,darkjokes,post,1554935824,negative
bbslhi,darkjokes,post,1554936634,neutral
bbsmc3,darkjokes,post,1554936764,positive
bbsocj,darkjokes,post,1554937075,negative
bbss26,darkjokes,post,1554937654,negative
bbssam,darkjokes,post,1554937694,negative
bbsscu,darkjokes,post,1554937701,negative
bbu0bj,darkjokes,post,1554944818,positive
bbuby1,darkjokes,post,1554946807,negative
bbux2m,darkjokes,post,1554950421,negative
bbuyqw,darkjokes,post,1554950729,neutral
bbuzgk,darkjokes,post,1554950850,neutral
bbv142,darkjokes,post,1554951155,neutral
bbvi55,darkjokes,post,1554954331,neutral
bbvnsp,darkjokes,post,1554955418,negative
bbvwep,darkjokes,post,1554957169,negative
bbvye5,darkjokes,post,1554957585,neutral
bbw95f,darkjokes,post,1554961519,negative
bbwzzm,darkjokes,post,1554967567,neutral
bbyr6k,darkjokes,post,1554982254,negative
bbyyd8,darkjokes,post,1554983594,positive
bc0ity,darkjokes,post,1554992867,negative
bc189v,darkjokes,post,1554996593,neutral
bc271k,darkjokes,post,1555001499,neutral
bc2k5g,darkjokes,post,1555003308,neutral
bc4gze,darkjokes,post,1555013117,negative
bc6qo2,darkjokes,post,1555025482,negative
bc6yky,darkjokes,post,1555026860,negative
bc7h11,darkjokes,post,1555029973,neutral
bc8alb,darkjokes,post,1555035037,negative
bc8roe,darkjokes,post,1555038113,neutral
bc9haz,darkjokes,post,1555043207,negative
bccpn3,darkjokes,post,1555070367,negative
bcct1t,darkjokes,post,1555070970,negative
bcctv9,darkjokes,post,1555071114,negative
bcdatn,darkjokes,post,1555074117,negative
bcdm6r,darkjokes,post,1555075999,negative
bcez6s,darkjokes,post,1555083461,negative
bcf388,darkjokes,post,1555084037,negative
bcf4d7,darkjokes,post,1555084203,neutral
bcf689,darkjokes,post,1555084476,neutral
bcgfd9,darkjokes,post,1555090815,neutral
bcicka,darkjokes,post,1555100544,negative
bclcrs,darkjokes,post,1555118339,negative
bclghs,darkjokes,post,1555119028,negative
bcr2wm,darkjokes,post,1555166055,neutral
bcrjzw,darkjokes,post,1555168807,negative
bcs0f6,darkjokes,post,1555171444,neutral
bf39us,darkjokes,post,1555702351,neutral
bf4hzx,darkjokes,post,1555708931,neutral
bf8bc2,darkjokes,post,1555733439,negative
bf9aub,darkjokes,post,1555741379,negative
bfppph,darkjokes,post,1555859038,negative
bfpqnk,darkjokes,post,1555859195,negative
bft7ef,darkjokes,post,1555878359,negative
bgy5lh,darkjokes,post,1556130550,negative
bgyhrz,darkjokes,post,1556132251,neutral
bh3itu,darkjokes,post,1556160292,negative
bh4v35,darkjokes,post,1556169501,neutral
bhdnzr,darkjokes,post,1556225170,neutral
bhnq0y,darkjokes,post,1556293170,negative
bhnx9j,darkjokes,post,1556294212,negative
bho1cc,darkjokes,post,1556294772,neutral
bi7vyd,darkjokes,post,1556428134,neutral
bi9mdp,darkjokes,post,1556444537,negative
biez73,darkjokes,post,1556479759,neutral
biezh9,darkjokes,post,1556479803,neutral
bioppe,darkjokes,post,1556539665,negative
biw2xl,darkjokes,post,1556579205,negative
bj4txm,darkjokes,post,1556639147,negative
b8rv1w,detroitlions,post,1554255298,positive
bbgzj4,detroitlions,post,1554864734,positive
bgq5e9,detroitlions,post,1556078954,positive
bcybq0,funny,post,1555209275,neutral
bff4lo,help,post,1555783421,neutral
bd47jz,hockey,post,1555257689,neutral
bfcdoe,jailbreak,post,1555768219,neutral
bi4c7y,mathrock,post,1556403568,neutral
bhtq8p,memes,post,1556326354,negative
b8waob,memes,post,1554287955,neutral
bfvl9u,memes,post,1555892266,positive
b9tyfp,modhelp,post,1554484724,negative
bfwxyz,modhelp,post,1555900752,neutral
bfl7a9,modhelp,post,1555821180,neutral
bauwzf,modhelp,post,1554736055,negative
bg7qkh,orangecounty,post,1555968904,negative
bam8vo,rantgrumps,post,1554677541,negative
b82bto,redditrequest,post,1554124988,neutral
bgvofy,redditrequest,post,1556118187,neutral
b8kxhg,redditrequest,post,1554220080,neutral
b9xbi9,redditrequest,post,1554501875,neutral
bew71v,redditrequest,post,1555656907,neutral
becw90,sbubby,post,1555534357,negative
bhusja,solotravel,post,1556333703,negative
bfxnjh,stlouisblues,post,1555905307,neutral
beywne,teenagers,post,1555679351,negative
bitagt,vancouver,post,1556564515,neutral
bhg39m,wallstreetbets,post,1556238985,neutral
b8836e,Animemes,post,1554149312,neutral
be1mfi,ApplyingToCollege,post,1555462425,neutral
bhxj85,Colts,post,1556358373,negative
besx3w,DBZDokkanBattle,post,1555633645,neutral
bakjgy,FashionReps,post,1554667890,negative
bbjk0s,IndiansGoneWild,post,1554884658,neutral
b9l6v9,PewdiepieSubmissions,post,1554428066,negative
b849yh,Rainbow6,post,1554134426,neutral
bcaj9z,TheExpanse,post,1555051848,neutral
bbjpl1,TopMindsOfReddit,post,1554886117,negative
bb8y15,VaporwaveAesthetics,post,1554821988,neutral
bh7i46,bimbofetish,post,1556191821,negative
bh7i6n,bimbofetish,post,1556191837,negative
bh7i8z,bimbofetish,post,1556191848,negative
bh7icz,bimbofetish,post,1556191869,negative
bh7iiq,bimbofetish,post,1556191902,negative
bb2ki8,brockhampton,post,1554777026,negative
b9fas4,csgomarketforum,post,1554397002,neutral
bbgudp,dankmemes,post,1554863794,negative
bd8mhp,dankmemes,post,1555281525,negative
bc4iy6,dankmemes,post,1555013395,negative
bc4iym,dankmemes,post,1555013397,negative
bfpmk9,dankmemes,post,1555858537,negative
bg27dv,dankmemes,post,1555940289,negative
bhakgb,dankmemes,post,1556209211,neutral
bf1ebr,dankmemes,post,1555692725,neutral
bc4p0p,dankmemes,post,1555014246,negative
bbmblm,dankmemes,post,1554904607,negative
bfiqp7,dankmemes,post,1555804449,neutral
bg93ff,dankmemes,post,1555976135,negative
bhnfen,dankmemes,post,1556291629,negative
bhaetg,dankmemes,post,1556208405,neutral
bhag5b,dankmemes,post,1556208598,neutral
b7uwjq,dankmemes,post,1554078237,negative
beotiz,dankmemes,post,1555611278,positive
b9akkz,darkjokes,post,1554370220,negative
bj4itp,darkjokes,post,1556637542,negative
bgdrg6,donaldglover,post,1556006686,negative
b96aqq,dune,post,1554339855,positive
b8iqzk,eatsandwiches,post,1554209163,negative
b8bkc4,explainlikeimfive,post,1554163227,negative
bcffom,gatekeeping,post,1555085819,negative
bj8xg6,ketamine,post,1556659741,neutral
bgomow,leafs,post,1556069798,negative
bhnmgj,leagueoflegends,post,1556292647,negative
bj6bj8,loseit,post,1556646684,neutral
bagw5p,memes,post,1554648088,neutral
biry2g,mentalhealth,post,1556557616,neutral
beyjs7,mildlyinfuriating,post,1555676989,negative
bdv67c,minnesotavikings,post,1555428097,positive
ba7ij5,modhelp,post,1554576224,neutral
baxylo,nsfw,post,1554751525,negative
bgm2f9,popheads,post,1556055338,neutral
b9phgw,redditrequest,post,1554460149,neutral
bhh8uj,redditrequest,post,1556246325,negative
bbzmv7,redditrequest,post,1554987907,neutral
bfcsu7,redditrequest,post,1555770824,neutral
b8mdbi,runescape,post,1554226824,neutral
bfszot,short,post,1555877187,negative
bj7zn0,skiing,post,1556655194,neutral
bdyxgn,soccer,post,1555447289,neutral
bj914q,soccer,post,1556660236,neutral
bdnhod,speedrun,post,1555374675,negative
bfyy2d,teenagers,post,1555915549,negative
bfgq7b,teenagers,post,1555792261,neutral
ba1pdp,teenagers,post,1554533390,negative
bdyd4n,totalwar,post,1555444390,positive
bg6fol,unpopularopinion,post,1555962251,neutral
bbgthi,videogamescience,post,1554863641,neutral
bbt15h,whitesox,post,1554939059,neutral
ba6v4y,zelda,post,1554572580,positive
bh0dtk,2007scape,post,1556141954,negative
bdo2xp,AskOuija,post,1555378225,neutral
b9hh16,Borderlands2,post,1554407484,neutral
baaihs,Borderlands2,post,1554594708,negative
b8gf9d,DBZDokkanBattle,post,1554193439,neutral
baqym5,Drama,post,1554709600,neutral
bdktrv,MaddenMobileForums,post,1555359083,positive
beilgl,PewdiepieSubmissions,post,1555571379,negative
b81l2k,PrequelMemes,post,1554121072,neutral
bj30la,Seaofthieves,post,1556629250,neutral
bahvfo,TrueSTL,post,1554653633,negative
bhgrmw,Trumpgret,post,1556243268,negative
bcnfm7,Vent,post,1555134050,negative
bh9802,cirkeltrek,post,1556202196,negative
b89v9k,dankmemes,post,1554155946,negative
b813n2,dankmemes,post,1554118399,negative
b87c0y,dankmemes,post,1554146465,negative
bg7io3,dankmemes,post,1555967775,negative
bhshaq,dankmemes,post,1556318635,neutral
bi4apx,dankmemes,post,1556403319,neutral
bgkobu,dankmemes,post,1556048309,neutral
b87t01,dankmemes,post,1554148319,positive
bgy2qc,dankmemes,post,1556130134,negative
b8j116,dankmemes,post,1554210650,negative
bcza7s,dankmemes,post,1555216669,negative
baqc25,dankmemes,post,1554704826,negative
bbgmtr,dankmemes,post,1554862465,negative
b84sjs,dankmemes,post,1554136825,negative
biy6iw,dankmemes,post,1556591970,negative
b80kol,dankmemes,post,1554115185,negative
b89x4b,dankmemes,post,1554156151,negative
bhj0et,dankmemes,post,1556259139,neutral
b9g859,dankmemes,post,1554401516,neutral
bfjon3,dankmemes,post,1555810553,neutral
biv0r9,dankmemes,post,1556573348,neutral
bhj8zw,dankmemes,post,1556261133,positive
b7wfqp,dankmemes,post,1554087372,neutral
bifxqk,dankmemes,post,1556484938,negative
bhnttq,darkjokes,post,1556293704,negative
bahy2b,exmormon,post,1554654033,positive
b9ig1w,help,post,1554412266,neutral
bhrdqd,marvelstudios,post,1556312369,positive
b9w9up,meme,post,1554496297,negative
b7wivi,memes,post,1554087884,neutral
bc6vy0,memes,post,1555026395,negative
bcai3i,memes,post,1555051573,negative
bcdqov,memes,post,1555076737,negative
bcfv7f,memes,post,1555088076,negative
bcgirz,memes,post,1555091285,negative
bckg7m,memes,post,1555112449,neutral
bckmf3,memes,post,1555113589,negative
bcm59p,memes,post,1555123826,negative
bcmxnp,memes,post,1555129861,negative
bczjbw,memes,post,1555218833,negative
bczkaf,memes,post,1555219065,negative
bdv9lh,memes,post,1555428571,neutral
bf6lri,neoliberal,post,1555721483,neutral
bfn5ce,redditrequest,post,1555839091,neutral
b9ks8m,redditrequest,post,1554425601,neutral
b7vu33,redditrequest,post,1554083778,neutral
bg04wz,redditrequest,post,1555925981,neutral
b9lj47,redditrequest,post,1554430148,neutral
bc2glb,redditrequest,post,1555002817,neutral
b8432e,redditrequest,post,1554133543,neutral
bhv358,secretsanta,post,1556335884,neutral
bd6711,teenagers,post,1555268464,positive
bj6a0j,utdallas,post,1556646468,positive
bg18kd,wallstreetbets,post,1555934319,positive
be9sag,2007scape,post,1555518199,neutral
b8ni8j,Barca,post,1554232263,neutral
b8oe5g,BestOfReports,post,1554236565,positive
bb3djr,CollegeBasketball,post,1554782362,negative
bhor8j,Comcast_Xfinity,post,1556298444,neutral
bgcgy2,CringeAnarchy,post,1555996590,negative
bglsey,CringeAnarchy,post,1556053913,negative
bgnmo1,CringeAnarchy,post,1556063984,negative
bcouv7,HomeworkHelp,post,1555148089,neutral
bcov7k,HomeworkHelp,post,1555148180,neutral
bcowlp,HomeworkHelp,post,1555148589,neutral
bcox1u,HomeworkHelp,post,1555148720,neutral
bdel33,IdiotsFightingThings,post,1555325595,neutral
b81kqv,IndiaSpeaks,post,1554121024,neutral
b9fgt9,MaliciousCompliance,post,1554397779,negative
bdoigy,MortalKombat,post,1555380839,positive
be3z4w,NSFW_Snapchat,post,1555477810,positive
bf6fmv,PewdiepieSubmissions,post,1555720342,negative
bdq4p7,PewdiepieSubmissions,post,1555392163,negative
bir23i,Sacramento,post,1556553102,neutral
bafau1,SquaredCircle,post,1554636134,positive
b8sg07,SquaredCircle,post,1554258796,positive
bduwjz,Twitch,post,1555426746,neutral
bg3n1j,Twitch,post,1555948099,positive
bd6102,Vaping,post,1555267617,neutral
b9ajf7,backpacking,post,1554369947,neutral
bidqcs,dank_meme,post,1556472936,negative
b7vl09,dankmemes,post,1554082247,negative
b89or2,dankmemes,post,1554155205,negative
bhpcqq,dankmemes,post,1556301485,neutral
bi0rae,dankmemes,post,1556382354,positive
bix9ch,dankmemes,post,1556586340,negative
belw3u,dankmemes,post,1555596042,positive
bfdju0,dankmemes,post,1555775152,negative
bfesza,dankmemes,post,1555781735,negative
bfnyz2,dankmemes,post,1555846973,neutral
bgw93e,dankmemes,post,1556121058,neutral
biqzrd,dankmemes,post,1556552804,positive
bh83yg,dankmemes,post,1556195802,positive
bj0up3,dankmemes,post,1556612378,negative
b7z5p2,dankmemes,post,1554105053,negative
bclh7x,dankmemes,post,1555119164,negative
bfqu71,dankmemes,post,1555865441,negative
bgrus2,dankmemes,post,1556091992,positive
bghing,dankmemes,post,1556032331,neutral
b7xqoh,dankmemes,post,1554095569,negative
be6inq,dankmemes,post,1555499570,neutral
bhdgxd,darkjokes,post,1556224203,negative
bal4ym,highereducation,post,1554671206,neutral
bgzjy9,memes,post,1556137606,negative
bd3a31,memes,post,1555252113,negative
bgye87,memes,post,1556131759,neutral
bd77gc,nba,post,1555273881,neutral
bd931a,newcastle,post,1555284313,neutral
bcl5nr,opieandanthony,post,1555117023,neutral
bbrxe6,popping,post,1554933235,neutral
bg1o3j,redditrequest,post,1555936977,neutral
bea78z,redditrequest,post,1555520381,neutral
bhdzie,redditrequest,post,1556226850,neutral
biccyr,redditrequest,post,1556465196,neutral
b7vn04,runescape,post,1554082581,positive
bgoood,teenagers,post,1556070111,negative
bguxzq,traaaaaaannnnnnnnnns,post,1556114350,neutral
bfmmtg,tressless,post,1555833959,negative
bgbpb1,unpopularopinion,post,1555991533,negative
bgzppw,2007scape,post,1556138449,neutral
bbpj5k,2007scape,post,1554921012,positive
b7y2qe,ApplyingToCollege,post,1554097661,negative
bbt3ps,AskReddit,post,1554939458,neutral
bb41wf,AskReddit,post,1554787278,negative
badrw3,BlackPeopleTwitter,post,1554620079,neutral
bepckd,DMAcademy,post,1555614069,neutral
bj2mg7,EtikaRedditNetwork,post,1556626700,negative
b8g8wu,GarlicBreadMemes,post,1554192039,negative
b7ybqf,HistoryMemes,post,1554099308,neutral
b89tc1,HistoryMemes,post,1554155724,neutral
b7v5ox,HomeDepot,post,1554079707,negative
baquex,MapsWithoutNZ,post,1554708706,neutral
bbohgo,MortalKombat,post,1554915912,negative
bgkf5j,PrequelMemes,post,1556047008,neutral
bhdose,ScottishFootball,post,1556225289,positive
bbwfv5,Showerthoughts,post,1554962795,negative
bhi9ew,TaylorSwift,post,1556253232,neutral
bgipz6,Temple,post,1556038348,neutral
bhpw5e,UCSD,post,1556304280,neutral
b91gct,WGU,post,1554314938,negative
bhcd2a,btc,post,1556218421,negative
bcna19,dankmemes,post,1555132694,negative
ba02ma,dankmemes,post,1554519791,neutral
bh9of2,dankmemes,post,1556204616,negative
bhbcxq,dankmemes,post,1556213218,neutral
ba389g,dankmemes,post,1554548693,negative
bg9mrl,dankmemes,post,1555979202,negative
bewus4,dankmemes,post,1555662976,negative
b888sp,dankmemes,post,1554149871,negative
bg64f2,dankmemes,post,1555960676,neutral
b7vnqj,dankmemes,post,1554082715,neutral
b7xe94,dankmemes,post,1554093408,neutral
bfupml,dankmemes,post,1555886884,negative
bf2gfz,dankmemes,post,1555698125,positive
bf3ngw,dankmemes,post,1555704344,neutral
bf3uyl,dankmemes,post,1555705449,neutral
bfgxp9,dankmemes,post,1555793491,neutral
bhcmft,dankmemes,post,1556219746,neutral
bi7phu,dankmemes,post,1556426723,neutral
b8ey80,dankmemes,post,1554182979,negative
bcn6nb,dankmemes,post,1555131899,neutral
bg7cnb,dankmemes,post,1555966910,neutral
bfv4v4,dankmemes,post,1555889464,neutral
bfo4cl,dankmemes,post,1555848244,positive
bbsife,dankmemes,post,1554936188,neutral
b7unxj,dankmemes,post,1554077028,neutral
b7uzx1,dankmemes,post,1554078766,neutral
bff5u9,dankmemes,post,1555783601,negative
bbuf06,darkjokes,post,1554947316,negative
bism2l,darkjokes,post,1556561040,neutral
bgynh1,darkjokes,post,1556133037,negative
bdk5i1,funny,post,1555355809,neutral
b8tmc7,gonewildaudio,post,1554266627,neutral
bhtn1r,help,post,1556325769,neutral
bdfkei,help,post,1555332458,negative
bfjs6g,insomnia,post,1555811189,neutral
bg1jkl,lyftdrivers,post,1555936212,neutral
bhi0vs,memes,post,1556251585,negative
bba9km,memes,post,1554828575,negative
be7s59,modhelp,post,1555507557,neutral
bdo1s5,needamod,post,1555378030,neutral
bbnqks,pokemongo,post,1554912160,neutral
bbxxg7,rant,post,1554976014,negative
bem546,redditrequest,post,1555597397,neutral
bd3nys,redditrequest,post,1555254473,neutral
bhjo5f,redditrequest,post,1556264675,neutral
bhat7y,redditrequest,post,1556210466,neutral
bh9sao,teenagers,post,1556205165,positive
b96srv,teenagers,post,1554342888,neutral
bai6fv,teenagers,post,1554655331,neutral
bfoybi,teenagers,post,1555854364,positive
bi1yf0,woooosh,post,1556389332,negative
bb9fpw,zerocarb,post,1554824516,negative
bi3zk7,AskReddit,post,1556401435,negative
bj4iqb,AskReddit,post,1556637528,negative
bda8ek,Braves,post,1555291460,neutral
bhufgu,Braves,post,1556331114,negative
bg9orf,Cityofheroes,post,1555979523,negative
bdj5e7,Comcast_Xfinity,post,1555351099,neutral
bhl39h,DankMemesFromSite19,post,1556277001,neutral
beqd7x,FIFA,post,1555619548,negative
bg2tgs,FortNiteBR,post,1555943766,neutral
bgqj2x,JordanPeterson,post,1556081569,positive
bj7l21,MortalKombat,post,1556653172,neutral
bj998j,MortalKombat,post,1556661399,negative
baa6go,NoStupidQuestions,post,1554592460,neutral
b8m64b,OverwatchUniversity,post,1554225850,positive
b96hi3,PewdiepieSubmissions,post,1554340988,negative
bfeicm,Showerthoughts,post,1555780189,negative
b8290u,StarWarsBattlefront,post,1554124591,negative
ba8h9e,StarWarsBattlefront,post,1554581943,positive
baa4ib,StarWarsBattlefront,post,1554592102,negative
bah0i3,StarWarsBattlefront,post,1554648816,neutral
bc7d12,StarWarsBattlefront,post,1555029285,negative
be9oex,StarWarsBattlefront,post,1555517650,negative
beah9z,StarWarsBattlefront,post,1555521751,negative
bealgw,StarWarsBattlefront,post,1555522350,negative
bfmusi,StarWarsBattlefront,post,1555836164,neutral
bg3i4n,StarWarsBattlefront,post,1555947412,negative
bi2e56,StarWarsBattlefront,post,1556391885,negative
b9u5dr,TheStrokes,post,1554485646,neutral
bfrfes,Xcom,post,1555868631,neutral
b8qkmt,answers,post,1554247782,neutral
bepekd,asoiaf,post,1555614366,negative
bepqum,asoiaf,post,1555616187,negative
bim3vn,asoiaf,post,1556517832,negative
bibq9t,dank_meme,post,1556461421,negative
b7wizo,dankmemes,post,1554087905,neutral
b7w1g8,dankmemes,post,1554084987,negative
beu21j,dankmemes,post,1555640800,neutral
bgkcb0,dankmemes,post,1556046572,neutral
bhgyzx,dankmemes,post,1556244591,negative
biu0cm,dankmemes,post,1556568197,negative
bbj0pm,dankmemes,post,1554879883,neutral
bf7m8m,dankmemes,post,1555728304,neutral
bfueh5,dankmemes,post,1555885131,neutral
bfeoe2,dankmemes,post,1555781075,neutral
bcxrlh,dankmemes,post,1555205315,negative
b7unay,dankmemes,post,1554076944,negative
b7urvr,dankmemes,post,1554077560,negative
b84uhe,dankmemes,post,1554137075,negative
bgx7ti,dankmemes,post,1556125816,negative
bj5kup,dankmemes,post,1556642980,negative
bbul84,darkjokes,post,1554948385,negative
bbpisj,darkjokes,post,1554920962,positive
b9p0xy,enf,post,1554456664,neutral
bazm62,falcons,post,1554760006,neutral
b825rv,hungary,post,1554124159,negative
ba76tw,mbti,post,1554574393,negative
bbcrh7,memes,post,1554840907,negative
b7vzrs,memes,post,1554084714,neutral
b7wks9,mildlyinfuriating,post,1554088203,neutral
bg33jf,modhelp,post,1555945258,neutral
b8x7za,offmychest,post,1554293925,negative
bfk14g,offmychest,post,1555812820,negative
bhg4f7,offmychest,post,1556239191,neutral
bhh9ez,offmychest,post,1556246428,negative
bi2bro,offmychest,post,1556391494,positive
biop8o,offmychest,post,1556539578,negative
b9cv7g,postmates,post,1554385377,negative
b8muds,reckful,post,1554229018,neutral
bj7mjp,redditrequest,post,1556653394,neutral
b9ijnc,redditrequest,post,1554412760,neutral
be74l2,redditrequest,post,1555503693,neutral
bfd8vu,redditrequest,post,1555773416,neutral
bf7y3q,redditrequest,post,1555730706,neutral
bdlufs,redditrequest,post,1555365500,neutral
bh9nrt,teenagers,post,1556204524,positive
b9rmrd,tropico,post,1554473273,neutral
bg6oir,ttcafterloss,post,1555963506,neutral
bbfrth,undelete,post,1554857305,negative
bhqr2p,undelete,post,1556308892,negative
bfsbqt,unpopularopinion,post,1555873503,negative
b9y9s7,unpopularopinion,post,1554507436,neutral
bi22kz,unpopularopinion,post,1556390001,negative
bbq53h,AmateurPhotography,post,1554924039,neutral
bfvqbd,Animemes,post,1555893146,neutral
b8kp02,Animemes,post,1554218969,negative
b8zkxa,AnthemTheGame,post,1554306139,negative
bh8frn,Blackfellas,post,1556197769,neutral
b93g8e,California,post,1554324242,negative
bc88yc,CringeAnarchy,post,1555034765,negative
bgi6b7,CringeAnarchy,post,1556035646,negative
bglyp0,CringeAnarchy,post,1556054809,neutral
bfv77f,Fitness,post,1555889883,positive
biwrrj,FortNiteBR,post,1556583341,negative
b85miy,HistoryMemes,post,1554140287,neutral
bczh0a,ImGoingToHellForThis,post,1555218260,negative
bfv9vd,KotakuInAction,post,1555890339,neutral
bew5nk,MLBTheShow,post,1555656547,negative
bgafed,MtF,post,1555983916,neutral
bcj6hm,OSU,post,1555105067,neutral
b9bp2c,SquaredCircle,post,1554378585,neutral
bhp9m1,Trumpgret,post,1556301029,negative
baoh3t,baltimore,post,1554691599,negative
bc6wi0,baltimore,post,1555026491,negative
bf9b2i,btc,post,1555741435,neutral
bdy90w,dankmemes,post,1555443796,positive
b86y5u,dankmemes,post,1554145011,negative
bgtp53,dankmemes,post,1556106989,positive
bhrm28,dankmemes,post,1556313640,negative
b8uequ,dankmemes,post,1554272771,neutral
ba5nof,dankmemes,post,1554565849,negative
bemv5j,dankmemes,post,1555601180,negative
bfoknh,dankmemes,post,1555851739,negative
b7umz0,dankmemes,post,1554076903,negative
bh9svz,dankmemes,post,1556205251,positive
bhyp88,dankmemes,post,1556368941,negative
bcylux,dankmemes,post,1555211353,neutral
bhz1ug,dankmemes,post,1556371588,neutral
biewhx,dankmemes,post,1556479369,neutral
bfzadj,dankmemes,post,1555918496,positive
b7wdfi,dankmemes,post,1554086987,negative
b8aby5,dankmemes,post,1554157752,negative
bhi018,dankmemes,post,1556251425,positive
bish78,dankmemes,post,1556560352,neutral
bisiut,dankmemes,post,1556560586,neutral
bh7d3i,dankmemes,post,1556190805,neutral
bcgd46,dankmemes,post,1555090520,negative
bg8nko,darkjokes,post,1555973777,negative
bbtvy3,dontstarve,post,1554944083,neutral
bi54yk,dotnet,post,1556408538,negative
bh0cnj,funny,post,1556141792,negative
bdx2n5,gtaonline,post,1555437779,negative
bfg2hu,guro,post,1555788596,neutral
bgb1g6,marvelstudios,post,1555987531,neutral
bhr1wf,marvelstudios,post,1556310525,positive
bhl4nj,marvelstudios,post,1556277296,neutral
biq5r3,nosleep,post,1556548400,neutral
bahx4q,pakistan,post,1554653892,negative
b7z7ps,popheads,post,1554105446,negative
b8nvke,redditrequest,post,1554234046,neutral
bds6gh,redditrequest,post,1555409356,neutral
ba07o7,redditrequest,post,1554520845,neutral
bilygp,redditrequest,post,1556516666,neutral
bhmxqs,redditrequest,post,1556289053,neutral
b7w6xh,runescape,post,1554085886,neutral
be526t,slavelabour,post,1555486884,neutral
b8jti5,sweden,post,1554214749,neutral
bgw0j8,teenagers,post,1556119861,neutral
betzez,teenagers,post,1555640307,neutral
bap8fg,teenagers,post,1554696751,neutral
bhltcq,traaaaaaannnnnnnnnns,post,1556282461,positive
bhgmyu,unpopularopinion,post,1556242419,negative
bf6lnl,unpopularopinion,post,1555721464,negative
bbotyo,unpopularopinion,post,1554917595,positive
b9km26,Animemes,post,1554424537,negative
be0nex,AskOuija,post,1555456675,neutral
be0qu9,AskOuija,post,1555457237,neutral
bhxohz,AskReddit,post,1556359832,neutral
bf7v6g,California,post,1555730112,negative
bgfsq8,CringeAnarchy,post,1556022573,positive
bj6sig,DotA2,post,1556649062,neutral
b8li3u,Gamingcirclejerk,post,1554222745,negative
b8rvdi,GenderCritical,post,1554255354,negative
bj7c09,Jokes,post,1556651839,negative
b7y9s6,JustUnsubbed,post,1554098947,negative
beeil4,ModSupport,post,1555543323,neutral
b8m559,ModSupport,post,1554225719,neutral
badwks,PewdiepieSubmissions,post,1554621380,neutral
bbgnl0,Philippines,post,1554862600,neutral
bdzs22,Rainbow6,post,1555451788,negative
b7x3by,ShingekiNoKyojin,post,1554091532,negative
bdngwb,ShingekiNoKyojin,post,1555374549,neutral
bbqktn,Warframe,post,1554926264,neutral
bhcirj,Whatcouldgowrong,post,1556219225,neutral
be42t1,XXXTENTACION,post,1555478601,negative
bat4xs,accidentalswastika,post,1554726113,negative
b829f5,bakchodi,post,1554124643,negative
b92q6m,communism101,post,1554320827,negative
biqsip,dankmemes,post,1556551772,neutral
bhvl6n,dankmemes,post,1556339793,neutral
bi24ix,dankmemes,post,1556390317,negative
bf2rvr,dankmemes,post,1555699747,negative
b8kvco,dankmemes,post,1554219808,neutral
bbnghl,dankmemes,post,1554910706,negative
bdvhmd,dankmemes,post,1555429696,negative
b8pclo,dankmemes,post,1554241239,negative
b8082l,dankmemes,post,1554112842,negative
bh6m7g,dankmemes,post,1556184936,negative
bheym3,dankmemes,post,1556232197,neutral
bctjbt,dankmemes,post,1555180025,negative
bc0dnl,dankmemes,post,1554992088,negative
b83qcn,dankmemes,post,1554131943,negative
b7yp22,dankmemes,post,1554101812,neutral
bbxod2,darkjokes,post,1554973839,negative
bbq5q7,darkjokes,post,1554924126,negative
bfcb42,dfsports,post,1555767762,neutral
bdh9fu,ethereum,post,1555341942,negative
bftdqg,memes,post,1555879365,neutral
bd0bfg,memes,post,1555225883,neutral
baoqzp,memes,post,1554693411,neutral
bbf3pm,memes,post,1554853305,neutral
bbt5j7,memes,post,1554939743,negative
b879ke,nba,post,1554146201,neutral
baqtug,redditrequest,post,1554708599,neutral
b89kh7,redditrequest,post,1554154714,neutral
bc4msi,redditrequest,post,1555013929,neutral
bfeqy5,redditrequest,post,1555781445,neutral
b8gno2,runescape,post,1554195271,neutral
bfdkqp,smoking,post,1555775297,neutral
bj3w2b,socialism,post,1556634168,neutral
bd4giu,teenagers,post,1555259071,negative
bhvd9b,teenagers,post,1556338041,neutral
bfpy4h,xboxone,post,1555860440,negative
bgloow,youtube,post,1556053389,neutral
bfdmd8,AmItheAsshole,post,1555775537,negative
biq1hx,AskReddit,post,1556547736,neutral
bao1ck,AskReddit,post,1554688812,negative
bibjil,BetterEveryLoop,post,1556460221,negative
baatqn,CollegeBasketball,post,1554596885,negative
bge58y,CringeAnarchy,post,1556010094,negative
bev8lf,Dodgers,post,1555648919,neutral
b7z9m8,DunderMifflin,post,1554105824,negative
bebtyl,EtikaRedditNetwork,post,1555528680,negative
bdylsn,Fitness,post,1555445622,negative
beu8lu,FreeKarma4U,post,1555641980,neutral
bi59gu,HighQualityGifs,post,1556409360,negative
bhwqew,Hiphopcirclejerk,post,1556350131,negative
be4s9n,IWantOut,post,1555484443,neutral
bc7d1u,Showerthoughts,post,1555029288,neutral
be5isv,SubredditDrama,post,1555491329,negative
bgx8l4,UCalgary,post,1556125921,neutral
bi8bk2,bakchodi,post,1556431844,negative
b924c1,beermoney,post,1554318057,neutral
bhqxif,canes,post,1556309843,neutral
biazh6,copypasta,post,1556456384,negative
b9l5bi,copypasta,post,1554427817,negative
bb84so,dank_meme,post,1554817596,negative
b7v9h6,dankmemes,post,1554080342,negative
b808cm,dankmemes,post,1554112887,negative
bcoxg4,dankmemes,post,1555148835,negative
bhacya,dankmemes,post,1556208158,neutral
biux79,dankmemes,post,1556572818,negative
bg8iic,dankmemes,post,1555973003,neutral
bd5qsv,dankmemes,post,1555266161,neutral
bgkpih,dankmemes,post,1556048464,neutral
bgceh6,dankmemes,post,1555996114,negative
bhf3rc,dankmemes,post,1556233009,positive
b7v80c,dankmemes,post,1554080091,neutral
bb1di4,dankmemes,post,1554769769,neutral
bepz0y,dankmemes,post,1555617397,neutral
beqmb5,dankmemes,post,1555620938,positive
b9gb42,dankmemes,post,1554401907,negative
bcql6l,dankmemes,post,1555162919,negative
b7zzt7,dankmemes,post,1554111241,negative
bg56p4,dankmemes,post,1555955931,neutral
bccua0,darkjokes,post,1555071193,negative
bcdkw9,darkjokes,post,1555075779,negative
bcpxpo,darkjokes,post,1555158067,negative
b84i1x,fantasybball,post,1554135442,positive
biq2ry,forsen,post,1556547937,neutral
bfa5ew,gamindustri,post,1555749325,negative
bf4y16,hockey,post,1555711428,neutral
bfgkep,hockey,post,1555791372,negative
b867vc,leagueoflegends,post,1554141981,negative
bge8uv,marvelstudios,post,1556010938,positive
bdtlsp,memes,post,1555419314,positive
b8i7o0,memes,post,1554205995,negative
b8vbcv,modhelp,post,1554280179,neutral
b9wvh0,motorcycles,post,1554499494,negative
berphq,nerdist,post,1555626814,negative
bdvvpx,redditrequest,post,1555431686,neutral
be8y2h,redditrequest,post,1555513943,neutral
balu27,redditrequest,post,1554675179,neutral
bbl5s6,redditrequest,post,1554897642,neutral
bgdr08,redditrequest,post,1556006586,neutral
bck5se,shittynosleep,post,1555110673,negative
bfkj9w,teenagers,post,1555816297,negative
b9e0d6,teenagers,post,1554391022,negative
bbrep7,unpopularopinion,post,1554930538,neutral
bc6qrc,zelda,post,1555025496,negative
b934vt,zen,post,1554322739,neutral
b9a2p8,2007scape,post,1554366004,neutral
bgme48,AskOuija,post,1556057069,neutral
bf0wxk,AskThe_Donald,post,1555690278,negative
bcx1b2,AskTrumpSupporters,post,1555200354,neutral
bd523i,AskTrumpSupporters,post,1555262446,neutral
bfg249,BannedFromThe_Donald,post,1555788545,negative
bgd6bl,CringeAnarchy,post,1556001941,negative
bbq3kr,JoeRogan,post,1554923831,neutral
b8rt07,PewdiepieSubmissions,post,1554254964,negative
bhwsqx,StarVStheForcesofEvil,post,1556350785,negative
bhzqq1,TopMindsOfReddit,post,1556376289,negative
bhpfkd,Trumpgret,post,1556301885,neutral
bcet2q,apolloapp,post,1555082575,neutral
bdzkml,blackops3,post,1555450666,neutral
bbu011,brakebills,post,1554944773,neutral
bet23h,breathinginformation,post,1555634487,negative
baiwv6,canucks,post,1554659268,positive
biae0b,chelseafc,post,1556451713,neutral
bffv0i,childfree,post,1555787441,neutral
b7v6a9,dankmemes,post,1554079804,negative
b7xf0v,dankmemes,post,1554093543,negative
b82miw,dankmemes,post,1554126602,negative
bcfpuc,dankmemes,post,1555087298,neutral
bffh7v,dankmemes,post,1555785306,negative
bfkar8,dankmemes,post,1555814610,negative
be6n0g,dankmemes,post,1555500439,negative
b7zyjc,dankmemes,post,1554110978,negative
bcdkqv,dankmemes,post,1555075757,negative
bc8ipw,dankmemes,post,1555036459,negative
b7wnz2,dankmemes,post,1554088772,positive
bbc4h0,dankmemes,post,1554837754,positive
bfgqul,dankmemes,post,1555792357,neutral
bfhlx2,dankmemes,post,1555797416,positive
bfhj9z,dankmemes,post,1555796969,negative
bdbncp,dankmemes,post,1555300274,negative
bgjvwb,dankmemes,post,1556044245,negative
b89388,dankmemes,post,1554152903,negative
bc6gv1,darkjokes,post,1555023843,negative
b9f2ic,darkjokes,post,1554395904,neutral
bccjfd,darkjokes,post,1555069212,positive
bhmy4z,druggardening,post,1556289113,neutral
bdf3qc,facepalm,post,1555329473,negative
b83qzc,forhonor,post,1554132017,neutral
bgsrrw,gaming,post,1556100223,negative
bda9fl,homestuck,post,1555291637,neutral
bdp5uq,legaladvice,post,1555385063,neutral
b8hiaf,memes,post,1554201286,negative
b8balt,mildlyinfuriating,post,1554161915,negative
b9qhvu,mildlyinfuriating,post,1554466734,negative
ba2vgy,mildlyinfuriating,post,1554545216,negative
bao2jy,mildlyinfuriating,post,1554689021,negative
bb3g6h,mildlyinfuriating,post,1554782846,negative
bdzy64,mildlyinfuriating,post,1555452682,negative
besvdr,mildlyinfuriating,post,1555633353,neutral
bfo7sx,mildlyinfuriating,post,1555848989,negative
bg3mkr,mildlyinfuriating,post,1555948033,negative
bgt4lu,mildlyinfuriating,post,1556103057,neutral
bhj0cf,mildlyinfuriating,post,1556259123,neutral
bhlkfm,mildlyinfuriating,post,1556280589,neutral
bhsovm,mildlyinfuriating,post,1556319886,negative
bi12yn,mildlyinfuriating,post,1556384300,negative
biku0a,mildlyinfuriating,post,1556512270,negative
bilcdl,mildlyinfuriating,post,1556514172,negative
bbs2si,redditrequest,post,1554933940,neutral
b9tg1k,redditrequest,post,1554482236,neutral
bgc2io,redditrequest,post,1555993816,neutral
b9hkz7,secretsanta,post,1554408029,neutral
biov1x,singapore,post,1556540659,neutral
b96nau,subredditcancer,post,1554341978,negative
bffn8t,teenagers,post,1555786240,neutral
b7wyea,teenagers,post,1554090667,neutral
b7xei4,teenagers,post,1554093453,positive
b7znlf,teenagers,post,1554108783,positive
b7zqs1,teenagers,post,1554109418,negative
b82zur,teenagers,post,1554128434,negative
b839z7,teenagers,post,1554129794,neutral
b8bk26,teenagers,post,1554163191,neutral
b8dth7,teenagers,post,1554175497,neutral
b8mw0b,teenagers,post,1554229240,negative
b8qva1,teenagers,post,1554249502,negative
b8x1jl,teenagers,post,1554292901,negative
b96qko,teenagers,post,1554342529,neutral
b96vrf,teenagers,post,1554343390,negative
b971tl,teenagers,post,1554344401,neutral
b97n1a,teenagers,post,1554348105,neutral
b9l15o,teenagers,post,1554427120,neutral
b9oypz,teenagers,post,1554456162,negative
b9r5hr,teenagers,post,1554470538,neutral
b9y86n,teenagers,post,1554507162,negative
b9ymdz,teenagers,post,1554509639,neutral
b9yqmk,teenagers,post,1554510386,negative
ba03qh,teenagers,post,1554520009,neutral
ba4gsd,teenagers,post,1554558506,negative
ba4of4,teenagers,post,1554559924,negative
ba5njr,teenagers,post,1554565827,neutral
ba83i7,teenagers,post,1554579701,neutral
ba9ktm,teenagers,post,1554588622,negative
ba9rtz,teenagers,post,1554589845,negative
baa2zp,teenagers,post,1554591838,negative
baba4p,teenagers,post,1554600043,negative
babfwq,teenagers,post,1554601166,negative
bag6zb,teenagers,post,1554643462,neutral
bahcl9,teenagers,post,1554650722,neutral
baig76,teenagers,post,1554656796,neutral
baix50,teenagers,post,1554659308,neutral
bakjcw,teenagers,post,1554667874,neutral
bal3xm,teenagers,post,1554671046,neutral
ballmu,teenagers,post,1554673862,negative
bam0lr,teenagers,post,1554676221,negative
bamnqt,teenagers,post,1554680013,negative
barmrz,teenagers,post,1554715185,negative
bay0ts,teenagers,post,1554751866,negative
bb4sbt,teenagers,post,1554793125,neutral
bb4uk9,teenagers,post,1554793632,neutral
bbclei,teenagers,post,1554840094,positive
bbdb20,teenagers,post,1554843606,negative
bbe8i5,teenagers,post,1554848424,neutral
bbf5az,teenagers,post,1554853558,negative
bbmnn9,teenagers,post,1554906414,negative
bbpmzy,teenagers,post,1554921545,negative
bbqekg,teenagers,post,1554925385,neutral
bbryxi,teenagers,post,1554933430,negative
bc0ib3,teenagers,post,1554992777,negative
bc1cej,teenagers,post,1554997171,neutral
bc3nq1,teenagers,post,1555008933,negative
bc4beh,teenagers,post,1555012338,neutral
bc5i0e,teenagers,post,1555018491,neutral
bcax7v,teenagers,post,1555055376,neutral
bcej3r,teenagers,post,1555081148,neutral
bcj8i6,teenagers,post,1555105385,positive
bckrbm,teenagers,post,1555114411,neutral
bcmhaq,teenagers,post,1555126297,negative
bcnb8x,teenagers,post,1555132981,neutral
bcsc0v,teenagers,post,1555173286,neutral
bcsqyp,teenagers,post,1555175628,neutral
bcu67u,teenagers,post,1555183455,negative
bcy7k9,teenagers,post,1555208465,negative
bcycb0,teenagers,post,1555209390,negative
bd006r,teenagers,post,1555222923,negative
bd0bib,teenagers,post,1555225905,negative
bd0r1k,teenagers,post,1555230352,neutral
bd3kdj,teenagers,post,1555253888,neutral
bd5yo7,teenagers,post,1555267283,neutral
bd6paf,teenagers,post,1555271075,negative
bda4wc,teenagers,post,1555290856,negative
bdbs3p,teenagers,post,1555301200,neutral
bdll2r,teenagers,post,1555364125,negative
be27s1,teenagers,post,1555465978,neutral
be6k5h,teenagers,post,1555499863,negative
be6l2c,teenagers,post,1555500039,negative
be8khc,teenagers,post,1555511947,negative
bea9at,teenagers,post,1555520647,negative
bed32u,teenagers,post,1555535391,neutral
behv4i,teenagers,post,1555565290,neutral
beogqu,teenagers,post,1555609431,negative
beubs9,teenagers,post,1555642568,negative
bex751,teenagers,post,1555666140,negative
bexsaf,teenagers,post,1555671186,negative
bfcli9,teenagers,post,1555769575,neutral
bfemnu,teenagers,post,1555780816,neutral
bftwj5,teenagers,post,1555882263,neutral
bfxorp,teenagers,post,1555905546,negative
bg58bl,teenagers,post,1555956158,neutral
bg9mrk,teenagers,post,1555979202,negative
bgbd2m,teenagers,post,1555989455,neutral
bgc9e6,teenagers,post,1555995108,neutral
bgfm8m,teenagers,post,1556021414,neutral
bgig6e,teenagers,post,1556037020,neutral
bgkk46,teenagers,post,1556047705,neutral
bgkk5p,teenagers,post,1556047711,neutral
bgkk6z,teenagers,post,1556047714,neutral
bgkk7x,teenagers,post,1556047717,neutral
bgkkax,teenagers,post,1556047727,neutral
bgkkfi,teenagers,post,1556047745,neutral
bgl71k,teenagers,post,1556050922,negative
bgp4aq,teenagers,post,1556072575,negative
bgxqay,teenagers,post,1556128403,neutral
bh33qa,teenagers,post,1556157768,negative
bhbrpy,teenagers,post,1556215357,positive
bhdbqi,teenagers,post,1556223437,neutral
bhfqsd,teenagers,post,1556236804,neutral
bhg6zj,teenagers,post,1556239644,neutral
bhh9la,teenagers,post,1556246461,neutral
bhip8b,teenagers,post,1556256594,neutral
bhrsau,teenagers,post,1556314621,negative
bhrti4,teenagers,post,1556314815,neutral
bhths9,teenagers,post,1556324832,positive
bhv1og,teenagers,post,1556335590,positive
bhxf3e,teenagers,post,1556357268,neutral
bhy0jj,teenagers,post,1556363145,positive
bi4sil,teenagers,post,1556406333,neutral
bi8abb,teenagers,post,1556431532,negative
bi9bh8,teenagers,post,1556441502,neutral
bia6ia,teenagers,post,1556449866,negative
bih508,teenagers,post,1556491844,positive
bizme7,teenagers,post,1556601927,negative
bj5h02,teenagers,post,1556642421,neutral
bja7fl,teenagers,post,1556666436,neutral
bb4cog,tylerthecreator,post,1554789646,negative
beh4kx,7daystodie,post,1555559717,negative
bbf3z5,AmItheAsshole,post,1554853352,neutral
b9534z,AnthemTheGame,post,1554332775,neutral
bfd7or,AskComputerScience,post,1555773209,neutral
bbvpd2,AtlantaHawks,post,1554955728,neutral
bec5gk,Cityofheroes,post,1555530389,positive
bgnl3s,CringeAnarchy,post,1556063736,negative
bgmgr0,CringeAnarchy,post,1556057451,negative
bgb8ms,CringeAnarchy,post,1555988708,negative
bgbdur,CringeAnarchy,post,1555989590,neutral
bgbo8c,CringeAnarchy,post,1555991355,neutral
bgofu4,CringeAnarchy,post,1556068686,negative
bgpl9b,CringeAnarchy,post,1556075339,negative
bbtrhs,Eyebleach,post,1554943342,negative
bc7s4o,FortNiteBR,post,1555031897,negative
bc82gk,FortNiteBR,post,1555033667,negative
b920rm,ImGoingToHellForThis,post,1554317593,neutral
baa5wu,ImGoingToHellForThis,post,1554592364,negative
bckg7o,ImGoingToHellForThis,post,1555112449,negative
bivyxr,Knife_Swap,post,1556578587,positive
bh60nb,LigaMX,post,1556179248,negative
b8qw3f,MaddenUltimateTeam,post,1554249637,positive
bhppnn,ModSupport,post,1556303346,neutral
bivvs8,NYGiants,post,1556578075,neutral
bb8lwx,OnePunchMan,post,1554820192,positive
bc68p5,PennStateUniversity,post,1555022528,neutral
bfmah2,PewdiepieSubmissions,post,1555830521,neutral
bcdrbd,PewdiepieSubmissions,post,1555076847,negative
bazj3n,ProRevenge,post,1554759527,neutral
bihlpl,RoastMe,post,1556494735,neutral
bg3pv4,TheAmazingRace,post,1555948510,positive
bi40l0,Trumpgret,post,1556401594,negative
bcl0rp,WatchRedditDie,post,1555116132,positive
bcqbmf,amishadowbanned,post,1555161034,negative
b95dxx,askphilosophy,post,1554334497,neutral
bd4qgd,breastfeeding,post,1555260628,negative
bheaym,canes,post,1556228582,positive
bft6us,csgo,post,1555878277,negative
bfth3a,csgo,post,1555879892,negative
bblvw6,dankmemes,post,1554902153,negative
babu5z,dankmemes,post,1554603941,neutral
bfnvdb,dankmemes,post,1555846109,neutral
b8gdas,dankmemes,post,1554193016,negative
b8kiyn,dankmemes,post,1554218166,negative
bb24oy,dankmemes,post,1554774323,neutral
bbghzx,dankmemes,post,1554861647,negative
bgdl8y,dankmemes,post,1556005224,neutral
bhkkvu,dankmemes,post,1556272907,neutral
bhtba9,dankmemes,post,1556323754,negative
b7yim5,dankmemes,post,1554100599,negative
bgqz8x,freefolk,post,1556084763,neutral
b7wbal,lego,post,1554086627,neutral
bdesog,modhelp,post,1555327241,neutral
bgmr9z,modhelp,post,1556059083,neutral
baimq8,pakistan,post,1554657752,neutral
bid2aj,rant,post,1556469209,negative
b8kyfv,redditrequest,post,1554220209,neutral
beiq4b,redditrequest,post,1555572527,neutral
bi6prk,redditrequest,post,1556419227,neutral
bd4jdu,redditrequest,post,1555259515,neutral
b8piet,redditrequest,post,1554242055,neutral
bbm2q4,redditrequest,post,1554903228,neutral
bbmam8,redditrequest,post,1554904456,neutral
balsj1,redditrequest,post,1554674947,neutral
ba70l2,redditrequest,post,1554573421,neutral
bghsvs,redsox,post,1556033804,neutral
bbx8l6,relationships,post,1554969782,neutral
b8w1zm,rugbyunion,post,1554286158,neutral
bj91bm,soccer,post,1556660265,negative
bhr5l1,stevenuniverse,post,1556311095,neutral
b8qsh3,tales,post,1554249050,positive
bgnqv5,teenagers,post,1556064647,negative
b8flah,teenagers,post,1554187381,neutral
bfdp2o,teenagers,post,1555775958,negative
bi6hff,teenagers,post,1556417607,negative
biab20,teenagers,post,1556450992,neutral
bbm64u,ukpolitics,post,1554903759,negative
baf5d4,untildawn,post,1554634757,neutral
bff5we,woooosh,post,1555783609,neutral
bbkxuc,ADHD,post,1554896086,negative
bbl0z5,ADHD,post,1554896688,negative
bifcr7,Assistance,post,1556481752,negative
bf1738,BPD,post,1555691707,neutral
befaws,ClashRoyale,post,1555548082,neutral
beahag,ContestOfChampions,post,1555521753,neutral
bguzsn,CringeAnarchy,post,1556114599,neutral
bgpump,CringeAnarchy,post,1556076961,neutral
bgknty,CringeAnarchy,post,1556048238,negative
bh307q,Cubs,post,1556157180,negative
bgfhy0,FORTnITE,post,1556020644,positive
bfyrmt,GakiNoTsukai,post,1555913993,positive
bcjyqr,GradSchool,post,1555109508,neutral
bbc9nu,HelpMeFind,post,1554838481,negative
bd8wn4,HistoryMemes,post,1555283191,neutral
bhya2o,IBO,post,1556365481,negative
b8uk1n,MDMA,post,1554273955,neutral
b7w0mp,MMA,post,1554084852,neutral
ba0o8m,Mavericks,post,1554524425,neutral
bj2o69,MemeEconomy,post,1556627028,neutral
bak6rv,MemeEconomy,post,1554666012,negative
bf6ctp,Memes_Of_The_Dank,post,1555719823,neutral
bggbvp,ModSupport,post,1556025809,neutral
b7wece,MortalKombat,post,1554087142,neutral
bd0qtr,MortalKombat,post,1555230295,neutral
bdbkmk,MortalKombat,post,1555299729,neutral
b7wfby,PewdiepieSubmissions,post,1554087309,positive
b83c2p,SaltLakeCity,post,1554130072,neutral
bevrmr,SaltLakeCity,post,1555653248,negative
bav8k0,SeattleWA,post,1554737690,negative
b9m874,Tinder,post,1554434594,negative
bc0rlc,boston,post,1554994185,neutral
bhn198,boston,post,1556289579,neutral
bba1j5,dank_meme,post,1554827521,negative
bds5ut,dankmemes,post,1555409225,positive
bilun4,dankmemes,post,1556516085,neutral
bhqokx,dankmemes,post,1556308511,positive
bek3xf,dankmemes,post,1555584693,negative
bfkabe,dankmemes,post,1555814531,negative
bdmiwy,dankmemes,post,1555369062,neutral
bb8cm9,dankmemes,post,1554818790,neutral
bcwp3l,dankmemes,post,1555198194,negative
bgi017,dankmemes,post,1556034790,negative
bgiodi,dankmemes,post,1556038132,negative
b7yiwg,dankmemes,post,1554100652,negative
b82nq8,dankmemes,post,1554126797,negative
bcetxn,dankmemes,post,1555082699,negative
b7xpi8,dankmemes,post,1554095368,negative
b7xvrz,dankmemes,post,1554096434,negative
b7y4eh,dankmemes,post,1554097963,negative
ba5yzn,digitalnomad,post,1554567621,positive
bd60ho,electronic_cigarette,post,1555267544,neutral
bh574u,fasting,post,1556172264,neutral
b8997g,gaming,post,1554153519,positive
b89iyd,gaming,post,1554154552,positive
b9enca,gaming,post,1554393982,negative
b9pitl,gaming,post,1554460428,neutral
bekbx6,gaming,post,1555586309,neutral
bes3io,gaming,post,1555628901,neutral
besc7h,gaming,post,1555630210,neutral
bhagi9,gaming,post,1556208647,negative
bhrt95,gaming,post,1556314774,negative
b8497a,hamptonbrandon,post,1554134331,neutral
bj6je9,hearthstone,post,1556647775,negative
ba5b06,help,post,1554563764,neutral
bbhff6,lakers,post,1554867695,neutral
b90ace,leaves,post,1554309432,positive
beujqo,legaladvice,post,1555644026,neutral
b8oj48,lgbt,post,1554237243,negative
ba7x2g,lgbt,post,1554578617,neutral
bf4ph0,lgbt,post,1555710109,neutral
bf4xha,lgbt,post,1555711340,neutral
bhqj9n,lgbt,post,1556307720,negative
bdqxll,meme,post,1555398659,neutral
bi344r,memes,post,1556396170,negative
bc3iqx,memes,post,1555008223,negative
be19js,niceguys,post,1555460269,negative
ba7h4g,opieandanthony,post,1554576004,negative
bczu36,opieandanthony,post,1555221432,neutral
b8in6h,redditrequest,post,1554208565,neutral
bbc774,redditrequest,post,1554838134,neutral
b92tb1,redditrequest,post,1554321227,neutral
b8pum3,redditrequest,post,1554243814,negative
bi2itb,redditrequest,post,1556392654,neutral
b95zrg,redditrequest,post,1554338031,neutral
b9jcs9,redditrequest,post,1554417127,neutral
bj2v31,secretsanta,post,1556628293,neutral
bfm91l,singapore,post,1555830170,negative
bfmbia,singapore,post,1555830796,negative
bfmij6,singapore,post,1555832728,negative
bfp9jw,teenagers,post,1555856368,negative
bab3my,teenagers,post,1554598792,negative
ban5pg,teenagers,post,1554683132,negative
bbgmzp,tifu,post,1554862498,positive
bfzong,unpopularopinion,post,1555922078,negative
bfyisq,vintageaudio,post,1555911994,neutral
b9y1wc,Animemes,post,1554506074,neutral
bichzo,AskThe_Donald,post,1556466017,negative
baag8x,Augusta,post,1554594292,negative
bi8axm,Avengers,post,1556431681,positive
b89vls,ChapoTrapHouse,post,1554155985,neutral
bg9rl4,CringeAnarchy,post,1555979993,neutral
bfhn1f,Drama,post,1555797602,neutral
b8oz3t,LV426,post,1554239413,neutral
bdwxv7,MemeEconomy,post,1555437103,neutral
bajkh1,Memes_Of_The_Dank,post,1554662638,negative
bg1o0b,NSFW411,post,1555936960,negative
bi5w6p,NYKnicks,post,1556413513,neutral
biwrbt,Persona5,post,1556583263,negative
bg0mvb,PornhubComments,post,1555930103,neutral
bhll0e,Showerthoughts,post,1556280710,positive
baykk3,Terraria,post,1554754603,positive
b8lbuo,The_Donald,post,1554221932,negative
bhf42t,WatchRedditDie,post,1556233063,negative
b90imn,bangtan,post,1554310524,positive
bfa0fy,britishproblems,post,1555747974,negative
bh9twi,dankmemes,post,1556205392,negative
bh9wxd,dankmemes,post,1556205847,negative
bfljyr,dankmemes,post,1555823986,positive
bhivme,dankmemes,post,1556258029,negative
bhj3d9,dankmemes,post,1556259823,positive
b956wc,dankmemes,post,1554333371,negative
bhhen4,dankmemes,post,1556247387,neutral
b7vutu,dankmemes,post,1554083904,negative
b7x49x,dankmemes,post,1554091688,neutral
b7vmq1,dankmemes,post,1554082534,negative
b7wkg2,dankmemes,post,1554088145,neutral
b7xyhj,dankmemes,post,1554096911,negative
b8a25n,dankmemes,post,1554156725,negative
b7xudv,dankmemes,post,1554096204,neutral
bgvaqi,dankmemes,post,1556116202,neutral
bfotx1,dankmemes,post,1555853539,negative
bd0uar,dankmemes,post,1555231347,neutral
bfniqu,dankmemes,post,1555842824,negative
bafd4h,dankmemes,post,1554636705,neutral
b7zvgk,dankmemes,post,1554110355,negative
bfutvm,dankmemes,post,1555887618,negative
bfr1i2,dankmemes,post,1555866509,neutral
bb6px6,dankmemes,post,1554808949,negative
b9snta,dankmemes,post,1554478476,neutral
bc9fjk,darkjokes,post,1555042839,negative
bf7jgd,darknet,post,1555727749,neutral
bcwn1q,freefolk,post,1555197841,neutral
bgjcqd,freefolk,post,1556041502,positive
b9c3yz,funny,post,1554381047,neutral
b857i9,hearthstone,post,1554138708,negative
b859c4,hearthstone,post,1554138907,negative
b9899u,help,post,1554352386,neutral
beu4qm,memes,post,1555641291,negative
bhhsv7,memes,post,1556250053,neutral
bekb6s,needamod,post,1555586169,neutral
bdo6w8,opieandanthony,post,1555378887,negative
bgyoa7,r4r,post,1556133150,neutral
b86mch,redditrequest,post,1554143807,neutral
bi4dmo,redditrequest,post,1556403802,neutral
bcwzk2,redditrequest,post,1555200031,neutral
bfbcya,redditrequest,post,1555760745,neutral
b9eb2v,teenagers,post,1554392430,neutral
bf55k2,trashy,post,1555712581,negative
bgz6pd,2007scape,post,1556135726,neutral
begouc,AnthemTheGame,post,1555556750,neutral
bdompu,AnthemTheGame,post,1555381590,negative
bcunhj,AskOuija,post,1555186115,neutral
b7yn7z,AutoModerator,post,1554101470,neutral
beju1d,AutoModerator,post,1555582466,neutral
b893ik,Browns,post,1554152932,negative
bf8voa,CalgaryFlames,post,1555737887,positive
bd88vg,EscapefromTarkov,post,1555279475,negative
bh3qma,Flume,post,1556161649,negative
biwjgy,Gamingcirclejerk,post,1556581939,negative
bc71qn,JoeRogan,post,1555027412,negative
bh8ota,JoeRogan,post,1556199237,negative
bd8h47,KingdomHearts,post,1555280690,negative
bj5rbs,LAClippers,post,1556643847,positive
bcx3ll,Metalcore,post,1555200740,neutral
bh2g7l,MortalKombat,post,1556153839,neutral
b9kt90,NASCAR,post,1554425787,negative
bhf9w4,OnePunchMan,post,1556233984,neutral
bdzrbp,OneyPlays,post,1555451668,neutral
bhbk2s,PewdiepieSubmissions,post,1556214239,positive
bbhgwm,PewdiepieSubmissions,post,1554867987,negative
bhg415,Sat,post,1556239121,neutral
bgoi3x,WritingPrompts,post,1556069077,neutral
bbfs23,btc,post,1554857345,negative
bcclix,copypasta,post,1555069609,negative
bhr2n1,cowboys,post,1556310637,positive
b7v0zx,dankmemes,post,1554078934,neutral
b7vmbt,dankmemes,post,1554082468,positive
bhe7so,dankmemes,post,1556228086,positive
b8jca5,dankmemes,post,1554212315,neutral
bfgqqn,dankmemes,post,1555792343,positive
bdsdzo,dankmemes,post,1555411038,neutral
bbyoo7,dankmemes,post,1554981760,negative
bhyjbu,dankmemes,post,1556367587,positive
bd8arz,dankmemes,post,1555279754,negative
basab6,dankmemes,post,1554720503,neutral
belp56,dankmemes,post,1555594907,negative
bdtnyy,dankmemes,post,1555419671,negative
b8is48,dankmemes,post,1554209338,negative
bcm7o3,darkjokes,post,1555124320,negative
bh96ux,engrish,post,1556202014,neutral
bafa8b,funny,post,1554636007,neutral
bg7cq0,funny,post,1555966920,neutral
bbrrsl,gonewild30plus,post,1554932437,negative
beo1ej,ideasfortheadmins,post,1555607223,neutral
bgxln9,kpop,post,1556127749,negative
b7yeya,kpop,post,1554099910,neutral
b7v97m,malaysia,post,1554080296,positive
bhpthz,memes,post,1556303898,neutral
bi7wru,memes,post,1556428330,negative
bak7d5,nfl,post,1554666095,negative
bde7ua,pcmasterrace,post,1555322621,positive
beobw1,ravens,post,1555608718,neutral
bc7s07,redditrequest,post,1555031876,neutral
b9pkqk,redditrequest,post,1554460803,negative
bcogq3,rollercoasters,post,1555144009,negative
bbdhh0,sadcringe,post,1554844494,negative
bhwb46,shittyrobots,post,1556346085,neutral
bj2ur1,sto,post,1556628239,neutral
bgu2p7,teenagers,post,1556109327,neutral
b966oi,teenagers,post,1554339174,neutral
bjai7f,todayilearned,post,1556668211,negative
bdou54,traaaaaaannnnnnnnnns,post,1555382912,neutral
bg0x6s,2007scape,post,1555932201,negative
be2n2j,2007scape,post,1555468548,neutral
ba7mew,AskOuija,post,1554576841,neutral
ba0hl0,Autoflowers,post,1554523011,neutral
b954q4,BlackPeopleTwitter,post,1554333025,neutral
baw4fw,Braves,post,1554742118,negative
bgnk4f,DeepFriedMemes,post,1556063575,neutral
bdamom,DeepFriedMemes,post,1555293912,neutral
bdhufy,DeepFriedMemes,post,1555344726,neutral
bb0f7q,Drama,post,1554764358,neutral
berth2,MLBTheShow,post,1555627401,negative
bcnqan,RocketLeagueExchange,post,1555136724,positive
bg6yz9,RocketLeagueExchange,post,1555964986,neutral
bh98xa,The_Donald,post,1556202336,neutral
baablj,TrueOffMyChest,post,1554593403,negative
bga6pp,baltimore,post,1555982482,negative
bcnkls,blackmagicfuckery,post,1555135304,negative
bek2kt,brisbane,post,1555584392,neutral
bg67ru,conspiracy,post,1555961137,negative
bgx60m,dankmemes,post,1556125577,neutral
bfiodw,dankmemes,post,1555804057,negative
bfw6tt,dankmemes,post,1555895964,negative
bi69oj,dankmemes,post,1556416162,negative
bicod0,dankmemes,post,1556467044,negative
b86y7w,dankmemes,post,1554145019,negative
b9yp4r,dankmemes,post,1554510119,neutral
bi7pyn,dankmemes,post,1556426816,neutral
b8kto7,dankmemes,post,1554219587,negative
beegb6,dankmemes,post,1555542943,negative
b85tjs,dankmemes,post,1554140847,neutral
bffd23,dankmemes,post,1555784685,negative
bffd36,dankmemes,post,1555784690,negative
bigc0f,dankmemes,post,1556487088,negative
bgakoe,dankmemes,post,1555984766,negative
bhkxfi,dankmemes,post,1556275796,positive
bgnx7n,dankmemes,post,1556065686,negative
bhd0qm,dankmemes,post,1556221861,positive
bfpnnl,dankmemes,post,1555858715,neutral
bbqq1p,darkjokes,post,1554926980,negative
bf99om,darkjokes,post,1555741100,neutral
bao6im,darknet,post,1554689711,neutral
batr5z,darknet,post,1554729753,neutral
b8bbhu,gifs,post,1554162036,neutral
bdn8a5,hearthstone,post,1555373085,neutral
bauqsm,help,post,1554735171,neutral
beach4,hoggit,post,1555521082,negative
bbjpfx,ireland,post,1554886087,negative
beh1n3,marvelstudios,post,1555559133,negative
bejcsw,nba,post,1555578482,neutral
berc7l,nothingeverhappens,post,1555624879,negative
bddbcy,opieandanthony,post,1555314234,negative
b8nnnw,redditrequest,post,1554232981,neutral
bffgtk,redditrequest,post,1555785255,neutral
bj1bn5,redditrequest,post,1556616738,neutral
bcmosc,redditrequest,post,1555127962,neutral
bad3jr,redditrequest,post,1554613787,neutral
bah5el,redditrequest,post,1554649587,neutral
bc2gtb,redditrequest,post,1555002850,neutral
bc0wtr,redditrequest,post,1554994933,neutral
bbg9lb,shittyaskreddit,post,1554860245,neutral
beu2t2,shittyaskreddit,post,1555640944,negative
bfjn96,shittyaskreddit,post,1555810316,neutral
b8hfyr,southafrica,post,1554200855,negative
b9ngpo,teenagers,post,1554443705,negative
baawyk,tylerthecreator,post,1554597495,positive
b8ncht,2007scape,post,1554231488,neutral
bf66p2,Animemes,post,1555718766,neutral
bdatdx,Animemes,post,1555295019,positive
b9o8jg,AskOuija,post,1554449878,neutral
be817f,Cityofheroes,post,1555508997,neutral
bgqrue,CringeAnarchy,post,1556083310,negative
bgt177,CringeAnarchy,post,1556102331,negative
bf4vm7,Drama,post,1555711062,negative
b942ly,JustNoSO,post,1554327342,neutral
bb8rtz,Kanye,post,1554821075,neutral
bd89c7,Memes_Of_The_Dank,post,1555279540,negative
bhb5kx,Memes_Of_The_Dank,post,1556212189,neutral
b9g5o4,ModSupport,post,1554401185,neutral
bbvdlm,NoStupidQuestions,post,1554953475,negative
bb73ss,OnePiece,post,1554811464,neutral
bev6ui,OnePiece,post,1555648539,neutral
bf7hvg,SJSU,post,1555727437,neutral
b7w64s,SkincareAddiction,post,1554085757,neutral
bgbfwl,UCalgary,post,1555989940,neutral
bdnsoh,WatchRedditDie,post,1555376526,negative
bi6ye5,WatchRedditDie,post,1556420972,negative
bepu0p,craigslist,post,1555616652,neutral
be6khb,dankmemes,post,1555499929,positive
baeju5,dankmemes,post,1554628781,neutral
bbvi0g,dankmemes,post,1554954307,negative
bbr136,dankmemes,post,1554928584,neutral
b7wvwk,dankmemes,post,1554090189,negative
basqfo,dankmemes,post,1554723638,neutral
bh415x,dankmemes,post,1556163553,negative
bgkcpk,dankmemes,post,1556046628,neutral
b9v2dc,darkjokes,post,1554490218,negative
bbp4zw,darkjokes,post,1554919093,negative
bbua6b,darkjokes,post,1554946497,neutral
bfksin,darkjokes,post,1555818132,negative
bf8l0d,dubai,post,1555735547,negative
bg6z51,initiald,post,1555965012,neutral
bhdbsv,kratom,post,1556223445,positive
b9zh59,legaladvice,post,1554515446,positive
bh4hec,marvelstudios,post,1556166669,neutral
b9ns1p,memes,post,1554446222,neutral
bhfk4g,memes,post,1556235659,positive
bhy6zy,memes,post,1556364744,negative
bid5e5,needamod,post,1556469709,neutral
b9ky90,pickuplines,post,1554426623,neutral
b9w7e0,politics,post,1554495943,negative
b832zt,redditrequest,post,1554128856,neutral
bbdl4g,redditrequest,post,1554845022,neutral
bhsslz,redditrequest,post,1556320522,neutral
b99s8d,teenagers,post,1554363683,negative
bdl4q2,unpopularopinion,post,1555360614,negative
b9ir4q,unpopularopinion,post,1554413863,negative
bc1kqg,wow,post,1554998397,positive
bhwapj,Blep,post,1556345985,positive
bepuf7,BuyItForLife,post,1555616711,neutral
bguihe,CringeAnarchy,post,1556111929,negative
b81056,FortNiteBR,post,1554117819,neutral
beqv74,FortNiteBR,post,1555622257,negative
bg84ik,FortNiteBR,post,1555970928,negative
baj2op,GolfClash,post,1554660109,negative
beuvv9,Idubbbz,post,1555646412,negative
bamkb2,MLS,post,1554679427,positive
ba55gf,MaddenUltimateTeam,post,1554562880,neutral
bgrx24,PewdiepieSubmissions,post,1556092563,negative
b8ciri,PrequelMemes,post,1554168178,neutral
bamak3,SCBuildIt,post,1554677812,negative
b90iwd,Seattle,post,1554310558,negative
b7ydhy,The_Donald,post,1554099638,negative
b7ydn3,The_Donald,post,1554099668,negative
b83nrh,The_Donald,post,1554131614,negative
b8450m,The_Donald,post,1554133799,positive
b89vu5,The_Donald,post,1554156015,negative
b8sn6c,The_Donald,post,1554260070,negative
b8v92x,The_Donald,post,1554279600,neutral
b90wk3,The_Donald,post,1554312324,neutral
b953iv,The_Donald,post,1554332836,negative
b9782z,The_Donald,post,1554345490,negative
bac0mn,The_Donald,post,1554605239,neutral
bacfx9,The_Donald,post,1554608507,negative
bawub0,The_Donald,post,1554745821,negative
bben71,The_Donald,post,1554850698,neutral
bbva74,The_Donald,post,1554952838,negative
bcanca,The_Donald,post,1555052836,neutral
bch7b8,The_Donald,post,1555094597,negative
bcigj5,The_Donald,post,1555101117,neutral
bdissv,The_Donald,post,1555349378,negative
bdskct,The_Donald,post,1555412426,neutral
becrcy,The_Donald,post,1555533627,neutral
bed66s,The_Donald,post,1555535877,neutral
bfgmzs,The_Donald,post,1555791762,negative
bfhto7,The_Donald,post,1555798701,positive
bg0mer,The_Donald,post,1555929997,neutral
bgz5tu,The_Donald,post,1556135608,negative
bhg0f9,The_Donald,post,1556238447,negative
bhg262,The_Donald,post,1556238775,negative
bhg8r8,The_Donald,post,1556239959,negative
biehyc,The_Donald,post,1556477185,negative
bifn2u,The_Donald,post,1556483267,negative
bitz0r,The_Donald,post,1556568020,negative
bi7n7f,Tronix,post,1556426239,neutral
bhi38h,Trumpgret,post,1556252029,neutral
b800yl,bjj,post,1554111457,positive
b8fl0e,chicago,post,1554187326,negative
bec90y,confession,post,1555530918,neutral
bcroue,dankmemes,post,1555169584,negative
bhj4xd,dankmemes,post,1556260193,negative
baffud,dankmemes,post,1554637425,neutral
b83hx3,dankmemes,post,1554130857,neutral
bfr4h7,dankmemes,post,1555866947,neutral
bhgzel,dankmemes,post,1556244664,neutral
bhdofg,dankmemes,post,1556225233,neutral
bd09u5,dankmemes,post,1555225467,negative
bds9qt,dankmemes,post,1555410085,negative
b7v3cg,dankmemes,post,1554079308,positive
bhgrh7,dankmemes,post,1556243240,neutral
bge60w,dankmemes,post,1556010273,neutral
bbjfh7,darkjokes,post,1554883524,negative
bc7cq2,darkjokes,post,1555029236,negative
bcczbz,darkjokes,post,1555072123,neutral
bfcopb,darkjokes,post,1555770118,negative
baysvj,fffffffuuuuuuuuuuuu,post,1554755776,negative
bhyc2i,funny,post,1556365955,negative
bffgwy,help,post,1555785263,neutral
bfo2t8,help,post,1555847898,negative
biug5e,lakers,post,1556570418,neutral
bhgxb6,memes,post,1556244295,positive
bf1c42,memes,post,1555692421,neutral
bh7g37,memes,post,1556191416,positive
bdnn3q,pathofexile,post,1555375595,negative
bceta4,redditrequest,post,1555082606,neutral
b9n7qv,redditrequest,post,1554441708,neutral
bgmtwp,redditrequest,post,1556059476,neutral
bgorpr,redditrequest,post,1556070568,neutral
bj6rug,redditrequest,post,1556648970,neutral
bj5ekx,redditrequest,post,1556642091,neutral
befl4i,smashbros,post,1555549804,positive
beflm0,smashbros,post,1555549890,positive
b8xlaa,teenagers,post,1554296142,negative
be962d,thedivision,post,1555515071,neutral
bhtz16,tipofmytongue,post,1556328004,neutral
b9txc3,wallstreetbets,post,1554484567,neutral
bd94qt,ChapoTrapHouse,post,1555284609,neutral
bhfbbt,CookieClicker,post,1556234213,negative
bamfnc,FortNiteBR,post,1554678730,neutral
ber0gr,IdiotsInCars,post,1555623068,neutral
ber5l1,IdiotsInCars,post,1555623844,neutral
berhqj,IdiotsInCars,post,1555625684,neutral
bh975v,IdiotsInCars,post,1556202061,negative
bfvcgk,IncelTears,post,1555890786,neutral
bgf2yf,JUSTNOMIL,post,1556017729,neutral
bi2ap4,JustUnsubbed,post,1556391333,negative
bibl3a,NoStupidQuestions,post,1556460500,neutral
bgbo5q,NoStupidQuestions,post,1555991344,negative
bhl1cq,Trumpgret,post,1556276627,negative
bi8hl0,VirginiaBeach,post,1556433377,neutral
bf9srk,WTF,post,1555745920,negative
b868y1,aww,post,1554142139,neutral
bf27nc,dankmemes,post,1555696862,neutral
bj2sun,dankmemes,post,1556627878,neutral
bj3cd9,dankmemes,post,1556631102,negative
bj3esh,dankmemes,post,1556631466,negative
b8fke6,dankmemes,post,1554187203,neutral
bh6x6l,dankmemes,post,1556187515,negative
bfk4kv,dankmemes,post,1555813449,negative
bath70,dankmemes,post,1554728191,negative
bg3hso,dankmemes,post,1555947364,neutral
bgyy1w,dankmemes,post,1556134518,negative
b8a6ox,dankmemes,post,1554157241,negative
b8aku5,dankmemes,post,1554158676,negative
be0rlx,dankmemes,post,1555457353,negative
bfiydz,dankmemes,post,1555805771,neutral
baekay,dankmemes,post,1554628899,neutral
bazatz,dankmemes,post,1554758289,neutral
bisvb8,dankmemes,post,1556562347,negative
bg50bd,dankmemes,post,1555955027,negative
bbn5fy,darkjokes,post,1554909125,negative
bc8s95,darkjokes,post,1555038220,negative
bfaovs,im14andthisisdeep,post,1555754648,negative
bd3s05,kratom,post,1555255140,positive
bgk0ce,madlads,post,1556044881,neutral
b8oai4,me_irl,post,1554236078,neutral
b8jujg,memes,post,1554214886,neutral
b9qoim,memes,post,1554467857,negative
bfg1xj,metacanada,post,1555788514,negative
bfg5wg,metacanada,post,1555789115,negative
be5zp2,pakistan,post,1555495412,neutral
b89d9s,pics,post,1554153949,negative
bh2wey,redditrequest,post,1556156554,neutral
b88jn5,redditrequest,post,1554150963,neutral
b7w0v6,redditrequest,post,1554084891,neutral
b849qd,redditrequest,post,1554134400,neutral
be87lr,redditrequest,post,1555509976,neutral
bfjxk9,redditrequest,post,1555812154,neutral
bi7k46,shittysuperpowers,post,1556425555,negative
becaez,teenagers,post,1555531123,neutral
bhmhyv,waifuism,post,1556286632,neutral
b81ecf,Animemes,post,1554120152,neutral
bdih0t,Blackfellas,post,1555347796,negative
bgr08o,CringeAnarchy,post,1556084961,negative
bgv647,CringeAnarchy,post,1556115526,neutral
baswjp,Drugs,post,1554724735,negative
bgwsb6,FreeSpeech,post,1556123691,neutral
bd7e3k,MtF,post,1555274868,neutral
bdknmm,Naruto,post,1555358241,negative
beh692,ProgrammerHumor,post,1555560028,neutral
bgpnmu,RWBY,post,1556075737,neutral
bg9zn0,SquaredCircle,post,1555981310,neutral
bhspul,StarWarsBattlefront,post,1556320056,negative
bazeh0,StarWarsBattlefront,post,1554758841,negative
bdo6dz,The_Donald,post,1555378804,positive
be1ond,XXXTENTACION,post,1555462804,positive
bc1q1i,asoiaf,post,1554999125,positive
bgb9wq,badMovies,post,1555988921,neutral
bhkh3s,conspiracy,post,1556271990,negative
bb8zwi,dankmemes,post,1554822236,negative
bb3948,dankmemes,post,1554781506,negative
ba7jv9,dankmemes,post,1554576438,negative
be5zzc,dankmemes,post,1555495483,positive
bdfx3g,dankmemes,post,1555334563,neutral
bfdbz6,dankmemes,post,1555773904,positive
bf14oq,dankmemes,post,1555691371,neutral
b7yxfy,dankmemes,post,1554103404,neutral
b8aem2,dankmemes,post,1554158004,negative
b8ajdj,dankmemes,post,1554158509,negative
bfoapq,dankmemes,post,1555849655,neutral
b86617,dankmemes,post,1554141775,neutral
bbb65z,dankmemes,post,1554833036,negative
b9i0qp,dankmemes,post,1554410170,negative
b8irlf,dankmemes,post,1554209257,positive
bgou1x,dankmemes,post,1556070946,negative
bgng35,dankmemes,post,1556062931,negative
bgngpk,dankmemes,post,1556063032,positive
bg2qyo,dankmemes,post,1555943344,neutral
bg2y4w,dankmemes,post,1555944449,neutral
belzjb,dankmemes,post,1555596547,negative
bgz1ec,dankmemes,post,1556134990,neutral
b7yf8c,dankmemes,post,1554099959,neutral
bhr5sm,dankmemes,post,1556311130,neutral
bchdg9,dankmemes,post,1555095448,negative
bc6xqq,darkjokes,post,1555026715,negative
bcal48,darkjokes,post,1555052293,negative
bcaly8,darkjokes,post,1555052496,negative
ber6lo,exjw,post,1555624002,neutral
baaglh,help,post,1554594357,neutral
bhv4f7,howardstern,post,1556336161,neutral
b8ldkd,iamverybadass,post,1554222158,negative
b8li6h,iamverybadass,post,1554222755,negative
bao7ov,kotor,post,1554689897,neutral
bbr9ci,linuxmasterrace,post,1554929784,neutral
bc38uw,madlads,post,1555006814,neutral
bhc1n2,marvelstudios,post,1556216776,neutral
beysfu,memes,post,1555678617,negative
bep920,memes,post,1555613560,neutral
bdfhi3,redditrequest,post,1555331953,neutral
bc5gqw,redditrequest,post,1555018304,neutral
bae12j,redditrequest,post,1554622802,neutral
b83z4b,redditrequest,post,1554133041,neutral
bfjkle,redditrequest,post,1555809837,neutral
bbf96p,sandiego,post,1554854205,neutral
bhm4k7,thebachelor,post,1556284425,negative
bj9bd4,todayilearned,post,1556661686,negative
bcyr6k,unpopularopinion,post,1555212462,negative
bhmfjz,unpopularopinion,post,1556286241,negative
bcmthc,weezer,post,1555128939,neutral
b86ywd,woahdude,post,1554145089,neutral
bhqa21,woooosh,post,1556306347,negative
b93l2n,2007scape,post,1554324883,neutral
bh7ifk,AskReddit,post,1556191882,neutral
bb6r0a,BoomBeach,post,1554809153,neutral
bedqe0,Braincels,post,1555538832,neutral
bd7v57,ChapoTrapHouse,post,1555277400,negative
b9rok0,FreeSpeech,post,1554473541,negative
bc76b8,IndiaSpeaks,post,1555028142,negative
babdqe,LeagueOfMeta,post,1554600745,negative
bh32dc,Neverbrokeabone,post,1556157557,neutral
bhwwm5,Overwatch,post,1556351961,neutral
be9xeb,Parenting,post,1555518945,neutral
b9h7z2,PewdiepieSubmissions,post,1554406236,negative
bbjfea,PewdiepieSubmissions,post,1554883503,negative
bgi2eg,PewdiepieSubmissions,post,1556035121,neutral
b9dhqd,PewdiepieSubmissions,post,1554388499,negative
bf6z48,RocketLeagueExchange,post,1555723912,neutral
bi5q07,SandersForPresident,post,1556412387,neutral
bhr77g,SkyrimTogether,post,1556311356,neutral
ben4sg,StarWarsBattlefront,post,1555602578,neutral
ban4ld,Thunder,post,1554682931,neutral
b9v08s,assassinscreed,post,1554489918,neutral
b8sy9c,biology,post,1554261949,neutral
b8258q,copypasta,post,1554124073,negative
b8vh4i,dankmemes,post,1554281596,negative
b7xwem,dankmemes,post,1554096548,negative
bfhb0j,dankmemes,post,1555795619,neutral
b7urbi,dankmemes,post,1554077488,negative
b8ae03,dankmemes,post,1554157945,positive
b8b665,dankmemes,post,1554161319,neutral
bdo8mp,dankmemes,post,1555379188,neutral
bfg6az,dankmemes,post,1555789184,neutral
bfgh7n,dankmemes,post,1555790875,neutral
b7z5io,dankmemes,post,1554105018,negative
b7z8cr,dankmemes,post,1554105579,negative
bflbw0,dankmemes,post,1555822176,neutral
b92w7b,dankmemes,post,1554321617,negative
b8nmyr,dankmemes,post,1554232886,negative
b8of78,dankmemes,post,1554236710,negative
b947op,dankmemes,post,1554328096,negative
be78ps,dankmemes,post,1555504411,neutral
b8wmvr,dankmemes,post,1554290205,positive
b8wpk8,dankmemes,post,1554290711,neutral
bbj4i9,dankmemes,post,1554880739,neutral
be4h85,dankmemes,post,1555481829,neutral
biprte,dankmemes,post,1556546219,negative
bal489,dankmemes,post,1554671091,negative
bd8ybs,dankmemes,post,1555283487,negative
beds46,dankmemes,post,1555539084,negative
bdmbs6,dankmemes,post,1555367990,neutral
bd37pz,dankmemes,post,1555251706,neutral
bhpt5u,dankmemes,post,1556303853,negative
bhi4y7,darkjokes,post,1556252356,negative
bbpvek,darkjokes,post,1554922705,neutral
bbtk64,darkjokes,post,1554942121,negative
bccc5y,darkjokes,post,1555067768,negative
bhdz2s,darkjokes,post,1556226780,neutral
bhe320,darkjokes,post,1556227384,negative
bfc8qc,darknet,post,1555767315,neutral
bfopuc,gatekeeping,post,1555852768,negative
be9igl,help,post,1555516831,neutral
bbvnk3,lgbt,post,1554955374,positive
bcruvq,memes,post,1555170565,negative
bg30ut,memes,post,1555944855,positive
b9x043,memes,post,1554500182,neutral
b7z1xe,modhelp,post,1554104301,neutral
bhb9ri,needamod,post,1556212759,neutral
b9vydo,opieandanthony,post,1554494664,negative
bculzl,opieandanthony,post,1555185880,negative
b89ise,popheads,post,1554154551,neutral
b83te6,rant,post,1554132322,negative
bcjz15,redditrequest,post,1555109561,neutral
bck0bs,redditrequest,post,1555109780,neutral
b8jw7u,redditrequest,post,1554215116,neutral
be2gg6,redditrequest,post,1555467413,neutral
bb13b9,redditrequest,post,1554768137,neutral
bgtju9,self,post,1556106033,neutral
bdc9vi,teenagers,post,1555304973,neutral
bf4tm7,teenagers,post,1555710745,negative
b8xyw6,thedivision,post,1554298171,positive
b9lpbp,transformers,post,1554431214,neutral
b84ky2,vermont,post,1554135819,positive
bc2qb9,2007scape,post,1555004173,negative
bdyid4,AskReddit,post,1555445134,neutral
bi9mog,AskReddit,post,1556444621,neutral
bgl423,AskReddit,post,1556050508,neutral
bcxv5n,AutoModerator,post,1555206016,neutral
bgfe4b,Battlefield,post,1556019931,negative
bg8pdw,CringeAnarchy,post,1555974035,neutral
bi80ip,Drama,post,1556429174,neutral
b81gpp,FORTnITE,post,1554120444,neutral
b844nd,FORTnITE,post,1554133752,neutral
bauf3k,FortNiteBR,post,1554733449,neutral
bcwf1o,GlobalOffensive,post,1555196529,neutral
bauhoo,MBMBAM,post,1554733834,negative
bhyc5j,MensRights,post,1556365979,positive
b8h6rx,MensRights,post,1554199122,negative
bgz2qs,NoStupidQuestions,post,1556135169,neutral
be3n5g,Polandballart,post,1555475402,neutral
be9a8k,Polandballart,post,1555515667,neutral
b7wsvn,PrequelMemes,post,1554089627,neutral
b864tf,PrequelMemes,post,1554141672,neutral
b88t7y,PrequelMemes,post,1554151922,neutral
b8aqzx,PrequelMemes,post,1554159413,neutral
b8qna6,PrequelMemes,post,1554248213,neutral
bbbrp9,PrequelMemes,post,1554836048,neutral
bbkyck,PrequelMemes,post,1554896179,neutral
bfqjrf,PrequelMemes,post,1555863848,positive
bgke7b,PrequelMemes,post,1556046883,neutral
b9nmnz,RATS,post,1554445005,neutral
becx0z,RobinHood,post,1555534480,neutral
bhchcu,SkincareAddictionUK,post,1556219022,neutral
b918jo,Trucks,post,1554313910,negative
bcf8sq,Warthunder,post,1555084833,negative
bdvlv0,bakchodi,post,1555430311,positive
b87dut,dank_meme,post,1554146663,negative
bferyv,dankmemes,post,1555781594,negative
bhs2gw,dankmemes,post,1556316237,positive
bhu130,dankmemes,post,1556328382,neutral
bcrmq9,dankmemes,post,1555169247,negative
bcrt7s,dankmemes,post,1555170291,neutral
b81dqi,dankmemes,post,1554120064,neutral
bgauqb,dankmemes,post,1555986421,negative
bfj281,dankmemes,post,1555806480,neutral
ba3xuw,dankmemes,post,1554554681,negative
bi4sxh,dankmemes,post,1556406402,negative
bcbxgd,dankmemes,post,1555064667,neutral
b7xsuj,dankmemes,post,1554095932,negative
bd4yhg,dankmemes,post,1555261871,negative
bgswre,dankmemes,post,1556101369,neutral
bicaga,dankmemes,post,1556464788,negative
biqh5g,dankmemes,post,1556550144,negative
b9n5gk,dankmemes,post,1554441231,negative
bfupbi,dankmemes,post,1555886834,neutral
bdhy3o,dankmemes,post,1555345194,positive
belfzk,dankmemes,post,1555593433,neutral
b7xenz,dankmemes,post,1554093482,neutral
b87ixa,dankmemes,post,1554147230,negative
b87lkv,dankmemes,post,1554147535,negative
bccn9e,darkjokes,post,1555069927,negative
bi7e8s,darkjokes,post,1556424280,positive
b9o2ur,donaldglover,post,1554448572,positive
bbbktj,eden,post,1554835088,neutral
bfoevv,findareddit,post,1555850516,negative
bamh2q,gay,post,1554678872,neutral
bc2yaq,hoi4,post,1555005302,neutral
babqf3,ideasfortheadmins,post,1554603196,neutral
beya17,jordan,post,1555675121,negative
ba7t2b,madlads,post,1554577926,neutral
bh8a9m,marvelstudios,post,1556196878,neutral
bdoln1,marvelstudios,post,1555381395,neutral
ba9r3w,me_irl,post,1554589719,neutral
b8kjpy,memes,post,1554218271,neutral
b7xqxf,memes,post,1554095612,neutral
b8c5sv,raimimemes,post,1554166307,neutral
b8df0y,raimimemes,post,1554173157,negative
bce916,rant,post,1555079619,negative
bc7ihq,redditrequest,post,1555030224,neutral
b8kj2l,redditrequest,post,1554218179,neutral
b8olhh,redditrequest,post,1554237561,neutral
bajzzk,redditrequest,post,1554664968,neutral
bizvxj,redditrequest,post,1556604080,neutral
b8rzsy,subredditcancer,post,1554256082,negative
bahhc7,teenagers,post,1554651463,neutral
bbch22,teenagers,post,1554839513,positive
bg2dx2,teenagers,post,1555941382,neutral
bcx07d,teenagers,post,1555200150,positive
beqw87,toastme,post,1555622408,neutral
bhdhyu,AskReddit,post,1556224354,neutral
be4u9g,Cityofheroes,post,1555484910,neutral
bgk4nw,CringeAnarchy,post,1556045504,neutral
bhfeyp,Drama,post,1556234819,negative
bi034s,FortNiteBR,post,1556378359,neutral
bbivyx,GunsNRoses,post,1554878831,negative
badib2,HighQualityGifs,post,1554617498,neutral
bfl9h8,JordanPeterson,post,1555821662,negative
bifxiq,LAClippers,post,1556484903,positive
bbhuc2,LadyGaga,post,1554870641,neutral
be5369,LifeProTips,post,1555487159,neutral
b901zs,MaddenUltimateTeam,post,1554308365,negative
b8q99q,Memes_Of_The_Dank,post,1554246025,neutral
bdyviy,SandersForPresident,post,1555447009,neutral
bhg2g2,TheOfficialPodcast,post,1556238832,negative
bd256t,Twitch,post,1555243941,neutral
bbvszs,XXXTENTACION,post,1554956467,negative
bfmccm,XXXTENTACION,post,1555831011,neutral
badne9,dankmemes,post,1554618850,negative
bir2oy,dankmemes,post,1556553193,positive
bgcwi1,dankmemes,post,1555999771,neutral
b7xwnd,dankmemes,post,1554096591,negative
b7xy58,dankmemes,post,1554096852,negative
b7zwa0,dankmemes,post,1554110523,negative
bfkc80,dankmemes,post,1555814897,negative
b7zxdb,dankmemes,post,1554110726,negative
bgcdxj,dankmemes,post,1555996003,negative
b7w8mr,dankmemes,post,1554086170,neutral
bdak8l,dankmemes,post,1555293479,negative
bhrmsx,dankmemes,post,1556313754,negative
bdxjso,dankmemes,post,1555440224,negative
bi4nep,dankmemes,post,1556405458,negative
bddwzx,dankmemes,post,1555320033,negative
bb4738,dankmemes,post,1554788396,negative
bh4i1o,dankmemes,post,1556166800,positive
bgaicz,dankmemes,post,1555984391,neutral
b7vmtf,dankmemes,post,1554082549,negative
b7vohe,dankmemes,post,1554082839,negative
bgmy22,fastfood,post,1556060122,negative
bhqss6,freefolk,post,1556309141,neutral
bd1uka,grilledcheese,post,1555241424,negative
be1agf,marvelstudios,post,1555460437,positive
bipffi,motogp,post,1556544160,neutral
b8sem8,pewdiepie,post,1554258564,negative
bghlr5,playrust,post,1556032763,negative
bealre,productivity,post,1555522388,neutral
bfn0mq,redditrequest,post,1555837796,neutral
bcbevt,redditrequest,post,1555060189,neutral
b8t37z,redditrequest,post,1554262881,neutral
bao4aj,rickandmorty,post,1554689319,positive
be5hgg,rockets,post,1555490973,positive
bc1jq7,sbubby,post,1554998246,negative
bbjy51,teenagers,post,1554888256,neutral
bgaohz,thedivision,post,1555985394,negative
ba47to,transgamers,post,1554556747,negative
beusjq,worldnews,post,1555645755,negative
bheopo,23andme,post,1556230663,neutral
bcwti5,BikiniBottomTwitter,post,1555198946,negative
b95pa6,BlackPeopleTwitter,post,1554336334,negative
baatxc,CollegeBasketball,post,1554596921,negative
bb3cuo,CollegeBasketball,post,1554782230,negative
bgowan,CringeAnarchy,post,1556071290,negative
b8jnp1,Games,post,1554213948,neutral
b9qgao,Glitch_in_the_Matrix,post,1554466471,neutral
b91v9f,GreenBayPackers,post,1554316880,neutral
b8wz80,HighQualityGifs,post,1554292507,neutral
bdzcfa,Irony,post,1555449447,negative
bcfq6o,Morocco,post,1555087348,neutral
bhawzj,PewdiepieSubmissions,post,1556210998,negative
bc3ziq,PewdiepieSubmissions,post,1555010590,neutral
bfv79x,PoliticalHumor,post,1555889894,negative
b93y4f,SeattleWA,post,1554326706,negative
babs3x,SmallYTChannel,post,1554603531,neutral
bixh68,The_Donald,post,1556587633,neutral
b8cdml,Twitch,post,1554167406,neutral
b91lw3,askphilosophy,post,1554315661,neutral
bit48n,bakchodi,post,1556563639,negative
bhdso1,circlejerk,post,1556225863,negative
bevm6b,dankmemes,post,1555651977,negative
bimdnd,dankmemes,post,1556520043,neutral
bd11x7,dankmemes,post,1555233508,negative
bgjwlb,dankmemes,post,1556044342,neutral
bhmiri,dankmemes,post,1556286764,neutral
b89ih4,dankmemes,post,1554154500,negative
b89j7y,dankmemes,post,1554154581,negative
bacw0z,dankmemes,post,1554612038,negative
bi77sl,dankmemes,post,1556422910,neutral
b86iu3,dankmemes,post,1554143380,neutral
b86m44,dankmemes,post,1554143777,negative
bicwae,dankmemes,post,1556468250,positive
bahecn,dankmemes,post,1554651008,negative
be9s4u,dankmemes,post,1555518178,neutral
bgjr81,dankmemes,post,1556043569,neutral
b835ep,dankmemes,post,1554129181,positive
bfhhho,dankmemes,post,1555796679,negative
bhl74w,dankmemes,post,1556277849,negative
bfichs,dankmemes,post,1555801999,negative
b7v184,dankmemes,post,1554078973,neutral
baiqlu,dankmemes,post,1554658309,negative
bfxqc6,dankmemes,post,1555905834,negative
bf0ri7,dankmemes,post,1555689508,negative
bgysn7,dankmemes,post,1556133774,negative
bho48p,dankmemes,post,1556295191,negative
bcfgts,darkjokes,post,1555085984,neutral
bc6dmh,darkjokes,post,1555023322,neutral
bh8khd,hearthstone,post,1556198533,positive
bawd3a,keto,post,1554743357,neutral
b7zmw1,lgbt,post,1554108629,neutral
bhnhir,marvelstudios,post,1556291934,positive
bgj68g,marvelstudios,post,1556040614,positive
bf5ywn,metacanada,post,1555717410,neutral
bgmcpj,metacanada,post,1556056887,negative
bboxgt,needamod,post,1554918063,neutral
bix0ua,needamod,post,1556584900,neutral
bf83ju,redditrequest,post,1555731829,neutral
bc7kwv,redditrequest,post,1555030652,neutral
bd5pb9,redditrequest,post,1555265943,neutral
begqhl,redditrequest,post,1555557049,neutral
b8vipk,redditrequest,post,1554281982,neutral
beob8r,redditrequest,post,1555608621,neutral
bdq70l,redditrequest,post,1555392679,neutral
bcb7ik,secretsanta,post,1555058197,neutral
bho5mg,startrek,post,1556295389,negative
bh9q4x,teenagers,post,1556204858,neutral
bbafoo,unpopularopinion,post,1554829391,negative
bhlu3d,vegan,post,1556282618,neutral
bbacys,AskMenOver30,post,1554829032,positive
bd5kye,AskReddit,post,1555265318,neutral
b9lgy1,Catholicism,post,1554429783,neutral
bgbge4,CringeAnarchy,post,1555990020,negative
bghase,CringeAnarchy,post,1556031212,negative
bbmwuc,FortNiteBR,post,1554907828,neutral
bfss7q,FortNiteBR,post,1555876038,negative
bbw7ex,French,post,1554961047,neutral
bf5lsy,HistoryMemes,post,1555715209,neutral
bfk3xk,JordanPeterson,post,1555813334,neutral
bi7i7x,NoStupidQuestions,post,1556425127,neutral
berrjg,PewdiepieSubmissions,post,1555627118,positive
bfqvzn,PewdiepieSubmissions,post,1555865711,neutral
bbld3u,PewdiepieSubmissions,post,1554898931,neutral
b9icz4,RandomActsofCards,post,1554411831,positive
bdyvkl,RandomActsofCards,post,1555447016,positive
bfa80l,TrueOffMyChest,post,1555750069,neutral
bglvyb,WatchRedditDie,post,1556054410,negative
b7yvq5,WatchRedditDie,post,1554103077,negative
bat6il,aphextwin,post,1554726386,neutral
bb23wq,beetlejuicing,post,1554774190,negative
b7yl4w,brisbane,post,1554101067,neutral
bbgut1,brisbane,post,1554863875,neutral
beyes3,cardano,post,1555676014,neutral
bbb3em,conspiracy,post,1554832654,negative
b7z0o8,dankmemes,post,1554104051,negative
bhukmw,dankmemes,post,1556332139,positive
bhtk6z,dankmemes,post,1556325260,negative
b8ysgl,dankmemes,post,1554302330,negative
bf4f7f,dankmemes,post,1555708492,positive
bj4b19,dankmemes,post,1556636417,positive
b8ybwx,dankmemes,post,1554300070,negative
bc0iig,dankmemes,post,1554992814,negative
be9mkk,dankmemes,post,1555517402,neutral
b85va5,dankmemes,post,1554140968,negative
bdjaq1,dankmemes,post,1555351794,negative
bih8s8,dankmemes,post,1556492495,neutral
b8ies4,dankmemes,post,1554207173,negative
bcgxk7,dankmemes,post,1555093307,negative
bdswio,dankmemes,post,1555414806,negative
bbkdle,darkjokes,post,1554891881,neutral
bcimln,darkjokes,post,1555102044,neutral
baeder,depression_help,post,1554626840,neutral
bfo9xd,drums,post,1555849472,neutral
bd9h98,lebanon,post,1555286763,neutral
b89gf3,legaladvice,post,1554154287,neutral
bfrpbh,marvelstudios,post,1555870110,positive
bdxboz,marvelstudios,post,1555439073,neutral
b8bdqe,memes,post,1554162334,negative
bezuyz,memes,post,1555684785,negative
be27o5,modhelp,post,1555465959,neutral
bbjss4,newzealand,post,1554886942,negative
bb1g9g,opieandanthony,post,1554770228,negative
bcpf0j,opieandanthony,post,1555153516,neutral
bggzpg,rage,post,1556029537,negative
b9930u,redditrequest,post,1554358383,neutral
bhxj7r,redditrequest,post,1556358370,neutral
bb1sc5,redditrequest,post,1554772262,neutral
bikm8x,redditrequest,post,1556511446,neutral
bgc8ru,swordartonline,post,1555994989,negative
badr5h,teenagers,post,1554619865,neutral
bc1pgo,torontoraptors,post,1554999041,neutral
bgzf7r,torontoraptors,post,1556136923,neutral
bf9wpm,zizek,post,1555746937,neutral
bcfuxz,2007scape,post,1555088039,neutral
bbzokf,Animemes,post,1554988178,positive
bbhszp,AskOuija,post,1554870372,negative
b8jsif,AskReddit,post,1554214614,negative
b8chql,CoDCompetitive,post,1554168022,negative
bb3b76,CollegeBasketball,post,1554781902,negative
bgrf1u,CringeAnarchy,post,1556088345,negative
bgke0g,CringeAnarchy,post,1556046858,negative
bgo8dv,CringeAnarchy,post,1556067503,neutral
bgfv6j,CringeAnarchy,post,1556022993,neutral
bet63l,DDLC,post,1555635167,neutral
beqf24,FortNiteBR,post,1555619827,negative
bihzoe,JustUnsubbed,post,1556497115,negative
b93x3u,MechanicalKeyboards,post,1554326561,negative
bgkezx,NoStupidQuestions,post,1556046985,neutral
b9i11t,RWBY,post,1554410209,neutral
bh1r1u,Showerthoughts,post,1556149623,positive
b9kt4a,Showerthoughts,post,1554425763,neutral
bhqoi8,SpaceXMasterrace,post,1556308498,positive
ba64ik,SymmetraMains,post,1554568506,negative
bbd7c7,TooAfraidToAsk,post,1554843069,neutral
bgmkzk,benzodiazepines,post,1556058125,negative
bherfx,dankmemes,post,1556231066,positive
bg595o,dankmemes,post,1555956271,negative
bgjou7,dankmemes,post,1556043247,neutral
bhssj6,dankmemes,post,1556320509,neutral
b7uywo,dankmemes,post,1554078608,negative
bdt3m6,dankmemes,post,1555416136,neutral
b7wogn,dankmemes,post,1554088860,negative
b7wp13,dankmemes,post,1554088955,negative
b7wxwu,dankmemes,post,1554090575,negative
bgklch,dankmemes,post,1556047876,negative
bgs0f3,dankmemes,post,1556093375,negative
bfy9s1,dankmemes,post,1555909922,neutral
b7zlrq,dankmemes,post,1554108394,negative
bgpeno,dankmemes,post,1556074262,positive
baw4on,dankmemes,post,1554742154,neutral
bi06jz,dankmemes,post,1556378956,negative
bfj55i,dankmemes,post,1555807009,positive
bbwsjp,darkjokes,post,1554965777,negative
b9sxss,darkjokes,post,1554479835,positive
bbu82g,darkjokes,post,1554946136,negative
b9igdu,gonewild,post,1554412319,neutral
bcdjpf,gonewild,post,1555075581,neutral
bcl34o,gonewild,post,1555116559,positive
bcreq1,gonewild,post,1555167942,positive
bcyiv4,gonewild,post,1555210738,neutral
bf72zt,gonewild,post,1555724620,neutral
bhdizw,gonewild,post,1556224500,neutral
biu1wr,gonewild,post,1556568413,neutral
bj9tkt,gonewild,post,1556664265,neutral
bgvx8i,grandorder,post,1556119390,neutral
bi81vr,marvelstudios,post,1556429503,positive
bhsyqh,memes,post,1556321580,negative
bf6x3m,nba,post,1555723546,neutral
bcj4lb,opieandanthony,post,1555104765,negative
bcuy2a,rangers,post,1555187768,positive
bcuzq0,rangers,post,1555188022,neutral
bhj376,rangers,post,1556259782,neutral
bc3jl4,reddevils,post,1555008333,negative
bg8mfr,redditrequest,post,1555973606,neutral
be9tex,redditrequest,post,1555518363,neutral
b8483z,redditrequest,post,1554134191,neutral
b8a48z,redditrequest,post,1554156964,neutral
be4xsw,starwarsspeculation,post,1555485780,neutral
b985ov,subredditcancer,post,1554351680,negative
bhog9h,survivor,post,1556296912,neutral
baonku,teenagers,post,1554692789,neutral
bhzlf3,teenagers,post,1556375371,neutral
bhwdch,theydidthemath,post,1556346647,neutral
b8tan2,wallstreetbets,post,1554264317,negative
bev6ms,AmItheAsshole,post,1555648492,neutral
bcg651,BikiniBottomTwitter,post,1555089571,negative
bh3a3r,Brawlstars,post,1556158824,negative
b88awa,ChapoTrapHouse,post,1554150093,neutral
bhrxi1,ClashOfClans,post,1556315462,positive
bdqr45,CringeAnarchy,post,1555397206,negative
bgkipu,CringeAnarchy,post,1556047501,negative
bgn11u,DankMemesFromSite19,post,1556060583,neutral
be5b82,DeepFriedMemes,post,1555489333,neutral
bd14mt,FACEITcom,post,1555234310,negative
b814p9,HistoryMemes,post,1554118582,negative
bibwd0,LegalAdviceUK,post,1556462485,neutral
bdimfs,MealPrepSunday,post,1555348517,negative
bj0982,NASCAR,post,1556607100,negative
bbgv13,Overwatch,post,1554863921,negative
b93va6,StarWarsBattlefront,post,1554326292,negative
bhovc7,Trumpgret,post,1556299018,neutral
bh1k2g,UCSantaBarbara,post,1556148444,neutral
bd5m8g,aww,post,1555265502,negative
bh00bx,aww,post,1556139988,negative
bi783c,aww,post,1556422965,neutral
bhp0wv,bakchodi,post,1556299809,neutral
bd5vb6,dankmemes,post,1555266815,neutral
bhhbnx,dankmemes,post,1556246832,positive
ba8fzo,dankmemes,post,1554581741,negative
bgxgvl,dankmemes,post,1556127081,positive
bfjycd,dankmemes,post,1555812300,neutral
baw89v,dankmemes,post,1554742678,neutral
ba7wq8,dankmemes,post,1554578561,negative
bfnsas,dankmemes,post,1555845336,neutral
beylnm,dankmemes,post,1555677339,negative
bfp30j,dankmemes,post,1555855207,neutral
bhxkmn,dankmemes,post,1556358780,neutral
bhcpzd,dankmemes,post,1556220270,negative
b8a26o,dankmemes,post,1554156727,positive
bcmrwm,dankmemes,post,1555128606,negative
bhdvz8,dankmemes,post,1556226331,positive
bhes5b,dankmemes,post,1556231175,positive
bg76d4,dankmemes,post,1555966024,neutral
be95uu,dankmemes,post,1555515045,neutral
bfjm7s,dankmemes,post,1555810129,neutral
bft736,dankmemes,post,1555878314,negative
b7xv13,dankmemes,post,1554096309,neutral
b7wfqh,dankmemes,post,1554087371,negative
b7xmmz,dankmemes,post,1554094899,negative
b7yv9g,dankmemes,post,1554102982,negative
b80y81,dankmemes,post,1554117489,neutral
b810h6,dankmemes,post,1554117871,negative
b810r7,dankmemes,post,1554117918,neutral
bbmdqy,darkjokes,post,1554904940,negative
bbtqci,darkjokes,post,1554943159,negative
bc8i3j,darkjokes,post,1555036344,positive
bcdecl,darkjokes,post,1555074698,neutral
ben4bv,justneckbeardthings,post,1555602510,positive
bfio3l,madlads,post,1555804005,negative
bdx37u,memes,post,1555437857,neutral
bi7weo,memes,post,1556428239,negative
b8rqjc,modhelp,post,1554254546,neutral
bbh9rl,playrust,post,1554866606,neutral
bffmjx,redditrequest,post,1555786135,neutral
bcy834,redditrequest,post,1555208560,neutral
baqbtq,redditrequest,post,1554704779,neutral
b8lnkp,redditrequest,post,1554223445,neutral
bh3w3w,synthesizers,post,1556162643,neutral
bak6pu,teenagers,post,1554666003,neutral
b8hlna,teenagers,post,1554201932,neutral
bfsds8,tf2,post,1555873815,negative
bj84ue,todayilearned,post,1556655912,negative
bho0wg,trashy,post,1556294710,neutral
betv0t,writing,post,1555639527,neutral
betnug,2007scape,post,1555638244,positive
ba3qgp,AlAnon,post,1554553041,positive
bhkbgn,AlAnon,post,1556270599,neutral
bdf5qk,AskOuija,post,1555329864,negative
bbune7,AskReddit,post,1554948756,neutral
bb662i,AskReddit,post,1554804765,neutral
bij4kg,Ask_Politics,post,1556504537,negative
bgizjd,CringeAnarchy,post,1556039674,negative
bi0c7i,DMT,post,1556379892,neutral
bhtss2,DestinyMemes,post,1556326834,positive
bficfx,HistoryMemes,post,1555801990,neutral
bdpfha,LiverpoolFC,post,1555386939,neutral
berdxq,PornhubComments,post,1555625123,neutral
bg3chr,Soda,post,1555946582,neutral
be2p0p,The_Donald,post,1555468902,positive
be33ej,The_Donald,post,1555471499,negative
bed4an,The_Donald,post,1555535580,positive
bj4wq9,baseball,post,1556639569,neutral
bf1yee,cableporn,post,1555695528,neutral
bay1sw,cosplay,post,1554751981,neutral
b83uhc,dankmemes,post,1554132463,negative
bd3ri6,dankmemes,post,1555255062,negative
bhplue,dankmemes,post,1556302790,neutral
bbpqhv,dankmemes,post,1554922020,negative
bfk6ps,dankmemes,post,1555813850,positive
baipnp,dankmemes,post,1554658165,negative
bbxr9y,darkjokes,post,1554974560,negative
b84j1j,geometrydash,post,1554135572,neutral
b9fwng,halo,post,1554399950,negative
bctyb2,kings,post,1555182307,neutral
beag89,meme,post,1555521603,negative
bb5eno,memes,post,1554798347,positive
bfxegk,memes,post,1555903587,negative
b84prc,nba,post,1554136457,neutral
b9kp59,newzealand,post,1554425059,neutral
bi671t,opiates,post,1556415649,negative
begl9z,opieandanthony,post,1555556123,negative
bi88jl,pakistan,post,1556431090,neutral
bhgxio,redacted,post,1556244331,negative
bgx4xf,reddevils,post,1556125448,negative
b8rz7p,redditrequest,post,1554255985,neutral
behe6x,redditrequest,post,1555561614,neutral
b9sbuy,redditrequest,post,1554476802,neutral
b81pw2,redditrequest,post,1554121832,neutral
bemjrv,shittyreactiongifs,post,1555599582,negative
bh2auz,skylanders,post,1556152931,neutral
bf68uq,teenagers,post,1555719116,negative
bgzlbi,teenagers,post,1556137814,negative
bhmz2i,teenagers,post,1556289251,negative
bfper5,tf2,post,1555857249,negative
bfqcaa,tf2,post,1555862713,negative
bfxj57,videogamedunkey,post,1555904473,negative
bi8x1j,whowouldwin,post,1556437480,neutral
baa5y8,AskReddit,post,1554592372,neutral
b9xp7w,AskReddit,post,1554504009,neutral
b9l6c0,BPD,post,1554427987,neutral
beal4d,C_S_T,post,1555522296,negative
b9n2gq,CarletonU,post,1554440615,neutral
bgloi2,CringeAnarchy,post,1556053360,positive
bgncfj,CringeAnarchy,post,1556062341,neutral
b8qw6p,Enough_Sanders_Spam,post,1554249653,negative
bi7tlc,EtikaRedditNetwork,post,1556427625,neutral
bdzyt6,FortNiteBR,post,1555452774,neutral
bgv8ov,Games,post,1556115904,neutral
b805sp,HistoryMemes,post,1554112413,neutral
baboth,Libertarian,post,1554602876,neutral
bfcc6i,MurderedByWords,post,1555767950,positive
bazplk,PoliticalHumor,post,1554760522,neutral
biujck,Showerthoughts,post,1556570880,neutral
bagwnr,SquaredCircle,post,1554648171,positive
bf5pgn,TrueOffMyChest,post,1555715776,negative
bexlxz,australia,post,1555669708,negative
bj8w5f,aww,post,1556659567,neutral
biooed,cfs,post,1556539422,negative
be6t4i,cincinnati,post,1555501651,negative
bgcaoo,circlebroke2,post,1555995365,negative
bewijz,classicwow,post,1555659714,neutral
b7z8ww,dankmemes,post,1554105686,neutral
bcw088,dankmemes,post,1555194007,neutral
bffqs6,dankmemes,post,1555786797,negative
bgm65h,dankmemes,post,1556055892,positive
b7xgpr,dankmemes,post,1554093863,negative
batrbg,dankmemes,post,1554729776,negative
bbnj94,dankmemes,post,1554911106,neutral
bhmc06,dankmemes,post,1556285660,neutral
b7w6kw,dankmemes,post,1554085828,negative
bfugam,dankmemes,post,1555885419,negative
bbx9dx,darkjokes,post,1554969974,negative
bahz0f,exmormon,post,1554654176,negative
binocu,freefolk,post,1556531775,negative
b846sw,ireland,post,1554134027,negative
bi0975,ireland,post,1556379395,neutral
be8pzm,ledzeppelin,post,1555512769,neutral
bfuspy,madlads,post,1555887416,neutral
bf2deo,magicthecirclejerking,post,1555697683,positive
bdmvgg,martialarts,post,1555371030,neutral
b8ufb6,memes,post,1554272901,negative
bigjg4,memes,post,1556488220,negative
bf05n6,mildlyinfuriating,post,1555686345,negative
b8b0yh,modhelp,post,1554160637,neutral
bapp5e,opieandanthony,post,1554700077,neutral
be5bwm,redditrequest,post,1555489513,neutral
be5g1n,redditrequest,post,1555490618,neutral
bbzkfn,redditrequest,post,1554987517,neutral
b7vsw6,runescape,post,1554083582,neutral
b8qztc,runescape,post,1554250238,neutral
bdm6hl,runescape,post,1555367207,neutral
bg28t7,runescape,post,1555940533,neutral
b8dcxf,sabres,post,1554172800,positive
bdwbo3,teenagers,post,1555433969,neutral
b8em4q,trucksim,post,1554180734,neutral
bfi84d,wholesomememes,post,1555801216,neutral
bbkbwh,workout,post,1554891476,negative
b8ybtz,2007scape,post,1554300059,negative
ba9con,Advice,post,1554587238,negative
b87uab,AnthemTheGame,post,1554148449,negative
bd2jzw,AskReddit,post,1555247182,neutral
b80qxg,Braincels,post,1554116266,neutral
bd9um7,BreastEnvy,post,1555289051,neutral
bhuvjl,ChapoTrapHouse,post,1556334319,negative
bgl5o7,Cityofheroes,post,1556050725,negative
bg7xp4,CringeAnarchy,post,1555969926,positive
bgkb0j,CringeAnarchy,post,1556046393,neutral
bhqd8e,DoctorWhumour,post,1556306805,neutral
bcam8s,LawSchool,post,1555052570,neutral
bj2eyt,LiverpoolFC,post,1556625342,neutral
b7ygwx,Minecraft,post,1554100270,negative
b8ijj4,Minecraft,post,1554207962,neutral
bai2o0,Minecraft,post,1554654748,negative
bez7md,Minecraft,post,1555681179,neutral
bgfr43,SideProject,post,1556022287,neutral
bhhnum,Trumpgret,post,1556249094,neutral
bc6auo,asktransgender,post,1555022866,negative
bdorol,battlestations,post,1555382481,neutral
bdu3fg,bostonceltics,post,1555422155,positive
beb974,classicwow,post,1555525749,positive
bh8nqk,dankmemes,post,1556199060,negative
b86rpl,dankmemes,post,1554144364,neutral
bgkwa9,dankmemes,post,1556049425,negative
bi21ct,dankmemes,post,1556389816,positive
b8avxh,dankmemes,post,1554160001,negative
b8axkv,dankmemes,post,1554160207,negative
bgv7v2,dankmemes,post,1556115785,neutral
b7wucg,dankmemes,post,1554089899,positive
b7vyg6,dankmemes,post,1554084502,neutral
b7wcdf,dankmemes,post,1554086800,negative
b7xb2s,dankmemes,post,1554092856,neutral
bfrr06,dankmemes,post,1555870360,negative
bdc1bz,dankmemes,post,1555303097,negative
bhmgzb,dankmemes,post,1556286470,positive
bdw5kn,dankmemes,post,1555433101,negative
bfrob0,dankmemes,post,1555869950,negative
bc4aym,darkjokes,post,1555012272,negative
bclteh,firefox,post,1555121492,neutral
bh7wmo,forhonor,post,1556194490,neutral
bel6u6,hockey,post,1555591948,neutral
bcghpi,iamverysmart,post,1555091131,neutral
beyd0i,memes,post,1555675685,positive
bcpffi,opieandanthony,post,1555153623,negative
bi0ymo,rant,post,1556383564,negative
bj019s,redditrequest,post,1556605251,neutral
b9wx1a,redditrequest,post,1554499724,neutral
bd82tu,redditrequest,post,1555278558,neutral
bhmm6f,redditrequest,post,1556287298,neutral
bimhhw,runescape,post,1556520935,negative
birqai,runescape,post,1556556522,negative
bcngy6,runescape,post,1555134382,neutral
be8g8m,schizophrenia,post,1555511288,positive
b8d1pt,videos,post,1554171027,positive
bdvz21,2007scape,post,1555432175,negative
bjakay,Advice,post,1556668560,neutral
biwmcb,AmItheAsshole,post,1556582421,neutral
bdlhzc,AskHistorians,post,1555363687,neutral
bdfwzb,ClashRoyale,post,1555334542,positive
b8nbor,Dragonballsuper,post,1554231377,positive
bcpfnz,Drama,post,1555153688,neutral
bgqtmr,EntrepreneurRideAlong,post,1556083640,neutral
bhdvzm,Eve,post,1556226333,neutral
b8p87n,FashionReps,post,1554240639,negative
bi4dgb,Gamingcirclejerk,post,1556403774,neutral
birn9s,Memes_Of_The_Dank,post,1556556105,negative
b9r1bk,PewdiepieSubmissions,post,1554469904,positive
bg53iw,SubredditDrama,post,1555955483,negative
bhjqvz,The_Donald,post,1556265359,neutral
bctdy1,TheoryOfReddit,post,1555179213,negative
bekrem,Torontobluejays,post,1555589301,negative
bcgakd,WatchRedditDie,post,1555090170,negative
bguybz,WatchRedditDie,post,1556114403,negative
b9gyl6,WatchRedditDie,post,1554404955,negative
bbhsn3,aww,post,1554870297,negative
ba4062,bakchodi,post,1554555177,neutral
bcbaau,bakchodi,post,1555058948,neutral
bdiman,cowboys,post,1555348497,negative
bdr5i6,dankmemes,post,1555400459,neutral
bdtyep,dankmemes,post,1555421334,negative
begyno,dankmemes,post,1555558570,neutral
baq0gm,dankmemes,post,1554702392,neutral
bgu92i,dankmemes,post,1556110435,neutral
b85hpb,dankmemes,post,1554139814,negative
b8nut6,dankmemes,post,1554233941,negative
ba8h28,dankmemes,post,1554581906,negative
bcmzip,dankmemes,post,1555130274,neutral
biv020,dankmemes,post,1556573240,negative
bfjg6c,dankmemes,post,1555809043,neutral
bbezpl,dankmemes,post,1554852652,negative
bdz3la,dankmemes,post,1555448192,positive
bigski,dankmemes,post,1556489739,negative
bbamdn,dankmemes,post,1554830263,negative
bgpmw7,dankmemes,post,1556075611,negative
bhbai0,dankmemes,post,1556212861,negative
bc6rif,darkjokes,post,1555025617,negative
bbz8vp,madlads,post,1554985482,negative
be5s1p,marvelstudios,post,1555493639,positive
bffv97,memes,post,1555787483,neutral
b8twpp,memes,post,1554268798,negative
bgu4vp,oaklandraiders,post,1556109729,neutral
b8w3f3,redditrequest,post,1554286442,neutral
bfvqz7,teenagers,post,1555893253,negative
ban485,teenagers,post,1554682862,positive
ba7pzh,unpopularopinion,post,1554577402,neutral
bhddud,vaporents,post,1556223745,neutral
bb446o,videos,post,1554787755,neutral
bc3yhq,weeklyplanetpodcast,post,1555010441,neutral
bgzc53,AskReddit,post,1556136476,negative
biv9fn,AskReddit,post,1556574649,negative
bfs9ic,AskReddit,post,1555873176,neutral
bh2qjx,AtlantaUnited,post,1556155568,neutral
bdowfr,AutoModerator,post,1555383318,neutral
biqkjw,AutoModerator,post,1556550624,neutral
b8loat,AutoModerator,post,1554223539,neutral
bj5upu,BitcoinCA,post,1556644304,negative
bfc9xb,Braincels,post,1555767536,positive
bhc919,Brawlstars,post,1556217833,negative
b8uktt,ChapoTrapHouse,post,1554274120,neutral
beemvm,Comcast_Xfinity,post,1555544030,neutral
b80xeh,ContestOfChampions,post,1554117356,neutral
bi5msh,EnoughTrumpSpam,post,1556411789,negative
bi7m7w,FanFiction,post,1556426027,neutral
bex5ks,FortNiteBR,post,1555665730,negative
bi6q43,MurderedByWords,post,1556419293,neutral
bcy8kk,NoMansSkyMods,post,1555208657,neutral
bg8wmm,OnePiece,post,1555975094,positive
bapr7j,PewdiepieSubmissions,post,1554700484,positive
bdumxi,TeamSolomid,post,1555425276,positive
bcytl8,TeamSolomid,post,1555212990,positive
bg35f1,Toyota,post,1555945528,neutral
bhubq2,Trumpgret,post,1556330418,neutral
bfkbyt,WatchRedditDie,post,1555814845,negative
b9tldg,apple,post,1554482948,negative
bag699,bannedfromclubpenguin,post,1554643321,negative
bhbnrs,btc,post,1556214775,negative
bhdi9s,btc,post,1556224402,negative
bcvqfw,changemyview,post,1555192387,positive
b83zh0,dank_meme,post,1554133089,neutral
bi1es2,dankmemes,post,1556386175,neutral
b7vf7r,dankmemes,post,1554081271,negative
bj4661,dankmemes,post,1556635687,neutral
bbvh9a,dankmemes,post,1554954158,neutral
bfhx2j,dankmemes,post,1555799283,negative
bfi0p8,dankmemes,post,1555799899,negative
bfi42v,dankmemes,post,1555800498,negative
bfikbx,dankmemes,post,1555803373,negative
bj4db6,dankmemes,post,1556636727,negative
bfhnvf,dankmemes,post,1555797734,negative
b7y8dz,dankmemes,post,1554098709,negative
bg1lb0,dankmemes,post,1555936513,negative
bhu3of,dankmemes,post,1556328865,positive
bj2nvc,dankmemes,post,1556626968,neutral
beq4zx,dankmemes,post,1555618281,negative
bg4psy,dankmemes,post,1555953573,negative
b7xgug,dankmemes,post,1554093886,neutral
bd23s4,dankmemes,post,1555243633,negative
bdl2bi,dankmemes,post,1555360290,neutral
benum8,dankmemes,post,1555606263,negative
bfl8an,dankmemes,post,1555821404,positive
bh1n48,dankmemes,post,1556148964,negative
beootp,dankmemes,post,1555610599,neutral
bhme1j,dankmemes,post,1556286002,positive
b7vnao,dankmemes,post,1554082636,negative
b826xg,dankmemes,post,1554124307,negative
b8qydk,dankmemes,post,1554250017,neutral
b82pl7,dankmemes,post,1554127057,negative
b7voev,dankmemes,post,1554082829,negative
be3cli,dankmemes,post,1555473280,positive
b83eit,dankmemes,post,1554130410,negative
b91gtn,dwarffortress,post,1554314999,neutral
b9p13f,enf,post,1554456700,neutral
bgv0t7,freefolk,post,1556114743,neutral
bia83q,funny,post,1556450270,negative
bh2adp,furry,post,1556152850,negative
bci13z,guns,post,1555098893,negative
bd8fli,hookah,post,1555280465,negative
b7xfuc,kpop,post,1554093705,neutral
b9sjv7,madlads,post,1554477924,neutral
bbxfr0,memes,post,1554971617,negative
bg7snj,nihilism,post,1555969190,neutral
b8uuzh,occult,post,1554276377,neutral
bedz8j,opieandanthony,post,1555540182,negative
bcr2pq,opieandanthony,post,1555166027,neutral
bhssqd,pinkfloyd,post,1556320546,negative
bgdgw7,redditrequest,post,1556004251,neutral
bamn9y,redditrequest,post,1554679930,neutral
bhabtz,redditrequest,post,1556208005,neutral
bita2i,redditrequest,post,1556564460,neutral
bha4by,redditrequest,post,1556206925,negative
bhc3fy,teenagers,post,1556217025,neutral
bf82xe,teenagers,post,1555731705,neutral
bglx6i,teenagers,post,1556054594,neutral
bdhhsk,teenagers,post,1555343115,neutral
be2hy1,woooosh,post,1555467665,negative
be9kwa,2007scape,post,1555517155,negative
bgwa9m,AskReddit,post,1556121228,neutral
bd0a1l,AskReddit,post,1555225517,negative
bd6gj0,Buddhism,post,1555269790,neutral
bgoyn5,CringeAnarchy,post,1556071669,negative
bgq1f5,CringeAnarchy,post,1556078213,negative
bf139m,DetroitRedWings,post,1555691171,neutral
b83kx9,Drama,post,1554131239,neutral
b8u18x,Drama,post,1554269785,neutral
b8uoz4,Drama,post,1554275066,negative
b8ur13,Drama,post,1554275503,negative
b9kvxo,Drama,post,1554426236,negative
bb1qdl,Drama,post,1554771925,negative
bho405,Drama,post,1556295152,negative
bi1pba,Drama,post,1556387875,neutral
bi8dlb,Drama,post,1556432357,negative
bj4nw7,EtikaRedditNetwork,post,1556638284,neutral
bhtf6i,FortNiteBR,post,1556324370,negative
bguzk6,MemeEconomy,post,1556114566,positive
bigtk1,MinionHate,post,1556489901,neutral
b82qur,RedLetterMedia,post,1554127240,neutral
b80s6l,SoulCalibur,post,1554116494,neutral
b80vm5,SoulCalibur,post,1554117073,neutral
bfo6qu,Steam,post,1555848766,neutral
b96t9w,Testosterone,post,1554342979,neutral
b98yqc,Throwers,post,1554357501,neutral
bhxk7i,Trumpgret,post,1556358659,negative
bhhc5n,Winnipeg,post,1556246926,neutral
b834z1,assholedesign,post,1554129124,negative
b80dp8,battlecats,post,1554113869,neutral
beout0,canes,post,1555611464,neutral
bhg96m,conspiracy,post,1556240028,negative
bckrse,dankmemes,post,1555114495,neutral
bdhn6d,dankmemes,post,1555343819,neutral
be0vcp,dankmemes,post,1555457957,neutral
b82wct,dankmemes,post,1554127960,negative
b85abj,dankmemes,post,1554139015,neutral
bfs8bf,dankmemes,post,1555872990,neutral
bbfwis,dankmemes,post,1554858076,neutral
bixz63,dankmemes,post,1556590676,negative
bhgfuh,dankmemes,post,1556241166,positive
bc1adu,dankmemes,post,1554996895,neutral
bdztjz,dankmemes,post,1555452011,neutral
bffuew,dankmemes,post,1555787344,neutral
bfh2nh,dankmemes,post,1555794282,negative
bgjqfl,dankmemes,post,1556043449,neutral
bhns3w,dankmemes,post,1556293470,negative
bbcpcx,dankmemes,post,1554840617,negative
bbdf8b,dankmemes,post,1554844175,negative
bhnlgl,dankmemes,post,1556292488,negative
b7wknq,dankmemes,post,1554088180,negative
bb70vx,dankmemes,post,1554810961,neutral
bdv7ya,dankmemes,post,1555428340,neutral
b7zd9e,dankmemes,post,1554106555,positive
bfjzv8,dankmemes,post,1555812583,negative
bdfjsh,dankmemes,post,1555332348,negative
bbr0a2,darkjokes,post,1554928464,negative
bbt19t,darkjokes,post,1554939077,negative
bc7m68,darkjokes,post,1555030873,negative
bf8rfc,dayz,post,1555736915,negative
bckysf,esist,post,1555115764,negative
bahwvt,exmormon,post,1554653853,negative
bew5v4,freefolk,post,1555656596,neutral
bgost6,freefolk,post,1556070748,neutral
bcpgig,gtaonline,post,1555153898,neutral
bhjdeg,marvelstudios,post,1556262174,positive
bh9qv1,memes,post,1556204964,neutral
bif8pn,mildlyinfuriating,post,1556481174,negative
b9rvgv,modhelp,post,1554474528,neutral
b7zm36,nba,post,1554108456,negative
bj9fik,nba,post,1556662257,negative
bgmksz,redditrequest,post,1556058101,neutral
beb2h1,redditrequest,post,1555524781,neutral
bcxsrr,redditrequest,post,1555205551,neutral
biprq3,redditrequest,post,1556546205,neutral
ba1s8l,subredditcancer,post,1554534135,negative
bhm1j5,teenagers,post,1556283935,neutral
baf9sr,teenagers,post,1554635889,neutral
bfkkxm,trees,post,1555816609,neutral
bi2pz0,tylerthecreator,post,1556393841,negative
b8x9qq,unpopularopinion,post,1554294234,negative
bakfjf,woooosh,post,1554667298,negative
bfe4pd,youtube,post,1555778297,neutral
bbdsh1,zerocarb,post,1554846086,negative
bbsqe9,2b2t,post,1554937396,neutral
bi1s0e,AnthemTheGame,post,1556388293,neutral
bb2msw,ApplyingToCollege,post,1554777421,neutral
bdzihv,AskHistorians,post,1555450351,positive
be0bno,AskOuija,post,1555454784,neutral
bhxesz,AskReddit,post,1556357185,neutral
bdxdn9,Atlanta,post,1555439352,neutral
be8el3,AutoModerator,post,1555511030,neutral
bbru5g,BestOfReports,post,1554932754,neutral
b8rucx,Bitcoin,post,1554255189,negative
b7yx3p,CSRRacing2,post,1554103339,neutral
bcds3z,CSRRacing2,post,1555076980,positive
bgl9m3,CringeAnarchy,post,1556051294,neutral
b8nocs,DecidingToBeBetter,post,1554233070,neutral
ba4de7,Memes_Of_The_Dank,post,1554557862,negative
b9zl26,Neverbrokeabone,post,1554516216,neutral
bhfqhx,Overwatch,post,1556236755,negative
bay05u,Paladins,post,1554751753,neutral
b89c4a,PoliticalHumor,post,1554153830,negative
bczaj0,PoliticalHumor,post,1555216742,neutral
benqi9,PoliticalHumor,post,1555605677,negative
bj0mo6,PoliticalHumor,post,1556610355,negative
bhjgth,TaylorSwift,post,1556262887,positive
b80z5p,WormFanfic,post,1554117655,negative
benxyv,bakchodi,post,1555606740,neutral
bdnwv2,customhearthstone,post,1555377210,neutral
betz6x,dankmemes,post,1555640266,negative
be2dmj,dankmemes,post,1555466954,negative
bhmahp,dankmemes,post,1556285413,positive
b7ynge,dankmemes,post,1554101514,negative
bd5wgh,dankmemes,post,1555266973,negative
bdgv5h,dankmemes,post,1555339878,neutral
bebsxk,dankmemes,post,1555528534,neutral
bag6v8,dankmemes,post,1554643441,neutral
bfmbl0,dankmemes,post,1555830811,neutral
bdj4sp,dankmemes,post,1555351017,neutral
bdjejt,dankmemes,post,1555352269,negative
bg5ita,dankmemes,post,1555957635,neutral
bgtnp4,dankmemes,post,1556106739,neutral
b7x2kl,dankmemes,post,1554091401,negative
b7uo8z,dankmemes,post,1554077069,negative
b7up5g,dankmemes,post,1554077203,negative
b7uq7m,dankmemes,post,1554077346,negative
b846ur,dankmemes,post,1554134034,neutral
bho63c,dankmemes,post,1556295453,negative
bd5l5b,dankmemes,post,1555265349,negative
be6wq9,dankmemes,post,1555502346,negative
b7vf8e,dankmemes,post,1554081274,negative
bd5nwv,dankmemes,post,1555265750,negative
bd8e2p,dankmemes,post,1555280242,negative
bbs8kb,dankmemes,post,1554934735,neutral
bhjjpj,dankmemes,post,1556263572,neutral
bfmpiw,dankmemes,post,1555834699,negative
bc19ba,dankmemes,post,1554996737,neutral
bdh1ic,dankmemes,post,1555340810,negative
b85mh7,dankmemes,post,1554140282,negative
bbjjko,darkjokes,post,1554884548,negative
bc79j1,darkjokes,post,1555028692,negative
bdhzvf,golf,post,1555345426,neutral
b8d1sl,im14andthisisfunny,post,1554171038,negative
bcw6qe,memes,post,1555195108,negative
bdzje0,memes,post,1555450484,neutral
bc371e,memes,post,1555006551,negative
bbrmkx,meta,post,1554931703,negative
b8i04z,modpiracy,post,1554204630,neutral
bimmav,redditrequest,post,1556522042,neutral
bgy1lt,redditrequest,post,1556129973,neutral
b7w25g,redditrequest,post,1554085098,neutral
b7wa1x,redditrequest,post,1554086415,neutral
b7wkbc,redditrequest,post,1554088119,neutral
b7x0ir,redditrequest,post,1554091048,neutral
b7xccq,redditrequest,post,1554093079,neutral
b7zfos,redditrequest,post,1554107067,negative
b7zqsa,redditrequest,post,1554109419,negative
b7zquk,redditrequest,post,1554109433,neutral
b7zyv7,redditrequest,post,1554111050,neutral
b8011o,redditrequest,post,1554111475,neutral
b8225j,redditrequest,post,1554123639,neutral
b82ntn,redditrequest,post,1554126809,neutral
b82rcw,redditrequest,post,1554127301,neutral
b83ym7,redditrequest,post,1554132973,neutral
b846s4,redditrequest,post,1554134024,neutral
b85gqi,redditrequest,post,1554139711,neutral
b866b9,redditrequest,post,1554141799,neutral
b88if7,redditrequest,post,1554150846,neutral
b88wiv,redditrequest,post,1554152240,neutral
b88yqf,redditrequest,post,1554152468,neutral
b88z81,redditrequest,post,1554152516,neutral
b8a61j,redditrequest,post,1554157166,neutral
b8c245,redditrequest,post,1554165759,neutral
b8dwpm,redditrequest,post,1554176068,neutral
b8ecwd,redditrequest,post,1554178965,neutral
b8f9jh,redditrequest,post,1554185117,neutral
b8fr2l,redditrequest,post,1554188551,negative
b8gt5c,redditrequest,post,1554196379,neutral
b8idgq,redditrequest,post,1554206956,neutral
b8jdpv,redditrequest,post,1554212527,neutral
b8l7sf,redditrequest,post,1554221423,neutral
b8nocl,redditrequest,post,1554233069,neutral
b8pak4,redditrequest,post,1554240954,neutral
b8qltl,redditrequest,post,1554247971,neutral
b8rfma,redditrequest,post,1554252763,neutral
b8rs2k,redditrequest,post,1554254800,neutral
b8u6yy,redditrequest,post,1554271051,negative
b8uubc,redditrequest,post,1554276228,neutral
b8v6z4,redditrequest,post,1554279127,neutral
b8zl5b,redditrequest,post,1554306166,neutral
b900xy,redditrequest,post,1554308226,neutral
b900zc,redditrequest,post,1554308230,neutral
b91ly5,redditrequest,post,1554315667,neutral
b927uh,redditrequest,post,1554318506,neutral
b9296r,redditrequest,post,1554318684,neutral
b93629,redditrequest,post,1554322904,neutral
b93uk1,redditrequest,post,1554326188,neutral
b960bo,redditrequest,post,1554338123,neutral
b97n90,redditrequest,post,1554348144,neutral
b9aywx,redditrequest,post,1554373231,neutral
b9cmsy,redditrequest,post,1554384090,neutral
b9d5hx,redditrequest,post,1554386842,neutral
b9evhn,redditrequest,post,1554395004,neutral
b9gkpz,redditrequest,post,1554403131,neutral
b9jk35,redditrequest,post,1554418272,neutral
b9lluv,redditrequest,post,1554430626,neutral
b9nggy,redditrequest,post,1554443649,neutral
b9nkiy,redditrequest,post,1554444545,neutral
b9pjq9,redditrequest,post,1554460600,neutral
b9poez,redditrequest,post,1554461513,neutral
b9rcby,redditrequest,post,1554471628,neutral
b9rzaj,redditrequest,post,1554475073,neutral
b9wney,redditrequest,post,1554498306,neutral
b9xuhw,redditrequest,post,1554504894,neutral
b9yffl,redditrequest,post,1554508430,neutral
b9zcf6,redditrequest,post,1554514505,neutral
ba0tz3,redditrequest,post,1554525730,neutral
ba45tu,redditrequest,post,1554556335,negative
ba6g5v,redditrequest,post,1554570274,neutral
ba6uab,redditrequest,post,1554572450,neutral
ba85jo,redditrequest,post,1554580042,neutral
ba8jmc,redditrequest,post,1554582337,neutral
ba9qeo,redditrequest,post,1554589593,neutral
ba9yp6,redditrequest,post,1554591068,neutral
babt7t,redditrequest,post,1554603755,neutral
badp5r,redditrequest,post,1554619317,neutral
badzjp,redditrequest,post,1554622334,neutral
bae1gx,redditrequest,post,1554622968,neutral
bae687,redditrequest,post,1554624441,neutral
baehyj,redditrequest,post,1554628232,neutral
bah8tl,redditrequest,post,1554650115,neutral
bai703,redditrequest,post,1554655416,neutral
bak6n3,redditrequest,post,1554665991,neutral
bamcgn,redditrequest,post,1554678107,neutral
bamrfl,redditrequest,post,1554680627,neutral
bana4f,redditrequest,post,1554683910,neutral
baoiha,redditrequest,post,1554691851,neutral
baow8y,redditrequest,post,1554694407,neutral
baq4cs,redditrequest,post,1554703226,neutral
bau6l4,redditrequest,post,1554732212,neutral
bavt5u,redditrequest,post,1554740566,neutral
bavuy9,redditrequest,post,1554740808,neutral
bavxmi,redditrequest,post,1554741171,neutral
baw6xh,redditrequest,post,1554742485,neutral
bawau8,redditrequest,post,1554743049,neutral
baxoqk,redditrequest,post,1554750138,neutral
baxpyk,redditrequest,post,1554750305,neutral
baxtfz,redditrequest,post,1554750797,neutral
baxuwa,redditrequest,post,1554751005,neutral
bay5co,redditrequest,post,1554752496,neutral
bayn9p,redditrequest,post,1554754975,neutral
baz8xu,redditrequest,post,1554758012,neutral
bazapy,redditrequest,post,1554758274,neutral
bb0tlp,redditrequest,post,1554766595,neutral
bb0v2j,redditrequest,post,1554766835,neutral
bb0vdk,redditrequest,post,1554766882,neutral
bb1f3e,redditrequest,post,1554770028,neutral
bb1rms,redditrequest,post,1554772143,neutral
bb34pw,redditrequest,post,1554780659,neutral
bb3cuk,redditrequest,post,1554782229,neutral
bb44qw,redditrequest,post,1554787878,neutral
bb4pvs,redditrequest,post,1554792560,neutral
bb5wvt,redditrequest,post,1554802749,neutral
bb61vz,redditrequest,post,1554803896,neutral
bb71ej,redditrequest,post,1554811059,neutral
bb7k2w,redditrequest,post,1554814232,neutral
bb7zvf,redditrequest,post,1554816807,neutral
bb83o4,redditrequest,post,1554817434,neutral
bb8v8t,redditrequest,post,1554821573,neutral
bba1y0,redditrequest,post,1554827578,neutral
bba6vj,redditrequest,post,1554828218,neutral
bbbzx0,redditrequest,post,1554837139,neutral
bbefvi,redditrequest,post,1554849554,neutral
bbf5hi,redditrequest,post,1554853590,neutral
bbfwdb,redditrequest,post,1554858052,neutral
bbhq42,redditrequest,post,1554869774,neutral
bbhs6q,redditrequest,post,1554870198,neutral
bbkto5,redditrequest,post,1554895277,neutral
bbncif,redditrequest,post,1554910143,neutral
bbpr1r,redditrequest,post,1554922097,neutral
bbq86x,redditrequest,post,1554924465,neutral
bbqoql,redditrequest,post,1554926804,neutral
bbqszy,redditrequest,post,1554927402,neutral
bbr9p9,redditrequest,post,1554929843,neutral
bbrg5e,redditrequest,post,1554930748,neutral
bbso92,redditrequest,post,1554937061,neutral
bbt7hf,redditrequest,post,1554940056,neutral
bbus10,redditrequest,post,1554949546,neutral
bbytae,redditrequest,post,1554982655,neutral
bbzpto,redditrequest,post,1554988380,neutral
bc13jz,redditrequest,post,1554995905,neutral
bc14u4,redditrequest,post,1554996087,neutral
bc1iau,redditrequest,post,1554998051,neutral
bc2qx9,redditrequest,post,1555004257,negative
bc2s8z,redditrequest,post,1555004442,neutral
bc2se3,redditrequest,post,1555004466,neutral
bc2wkj,redditrequest,post,1555005051,neutral
bc4r03,redditrequest,post,1555014525,neutral
bc5cgf,redditrequest,post,1555017688,neutral
bc6xh2,redditrequest,post,1555026662,neutral
bc6ybh,redditrequest,post,1555026815,neutral
bc8k2y,redditrequest,post,1555036717,neutral
bcbc8y,redditrequest,post,1555059508,neutral
bcbh83,redditrequest,post,1555060809,neutral
bcejoc,redditrequest,post,1555081229,neutral
bcha2z,redditrequest,post,1555094981,neutral
bcjo0j,redditrequest,post,1555107796,neutral
bckmir,redditrequest,post,1555113606,neutral
bclqlt,redditrequest,post,1555120964,neutral
bcn0jq,redditrequest,post,1555130507,neutral
bcnjxo,redditrequest,post,1555135138,neutral
bco7ph,redditrequest,post,1555141376,neutral
bcriyp,redditrequest,post,1555168639,neutral
bcrxpx,redditrequest,post,1555171031,neutral
bcthp2,redditrequest,post,1555179769,neutral
bcwexs,redditrequest,post,1555196511,neutral
bcxhjs,redditrequest,post,1555203415,neutral
bcy2j5,redditrequest,post,1555207466,neutral
bcyqla,redditrequest,post,1555212331,neutral
bcyzvg,redditrequest,post,1555214377,neutral
bd0dfk,redditrequest,post,1555226422,neutral
bd24p7,redditrequest,post,1555243837,neutral
bd4x6s,redditrequest,post,1555261670,neutral
bd50w7,redditrequest,post,1555262254,neutral
bd54l1,redditrequest,post,1555262841,neutral
bd5iv8,redditrequest,post,1555265009,neutral
bd6a68,redditrequest,post,1555268891,neutral
bd6n19,redditrequest,post,1555270744,neutral
bd9xxd,redditrequest,post,1555289633,neutral
bdaq7b,redditrequest,post,1555294502,neutral
bdgknl,redditrequest,post,1555338291,neutral
bdirlj,redditrequest,post,1555349216,neutral
bdmsci,redditrequest,post,1555370534,neutral
bdnk8i,redditrequest,post,1555375117,neutral
bdopkx,redditrequest,post,1555382101,neutral
bdqa4r,redditrequest,post,1555393352,neutral
bdr4eu,redditrequest,post,1555400194,neutral
bdsm0y,redditrequest,post,1555412759,neutral
bdtpy0,redditrequest,post,1555419992,neutral
bdwe7e,redditrequest,post,1555434325,neutral
bdwh6h,redditrequest,post,1555434730,neutral
bdxtrk,redditrequest,post,1555441619,neutral
be2bvb,redditrequest,post,1555466663,neutral
be3u2n,redditrequest,post,1555476811,neutral
be3ut2,redditrequest,post,1555476959,neutral
be488n,redditrequest,post,1555479814,neutral
be4f25,redditrequest,post,1555481327,neutral
be7m8d,redditrequest,post,1555506579,neutral
be8kbr,redditrequest,post,1555511918,neutral
be9d28,redditrequest,post,1555516075,neutral
be9q95,redditrequest,post,1555517912,neutral
bea63c,redditrequest,post,1555520210,neutral
beb0q0,redditrequest,post,1555524531,neutral
bebnpv,redditrequest,post,1555527797,neutral
beeh5x,redditrequest,post,1555543084,neutral
beew9q,redditrequest,post,1555545606,neutral
befmsi,redditrequest,post,1555550103,neutral
begct2,redditrequest,post,1555554620,neutral
begmaw,redditrequest,post,1555556306,neutral
beh99p,redditrequest,post,1555560611,neutral
bejwp4,redditrequest,post,1555583076,neutral
bemftu,redditrequest,post,1555599010,neutral
bemxx8,redditrequest,post,1555601577,neutral
ben3ui,redditrequest,post,1555602442,neutral
ben5ms,redditrequest,post,1555602693,neutral
beng0b,redditrequest,post,1555604160,neutral
benk3m,redditrequest,post,1555604753,neutral
beo1qo,redditrequest,post,1555607271,neutral
beo9bf,redditrequest,post,1555608337,neutral
bep3h8,redditrequest,post,1555612746,neutral
bes6ag,redditrequest,post,1555629316,neutral
besnyt,redditrequest,post,1555632131,neutral
beu95a,redditrequest,post,1555642079,neutral
bevjiu,redditrequest,post,1555651357,neutral
beyud1,redditrequest,post,1555678949,neutral
bez155,redditrequest,post,1555680113,neutral
bf1nxc,redditrequest,post,1555694054,neutral
bf3nk5,redditrequest,post,1555704356,neutral
bf3sdk,redditrequest,post,1555705065,neutral
bf4a9r,redditrequest,post,1555707736,neutral
bf4c4y,redditrequest,post,1555708017,neutral
bf5lye,redditrequest,post,1555715233,neutral
bf5onb,redditrequest,post,1555715647,neutral
bf70hg,redditrequest,post,1555724170,neutral
bf7bao,redditrequest,post,1555726175,neutral
bf7bio,redditrequest,post,1555726221,neutral
bf7wmi,redditrequest,post,1555730399,neutral
bf81re,redditrequest,post,1555731451,neutral
bf9wzq,redditrequest,post,1555747012,neutral
bfafu5,redditrequest,post,1555752194,neutral
bfckjw,redditrequest,post,1555769407,negative
bfcx4k,redditrequest,post,1555771532,neutral
bfdhhe,redditrequest,post,1555774774,neutral
bfe8mr,redditrequest,post,1555778872,neutral
bfeliv,redditrequest,post,1555780650,neutral
bffpxk,redditrequest,post,1555786668,neutral
bfgz49,redditrequest,post,1555793720,neutral
bfjc0g,redditrequest,post,1555808287,neutral
bfjob9,redditrequest,post,1555810500,neutral
bfmpas,redditrequest,post,1555834633,neutral
bfpncv,redditrequest,post,1555858668,neutral
bfpu58,redditrequest,post,1555859774,neutral
bfpzxf,redditrequest,post,1555860731,neutral
bfqtmo,redditrequest,post,1555865357,neutral
bfr768,redditrequest,post,1555867364,neutral
bfrjk9,redditrequest,post,1555869251,neutral
bfru95,redditrequest,post,1555870857,neutral
bfry72,redditrequest,post,1555871454,neutral
bfrzwe,redditrequest,post,1555871702,neutral
bfsk8h,redditrequest,post,1555874803,neutral
bfuttk,redditrequest,post,1555887610,neutral
bfvacd,redditrequest,post,1555890419,neutral
bfwdm9,redditrequest,post,1555897162,neutral
bfyth9,redditrequest,post,1555914435,neutral
bfz0of,redditrequest,post,1555916172,neutral
bg09bi,redditrequest,post,1555927048,neutral
bg2uyc,redditrequest,post,1555943973,neutral
bg4i02,redditrequest,post,1555952509,neutral
bg58tj,redditrequest,post,1555956222,neutral
bg63t7,redditrequest,post,1555960585,neutral
bg7n7f,redditrequest,post,1555968415,neutral
bg8fsq,redditrequest,post,1555972598,neutral
bg8ns4,redditrequest,post,1555973808,neutral
bg8pw3,redditrequest,post,1555974107,neutral
bg95bm,redditrequest,post,1555976425,neutral
bg9m26,redditrequest,post,1555979086,neutral
bg9pr2,redditrequest,post,1555979682,neutral
bga655,redditrequest,post,1555982387,neutral
bga954,redditrequest,post,1555982886,neutral
bgbwxd,redditrequest,post,1555992817,neutral
bgegea,redditrequest,post,1556012723,neutral
bgfc0y,redditrequest,post,1556019547,neutral
bghd3b,redditrequest,post,1556031553,neutral
bghuj0,redditrequest,post,1556034026,neutral
bgigff,redditrequest,post,1556037052,negative
bgjq53,redditrequest,post,1556043411,negative
bgktw1,redditrequest,post,1556049090,neutral
bglhkv,redditrequest,post,1556052408,neutral
bgmgj8,redditrequest,post,1556057417,neutral
bgmqxk,redditrequest,post,1556059033,neutral
bgn4na,redditrequest,post,1556061124,neutral
bgn8oa,redditrequest,post,1556061745,neutral
bgnhib,redditrequest,post,1556063153,neutral
bgnhpu,redditrequest,post,1556063184,neutral
bgo7ks,redditrequest,post,1556067375,neutral
bgovtp,redditrequest,post,1556071223,neutral
bgpqw9,redditrequest,post,1556076300,neutral
bgq713,redditrequest,post,1556079262,neutral
bgrhq9,redditrequest,post,1556088960,neutral
bgsik8,redditrequest,post,1556098020,negative
bguftl,redditrequest,post,1556111516,neutral
bgv53l,redditrequest,post,1556115372,neutral
bgvjr9,redditrequest,post,1556117525,neutral
bh0urh,redditrequest,post,1556144469,neutral
bh27sr,redditrequest,post,1556152421,neutral
bh3ccd,redditrequest,post,1556159199,neutral
bh3mhd,redditrequest,post,1556160923,neutral
bh3u43,redditrequest,post,1556162265,neutral
bh51dd,redditrequest,post,1556170903,neutral
bh51ud,redditrequest,post,1556171026,neutral
bh541y,redditrequest,post,1556171569,neutral
bh6d4o,redditrequest,post,1556182626,neutral
bh6fl5,redditrequest,post,1556183250,neutral
bh6ji6,redditrequest,post,1556184240,neutral
bh6lub,redditrequest,post,1556184850,neutral
bh6ofm,redditrequest,post,1556185479,neutral
bh7z1j,redditrequest,post,1556194938,neutral
bhdmox,redditrequest,post,1556224990,neutral
bhgpl3,redditrequest,post,1556242903,positive
bhh5al,redditrequest,post,1556245705,negative
bhhgcx,redditrequest,post,1556247695,neutral
bhmhpp,redditrequest,post,1556286593,neutral
bhnjnp,redditrequest,post,1556292227,neutral
bhod5z,redditrequest,post,1556296473,negative
bhoutr,redditrequest,post,1556298945,neutral
bhp29x,redditrequest,post,1556299989,neutral
bhp5jr,redditrequest,post,1556300453,neutral
bhp6h0,redditrequest,post,1556300589,negative
bhpp18,redditrequest,post,1556303251,neutral
bhqji9,redditrequest,post,1556307755,neutral
bhrekf,redditrequest,post,1556312495,neutral
bhs4l6,redditrequest,post,1556316581,neutral
bhv8kx,redditrequest,post,1556337054,neutral
bhvnin,redditrequest,post,1556340318,neutral
bhxf1p,redditrequest,post,1556357253,negative
bhxvjf,redditrequest,post,1556361804,neutral
bi20o6,redditrequest,post,1556389708,neutral
bi2ctd,redditrequest,post,1556391669,neutral
bi2u9w,redditrequest,post,1556394541,neutral
bi2wg5,redditrequest,post,1556394909,neutral
bi30ik,redditrequest,post,1556395574,neutral
bi435n,redditrequest,post,1556402028,neutral
bi58c4,redditrequest,post,1556409144,neutral
bi61m3,redditrequest,post,1556414581,neutral
bi79zn,redditrequest,post,1556423366,neutral
bi8bqk,redditrequest,post,1556431888,neutral
bi8ecw,redditrequest,post,1556432555,neutral
bi99ff,redditrequest,post,1556440921,neutral
bibu9o,redditrequest,post,1556462124,neutral
bieg2x,redditrequest,post,1556476897,neutral
bieqir,redditrequest,post,1556478493,neutral
bif45f,redditrequest,post,1556480500,neutral
big0wa,redditrequest,post,1556485409,neutral
big10l,redditrequest,post,1556485426,neutral
bihpwo,redditrequest,post,1556495462,neutral
bihw2q,redditrequest,post,1556496537,neutral
bihzus,redditrequest,post,1556497143,neutral
bii6hf,redditrequest,post,1556498287,neutral
biicj6,redditrequest,post,1556499330,neutral
bij8ss,redditrequest,post,1556505253,neutral
bij8xp,redditrequest,post,1556505277,neutral
bil547,redditrequest,post,1556513403,neutral
bio3og,redditrequest,post,1556535287,neutral
bioe9l,redditrequest,post,1556537486,negative
bititf,redditrequest,post,1556565702,neutral
biu38w,redditrequest,post,1556568601,neutral
biudzu,redditrequest,post,1556570102,neutral
biuorp,redditrequest,post,1556571652,neutral
bix3rs,redditrequest,post,1556585408,neutral
biy3lg,redditrequest,post,1556591456,neutral
biyit0,redditrequest,post,1556594143,neutral
biywjd,redditrequest,post,1556596739,neutral
bj12kc,redditrequest,post,1556614465,neutral
bj2ow3,redditrequest,post,1556627153,neutral
bj3at9,redditrequest,post,1556630851,neutral
bj3bpd,redditrequest,post,1556630994,neutral
bj52kc,redditrequest,post,1556640387,neutral
bj665f,redditrequest,post,1556645929,neutral
bj70qn,redditrequest,post,1556650241,neutral
bj7ple,redditrequest,post,1556653826,neutral
bj9b7e,redditrequest,post,1556661666,neutral
b8v3it,redditrequest,post,1554278314,neutral
bccrew,satanism,post,1555070677,neutral
bf20zf,snackexchange,post,1555695895,positive
be1xns,sneakerreps,post,1555464321,negative
bisd1o,teenagers,post,1556559737,neutral
bfo3oe,teenagers,post,1555848094,negative
bfqcad,teenagers,post,1555862714,negative
bftqou,thedivision,post,1555881362,neutral
bhydwb,transpassing,post,1556366394,neutral
b84xug,AskOuija,post,1554137519,negative
b82y94,BMW,post,1554128226,neutral
bdqo02,Braincels,post,1555396498,negative
bi7ymg,EtikaRedditNetwork,post,1556428735,neutral
biko5r,EtikaRedditNetwork,post,1556511675,negative
bfvol7,Fuckthealtright,post,1555892849,negative
bajc50,KindVoice,post,1554661451,neutral
bh96q5,Marvel,post,1556201993,positive
bfimnt,RelayForReddit,post,1555803764,neutral
bcdzq4,RepTime,post,1555078188,negative
bh4xro,ShadowBan,post,1556170064,neutral
b9l2lm,Themepark,post,1554427367,negative
ba3jac,aww,post,1554551411,neutral
bff9np,dankmemes,post,1555784176,neutral
b7vmey,dankmemes,post,1554082483,negative
b8315p,dankmemes,post,1554128609,neutral
b83p8n,dankmemes,post,1554131807,negative
b83y5d,dankmemes,post,1554132914,negative
bemroj,dankmemes,post,1555600682,negative
biuj49,dankmemes,post,1556570846,neutral
bi07jb,dankmemes,post,1556379118,negative
bfyc4d,dankmemes,post,1555910446,negative
bg7iih,dankmemes,post,1555967753,negative
bh08n1,dankmemes,post,1556141211,negative
bevpxa,dankmemes,post,1555652855,positive
bcdovb,dankmemes,post,1555076433,neutral
bg4ijt,dankmemes,post,1555952584,positive
bgibgk,dankmemes,post,1556036353,negative
bh8t9z,dankmemes,post,1556199934,positive
biwg6j,dankmemes,post,1556581396,negative
b88it4,dankmemes,post,1554150881,negative
b8ah6h,denvernuggets,post,1554158266,neutral
bhlomb,funny,post,1556281466,neutral
bgxmk3,houseplants,post,1556127879,negative
bj03ng,iamverybadass,post,1556605774,negative
bhb9vy,infp,post,1556212773,neutral
bf6weq,jordan,post,1555723408,negative
b9zkh0,memes,post,1554516097,neutral
b8on3j,mentalhealth,post,1554237776,neutral
be40aw,metacanada,post,1555478052,negative
bebt28,metacanada,post,1555528551,negative
bj1pzd,rantgrumps,post,1556620140,negative
bbgfhj,redditmobile,post,1554861229,neutral
bfx62w,redditrequest,post,1555902119,neutral
bim56u,redditrequest,post,1556518135,neutral
biysrk,redditrequest,post,1556596031,neutral
bgi7q6,redditrequest,post,1556035838,neutral
bhd5gx,redditrequest,post,1556222536,neutral
b94cqt,redditrequest,post,1554328839,neutral
be03sy,redditrequest,post,1555453562,neutral
b9wnlv,rva,post,1554498329,neutral
bbsr94,startrekgifs,post,1554937526,positive
bd0ppi,teenagers,post,1555229959,negative
b8r6px,teenagers,post,1554251333,neutral
b8kiu6,teenagers,post,1554218150,negative
beh5tw,thebachelor,post,1555559948,negative
bgakxe,thedivision,post,1555984805,negative
beq253,tylerthecreator,post,1555617858,negative
ba1yb5,unpopularopinion,post,1554535702,negative
b8kfc8,unpopularopinion,post,1554217687,negative
bbmovd,wallstreetbets,post,1554906618,neutral
bajv8i,worldpolitics,post,1554664237,negative
bcau4w,worldpolitics,post,1555054559,negative
bhl42h,worldpolitics,post,1556277180,negative
b7v4sr,AskReddit,post,1554079548,neutral
b7ybmh,AskReddit,post,1554099284,neutral
b7ycgt,AskReddit,post,1554099449,neutral
b7yee9,AskReddit,post,1554099806,neutral
b829ng,AskReddit,post,1554124673,neutral
b84m41,AskReddit,post,1554135975,neutral
b891af,AskReddit,post,1554152717,negative
b89fwy,AskReddit,post,1554154239,neutral
b89vzs,AskReddit,post,1554156032,neutral
b8b205,AskReddit,post,1554160768,neutral
b8b6jn,AskReddit,post,1554161369,neutral
b8hyls,AskReddit,post,1554204353,neutral
b8mnbq,AskReddit,post,1554228135,neutral
b8moj3,AskReddit,post,1554228276,neutral
b8qrgt,AskReddit,post,1554248891,neutral
b8yy1i,AskReddit,post,1554303092,neutral
b938i8,AskReddit,post,1554323226,neutral
b95gxh,AskReddit,post,1554334968,neutral
b99z6e,AskReddit,post,1554365182,neutral
b9a0fg,AskReddit,post,1554365465,negative
b9aiji,AskReddit,post,1554369758,negative
b9cx70,AskReddit,post,1554385669,negative
b9e0d4,AskReddit,post,1554391022,neutral
b9ejxb,AskReddit,post,1554393571,neutral
b9im1f,AskReddit,post,1554413104,negative
b9in5p,AskReddit,post,1554413255,neutral
b9voru,AskReddit,post,1554493324,negative
b9xq1e,AskReddit,post,1554504148,neutral
ba447j,AskReddit,post,1554556013,negative
bad5qr,AskReddit,post,1554614296,neutral
bak3f9,AskReddit,post,1554665490,neutral
bakf6r,AskReddit,post,1554667246,negative
bakqxk,AskReddit,post,1554669035,neutral
balz7e,AskReddit,post,1554676009,neutral
baur5m,AskReddit,post,1554735224,negative
baya53,AskReddit,post,1554753168,neutral
bb71e0,AskReddit,post,1554811057,neutral
bb753a,AskReddit,post,1554811684,neutral
bb93ga,AskReddit,post,1554822760,negative
bbhacp,AskReddit,post,1554866710,neutral
bbr10m,AskReddit,post,1554928574,neutral
bbz70b,AskReddit,post,1554985147,neutral
bc3jrt,AskReddit,post,1555008358,neutral
bc4maa,AskReddit,post,1555013853,neutral
bc4qrx,AskReddit,post,1555014493,negative
bc4zpo,AskReddit,post,1555015791,neutral
bc7drv,AskReddit,post,1555029417,neutral
bc7tlf,AskReddit,post,1555032140,negative
bc7utg,AskReddit,post,1555032350,negative
bcfpqh,AskReddit,post,1555087283,neutral
bcfvws,AskReddit,post,1555088179,neutral
bcj8wa,AskReddit,post,1555105444,neutral
bckgzu,AskReddit,post,1555112601,neutral
bckmt1,AskReddit,post,1555113656,neutral
bcrx63,AskReddit,post,1555170939,neutral
bctagm,AskReddit,post,1555178693,negative
bctlw9,AskReddit,post,1555180420,neutral
bcyet4,AskReddit,post,1555209901,negative
bcymnn,AskReddit,post,1555211516,neutral
bcziv1,AskReddit,post,1555218721,neutral
bd0ie1,AskReddit,post,1555227827,neutral
bd3olj,AskReddit,post,1555254572,neutral
bd6nv5,AskReddit,post,1555270870,negative
bdhc44,AskReddit,post,1555342328,neutral
bdhn97,AskReddit,post,1555343830,neutral
bdji7w,AskReddit,post,1555352761,neutral
bdjso7,AskReddit,post,1555354127,neutral
bdmknp,AskReddit,post,1555369327,negative
bdmlf6,AskReddit,post,1555369447,neutral
bdmuhg,AskReddit,post,1555370875,neutral
bdrmzj,AskReddit,post,1555404844,negative
bdtxcf,AskReddit,post,1555421157,negative
bdud7t,AskReddit,post,1555423727,neutral
be09y6,AskReddit,post,1555454503,neutral
be1pfp,AskReddit,post,1555462933,neutral
be3616,AskReddit,post,1555472002,neutral
be7rga,AskReddit,post,1555507443,negative
be83b0,AskReddit,post,1555509324,neutral
be8f0r,AskReddit,post,1555511099,neutral
behmmv,AskReddit,post,1555563429,neutral
bej705,AskReddit,post,1555576988,neutral
belgx6,AskReddit,post,1555593573,negative
belkqk,AskReddit,post,1555594198,neutral
ben1li,AskReddit,post,1555602113,neutral
beounn,AskReddit,post,1555611443,neutral
besnni,AskReddit,post,1555632079,negative
bevbp8,AskReddit,post,1555649594,neutral
bfg10x,AskReddit,post,1555788376,negative
bfg1gg,AskReddit,post,1555788442,negative
bfg20d,AskReddit,post,1555788526,neutral
bfmwk6,AskReddit,post,1555836669,neutral
bfvnx7,AskReddit,post,1555892730,negative
bg1d4h,AskReddit,post,1555935114,neutral
bg249d,AskReddit,post,1555939765,neutral
bg2esw,AskReddit,post,1555941528,neutral
bg5k23,AskReddit,post,1555957814,negative
bgd59d,AskReddit,post,1556001702,neutral
bgfrjt,AskReddit,post,1556022361,neutral
bgh2fg,AskReddit,post,1556029963,neutral
bgirce,AskReddit,post,1556038539,neutral
bgjnah,AskReddit,post,1556043039,neutral
bgle8u,AskReddit,post,1556051950,neutral
bgleq9,AskReddit,post,1556052017,neutral
bgo8gc,AskReddit,post,1556067513,negative
bguth0,AskReddit,post,1556113655,neutral
bgw9vf,AskReddit,post,1556121178,negative
bgww5l,AskReddit,post,1556124234,negative
bgx1e1,AskReddit,post,1556124963,negative
bh0m8j,AskReddit,post,1556143217,negative
bh35sw,AskReddit,post,1556158115,negative
bh7f5v,AskReddit,post,1556191217,neutral
bhcfgp,AskReddit,post,1556218765,neutral
bhcl1u,AskReddit,post,1556219547,neutral
bhcx8d,AskReddit,post,1556221348,neutral
bhjx8m,AskReddit,post,1556266940,neutral
bhoqok,AskReddit,post,1556298367,neutral
bhqktq,AskReddit,post,1556307941,neutral
bhtahf,AskReddit,post,1556323621,neutral
bhx4we,AskReddit,post,1556354343,neutral
bi509y,AskReddit,post,1556407697,neutral
bi54fc,AskReddit,post,1556408439,neutral
bi6mk8,AskReddit,post,1556418613,neutral
bibjsq,AskReddit,post,1556460273,neutral
bibq0y,AskReddit,post,1556461373,neutral
bic0kj,AskReddit,post,1556463173,neutral
bic27h,AskReddit,post,1556463441,negative
bic752,AskReddit,post,1556464242,negative
bic8hf,AskReddit,post,1556464466,neutral
bicb8c,AskReddit,post,1556464919,negative
biescn,AskReddit,post,1556478779,neutral
bimh0f,AskReddit,post,1556520819,neutral
bimypn,AskReddit,post,1556525250,neutral
bip9g6,AskReddit,post,1556543145,negative
bixjzu,AskReddit,post,1556588099,negative
bgpuig,AutoModerator,post,1556076940,neutral
bgo4yg,CringeAnarchy,post,1556066965,positive
b8buna,DevilMayCry,post,1554164666,negative
bbgchb,Drama,post,1554860732,positive
b8c1mo,Drugs,post,1554165687,neutral
bdttyf,FashionReps,post,1555420618,neutral
bbbhha,FortNiteBR,post,1554834619,neutral
bdpf4m,FortNiteBR,post,1555386858,negative
bbtjda,FortNiteBR,post,1554941979,neutral
bbg8mi,GuessTheMovie,post,1554860074,negative
b82h9u,HistoryMemes,post,1554125789,neutral
behjnb,NBA2k,post,1555562760,neutral
ba1fid,NBASpurs,post,1554530889,neutral
b908ir,NavyBlazer,post,1554309193,neutral
bboc90,NavyBlazer,post,1554915197,neutral
bgwujf,NavyBlazer,post,1556124009,neutral
bchl7i,NewYorkIslanders,post,1555096548,neutral
bhib3e,Parahumans,post,1556253580,neutral
b9tx2s,PewdiepieSubmissions,post,1554484528,negative
bc08zm,ShitLiberalsSay,post,1554991381,negative
bi7g0c,Showerthoughts,post,1556424662,negative
be9jmh,StarWarsBattlefront,post,1555516984,neutral
bfbsyu,StarWarsBattlefront,post,1555764224,neutral
b8s5ri,SuicideWatch,post,1554257081,positive
bhmlvg,Trumpgret,post,1556287251,neutral
bhgktn,Trumpgret,post,1556242039,neutral
bhmauu,WatchRedditDie,post,1556285477,negative
bdbuix,albiononline,post,1555301694,negative
b8e24w,boardsofcanada,post,1554177030,neutral
bex3cr,cardano,post,1555665212,neutral
bihsoq,copypasta,post,1556495950,negative
bf4rxo,cringepics,post,1555710483,negative
bhou0w,dankmemes,post,1556298838,neutral
bhp3zi,dankmemes,post,1556300230,positive
bhpbp7,dankmemes,post,1556301337,neutral
bh1w2w,dankmemes,post,1556150463,neutral
b7y0zh,dankmemes,post,1554097360,neutral
bdgr4y,dankmemes,post,1555339282,negative
b9donv,dankmemes,post,1554389469,negative
bayohf,dankmemes,post,1554755136,negative
bh8gru,dankmemes,post,1556197927,negative
bia1f8,dankmemes,post,1556448586,neutral
bcscf5,dankmemes,post,1555173355,negative
b852kd,dankmemes,post,1554138127,neutral
b8o3nk,dankmemes,post,1554235160,negative
bdap17,dankmemes,post,1555294312,negative
baq34f,dankmemes,post,1554702960,neutral
bchwrg,dankmemes,post,1555098252,negative
bj00sr,dankmemes,post,1556605154,negative
bf64fb,dankmemes,post,1555718378,neutral
b82y1h,dankmemes,post,1554128195,negative
b813fa,dankmemes,post,1554118369,negative
bdgvgc,dankmemes,post,1555339929,negative
bg3cbr,dankmemes,post,1555946553,negative
bi5l03,dankmemes,post,1556411474,neutral
bcvduo,dankmemes,post,1555190263,negative
bj6q2t,dankmemes,post,1556648710,negative
b7zmwm,dankmemes,post,1554108632,negative
be2xrn,ethereum,post,1555470468,neutral
bh1peq,future_fight,post,1556149343,positive
bh1u6f,future_fight,post,1556150145,negative
bh1xn5,future_fight,post,1556150743,negative
bd1yjo,help,post,1555242378,negative
bj0pvh,marvelstudios,post,1556611159,neutral
bcsh66,memes,post,1555174119,positive
bicbaz,redditrequest,post,1556464931,neutral
bfwc9h,redditrequest,post,1555896917,neutral
b7v16a,redditrequest,post,1554078966,neutral
b82p9u,redditrequest,post,1554127012,neutral
bi7qrr,redditrequest,post,1556426990,neutral
be4mrj,redditrequest,post,1555483099,neutral
b8v58g,redditrequest,post,1554278717,neutral
b92wup,roosterteeth,post,1554321701,neutral
bhlihj,unpopularopinion,post,1556280201,negative
bfu3p7,unpopularopinion,post,1555883422,negative
bdlpns,woooosh,post,1555364812,neutral
bbsgb3,worldbuilding,post,1554935864,neutral
b913zc,3DS,post,1554313299,positive
bb0wfc,AskHistorians,post,1554767047,negative
bakswg,AskOuija,post,1554669337,neutral
beaeel,ChapoTrapHouse,post,1555521346,positive
bcwlmw,ContestOfChampions,post,1555197589,neutral
bcmi44,DeepFriedMemes,post,1555126479,neutral
bfiieh,CFB,post,1555803037,neutral
be86wx,Comcast_Xfinity,post,1555509882,neutral
bfm0eh,Cricket,post,1555827924,positive
bgkmpk,EscapefromTarkov,post,1556048070,neutral
bi04e5,FortNiteBR,post,1556378578,negative
b83c4h,IndiaSpeaks,post,1554130079,neutral
bet6v2,Memes_Of_The_Dank,post,1555635294,negative
biwbx8,Nicegirls,post,1556580676,negative
bbqdzi,NoStupidQuestions,post,1554925296,neutral
bdwprq,NoStupidQuestions,post,1555435931,negative
bf5srp,OpenBazaar,post,1555716357,negative
b82w8m,PrequelMemes,post,1554127944,neutral
bdykyq,Terraria,post,1555445503,positive
beadqh,The_Donald,post,1555521256,negative
bcyrxr,TooAfraidToAsk,post,1555212623,neutral
bhqgcn,UnsentLetters,post,1556307261,positive
bhgfoc,WTF,post,1556241138,negative
biisdt,ainbow,post,1556502240,neutral
bawwec,bjj,post,1554746118,neutral
b8ln0v,dank_meme,post,1554223367,neutral
b86awx,dankmemes,post,1554142379,negative
bgshrd,dankmemes,post,1556097815,negative
bh0d04,dankmemes,post,1556141847,negative
bh0tpb,dankmemes,post,1556144307,negative
b7xvqs,dankmemes,post,1554096429,neutral
b80453,dankmemes,post,1554112078,negative
bak6cr,dankmemes,post,1554665944,negative
bc5jfp,dankmemes,post,1555018709,negative
b7w2ho,dankmemes,post,1554085150,negative
bh3b7y,dankmemes,post,1556159006,neutral
b84xpd,dankmemes,post,1554137500,negative
bell6d,dankmemes,post,1555594269,negative
bhtk78,dankmemes,post,1556325261,positive
b7zcvm,dankmemes,post,1554106484,positive
b7urn4,dankmemes,post,1554077528,negative
bfm47i,dankmemes,post,1555828898,negative
bj0wk7,dankmemes,post,1556612870,neutral
batu7u,dankmemes,post,1554730247,negative
bc18pc,dankmemes,post,1554996651,negative
b83xgu,dankmemes,post,1554132831,neutral
be8586,dankmemes,post,1555509636,neutral
bfoqoz,dankmemes,post,1555852934,negative
bgrhfz,dankmemes,post,1556088896,negative
bbr1xh,darkjokes,post,1554928701,negative
bbtzt6,darkjokes,post,1554944737,neutral
bcdohn,darkjokes,post,1555076369,negative
baei3f,facepalm,post,1554628276,neutral
bhbw2w,forhonor,post,1556215985,neutral
bdadjt,h3h3productions,post,1555292345,neutral
bditaq,help,post,1555349448,neutral
bfg0ha,memes,post,1555788287,negative
b89ogk,memes,post,1554155175,neutral
bf2p9z,modhelp,post,1555699384,negative
bi5lyn,movies,post,1556411644,positive
biti4j,mturk,post,1556565605,neutral
bcan81,pathofexile,post,1555052808,neutral
b7y8rn,popheads,post,1554098768,neutral
bgxy0n,redditrequest,post,1556129466,neutral
b8bzvz,redditrequest,post,1554165428,neutral
b7yhpy,redditrequest,post,1554100428,neutral
bhjkwo,redditrequest,post,1556263877,neutral
bdd0f2,redditrequest,post,1555311382,neutral
bhzj92,redditrequest,post,1556374977,neutral
bee4pw,redditrequest,post,1555541013,neutral
bbpf5o,relationship_advice,post,1554920461,neutral
bhqosh,runescape,post,1556308545,positive
bhqhzp,shield,post,1556307520,neutral
bf0poo,shittyaskreddit,post,1555689237,neutral
bgspm0,teenagers,post,1556099721,positive
bbqsam,teenagers,post,1554927301,neutral
bcyk7e,teenagers,post,1555211001,neutral
bdqj5c,teenagers,post,1555395429,neutral
bfmrwh,unpopularopinion,post,1555835360,negative
bfv2di,unpopularopinion,post,1555889037,negative
b83jma,unpopularopinion,post,1554131066,negative
bhciz9,2007scape,post,1556219256,negative
bezj7d,AroundTheNFL,post,1555683022,neutral
bhcshr,AskReddit,post,1556220634,neutral
bfrxs3,BreadStapledToTrees,post,1555871393,neutral
bgjs70,CringeAnarchy,post,1556043719,negative
bgjvda,CringeAnarchy,post,1556044170,negative
bgm4ga,CringeAnarchy,post,1556055626,neutral
biumlf,DeepFriedMemes,post,1556571354,negative
bdqxwi,Drama,post,1555398727,neutral
bco1hc,FIFA,post,1555139622,negative
b8dsgy,FortNiteBR,post,1554175324,neutral
bezypk,FortNiteBR,post,1555685351,negative
b8gklb,Games,post,1554194631,negative
bftnoy,HotlineMiami,post,1555880902,neutral
bchuoa,Jokes,post,1555097945,negative
bimjg1,LigaMX,post,1556521356,neutral
bf2fp2,NBASpurs,post,1555698019,positive
bb859m,OnePiece,post,1554817669,neutral
bb14p1,PewdiepieSubmissions,post,1554768371,neutral
bai0c7,PewdiepieSubmissions,post,1554654380,neutral
bj4hpv,PrequelMemes,post,1556637376,neutral
bdzng3,Showerthoughts,post,1555451091,neutral
bd4m01,Showerthoughts,post,1555259929,neutral
babmwn,Showerthoughts,post,1554602502,negative
babn3d,Showerthoughts,post,1554602543,negative
b9bidu,StarWarsBattlefront,post,1554377359,negative
bictk7,Thunder,post,1556467824,neutral
bij7cf,Wellthatsucks,post,1556505028,negative
bi38bj,antinatalism,post,1556396897,negative
bb8ppv,boottoobig,post,1554820757,neutral
bevzus,cringe,post,1555655148,negative
bb7t27,dankmemes,post,1554815714,negative
bgsuem,dankmemes,post,1556100834,negative
bgsum5,dankmemes,post,1556100878,negative
bhlbu6,dankmemes,post,1556278823,negative
bfjb7s,dankmemes,post,1555808129,neutral
bfdcz4,dankmemes,post,1555774061,negative
b82oq5,dankmemes,post,1554126937,negative
b7zukr,dankmemes,post,1554110176,negative
bejej8,dankmemes,post,1555578916,negative
bfte5q,dankmemes,post,1555879429,negative
b7vxhp,dankmemes,post,1554084345,neutral
beu83m,dankmemes,post,1555641894,neutral
b7wpud,dankmemes,post,1554089090,negative
b7x1ql,dankmemes,post,1554091257,negative
b7xew7,dankmemes,post,1554093520,negative
b7wrgf,dankmemes,post,1554089373,negative
b80b3g,dankmemes,post,1554113396,neutral
bgxpwu,dankmemes,post,1556128348,neutral
baciqo,darkjokes,post,1554609127,negative
bhobkp,darkjokes,post,1556296246,negative
bhh42h,detroitlions,post,1556245500,neutral
bcwbun,freenas,post,1555195992,neutral
ba5t15,funny,post,1554566698,neutral
binptj,gameofthrones,post,1556532102,neutral
bgxbxq,memes,post,1556126393,neutral
b8m1z8,movies,post,1554225310,neutral
bdbhk3,movies,post,1555299096,negative
bhss2g,movies,post,1556320430,positive
bdvi7s,onejob,post,1555429779,neutral
b8eqlg,opieandanthony,post,1554181568,negative
b9ul0b,redditrequest,post,1554487798,neutral
bffm59,redditrequest,post,1555786072,neutral
beg6mo,redditrequest,post,1555553505,neutral
bfxpbh,redditrequest,post,1555905646,neutral
bbyf98,redditrequest,post,1554979854,neutral
b8wdbt,redditrequest,post,1554288465,neutral
bbxi1c,rugbyunion,post,1554972226,neutral
bh87xk,stopdrinking,post,1556196492,positive
b9pxn5,subredditcancer,post,1554463223,negative
bclzm6,teenagers,post,1555122710,neutral
bfs3d0,teenagers,post,1555872231,neutral
bh6enu,tf2,post,1556183023,negative
bb99tc,udub,post,1554823664,neutral
beoz5i,wallstreetbets,post,1555612113,neutral
bb2q8u,ASOUE,post,1554778034,neutral
befwpb,Animemes,post,1555551812,neutral
b88p24,Catholicism,post,1554151502,neutral
b8e0jw,Coachella,post,1554176751,neutral
b92ux2,Coachella,post,1554321445,negative
bg7gyr,CringeAnarchy,post,1555967526,neutral
bg3z0q,FortNiteBR,post,1555949802,positive
bfa9xw,Huawei,post,1555750608,negative
ba9oci,InlandEmpire,post,1554589233,neutral
bbbb57,Keratoconus,post,1554833731,neutral
bhldgq,Muse,post,1556279167,negative
bgf4ie,PewdiepieSubmissions,post,1556018052,neutral
bckq46,PoliticalHumor,post,1555114224,negative
bg7sb6,SandersForPresident,post,1555969141,neutral
bi52cl,The_Donald,post,1556408065,negative
bdmdpw,The_Donald,post,1555368271,negative
bdc9lb,conspiracy,post,1555304911,negative
bdlftf,conspiracy,post,1555363370,neutral
b81rw3,dankmemes,post,1554122130,negative
b94b0v,dankmemes,post,1554328596,negative
bj77sd,dankmemes,post,1556651253,neutral
bfhpp9,dankmemes,post,1555798039,neutral
b7zms1,dankmemes,post,1554108604,neutral
bfnnrg,dankmemes,post,1555844186,negative
bfno30,dankmemes,post,1555844279,negative
bghkq0,dankmemes,post,1556032638,negative
bdjanp,dankmemes,post,1555351786,neutral
bc7ndt,dankmemes,post,1555031074,negative
bfmt5o,dankmemes,post,1555835711,negative
b8bcgk,dankmemes,post,1554162162,neutral
be0f3r,dankmemes,post,1555455353,positive
b7wg8t,dankmemes,post,1554087455,neutral
bclh0e,dankmemes,post,1555119126,negative
bfesd7,dankmemes,post,1555781652,neutral
bbmqty,darkjokes,post,1554906911,negative
bbxjfg,darkjokes,post,1554972604,negative
bbplhw,darkjokes,post,1554921335,neutral
b8rhss,help,post,1554253125,neutral
beidcd,help,post,1555569473,negative
bdpzng,humblebrag,post,1555391052,negative
bfhqwn,ladyladyboners,post,1555798229,neutral
bia20a,libertarianmeme,post,1556448748,negative
bhv4ds,marvelstudios,post,1556336155,positive
bhitj4,meme,post,1556257549,positive
b8mehy,memes,post,1554226974,negative
b9r735,memes,post,1554470785,positive
beo8fe,memes,post,1555608210,negative
b85hjw,pics,post,1554139799,neutral
bhw7g4,popping,post,1556345172,negative
bgvykv,redditrequest,post,1556119577,neutral
bd8njo,redditrequest,post,1555281700,neutral
bf1auw,redditrequest,post,1555692248,neutral
bitv0g,socialism,post,1556567446,neutral
biwtyx,socialism,post,1556583706,negative
b94jnq,unpopularopinion,post,1554329840,negative
babkav,vegan,post,1554602022,neutral
be2jbx,yorku,post,1555467905,positive
bavyel,2007scape,post,1554741278,neutral
b9xbks,2007scape,post,1554501885,neutral
b92y3s,AnimalCrossing,post,1554321865,negative
bh9drs,AskReddit,post,1556203079,neutral
baaj9g,Borderlands,post,1554594854,neutral
bb3aiz,Braves,post,1554781775,negative
be8y9f,Braves,post,1555513976,neutral
bc4ynh,Coachella,post,1555015642,negative
b80mtj,Cricket,post,1554115567,negative
bhgslr,Cricket,post,1556243449,neutral
bgir06,CringeAnarchy,post,1556038492,neutral
bannsp,DankMemesFromSite19,post,1554686360,positive
b9mqep,EVEX,post,1554438074,negative
bf2bzh,FortNiteBR,post,1555697473,negative
bc2y9s,FortNiteBR,post,1555005297,neutral
bivvhi,FortNiteBR,post,1556578029,negative
biw74h,FortNiteBR,post,1556579882,negative
bapnma,GirlsMirin,post,1554699789,negative
bg3zds,JustUnsubbed,post,1555949854,negative
bdz3ip,Nicegirls,post,1555448180,negative
bb4tq4,OnePunchMan,post,1554793442,neutral
bdaeis,OnePunchMan,post,1555292510,neutral
bbw3oe,PenmanshipPorn,post,1554958686,neutral
bblo35,PewdiepieSubmissions,post,1554900865,negative
bfh6q1,PrequelMemes,post,1555794939,neutral
bezq3v,ShitPoliticsSays,post,1555684072,negative
bgb26r,ShitPoliticsSays,post,1555987645,negative
bgdfyz,ShitPoliticsSays,post,1556004050,negative
bhn66u,ShitPoliticsSays,post,1556290286,negative
bjaduh,ShitPoliticsSays,post,1556667477,negative
b9o5r3,SquaredCircle,post,1554449225,negative
baff30,The_Donald,post,1554637220,negative
beb9dw,amiugly,post,1555525777,neutral
beb9ax,badMovies,post,1555525765,neutral
beiryb,battlestations,post,1555572997,neutral
bdc7px,composer,post,1555304498,positive
bi2rn5,confession,post,1556394115,neutral
b8latg,dankmemes,post,1554221809,neutral
bfgmoo,dankmemes,post,1555791717,neutral
b83l88,dankmemes,post,1554131276,negative
b848zk,dankmemes,post,1554134306,neutral
b85lrm,dankmemes,post,1554140219,neutral
beip15,dankmemes,post,1555572259,negative
bgmpua,dankmemes,post,1556058873,positive
bak30u,dankmemes,post,1554665433,negative
bfo7g7,dankmemes,post,1555848914,negative
batyw6,dankmemes,post,1554731019,negative
bhfg8v,dankmemes,post,1556235026,neutral
b989k5,dankmemes,post,1554352434,negative
bcqy3k,dankmemes,post,1555165267,negative
bhw8a5,dankmemes,post,1556345373,positive
bfyusu,dankmemes,post,1555914753,negative
bfppyg,dankmemes,post,1555859079,negative
bfxt10,dankmemes,post,1555906349,negative
bfy0b3,dankmemes,post,1555907825,negative
bimv3f,dankmemes,post,1556524311,neutral
b7vmca,dankmemes,post,1554082471,neutral
bev609,dankmemes,post,1555648366,negative
b7wtog,dankmemes,post,1554089776,negative
b81oea,dankmemes,post,1554121593,negative
b87dej,dankmemes,post,1554146612,negative
bhg9r3,dankmemes,post,1556240126,neutral
b85qdy,dankmemes,post,1554140618,negative
bbtp95,darkjokes,post,1554942977,negative
bfcjwp,darkjokes,post,1555769301,neutral
bhhspp,detroitlions,post,1556250020,neutral
b97k0d,fakehistoryporn,post,1554347582,neutral
bg5ydy,fakehistoryporn,post,1555959819,negative
bh7gcw,fakehistoryporn,post,1556191472,neutral
bhbd8w,marvelstudios,post,1556213265,positive
b81wu0,nfl,post,1554122861,neutral
bathin,nfl,post,1554728243,negative
bcxev3,nfl,post,1555202882,neutral
bhf0rp,nfl,post,1556232542,neutral
bbrggz,prisonarchitect,post,1554930795,neutral
b98e9i,rockets,post,1554353337,negative
b7wmbf,runescape,post,1554088476,negative
bgxi75,samharris,post,1556127267,negative
bia310,snooker,post,1556449025,neutral
bagin6,teenagers,post,1554645726,neutral
bfpy06,tf2,post,1555860421,neutral
bfru63,tf2,post,1555870842,negative
bigdrp,tf2,post,1556487343,neutral
be8xlq,unpopularopinion,post,1555513872,negative
be8zbr,unpopularopinion,post,1555514117,negative
bivydj,unpopularopinion,post,1556578497,negative
bidkvb,vegan,post,1556472106,neutral
bcx0jf,wallstreetbets,post,1555200208,neutral
bfvx6x,2007scape,post,1555894315,negative
be7uuk,90DayFiance,post,1555507985,neutral
bf6cns,ChapoTrapHouse,post,1555719793,neutral
bifxrv,ChapoTrapHouse,post,1556484942,neutral
baaufg,CollegeBasketball,post,1554597016,neutral
bfhs4q,CringeAnarchy,post,1555798440,neutral
bg79ln,CringeAnarchy,post,1555966479,negative
bj5yne,EscapefromTarkov,post,1556644850,negative
bbrgb1,FellowKids,post,1554930770,negative
bcaqia,Firearms,post,1555053622,negative
bh959r,Flipping,post,1556201759,neutral
bfa8u9,LesbianActually,post,1555750302,negative
bds6qh,Marvel,post,1555409420,neutral
bc13rs,Memes_Of_The_Dank,post,1554995933,neutral
bb4qzj,Nicegirls,post,1554792813,negative
bcurfb,StarWarsBattlefront,post,1555186722,negative
bh3omi,dankmemes,post,1556161303,negative
bfmc4w,dankmemes,post,1555830953,positive
bfystu,dankmemes,post,1555914272,negative
bfywxp,dankmemes,post,1555915267,negative
bg0o79,dankmemes,post,1555930397,negative
bgiuil,dankmemes,post,1556038978,negative
bj890c,dankmemes,post,1556656490,neutral
bbre9w,dankmemes,post,1554930477,neutral
bbpvuh,dankmemes,post,1554922772,negative
b7vygf,dankmemes,post,1554084504,negative
b7y49m,dankmemes,post,1554097940,neutral
b7yz08,dankmemes,post,1554103723,positive
b887te,dankmemes,post,1554149775,neutral
bfqaz4,dankmemes,post,1555862504,negative
b7zij7,dankmemes,post,1554107692,neutral
b9duxy,dankmemes,post,1554390291,negative
b852si,dankmemes,post,1554138133,negative
bfqyop,dankmemes,post,1555866115,neutral
bfct08,dankmemes,post,1555770854,negative
bdn1wc,dankmemes,post,1555372044,negative
bdn6in,dankmemes,post,1555372774,neutral
bbrutr,dankmemes,post,1554932843,negative
b8262y,dankmemes,post,1554124191,negative
bdqgev,dankmemes,post,1555394781,positive
baw4hm,darkjokes,post,1554742127,negative
bftybv,deepweb,post,1555882546,neutral
bds6a1,gameofthrones,post,1555409317,negative
bbokbq,hamptonbrandon,post,1554916294,negative
ba1olp,iastate,post,1554533176,neutral
bhirx2,marvelstudios,post,1556257193,positive
bac6t2,memes,post,1554606561,negative
bev6ly,memes,post,1555648486,negative
bj73jl,modhelp,post,1556650638,neutral
b99gjr,needamod,post,1554361217,neutral
bhc97e,needamod,post,1556217856,neutral
beau9i,offmychest,post,1555523620,negative
baq2y5,redditrequest,post,1554702923,neutral
bhzxgn,redditrequest,post,1556377427,neutral
bbn8kg,redditrequest,post,1554909577,neutral
bg8yoo,redditrequest,post,1555975431,neutral
ba9mz7,rupaulsdragrace,post,1554588990,neutral
bij5ue,teenagers,post,1556504772,positive
bdtfa4,thedonald,post,1555418183,positive
bdtiha,thedonald,post,1555418741,negative
b7yxbq,trees,post,1554103381,neutral
b81qt4,trees,post,1554121965,negative
b8sa8p,wallstreetbets,post,1554257817,neutral
bdyptv,Animemes,post,1555446203,neutral
b8i0wz,Animemes,post,1554204770,neutral
b8vvtm,AskOuija,post,1554284878,negative
bc9hza,Assistance,post,1555043355,negative
b8ezu3,BlackPeopleTwitter,post,1554183273,neutral
b8sti1,Borderlands,post,1554261114,negative
bgmv40,Braincels,post,1556059661,negative
bgq8jo,Cityofheroes,post,1556079534,positive
bgmovc,CringeAnarchy,post,1556058727,negative
bgnqtt,CringeAnarchy,post,1556064642,neutral
bfq4bk,DC_Cinematic,post,1555861460,neutral
bhpxa1,DynastyFF,post,1556304459,neutral
bddpwm,GiftofGames,post,1555318252,positive
beyoqv,Izlam,post,1555677922,neutral
b8a2be,NoStupidQuestions,post,1554156743,negative
bdbbgx,Ooer,post,1555297945,neutral
b8fdgx,StarWarsBattlefront,post,1554185844,negative
baw3kz,StoriesAboutKevin,post,1554741997,negative
b9w4oc,SubredditDrama,post,1554495555,negative
bj8gj4,TapTitans,post,1556657501,negative
bbo3nn,Tinder,post,1554914000,neutral
bf3xo8,TopMindsOfReddit,post,1555705863,negative
bffay2,TopMindsOfReddit,post,1555784367,neutral
b86ukb,WatchItForThePlot,post,1554144645,negative
bckpit,astrology,post,1555114137,negative
bak2oc,atheism,post,1554665385,neutral
bd0b0v,bostonr4r,post,1555225771,neutral
b9owy0,crazyexgirlfriend,post,1554455771,positive
bglb6e,dankmemes,post,1556051521,neutral
bh8hfi,dankmemes,post,1556198036,neutral
bad9l5,dankmemes,post,1554615264,negative
bchrnu,dankmemes,post,1555097500,negative
b9qaja,dankmemes,post,1554465535,negative
bd1pfm,dankmemes,post,1555240068,negative
bh94dh,dankmemes,post,1556201633,neutral
bbnjmn,dankmemes,post,1554911162,negative
b83bby,dankmemes,post,1554129974,neutral
b89d07,dankmemes,post,1554153924,neutral
bhzi6l,dankmemes,post,1556374768,neutral
bc72b3,darkjokes,post,1555027513,negative
biwyg3,darkjokes,post,1556584478,negative
bgji9i,help,post,1556042277,negative
bgjrfz,help,post,1556043605,negative
bankj5,ireland,post,1554685785,neutral
b8tlse,losangeleskings,post,1554266514,negative
bdm831,marvelstudios,post,1555367447,neutral
bgwrc6,marvelstudios,post,1556123559,positive
b8s78b,marvelstudios,post,1554257330,neutral
b9ck4h,marvelstudios,post,1554383655,negative
bb3eqb,marvelstudios,post,1554782568,negative
bc66y6,marvelstudios,post,1555022238,neutral
bc6yr4,marvelstudios,post,1555026891,neutral
bdgt6a,marvelstudios,post,1555339585,neutral
bdorz9,marvelstudios,post,1555382541,neutral
bdoxuc,marvelstudios,post,1555383580,positive
bdp1w1,marvelstudios,post,1555384315,positive
bdv268,marvelstudios,post,1555427535,positive
bdvic3,marvelstudios,post,1555429797,neutral
bdvjmf,marvelstudios,post,1555429995,neutral
bdvmxw,marvelstudios,post,1555430463,neutral
bdwb6t,marvelstudios,post,1555433963,positive
bdwb9k,marvelstudios,post,1555433908,positive
bdx77h,marvelstudios,post,1555438428,positive
bdxg99,marvelstudios,post,1555439718,neutral
bdz946,marvelstudios,post,1555448969,neutral
be3b56,marvelstudios,post,1555472997,positive
beajfq,marvelstudios,post,1555522056,positive
beccjk,marvelstudios,post,1555531421,positive
beiff3,marvelstudios,post,1555569959,positive
bfsx24,marvelstudios,post,1555876793,positive
bfv2m6,marvelstudios,post,1555889078,positive
bg62yi,marvelstudios,post,1555960460,positive
bg79hz,marvelstudios,post,1555966465,positive
bgha09,marvelstudios,post,1556031094,neutral
bgp6xq,marvelstudios,post,1556072989,positive
bgwr3d,marvelstudios,post,1556123521,neutral
bh2y40,marvelstudios,post,1556156837,positive
bh45c9,marvelstudios,post,1556164320,positive
bhcc37,marvelstudios,post,1556218278,neutral
bhclll,marvelstudios,post,1556219625,neutral
bhcxlp,marvelstudios,post,1556221406,neutral
bhkiw8,marvelstudios,post,1556272441,neutral
bhnepo,marvelstudios,post,1556291531,positive
bhnlxu,marvelstudios,post,1556292566,negative
bhp7pa,marvelstudios,post,1556300748,neutral
bhxluv,marvelstudios,post,1556359123,neutral
bi3019,marvelstudios,post,1556395497,neutral
big4ju,marvelstudios,post,1556485949,neutral
biid9q,marvelstudios,post,1556499464,neutral
bj0gqo,marvelstudios,post,1556608888,positive
b89ppa,memes,post,1554155318,negative
bd60mo,mildlyinfuriating,post,1555267563,negative
b9l6kx,movies,post,1554428027,neutral
b8vkv1,redditrequest,post,1554282473,neutral
bfnv89,redditrequest,post,1555846069,neutral
bfx714,redditrequest,post,1555902286,neutral
bhj0r6,sadcringe,post,1556259215,negative
beci37,starcitizen,post,1555532212,negative
bj25to,subredditcancer,post,1556623557,negative
b80i19,thatHappened,post,1554114700,negative
bhku9k,transgenderUK,post,1556275080,neutral
batw8i,tulsi,post,1554730572,neutral
biwoxo,AmItheAsshole,post,1556582884,neutral
bhmriu,AskMen,post,1556288124,neutral
b8r0ve,AskReddit,post,1554250398,neutral
b9d1ce,AskReddit,post,1554386268,negative
bizrxy,CK2GameOfthrones,post,1556603162,neutral
b9ec56,CharlotteHornets,post,1554392568,neutral
bgbpt4,CringeAnarchy,post,1555991623,negative
bgnw3q,CrossStitch,post,1556065502,neutral
b9oej3,Destiny,post,1554451320,negative
bfnf1x,FFBraveExvius,post,1555841799,negative
bg97uy,FanTheories,post,1555976812,negative
bgb149,FloridaMan,post,1555987479,neutral
bbwjvo,GiftofGames,post,1554963714,neutral
bec9kv,IAmA,post,1555531002,neutral
bhnni5,Lineage2Revolution,post,1556292800,neutral
bgy22o,MGTOW,post,1556130044,negative
b84n31,MushroomGrowers,post,1554136099,negative
bcilpt,Naruto,post,1555101913,neutral
b855w9,PewdiepieSubmissions,post,1554138522,positive
b82hjk,Reformed,post,1554125826,neutral
b9owuy,SexWorkers,post,1554455749,neutral
bc2vzc,SexWorkers,post,1555004966,neutral
bj54is,SkyrimTogether,post,1556640687,negative
bf4dxb,Smite,post,1555708292,neutral
bh2yfk,Smite,post,1556156887,negative
b9khd0,SuddenlyGay,post,1554423738,neutral
bf8zch,The_Donald,post,1555738685,negative
bbu1f1,WorldOfWarships,post,1554945008,neutral
bcsafe,apolloapp,post,1555173041,neutral
bebdkm,beyondthebump,post,1555526397,positive
bek4rp,breakingmom,post,1555584872,positive
bfhylq,dankmemes,post,1555799547,negative
bctc30,dankmemes,post,1555178932,negative
bgkc17,dankmemes,post,1556046528,neutral
bb3ebw,dankmemes,post,1554782494,neutral
bexzh7,dankmemes,post,1555672797,neutral
b7vzz0,dankmemes,post,1554084744,negative
b7yd98,dankmemes,post,1554099592,negative
b8fq7y,dankmemes,post,1554188395,neutral
bitmid,dankmemes,post,1556566242,neutral
b8lukc,dankmemes,post,1554224363,neutral
bfv37k,dankmemes,post,1555889188,neutral
baa6lf,dankmemes,post,1554592485,negative
bi079u,dankmemes,post,1556379075,neutral
bipe4z,dankmemes,post,1556543934,neutral
bghg5l,dankmemes,post,1556031979,neutral
bhcoym,dankmemes,post,1556220119,negative
bhnw2t,dankmemes,post,1556294033,positive
bb04vh,dankmemes,post,1554762780,neutral
bcc1tu,darkjokes,post,1555065659,negative
bhbhhl,darkjokes,post,1556213860,neutral
bdzzce,keto,post,1555452862,negative
b9r9d8,lancaster,post,1554471140,negative
ba4ctc,leagueoflegends,post,1554557751,negative
bebuhd,marvelstudios,post,1555528756,positive
bd6cbh,memes,post,1555269196,negative
biajwt,memes,post,1556453040,neutral
b7x1l5,memes,post,1554091232,positive
bfknoz,memes,post,1555817155,negative
beesfg,modhelp,post,1555544947,negative
bcx9xi,opieandanthony,post,1555201970,neutral
b9ewlp,puppy101,post,1554395146,negative
b9cwwv,redditrequest,post,1554385631,neutral
b8c30x,redditrequest,post,1554165891,neutral
bb2zgm,redditrequest,post,1554779672,neutral
bbj46g,redditrequest,post,1554880670,neutral
bbpsjj,runescape,post,1554922314,neutral
bgdoko,shittysuperpowers,post,1556005997,neutral
bi5cdk,teenagers,post,1556409916,negative
bdjlt5,teenagers,post,1555353228,neutral
b9cq4c,tf2,post,1554384615,negative
bfi79k,unpopularopinion,post,1555801062,negative
baqbm0,unpopularopinion,post,1554704735,negative
bah0kx,unpopularopinion,post,1554648830,negative
bbjvf1,unpopularopinion,post,1554887602,negative
b8vkj0,AmItheAsshole,post,1554282389,negative
biwt9p,AskReddit,post,1556583583,neutral
balnvo,Braincels,post,1554674240,negative
bcn8z7,Brawlstars,post,1555132454,negative
bgood6,CringeAnarchy,post,1556070061,negative
bgfrb8,CringeAnarchy,post,1556022321,neutral
bf5snj,DeepFriedMemes,post,1555716337,neutral
bf7lp1,DeepFriedMemes,post,1555728193,neutral
bfvjkg,FortNiteBR,post,1555891981,neutral
bckzod,Fuckthealtright,post,1555115928,negative
bhiyhf,FunnyandSad,post,1556258685,negative
bd03xo,Gamingcirclejerk,post,1555223863,negative
bacxyy,GenderCritical,post,1554612494,negative
bdznm9,IASIP,post,1555451116,neutral
bf1ss5,LivestreamFail,post,1555694737,negative
besrax,MGTOW,post,1555632686,negative
bg4uqa,MaymayZone,post,1555954255,neutral
bbkg18,MemeEconomy,post,1554892427,negative
bgmsrc,MurderedByWords,post,1556059312,negative
bemq9c,NarutoBlazing,post,1555600484,positive
biojr6,NoStupidQuestions,post,1556538558,neutral
bg688c,Psychic,post,1555961200,negative
bd8i2w,RedditDads,post,1555280838,positive
bg3zqq,TopChef,post,1555949904,negative
bf5gqk,UnsentLetters,post,1555714404,positive
bilzu1,borrow,post,1556516910,neutral
bim369,borrow,post,1556517679,neutral
bj96ln,botsrights,post,1556661012,neutral
bfqc9f,dankmemes,post,1555862709,positive
bds1up,dankmemes,post,1555408334,neutral
bbr9js,dankmemes,post,1554929816,neutral
bihpno,dankmemes,post,1556495419,neutral
bhdp5w,dankmemes,post,1556225346,negative
bgwm0n,dankmemes,post,1556122838,neutral
bapgy0,dankmemes,post,1554698439,negative
be4gr2,dankmemes,post,1555481721,neutral
b832j3,dankmemes,post,1554128792,negative
bhvwtn,dankmemes,post,1556342528,neutral
bhqjvo,dankmemes,post,1556307811,neutral
bgg5kh,dankmemes,post,1556024766,negative
b8oa47,dankmemes,post,1554236022,neutral
bixpzh,dankmemes,post,1556589136,negative
bixr4r,dankmemes,post,1556589323,negative
bixrev,dankmemes,post,1556589371,negative
bhusp8,discordapp,post,1556333736,negative
bc7p9m,donaldglover,post,1555031408,neutral
bea0q4,fcbayern,post,1555519432,neutral
bavacg,freefolk,post,1554737957,neutral
bdr45n,freefolk,post,1555400135,negative
bevvsd,funkopop,post,1555654183,negative
b8ojct,gaymers,post,1554237273,positive
bi8gst,kratom,post,1556433180,positive
bfjl3f,leafs,post,1555809921,neutral
bgzeki,leafs,post,1556136828,neutral
bgziqi,leafs,post,1556137436,neutral
bf0ome,logorequests,post,1555689088,neutral
bfmy43,memes,post,1555837127,positive
bdprst,memes,post,1555389401,neutral
baxt12,memes,post,1554750734,negative
bidb29,misophonia,post,1556470596,neutral
bcvkhn,nbastreams,post,1555191365,neutral
bcwt5r,opieandanthony,post,1555198883,neutral
bc20it,pakistan,post,1555000588,neutral
bc21t0,pakistan,post,1555000769,neutral
bi0gss,redditrequest,post,1556380674,neutral
b930k0,redditrequest,post,1554322179,neutral
bf2kf9,redditrequest,post,1555698697,neutral
bakbzs,redditrequest,post,1554666780,neutral
bh17cv,redditrequest,post,1556146412,neutral
b84b77,runescape,post,1554134582,negative
bcce9o,unpopularopinion,post,1555068188,negative
bg322l,vegancirclejerk,post,1555945034,negative
b8qx7w,AVoid5,post,1554249818,neutral
bbjfgb,Animemes,post,1554883517,neutral
bgw8wh,AskReddit,post,1556121029,neutral
bhejkt,AskReddit,post,1556229872,neutral
bds7cq,Avengers,post,1555409549,neutral
bdzdcc,Braves,post,1555449582,neutral
bhm9kc,ChapoTrapHouse,post,1556285264,neutral
b97ly9,CongratsLikeImFive,post,1554347916,neutral
beh1m9,Drugs,post,1555559130,negative
bi2ghe,FortNiteBR,post,1556392269,negative
battbn,FreeSpeech,post,1554730100,negative
b8zzyb,MaddenUltimateTeam,post,1554308104,negative
b9zmkx,MaddenUltimateTeam,post,1554516511,negative
bizciw,MaddenUltimateTeam,post,1556599858,neutral
bhfghu,PewdiepieSubmissions,post,1556235070,positive
bhblfn,Random_Acts_Of_Pizza,post,1556214428,neutral
bea2yk,The_Donald,post,1555519748,neutral
bdjwee,The_Donald,post,1555354620,negative
becxbj,astrology,post,1555534528,negative
bd7wz1,autism,post,1555277671,negative
b9u6ga,creepyPMs,post,1554485791,negative
bd3zf8,dankmemes,post,1555256358,neutral
bifbyv,dankmemes,post,1556481648,negative
bc4q26,dankmemes,post,1555014390,negative
b7yn3e,dankmemes,post,1554101442,neutral
bf16gy,dankmemes,post,1555691618,neutral
b83txi,dankmemes,post,1554132394,negative
bez4wl,dankmemes,post,1555680735,negative
b7um31,dankmemes,post,1554076801,negative
b7um77,dankmemes,post,1554076814,negative
b7um7q,dankmemes,post,1554076815,neutral
b7umo1,dankmemes,post,1554076866,negative
b7umq6,dankmemes,post,1554076872,positive
b7un2r,dankmemes,post,1554076916,negative
b7un5u,dankmemes,post,1554076927,negative
b7un9a,dankmemes,post,1554076938,negative
b7ung8,dankmemes,post,1554076963,negative
b7uni8,dankmemes,post,1554076970,negative
b7unw1,dankmemes,post,1554077022,negative
b7uo5z,dankmemes,post,1554077058,negative
b7uoml,dankmemes,post,1554077126,negative
b7uow5,dankmemes,post,1554077165,negative
b7up4y,dankmemes,post,1554077201,neutral
b7updp,dankmemes,post,1554077236,negative
b7uppp,dankmemes,post,1554077285,neutral
b7uq3s,dankmemes,post,1554077331,negative
b7uqca,dankmemes,post,1554077364,negative
b7uqhh,dankmemes,post,1554077383,negative
b7uqmp,dankmemes,post,1554077405,neutral
b7urjt,dankmemes,post,1554077517,negative
b7urkd,dankmemes,post,1554077518,negative
b7us41,dankmemes,post,1554077596,neutral
b7usjn,dankmemes,post,1554077652,negative
b7uskn,dankmemes,post,1554077657,negative
b7utdc,dankmemes,post,1554077766,positive
b7utlb,dankmemes,post,1554077798,neutral
b7uu3s,dankmemes,post,1554077871,neutral
b7uucl,dankmemes,post,1554077904,negative
b7uurr,dankmemes,post,1554077968,negative
b7uvrj,dankmemes,post,1554078121,neutral
b7uwls,dankmemes,post,1554078248,negative
b7uwyb,dankmemes,post,1554078303,neutral
b7ux0b,dankmemes,post,1554078310,neutral
b7uxn6,dankmemes,post,1554078410,negative
b7uy7i,dankmemes,post,1554078499,negative
b7uysm,dankmemes,post,1554078616,neutral
b7v0xd,dankmemes,post,1554078923,neutral
b7v0yi,dankmemes,post,1554078929,negative
b7v1u0,dankmemes,post,1554079069,negative
b7v6ve,dankmemes,post,1554079903,negative
b7v7gz,dankmemes,post,1554080003,negative
b7v9od,dankmemes,post,1554080378,negative
b7va1k,dankmemes,post,1554080437,positive
b7vc21,dankmemes,post,1554080753,neutral
b7vc58,dankmemes,post,1554080767,negative
b7vco9,dankmemes,post,1554080852,neutral
b7vd70,dankmemes,post,1554080939,negative
b7ve2u,dankmemes,post,1554081084,positive
b7vedf,dankmemes,post,1554081131,negative
b7vfqb,dankmemes,post,1554081360,neutral
b7vg58,dankmemes,post,1554081428,negative
b7vii0,dankmemes,post,1554081820,neutral
b7viun,dankmemes,post,1554081883,negative
b7vjc1,dankmemes,post,1554081968,neutral
b7vo0i,dankmemes,post,1554082758,neutral
b7vocq,dankmemes,post,1554082819,negative
b7voqk,dankmemes,post,1554082883,negative
b7vqx1,dankmemes,post,1554083247,neutral
b7vs0j,dankmemes,post,1554083433,negative
b7vs7c,dankmemes,post,1554083463,negative
b7vsqt,dankmemes,post,1554083555,neutral
b7vu7g,dankmemes,post,1554083799,neutral
b7vv49,dankmemes,post,1554083952,neutral
b7vw4k,dankmemes,post,1554084117,negative
b7vx7r,dankmemes,post,1554084299,negative
b7vxvu,dankmemes,post,1554084407,negative
b7vy7r,dankmemes,post,1554084461,negative
b7vye6,dankmemes,post,1554084493,neutral
b7vyxc,dankmemes,post,1554084582,negative
b7vz9e,dankmemes,post,1554084633,negative
b7vzw1,dankmemes,post,1554084732,negative
b7w2aa,dankmemes,post,1554085119,negative
b7w2aq,dankmemes,post,1554085121,neutral
b7w2ec,dankmemes,post,1554085136,negative
b7w2m0,dankmemes,post,1554085169,negative
b7w2tb,dankmemes,post,1554085202,neutral
b7w39x,dankmemes,post,1554085276,negative
b7w3su,dankmemes,post,1554085362,negative
b7w4mz,dankmemes,post,1554085514,negative
b7w4oe,dankmemes,post,1554085520,positive
b7w5c9,dankmemes,post,1554085634,neutral
b7w607,dankmemes,post,1554085737,negative
b7w6c0,dankmemes,post,1554085785,neutral
b7w804,dankmemes,post,1554086064,neutral
b7w8p2,dankmemes,post,1554086180,neutral
b7w990,dankmemes,post,1554086275,negative
b7w9rw,dankmemes,post,1554086367,neutral
b7wbo1,dankmemes,post,1554086690,negative
b7wdjh,dankmemes,post,1554087006,negative
b7wdl4,dankmemes,post,1554087013,negative
b7whdn,dankmemes,post,1554087644,neutral
b7whm5,dankmemes,post,1554087680,negative
b7wiwa,dankmemes,post,1554087888,negative
b7wj86,dankmemes,post,1554087944,negative
b7wk6v,dankmemes,post,1554088103,neutral
b7wmis,dankmemes,post,1554088515,negative
b7wnnd,dankmemes,post,1554088714,negative
b7wpo6,dankmemes,post,1554089061,positive
b7wqlo,dankmemes,post,1554089221,negative
b7wslu,dankmemes,post,1554089577,neutral
b7wtw6,dankmemes,post,1554089819,neutral
b7wtwf,dankmemes,post,1554089820,negative
b7wu85,dankmemes,post,1554089875,negative
b7wuld,dankmemes,post,1554089944,neutral
b7wutw,dankmemes,post,1554089988,negative
b7wvv6,dankmemes,post,1554090181,neutral
b7wyo7,dankmemes,post,1554090714,neutral
b7wznx,dankmemes,post,1554090889,negative
b7wztb,dankmemes,post,1554090916,neutral
b7x0oa,dankmemes,post,1554091076,neutral
b7x17f,dankmemes,post,1554091171,negative
b7x1ah,dankmemes,post,1554091188,neutral
b7x28p,dankmemes,post,1554091346,negative
b7x2lq,dankmemes,post,1554091405,neutral
b7x4e3,dankmemes,post,1554091708,negative
b7x4ry,dankmemes,post,1554091775,negative
b7x71q,dankmemes,post,1554092166,negative
b7x7ck,dankmemes,post,1554092215,positive
b7x7tn,dankmemes,post,1554092294,negative
b7x7zo,dankmemes,post,1554092322,negative
b7x84f,dankmemes,post,1554092346,negative
b7x8vh,dankmemes,post,1554092471,negative
b7x92h,dankmemes,post,1554092503,neutral
b7xb6n,dankmemes,post,1554092876,negative
b7xc1m,dankmemes,post,1554093027,negative
b7xce2,dankmemes,post,1554093086,negative
b7xcsu,dankmemes,post,1554093156,neutral
b7xfhx,dankmemes,post,1554093632,negative
b7xglx,dankmemes,post,1554093848,negative
b7xgwy,dankmemes,post,1554093900,negative
b7xh0i,dankmemes,post,1554093917,neutral
b7xh7s,dankmemes,post,1554093954,negative
b7xi78,dankmemes,post,1554094122,neutral
b7xiln,dankmemes,post,1554094198,negative
b7xisj,dankmemes,post,1554094236,neutral
b7xj08,dankmemes,post,1554094271,positive
b7xjz1,dankmemes,post,1554094446,negative
b7xlyc,dankmemes,post,1554094788,negative
b7xmcv,dankmemes,post,1554094853,negative
b7xmz4,dankmemes,post,1554094956,neutral
b7xn2i,dankmemes,post,1554094974,negative
b7xo6x,dankmemes,post,1554095160,negative
b7xo8b,dankmemes,post,1554095166,neutral
b7xobi,dankmemes,post,1554095181,negative
b7xoio,dankmemes,post,1554095209,negative
b7xp1r,dankmemes,post,1554095293,negative
b7xp2j,dankmemes,post,1554095296,negative
b7xpvz,dankmemes,post,1554095434,negative
b7xq3b,dankmemes,post,1554095470,negative
b7xrdv,dankmemes,post,1554095683,negative
b7xs8o,dankmemes,post,1554095824,negative
b7xsyw,dankmemes,post,1554095953,neutral
b7xt2t,dankmemes,post,1554095973,negative
b7xt9w,dankmemes,post,1554096012,negative
b7xth0,dankmemes,post,1554096043,negative
b7xu4b,dankmemes,post,1554096154,neutral
b7xu6i,dankmemes,post,1554096166,negative
b7xu7z,dankmemes,post,1554096174,positive
b7xuwq,dankmemes,post,1554096289,positive
b7xv6q,dankmemes,post,1554096335,negative
b7xvc8,dankmemes,post,1554096362,neutral
b7xvz0,dankmemes,post,1554096470,negative
b7xw2h,dankmemes,post,1554096489,negative
b7xwhw,dankmemes,post,1554096562,negative
b7xxpl,dankmemes,post,1554096779,neutral
b7xxug,dankmemes,post,1554096802,negative
b7xxwp,dankmemes,post,1554096812,neutral
b7xznd,dankmemes,post,1554097122,negative
b7y06d,dankmemes,post,1554097215,neutral
b7y0kz,dankmemes,post,1554097287,neutral
b7y1al,dankmemes,post,1554097411,neutral
b7y1b0,dankmemes,post,1554097413,negative
b7y2d8,dankmemes,post,1554097596,neutral
b7y4ar,dankmemes,post,1554097946,negative
b7y54z,dankmemes,post,1554098108,neutral
b7y5er,dankmemes,post,1554098160,negative
b7y5ik,dankmemes,post,1554098177,negative
b7y5rs,dankmemes,post,1554098224,negative
b7y6cv,dankmemes,post,1554098340,neutral
b7y78v,dankmemes,post,1554098503,negative
b7y7b9,dankmemes,post,1554098516,negative
b7y7gc,dankmemes,post,1554098544,neutral
b7y9gb,dankmemes,post,1554098887,negative
b7y9p3,dankmemes,post,1554098932,negative
b7y9tj,dankmemes,post,1554098953,neutral
b7y9vr,dankmemes,post,1554098965,neutral
b7yaib,dankmemes,post,1554099079,negative
b7yaiu,dankmemes,post,1554099081,negative
b7yanw,dankmemes,post,1554099106,neutral
b7yb84,dankmemes,post,1554099217,neutral
b7ye0p,dankmemes,post,1554099734,neutral
b7yecm,dankmemes,post,1554099797,negative
b7yegh,dankmemes,post,1554099818,negative
b7ygvm,dankmemes,post,1554100262,positive
b7yhgs,dankmemes,post,1554100378,negative
b7yijw,dankmemes,post,1554100588,negative
b7yjgu,dankmemes,post,1554100759,negative
b7ykkp,dankmemes,post,1554100964,neutral
b7ylg2,dankmemes,post,1554101122,negative
b7ylpv,dankmemes,post,1554101171,neutral
b7ylry,dankmemes,post,1554101183,positive
b7ym58,dankmemes,post,1554101257,neutral
b7ymk6,dankmemes,post,1554101337,negative
b7ymsj,dankmemes,post,1554101380,negative
b7yn0m,dankmemes,post,1554101428,neutral
b7ynn0,dankmemes,post,1554101549,negative
b7yo4q,dankmemes,post,1554101641,negative
b7yq15,dankmemes,post,1554102004,neutral
b7yqh9,dankmemes,post,1554102087,neutral
b7yr5f,dankmemes,post,1554102215,negative
b7yrcn,dankmemes,post,1554102254,negative
b7yrlx,dankmemes,post,1554102297,neutral
b7yrnu,dankmemes,post,1554102305,negative
b7yrz5,dankmemes,post,1554102360,negative
b7ysg0,dankmemes,post,1554102453,negative
b7ytiv,dankmemes,post,1554102654,neutral
b7ytxp,dankmemes,post,1554102727,neutral
b7yvyw,dankmemes,post,1554103125,neutral
b7ywqg,dankmemes,post,1554103269,negative
b7yxg6,dankmemes,post,1554103405,negative
b7yy8p,dankmemes,post,1554103555,negative
b7yz0q,dankmemes,post,1554103726,negative
b7z19k,dankmemes,post,1554104169,negative
b7z1d5,dankmemes,post,1554104192,negative
b7z23h,dankmemes,post,1554104333,neutral
b7z3wf,dankmemes,post,1554104691,neutral
b7z41b,dankmemes,post,1554104719,negative
b7z6cf,dankmemes,post,1554105181,negative
b7z6rc,dankmemes,post,1554105263,neutral
b7z8fg,dankmemes,post,1554105592,negative
b7z9e2,dankmemes,post,1554105783,negative
b7z9o7,dankmemes,post,1554105837,neutral
b7zbr6,dankmemes,post,1554106249,negative
b7zcuw,dankmemes,post,1554106479,neutral
b7zdn9,dankmemes,post,1554106630,positive
b7zfjy,dankmemes,post,1554107042,negative
b7zfvg,dankmemes,post,1554107105,negative
b7zhy7,dankmemes,post,1554107567,negative
b7zmib,dankmemes,post,1554108548,negative
b7znxf,dankmemes,post,1554108851,neutral
b7zom1,dankmemes,post,1554108996,neutral
b7zp3x,dankmemes,post,1554109102,negative
b7zp43,dankmemes,post,1554109103,negative
b7zrss,dankmemes,post,1554109630,negative
b7zs2q,dankmemes,post,1554109685,negative
b7zwaa,dankmemes,post,1554110525,negative
b7zwot,dankmemes,post,1554110599,negative
b7zxyv,dankmemes,post,1554110852,neutral
b7zzjj,dankmemes,post,1554111187,negative
b801mv,dankmemes,post,1554111587,negative
b8020y,dankmemes,post,1554111667,negative
b8054e,dankmemes,post,1554112266,negative
b807rf,dankmemes,post,1554112790,neutral
b808hv,dankmemes,post,1554112908,negative
b80aho,dankmemes,post,1554113283,negative
b80bkn,dankmemes,post,1554113483,negative
b80cec,dankmemes,post,1554113631,neutral
b80czh,dankmemes,post,1554113731,neutral
b80dn9,dankmemes,post,1554113857,negative
b80fz8,dankmemes,post,1554114307,negative
b80h60,dankmemes,post,1554114537,negative
b80h6j,dankmemes,post,1554114540,negative
b80igi,dankmemes,post,1554114785,negative
b80jyx,dankmemes,post,1554115055,neutral
b80k51,dankmemes,post,1554115085,negative
b80keq,dankmemes,post,1554115137,negative
b80rct,dankmemes,post,1554116349,negative
b80rit,dankmemes,post,1554116380,negative
b80sm1,dankmemes,post,1554116569,neutral
b80svn,dankmemes,post,1554116613,negative
b80vu6,dankmemes,post,1554117110,positive
b80xqe,dankmemes,post,1554117408,neutral
b80xv6,dankmemes,post,1554117427,negative
b80zg8,dankmemes,post,1554117705,neutral
b80zjw,dankmemes,post,1554117720,positive
b80zqz,dankmemes,post,1554117749,negative
b8105t,dankmemes,post,1554117822,negative
b811hb,dankmemes,post,1554118046,negative
b812dp,dankmemes,post,1554118204,negative
b81728,dankmemes,post,1554118995,negative
b8185f,dankmemes,post,1554119163,negative
b81dxs,dankmemes,post,1554120094,positive
b81kw0,dankmemes,post,1554121046,neutral
b81ltb,dankmemes,post,1554121189,neutral
b81oi3,dankmemes,post,1554121613,negative
b81oo1,dankmemes,post,1554121637,negative
b81p15,dankmemes,post,1554121695,neutral
b81qt7,dankmemes,post,1554121965,negative
b81t5x,dankmemes,post,1554122337,negative
b81td3,dankmemes,post,1554122363,positive
b81tey,dankmemes,post,1554122370,negative
b81tny,dankmemes,post,1554122407,negative
b81v3a,dankmemes,post,1554122615,negative
b81y9y,dankmemes,post,1554123078,neutral
b820el,dankmemes,post,1554123392,negative
b822sb,dankmemes,post,1554123721,neutral
b827gd,dankmemes,post,1554124380,negative
b827iw,dankmemes,post,1554124388,negative
b829y5,dankmemes,post,1554124719,negative
b82bqi,dankmemes,post,1554124972,neutral
b82d4f,dankmemes,post,1554125181,neutral
b82e52,dankmemes,post,1554125320,neutral
b82e8v,dankmemes,post,1554125337,neutral
b82eap,dankmemes,post,1554125346,negative
b82hzy,dankmemes,post,1554125894,negative
b82jiq,dankmemes,post,1554126114,neutral
b82o0g,dankmemes,post,1554126839,neutral
b82v3u,dankmemes,post,1554127795,neutral
b82vxi,dankmemes,post,1554127901,negative
b82w7s,dankmemes,post,1554127941,negative
b82wih,dankmemes,post,1554127981,negative
b82zyy,dankmemes,post,1554128448,negative
b834yt,dankmemes,post,1554129123,negative
b835ea,dankmemes,post,1554129181,positive
b835hm,dankmemes,post,1554129194,neutral
b83bqk,dankmemes,post,1554130028,negative
b83bxx,dankmemes,post,1554130054,neutral
b83fy9,dankmemes,post,1554130604,neutral
b83ho3,dankmemes,post,1554130829,negative
b83kdo,dankmemes,post,1554131167,negative
b83l5k,dankmemes,post,1554131268,neutral
b83o37,dankmemes,post,1554131661,neutral
b83qj6,dankmemes,post,1554131963,negative
b83qna,dankmemes,post,1554131978,positive
b83rce,dankmemes,post,1554132065,negative
b83w6k,dankmemes,post,1554132673,negative
b83zn3,dankmemes,post,1554133112,neutral
b83zra,dankmemes,post,1554133126,negative
b843hk,dankmemes,post,1554133595,negative
b8476r,dankmemes,post,1554134076,negative
b84860,dankmemes,post,1554134198,negative
b84g2c,dankmemes,post,1554135198,negative
b84h6a,dankmemes,post,1554135333,negative
b84je7,dankmemes,post,1554135617,negative
b84msi,dankmemes,post,1554136063,neutral
b84psb,dankmemes,post,1554136461,negative
b84w1g,dankmemes,post,1554137281,negative
b84z79,dankmemes,post,1554137690,negative
b84zho,dankmemes,post,1554137729,neutral
b852ps,dankmemes,post,1554138121,negative
b854bo,dankmemes,post,1554138325,negative
b854zi,dankmemes,post,1554138407,negative
b85f4j,dankmemes,post,1554139541,negative
b85hic,dankmemes,post,1554139795,neutral
b85hs8,dankmemes,post,1554139822,negative
b85las,dankmemes,post,1554140174,neutral
b85lef,dankmemes,post,1554140183,negative
b85ojx,dankmemes,post,1554140463,neutral
b85ux1,dankmemes,post,1554140943,negative
b863qd,dankmemes,post,1554141583,positive
b866qq,dankmemes,post,1554141839,neutral
b8683y,dankmemes,post,1554142013,negative
b868xh,dankmemes,post,1554142121,negative
b86dz8,dankmemes,post,1554142769,negative
b86ebt,dankmemes,post,1554142814,neutral
b86jgd,dankmemes,post,1554143456,neutral
b86kun,dankmemes,post,1554143630,negative
b86mwj,dankmemes,post,1554143881,negative
b86qsw,dankmemes,post,1554144276,negative
b86vmm,dankmemes,post,1554144753,negative
b870ho,dankmemes,post,1554145253,neutral
b870kv,dankmemes,post,1554145262,negative
b8751j,dankmemes,post,1554145723,positive
b876ey,dankmemes,post,1554145868,negative
b877qw,dankmemes,post,1554146001,negative
b87bak,dankmemes,post,1554146386,negative
b87hey,dankmemes,post,1554147060,neutral
b87llv,dankmemes,post,1554147538,negative
b87m6d,dankmemes,post,1554147603,neutral
b87oti,dankmemes,post,1554147892,negative
b87qne,dankmemes,post,1554148075,negative
b87srw,dankmemes,post,1554148295,negative
b87t8q,dankmemes,post,1554148343,negative
b87un2,dankmemes,post,1554148482,neutral
b882zc,dankmemes,post,1554149291,neutral
b88655,dankmemes,post,1554149609,neutral
b8865a,dankmemes,post,1554149610,neutral
b886vn,dankmemes,post,1554149682,negative
b889ur,dankmemes,post,1554149981,neutral
b889wc,dankmemes,post,1554149987,negative
b88g75,dankmemes,post,1554150622,negative
b88j55,dankmemes,post,1554150914,negative
b88np1,dankmemes,post,1554151374,negative
b88o7r,dankmemes,post,1554151423,negative
b88r5w,dankmemes,post,1554151709,negative
b88w6j,dankmemes,post,1554152206,negative
b8944d,dankmemes,post,1554152990,neutral
b89c3q,dankmemes,post,1554153829,neutral
b89cy6,dankmemes,post,1554153918,negative
b89est,dankmemes,post,1554154111,negative
b89go3,dankmemes,post,1554154313,negative
b89w12,dankmemes,post,1554156036,neutral
b8a70f,dankmemes,post,1554157281,negative
b8a7ai,dankmemes,post,1554157310,neutral
b8acws,dankmemes,post,1554157844,negative
b8age7,dankmemes,post,1554158186,negative
b8ahu9,dankmemes,post,1554158339,negative
b8aia8,dankmemes,post,1554158387,negative
b8ajx0,dankmemes,post,1554158572,negative
b8aubz,dankmemes,post,1554159810,negative
b8aw57,dankmemes,post,1554160028,negative
b8az6w,dankmemes,post,1554160406,negative
b8b5pf,dankmemes,post,1554161257,negative
b8bhbq,dankmemes,post,1554162829,neutral
b8bj1a,dankmemes,post,1554163057,positive
b8e35t,dankmemes,post,1554177213,negative
b8e7g0,dankmemes,post,1554177955,negative
b8ehn3,dankmemes,post,1554179862,negative
b8eliw,dankmemes,post,1554180618,negative
b8em0j,dankmemes,post,1554180709,negative
b8eqpz,dankmemes,post,1554181592,neutral
b8euv3,dankmemes,post,1554182357,positive
b8evnh,dankmemes,post,1554182497,negative
b8ewy3,dankmemes,post,1554182736,negative
b8exgk,dankmemes,post,1554182830,negative
b8eyfs,dankmemes,post,1554183024,neutral
b8f2tp,dankmemes,post,1554183844,positive
b8f3o8,dankmemes,post,1554184001,neutral
b8f3vh,dankmemes,post,1554184041,negative
b8f9u9,dankmemes,post,1554185179,negative
b8fcx6,dankmemes,post,1554185743,negative
b8fdij,dankmemes,post,1554185852,negative
b8g6ke,dankmemes,post,1554191533,neutral
b8ga9i,dankmemes,post,1554192332,negative
b8gb25,dankmemes,post,1554192508,negative
b8gbvu,dankmemes,post,1554192683,negative
b8ge1j,dankmemes,post,1554193171,neutral
b8genn,dankmemes,post,1554193304,negative
b8gfgo,dankmemes,post,1554193479,positive
b8glbx,dankmemes,post,1554194786,negative
b8gzdc,dankmemes,post,1554197641,negative
b8h3af,dankmemes,post,1554198426,neutral
b8h9hu,dankmemes,post,1554199618,neutral
b8hfdo,dankmemes,post,1554200751,negative
b8hi89,dankmemes,post,1554201275,negative
b8ho83,dankmemes,post,1554202433,neutral
b8hp0g,dankmemes,post,1554202584,neutral
b8hsr1,dankmemes,post,1554203274,negative
b8hu3l,dankmemes,post,1554203535,negative
b8hum7,dankmemes,post,1554203629,negative
b8hzc0,dankmemes,post,1554204483,positive
b8i40j,dankmemes,post,1554205332,negative
b8i6oc,dankmemes,post,1554205813,negative
b8i7lj,dankmemes,post,1554206005,negative
b8iajp,dankmemes,post,1554206485,negative
b8idi5,dankmemes,post,1554206964,negative
b8ido0,dankmemes,post,1554206994,negative
b8ie2f,dankmemes,post,1554207059,negative
b8iga0,dankmemes,post,1554207417,negative
b8iieq,dankmemes,post,1554207770,negative
b8iuo5,dankmemes,post,1554209719,neutral
b8iv4z,dankmemes,post,1554209797,neutral
b8iweq,dankmemes,post,1554209997,negative
b8iygm,dankmemes,post,1554210272,negative
b8j3g4,dankmemes,post,1554210996,negative
b8j3kv,dankmemes,post,1554211014,negative
b8j40h,dankmemes,post,1554211082,negative
b8j5up,dankmemes,post,1554211357,negative
b8j70l,dankmemes,post,1554211529,neutral
b8jpey,dankmemes,post,1554214184,neutral
b8jqv0,dankmemes,post,1554214386,neutral
b8jus4,dankmemes,post,1554214919,negative
b8jwpd,dankmemes,post,1554215184,negative
b8k27j,dankmemes,post,1554215955,negative
b8k93i,dankmemes,post,1554216887,neutral
b8kaah,dankmemes,post,1554217050,negative
b8kex6,dankmemes,post,1554217635,negative
b8khng,dankmemes,post,1554217990,negative
b8kizx,dankmemes,post,1554218170,neutral
b8kkw5,dankmemes,post,1554218433,negative
b8koi6,dankmemes,post,1554218904,negative
b8ks57,dankmemes,post,1554219383,negative
b8l1pd,dankmemes,post,1554220654,negative
b8l9ht,dankmemes,post,1554221649,neutral
b8lfrl,dankmemes,post,1554222450,negative
b8li0w,dankmemes,post,1554222736,neutral
b8lxg8,dankmemes,post,1554224729,negative
b8m0qm,dankmemes,post,1554225146,neutral
b8m130,dankmemes,post,1554225195,negative
b8md13,dankmemes,post,1554226783,positive
b8mk98,dankmemes,post,1554227753,negative
b8mtyv,dankmemes,post,1554228962,negative
b8mv0f,dankmemes,post,1554229105,negative
b8mvsg,dankmemes,post,1554229210,neutral
b8n3kf,dankmemes,post,1554230243,negative
b8n64y,dankmemes,post,1554230601,negative
b8nd5n,dankmemes,post,1554231576,negative
b8nd9t,dankmemes,post,1554231592,negative
b8nei9,dankmemes,post,1554231750,negative
b8neyp,dankmemes,post,1554231814,negative
b8ng7l,dankmemes,post,1554231981,negative
b8ngwy,dankmemes,post,1554232075,negative
b8nm6w,dankmemes,post,1554232786,neutral
b8np4t,dankmemes,post,1554233171,negative
b8npx2,dankmemes,post,1554233277,negative
b8nqlt,dankmemes,post,1554233375,negative
b8nvkx,dankmemes,post,1554234048,neutral
b8nvsy,dankmemes,post,1554234077,negative
b8nzto,dankmemes,post,1554234628,neutral
b8o9e3,dankmemes,post,1554235928,neutral
b8o9s5,dankmemes,post,1554235981,negative
b8oc6x,dankmemes,post,1554236302,negative
b8oemj,dankmemes,post,1554236637,neutral
b8ojxw,dankmemes,post,1554237355,neutral
b8okvx,dankmemes,post,1554237480,neutral
b8om35,dankmemes,post,1554237638,negative
b8ooga,dankmemes,post,1554237962,negative
b8opu9,dankmemes,post,1554238153,negative
b8osoz,dankmemes,post,1554238542,neutral
b8oyvf,dankmemes,post,1554239382,negative
b8p3gf,dankmemes,post,1554240020,neutral
b8p7nc,dankmemes,post,1554240561,negative
b8p8mt,dankmemes,post,1554240695,negative
b8pmxy,dankmemes,post,1554242689,negative
b8pn52,dankmemes,post,1554242717,negative
b8poca,dankmemes,post,1554242890,negative
b8pz7r,dankmemes,post,1554244484,negative
b8q0gc,dankmemes,post,1554244672,negative
b8q4x0,dankmemes,post,1554245337,negative
b8q5qz,dankmemes,post,1554245466,negative
b8q8i8,dankmemes,post,1554245907,negative
b8qlpk,dankmemes,post,1554247953,negative
b8qpqd,dankmemes,post,1554248615,negative
b8qtbu,dankmemes,post,1554249194,negative
b8quui,dankmemes,post,1554249431,negative
b8qwl0,dankmemes,post,1554249716,negative
b8qwz7,dankmemes,post,1554249779,negative
b8qx45,dankmemes,post,1554249801,neutral
b8qzbq,dankmemes,post,1554250167,negative
b8re2q,dankmemes,post,1554252506,negative
b8rxom,dankmemes,post,1554255739,negative
b8s607,dankmemes,post,1554257121,negative
b8s6s9,dankmemes,post,1554257256,negative
b8sh2z,dankmemes,post,1554258986,negative
b8sh5p,dankmemes,post,1554258997,neutral
b8snmm,dankmemes,post,1554260146,neutral
b8ss9y,dankmemes,post,1554260901,negative
b8sud9,dankmemes,post,1554261264,neutral
b8szww,dankmemes,post,1554262254,negative
b8t5qf,dankmemes,post,1554263359,negative
b8tjqd,dankmemes,post,1554266108,neutral
b8tk73,dankmemes,post,1554266202,neutral
b8toqr,dankmemes,post,1554267139,negative
b8tpmo,dankmemes,post,1554267322,negative
b8tqc5,dankmemes,post,1554267470,negative
b8u46h,dankmemes,post,1554270405,negative
b8u7in,dankmemes,post,1554271179,negative
b8ucfq,dankmemes,post,1554272258,neutral
b8ui6o,dankmemes,post,1554273549,neutral
b8ujdu,dankmemes,post,1554273809,negative
b8uo81,dankmemes,post,1554274903,negative
b8uygv,dankmemes,post,1554277164,negative
b8uyjk,dankmemes,post,1554277178,negative
b8v065,dankmemes,post,1554277551,negative
b8v6fn,dankmemes,post,1554278997,negative
b8v8ef,dankmemes,post,1554279449,neutral
b8va9j,dankmemes,post,1554279911,neutral
b8vb1f,dankmemes,post,1554280106,neutral
b8vbuv,dankmemes,post,1554280316,neutral
b8vep7,dankmemes,post,1554281009,neutral
b8vk5z,dankmemes,post,1554282308,negative
b8vpd6,dankmemes,post,1554283485,negative
b8vq31,dankmemes,post,1554283655,neutral
b8vsdv,dankmemes,post,1554284150,positive
b8vunb,dankmemes,post,1554284632,negative
b8vyny,dankmemes,post,1554285478,negative
b8w0or,dankmemes,post,1554285888,neutral
b8wey2,dankmemes,post,1554288768,negative
b8wfjg,dankmemes,post,1554288881,neutral
b8wju4,dankmemes,post,1554289655,neutral
b8wkfg,dankmemes,post,1554289756,negative
b8wl0t,dankmemes,post,1554289864,neutral
b8wm9n,dankmemes,post,1554290097,negative
b8woiu,dankmemes,post,1554290514,negative
b8wxgd,dankmemes,post,1554292175,neutral
b8wxpd,dankmemes,post,1554292226,neutral
b8wy0u,dankmemes,post,1554292287,neutral
b8wy9b,dankmemes,post,1554292332,negative
b8x1g6,dankmemes,post,1554292886,neutral
b8x1mh,dankmemes,post,1554292912,negative
b8x2bg,dankmemes,post,1554293020,negative
b8x6xo,dankmemes,post,1554293760,negative
b8x87n,dankmemes,post,1554293967,negative
b8x9na,dankmemes,post,1554294217,neutral
b8xayl,dankmemes,post,1554294440,neutral
b8xcfl,dankmemes,post,1554294687,neutral
b8xdtg,dankmemes,post,1554294906,negative
b8xdv4,dankmemes,post,1554294916,neutral
b8xeij,dankmemes,post,1554295030,neutral
b8xovk,dankmemes,post,1554296687,negative
b8xq5u,dankmemes,post,1554296879,negative
b8xrj3,dankmemes,post,1554297081,neutral
b8xrw5,dankmemes,post,1554297135,neutral
b8y014,dankmemes,post,1554298347,negative
b8y257,dankmemes,post,1554298660,neutral
b8y506,dankmemes,post,1554299094,neutral
b8y5kt,dankmemes,post,1554299174,neutral
b8y6xr,dankmemes,post,1554299374,neutral
b8y7k4,dankmemes,post,1554299467,negative
b8y87p,dankmemes,post,1554299557,negative
b8yctt,dankmemes,post,1554300190,negative
b8ylzy,dankmemes,post,1554301466,negative
b8yu61,dankmemes,post,1554302564,negative
b8yuig,dankmemes,post,1554302612,neutral
b8yvdg,dankmemes,post,1554302731,negative
b8yvib,dankmemes,post,1554302745,neutral
b8z1rs,dankmemes,post,1554303603,negative
b8zev9,dankmemes,post,1554305332,negative
b8zlx8,dankmemes,post,1554306273,negative
b8zny9,dankmemes,post,1554306533,negative
b908ug,dankmemes,post,1554309234,negative
b90em2,dankmemes,post,1554309993,negative
b90orp,dankmemes,post,1554311308,negative
b91e9b,dankmemes,post,1554314661,neutral
b922as,dankmemes,post,1554317791,neutral
b925dl,dankmemes,post,1554318182,neutral
b926gd,dankmemes,post,1554318329,negative
b92agh,dankmemes,post,1554318853,neutral
b92bgo,dankmemes,post,1554318964,neutral
b92eza,dankmemes,post,1554319398,neutral
b92fok,dankmemes,post,1554319487,neutral
b92ka1,dankmemes,post,1554320080,negative
b92nmd,dankmemes,post,1554320514,neutral
b92o5w,dankmemes,post,1554320580,negative
b92rvp,dankmemes,post,1554321051,negative
b92up5,dankmemes,post,1554321411,negative
b92w0p,dankmemes,post,1554321595,neutral
b92wpn,dankmemes,post,1554321692,neutral
b92yby,dankmemes,post,1554321894,neutral
b932ce,dankmemes,post,1554322409,neutral
b933ir,dankmemes,post,1554322561,negative
b934ed,dankmemes,post,1554322675,negative
b93846,dankmemes,post,1554323169,neutral
b93e2e,dankmemes,post,1554323960,negative
b93g4f,dankmemes,post,1554324224,negative
b93hge,dankmemes,post,1554324401,negative
b93o8p,dankmemes,post,1554325302,negative
b93qxu,dankmemes,post,1554325675,neutral
b940kn,dankmemes,post,1554327048,negative
b948jh,dankmemes,post,1554328220,negative
b94d3u,dankmemes,post,1554328889,negative
b94gv7,dankmemes,post,1554329435,neutral
b953wy,dankmemes,post,1554332898,negative
b956pv,dankmemes,post,1554333340,negative
b95b6w,dankmemes,post,1554334057,negative
b95b7p,dankmemes,post,1554334060,neutral
b95cvi,dankmemes,post,1554334331,neutral
b96068,dankmemes,post,1554338097,negative
b967qg,dankmemes,post,1554339354,neutral
b96gu5,dankmemes,post,1554340881,negative
b96nbj,dankmemes,post,1554341980,neutral
b96qqd,dankmemes,post,1554342555,negative
b9755t,dankmemes,post,1554344990,neutral
b97l45,dankmemes,post,1554347773,negative
b97say,dankmemes,post,1554349074,neutral
b97ugk,dankmemes,post,1554349478,neutral
b97yom,dankmemes,post,1554350319,negative
b982ep,dankmemes,post,1554351046,negative
b982zs,dankmemes,post,1554351155,negative
b9840f,dankmemes,post,1554351355,negative
b98caq,dankmemes,post,1554352961,negative
b98da1,dankmemes,post,1554353148,negative
b98myb,dankmemes,post,1554355075,negative
b98sin,dankmemes,post,1554356192,negative
b98t42,dankmemes,post,1554356312,neutral
b992jo,dankmemes,post,1554358287,neutral
b9937a,dankmemes,post,1554358421,negative
b9943u,dankmemes,post,1554358591,negative
b99c6d,dankmemes,post,1554360308,positive
b99l1v,dankmemes,post,1554362128,negative
b99xg8,dankmemes,post,1554364817,negative
b9adoe,dankmemes,post,1554368706,negative
b9af7d,dankmemes,post,1554369032,negative
b9atc2,dankmemes,post,1554372045,neutral
b9avcz,dankmemes,post,1554372449,neutral
b9ax0i,dankmemes,post,1554372815,neutral
b9axcu,dankmemes,post,1554372890,neutral
b9axcy,dankmemes,post,1554372891,neutral
b9b3a9,dankmemes,post,1554374197,neutral
b9benj,dankmemes,post,1554376602,neutral
b9bj3g,dankmemes,post,1554377503,negative
b9bjh5,dankmemes,post,1554377573,negative
b9bjp2,dankmemes,post,1554377616,neutral
b9blsj,dankmemes,post,1554377996,negative
b9bvbz,dankmemes,post,1554379633,negative
b9c50c,dankmemes,post,1554381224,negative
b9c6fm,dankmemes,post,1554381470,negative
b9cmbv,dankmemes,post,1554384013,negative
b9cmou,dankmemes,post,1554384070,negative
b9cn6h,dankmemes,post,1554384149,negative
b9cugb,dankmemes,post,1554385263,neutral
b9detc,dankmemes,post,1554388104,negative
b9dewa,dankmemes,post,1554388117,negative
b9dkrh,dankmemes,post,1554388910,negative
b9dpj4,dankmemes,post,1554389597,negative
b9duk4,dankmemes,post,1554390245,negative
b9dwo9,dankmemes,post,1554390519,negative
b9dwrn,dankmemes,post,1554390536,neutral
b9dx76,dankmemes,post,1554390592,negative
b9e450,dankmemes,post,1554391520,negative
b9e8qu,dankmemes,post,1554392125,negative
b9egl1,dankmemes,post,1554393142,negative
b9eorc,dankmemes,post,1554394157,negative
b9eqkr,dankmemes,post,1554394386,neutral
b9f5il,dankmemes,post,1554396289,neutral
b9f9kl,dankmemes,post,1554396840,negative
b9f9wr,dankmemes,post,1554396886,negative
b9fadk,dankmemes,post,1554396947,negative
b9fyg0,dankmemes,post,1554400208,neutral
b9gfss,dankmemes,post,1554402505,negative
b9gnun,dankmemes,post,1554403532,negative
b9gt7t,dankmemes,post,1554404247,negative
b9gwrc,dankmemes,post,1554404701,negative
b9gxms,dankmemes,post,1554404822,negative
b9gznm,dankmemes,post,1554405105,negative
b9henk,dankmemes,post,1554407154,negative
b9hlhr,dankmemes,post,1554408099,neutral
b9hr5j,dankmemes,post,1554408877,positive
b9i107,dankmemes,post,1554410202,negative
b9i7sz,dankmemes,post,1554411137,neutral
b9id1p,dankmemes,post,1554411839,neutral
b9igy0,dankmemes,post,1554412395,neutral
b9il0t,dankmemes,post,1554412950,negative
b9jbbq,dankmemes,post,1554416902,negative
b9jghz,dankmemes,post,1554417694,neutral
b9jndz,dankmemes,post,1554418816,negative
b9kfdp,dankmemes,post,1554423413,negative
b9kodq,dankmemes,post,1554424927,negative
b9kueo,dankmemes,post,1554425980,neutral
b9kuhx,dankmemes,post,1554425998,neutral
b9kwlb,dankmemes,post,1554426352,negative
b9ky7a,dankmemes,post,1554426615,negative
b9kyuf,dankmemes,post,1554426728,negative
b9l186,dankmemes,post,1554427136,negative
b9l61s,dankmemes,post,1554427941,negative
b9l7pv,dankmemes,post,1554428211,negative
b9l90f,dankmemes,post,1554428429,negative
b9la87,dankmemes,post,1554428638,negative
b9lahv,dankmemes,post,1554428682,negative
b9lapw,dankmemes,post,1554428722,negative
b9lrps,dankmemes,post,1554431631,neutral
b9m3sf,dankmemes,post,1554433778,neutral
b9mbkf,dankmemes,post,1554435217,negative
b9mbto,dankmemes,post,1554435268,negative
b9mcnr,dankmemes,post,1554435429,negative
b9mida,dankmemes,post,1554436529,neutral
b9moql,dankmemes,post,1554437751,negative
b9mpul,dankmemes,post,1554437983,negative
b9mqpe,dankmemes,post,1554438138,negative
b9mxwd,dankmemes,post,1554439639,neutral
b9nh2o,dankmemes,post,1554443779,neutral
b9nikt,dankmemes,post,1554444104,negative
b9niqz,dankmemes,post,1554444143,neutral
b9nn7d,dankmemes,post,1554445120,negative
b9o07v,dankmemes,post,1554448016,neutral
b9o80h,dankmemes,post,1554449747,negative
b9oa8m,dankmemes,post,1554450288,negative
b9onub,dankmemes,post,1554453614,neutral
b9oovz,dankmemes,post,1554453866,negative
b9opi6,dankmemes,post,1554454025,negative
b9os6y,dankmemes,post,1554454728,negative
b9oz8d,dankmemes,post,1554456273,negative
b9ppyb,dankmemes,post,1554461823,negative
b9prrt,dankmemes,post,1554462159,negative
b9pv63,dankmemes,post,1554462784,negative
b9q8kd,dankmemes,post,1554465186,neutral
b9qcoy,dankmemes,post,1554465879,negative
b9qmmc,dankmemes,post,1554467526,negative
b9qnvx,dankmemes,post,1554467752,negative
b9r0fw,dankmemes,post,1554469766,negative
b9r0pz,dankmemes,post,1554469813,negative
b9r0tz,dankmemes,post,1554469828,negative
b9r721,dankmemes,post,1554470780,negative
b9rpe1,dankmemes,post,1554473653,negative
b9rpmm,dankmemes,post,1554473690,negative
b9s3ue,dankmemes,post,1554475709,negative
b9s4jn,dankmemes,post,1554475808,neutral
b9s4u0,dankmemes,post,1554475847,negative
b9sdzx,dankmemes,post,1554477092,negative
b9suw1,dankmemes,post,1554479440,negative
b9sv6g,dankmemes,post,1554479480,negative
b9svug,dankmemes,post,1554479573,negative
b9t1rl,dankmemes,post,1554480346,neutral
b9t3yy,dankmemes,post,1554480639,neutral
b9tabt,dankmemes,post,1554481476,negative
b9tkz3,dankmemes,post,1554482895,negative
b9tlyz,dankmemes,post,1554483035,negative
b9tmk3,dankmemes,post,1554483111,negative
b9tozc,dankmemes,post,1554483440,neutral
b9tso9,dankmemes,post,1554483927,negative
b9tx59,dankmemes,post,1554484537,negative
b9tynw,dankmemes,post,1554484756,negative
b9u39w,dankmemes,post,1554485373,negative
b9u4ef,dankmemes,post,1554485519,positive
b9ujp9,dankmemes,post,1554487606,negative
b9ulcs,dankmemes,post,1554487846,neutral
b9um6z,dankmemes,post,1554487963,negative
b9uysa,dankmemes,post,1554489715,neutral
b9v10s,dankmemes,post,1554490029,negative
b9v5ce,dankmemes,post,1554490615,negative
b9v5wg,dankmemes,post,1554490692,negative
b9v7s1,dankmemes,post,1554490943,positive
b9vcr1,dankmemes,post,1554491632,neutral
b9vib4,dankmemes,post,1554492402,neutral
b9vsap,dankmemes,post,1554493813,negative
b9vtap,dankmemes,post,1554493957,negative
b9vvjl,dankmemes,post,1554494263,negative
b9vw9l,dankmemes,post,1554494368,neutral
b9vxr6,dankmemes,post,1554494577,neutral
b9w2y6,dankmemes,post,1554495313,negative
b9w82k,dankmemes,post,1554496041,negative
b9wbfj,dankmemes,post,1554496534,negative
b9wmbm,dankmemes,post,1554498146,negative
b9wnbi,dankmemes,post,1554498292,negative
b9wptf,dankmemes,post,1554498661,neutral
b9wvd4,dankmemes,post,1554499478,neutral
b9x5b1,dankmemes,post,1554500972,neutral
b9xjpf,dankmemes,post,1554503129,negative
b9xk7k,dankmemes,post,1554503203,negative
b9xp4q,dankmemes,post,1554503996,negative
b9y2er,dankmemes,post,1554506163,negative
b9y2om,dankmemes,post,1554506209,negative
b9y6d3,dankmemes,post,1554506833,negative
b9y8gv,dankmemes,post,1554507209,negative
b9yfli,dankmemes,post,1554508459,negative
b9ylzt,dankmemes,post,1554509571,neutral
b9ysk6,dankmemes,post,1554510734,neutral
b9zdgh,dankmemes,post,1554514715,neutral
ba0m8j,dankmemes,post,1554524005,negative
ba15gx,dankmemes,post,1554528402,neutral
ba1g1j,dankmemes,post,1554531015,negative
ba1pc4,dankmemes,post,1554533377,negative
ba1xsj,dankmemes,post,1554535563,negative
ba22u1,dankmemes,post,1554536924,neutral
ba2ald,dankmemes,post,1554539103,negative
ba2wxb,dankmemes,post,1554545589,negative
ba3cjk,dankmemes,post,1554549744,negative
ba3dih,dankmemes,post,1554549987,neutral
ba3epo,dankmemes,post,1554550288,neutral
ba3mmn,dankmemes,post,1554552196,negative
ba3pdo,dankmemes,post,1554552803,negative
ba3re7,dankmemes,post,1554553247,negative
ba3u0p,dankmemes,post,1554553829,negative
ba3vei,dankmemes,post,1554554133,neutral
ba4hki,dankmemes,post,1554558662,negative
ba4j0p,dankmemes,post,1554558937,negative
ba4nda,dankmemes,post,1554559730,negative
ba5a5b,dankmemes,post,1554563633,negative
ba5kuo,dankmemes,post,1554565407,negative
ba5sdk,dankmemes,post,1554566600,negative
ba5z31,dankmemes,post,1554567637,negative
ba606u,dankmemes,post,1554567816,neutral
ba60pw,dankmemes,post,1554567902,neutral
ba62ez,dankmemes,post,1554568174,negative
ba67eb,dankmemes,post,1554568952,neutral
ba6pui,dankmemes,post,1554571738,neutral
ba70qy,dankmemes,post,1554573447,neutral
ba8lae,dankmemes,post,1554582618,neutral
ba8u31,dankmemes,post,1554584095,negative
ba95i8,dankmemes,post,1554586018,negative
ba9g14,dankmemes,post,1554587810,negative
ba9gc2,dankmemes,post,1554587869,negative
ba9kvn,dankmemes,post,1554588632,neutral
ba9l2l,dankmemes,post,1554588667,neutral
ba9lah,dankmemes,post,1554588714,neutral
ba9tnd,dankmemes,post,1554590165,neutral
baa64d,dankmemes,post,1554592401,negative
baafjq,dankmemes,post,1554594159,neutral
baamcf,dankmemes,post,1554595468,negative
baasoj,dankmemes,post,1554596679,neutral
baatdf,dankmemes,post,1554596817,negative
baatsg,dankmemes,post,1554596895,negative
bab3mp,dankmemes,post,1554598791,negative
bab6pv,dankmemes,post,1554599376,negative
bab94a,dankmemes,post,1554599846,negative
babvq6,dankmemes,post,1554604226,neutral
bac1lz,dankmemes,post,1554605443,negative
bad3tx,dankmemes,post,1554613857,negative
badcpp,dankmemes,post,1554616057,negative
badf8z,dankmemes,post,1554616733,negative
badkvb,dankmemes,post,1554618168,negative
bae3nc,dankmemes,post,1554623623,negative
bae3yv,dankmemes,post,1554623710,negative
baeby3,dankmemes,post,1554626304,negative
baeiww,dankmemes,post,1554628510,negative
bael2i,dankmemes,post,1554629120,neutral
bafw94,dankmemes,post,1554641261,negative
bag0jl,dankmemes,post,1554642155,neutral
bah1dk,dankmemes,post,1554648961,negative
bahhc6,dankmemes,post,1554651463,negative
bahk71,dankmemes,post,1554651915,neutral
bai0a6,dankmemes,post,1554654373,negative
bai5ip,dankmemes,post,1554655197,negative
bain50,dankmemes,post,1554657813,neutral
baizik,dankmemes,post,1554659647,negative
bajva9,dankmemes,post,1554664244,neutral
baktzb,dankmemes,post,1554669501,negative
bakx3z,dankmemes,post,1554669981,neutral
balnmd,dankmemes,post,1554674196,negative
balojc,dankmemes,post,1554674344,negative
balpbf,dankmemes,post,1554674462,negative
balrf6,dankmemes,post,1554674775,neutral
bamc6j,dankmemes,post,1554678062,neutral
bameh9,dankmemes,post,1554678437,negative
bamfxk,dankmemes,post,1554678677,neutral
bamotv,dankmemes,post,1554680193,neutral
ban0oa,dankmemes,post,1554682247,neutral
ban9f6,dankmemes,post,1554683782,neutral
bana0y,dankmemes,post,1554683890,negative
banhrl,dankmemes,post,1554685285,neutral
bannts,dankmemes,post,1554686364,neutral
banr8u,dankmemes,post,1554686992,neutral
baogdy,dankmemes,post,1554691475,negative
baoixt,dankmemes,post,1554691939,neutral
bap4vp,dankmemes,post,1554696069,neutral
bapbgk,dankmemes,post,1554697353,neutral
bapk10,dankmemes,post,1554699067,negative
bapw5v,dankmemes,post,1554701501,neutral
baq4r9,dankmemes,post,1554703306,neutral
baq8d4,dankmemes,post,1554704063,negative
baq8hc,dankmemes,post,1554704085,neutral
baqjg6,dankmemes,post,1554706437,negative
barrfc,dankmemes,post,1554716346,neutral
barue6,dankmemes,post,1554717018,negative
barzww,dankmemes,post,1554718231,negative
basafd,dankmemes,post,1554720529,neutral
basgo3,dankmemes,post,1554721816,neutral
basme0,dankmemes,post,1554722897,negative
basq10,dankmemes,post,1554723565,negative
basq94,dankmemes,post,1554723609,neutral
bat3np,dankmemes,post,1554725907,neutral
bat3w0,dankmemes,post,1554725946,neutral
bat9cz,dankmemes,post,1554726882,negative
bato14,dankmemes,post,1554729257,negative
bau6dx,dankmemes,post,1554732180,negative
bautnw,dankmemes,post,1554735596,neutral
bauvxl,dankmemes,post,1554735905,neutral
bauwci,dankmemes,post,1554735970,negative
bav7s9,dankmemes,post,1554737578,negative
bavef5,dankmemes,post,1554738515,neutral
bavf9d,dankmemes,post,1554738635,positive
bavn1y,dankmemes,post,1554739712,neutral
bavrio,dankmemes,post,1554740332,negative
bavsy1,dankmemes,post,1554740535,negative
baw1s3,dankmemes,post,1554741745,neutral
baw1zt,dankmemes,post,1554741777,negative
bawpih,dankmemes,post,1554745137,negative
bawt8m,dankmemes,post,1554745670,negative
bawunm,dankmemes,post,1554745872,neutral
bawvzp,dankmemes,post,1554746060,negative
bax48n,dankmemes,post,1554747212,neutral
baxcl5,dankmemes,post,1554748422,neutral
baxph3,dankmemes,post,1554750240,negative
baxrqu,dankmemes,post,1554750554,negative
bay7us,dankmemes,post,1554752832,negative
bayc66,dankmemes,post,1554753462,negative
bayzji,dankmemes,post,1554756715,negative
baz04d,dankmemes,post,1554756796,neutral
bazt31,dankmemes,post,1554761015,negative
bazz0d,dankmemes,post,1554761903,neutral
bb0238,dankmemes,post,1554762357,negative
bb0d3d,dankmemes,post,1554764038,neutral
bb1lka,dankmemes,post,1554771103,neutral
bb1pj0,dankmemes,post,1554771787,neutral
bb20m4,dankmemes,post,1554773639,negative
bb37rf,dankmemes,post,1554781252,neutral
bb3csu,dankmemes,post,1554782219,negative
bb4rqc,dankmemes,post,1554792981,neutral
bb4uwx,dankmemes,post,1554793705,negative
bb4wrd,dankmemes,post,1554794116,negative
bb4xjl,dankmemes,post,1554794285,positive
bb4ylm,dankmemes,post,1554794499,positive
bb5p0c,dankmemes,post,1554800903,neutral
bb5p7x,dankmemes,post,1554800925,negative
bb5ppb,dankmemes,post,1554801046,negative
bb5sio,dankmemes,post,1554801738,neutral
bb5t8r,dankmemes,post,1554801891,negative
bb5tlm,dankmemes,post,1554801974,neutral
bb6khl,dankmemes,post,1554807908,negative
bb6m3j,dankmemes,post,1554808229,neutral
bb6mpg,dankmemes,post,1554808350,negative
bb6na5,dankmemes,post,1554808453,negative
bb73s2,dankmemes,post,1554811459,negative
bb76dp,dankmemes,post,1554811900,neutral
bb7iv0,dankmemes,post,1554814022,negative
bb7ple,dankmemes,post,1554815154,negative
bb7q8s,dankmemes,post,1554815255,neutral
bb82fa,dankmemes,post,1554817213,negative
bb841q,dankmemes,post,1554817488,neutral
bb879e,dankmemes,post,1554817979,neutral
bb8a38,dankmemes,post,1554818427,neutral
bb8tto,dankmemes,post,1554821368,neutral
bb8ue5,dankmemes,post,1554821450,neutral
bb8xrt,dankmemes,post,1554821947,neutral
bb902g,dankmemes,post,1554822256,neutral
bba35y,dankmemes,post,1554827730,negative
bbaa4q,dankmemes,post,1554828656,negative
bbadrn,dankmemes,post,1554829135,negative
bbafzw,dankmemes,post,1554829427,neutral
bbas7c,dankmemes,post,1554831076,negative
bbaz3m,dankmemes,post,1554832046,negative
bbb3ij,dankmemes,post,1554832668,neutral
bbbdny,dankmemes,post,1554834080,negative
bbbg6f,dankmemes,post,1554834434,neutral
bbc6c8,dankmemes,post,1554838014,negative
bbcap9,dankmemes,post,1554838626,negative
bbccub,dankmemes,post,1554838931,negative
bbcdzr,dankmemes,post,1554839088,negative
bbceaf,dankmemes,post,1554839132,neutral
bbcj4u,dankmemes,post,1554839799,negative
bbcji3,dankmemes,post,1554839848,negative
bbclld,dankmemes,post,1554840120,neutral
bbcpi9,dankmemes,post,1554840640,neutral
bbcqzf,dankmemes,post,1554840842,negative
bbcxla,dankmemes,post,1554841744,negative
bbcyy4,dankmemes,post,1554841940,neutral
bbd9k8,dankmemes,post,1554843389,negative
bbdie8,dankmemes,post,1554844629,negative
bbe6x5,dankmemes,post,1554848190,neutral
bbe7u0,dankmemes,post,1554848323,negative
bbe9q4,dankmemes,post,1554848605,negative
bbek9r,dankmemes,post,1554850238,negative
bbexv4,dankmemes,post,1554852350,negative
bbf1ot,dankmemes,post,1554852971,neutral
bbf4wc,dankmemes,post,1554853491,negative
bbff8n,dankmemes,post,1554855184,negative
bbfixp,dankmemes,post,1554855790,negative
bbfl93,dankmemes,post,1554856182,neutral
bbfpp5,dankmemes,post,1554856943,negative
bbg2m7,dankmemes,post,1554859076,negative
bbgtv5,dankmemes,post,1554863709,negative
bbhtqp,dankmemes,post,1554870524,negative
bbiua7,dankmemes,post,1554878447,negative
bbj1g8,dankmemes,post,1554880044,neutral
bbj44m,dankmemes,post,1554880657,negative
bbj8dq,dankmemes,post,1554881726,negative
bbjcvg,dankmemes,post,1554882843,neutral
bbk5jt,dankmemes,post,1554890011,negative
bbkjxk,dankmemes,post,1554893300,negative
bbl0t2,dankmemes,post,1554896663,neutral
bbl3qh,dankmemes,post,1554897248,positive
bbl6p9,dankmemes,post,1554897811,positive
bbleki,dankmemes,post,1554899189,negative
bblk7d,dankmemes,post,1554900194,negative
bbly4j,dankmemes,post,1554902498,negative
bbmd1g,dankmemes,post,1554904833,negative
bbmhfa,dankmemes,post,1554905481,neutral
bbmmi0,dankmemes,post,1554906237,negative
bbmmi9,dankmemes,post,1554906237,negative
bbmqhm,dankmemes,post,1554906858,neutral
bbmtfz,dankmemes,post,1554907319,negative
bbn498,dankmemes,post,1554908949,neutral
bbnrzx,dankmemes,post,1554912345,negative
bbnwow,dankmemes,post,1554913001,neutral
bbo0l0,dankmemes,post,1554913553,negative
bbo0mu,dankmemes,post,1554913560,neutral
bbo2mn,dankmemes,post,1554913853,negative
bbo4re,dankmemes,post,1554914145,negative
bbogim,dankmemes,post,1554915793,neutral
bboyre,dankmemes,post,1554918233,negative
bbpfj1,dankmemes,post,1554920511,neutral
bbpnl9,dankmemes,post,1554921634,negative
bbqblz,dankmemes,post,1554924957,neutral
bbqjuy,dankmemes,post,1554926123,neutral
bbqkpm,dankmemes,post,1554926250,neutral
bbr52o,dankmemes,post,1554929162,negative
bbrjaq,dankmemes,post,1554931191,neutral
bbrkbj,dankmemes,post,1554931351,negative
bbrkmj,dankmemes,post,1554931397,negative
bbrni8,dankmemes,post,1554931834,neutral
bbrpf2,dankmemes,post,1554932107,negative
bbs7ud,dankmemes,post,1554934633,negative
bbs9wl,dankmemes,post,1554934929,negative
bbsxun,dankmemes,post,1554938538,negative
bbtdcm,dankmemes,post,1554941025,negative
bbte4d,dankmemes,post,1554941158,neutral
bbthd1,dankmemes,post,1554941661,negative
bbtpak,dankmemes,post,1554942985,neutral
bbtr9b,dankmemes,post,1554943305,neutral
bbty8y,dankmemes,post,1554944481,neutral
bbu8wa,dankmemes,post,1554946276,positive
bbuzzt,dankmemes,post,1554950954,negative
bbv24o,dankmemes,post,1554951352,negative
bbv5n3,dankmemes,post,1554951994,neutral
bbvpom,dankmemes,post,1554955794,neutral
bbvqac,dankmemes,post,1554955918,positive
bbwjx8,dankmemes,post,1554963722,negative
bbwo91,dankmemes,post,1554964755,negative
bbwy62,dankmemes,post,1554967125,negative
bbx3tc,dankmemes,post,1554968541,negative
bbx555,dankmemes,post,1554968885,neutral
bbxu80,dankmemes,post,1554975285,negative
bby5pe,dankmemes,post,1554977807,negative
bby80w,dankmemes,post,1554978312,neutral
bbyfsn,dankmemes,post,1554979962,negative
bbz5oh,dankmemes,post,1554984908,negative
bbz9qi,dankmemes,post,1554985650,neutral
bbztrb,dankmemes,post,1554989014,negative
bbzvin,dankmemes,post,1554989314,negative
bbzw54,dankmemes,post,1554989417,neutral
bc0ez3,dankmemes,post,1554992279,neutral
bc0u9c,dankmemes,post,1554994570,negative
bc13ed,dankmemes,post,1554995881,positive
bc1bl7,dankmemes,post,1554997061,negative
bc1ihu,dankmemes,post,1554998075,neutral
bc1qa5,dankmemes,post,1554999156,neutral
bc1qt0,dankmemes,post,1554999225,negative
bc1u2o,dankmemes,post,1554999690,negative
bc26iw,dankmemes,post,1555001426,negative
bc2jxq,dankmemes,post,1555003278,neutral
bc2n7l,dankmemes,post,1555003752,negative
bc2tvp,dankmemes,post,1555004671,negative
bc3cf2,dankmemes,post,1555007324,negative
bc4a8r,dankmemes,post,1555012165,neutral
bc5344,dankmemes,post,1555016311,neutral
bc55sn,dankmemes,post,1555016704,negative
bc5juu,dankmemes,post,1555018772,negative
bc8qe8,dankmemes,post,1555037883,negative
bc8unl,dankmemes,post,1555038678,neutral
bc8uw1,dankmemes,post,1555038722,negative
bc8wfr,dankmemes,post,1555039032,negative
bcake7,dankmemes,post,1555052115,negative
bcb9ct,dankmemes,post,1555058690,negative
bcby0r,dankmemes,post,1555064806,negative
bcbzal,dankmemes,post,1555065085,neutral
bccj3u,dankmemes,post,1555069150,neutral
bcckwu,dankmemes,post,1555069495,negative
bcd914,dankmemes,post,1555073821,neutral
bcdymk,dankmemes,post,1555078022,neutral
bcdyv1,dankmemes,post,1555078061,neutral
bcdyzb,dankmemes,post,1555078079,negative
bcdzr6,dankmemes,post,1555078193,negative
bcf6uc,dankmemes,post,1555084561,neutral
bcfjnc,dankmemes,post,1555086388,negative
bcfqbk,dankmemes,post,1555087367,neutral
bcg90t,dankmemes,post,1555089954,neutral
bcgfg8,dankmemes,post,1555090827,negative
bcgkqn,dankmemes,post,1555091566,negative
bcgoea,dankmemes,post,1555092081,negative
bcgq8e,dankmemes,post,1555092329,negative
bch5mb,dankmemes,post,1555094373,negative
bchnrx,dankmemes,post,1555096928,neutral
bchwml,dankmemes,post,1555098233,neutral
bchx8m,dankmemes,post,1555098321,neutral
bci7co,dankmemes,post,1555099779,negative
bcia2b,dankmemes,post,1555100185,negative
bcicc1,dankmemes,post,1555100510,positive
bcisjj,dankmemes,post,1555102925,negative
bcj7ek,dankmemes,post,1555105208,negative
bcjici,dankmemes,post,1555106897,negative
bcjnsm,dankmemes,post,1555107763,negative
bcjro9,dankmemes,post,1555108363,negative
bckgxa,dankmemes,post,1555112587,neutral
bckk21,dankmemes,post,1555113143,neutral
bckmax,dankmemes,post,1555113567,negative
bckuew,dankmemes,post,1555114953,neutral
bcl4ia,dankmemes,post,1555116811,neutral
bclaki,dankmemes,post,1555117919,negative
bcld0h,dankmemes,post,1555118382,negative
bclkyw,dankmemes,post,1555119890,neutral
bclnjv,dankmemes,post,1555120399,neutral
bclwfl,dankmemes,post,1555122101,negative
bcm1vo,dankmemes,post,1555123146,neutral
bcmfs6,dankmemes,post,1555125974,neutral
bcnbb0,dankmemes,post,1555132995,neutral
bcndph,dankmemes,post,1555133580,negative
bco0nj,dankmemes,post,1555139396,neutral
bco3q4,dankmemes,post,1555140212,neutral
bcooqr,dankmemes,post,1555146355,negative
bcopbf,dankmemes,post,1555146523,negative
bcopty,dankmemes,post,1555146671,neutral
bcotir,dankmemes,post,1555147700,negative
bcoud8,dankmemes,post,1555147949,negative
bcpehd,dankmemes,post,1555153381,neutral
bcpeqv,dankmemes,post,1555153447,neutral
bcperl,dankmemes,post,1555153451,negative
bcpp7f,dankmemes,post,1555156089,neutral
bcpxe3,dankmemes,post,1555157997,neutral
bcqbum,dankmemes,post,1555161080,neutral
bcqcnd,dankmemes,post,1555161237,negative
bcqgpi,dankmemes,post,1555162044,negative
bcqhez,dankmemes,post,1555162183,negative
bcqrbv,dankmemes,post,1555164091,neutral
bcqso8,dankmemes,post,1555164325,neutral
bcrcsv,dankmemes,post,1555167644,neutral
bcrk13,dankmemes,post,1555168822,neutral
bcrlf3,dankmemes,post,1555169050,neutral
bcrtvx,dankmemes,post,1555170411,neutral
bcs1lt,dankmemes,post,1555171626,negative
bcs1y5,dankmemes,post,1555171683,neutral
bcs6dn,dankmemes,post,1555172388,positive
bcs75w,dankmemes,post,1555172517,neutral
bcs89k,dankmemes,post,1555172699,negative
bcskxr,dankmemes,post,1555174705,negative
bct2r6,dankmemes,post,1555177492,neutral
bct7kr,dankmemes,post,1555178274,neutral
bctggf,dankmemes,post,1555179584,negative
bcttqe,dankmemes,post,1555181638,neutral
bcu7wv,dankmemes,post,1555183719,neutral
bcue58,dankmemes,post,1555184677,neutral
bcuhyy,dankmemes,post,1555185281,neutral
bcuzb9,dankmemes,post,1555187965,negative
bcvh57,dankmemes,post,1555190811,neutral
bcvi1z,dankmemes,post,1555190981,neutral
bcvmi3,dankmemes,post,1555191704,neutral
bcvtof,dankmemes,post,1555192925,negative
bcwdci,dankmemes,post,1555196252,neutral
bcwowv,dankmemes,post,1555198163,negative
bcws05,dankmemes,post,1555198680,neutral
bcx6kc,dankmemes,post,1555201298,neutral
bcxjvw,dankmemes,post,1555203854,negative
bcxqid,dankmemes,post,1555205102,negative
bcxxhi,dankmemes,post,1555206478,negative
bcy28c,dankmemes,post,1555207407,negative
bcy38j,dankmemes,post,1555207605,negative
bcypd8,dankmemes,post,1555212079,negative
bczsbo,dankmemes,post,1555221012,negative
bd00l3,dankmemes,post,1555223013,negative
bd014d,dankmemes,post,1555223158,neutral
bd07y1,dankmemes,post,1555224943,negative
bd09iw,dankmemes,post,1555225377,negative
bd0c8s,dankmemes,post,1555226101,negative
bd0fay,dankmemes,post,1555226953,neutral
bd0fsb,dankmemes,post,1555227089,neutral
bd0i7v,dankmemes,post,1555227786,negative
bd0noo,dankmemes,post,1555229368,negative
bd0qpl,dankmemes,post,1555230259,negative
bd0wyd,dankmemes,post,1555232123,negative
bd0ye1,dankmemes,post,1555232525,negative
bd12dp,dankmemes,post,1555233654,neutral
bd1r38,dankmemes,post,1555240500,neutral
bd210s,dankmemes,post,1555242978,neutral
bd224q,dankmemes,post,1555243248,neutral
bd22p3,dankmemes,post,1555243379,neutral
bd25p6,dankmemes,post,1555244052,neutral
bd28qi,dankmemes,post,1555244754,neutral
bd292o,dankmemes,post,1555244828,neutral
bd2j25,dankmemes,post,1555246993,negative
bd2jlu,dankmemes,post,1555247102,negative
bd2kvs,dankmemes,post,1555247356,negative
bd2n3l,dankmemes,post,1555247814,negative
bd2nlz,dankmemes,post,1555247917,negative
bd2nn5,dankmemes,post,1555247923,neutral
bd2ppn,dankmemes,post,1555248335,positive
bd2tke,dankmemes,post,1555249090,negative
bd2v4b,dankmemes,post,1555249388,neutral
bd36s4,dankmemes,post,1555251547,negative
bd36y4,dankmemes,post,1555251573,neutral
bd39dk,dankmemes,post,1555251996,negative
bd3ds4,dankmemes,post,1555252752,neutral
bd3za0,dankmemes,post,1555256334,negative
bd41x6,dankmemes,post,1555256788,negative
bd44b0,dankmemes,post,1555257177,neutral
bd44eg,dankmemes,post,1555257193,neutral
bd4c4c,dankmemes,post,1555258395,negative
bd4e48,dankmemes,post,1555258702,negative
bd4eaq,dankmemes,post,1555258730,negative
bd4nc4,dankmemes,post,1555260135,negative
bd4svb,dankmemes,post,1555261012,negative
bd4vbr,dankmemes,post,1555261382,neutral
bd54q8,dankmemes,post,1555262864,negative
bd5byo,dankmemes,post,1555263969,negative
bd5q13,dankmemes,post,1555266050,negative
bd6441,dankmemes,post,1555268057,neutral
bd64q9,dankmemes,post,1555268143,neutral
bd707c,dankmemes,post,1555272758,negative
bd71tk,dankmemes,post,1555273011,negative
bd7orx,dankmemes,post,1555276431,neutral
bd7tjc,dankmemes,post,1555277157,neutral
bd81k5,dankmemes,post,1555278360,negative
bd8ewh,dankmemes,post,1555280363,neutral
bd8o3w,dankmemes,post,1555281793,negative
bd9yur,dankmemes,post,1555289792,positive
bdafj6,dankmemes,post,1555292672,negative
bdarqq,dankmemes,post,1555294755,neutral
bdb9t2,dankmemes,post,1555297644,negative
bdbkvy,dankmemes,post,1555299781,negative
bdbmib,dankmemes,post,1555300107,neutral
bdburm,dankmemes,post,1555301738,negative
bdbyzy,dankmemes,post,1555302603,negative
bdc5li,dankmemes,post,1555304014,positive
bdc8xf,dankmemes,post,1555304757,neutral
bdch3z,dankmemes,post,1555306639,neutral
bdde6e,dankmemes,post,1555315000,neutral
bddpdu,dankmemes,post,1555318113,neutral
bddrco,dankmemes,post,1555318646,neutral
bddtcx,dankmemes,post,1555319112,negative
bddu8g,dankmemes,post,1555319335,neutral
bde2ba,dankmemes,post,1555321331,positive
bde2z9,dankmemes,post,1555321489,negative
bdeafq,dankmemes,post,1555323202,negative
bdfd8n,dankmemes,post,1555331205,negative
bdfdbk,dankmemes,post,1555331221,negative
bdfo67,dankmemes,post,1555333084,positive
bdfpr7,dankmemes,post,1555333335,neutral
bdfq02,dankmemes,post,1555333379,neutral
bdg4ci,dankmemes,post,1555335739,neutral
bdgitf,dankmemes,post,1555338004,neutral
bdgjuh,dankmemes,post,1555338169,neutral
bdialw,dankmemes,post,1555346882,negative
bdigae,dankmemes,post,1555347702,neutral
bdit3i,dankmemes,post,1555349421,neutral
bdj7wa,dankmemes,post,1555351420,neutral
bdj9o6,dankmemes,post,1555351663,negative
bdjqx1,dankmemes,post,1555353898,negative
bdkvwj,dankmemes,post,1555359386,neutral
bdl96u,dankmemes,post,1555361316,neutral
bdldpr,dankmemes,post,1555363047,neutral
bdlqma,dankmemes,post,1555364952,negative
bdlxnd,dankmemes,post,1555365938,neutral
bdm32w,dankmemes,post,1555366708,negative
bdmhes,dankmemes,post,1555368830,negative
bdmhsg,dankmemes,post,1555368891,neutral
bdmyke,dankmemes,post,1555371528,positive
bdn7ah,dankmemes,post,1555372901,negative
bdn8ht,dankmemes,post,1555373128,negative
bdntoy,dankmemes,post,1555376694,neutral
bdnx8e,dankmemes,post,1555377267,negative
bdnxr7,dankmemes,post,1555377350,negative
bdo1e6,dankmemes,post,1555377965,neutral
bdoqd7,dankmemes,post,1555382242,negative
bdoqdw,dankmemes,post,1555382245,negative
bdozd0,dankmemes,post,1555383851,negative
bdpacn,dankmemes,post,1555385915,positive
bdpq6g,dankmemes,post,1555389067,neutral
bdqtrt,dankmemes,post,1555397843,neutral
bdqunn,dankmemes,post,1555398035,negative
bdqvbn,dankmemes,post,1555398178,negative
bdqxun,dankmemes,post,1555398716,negative
bdqyck,dankmemes,post,1555398828,negative
bdrbo7,dankmemes,post,1555401913,positive
bdrd9b,dankmemes,post,1555402307,positive
bdrjb0,dankmemes,post,1555403864,positive
bdrlzl,dankmemes,post,1555404573,negative
bdrzh6,dankmemes,post,1555407808,positive
bds6s9,dankmemes,post,1555409429,neutral
bdsevb,dankmemes,post,1555411230,neutral
bdske6,dankmemes,post,1555412434,negative
bdt53z,dankmemes,post,1555416408,negative
bdtbqn,dankmemes,post,1555417559,neutral
bdtd5z,dankmemes,post,1555417811,neutral
bdty49,dankmemes,post,1555421291,neutral
bdu6ht,dankmemes,post,1555422638,negative
bdu8ly,dankmemes,post,1555422989,neutral
bducbe,dankmemes,post,1555423552,negative
bdug66,dankmemes,post,1555424163,negative
bdugzk,dankmemes,post,1555424299,neutral
bdv6hx,dankmemes,post,1555428138,negative
bdva21,dankmemes,post,1555428634,negative
bdvc7r,dankmemes,post,1555428931,negative
bdveya,dankmemes,post,1555429311,negative
bdvwxl,dankmemes,post,1555431862,neutral
bdwam3,dankmemes,post,1555433817,negative
bdwc6a,dankmemes,post,1555434042,negative
bdwg00,dankmemes,post,1555434564,positive
bdwh7p,dankmemes,post,1555434733,negative
bdwrma,dankmemes,post,1555436187,negative
bdwrue,dankmemes,post,1555436222,negative
bdwuyn,dankmemes,post,1555436676,negative
bdx5n0,dankmemes,post,1555438204,neutral
bdxaul,dankmemes,post,1555438956,negative
bdxe6a,dankmemes,post,1555439425,negative
bdxgo9,dankmemes,post,1555439777,neutral
bdxmbr,dankmemes,post,1555440578,negative
bdxva3,dankmemes,post,1555441826,negative
bdxxpm,dankmemes,post,1555442166,negative
bdxzyr,dankmemes,post,1555442494,negative
bdy2h7,dankmemes,post,1555442845,negative
bdy2hn,dankmemes,post,1555442847,neutral
bdy48q,dankmemes,post,1555443110,negative
bdyhq3,dankmemes,post,1555445038,positive
bdynos,dankmemes,post,1555445898,negative
bdyoyn,dankmemes,post,1555446080,negative
bdyvyg,dankmemes,post,1555447074,positive
bdz4yq,dankmemes,post,1555448388,negative
bdza3b,dankmemes,post,1555449107,negative
bdzj1y,dankmemes,post,1555450438,negative
bdzwm4,dankmemes,post,1555452442,neutral
be0cc7,dankmemes,post,1555454899,neutral
be0zkj,dankmemes,post,1555458640,negative
be0zu0,dankmemes,post,1555458685,negative
be21h8,dankmemes,post,1555464956,negative
be26fb,dankmemes,post,1555465746,negative
be2a4k,dankmemes,post,1555466373,negative
be2ef5,dankmemes,post,1555467076,negative
be2gsw,dankmemes,post,1555467472,negative
be2lma,dankmemes,post,1555468297,negative
be2pg9,dankmemes,post,1555468981,negative
be2vct,dankmemes,post,1555470033,positive
be3gs8,dankmemes,post,1555474096,positive
be4atg,dankmemes,post,1555480372,negative
be5vhc,dankmemes,post,1555494419,negative
be5zic,dankmemes,post,1555495385,neutral
be65ep,dankmemes,post,1555496769,negative
be69i8,dankmemes,post,1555497659,negative
be6dh1,dankmemes,post,1555498510,neutral
be6l4d,dankmemes,post,1555500052,negative
be6uoq,dankmemes,post,1555501961,neutral
be6vvx,dankmemes,post,1555502184,negative
be6wuj,dankmemes,post,1555502368,neutral
be6z32,dankmemes,post,1555502746,neutral
be74jq,dankmemes,post,1555503686,negative
be7etx,dankmemes,post,1555505424,neutral
be7gss,dankmemes,post,1555505745,negative
be7hmp,dankmemes,post,1555505880,negative
be7mc6,dankmemes,post,1555506593,negative
be7sh7,dankmemes,post,1555507610,positive
be7vx2,dankmemes,post,1555508161,negative
be8awl,dankmemes,post,1555510463,positive
be8i95,dankmemes,post,1555511598,neutral
be8n6h,dankmemes,post,1555512354,neutral
be8oo3,dankmemes,post,1555512573,neutral
be8rfx,dankmemes,post,1555512988,neutral
be8sgu,dankmemes,post,1555513146,neutral
be8x4f,dankmemes,post,1555513798,negative
be91l0,dankmemes,post,1555514437,neutral
be923t,dankmemes,post,1555514511,positive
be96aa,dankmemes,post,1555515105,negative
be96ik,dankmemes,post,1555515138,negative
be9hny,dankmemes,post,1555516741,negative
be9i4h,dankmemes,post,1555516792,negative
be9jgz,dankmemes,post,1555516963,negative
be9un5,dankmemes,post,1555518541,neutral
be9xem,dankmemes,post,1555518945,negative
bea6c9,dankmemes,post,1555520244,negative
bea77i,dankmemes,post,1555520375,negative
bea7oy,dankmemes,post,1555520437,neutral
bea8d7,dankmemes,post,1555520521,neutral
beaq7l,dankmemes,post,1555523023,negative
beariv,dankmemes,post,1555523213,negative
bebq6v,dankmemes,post,1555528136,negative
bebrx1,dankmemes,post,1555528394,negative
bebsnf,dankmemes,post,1555528497,negative
bebu6v,dankmemes,post,1555528714,positive
becd0b,dankmemes,post,1555531480,negative
becewg,dankmemes,post,1555531758,negative
becj7b,dankmemes,post,1555532385,neutral
bedndm,dankmemes,post,1555538422,neutral
bef74a,dankmemes,post,1555547434,negative
bef7xw,dankmemes,post,1555547582,negative
beffvo,dankmemes,post,1555548939,negative
befkif,dankmemes,post,1555549696,negative
befx39,dankmemes,post,1555551879,neutral
befyo8,dankmemes,post,1555552149,positive
begf79,dankmemes,post,1555555046,negative
begjs5,dankmemes,post,1555555858,negative
beglhs,dankmemes,post,1555556163,neutral
beh3v3,dankmemes,post,1555559575,neutral
bei8k6,dankmemes,post,1555568325,neutral
beivac,dankmemes,post,1555573856,neutral
bej1so,dankmemes,post,1555575568,positive
bej32e,dankmemes,post,1555575917,negative
bejcw6,dankmemes,post,1555578501,neutral
bejfn2,dankmemes,post,1555579174,negative
bekauv,dankmemes,post,1555586105,negative
bekjt8,dankmemes,post,1555587867,neutral
belex0,dankmemes,post,1555593253,negative
bellwb,dankmemes,post,1555594382,negative
belsyq,dankmemes,post,1555595536,neutral
beltfv,dankmemes,post,1555595633,negative
belvo4,dankmemes,post,1555595973,neutral
belyhb,dankmemes,post,1555596389,neutral
belypt,dankmemes,post,1555596420,neutral
belzsa,dankmemes,post,1555596579,neutral
bemcik,dankmemes,post,1555598526,neutral
bemi5b,dankmemes,post,1555599344,neutral
bemzwj,dankmemes,post,1555601860,negative
benmvy,dankmemes,post,1555605153,neutral
benu47,dankmemes,post,1555606187,neutral
benv4l,dankmemes,post,1555606334,positive
beq0da,dankmemes,post,1555617603,negative
beq61c,dankmemes,post,1555618444,neutral
beq6el,dankmemes,post,1555618500,negative
beq7kr,dankmemes,post,1555618670,negative
beqcmn,dankmemes,post,1555619455,negative
beqjmk,dankmemes,post,1555620537,neutral
beqojr,dankmemes,post,1555621266,negative
beqqzs,dankmemes,post,1555621618,neutral
beqrp3,dankmemes,post,1555621726,negative
ber2r5,dankmemes,post,1555623410,negative
bes2pa,dankmemes,post,1555628782,negative
bes6fo,dankmemes,post,1555629340,negative
bet35f,dankmemes,post,1555634677,negative
beth71,dankmemes,post,1555637044,neutral
beu271,dankmemes,post,1555640829,negative
bev0dh,dankmemes,post,1555647261,neutral
bevcm0,dankmemes,post,1555649802,neutral
bevdgm,dankmemes,post,1555649990,neutral
bexcnf,dankmemes,post,1555667503,neutral
bexcqv,dankmemes,post,1555667528,positive
bexmmx,dankmemes,post,1555669877,negative
bexmyx,dankmemes,post,1555669956,negative
beya0d,dankmemes,post,1555675117,negative
beywhe,dankmemes,post,1555679320,positive
bezix3,dankmemes,post,1555682973,neutral
bezjk3,dankmemes,post,1555683079,neutral
bezmxs,dankmemes,post,1555683583,negative
bezs9d,dankmemes,post,1555684390,negative
bezyiy,dankmemes,post,1555685324,negative
bf0ik8,dankmemes,post,1555688228,neutral
bf0n9u,dankmemes,post,1555688897,negative
bf0pak,dankmemes,post,1555689182,negative
bf183s,dankmemes,post,1555691847,negative
bf1amx,dankmemes,post,1555692218,positive
bf1p6k,dankmemes,post,1555694223,neutral
bf2haz,dankmemes,post,1555698248,negative
bf2kgt,dankmemes,post,1555698704,neutral
bf2ls7,dankmemes,post,1555698885,neutral
bf2u62,dankmemes,post,1555700076,negative
bf32we,dankmemes,post,1555701347,positive
bf383l,dankmemes,post,1555702092,negative
bf3iz7,dankmemes,post,1555703690,negative
bf3jfl,dankmemes,post,1555703757,negative
bf3lnw,dankmemes,post,1555704083,negative
bf3mc2,dankmemes,post,1555704183,positive
bf43mh,dankmemes,post,1555706739,negative
bf46ni,dankmemes,post,1555707190,negative
bf473a,dankmemes,post,1555707258,neutral
bf4eds,dankmemes,post,1555708366,negative
bf4kma,dankmemes,post,1555709348,negative
bf4xu2,dankmemes,post,1555711397,negative
bf4z5i,dankmemes,post,1555711588,negative
bf6o7r,dankmemes,post,1555721935,negative
bf6pl1,dankmemes,post,1555722167,negative
bf78qp,dankmemes,post,1555725690,neutral
bf7epz,dankmemes,post,1555726832,neutral
bf87qy,dankmemes,post,1555732697,neutral
bf8v7a,dankmemes,post,1555737775,negative
bf8xw7,dankmemes,post,1555738368,negative
bf8y4n,dankmemes,post,1555738419,negative
bf8yez,dankmemes,post,1555738485,positive
bf95ow,dankmemes,post,1555740160,negative
bf9rsa,dankmemes,post,1555745652,negative
bf9s9e,dankmemes,post,1555745782,negative
bf9ytj,dankmemes,post,1555747524,neutral
bfa0kq,dankmemes,post,1555748003,negative
bfa8sg,dankmemes,post,1555750285,negative
bfbhvm,dankmemes,post,1555761838,negative
bfbzew,dankmemes,post,1555765543,negative
bfcpjb,dankmemes,post,1555770258,neutral
bfctiy,dankmemes,post,1555770938,negative
bfd6fi,dankmemes,post,1555773010,neutral
bfdaj1,dankmemes,post,1555773682,negative
bfdalk,dankmemes,post,1555773694,neutral
bfdi0w,dankmemes,post,1555774864,negative
bfdlih,dankmemes,post,1555775413,negative
bfdno6,dankmemes,post,1555775739,neutral
bfdnuh,dankmemes,post,1555775769,neutral
bfdpwy,dankmemes,post,1555776078,negative
bfdsmr,dankmemes,post,1555776465,neutral
bfdumb,dankmemes,post,1555776773,neutral
bfdv0q,dankmemes,post,1555776837,negative
bfdv20,dankmemes,post,1555776843,positive
bfee73,dankmemes,post,1555779622,positive
bfef1a,dankmemes,post,1555779730,negative
bfegdk,dankmemes,post,1555779912,neutral
bfegqq,dankmemes,post,1555779965,neutral
bfeijf,dankmemes,post,1555780213,neutral
bfejln,dankmemes,post,1555780368,negative
bfeoxr,dankmemes,post,1555781153,neutral
bferdi,dankmemes,post,1555781510,neutral
bfes25,dankmemes,post,1555781609,neutral
bffr37,dankmemes,post,1555786838,neutral
bffx2b,dankmemes,post,1555787759,negative
bfg5yl,dankmemes,post,1555789121,neutral
bfge9v,dankmemes,post,1555790421,negative
bfgj4w,dankmemes,post,1555791164,neutral
bfgkfh,dankmemes,post,1555791375,neutral
bfh8y9,dankmemes,post,1555795281,positive
bfhj41,dankmemes,post,1555796941,negative
bfhl55,dankmemes,post,1555797287,neutral
bfhlqv,dankmemes,post,1555797386,positive
bfhn52,dankmemes,post,1555797617,negative
bfhnyq,dankmemes,post,1555797752,negative
bfho4z,dankmemes,post,1555797775,neutral
bfhohg,dankmemes,post,1555797832,negative
bfhp9m,dankmemes,post,1555797962,negative
bfhpws,dankmemes,post,1555798076,negative
bfhr87,dankmemes,post,1555798285,neutral
bfhuzs,dankmemes,post,1555798925,negative
bfhv15,dankmemes,post,1555798930,neutral
bfhxra,dankmemes,post,1555799399,negative
bfhzdt,dankmemes,post,1555799676,negative
bfhzg1,dankmemes,post,1555799685,neutral
bfhzys,dankmemes,post,1555799778,neutral
bfi1ku,dankmemes,post,1555800053,neutral
bfi3tz,dankmemes,post,1555800448,neutral
bfi85z,dankmemes,post,1555801223,positive
bfidcm,dankmemes,post,1555802151,negative
bfimxr,dankmemes,post,1555803807,neutral
bfip1w,dankmemes,post,1555804167,negative
bfirq1,dankmemes,post,1555804624,negative
bfithm,dankmemes,post,1555804916,negative
bfiufk,dankmemes,post,1555805087,negative
bfiw1g,dankmemes,post,1555805368,negative
bfix4l,dankmemes,post,1555805545,negative
bfj4a1,dankmemes,post,1555806848,neutral
bfjbyk,dankmemes,post,1555808278,negative
bfjclz,dankmemes,post,1555808396,neutral
bfjf5f,dankmemes,post,1555808850,negative
bfjtu3,dankmemes,post,1555811491,positive
bfjv5s,dankmemes,post,1555811727,negative
bfjzzq,dankmemes,post,1555812608,negative
bfk10y,dankmemes,post,1555812803,neutral
bfk3x8,dankmemes,post,1555813333,negative
bfk5l3,dankmemes,post,1555813638,negative
bfk5m2,dankmemes,post,1555813643,negative
bfk6r4,dankmemes,post,1555813858,negative
bfkn3o,dankmemes,post,1555817034,negative
bfknjm,dankmemes,post,1555817125,negative
bfl2hy,dankmemes,post,1555820155,neutral
bfl94d,dankmemes,post,1555821585,negative
bflbdw,dankmemes,post,1555822070,negative
bflfwn,dankmemes,post,1555823078,neutral
bflj5s,dankmemes,post,1555823802,negative
bflkp9,dankmemes,post,1555824156,negative
bflob2,dankmemes,post,1555824997,negative
bflp73,dankmemes,post,1555825210,neutral
bflq5z,dankmemes,post,1555825431,negative
bfltt5,dankmemes,post,1555826290,negative
bflv1y,dankmemes,post,1555826584,neutral
bflwsp,dankmemes,post,1555827003,negative
bfm9i2,dankmemes,post,1555830275,neutral
bfmb02,dankmemes,post,1555830674,negative
bfmc7s,dankmemes,post,1555830978,negative
bfmin2,dankmemes,post,1555832756,neutral
bfmnl4,dankmemes,post,1555834169,negative
bfmty8,dankmemes,post,1555835937,neutral
bfmudg,dankmemes,post,1555836051,neutral
bfmxjj,dankmemes,post,1555836959,positive
bfmyft,dankmemes,post,1555837216,negative
bfn5am,dankmemes,post,1555839079,neutral
bfn9c6,dankmemes,post,1555840240,neutral
bfnbfj,dankmemes,post,1555840841,neutral
bfnelk,dankmemes,post,1555841692,negative
bfnofq,dankmemes,post,1555844392,negative
bfnpni,dankmemes,post,1555844685,negative
bfntgt,dankmemes,post,1555845630,negative
bfnuk2,dankmemes,post,1555845890,negative
bfo5sc,dankmemes,post,1555848553,neutral
bfod87,dankmemes,post,1555850165,negative
bfogar,dankmemes,post,1555850823,negative
bfohdz,dankmemes,post,1555851060,negative
bfonoq,dankmemes,post,1555852363,negative
bfowwm,dankmemes,post,1555854105,negative
bfp5bo,dankmemes,post,1555855609,negative
bfp6pc,dankmemes,post,1555855863,negative
bfpmvu,dankmemes,post,1555858590,negative
bfpnr7,dankmemes,post,1555858730,neutral
bfpzoj,dankmemes,post,1555860693,negative
bfq955,dankmemes,post,1555862229,negative
bfq97g,dankmemes,post,1555862243,negative
bfqbho,dankmemes,post,1555862581,negative
bfqc8k,dankmemes,post,1555862705,neutral
bfqkx3,dankmemes,post,1555864020,neutral
bfqtwh,dankmemes,post,1555865398,negative
bfqxwc,dankmemes,post,1555865999,negative
bfr3ba,dankmemes,post,1555866771,positive
bfraxw,dankmemes,post,1555867937,neutral
bfrel6,dankmemes,post,1555868504,neutral
bfri1j,dankmemes,post,1555869029,neutral
bfrq95,dankmemes,post,1555870248,negative
bfs6ws,dankmemes,post,1555872781,neutral
bfsnye,dankmemes,post,1555875377,neutral
bfso12,dankmemes,post,1555875391,positive
bfsq95,dankmemes,post,1555875740,negative
bfsuqs,dankmemes,post,1555876428,neutral
bfsuzg,dankmemes,post,1555876467,negative
bfsvkh,dankmemes,post,1555876558,negative
bfsvwl,dankmemes,post,1555876614,negative
bfswk3,dankmemes,post,1555876714,positive
bftdxa,dankmemes,post,1555879395,neutral
bftfxo,dankmemes,post,1555879710,negative
bftmbj,dankmemes,post,1555880688,negative
bftnbv,dankmemes,post,1555880847,negative
bfu5ir,dankmemes,post,1555883707,neutral
bfu63k,dankmemes,post,1555883793,negative
bfu8m1,dankmemes,post,1555884186,negative
bfubsy,dankmemes,post,1555884701,neutral
bfuchi,dankmemes,post,1555884811,neutral
bfuejp,dankmemes,post,1555885141,negative
bfuxg0,dankmemes,post,1555888194,negative
bfvrhb,dankmemes,post,1555893342,negative
bfvv7p,dankmemes,post,1555893980,negative
bfvyc6,dankmemes,post,1555894516,neutral
bfw52f,dankmemes,post,1555895672,positive
bfw87k,dankmemes,post,1555896201,negative
bfwafn,dankmemes,post,1555896590,positive
bfwcjg,dankmemes,post,1555896966,neutral
bfwe2u,dankmemes,post,1555897248,negative
bfwhue,dankmemes,post,1555897928,neutral
bfwu0i,dankmemes,post,1555900106,positive
bfwvmb,dankmemes,post,1555900370,negative
bfxcxz,dankmemes,post,1555903317,negative
bfxpy3,dankmemes,post,1555905762,negative
bfxv6m,dankmemes,post,1555906757,neutral
bfy1tq,dankmemes,post,1555908168,neutral
bfyiip,dankmemes,post,1555911935,neutral
bfywah,dankmemes,post,1555915107,negative
bfywnf,dankmemes,post,1555915193,negative
bfzfqj,dankmemes,post,1555919829,negative
bfzk2c,dankmemes,post,1555920915,neutral
bg0m12,dankmemes,post,1555929910,neutral
bg0ztv,dankmemes,post,1555932703,negative
bg1jel,dankmemes,post,1555936182,negative
bg1m4s,dankmemes,post,1555936646,negative
bg1r75,dankmemes,post,1555937530,negative
bg21zb,dankmemes,post,1555939373,negative
bg241n,dankmemes,post,1555939726,negative
bg27tf,dankmemes,post,1555940364,negative
bg28po,dankmemes,post,1555940515,neutral
bg28pr,dankmemes,post,1555940515,positive
bg2cbx,dankmemes,post,1555941121,neutral
bg2cyp,dankmemes,post,1555941220,negative
bg332c,dankmemes,post,1555945193,negative
bg34we,dankmemes,post,1555945454,negative
bg37k8,dankmemes,post,1555945847,neutral
bg39xn,dankmemes,post,1555946201,negative
bg3cnq,dankmemes,post,1555946606,neutral
bg3nki,dankmemes,post,1555948181,negative
bg3x1g,dankmemes,post,1555949513,negative
bg45b8,dankmemes,post,1555950707,negative
bg4o7q,dankmemes,post,1555953353,negative
bg4x72,dankmemes,post,1555954619,neutral
bg4yv4,dankmemes,post,1555954855,neutral
bg52m4,dankmemes,post,1555955349,negative
bg5a6h,dankmemes,post,1555956419,negative
bg5hxd,dankmemes,post,1555957511,neutral
bg5ov6,dankmemes,post,1555958489,neutral
bg5pym,dankmemes,post,1555958644,negative
bg667u,dankmemes,post,1555960924,negative
bg6890,dankmemes,post,1555961202,negative
bg6kpr,dankmemes,post,1555962966,negative
bg6kwi,dankmemes,post,1555962990,negative
bg6liv,dankmemes,post,1555963080,negative
bg6n9y,dankmemes,post,1555963325,negative
bg6z3x,dankmemes,post,1555965008,negative
bg7geh,dankmemes,post,1555967446,negative
bg7mbt,dankmemes,post,1555968298,positive
bg8spr,dankmemes,post,1555974512,negative
bg8wzq,dankmemes,post,1555975154,positive
bg9a0e,dankmemes,post,1555977147,negative
bg9bn9,dankmemes,post,1555977411,neutral
bg9fkc,dankmemes,post,1555978052,negative
bg9kbr,dankmemes,post,1555978793,negative
bg9phv,dankmemes,post,1555979641,negative
bg9t4u,dankmemes,post,1555980247,negative
bg9xfz,dankmemes,post,1555980954,neutral
bg9zvx,dankmemes,post,1555981354,positive
bgalf2,dankmemes,post,1555984872,neutral
bgaor2,dankmemes,post,1555985434,neutral
bgapcg,dankmemes,post,1555985533,neutral
bgaq6t,dankmemes,post,1555985675,negative
bgbowl,dankmemes,post,1555991471,negative
bgcnlm,dankmemes,post,1555997954,neutral
bgddrw,dankmemes,post,1556003589,negative
bgejyl,dankmemes,post,1556013547,neutral
bgftpb,dankmemes,post,1556022734,negative
bggklo,dankmemes,post,1556027206,neutral
bggmbk,dankmemes,post,1556027463,neutral
bghef5,dankmemes,post,1556031734,negative
bghv1k,dankmemes,post,1556034098,negative
bghygv,dankmemes,post,1556034572,negative
bgi1c7,dankmemes,post,1556034980,negative
bgicnv,dankmemes,post,1556036524,neutral
bgitsc,dankmemes,post,1556038877,positive
bgizda,dankmemes,post,1556039649,positive
bgj8mw,dankmemes,post,1556040950,negative
bgjbqs,dankmemes,post,1556041362,negative
bgjq5p,dankmemes,post,1556043413,negative
bgjqbi,dankmemes,post,1556043435,negative
bgjs5x,dankmemes,post,1556043714,negative
bgk26i,dankmemes,post,1556045142,neutral
bgk78k,dankmemes,post,1556045869,negative
bglqoa,dankmemes,post,1556053679,neutral
bgm1ua,dankmemes,post,1556055253,negative
bgm5tq,dankmemes,post,1556055842,neutral
bgmayv,dankmemes,post,1556056633,neutral
bgo7ch,dankmemes,post,1556067341,negative
bgoc6o,dankmemes,post,1556068092,neutral
bgoisd,dankmemes,post,1556069187,negative
bgojo1,dankmemes,post,1556069334,negative
bgp7jw,dankmemes,post,1556073100,negative
bgp8xj,dankmemes,post,1556073304,negative
bgp9l6,dankmemes,post,1556073420,negative
bgpa10,dankmemes,post,1556073496,negative
bgpcev,dankmemes,post,1556073895,negative
bgppiy,dankmemes,post,1556076058,neutral
bgqd5q,dankmemes,post,1556080381,negative
bgqnv0,dankmemes,post,1556082511,neutral
bgranm,dankmemes,post,1556087342,neutral
bgrdzv,dankmemes,post,1556088102,negative
bgrwiq,dankmemes,post,1556092427,neutral
bgs8du,dankmemes,post,1556095446,negative
bgs8kp,dankmemes,post,1556095498,neutral
bgtmsm,dankmemes,post,1556106571,negative
bgu78p,dankmemes,post,1556110132,neutral
bgvdlc,dankmemes,post,1556116628,negative
bgvek2,dankmemes,post,1556116770,negative
bgvnzq,dankmemes,post,1556118128,negative
bgvrw6,dankmemes,post,1556118651,negative
bgw49x,dankmemes,post,1556120392,neutral
bgwbhs,dankmemes,post,1556121399,positive
bgwt5i,dankmemes,post,1556123812,negative
bgxlei,dankmemes,post,1556127715,neutral
bgxo8a,dankmemes,post,1556128114,neutral
bgxp07,dankmemes,post,1556128224,neutral
bgy8oj,dankmemes,post,1556130976,negative
bgyg9j,dankmemes,post,1556132046,negative
bgyjc4,dankmemes,post,1556132466,negative
bgyk76,dankmemes,post,1556132584,negative
bgz25j,dankmemes,post,1556135088,negative
bgz62f,dankmemes,post,1556135640,negative
bgzx1y,dankmemes,post,1556139513,negative
bgzyjv,dankmemes,post,1556139733,neutral
bh04ty,dankmemes,post,1556140645,negative
bh06el,dankmemes,post,1556140884,negative
bh0d9z,dankmemes,post,1556141888,neutral
bh0q2k,dankmemes,post,1556143758,positive
bh11mq,dankmemes,post,1556145514,negative
bh12vc,dankmemes,post,1556145708,negative
bh1b8k,dankmemes,post,1556147023,neutral
bh1hp3,dankmemes,post,1556148064,negative
bh1jg6,dankmemes,post,1556148337,neutral
bh1pxl,dankmemes,post,1556149432,positive
bh2bzc,dankmemes,post,1556153114,neutral
bh2ujp,dankmemes,post,1556156235,neutral
bh34it,dankmemes,post,1556157896,negative
bh3akg,dankmemes,post,1556158898,neutral
bh3gqh,dankmemes,post,1556159937,negative
bh3k71,dankmemes,post,1556160524,neutral
bh3rx0,dankmemes,post,1556161869,positive
bh40s3,dankmemes,post,1556163486,negative
bh4fqx,dankmemes,post,1556166330,negative
bh4qk3,dankmemes,post,1556168564,negative
bh55l2,dankmemes,post,1556171923,negative
bh5dc5,dankmemes,post,1556173680,neutral
bh5go2,dankmemes,post,1556174442,neutral
bh5typ,dankmemes,post,1556177605,neutral
bh5waf,dankmemes,post,1556178201,negative
bh60vt,dankmemes,post,1556179307,negative
bh7h9m,dankmemes,post,1556191658,negative
bh7nfs,dankmemes,post,1556192839,positive
bh7oh8,dankmemes,post,1556193041,negative
bh7w98,dankmemes,post,1556194421,neutral
bh84sx,dankmemes,post,1556195952,positive
bh85br,dankmemes,post,1556196040,positive
bh87cz,dankmemes,post,1556196393,negative
bh87fc,dankmemes,post,1556196404,negative
bh8se0,dankmemes,post,1556199794,neutral
bh988l,dankmemes,post,1556202230,neutral
bh9agn,dankmemes,post,1556202571,positive
bh9bpv,dankmemes,post,1556202761,negative
bh9myb,dankmemes,post,1556204412,negative
bh9qab,dankmemes,post,1556204882,negative
bh9sla,dankmemes,post,1556205207,neutral
bh9t1j,dankmemes,post,1556205273,positive
bha2t9,dankmemes,post,1556206702,positive
bha5xn,dankmemes,post,1556207154,neutral
bhacqg,dankmemes,post,1556208125,negative
bhae7p,dankmemes,post,1556208326,neutral
bhaeht,dankmemes,post,1556208360,negative
bhah3m,dankmemes,post,1556208734,neutral
bharej,dankmemes,post,1556210201,negative
bhb1we,dankmemes,post,1556211695,neutral
bhb9p8,dankmemes,post,1556212751,negative
bhbk1e,dankmemes,post,1556214232,positive
bhc9b5,dankmemes,post,1556217869,negative
bhccj9,dankmemes,post,1556218345,positive
bhcemy,dankmemes,post,1556218653,neutral
bhchgz,dankmemes,post,1556219035,negative
bhci4m,dankmemes,post,1556219133,negative
bhcnyg,dankmemes,post,1556219970,negative
bhd0of,dankmemes,post,1556221852,positive
bhd914,dankmemes,post,1556223057,negative
bhdg7g,dankmemes,post,1556224102,neutral
bhdwm7,dankmemes,post,1556226424,positive
bherzu,dankmemes,post,1556231153,neutral
bhfbuk,dankmemes,post,1556234308,negative
bhfj12,dankmemes,post,1556235475,neutral
bhfn4y,dankmemes,post,1556236174,neutral
bhfpgv,dankmemes,post,1556236577,positive
bhfr36,dankmemes,post,1556236850,negative
bhg2x8,dankmemes,post,1556238921,neutral
bhg4n7,dankmemes,post,1556239231,neutral
bhghhv,dankmemes,post,1556241452,neutral
bhgrgd,dankmemes,post,1556243235,neutral
bhgyn1,dankmemes,post,1556244523,positive
bhh014,dankmemes,post,1556244775,neutral
bhh5ob,dankmemes,post,1556245774,neutral
bhhvqj,dankmemes,post,1556250609,neutral
bhib9u,dankmemes,post,1556253616,neutral
bhifto,dankmemes,post,1556254577,neutral
bhiqao,dankmemes,post,1556256833,neutral
bhizyx,dankmemes,post,1556259027,positive
bhjgeq,dankmemes,post,1556262800,neutral
bhjhq8,dankmemes,post,1556263091,positive
bhjtqy,dankmemes,post,1556266075,neutral
bhjuka,dankmemes,post,1556266273,neutral
bhjvjm,dankmemes,post,1556266514,positive
bhk9p1,dankmemes,post,1556270172,negative
bhkfkf,dankmemes,post,1556271622,positive
bhkkcl,dankmemes,post,1556272785,neutral
bhko5y,dankmemes,post,1556273666,negative
bhktup,dankmemes,post,1556274978,positive
bhkw10,dankmemes,post,1556275487,positive
bhlhf7,dankmemes,post,1556280005,neutral
bhlise,dankmemes,post,1556280254,neutral
bhlloy,dankmemes,post,1556280856,neutral
bhlmr6,dankmemes,post,1556281071,negative
bhly70,dankmemes,post,1556283348,neutral
bhm12m,dankmemes,post,1556283860,neutral
bhm1de,dankmemes,post,1556283911,positive
bhm7r3,dankmemes,post,1556284962,negative
bhm8x3,dankmemes,post,1556285157,negative
bhmat2,dankmemes,post,1556285468,negative
bhmut4,dankmemes,post,1556288609,negative
bhmv20,dankmemes,post,1556288650,negative
bhmy41,dankmemes,post,1556289107,neutral
bhn0i8,dankmemes,post,1556289463,positive
bhn6bg,dankmemes,post,1556290304,neutral
bhnfgq,dankmemes,post,1556291637,positive
bhngb7,dankmemes,post,1556291755,positive
bhniwv,dankmemes,post,1556292129,positive
bhnjm4,dankmemes,post,1556292220,negative
bhnmqa,dankmemes,post,1556292688,negative
bhnq8m,dankmemes,post,1556293198,neutral
bhnxb1,dankmemes,post,1556294220,negative
bhnxmp,dankmemes,post,1556294268,negative
bho4a2,dankmemes,post,1556295197,negative
bho6pd,dankmemes,post,1556295545,negative
bho6tk,dankmemes,post,1556295561,neutral
bho6v9,dankmemes,post,1556295567,negative
bhoa4w,dankmemes,post,1556296043,neutral
bhojtg,dankmemes,post,1556297422,negative
bholmi,dankmemes,post,1556297680,positive
bhomt0,dankmemes,post,1556297855,positive
bhp2kr,dankmemes,post,1556300033,negative
bhp9j8,dankmemes,post,1556301018,negative
bhpq2b,dankmemes,post,1556303406,neutral
bhqek4,dankmemes,post,1556307004,negative
bhqj8y,dankmemes,post,1556307718,negative
bhqqr6,dankmemes,post,1556308844,neutral
bhqxcj,dankmemes,post,1556309819,positive
bhr3rd,dankmemes,post,1556310816,negative
bhr49z,dankmemes,post,1556310889,negative
bhr6al,dankmemes,post,1556311211,neutral
bhr8mp,dankmemes,post,1556311563,negative
bhr9if,dankmemes,post,1556311708,negative
bhrbvb,dankmemes,post,1556312069,neutral
bhre21,dankmemes,post,1556312418,neutral
bhrh48,dankmemes,post,1556312879,neutral
bhrukc,dankmemes,post,1556314982,positive
bhrw7g,dankmemes,post,1556315237,positive
bhrxq2,dankmemes,post,1556315496,neutral
bhs1ka,dankmemes,post,1556316107,positive
bhs2d5,dankmemes,post,1556316223,negative
bhse3f,dankmemes,post,1556318129,negative
bhsfwn,dankmemes,post,1556318422,negative
bhsfys,dankmemes,post,1556318431,neutral
bhsooc,dankmemes,post,1556319854,neutral
bhsxx6,dankmemes,post,1556321438,negative
bhtd56,dankmemes,post,1556324040,negative
bhu2yx,dankmemes,post,1556328734,positive
bhul3x,dankmemes,post,1556332228,neutral
bhuy27,dankmemes,post,1556334839,positive
bhv2pm,dankmemes,post,1556335798,neutral
bhv6qk,dankmemes,post,1556336661,neutral
bhwecm,dankmemes,post,1556346910,negative
bhwega,dankmemes,post,1556346930,negative
bhwgp3,dankmemes,post,1556347518,positive
bhwlur,dankmemes,post,1556348885,neutral
bhwlxs,dankmemes,post,1556348909,neutral
bhww6s,dankmemes,post,1556351831,negative
bhxfpf,dankmemes,post,1556357436,neutral
bhxmyq,dankmemes,post,1556359419,positive
bhy94u,dankmemes,post,1556365244,neutral
bhyobs,dankmemes,post,1556368742,positive
bhz2vm,dankmemes,post,1556371801,negative
bhz9ii,dankmemes,post,1556373143,negative
bhzc2z,dankmemes,post,1556373643,positive
bhzkqa,dankmemes,post,1556375242,neutral
bhzmgs,dankmemes,post,1556375548,negative
bhzt1m,dankmemes,post,1556376693,negative
bi0tvc,dankmemes,post,1556382780,negative
bi198o,dankmemes,post,1556385291,negative
bi20ao,dankmemes,post,1556389651,neutral
bi2bhm,dankmemes,post,1556391450,neutral
bi2ifr,dankmemes,post,1556392593,neutral
bi2tvc,dankmemes,post,1556394468,negative
bi2tzr,dankmemes,post,1556394489,neutral
bi38e1,dankmemes,post,1556396909,neutral
bi3zz9,dankmemes,post,1556401499,negative
bi4d4s,dankmemes,post,1556403721,neutral
bi4en3,dankmemes,post,1556403976,neutral
bi4rgz,dankmemes,post,1556406153,negative
bi58sg,dankmemes,post,1556409231,neutral
bi5b5a,dankmemes,post,1556409683,neutral
bi5iv3,dankmemes,post,1556411074,neutral
bi5xr1,dankmemes,post,1556413823,neutral
bi5ybd,dankmemes,post,1556413934,neutral
bi679m,dankmemes,post,1556415692,negative
bi7sh5,dankmemes,post,1556427372,neutral
bi7ud1,dankmemes,post,1556427801,positive
bi80zm,dankmemes,post,1556429287,positive
bi8qaa,dankmemes,post,1556435658,positive
bi9xie,dankmemes,post,1556447544,neutral
bia6eo,dankmemes,post,1556449840,positive
bia7bn,dankmemes,post,1556450055,neutral
biaahb,dankmemes,post,1556450845,neutral
biacj6,dankmemes,post,1556451371,negative
biacwl,dankmemes,post,1556451466,neutral
biadly,dankmemes,post,1556451624,negative
biafjb,dankmemes,post,1556452072,neutral
biaw90,dankmemes,post,1556455714,negative
bib1e0,dankmemes,post,1556456749,negative
bib1iw,dankmemes,post,1556456773,neutral
bibham,dankmemes,post,1556459844,neutral
bibpzh,dankmemes,post,1556461366,neutral
bic2yr,dankmemes,post,1556463569,positive
biccm0,dankmemes,post,1556465141,neutral
bicdb9,dankmemes,post,1556465251,negative
bicga2,dankmemes,post,1556465739,positive
bich75,dankmemes,post,1556465892,negative
bichkp,dankmemes,post,1556465953,neutral
bicifz,dankmemes,post,1556466092,negative
bicncs,dankmemes,post,1556466875,negative
bicq3o,dankmemes,post,1556467305,negative
bicxtc,dankmemes,post,1556468491,neutral
bie3ka,dankmemes,post,1556474975,negative
bif036,dankmemes,post,1556479893,negative
bif13v,dankmemes,post,1556480045,neutral
biferp,dankmemes,post,1556482037,negative
bifhwh,dankmemes,post,1556482492,negative
bifu8u,dankmemes,post,1556484386,negative
bifvm9,dankmemes,post,1556484612,positive
big30c,dankmemes,post,1556485722,neutral
big3we,dankmemes,post,1556485854,negative
big741,dankmemes,post,1556486336,neutral
bigalz,dankmemes,post,1556486884,negative
bigzne,dankmemes,post,1556490925,negative
bii1rl,dankmemes,post,1556497470,neutral
biijwk,dankmemes,post,1556500656,negative
biirif,dankmemes,post,1556502065,negative
bim0pc,dankmemes,post,1556517107,negative
bimpbk,dankmemes,post,1556522798,negative
binfda,dankmemes,post,1556529631,positive
binoi7,dankmemes,post,1556531811,negative
bio10j,dankmemes,post,1556534709,negative
bio7ag,dankmemes,post,1556536068,neutral
bioc4n,dankmemes,post,1556537061,negative
bip6f1,dankmemes,post,1556542632,negative
bipgmf,dankmemes,post,1556544369,negative
bipi0n,dankmemes,post,1556544601,negative
bipwaa,dankmemes,post,1556546929,negative
bipxc8,dankmemes,post,1556547083,negative
biq3tl,dankmemes,post,1556548095,negative
biqmnl,dankmemes,post,1556550934,negative
biqoha,dankmemes,post,1556551187,neutral
bir45l,dankmemes,post,1556553402,negative
birp9b,dankmemes,post,1556556383,neutral
birsrz,dankmemes,post,1556556873,neutral
bis73o,dankmemes,post,1556558905,negative
bis9ci,dankmemes,post,1556559216,neutral
bisf24,dankmemes,post,1556560039,negative
bisku9,dankmemes,post,1556560871,negative
bit0f7,dankmemes,post,1556563078,negative
bitsmr,dankmemes,post,1556567109,neutral
biu9re,dankmemes,post,1556569499,neutral
biulls,dankmemes,post,1556571207,negative
bivj3a,dankmemes,post,1556576101,negative
bivsqb,dankmemes,post,1556577588,negative
bixqj6,dankmemes,post,1556589219,negative
bixr1p,dankmemes,post,1556589311,negative
biy4pk,dankmemes,post,1556591648,positive
biy5x1,dankmemes,post,1556591858,negative
biy8j5,dankmemes,post,1556592307,neutral
biyf7l,dankmemes,post,1556593467,neutral
bj17i0,dankmemes,post,1556615715,neutral
bj211c,dankmemes,post,1556622597,negative
bj2p8t,dankmemes,post,1556627224,negative
bj2qu9,dankmemes,post,1556627509,neutral
bj3u5n,dankmemes,post,1556633877,negative
bj3unp,dankmemes,post,1556633947,neutral
bj3vji,dankmemes,post,1556634083,positive
bj4rb5,dankmemes,post,1556638771,neutral
bj4wf4,dankmemes,post,1556639521,neutral
bj530x,dankmemes,post,1556640460,neutral
bj54iw,dankmemes,post,1556640687,neutral
bj5d2p,dankmemes,post,1556641882,negative
bj5imy,dankmemes,post,1556642658,negative
bj5k6j,dankmemes,post,1556642881,neutral
bj5kgo,dankmemes,post,1556642923,negative
bj5krw,dankmemes,post,1556642967,negative
bj5ul9,dankmemes,post,1556644288,neutral
bj60ig,dankmemes,post,1556645125,negative
bj6n8t,dankmemes,post,1556648310,negative
bj6nw4,dankmemes,post,1556648395,negative
bj7421,dankmemes,post,1556650712,negative
bj79r8,dankmemes,post,1556651533,positive
bj7ric,dankmemes,post,1556654092,negative
bj86tz,dankmemes,post,1556656183,neutral
bj8q9v,dankmemes,post,1556658783,neutral
bj8sel,dankmemes,post,1556659067,neutral
bj9y88,dankmemes,post,1556665004,neutral
bhdab6,dankmemes,post,1556223232,neutral
bhdd2o,dankmemes,post,1556223634,neutral
bcy357,dankmemes,post,1555207586,negative
bdlqei,dankmemes,post,1555364919,negative
b9kluq,dankmemes,post,1554424504,negative
bffftr,dankmemes,post,1555785109,negative
bh7t0m,dankmemes,post,1556193856,negative
bboyot,dankmemes,post,1554918223,negative
bfnebo,dankmemes,post,1555841625,neutral
biqqyi,exmormon,post,1556551539,negative
bga74w,gamedetectives,post,1555982554,neutral
bg6ccg,gatekeeping,post,1555961771,neutral
bhuzhj,goth,post,1556335124,neutral
ba7h4r,help,post,1554576005,negative
bii3fs,marvelstudios,post,1556497753,positive
b8uom3,memes,post,1554274983,negative
bacan4,nem,post,1554607386,positive
bhvnsg,pokemongo,post,1556340384,negative
ba5b2l,redditrequest,post,1554563773,neutral
b82qt7,sadboys,post,1554127235,positive
bebeu2,skyrim,post,1555526569,neutral
b9so4h,subredditcancer,post,1554478516,negative
b937ip,subredditcancer,post,1554323094,negative
bgxods,teenagers,post,1556128137,negative
bb18wk,tf2,post,1554769004,negative
b7zmgz,unpopularopinion,post,1554108540,neutral
b7wsks,unpopularopinion,post,1554089571,negative
bdk0ih,unpopularopinion,post,1555355150,negative
baaj5m,workout,post,1554594833,negative
bb2br4,2007scape,post,1554775505,neutral
bi526v,2007scape,post,1556408037,positive
bhkf9u,AmItheAsshole,post,1556271552,neutral
b7uysy,ApplyingToCollege,post,1554078592,negative
b9l14s,ApplyingToCollege,post,1554427116,neutral
b9l1dd,ApplyingToCollege,post,1554427158,neutral
bctnvk,ApplyingToCollege,post,1555180735,neutral
bi1w3x,ApplyingToCollege,post,1556388955,positive
bav26g,AskReddit,post,1554736779,neutral
bi7j15,AskReddit,post,1556425310,neutral
bi7mav,AskReddit,post,1556426042,neutral
bixm0d,AutoModerator,post,1556588451,neutral
beujwt,CitiesSkylines,post,1555644057,negative
bg85i5,CringeAnarchy,post,1555971091,neutral
beuacf,DanLeBatardShow,post,1555642293,negative
bhg1pp,DanLeBatardShow,post,1556238686,neutral
bf9li2,Knoxville,post,1555744051,positive
bi53q8,MassiveCock,post,1556408307,neutral
bj1zvm,MechanicalKeyboards,post,1556622353,neutral
be2s6f,Omaha,post,1555469468,neutral
bddr84,Psychic,post,1555318613,negative
b9dpeh,The_Donald,post,1554389573,negative
beuco6,TopMindsOfReddit,post,1555642740,neutral
bi3lac,TwoXChromosomes,post,1556399047,negative
bfzrww,UIUC,post,1555922922,neutral
bhifz8,actuallesbians,post,1556254606,neutral
bhb4e7,antiMLM,post,1556212026,positive
bdynlp,bisexual,post,1555445886,positive
bicxp3,dankmemes,post,1556468475,negative
bdqbet,dankmemes,post,1555393635,negative
bcvdi7,dankmemes,post,1555190208,negative
bazrdj,dankmemes,post,1554760787,neutral
b7yfbn,dankmemes,post,1554099978,negative
b7yw5i,dankmemes,post,1554103158,negative
bdywhj,dankmemes,post,1555447154,neutral
bfknrb,dankmemes,post,1555817167,neutral
bhhre8,dankmemes,post,1556249762,positive
bfnsnd,dankmemes,post,1555845421,negative
b87x0r,dankmemes,post,1554148715,negative
b9lw6y,dankmemes,post,1554432415,negative
big9op,dankmemes,post,1556486732,negative
bdcsak,dankmemes,post,1555309314,neutral
bdqofs,dankmemes,post,1555396604,positive
bbosb8,dankmemes,post,1554917378,neutral
bfp1qs,dankmemes,post,1555854977,neutral
bhwqfj,dankmemes,post,1556350137,negative
bg2e3n,dankmemes,post,1555941408,negative
bbrvcb,darkjokes,post,1554932912,negative
bdyd5z,legaladvice,post,1555444395,negative
bhxhmc,memes,post,1556357960,positive
bdvrws,memes,post,1555431153,negative
bd9w5k,opieandanthony,post,1555289312,neutral
bdljwa,pornfree,post,1555363961,positive
bge44w,redditrequest,post,1556009814,neutral
ba6u8j,redditrequest,post,1554572442,neutral
b86kq1,redditrequest,post,1554143614,neutral
bg3ao1,redditrequest,post,1555946308,neutral
bgj5r3,redditrequest,post,1556040550,neutral
bcd0m4,rugbyunion,post,1555072358,negative
bdkwzj,sanantonio,post,1555359547,neutral
bf736s,singapore,post,1555724654,negative
bht65a,teenagers,post,1556322890,positive
bgl7cj,teenagers,post,1556050971,negative
bha9wx,unpopularopinion,post,1556207731,negative
bel7d6,wallstreetbets,post,1555592035,neutral
bfw940,AMA,post,1555896361,neutral
b9xvls,AskReddit,post,1554505060,neutral
b93ed8,BlackPeopleTwitter,post,1554324002,neutral
b7wl5k,CatsStandingUp,post,1554088265,neutral
b9bpz5,Coffee,post,1554378746,negative
bh691t,FreeKarma4U,post,1556181508,negative
b7xry3,HistoryMemes,post,1554095776,neutral
bfh26e,Ice_Poseidon,post,1555794203,neutral
bdmvra,Justrolledintotheshop,post,1555371079,negative
bdk0ho,MortalKombat,post,1555355147,positive
bhor0u,NewYorkIslanders,post,1556298414,neutral
b80aa8,OpTicGaming,post,1554113244,positive
b7xxo1,PrequelMemes,post,1554096770,neutral
b83v3q,PrequelMemes,post,1554132538,neutral
bgtchx,Slitherio,post,1556104649,neutral
bgihhh,TrueOffMyChest,post,1556037201,negative
bj7wez,Twitch,post,1556654742,negative
bgzobt,antiMLM,post,1556138241,positive
b85z26,cincinnati,post,1554141238,neutral
b8cj4b,cincinnati,post,1554168226,neutral
bgwnej,copypasta,post,1556123021,negative
b8neva,copypasta,post,1554231799,negative
bappgw,copypasta,post,1554700143,negative
b9gao1,copypasta,post,1554401847,negative
biintd,copypasta,post,1556501372,negative
bhjvoq,dankmemes,post,1556266546,negative
bd811f,dankmemes,post,1555278288,negative
b9d65d,dankmemes,post,1554386923,negative
bc2367,dankmemes,post,1555000959,neutral
baeikv,dankmemes,post,1554628410,negative
bip9nb,dankmemes,post,1556543173,positive
bd1ygx,dankmemes,post,1555242356,neutral
bax56e,dankmemes,post,1554747350,positive
bfa6bz,dankmemes,post,1555749588,neutral
bayxsx,dankmemes,post,1554756476,neutral
bhz47e,dankmemes,post,1556372061,neutral
bh94mu,dankmemes,post,1556201669,positive
biraul,future_fight,post,1556554360,positive
bf401c,gnome,post,1555706206,positive
bifzv7,infj,post,1556485256,neutral
bdyvd3,marvelstudios,post,1555446985,positive
b80c6v,pics,post,1554113593,neutral
bbtefe,pics,post,1554941211,neutral
be775r,pics,post,1555504144,neutral
bhxmz7,pics,post,1556359423,neutral
b89ulo,r4r,post,1554155870,neutral
be9hsu,redditrequest,post,1555516748,neutral
beomjz,redditrequest,post,1555610275,neutral
be509v,redditrequest,post,1555486397,neutral
bc508u,redditrequest,post,1555015876,neutral
b8gkqe,redditrequest,post,1554194659,neutral
baok3j,teenagers,post,1554692154,neutral
bh3txl,teenagers,post,1556162227,negative
bhu7ko,teenagers,post,1556329620,positive
bi4zqv,teenagers,post,1556407606,neutral
bi6qjm,teenagers,post,1556419384,negative
bj9en4,teenagers,post,1556662129,neutral
bib5gl,teenagers,post,1556457560,neutral
b910zk,toronto,post,1554312909,neutral
bb4tfc,trashy,post,1554793373,negative
bfknuv,travisscott,post,1555817186,negative
ba746o,ukpolitics,post,1554573967,negative
bamdpg,walmart,post,1554678312,positive
b8ci8e,AnimalCrossing,post,1554168100,neutral
b8co54,Animemes,post,1554168977,positive
be90y3,AskReddit,post,1555514354,neutral
bgkf0c,AskReddit,post,1556046986,neutral
bdt21j,Brawlstars,post,1555415865,negative
bdzhcy,Cityofheroes,post,1555450179,negative
b8mbb1,FortNiteBR,post,1554226549,negative
bggj69,IASIP,post,1556026982,negative
bi5dhm,ModSupport,post,1556410117,negative
bd9k6p,OutOfTheLoop,post,1555287232,neutral
b83qp4,PrequelMemes,post,1554131983,neutral
bho24j,Rainbow6,post,1556294884,neutral
berp9f,Showerthoughts,post,1555626781,neutral
berpgk,Showerthoughts,post,1555626810,neutral
bid3jd,Showerthoughts,post,1556469405,negative
b9cfrf,TheBrewery,post,1554382983,neutral
bi9sn1,WorldOfWarships,post,1556446241,neutral
bgqj8c,XXXTENTACION,post,1556081600,neutral
bizoyj,antiMLM,post,1556602493,neutral
bfyhz4,awakened,post,1555911808,neutral
bghy6b,dankmemes,post,1556034550,neutral
b85q6q,dankmemes,post,1554140602,negative
bfl9fe,dankmemes,post,1555821649,positive
biwf1k,dankmemes,post,1556581206,positive
biwfax,dankmemes,post,1556581250,positive
ba5qk5,dankmemes,post,1554566326,negative
bchnac,dankmemes,post,1555096859,neutral
bfnasz,dankmemes,post,1555840677,neutral
b920q9,dankmemes,post,1554317588,neutral
b7yrf8,dankmemes,post,1554102268,neutral
bfyjxu,dankmemes,post,1555912264,neutral
bekepd,dankmemes,post,1555586861,negative
bfvz5m,dankmemes,post,1555894659,neutral
b9wkul,dankmemes,post,1554497933,neutral
b7xo6q,dankmemes,post,1554095159,negative
b7xwgr,dankmemes,post,1554096557,negative
bal1n3,dankmemes,post,1554670701,neutral
b9goke,dankmemes,post,1554403626,negative
bhn7bq,dankmemes,post,1556290453,negative
bgw31g,dankmemes,post,1556120220,negative
bgvz98,dankmemes,post,1556119679,positive
b7y3jr,dankmemes,post,1554097807,negative
b81nhy,dankmemes,post,1554121454,negative
bd37hf,dankmemes,post,1555251663,negative
b7xr26,dankmemes,post,1554095632,negative
b837gp,dankmemes,post,1554129463,neutral
bifeyf,darkjokes,post,1556482062,negative
bcl6bo,darkjokes,post,1555117142,negative
bawkeg,darkjokes,post,1554744375,negative
bf7n13,darkjokes,post,1555728464,negative
bc91f3,darkjokes,post,1555039992,negative
bi5igj,gravityfalls,post,1556411002,positive
bhnzz0,marvelstudios,post,1556294586,neutral
bih6gx,motorcycles,post,1556492094,negative
bf6f99,pharmacy,post,1555720272,neutral
besj9o,police,post,1555631351,negative
b83g5z,raimimemes,post,1554130632,neutral
bgwfpn,redditrequest,post,1556121985,neutral
bh9t8p,redditrequest,post,1556205303,neutral
be9p1l,redditrequest,post,1555517734,neutral
bi6pbz,redditrequest,post,1556419140,neutral
bff9b1,redditrequest,post,1555784125,neutral
b7wm00,runescape,post,1554088419,neutral
b7wdqm,teenagers,post,1554087039,negative
bdvjm7,tipofmytongue,post,1555429995,negative
bj0afr,tipofmytongue,post,1556607405,negative
bcwm4e,translator,post,1555197675,neutral
bhfdtr,vita,post,1556234630,neutral
b9xyhk,weightroom,post,1554505518,neutral
bajndv,AmItheAsshole,post,1554663073,negative
b8paxi,AnthemTheGame,post,1554241011,positive
baaudx,AskModerators,post,1554597008,negative
bbiqyl,CCW,post,1554877683,negative
b9342d,Cumtown,post,1554322635,negative
b9z395,DeepFriedMemes,post,1554512727,neutral
balqp8,ICanDrawThat,post,1554674670,neutral
bc6v5a,ImGoingToHellForThis,post,1555026260,negative
bagj1h,Libertarian,post,1554645791,negative
bdg0t5,MGTOW,post,1555335180,negative
bd8wlk,MakeNewFriendsHere,post,1555283185,negative
bfc28j,PewdiepieSubmissions,post,1555766087,positive
b927nb,PewdiepieSubmissions,post,1554318478,negative
bc4zmp,PewdiepieSubmissions,post,1555015776,negative
bflok9,PewdiepieSubmissions,post,1555825057,negative
bi1bkd,Romania,post,1556385664,neutral
bcingn,Survival,post,1555102164,neutral
bglr05,TeenMomOGandTeenMom2,post,1556053718,neutral
bajsov,TopMindsOfReddit,post,1554663864,neutral
bbqy0g,TopMindsOfReddit,post,1554928148,negative
bj3ggp,britishcolumbia,post,1556631728,neutral
bhdwsj,btc,post,1556226447,negative
b8b6ix,copypasta,post,1554161367,negative
biedl6,dankmemes,post,1556476520,negative
bir9yt,dankmemes,post,1556554243,negative
bj0wl0,dankmemes,post,1556612875,negative
b7wa7i,dankmemes,post,1554086442,neutral
bfo9mo,dankmemes,post,1555849405,neutral
bj408s,dankmemes,post,1556634803,neutral
bi6zi1,dankmemes,post,1556421204,negative
bi77qc,dankmemes,post,1556422897,positive
ba3j9v,dankmemes,post,1554551406,neutral
baf4vl,dankmemes,post,1554634608,neutral
bbqjpu,dankmemes,post,1554926103,negative
bgteyg,dankmemes,post,1556105124,negative
bbphel,dankmemes,post,1554920778,neutral
ba1hpd,dankmemes,post,1554531439,negative
bgshxq,dankmemes,post,1556097861,neutral
b7ytlc,dankmemes,post,1554102666,neutral
b7xdxh,dankmemes,post,1554093351,neutral
bfldzv,dankmemes,post,1555822650,positive
bbvqsx,darkjokes,post,1554956025,neutral
bhp0rn,futurebeats,post,1556299791,neutral
b890c0,gmod,post,1554152626,negative
bct4a8,jerma985,post,1555177745,neutral
bezzyk,marvelstudios,post,1555685532,positive
bcf6gx,melbourne,post,1555084510,neutral
b9dzvo,memes,post,1554390957,neutral
bd15uu,memes,post,1555234677,negative
bfezy0,needamod,post,1555782755,neutral
bda9ka,opieandanthony,post,1555291660,negative
b9nh3f,osugame,post,1554443785,negative
bd5hcz,pakistan,post,1555264807,negative
bil36p,queen,post,1556513186,neutral
baulvk,redditrequest,post,1554734448,neutral
bf3rmw,redditrequest,post,1555704949,neutral
balewz,redditrequest,post,1554672787,neutral
beum9m,redditrequest,post,1555644529,neutral
beurlj,redditrequest,post,1555645569,neutral
bh0n3o,redditrequest,post,1556143334,neutral
begbzc,redditrequest,post,1555554471,neutral
bfq41j,streetwearstartup,post,1555861415,negative
bckxg6,teenagers,post,1555115516,neutral
bbzvoi,teenagers,post,1554989342,neutral
be3cfj,unpopularopinion,post,1555473248,negative
bj486t,whatisthisthing,post,1556635985,negative
berxdy,4chan,post,1555627981,neutral
bhxm8e,AskOuija,post,1556359221,neutral
ba57gm,CrappyDesign,post,1554563196,neutral
bgk514,CringeAnarchy,post,1556045557,negative
bgvdc9,CringeAnarchy,post,1556116589,neutral
bgoklb,CringeAnarchy,post,1556069478,negative
bgg1g9,CringeAnarchy,post,1556024105,negative
b88ndm,HistoryMemes,post,1554151344,neutral
bbavii,MurderedByWords,post,1554831546,neutral
b8q9k9,PewdiepieSubmissions,post,1554246064,neutral
bc7s4i,Sneakers,post,1555031897,neutral
bf4xwr,WatchRedditDie,post,1555711407,negative
b8yeap,WatchRedditDie,post,1554300389,negative
b9044b,WatchRedditDie,post,1554308638,negative
b96maw,WatchRedditDie,post,1554341800,positive
basylz,WatchRedditDie,post,1554725086,negative
bc871q,WatchRedditDie,post,1555034452,negative
bctrv1,WatchRedditDie,post,1555181351,negative
bdyrvh,WatchRedditDie,post,1555446492,negative
bec5aj,WatchRedditDie,post,1555530365,negative
bec5c8,WatchRedditDie,post,1555530372,negative
bfdt1y,WatchRedditDie,post,1555776531,neutral
bg4vgd,WatchRedditDie,post,1555954358,negative
bg5tho,WatchRedditDie,post,1555959151,negative
bg87rc,WatchRedditDie,post,1555971410,negative
bgf8v6,WatchRedditDie,post,1556018926,negative
bhggig,WatchRedditDie,post,1556241285,negative
bhk152,WatchRedditDie,post,1556267967,negative
bhmsdm,WatchRedditDie,post,1556288249,negative
bhow4g,WatchRedditDie,post,1556299133,neutral
bg5abr,Yogscast,post,1555956443,neutral
bbo9qw,bjj,post,1554914842,positive
bcckqr,conspiracy,post,1555069461,positive
bfzsmf,dankmemes,post,1555923096,negative
bfqdx0,dankmemes,post,1555862959,negative
b7w4p1,dankmemes,post,1554085523,neutral
bgudnw,dankmemes,post,1556111184,negative
ba01yp,dankmemes,post,1554519655,negative
bfsalf,dankmemes,post,1555873332,neutral
bfohb5,dankmemes,post,1555851045,negative
bftkbo,dankmemes,post,1555880397,neutral
b7y83j,dankmemes,post,1554098664,negative
b8060v,dankmemes,post,1554112444,negative
bdfsc0,dankmemes,post,1555333757,negative
bibncr,dankmemes,post,1556460900,neutral
bcjtgj,darkjokes,post,1555108651,neutral
bidkb6,darkjokes,post,1556472023,negative
bc6syu,darkjokes,post,1555025879,negative
bgi7yh,desmoines,post,1556035868,negative
be63tt,dfsports,post,1555496390,negative
bd8e22,gamedev,post,1555280239,neutral
bepurw,gnomoria,post,1555616763,negative
bdq63c,lotr,post,1555392481,neutral
be68gb,marvelstudios,post,1555497408,positive
bh9fbq,marvelstudios,post,1556203306,positive
bdu9ld,marvelstudios,post,1555423149,positive
bew2bk,memes,post,1555655748,neutral
bho5so,memes,post,1556295414,neutral
bfhy07,nba,post,1555799441,neutral
b7x5ms,nba,post,1554091924,positive
bdloim,raimimemes,post,1555364649,neutral
beh3d9,redditrequest,post,1555559473,neutral
bbw2ex,redditrequest,post,1554958422,neutral
bepqsh,redditrequest,post,1555616178,neutral
bhob8g,redditrequest,post,1556296199,neutral
b8wkry,redditrequest,post,1554289826,neutral
bct9rd,screenshots,post,1555178594,neutral
b989w4,teenagers,post,1554352494,negative
bd1cpo,teenagers,post,1555236603,negative
bacrcu,wallstreetbets,post,1554610954,neutral
b802va,yuri,post,1554111824,negative
bamahd,AskReddit,post,1554677800,neutral
bhiqbw,AskReddit,post,1556256840,neutral
baslfm,Braincels,post,1554722724,negative
bdce7x,Braincels,post,1555305945,neutral
befngf,Comcast_Xfinity,post,1555550214,neutral
bgkl1k,CringeAnarchy,post,1556047835,neutral
bgku2h,CringeAnarchy,post,1556049116,neutral
b88njc,FortNiteBR,post,1554151357,neutral
bf7dvb,HistoryMemes,post,1555726664,neutral
bblrw9,Memes_Of_The_Dank,post,1554901522,neutral
b7xzqs,ShitPoliticsSays,post,1554097139,positive
bcfvcp,Smite,post,1555088100,negative
behgxo,SwagBucks,post,1555562180,neutral
bemjzo,TampaBayLightning,post,1555599612,positive
b81x84,The_Donald,post,1554122923,negative
bhevj2,Trumpgret,post,1556231709,negative
bheyne,Trumpgret,post,1556232202,neutral
bhfkd3,Trumpgret,post,1556235701,negative
bhgt7p,Trumpgret,post,1556243562,neutral
bhgv2w,Trumpgret,post,1556243899,negative
bhh7lj,Trumpgret,post,1556246094,neutral
bhh9a8,Trumpgret,post,1556246405,negative
bhhruj,Trumpgret,post,1556249855,neutral
bhifs9,Trumpgret,post,1556254568,neutral
bhivn7,Trumpgret,post,1556258034,negative
bhjp5l,Trumpgret,post,1556264935,negative
bhk6e7,Trumpgret,post,1556269357,negative
bhk8t7,Trumpgret,post,1556269960,negative
bhk8vz,Trumpgret,post,1556269983,negative
bhl1av,Trumpgret,post,1556276618,negative
bhlsox,Trumpgret,post,1556282322,negative
bhnlbb,Trumpgret,post,1556292464,neutral
bhnyov,Trumpgret,post,1556294414,neutral
bhnzio,Trumpgret,post,1556294526,neutral
bho2fj,Trumpgret,post,1556294929,neutral
bhobfk,Trumpgret,post,1556296228,negative
bholss,Trumpgret,post,1556297707,negative
bhp2dc,Trumpgret,post,1556300004,negative
bhprwk,Trumpgret,post,1556303672,neutral
bhsasj,Trumpgret,post,1556317588,negative
bhwpge,Trumpgret,post,1556349862,negative
bhxcrg,Trumpgret,post,1556356595,neutral
bhxgja,Trumpgret,post,1556357656,neutral
bidhor,Trumpgret,post,1556471616,negative
biy1hs,Trumpgret,post,1556591075,negative
bhnxzs,boston,post,1556294321,positive
bhilu4,chemistry,post,1556255866,neutral
b7zh1r,dankmemes,post,1554107365,negative
b7ziel,dankmemes,post,1554107663,negative
b7zn2l,dankmemes,post,1554108669,negative
begnjh,dankmemes,post,1555556525,neutral
bbndbw,dankmemes,post,1554910255,neutral
bh15mh,dankmemes,post,1556146132,negative
b9pqux,dankmemes,post,1554461999,negative
bi7md2,dankmemes,post,1556426055,neutral
bhg63h,dankmemes,post,1556239492,neutral
bf2v7p,dankmemes,post,1555700223,negative
bb5edg,dankmemes,post,1554798278,negative
bbmf4r,dankmemes,post,1554905140,negative
b7xe9l,dankmemes,post,1554093409,neutral
bfmzar,dankmemes,post,1555837436,negative
bfw4cc,dankmemes,post,1555895545,negative
b7v165,dankmemes,post,1554078965,negative
bdqb7w,dankmemes,post,1555393595,negative
bgwpqc,dankmemes,post,1556123329,negative
bdqhy4,dankmemes,post,1555395168,negative
bcexiu,dankmemes,post,1555083214,negative
bb6rvu,dankmemes,post,1554809304,negative
bg8ck5,dankmemes,post,1555972114,negative
bianjr,dankmemes,post,1556453811,neutral
bg6i2v,dankmemes,post,1555962594,negative
bbo9fo,darkjokes,post,1554914799,negative
bgwt4a,discordapp,post,1556123807,neutral
b8l75t,gamingsuggestions,post,1554221338,neutral
bh9euf,madlads,post,1556203237,neutral
bgthmy,meme,post,1556105622,neutral
bd0swu,modhelp,post,1555230923,neutral
be7sje,msu,post,1555507619,negative
b8i2t2,nfl,post,1554205113,positive
bci7mt,opieandanthony,post,1555099819,negative
b9gl0z,redditrequest,post,1554403170,neutral
baep9i,redditrequest,post,1554630313,neutral
bh3s8w,redditrequest,post,1556161927,neutral
bce173,redditrequest,post,1555078413,neutral
bi8fqb,sixers,post,1556432908,negative
bez867,stalker,post,1555681265,neutral
b9mq17,tesdcares,post,1554437999,neutral
bj3mfy,weezer,post,1556632683,negative
b90p96,AppleMusic,post,1554311375,neutral
bgs7gn,AskReddit,post,1556095202,neutral
bi2v49,AskReddit,post,1556394681,neutral
b9v2o0,AskReddit,post,1554490261,negative
bfk996,BestOfReports,post,1555814327,negative
bh10vd,BestOfReports,post,1556145399,neutral
bhr6cx,BostonBruins,post,1556311221,neutral
b9z6ie,Braincels,post,1554513361,negative
bbkppd,Braincels,post,1554894489,neutral
b826i1,ChapoTrapHouse,post,1554124245,negative
bbxv9b,ClashRoyale,post,1554975524,negative
bffsk7,FortNiteBR,post,1555787055,positive
birgep,FortNiteBR,post,1556555149,negative
banucm,FortNiteBR,post,1554687540,neutral
basekg,FortNiteBR,post,1554721403,neutral
b8c36r,Gamingcirclejerk,post,1554165914,negative
b8duhf,HistoryMemes,post,1554175676,neutral
bg47w8,Libertarian,post,1555951073,negative
bg4bx9,Libertarian,post,1555951648,negative
bg4d1u,Libertarian,post,1555951810,negative
bf02e1,MLBTheShow,post,1555685897,neutral
bghftv,MLBTheShow,post,1556031930,neutral
b9tqvl,OCPoetry,post,1554483695,neutral
be3b5n,OutOfTheLoop,post,1555473000,neutral
bca6vn,PuertoRico,post,1555048918,neutral
bd1hbh,Seaofthieves,post,1555237854,neutral
bc3egx,SeattleWA,post,1555007613,negative
bbdqf3,SeattleWA,post,1554845789,neutral
bc3cu0,SeattleWA,post,1555007378,negative
bj82k9,Showerthoughts,post,1556655584,negative
b86yxb,SonicTheHedgehog,post,1554145091,neutral
bh3no7,The_Donald,post,1556161149,negative
bgnuca,The_Donald,post,1556065207,positive
ba3w5w,TownofSalemgame,post,1554554304,neutral
b85zxg,WatchRedditDie,post,1554141299,negative
bgutvh,Waxpen,post,1556113717,neutral
bctqv2,WhatsWrongWithYourDog,post,1555181194,negative
be1nx1,brockhampton,post,1555462681,neutral
bg8eda,dankmemes,post,1555972379,negative
b7xcjn,dankmemes,post,1554093114,negative
be1rkf,dankmemes,post,1555463276,positive
bhvbr4,dankmemes,post,1556337723,negative
bcjhdn,dankmemes,post,1555106740,neutral
bcrcfe,dankmemes,post,1555167589,neutral
b7w4in,dankmemes,post,1554085494,negative
b7w7yb,dankmemes,post,1554086058,neutral
b8k7cx,dankmemes,post,1554216656,negative
bi2oa8,dankmemes,post,1556393554,positive
b9fubo,dankmemes,post,1554399631,negative
b7zqot,dankmemes,post,1554109402,negative
b7zret,dankmemes,post,1554109546,negative
b7zrhx,dankmemes,post,1554109566,negative
bcs9zu,dankmemes,post,1555172978,negative
baajcc,dankmemes,post,1554594869,negative
bfs0am,dankmemes,post,1555871759,negative
bfmsj1,dankmemes,post,1555835531,negative
bc40up,dankmemes,post,1555010782,negative
b7uo0m,dankmemes,post,1554077037,negative
b7vh1y,dankmemes,post,1554081574,neutral
bdpdyx,dankmemes,post,1555386629,neutral
b7v0hw,dankmemes,post,1554078856,negative
bcd6z0,darkjokes,post,1555073460,negative
bgvlum,darkjokes,post,1556117827,negative
bj3xk0,darkjokes,post,1556634398,negative
bgx949,forsen,post,1556125994,neutral
bf0qti,funny,post,1555689406,neutral
b84f69,furry,post,1554135084,positive
bcl7n2,gatekeeping,post,1555117364,negative
be9z68,marvelstudios,post,1555519202,positive
bhao3h,marvelstudios,post,1556209739,neutral
b8pyu8,memes,post,1554244424,neutral
be0b0d,memes,post,1555454674,negative
bdnbxk,memes,post,1555373702,neutral
bht0un,memes,post,1556321955,neutral
bbufkh,redditrequest,post,1554947412,neutral
bik3sz,redditrequest,post,1556509531,neutral
b8qw0w,redditrequest,post,1554249626,neutral
bb3pbj,redditrequest,post,1554784634,neutral
bfljqq,redditrequest,post,1555823938,neutral
baw5ic,redditrequest,post,1554742278,neutral
ba39rk,teenagers,post,1554549079,negative
bh5ko4,tipofmypenis,post,1556175431,neutral
bgr68m,tumblr,post,1556086306,negative
bhfy1h,unpopularopinion,post,1556238016,negative
bd4d3p,yaoi,post,1555258544,neutral
bgxt67,AnthemTheGame,post,1556128799,negative
baula5,AnthemTheGame,post,1554734359,negative
bhhluv,AskReddit,post,1556248715,neutral
b7uw2x,CollegeBasketball,post,1554078165,negative
baatdx,CollegeBasketball,post,1554596819,negative
baawjd,CollegeBasketball,post,1554597414,neutral
baaxd3,CollegeBasketball,post,1554597575,negative
bab01s,CollegeBasketball,post,1554598090,neutral
bb39xe,CollegeBasketball,post,1554781661,negative
bb3cxz,CollegeBasketball,post,1554782247,negative
bb3eny,CollegeBasketball,post,1554782556,negative
bgif3l,CringeAnarchy,post,1556036869,negative
bemv6n,CringeAnarchy,post,1555601183,negative
bc5ivc,Frasier,post,1555018626,negative
bfi7ge,GoNets,post,1555801098,neutral
bg41n6,GolfClash,post,1555950180,neutral
bddkdu,Paladins,post,1555316738,neutral
b9r64q,PewdiepieSubmissions,post,1554470640,negative
b9r673,PewdiepieSubmissions,post,1554470649,negative
b86tup,PrequelMemes,post,1554144577,neutral
bdtupt,Showerthoughts,post,1555420736,neutral
baldu9,Terraria,post,1554672625,neutral
bhvnyz,Terraria,post,1556340427,negative
bi6h4j,Trumpgret,post,1556417548,negative
ba3hsy,Turkey,post,1554551057,negative
bes8s4,Turkey,post,1555629684,neutral
besbyb,Turkey,post,1555630169,neutral
bh6do3,Turkey,post,1556182778,negative
bevhpo,Twitter,post,1555650955,neutral
bc1qw3,Warframe,post,1554999239,positive
bgxwtp,WatchRedditDie,post,1556129299,negative
bbut9y,changemyview,post,1554949770,negative
bc3kna,comics,post,1555008490,neutral
bgxge5,counting,post,1556127020,negative
bhjd7m,dankmemes,post,1556262123,positive
b9o45h,dankmemes,post,1554448859,negative
bglrnk,dankmemes,post,1556053807,neutral
bcs9h5,dankmemes,post,1555172894,neutral
b8qmxo,dankmemes,post,1554248155,negative
bgaeyg,dankmemes,post,1555983833,neutral
bchz9w,dankmemes,post,1555098627,neutral
bg8cop,dankmemes,post,1555972135,neutral
behphw,dankmemes,post,1555564046,neutral
b7w9ko,dankmemes,post,1554086334,neutral
b7wpvb,dankmemes,post,1554089095,negative
b7ydpi,dankmemes,post,1554099678,negative
b83wsm,dankmemes,post,1554132749,negative
b9v423,dankmemes,post,1554490448,negative
bfnpvy,dankmemes,post,1555844738,negative
b7xvxt,dankmemes,post,1554096465,neutral
bfb83s,dankmemes,post,1555759571,negative
bdwimv,dankmemes,post,1555434927,neutral
bc9l6f,darkjokes,post,1555044044,neutral
bav53d,exjw,post,1554737199,neutral
biqc32,gameofthrones,post,1556549383,negative
bbsgh7,lucifer,post,1554935890,neutral
be31dr,marvelstudios,post,1555471119,neutral
bh3sic,marvelstudios,post,1556161972,neutral
b8r3p6,memes,post,1554250836,negative
bhi6zl,memes,post,1556252747,neutral
bh876g,memes,post,1556196362,neutral
bbap98,memes,post,1554830670,neutral
b9rf1k,modhelp,post,1554472062,neutral
bf0xne,modhelp,post,1555690381,neutral
bcipom,opieandanthony,post,1555102506,negative
bcjksx,opieandanthony,post,1555107276,negative
bhdz31,redditrequest,post,1556226781,neutral
b9fogo,redditrequest,post,1554398827,neutral
baj7pm,redditrequest,post,1554660819,neutral
bdj4yq,redditrequest,post,1555351039,neutral
bdg04s,relationship_advice,post,1555335066,neutral
befuw6,skyrimmods,post,1555551502,negative
bf2m09,subredditcancer,post,1555698919,negative
bdyb3y,teenagers,post,1555444092,negative
be0pxt,teenagers,post,1555457096,negative
bj44zj,teenagers,post,1556635511,negative
bd6egd,thedavidpakmanshow,post,1555269500,neutral
bh5oqw,unpopularopinion,post,1556176379,neutral
betipy,2007scape,post,1555637319,neutral
bhbtqn,Aquariums,post,1556215645,negative
babf0t,AskReddit,post,1554600994,neutral
bh0qyo,AskReddit,post,1556143890,neutral
bchmy9,Borderlands,post,1555096808,neutral
bc4ua6,ChapoTrapHouse,post,1555014994,neutral
be812s,Cityofheroes,post,1555508976,neutral
b91ha4,Comcast_Xfinity,post,1554315059,neutral
bgn1jr,CringeAnarchy,post,1556060658,negative
b97dos,DHMIS,post,1554346461,neutral
bfwlop,EvolveGame,post,1555898619,negative
bid9qz,Gotham,post,1556470383,negative
be9akp,LiverpoolFC,post,1555515715,neutral
bgq241,LivestreamFail,post,1556078341,neutral
bgo3va,MtF,post,1556066783,neutral
bhb2iw,PewdiepieSubmissions,post,1556211774,neutral
b9ng5g,PewdiepieSubmissions,post,1554443575,neutral
bef79d,StarWarsBattlefront,post,1555547459,negative
backo5,brockhampton,post,1554609542,negative
bha3wc,btc,post,1556206862,neutral
bixdjl,buccos,post,1556587032,negative
bj58bc,communism101,post,1556641221,neutral
beu1xu,conspiracy,post,1555640781,neutral
bbcb0d,dankmemes,post,1554838667,negative
bfmos7,dankmemes,post,1555834498,positive
bdh1lo,dankmemes,post,1555340824,negative
bbanvs,dankmemes,post,1554830481,negative
bfnz36,dankmemes,post,1555846997,neutral
bfhtnl,dankmemes,post,1555798697,negative
bi0yvl,dankmemes,post,1556383605,neutral
b7v3nb,dankmemes,post,1554079354,negative
b8zbln,dankmemes,post,1554304897,negative
bba26o,dankmemes,post,1554827608,negative
bbgviw,dankmemes,post,1554864009,negative
b7yqmc,dankmemes,post,1554102112,negative
bcrjzg,dankmemes,post,1555168805,neutral
b83quc,dankmemes,post,1554131999,negative
bcl7tt,darkjokes,post,1555117398,negative
bbulpi,darkjokes,post,1554948469,negative
bca3zi,darkjokes,post,1555048251,negative
ba59a9,devils,post,1554563493,neutral
bc80nx,donaldglover,post,1555033364,positive
bj9qpj,gameofthrones,post,1556663827,neutral
bblovj,gifsthatendtoosoon,post,1554900998,neutral
bc7ew7,help,post,1555029606,neutral
bdyrgi,humor,post,1555446435,neutral
baalu2,madlads,post,1554595357,neutral
bi8n4a,memes,post,1556434866,neutral
ba61bx,memes,post,1554567999,neutral
bbq5hm,modhelp,post,1554924094,neutral
b86eoa,modhelp,post,1554142859,neutral
bgqsn6,newreddits,post,1556083461,negative
bb91cl,notinteresting,post,1554822446,neutral
bfxe8w,srilanka,post,1555903547,negative
banipl,teenagers,post,1554685449,neutral
begx3d,teenagers,post,1555558283,negative
bgeyes,teenagers,post,1556016758,neutral
b8sssw,tf2,post,1554260990,neutral
b9mswd,thedivision,post,1554438594,negative
bbq1i3,trebuchetmemes,post,1554923547,negative
bhj2qi,unpopularopinion,post,1556259679,negative
biaj3g,unpopularopinion,post,1556452868,negative
b841gg,Animemes,post,1554133336,negative
bb54hs,ArtistLounge,post,1554795903,neutral
b9vpxg,AtlantaHawks,post,1554493492,neutral
bcit2y,CODZombies,post,1555103004,negative
bdftdi,ClashRoyale,post,1555333930,neutral
bgnlix,CringeAnarchy,post,1556063804,negative
bfddxu,Idubbbz,post,1555774218,negative
b9yohw,ImGoingToHellForThis,post,1554510007,neutral
bbqlco,Jokes,post,1554926344,neutral
bickt4,NintendoSwitch,post,1556466467,negative
bdvdzc,PUBGXboxOne,post,1555429179,negative
bg8g8t,PublicFreakout,post,1555972656,neutral
bdb3li,RocketLeagueExchange,post,1555296546,neutral
b9c32j,ShokugekiNoSoma,post,1554380889,neutral
b9ebad,ShokugekiNoSoma,post,1554392457,neutral
bi3q5m,Wellthatsucks,post,1556399863,negative
bicz2j,atheism,post,1556468691,negative
b8iwtl,cincinnati,post,1554210051,negative
b8q3kf,cincinnati,post,1554245158,neutral
b9i8mu,cincinnati,post,1554411249,negative
b9jexc,cincinnati,post,1554417456,negative
bb9vif,cincinnati,post,1554826678,neutral
bda4je,cincinnati,post,1555290790,negative
bc70oa,confession,post,1555027221,neutral
b86bwt,dank_meme,post,1554142509,negative
bcc0su,dank_meme,post,1555065424,neutral
bj3jzw,dankmemes,post,1556632294,neutral
b7uo9v,dankmemes,post,1554077073,negative
beyuht,dankmemes,post,1555678974,neutral
benwsm,dankmemes,post,1555606570,negative
bguikq,dankmemes,post,1556111945,neutral
bib1vn,dankmemes,post,1556456841,negative
bh7grz,dankmemes,post,1556191556,negative
bcfk30,dankmemes,post,1555086453,negative
batirp,dankmemes,post,1554728448,neutral
bh4yt8,dankmemes,post,1556170292,neutral
bfpyy3,dankmemes,post,1555860574,negative
beqejq,dankmemes,post,1555619747,negative
bgyx5x,dankmemes,post,1556134396,positive
bik9po,dankmemes,post,1556510199,neutral
bitd8b,dankmemes,post,1556564905,neutral
b7w66c,dankmemes,post,1554085762,negative
b87ct6,dankmemes,post,1554146549,negative
b8fx22,ddlg,post,1554189635,neutral
bi2bs4,dykesgonewild,post,1556391497,neutral
bcv3hd,eczema,post,1555188614,negative
bcef6y,marvelstudios,post,1555080555,positive
b9uly3,me_irl,post,1554487932,negative
betjw0,me_irl,post,1555637530,neutral
bgpcg2,me_irl,post,1556073900,negative
bgpd9w,me_irl,post,1556074040,negative
bhm2jw,me_irl,post,1556284096,neutral
bhstw8,me_irl,post,1556320746,negative
bdqt7m,memes,post,1555397716,negative
b7xlq1,memes,post,1554094746,negative
biq3pm,modhelp,post,1556548079,neutral
bh1ami,modhelp,post,1556146926,neutral
bigbgc,nba,post,1556487011,neutral
b93iu5,oculus,post,1554324577,neutral
bexa3j,quityourbullshit,post,1555666873,negative
b9myb1,redditrequest,post,1554439730,neutral
b9m5cl,redditrequest,post,1554434070,neutral
bbzib2,subredditcancer,post,1554987149,negative
ba54sf,teenagers,post,1554562779,negative
bdx76h,unpopularopinion,post,1555438422,neutral
bgmogq,unpopularopinion,post,1556058660,negative
bd24ot,worldpolitics,post,1555243835,negative
bj844f,Advice,post,1556655808,negative
b7v9ef,AnthemTheGame,post,1554080327,negative
b83jkp,AnthemTheGame,post,1554131060,negative
b8cyuq,AnthemTheGame,post,1554170590,neutral
b8hh5i,AnthemTheGame,post,1554201076,neutral
b8hjbr,AnthemTheGame,post,1554201478,neutral
b8mr0q,AnthemTheGame,post,1554228593,neutral
b8mvff,AnthemTheGame,post,1554229164,negative
b8x37d,AnthemTheGame,post,1554293168,negative
b8xlj3,AnthemTheGame,post,1554296181,neutral
bc484k,AnthemTheGame,post,1555011858,negative
bfkc04,AnthemTheGame,post,1555814852,neutral
bfkd71,AnthemTheGame,post,1555815096,negative
bfw8g6,AnthemTheGame,post,1555896247,negative
b9m409,AskHistorians,post,1554433819,positive
b86eid,AskOuija,post,1554142837,neutral
bdyd6j,AskReddit,post,1555444397,neutral
bg09nv,AutoModerator,post,1555927131,neutral
bawrtl,CasualConversation,post,1554745467,positive
bcaj6x,Cyberpunk,post,1555051826,neutral
bhlp27,DDLC,post,1556281557,neutral
bff87h,Drugs,post,1555783958,negative
bdphvg,EtikaRedditNetwork,post,1555387388,neutral
bdznto,EtikaRedditNetwork,post,1555451146,neutral
bbsjkx,Flyers,post,1554936355,neutral
bj3565,GoneWildTrans,post,1556629963,neutral
b9ktd4,MakeupAddiction,post,1554425807,neutral
b8fhtm,Minecraft,post,1554186686,negative
bfm7hg,Overwatch,post,1555829767,neutral
bbc2ae,PewdiepieSubmissions,post,1554837453,neutral
babit6,Rabbits,post,1554601728,neutral
bf6u2f,SubredditDrama,post,1555722989,negative
bi3t73,Trumpgret,post,1556400356,positive
bfjwru,WhyWereTheyFilming,post,1555812012,negative
bhg938,assholedesign,post,1556240012,negative
bc7ih8,cancer,post,1555030223,neutral
bj8fes,copypasta,post,1556657339,negative
bj1dm9,csshelp,post,1556617247,neutral
bb2djl,dank_meme,post,1554775822,neutral
bi6jlk,dankmemes,post,1556418018,neutral
b86zrh,dankmemes,post,1554145180,neutral
b7v8qj,dankmemes,post,1554080220,neutral
b7xe14,dankmemes,post,1554093370,neutral
bftzzg,dankmemes,post,1555882819,neutral
bfibuo,dankmemes,post,1555801878,positive
bfw52a,dankmemes,post,1555895671,negative
bg7xuy,dankmemes,post,1555969950,negative
b7y8av,dankmemes,post,1554098696,negative
bbbw9u,dankmemes,post,1554836654,negative
bbo7wj,dankmemes,post,1554914585,neutral
bbrvhj,dankmemes,post,1554932934,negative
bizjy6,darkjokes,post,1556601403,negative
bcbuz8,darkjokes,post,1555064129,negative
bbr4wt,darkjokes,post,1554929137,negative
bi1wim,darkjokes,post,1556389022,negative
baw6rk,dating_advice,post,1554742459,neutral
b938sx,dirtypenpals,post,1554323263,neutral
b831r9,goldenknights,post,1554128691,positive
bd0hgt,golf,post,1555227564,neutral
beqmvy,jailbreak,post,1555621028,negative
beqomr,jailbreak,post,1555621279,negative
bj9pr7,leagueoflegends,post,1556663683,positive
b7yvt3,leagueoflegends,post,1554103094,negative
b7yw33,leagueoflegends,post,1554103147,negative
b7yz1g,leagueoflegends,post,1554103730,neutral
b83nhe,leagueoflegends,post,1554131575,negative
b83o8v,leagueoflegends,post,1554131681,negative
b86hrv,leagueoflegends,post,1554143246,negative
b882a2,leagueoflegends,post,1554149220,negative
ba48sp,leagueoflegends,post,1554556944,negative
bab1oo,leagueoflegends,post,1554598409,negative
bab67g,leagueoflegends,post,1554599271,negative
bab8r4,leagueoflegends,post,1554599776,negative
bab9jb,leagueoflegends,post,1554599924,neutral
bcinh6,leagueoflegends,post,1555102166,neutral
bhcwzt,leagueoflegends,post,1556221311,negative
bhiwhq,leagueoflegends,post,1556258240,negative
bi9547,leagueoflegends,post,1556439705,negative
bhofu5,marvelstudios,post,1556296850,positive
bdv16n,marvelstudios,post,1555427390,positive
bgy9u3,memes,post,1556131147,positive
bg4xti,memes,post,1555954690,neutral
bdkjuw,memes,post,1555357733,neutral
bgh0q5,memes,post,1556029699,neutral
b8k5mh,rant,post,1554216413,negative
b9idqr,rant,post,1554411937,negative
bb0id2,rant,post,1554764832,negative
bb2ym1,rant,post,1554779520,negative
bb4ai2,rant,post,1554789158,negative
bcii1y,rant,post,1555101354,negative
bdrq23,rant,post,1555405602,negative
bg2r0s,rant,post,1555943353,negative
bizvx1,rant,post,1556604077,negative
bee34h,reddeadredemption,post,1555540770,negative
beekic,reddeadredemption,post,1555543640,negative
beeo9z,reddeadredemption,post,1555544251,negative
beev24,reddeadredemption,post,1555545403,negative
bh8wey,reddeadredemption,post,1556200430,negative
bfghnz,redditrequest,post,1555790933,neutral
b9y3ex,redditrequest,post,1554506330,neutral
betq2c,redditrequest,post,1555638647,neutral
b8umu1,redditrequest,post,1554274581,neutral
biq5xv,redditrequest,post,1556548429,neutral
bgbiap,redditrequest,post,1555990330,neutral
ba1lpu,redditsync,post,1554532436,neutral
bcjwj7,runescape,post,1555109150,negative
bcw58l,runescape,post,1555194849,negative
baq48c,teenagers,post,1554703203,negative
bi76we,teenagers,post,1556422710,neutral
bg4r45,teenagers,post,1555953758,neutral
bggzvt,trebuchetmemes,post,1556029565,neutral
b89q6y,udub,post,1554155374,negative
bi799i,unpopularopinion,post,1556423210,neutral
be9rh0,vancouver,post,1555518081,neutral
b9hhz9,wallstreetbets,post,1554407614,negative
b802aq,weekendgunnit,post,1554111722,negative
berfz0,wichita,post,1555625413,neutral
bab3t2,woooosh,post,1554598824,negative
b9wrqw,yourmomshousepodcast,post,1554498943,neutral
b8oi8q,AtlantaHawks,post,1554237118,neutral
bi4k39,FL_Studio,post,1556404903,neutral
barwd7,OnePiece,post,1554717458,negative
b9pv5h,PewdiepieSubmissions,post,1554462781,negative
bgbk04,PoliticalHumor,post,1555990624,neutral
b8ay43,SCP,post,1554160275,neutral
b864xy,SaintsFC,post,1554141683,positive
bebiqi,SanJoseSharks,post,1555527110,neutral
bd7s76,StopSelfHarm,post,1555276958,positive
begua8,TheSilphRoad,post,1555557748,neutral
b8o6zx,XXXTENTACION,post,1554235607,positive
bc46q8,amishadowbanned,post,1555011652,neutral
b90lc6,bakchodi,post,1554310874,neutral
bc3im2,brexit,post,1555008202,neutral
bgmxo4,changemyview,post,1556060059,negative
bigvlg,changemyview,post,1556490251,negative
b89rqr,copypasta,post,1554155548,negative
bdits3,dankmemes,post,1555349512,negative
be0d9d,dankmemes,post,1555455061,positive
bbzxqr,dankmemes,post,1554989669,negative
banw23,dankmemes,post,1554687848,neutral
bao2g4,dankmemes,post,1554689002,neutral
bfa1zd,dankmemes,post,1555748374,neutral
bca4hf,dankmemes,post,1555048365,negative
bck8ye,dankmemes,post,1555111188,negative
b7wrds,dankmemes,post,1554089361,neutral
b7xekf,dankmemes,post,1554093463,neutral
ba27nt,dankmemes,post,1554538265,negative
bh9bi3,dankmemes,post,1556202730,neutral
bc1400,dankmemes,post,1554995964,negative
b7x381,dankmemes,post,1554091512,negative
bh9c91,dankmemes,post,1556202844,positive
bf1d4j,dankmemes,post,1555692565,neutral
bcyjbx,dankmemes,post,1555210827,neutral
bhdcj7,dankmemes,post,1556223555,neutral
b7yapn,dankmemes,post,1554099115,negative
b7zky6,dankmemes,post,1554108224,neutral
ba504p,dankmemes,post,1554561997,negative
bgibpz,discordapp,post,1556036389,neutral
b9e6rx,gtaonline,post,1554391877,neutral
bf6rpf,hackintosh,post,1555722543,neutral
bd49n4,howto,post,1555258020,negative
bipd5i,indieheads,post,1556543760,negative
ba783g,legaladvice,post,1554574593,neutral
b9c1w1,meme,post,1554380689,neutral
b9dfyh,meme,post,1554388260,negative
be4c9y,meme,post,1555480710,neutral
bfq032,meme,post,1555860758,neutral
bg1em3,meme,post,1555935372,negative
bj92uf,meme,post,1556660486,neutral
bho47n,memes,post,1556295187,negative
bf5u9j,memes,post,1555716607,neutral
bdzkkd,memes,post,1555450658,positive
bhfahb,memes,post,1556234077,neutral
biaofu,mildlyinfuriating,post,1556454013,negative
bhq3hc,modhelp,post,1556305360,neutral
bhthhk,movies,post,1556324778,positive
bin20e,nintendo,post,1556526090,neutral
b8w5f8,pcgaming,post,1554286862,negative
bdd722,pcgaming,post,1555313054,negative
bfftyy,redditrequest,post,1555787269,neutral
b9nf4o,redditrequest,post,1554443348,neutral
bf8f1a,subredditcancer,post,1555734227,negative
b9e3lw,subredditcancer,post,1554391455,negative
bfut9e,teenagers,post,1555887513,negative
bh2q5w,unpopularopinion,post,1556155503,neutral
bhbld4,unpopularopinion,post,1556214418,negative
bba26d,wallstreetbets,post,1554827607,neutral
bhxj9e,AccidentalRenaissance,post,1556358386,neutral
bdhumr,AmItheAsshole,post,1555344752,neutral
bclg3d,AskHistorians,post,1555118952,negative
baf80g,BitcoinAll,post,1554635452,neutral
bc1jg6,BitcoinAll,post,1554998209,neutral
b9428z,BlackPeopleTwitter,post,1554327288,neutral
biwops,Braincels,post,1556582842,negative
bj83zj,Braincels,post,1556655787,negative
bgyqi0,Conservative,post,1556133468,negative
bgq07r,CringeAnarchy,post,1556077975,negative
ba40wk,DeepFriedMemes,post,1554555340,negative
b821pn,Fallout,post,1554123583,neutral
b8ceyl,FortNiteBR,post,1554167603,negative
b8s80b,FortNiteBR,post,1554257459,negative
b92h1y,FortNiteBR,post,1554319664,neutral
b9d5d1,FortNiteBR,post,1554386824,neutral
b9io3i,FortNiteBR,post,1554413396,negative
b9ktjv,FortNiteBR,post,1554425840,negative
b9wihs,FortNiteBR,post,1554497577,negative
b9y8ga,FortNiteBR,post,1554507206,neutral
ba9yk6,FortNiteBR,post,1554591042,negative
bad5s8,FortNiteBR,post,1554614305,neutral
baojrq,FortNiteBR,post,1554692094,negative
bbxugj,FortNiteBR,post,1554975338,negative
bbxv41,FortNiteBR,post,1554975490,negative
bbxw67,FortNiteBR,post,1554975730,negative
bbxwg1,FortNiteBR,post,1554975795,negative
bbxxe9,FortNiteBR,post,1554976006,negative
bc1r1j,FortNiteBR,post,1554999260,negative
bcbuit,FortNiteBR,post,1555064020,negative
bcvhsl,FortNiteBR,post,1555190924,neutral
bd74sa,FortNiteBR,post,1555273474,negative
bezl6j,FortNiteBR,post,1555683324,negative
bf19nc,FortNiteBR,post,1555692075,negative
bf27fw,FortNiteBR,post,1555696834,negative
bf7eqt,FortNiteBR,post,1555726835,negative
bfk9kd,FortNiteBR,post,1555814388,neutral
bfmfnz,FortNiteBR,post,1555831940,negative
bfrkfr,FortNiteBR,post,1555869377,negative
bfu0h0,FortNiteBR,post,1555882896,negative
bfuxwt,FortNiteBR,post,1555888275,negative
bg2pdz,FortNiteBR,post,1555943097,neutral
bg34j5,FortNiteBR,post,1555945399,negative
bg4h4i,FortNiteBR,post,1555952391,neutral
bg77g3,FortNiteBR,post,1555966168,neutral
bg8yps,FortNiteBR,post,1555975435,negative
bgdm2y,FortNiteBR,post,1556005414,negative
bgkd5u,FortNiteBR,post,1556046687,negative
bglum4,FortNiteBR,post,1556054221,negative
bgys8m,FortNiteBR,post,1556133715,negative
bhjf1c,FortNiteBR,post,1556262504,negative
bieimx,FortNiteBR,post,1556477293,negative
biejig,FortNiteBR,post,1556477432,negative
biryik,FortNiteBR,post,1556557678,negative
biyayv,FortNiteBR,post,1556592717,neutral
b9ttnk,GoneErotic,post,1554484061,neutral
bftniw,Ice_Poseidon,post,1555880875,negative
bhakdf,Ice_Poseidon,post,1556209199,negative
bdh31i,Justrolledintotheshop,post,1555341028,negative
b9e4r0,Memes_Of_The_Dank,post,1554391600,neutral
b9qdq2,Morrowind,post,1554466052,negative
bh9a35,Planetside,post,1556202514,negative
beowyv,Ripple,post,1555611792,neutral
b8bbkq,TaylorSwift,post,1554162048,neutral
bd5ybv,TheSilphRoad,post,1555267233,negative
bhw4jb,Vent,post,1556344447,negative
b96nzp,WatchRedditDie,post,1554342093,negative
bip7ji,asoiaf,post,1556542823,negative
be49wk,conspiracy,post,1555480170,negative
bberr6,dankmemes,post,1554851426,negative
bavdjz,dankmemes,post,1554738396,negative
bfkpmv,dankmemes,post,1555817546,neutral
bfkqa1,dankmemes,post,1555817674,neutral
bfksqc,dankmemes,post,1555818177,negative
b8kp5k,dankmemes,post,1554218989,negative
b8qfmo,conspiracy,post,1554247001,negative
b8q2wq,copypasta,post,1554245043,negative
b7z60q,dankmemes,post,1554105114,neutral
b7z9gh,dankmemes,post,1554105795,negative
bat6cc,dankmemes,post,1554726357,negative
baw8k0,dankmemes,post,1554742722,neutral
bbo6xl,dankmemes,post,1554914452,negative
bbogk8,dankmemes,post,1554915799,neutral
b81bmx,dankmemes,post,1554119728,negative
b7w7wg,dankmemes,post,1554086050,neutral
bbwzmw,dankmemes,post,1554967489,neutral
bclsy6,dankmemes,post,1555121408,negative
bbjjr5,dankmemes,post,1554884596,negative
bh4ovm,dankmemes,post,1556168208,neutral
bfjx2y,dankmemes,post,1555812067,neutral
b8i7k2,dankmemes,post,1554205977,negative
b7y6m0,dankmemes,post,1554098382,positive
b7y4er,dankmemes,post,1554097964,neutral
bbgipy,dankmemes,post,1554861766,negative
b7y9o8,dankmemes,post,1554098927,negative
bgir4n,dankmemes,post,1556038510,neutral
bbrnsc,darkjokes,post,1554931877,negative
bc9a6x,donaldglover,post,1555041755,neutral
bc59mw,golf,post,1555017283,neutral
b8ctyd,madlads,post,1554169866,neutral
bed6yr,marvelstudios,post,1555535990,positive
bdl45l,marvelstudios,post,1555360533,positive
bbgge4,memes,post,1554861387,neutral
bfdv9w,memes,post,1555776875,negative
bhhbj7,minnesotavikings,post,1556246806,neutral
bi47my,oaklandraiders,post,1556402782,negative
bebj2g,opieandanthony,post,1555527159,neutral
b8cqpx,redditrequest,post,1554169369,neutral
bdn6z4,redditrequest,post,1555372850,neutral
b8cbnj,redditrequest,post,1554167134,neutral
bg7v3i,redditrequest,post,1555969542,neutral
bilxeq,redditrequest,post,1556516499,neutral
b8ania,rutgers,post,1554159004,positive
bakqce,rutgers,post,1554668938,positive
bfqz3b,teenagers,post,1555866177,neutral
b9ro6t,teenagers,post,1554473488,neutral
b82w3s,teenagers,post,1554127927,neutral
b96u1w,teenagers,post,1554343107,positive
b9fsvm,2007scape,post,1554399433,positive
bi7g2g,Animemes,post,1556424673,neutral
bccx75,AskReddit,post,1555071733,negative
bihr5k,AskReddit,post,1556495688,neutral
bd6dkd,BlackPeopleTwitter,post,1555269378,neutral
bg7flq,ChapoTrapHouse,post,1555967333,negative
bgjywf,CringeAnarchy,post,1556044675,negative
bghz2m,CringeAnarchy,post,1556034655,neutral
bgm5lp,CringeAnarchy,post,1556055803,neutral
bgptl1,CringeAnarchy,post,1556076767,negative
bhwtui,Forex,post,1556351105,negative
bcwoo4,FreeSpeech,post,1555198116,negative
bedq0a,GiftofGames,post,1555538780,neutral
bh4atf,LivestreamFail,post,1556165370,neutral
bh4bdt,LivestreamFail,post,1556165484,negative
b9lbdm,NarcissisticAbuse,post,1554428838,negative
b7y5nj,RoastMyCar,post,1554098216,negative
bgypgy,The_Donald,post,1556133317,negative
bc6s54,TopMindsOfReddit,post,1555025727,neutral
bc95g1,TopMindsOfReddit,post,1555040788,negative
b8hzap,albania,post,1554204475,negative
bb0jo3,aspergers,post,1554765040,negative
bhm1wj,botwatch,post,1556283991,negative
be06bs,chinaglass,post,1555453947,positive
b9k3sm,copypasta,post,1554421502,negative
b89qxd,dankmemes,post,1554155455,negative
baruzb,dankmemes,post,1554717144,neutral
bdjpyv,dankmemes,post,1555353775,negative
b7wv9d,dankmemes,post,1554090069,negative
b7wyev,dankmemes,post,1554090670,negative
b7wzds,dankmemes,post,1554090844,negative
b7wzlt,dankmemes,post,1554090879,negative
b7wzqj,dankmemes,post,1554090902,negative
b7wzv9,dankmemes,post,1554090925,negative
b7wzyd,dankmemes,post,1554090944,negative
b7x0en,dankmemes,post,1554091028,negative
b7x0jd,dankmemes,post,1554091052,negative
b7x0n4,dankmemes,post,1554091071,negative
b7x53o,dankmemes,post,1554091832,neutral
befl4h,dankmemes,post,1555549804,negative
b83gql,dankmemes,post,1554130707,negative
bakukv,dankmemes,post,1554669592,negative
beiu4k,dankmemes,post,1555573560,neutral
b7w9x8,dankmemes,post,1554086393,negative
bezf8u,dankmemes,post,1555682417,negative
bb8bf5,dankmemes,post,1554818622,negative
bhy9eb,dankmemes,post,1556365314,negative
bh8g50,dankmemes,post,1556197828,neutral
bhpxcq,dankmemes,post,1556304470,positive
bglzq0,dankmemes,post,1556054957,negative
bfhhnw,dankmemes,post,1555796709,negative
bbpe1c,dankmemes,post,1554920297,negative
bcccyk,darkjokes,post,1555067920,negative
bc82cc,donaldglover,post,1555033648,negative
bc84cj,donaldglover,post,1555033992,negative
bih1ut,funny,post,1556491314,negative
bdjfg2,gameofthrones,post,1555352388,neutral
bdm0o9,help,post,1555366388,neutral
bcczle,homestuck,post,1555072175,negative
bftb0r,homestuck,post,1555878931,negative
b9tfw8,lgbt,post,1554482220,neutral
bipsoa,memes,post,1556546363,negative
biptcr,memes,post,1556546467,negative
b81pmz,memes,post,1554121791,neutral
bbo99r,modhelp,post,1554914779,neutral
bcnjlr,opieandanthony,post,1555135055,neutral
bdwglt,opieandanthony,post,1555434644,negative
bh78zu,redditrequest,post,1556189981,neutral
biipa6,redditrequest,post,1556501652,neutral
bgkn7e,redditrequest,post,1556048144,neutral
bho3pg,redditrequest,post,1556295111,neutral
bgjk58,redditrequest,post,1556042535,neutral
bf1xqv,stalker,post,1555695438,neutral
bbbzez,stlouisblues,post,1554837076,positive
beuy6z,teenagers,post,1555646847,negative
b8vy34,ukpolitics,post,1554285364,negative
bi5eql,youtube,post,1556410322,negative
b97p3a,Animemes,post,1554348479,neutral
b8r0zy,AskReddit,post,1554250416,neutral
b84kq4,BigCatGifs,post,1554135794,negative
b84zg1,BigCatGifs,post,1554137723,negative
bedkre,Cityofheroes,post,1555538034,neutral
bgjm6f,CringeAnarchy,post,1556042821,neutral
bdeplv,FashionReps,post,1555326599,neutral
bh28ju,FortNiteBR,post,1556152552,negative
bgc9he,FortNiteBR,post,1555995128,negative
bh8kda,FortNiteBR,post,1556198515,neutral
bfreqa,GBA4iOS,post,1555868524,negative
bc3m29,LGBTeens,post,1555008698,neutral
b8a5rt,Minecraft,post,1554157133,neutral
b93kyh,Monstercat,post,1554324869,neutral
bg6eew,Naruto,post,1555962070,positive
bg0r64,PewdiepieSubmissions,post,1555931031,neutral
bhvm03,PewdiepieSubmissions,post,1556339977,neutral
bfxobf,PewdiepieSubmissions,post,1555905459,neutral
b84sfx,PrequelMemes,post,1554136806,neutral
b8m88l,The_Donald,post,1554226129,positive
bd2229,Warthunder,post,1555243229,neutral
bii5wx,Warthunder,post,1556498193,negative
biittz,Warthunder,post,1556502518,negative
biywte,Warthunder,post,1556596792,negative
bhrn6g,Warthunder,post,1556313816,negative
bg4d9e,assassinscreed,post,1555951840,neutral
ba1qmj,beerporn,post,1554533713,neutral
bedzui,boardgames,post,1555540269,neutral
bb6wyp,brakebills,post,1554810230,neutral
be1q24,dankmemes,post,1555463028,negative
b9lsq4,dankmemes,post,1554431801,negative
bawkqo,dankmemes,post,1554744431,negative
bfi402,dankmemes,post,1555800482,negative
bbbtrs,dankmemes,post,1554836330,neutral
bhrkzw,dankmemes,post,1556313473,neutral
bhy2tq,dankmemes,post,1556363700,positive
bfqigy,dankmemes,post,1555863655,neutral
bbit6d,dankmemes,post,1554878176,neutral
bhrpt1,dankmemes,post,1556314239,neutral
b80tjv,dankmemes,post,1554116729,negative
b8ssvk,dankmemes,post,1554261005,negative
b8kafo,dankmemes,post,1554217070,negative
b9upgm,dankmemes,post,1554488415,negative
bale1y,dankmemes,post,1554672657,neutral
bcy0q2,dankmemes,post,1555207113,negative
bcy3n8,dankmemes,post,1555207681,negative
bfd01e,dankmemes,post,1555772007,negative
bhl63m,dankmemes,post,1556277611,positive
b7wcdl,dankmemes,post,1554086800,neutral
bd43ty,dankmemes,post,1555257105,neutral
b83r4e,dankmemes,post,1554132036,positive
bc6snk,darkjokes,post,1555025819,negative
b9ro50,darkjokes,post,1554473482,neutral
bi5kyl,findareddit,post,1556411464,neutral
bbwcql,funny,post,1554962322,negative
b99589,greenville,post,1554358817,neutral
bb39tc,ideasfortheadmins,post,1554781640,neutral
bfq5ko,india,post,1555861659,neutral
bhomag,magicTCG,post,1556297776,negative
be16bz,marvelstudios,post,1555459762,positive
b7wmlz,memes,post,1554088528,negative
bamx0q,memes,post,1554681603,negative
bd66is,needamod,post,1555268400,neutral
b9593k,redditrequest,post,1554333709,neutral
bdpef5,redditrequest,post,1555386719,neutral
bcxn8l,redditrequest,post,1555204477,neutral
b99y04,redditrequest,post,1554364924,neutral
bbent8,redditrequest,post,1554850802,neutral
bei6ic,samharris,post,1555567834,negative
beqnii,samharris,post,1555621122,negative
bhkxwd,samharris,post,1556275906,negative
bi9azr,samharris,post,1556441364,neutral
be6dwt,transformers,post,1555498593,negative
bcf91m,unpopularopinion,post,1555084867,negative
bimahf,unpopularopinion,post,1556519339,negative
bh56ip,unpopularopinion,post,1556172131,neutral
bco6k2,AnimalTextGifs,post,1555141024,neutral
bb837x,AskOuija,post,1554817356,neutral
batuj6,AutoModerator,post,1554730301,neutral
bb2ee8,Braincels,post,1554775971,negative
b971ka,Catholicism,post,1554344358,neutral
bdx2gg,Comcast_Xfinity,post,1555437755,neutral
bglrya,CringeAnarchy,post,1556053850,neutral
bf2psq,FortNiteBR,post,1555699454,negative
bcfqj5,FortniteBattleRoyale,post,1555087400,neutral
b9r1vf,Ice_Poseidon,post,1554469989,negative
ba51ju,IndianCountry,post,1554562246,positive
bc6m8c,ModSupport,post,1555024725,negative
ba7916,Neverbrokeabone,post,1554574731,negative
b8mijc,RandomKindness,post,1554227515,neutral
bc3sld,SandersForPresident,post,1555009603,neutral
bfbik1,Showerthoughts,post,1555761980,neutral
b9rm46,WatchRedditDie,post,1554473180,negative
b89cff,anime,post,1554153863,neutral
bhkyg5,brasil,post,1556276024,negative
bbf9z1,copypasta,post,1554854333,negative
bhcdkc,dank_meme,post,1556218495,neutral
b7yo48,dankmemes,post,1554101669,neutral
baw9mb,dankmemes,post,1554742878,neutral
bbvynr,dankmemes,post,1554957642,negative
bc0kmo,dankmemes,post,1554993143,negative
bhhwgu,dankmemes,post,1556250750,negative
b8sao1,dankmemes,post,1554257885,negative
bg9x26,dankmemes,post,1555980896,negative
bdzvnt,dankmemes,post,1555452299,neutral
bh7zka,dankmemes,post,1556195028,neutral
bhpi7j,dankmemes,post,1556302267,negative
bdh4r8,dankmemes,post,1555341280,negative
bcutu5,dankmemes,post,1555187118,positive
b7xmyv,dankmemes,post,1554094955,negative
bc8y7s,dankmemes,post,1555039371,neutral
bbxedo,darkjokes,post,1554971256,negative
bc7pqv,darkjokes,post,1555031485,negative
bctkb8,discordapp,post,1555180174,neutral
bcp6eg,ghostnipples,post,1555151263,negative
bcnygf,gtaonline,post,1555138856,neutral
b9g4jn,help,post,1554401040,neutral
be8nsx,help,post,1555512443,neutral
biw0nv,ideasfortheadmins,post,1556578842,negative
bgtses,insanepeoplefacebook,post,1556107535,negative
bg59pq,islam,post,1555956351,neutral
b9jzje,memes,post,1554420809,positive
b8561m,memes,post,1554138541,negative
bczqmk,mildlyinfuriating,post,1555220596,negative
be8wj0,pathofexile,post,1555513721,negative
be5fxs,redditrequest,post,1555490594,neutral
bcz3gf,redditrequest,post,1555215165,neutral
bcw1sn,redditrequest,post,1555194272,neutral
bize7w,redditrequest,post,1556600206,neutral
bh7bj3,redditrequest,post,1556190482,neutral
b8ox0f,redditrequest,post,1554239124,neutral
b8cwko,redditrequest,post,1554170253,neutral
bge4f9,rugbyunion,post,1556009891,neutral
bac509,samsung,post,1554606182,negative
b85xwe,subredditcancer,post,1554141154,negative
bgm6zn,trashy,post,1556056026,negative
bbtuzv,unpopularopinion,post,1554943926,negative
bczjlp,3Dprinting,post,1555218899,negative
bb4xzk,ABCDesis,post,1554794369,negative
b84d9h,CFB,post,1554134843,neutral
bg5dee,CFB,post,1555956878,neutral
b9xr08,Comcast_Xfinity,post,1554504307,neutral
bdw65m,HealthInsurance,post,1555433183,negative
b8piid,JUSTNOMIL,post,1554242068,neutral
bbmqbx,PewdiepieSubmissions,post,1554906832,negative
bfqjay,TalesFromTheFrontDesk,post,1555863775,negative
bfzycc,Watches,post,1555924459,neutral
b8onxe,balisong,post,1554237892,neutral
bhm7fs,borrow,post,1556284909,neutral
bfkeag,dankmemes,post,1555815305,negative
bgegwo,dankmemes,post,1556012844,negative
bia70t,dankmemes,post,1556449986,negative
bg5f5t,dankmemes,post,1555957126,negative
bedzk4,dankmemes,post,1555540225,positive
bdrp52,dankmemes,post,1555405392,negative
bei1at,dankmemes,post,1555566670,negative
bi0ff1,dankmemes,post,1556380437,positive
b7wigh,dankmemes,post,1554087816,negative
b7uuqi,dankmemes,post,1554077963,negative
b7zrpi,dankmemes,post,1554109611,neutral
bhg1ha,dankmemes,post,1556238643,neutral
bety4m,dankmemes,post,1555640078,negative
bhawzq,dankmemes,post,1556210998,positive
bfi9x2,dankmemes,post,1555801529,positive
baj8o2,dankmemes,post,1554660955,negative
bfm9zi,dankmemes,post,1555830401,neutral
bfnsvk,dankmemes,post,1555845478,positive
b83v22,dankmemes,post,1554132532,negative
biafhx,dankmemes,post,1556452062,negative
bfhrvo,environment,post,1555798402,neutral
bb3ao1,future_fight,post,1554781802,negative
biejbs,gameofthrones,post,1556477406,positive
bfwhga,gonewildcurvy,post,1555897852,positive
bed6xf,help,post,1555535984,neutral
b9q08j,japan,post,1554463692,neutral
bbpy1p,madlads,post,1554923060,neutral
bc3yxz,madlads,post,1555010507,neutral
bc6lq0,madlads,post,1555024637,neutral
baptp7,memes,post,1554700990,negative
b9huw2,minnesotatwins,post,1554409377,neutral
bf296g,nba,post,1555697075,neutral
bj2vvh,rant,post,1556628438,negative
bfvbam,redditrequest,post,1555890582,neutral
b9lduz,redditrequest,post,1554429260,negative
bfgtrc,redditrequest,post,1555792840,neutral
bc5wc8,redditrequest,post,1555020630,neutral
b9jih3,redditrequest,post,1554418006,neutral
b9kr7b,redditrequest,post,1554425415,neutral
bd5g5y,redditrequest,post,1555264624,neutral
bdti8y,redditrequest,post,1555418701,neutral
b9xb57,redditrequest,post,1554501827,neutral
bgdg64,redditrequest,post,1556004094,neutral
ba79o7,sadcringe,post,1554574831,negative
bem71s,theocho,post,1555597691,neutral
bato9u,war,post,1554729297,neutral
bcg958,ADHD,post,1555089972,neutral
bg7fcm,CringeAnarchy,post,1555967296,negative
bflfql,GlobalOffensive,post,1555823039,neutral
bf6rez,HistoryMemes,post,1555722486,negative
bbnjn6,JustUnsubbed,post,1554911164,negative
behg1a,Juve,post,1555562000,negative
bgb4aw,Pegging,post,1555987993,neutral
b83408,PewdiepieSubmissions,post,1554128993,neutral
b8eepw,PrequelMemes,post,1554179310,neutral
babfta,SCJerk,post,1554601145,negative
b9y9kw,Showerthoughts,post,1554507398,negative
bib6ep,Showerthoughts,post,1556457758,neutral
b88m8v,StarTrekDiscovery,post,1554151226,neutral
bhj42e,StarTrekDiscovery,post,1556259993,neutral
beq1u4,Target,post,1555617813,neutral
bhdz0j,The_Donald,post,1556226769,neutral
b8p1kx,antinatalism,post,1554239752,negative
bh4bbd,dankmemes,post,1556165469,neutral
bhr91y,dankmemes,post,1556311632,positive
bgwj5c,dankmemes,post,1556122448,negative
bauytv,dankmemes,post,1554736325,neutral
bbq0zk,dankmemes,post,1554923475,negative
b9q5oj,dankmemes,post,1554464681,negative
bhmadx,dankmemes,post,1556285396,negative
bd65pf,dankmemes,post,1555268284,negative
b7xpxr,dankmemes,post,1554095442,neutral
b7vpcq,dankmemes,post,1554082985,negative
b81efw,dankmemes,post,1554120165,neutral
be7by1,dankmemes,post,1555504949,negative
bbyeaa,dankmemes,post,1554979645,negative
bicnaw,dankmemes,post,1556466867,negative
bfjkvl,dankmemes,post,1555809882,neutral
bfowv3,dankmemes,post,1555854097,negative
bgik5b,dankmemes,post,1556037559,negative
b7z84e,dankmemes,post,1554105530,negative
bfoo0m,dankmemes,post,1555852413,negative
bcdi5h,darkjokes,post,1555075329,negative
bfji0k,dfsports,post,1555809383,neutral
bccm5v,ethtrader,post,1555069726,neutral
bh7dbd,exmuslim,post,1556190850,neutral
b7ytim,fireemblem,post,1554102653,negative
bfbhb0,help,post,1555761713,neutral
bf8uag,iamverybadass,post,1555737560,negative
bc1qgb,indianapolis,post,1554999178,neutral
bc8i3p,internetparents,post,1555036345,neutral
bcoaot,leagueoflegends,post,1555142226,negative
bb1sus,legaladvice,post,1554772346,negative
bbdxl0,legaladvice,post,1554846827,neutral
b8o5ww,lgbt,post,1554235467,negative
bb2btz,memes,post,1554775521,neutral
b87wq1,memes,post,1554148685,negative
b8opq8,memes,post,1554238135,neutral
bc9c2y,mildlyvagina,post,1555042137,negative
bh5rgh,modeveryone,post,1556177010,neutral
be1ya4,queen,post,1555464426,negative
bfzby9,racism,post,1555918887,negative
bg2yoy,redditrequest,post,1555944536,neutral
bh8d9z,redditrequest,post,1556197376,neutral
bd3icq,redditrequest,post,1555253535,neutral
bgd7ul,redditrequest,post,1556002301,neutral
ba3utv,sbubby,post,1554554009,neutral
bbu9og,sbubby,post,1554946407,neutral
b8m6il,thedivision,post,1554225903,negative
bit5zi,thedivision,post,1556563886,neutral
b9vi2s,ukraine,post,1554492371,negative
bbaaxb,unpopularopinion,post,1554828763,negative
bfgail,wallstreetbets,post,1555789843,negative
b8c9l0,AskOuija,post,1554166835,neutral
bgr16h,Assistance,post,1556085165,neutral
bftorx,Astroneer,post,1555881072,neutral
bbh9nh,BodyAcceptance,post,1554866583,positive
bcxe4r,Brawlstars,post,1555202735,neutral
bd0zdx,Brawlstars,post,1555232781,neutral
bggf7u,Brawlstars,post,1556026370,neutral
bh84qo,Brawlstars,post,1556195943,neutral
bhkk1y,Brawlstars,post,1556272718,negative
bd30e4,ChapoTrapHouse,post,1555250410,neutral
bemhw9,Cityofheroes,post,1555599308,neutral
ba9a6q,Cloud9,post,1554586810,neutral
bhb7rr,CrazyIdeas,post,1556212484,neutral
bgp5v8,CringeAnarchy,post,1556072822,negative
bgf261,CringeAnarchy,post,1556017568,negative
bgkuk5,CringeAnarchy,post,1556049191,negative
bdex75,GenderCritical,post,1555328161,neutral
babmye,LeagueOfMeta,post,1554602511,negative
b9hz2x,NintendoSwitch,post,1554409940,negative
bb4una,NoStupidQuestions,post,1554793650,neutral
badh0e,PewdiepieSubmissions,post,1554617169,neutral
bdurgb,Seahawks,post,1555425966,negative
be9jbj,Seahawks,post,1555516944,negative
bbctnn,Seaofthieves,post,1554841214,negative
beuv1w,Showerthoughts,post,1555646252,negative
bdi3z5,Showerthoughts,post,1555345977,negative
bbgja5,SquaredCircle,post,1554861856,negative
bbqxeo,SuicideWatch,post,1554928050,positive
bf2zw5,Swingers,post,1555700905,positive
bbkazk,TopMindsOfReddit,post,1554891267,negative
bgik6g,aspergers,post,1556037563,neutral
b8bx23,conspiracy,post,1554165014,negative
bamch5,conspiracy,post,1554678110,neutral
bdfyg4,conspiracy,post,1555334791,negative
bdywuw,conspiracy,post,1555447204,neutral
be9hqh,conspiracy,post,1555516740,negative
bgobsm,conspiracy,post,1556068031,neutral
bhwza3,conspiracy,post,1556352712,negative
ba1f6s,dank_meme,post,1554530804,negative
b8m2fu,dank_meme,post,1554225364,negative
b9ixak,dank_meme,post,1554414792,neutral
b9wz15,dank_meme,post,1554500020,negative
ba9un0,dank_meme,post,1554590342,neutral
baeced,dank_meme,post,1554626459,negative
bb26n2,dank_meme,post,1554774658,negative
bbigzu,dank_meme,post,1554875449,neutral
bc5djt,dank_meme,post,1555017841,neutral
bcs4at,dank_meme,post,1555172057,negative
bcx7y9,dank_meme,post,1555201577,negative
bed3op,dank_meme,post,1555535484,neutral
bei3v7,dank_meme,post,1555567250,negative
benjjm,dank_meme,post,1555604679,negative
bgg9zh,dank_meme,post,1556025501,negative
bgnsjm,dank_meme,post,1556064931,negative
bhx1tx,dank_meme,post,1556353457,negative
bi006z,dank_meme,post,1556377873,neutral
bi0n0d,dank_meme,post,1556381652,positive
bi274s,dank_meme,post,1556390733,neutral
bi2co2,dank_meme,post,1556391644,neutral
bdxyi3,dankmemes,post,1555442287,negative
bi79te,dankmemes,post,1556423326,neutral
b7vljc,dankmemes,post,1554082332,negative
bcfb6g,dankmemes,post,1555085166,negative
bcgldc,dankmemes,post,1555091660,neutral
beapiw,dankmemes,post,1555522925,positive
bbmlo3,dankmemes,post,1554906112,negative
bcjy34,dankmemes,post,1555109403,negative
bhawk4,dankmemes,post,1556210939,positive
be3f6y,dankmemes,post,1555473801,neutral
b843ha,dankmemes,post,1554133594,neutral
bh2iii,dankmemes,post,1556154216,negative
b7x4aa,dankmemes,post,1554091690,negative
bhc0le,femalefashionadvice,post,1556216625,neutral
bcu3gp,forhonor,post,1555183041,negative
b9lz29,laravel,post,1554432942,neutral
b7y24r,mac,post,1554097551,negative
bi8dar,memes,post,1556432283,positive
bhhwrc,moviescirclejerk,post,1556250813,negative
b8b1vv,pics,post,1554160755,negative
bfgtgh,redditrequest,post,1555792790,neutral
bhg2as,redditrequest,post,1556238799,neutral
bf717d,redditrequest,post,1555724303,neutral
b845ic,redditrequest,post,1554133860,neutral
bea8eg,redditrequest,post,1555520527,neutral
ba98r4,redditrequest,post,1554586571,neutral
bfd7ka,subredditcancer,post,1555773192,negative
bahmh7,teenagers,post,1554652283,positive
b967zf,teenagers,post,1554339398,neutral
bhn922,tf2memes,post,1556290713,negative
bcy8wj,unpopularopinion,post,1555208721,negative
biqmyy,unpopularopinion,post,1556550977,negative
bfs1kh,winnipegjets,post,1555871952,positive
bguupg,2007scape,post,1556113828,neutral
bimlc2,2007scape,post,1556521810,neutral
bcj4e2,4chan,post,1555104736,negative
b8zqzb,ABCDesis,post,1554306935,negative
bbuiw7,ABDL,post,1554947995,neutral
bdionr,AccidentalRenaissance,post,1555348832,neutral
bbc1nw,Animemes,post,1554837375,negative
bgprsw,AskReddit,post,1556076466,neutral
bgucg1,AskReddit,post,1556110992,neutral
bbhnm7,AskReddit,post,1554869289,neutral
bbyhxx,AskReddit,post,1554980410,neutral
ba1kmh,AskReddit,post,1554532165,negative
bh1tzb,Brawlstars,post,1556150112,negative
bio08m,Brawlstars,post,1556534528,negative
bht2gt,CFB,post,1556322242,neutral
bbj3gq,DebateAChristian,post,1554880502,negative
b8eupi,HorriblyDepressing,post,1554182327,neutral
baq055,OldSchoolCool,post,1554702323,negative
bhj2sh,PewdiepieSubmissions,post,1556259688,neutral
be0mdo,PoliticalVideo,post,1555456501,negative
be0qfp,PoliticalVideo,post,1555457177,negative
baonjj,RPGdesign,post,1554692781,positive
bij98l,ShadowBan,post,1556505327,neutral
bipzzn,Throwers,post,1556547503,negative
bczxen,battlestations,post,1555222236,negative
b9i8ps,cactus,post,1554411260,neutral
bansng,cats,post,1554687245,neutral
baj292,dank_meme,post,1554660049,negative
bi5w5n,dankmemes,post,1556413506,positive
bg67ur,dankmemes,post,1555961148,negative
bg6dai,dankmemes,post,1555961905,negative
bc78qb,dankmemes,post,1555028555,neutral
b84m33,dankmemes,post,1554135972,negative
bhkr2c,dankmemes,post,1556274345,negative
b7x8q7,dankmemes,post,1554092444,neutral
b87t9n,dankmemes,post,1554148345,negative
bgm5vq,dankmemes,post,1556055850,neutral
b8hbiv,dankmemes,post,1554200009,negative
bj5i3g,dankmemes,post,1556642574,neutral
bft0wv,dankmemes,post,1555877379,neutral
bd4ghh,dankmemes,post,1555259064,neutral
badt8c,dankmemes,post,1554620469,negative
begd7d,dankmemes,post,1555554688,negative
bfp9ee,dankmemes,post,1555856341,neutral
bfpfy1,dankmemes,post,1555857449,negative
bfq1yh,dankmemes,post,1555861071,negative
b8nmbq,dankmemes,post,1554232802,neutral
bcp2zc,dankmemes,post,1555150342,neutral
bdt83k,dankmemes,post,1555416935,negative
bekonp,dankmemes,post,1555588803,negative
b89lmv,dankmemes,post,1554154846,negative
b836ts,dankmemes,post,1554129372,neutral
b9ktd6,darkjokes,post,1554425808,negative
bedmx9,darkjokes,post,1555538366,neutral
bamlju,detroitlions,post,1554679633,neutral
bi3lkw,formula1,post,1556399093,neutral
bdlien,horror,post,1555363751,neutral
bbia34,memes,post,1554873935,neutral
bdawdr,nba,post,1555295454,negative
bi33z1,offmychest,post,1556396144,negative
be1lok,opieandanthony,post,1555462303,negative
be1mez,portugal,post,1555462422,negative
bfwbnw,racism,post,1555896810,negative
b8bb6q,redditrequest,post,1554161993,neutral
bajr5m,redditrequest,post,1554663635,neutral
babi74,relationships,post,1554601609,negative
babli5,relationships,post,1554602255,negative
bcv4it,teenagers,post,1555188765,neutral
b9cos2,washingtonwizards,post,1554384405,neutral
bb2jev,AmItheAsshole,post,1554776829,negative
bf3p9c,AnthemTheGame,post,1555704600,negative
bdfcb9,AnthemTheGame,post,1555331042,negative
bgl6l3,AskReddit,post,1556050858,negative
b869q1,CalamariRaceTeam,post,1554142226,negative
bf9zd2,CasualUK,post,1555747681,neutral
bbfact,ChapoTrapHouse,post,1554854397,neutral
bglivm,CringeAnarchy,post,1556052592,neutral
bhfvhs,FFBraveExvius,post,1556237591,neutral
bh8js0,FORTnITE,post,1556198424,neutral
b8einv,FullmetalAlchemist,post,1554180067,neutral
batncf,Gymnastics,post,1554729145,neutral
b842f9,Libertarian,post,1554133462,neutral
bdl31e,MortalKombat,post,1555360388,neutral
bj4v2f,OpenBazaar,post,1556639322,negative
bhfae4,PewdiepieSubmissions,post,1556234065,neutral
bcknjb,ShadowBanned,post,1555113792,negative
b83517,Warthunder,post,1554129131,neutral
b9g4dc,bestof,post,1554401014,positive
bggtgg,btc,post,1556028554,neutral
b9d9m4,dankmemes,post,1554387391,neutral
bhabqe,dankmemes,post,1556207992,neutral
b81y80,dankmemes,post,1554123069,negative
b82hqu,dankmemes,post,1554125854,neutral
bergxl,dankmemes,post,1555625554,negative
bi4fsy,dankmemes,post,1556404173,neutral
bf6fxo,dankmemes,post,1555720400,positive
basli4,dankmemes,post,1554722733,negative
bgw1ko,dankmemes,post,1556120007,negative
b7un3i,dankmemes,post,1554076918,negative
bhhh0k,dankmemes,post,1556247811,neutral
bhpa9s,dankmemes,post,1556301130,neutral
bfx2jb,dankmemes,post,1555901522,negative
bh9vrt,dankmemes,post,1556205667,negative
be9w9o,dankmemes,post,1555518777,neutral
bfmi54,dankmemes,post,1555832629,negative
bj7nvw,dankmemes,post,1556653581,negative
bi1jsh,dankmemes,post,1556386973,negative
bbqupk,darkjokes,post,1554927651,neutral
bddazu,discordapp,post,1555314130,negative
bc6tjo,lakers,post,1555025976,negative
b9q2zy,memes,post,1554464184,neutral
b8nnbw,normalnudes,post,1554232935,negative
bblonq,normalnudes,post,1554900960,neutral
bgfnm7,normalnudes,post,1556021659,neutral
bhp99a,normalnudes,post,1556300972,neutral
bej0lu,redditrequest,post,1555575264,neutral
bgwaz0,redditrequest,post,1556121329,neutral
bfeg2p,redditrequest,post,1555779870,neutral
ba7q31,request,post,1554577419,neutral
bcz19g,teenagers,post,1555214671,negative
bekxmo,teenagers,post,1555590407,neutral
biegca,teenagers,post,1556476934,positive
begawf,teenagers,post,1555554277,neutral
bese03,teenagers,post,1555630473,positive
bh3wqk,teslamotors,post,1556162761,negative
b97oa2,thebachelor,post,1554348335,neutral
bhfr3s,unpopularopinion,post,1556236853,negative
bhg1cy,unpopularopinion,post,1556238623,negative
bc51u9,vegan,post,1555016123,negative
bgxr41,2007scape,post,1556128515,negative
bh0lnm,4chan,post,1556143125,negative
b8sklu,AtlantaUnited,post,1554259605,negative
bf73j1,ColoradoRockies,post,1555724719,neutral
bdrayt,CringeAnarchy,post,1555401747,negative
bg077o,CringeAnarchy,post,1555926546,negative
bgco33,CringeAnarchy,post,1555998050,negative
bgdqwk,CringeAnarchy,post,1556006559,neutral
bgjh4o,Cumtown,post,1556042124,negative
bb02qr,Drama,post,1554762451,neutral
b818wn,Drama,post,1554119287,negative
bbq3l5,Drama,post,1554923832,negative
bg14cp,DuelLinks,post,1555933562,negative
biz4yy,FortNiteBR,post,1556598340,negative
bhkez7,FrankOcean,post,1556271480,neutral
bf2xmf,FunnyandSad,post,1555700571,neutral
bbdipt,Games,post,1554844676,negative
b8swnr,JoeRogan,post,1554261671,negative
b898gr,JusticeServed,post,1554153437,negative
bchp08,JusticeServed,post,1555097104,negative
bgx89e,KnightsOfPineapple,post,1556125881,positive
betmqe,MGTOW,post,1555638044,negative
bgil3r,ModSupport,post,1556037689,neutral
be05p3,NoStupidQuestions,post,1555453850,negative
bbvsj7,OregonStateUniv,post,1554956372,negative
bab2cd,PewdiepieSubmissions,post,1554598538,neutral
b8ld7j,PewdiepieSubmissions,post,1554222110,neutral
ba92dh,Showerthoughts,post,1554585477,negative
bgi6t4,SubredditSimMeta,post,1556035709,neutral
b80pzv,WatchRedditDie,post,1554116104,negative
beal9y,WhitePeopleTwitter,post,1555522321,negative
bgcigk,birdswitharms,post,1555996887,negative
bh5akj,birdswitharms,post,1556173062,negative
biotyk,confession,post,1556540445,negative
b8on53,copypasta,post,1554237781,negative
bh99m0,dankmemes,post,1556202440,positive
b7xt28,dankmemes,post,1554095970,positive
bixpgz,dankmemes,post,1556589050,neutral
b7v7z2,dankmemes,post,1554080086,negative
bfuy0h,dankmemes,post,1555888294,neutral
bh96w3,dankmemes,post,1556202017,neutral
bh9iwg,dankmemes,post,1556203800,neutral
ba55al,dankmemes,post,1554562856,neutral
b7uowg,dankmemes,post,1554077167,negative
b7v55w,dankmemes,post,1554079607,negative
b7wnt4,dankmemes,post,1554088744,negative
bfkp13,dankmemes,post,1555817422,negative
baus18,dankmemes,post,1554735357,neutral
b7w7l8,dankmemes,post,1554085998,neutral
b7xa8u,dankmemes,post,1554092711,neutral
bdhlko,dankmemes,post,1555343620,negative
bf2ntg,dankmemes,post,1555699178,neutral
b7x3fa,dankmemes,post,1554091545,negative
bdv62r,dankmemes,post,1555428081,negative
b7x050,dankmemes,post,1554090980,negative
bbrs4u,darkjokes,post,1554932482,negative
bckbpb,darkjokes,post,1555111655,negative
bbx4to,darkjokes,post,1554968806,neutral
bclh9v,darkjokes,post,1555119175,neutral
bggpho,ems,post,1556027976,positive
b87ju5,gaming,post,1554147334,neutral
be612u,gangplankmains,post,1555495753,neutral
bh223c,gay,post,1556151449,negative
beshfx,leagueoflegends,post,1555631050,negative
besid1,leagueoflegends,post,1555631203,negative
barneh,linguistics,post,1554715334,neutral
bbjlna,memes,post,1554885103,neutral
bgiqn1,memes,post,1556038437,neutral
bg6a49,metacanada,post,1555961474,negative
bcv6yp,onionhate,post,1555189162,negative
baq8xx,perth,post,1554704176,neutral
bc1sy9,pokemongo,post,1554999534,negative
babbx9,progressive,post,1554600385,negative
bi5e8l,quityourbullshit,post,1556410236,neutral
bapo3x,rant,post,1554699880,negative
bilccp,redditrequest,post,1556514168,neutral
bh2fdu,redditrequest,post,1556153696,neutral
bifm6s,redditrequest,post,1556483130,neutral
bevmzv,redditrequest,post,1555652166,neutral
bb9h05,2007scape,post,1554824688,negative
bfup8p,AnthemTheGame,post,1555886822,negative
bd7mif,AskOuija,post,1555276098,neutral
bdhasm,AskOuija,post,1555342142,negative
bbz5wm,Braincels,post,1554984945,negative
bis23q,Brawlstars,post,1556558189,neutral
bh4ass,Browns,post,1556165367,neutral
befde2,Christianity,post,1555548516,neutral
bdzjyd,EnoughLibertarianSpam,post,1555450565,negative
bgnnxb,HungryArtists,post,1556064179,neutral
bia28n,Libertarian,post,1556448807,negative
bh4bo9,LivestreamFail,post,1556165538,neutral
bdjrin,MaddenMobileForums,post,1555353978,positive
bdqni3,ModSupport,post,1555396387,neutral
bgt2co,ShitLiberalsSay,post,1556102574,neutral
bhvo7v,Terraria,post,1556340487,positive
b8wkh9,bakchodi,post,1554289764,negative
bff2ja,confessions,post,1555783133,neutral
bd3frd,crochet,post,1555253090,neutral
b7us9t,dankmemes,post,1554077618,negative
b7uwpw,dankmemes,post,1554078266,negative
bbgzn9,dankmemes,post,1554864751,neutral
bh5luu,dankmemes,post,1556175704,negative
bipbk6,dankmemes,post,1556543502,positive
b84qcx,dankmemes,post,1554136533,neutral
b7x42m,dankmemes,post,1554091652,negative
b7yjj3,dankmemes,post,1554100771,negative
b88c8e,dankmemes,post,1554150226,neutral
bgpz6l,dankmemes,post,1556077782,neutral
bg88vj,dankmemes,post,1555971578,positive
bb84qb,dankmemes,post,1554817588,negative
bcpyzu,dankmemes,post,1555158357,neutral
bj794r,dankmemes,post,1556651445,negative
bi19d0,dankmemes,post,1556385308,neutral
bb8ztj,dankmemes,post,1554822227,neutral
bi297w,dankmemes,post,1556391087,negative
bitx73,dankmemes,post,1556567762,negative
b9914v,dankmemes,post,1554357998,negative
bayy1s,dankmemes,post,1554756509,neutral
bc6lpf,dankmemes,post,1555024635,negative
bdbff5,dankmemes,post,1555298670,negative
bdo8gg,dankmemes,post,1555379156,negative
b9xetd,dankmemes,post,1554502387,negative
b9aelk,dankmemes,post,1554368895,negative
b9afld,dankmemes,post,1554369124,negative
bbputh,dankmemes,post,1554922628,negative
bcy9so,dankmemes,post,1555208895,neutral
bhfdhg,dankmemes,post,1556234569,neutral
bhfjnr,dankmemes,post,1556235579,positive
bhy3dn,depression_help,post,1556363844,neutral
b83lf6,exmuslim,post,1554131300,neutral
bdl8ni,freefolk,post,1555361177,negative
be8wfm,help,post,1555513707,neutral
bccjm7,karma,post,1555069246,neutral
baba73,legaladvice,post,1554600057,neutral
b9bpy4,madlads,post,1554378740,neutral
bdz34y,marvelstudios,post,1555448123,negative
bdrpdq,marvelstudios,post,1555405442,neutral
bfmpvc,memes,post,1555834794,negative
befvvh,opieandanthony,post,1555551670,neutral
bip95i,redditmobile,post,1556543093,neutral
b9p3yx,redditrequest,post,1554457309,neutral
b8xg8g,redditrequest,post,1554295315,neutral
bhmksq,redditrequest,post,1556287082,neutral
b96vv3,redditrequest,post,1554343408,neutral
ba8ejq,sanantonio,post,1554581498,neutral
bdxijl,speedrun,post,1555440048,negative
bcssve,teenagers,post,1555175934,neutral
bi2tkv,teenagers,post,1556394421,neutral
bbyrgt,teenagers,post,1554982309,positive
b9la8s,tipofmytongue,post,1554428642,neutral
bh19o4,trashy,post,1556146774,negative
bdgr0p,unpopularopinion,post,1555339262,negative
bdcrnr,yiff,post,1555309157,negative
bgznbq,2007scape,post,1556138101,neutral
b98x07,Animemes,post,1554357137,neutral
b91r17,ChapoTrapHouse,post,1554316320,neutral
b9ypc2,Comcast_Xfinity,post,1554510151,neutral
bf8t2q,EscapefromTarkov,post,1555737290,positive
b7yb3v,FORTnITE,post,1554099229,neutral
b7xmax,FireEmblemHeroes,post,1554094845,negative
bhygvv,FortNiteBR,post,1556367030,negative
bfxijp,Jewdank,post,1555904358,neutral
bdg8mu,MaliciousCompliance,post,1555336443,negative
bf92u4,MensRights,post,1555739505,negative
bci364,OkCupid,post,1555099191,neutral
bes7lw,PS4,post,1555629507,neutral
besg24,PS4,post,1555630819,neutral
bcdkrl,PewdiepieSubmissions,post,1555075760,neutral
bi66xl,PrequelMemes,post,1556415627,neutral
bctzqu,RandomActsofCards,post,1555182506,neutral
bebjv4,Random_Acts_Of_Amazon,post,1555527267,positive
bi0dzt,RedditCensors,post,1556380190,negative
b82byu,RepLadies,post,1554125009,negative
bfk1c9,Showerthoughts,post,1555812863,negative
bcm4r7,StardustCrusaders,post,1555123723,neutral
bgsm24,SweatyPalms,post,1556098869,negative
bh2ecz,Wellthatsucks,post,1556153527,negative
bhug06,Wellthatsucks,post,1556331217,negative
bi3xex,Wellthatsucks,post,1556401053,negative
b7xbhg,dankmemes,post,1554092926,neutral
bhl48p,dankmemes,post,1556277216,positive
bgxucy,dankmemes,post,1556128952,neutral
bh8bv0,dankmemes,post,1556197154,negative
b855gu,dankmemes,post,1554138470,negative
biperu,dankmemes,post,1556544046,neutral
bfejww,dankmemes,post,1555780412,positive
bhiq0h,dankmemes,post,1556256769,neutral
b8y6j7,dankmemes,post,1554299317,negative
bgh2jv,dankmemes,post,1556029981,positive
bb61j7,dankmemes,post,1554803802,negative
bcvnzn,darkjokes,post,1555191962,neutral
bh7ail,darkjokes,post,1556190290,negative
b9jyzi,darkjokes,post,1554420718,negative
bbvaed,darkjokes,post,1554952873,negative
bac8x4,madlads,post,1554607009,negative
bfjvzl,memes,post,1555811869,negative
bhgb99,needamod,post,1556240389,neutral
bhmsgg,reddevils,post,1556288264,neutral
bg4bnl,redditrequest,post,1555951608,neutral
bbmjpq,redditrequest,post,1554905825,neutral
bbfjs5,redditrequest,post,1554855939,neutral
bga8uf,redditrequest,post,1555982838,neutral
bd8mfh,redditrequest,post,1555281514,neutral
bczduk,teenagers,post,1555217522,neutral
b8ve7c,teenagers,post,1554280892,neutral
be39p0,thesims,post,1555472709,negative
bht349,unpopularopinion,post,1556322360,negative
bgyr3e,AskReddit,post,1556133550,neutral
bevtlp,Cumtown,post,1555653685,neutral
baohxs,Drama,post,1554691755,negative
bcy57d,Drama,post,1555207995,neutral
bdqtub,Drama,post,1555397860,neutral
bgys6t,Frat,post,1556133709,negative
bach22,Lollapalooza,post,1554608755,neutral
bagdts,SCP,post,1554644814,negative
bd2erg,StarVStheForcesofEvil,post,1555246092,negative
bc3798,Steam,post,1555006583,negative
bed4xs,Steam,post,1555535679,neutral
bhkkoz,The_Donald,post,1556272861,negative
b7vrw5,Thunder,post,1554083412,negative
bci84i,apolloapp,post,1555099894,negative
bbmvvx,bugs,post,1554907685,neutral
bdp4t1,conspiracy,post,1555384870,neutral
bdsr6o,dankmemes,post,1555413774,negative
bf3ah4,dankmemes,post,1555702441,neutral
b7w7em,dankmemes,post,1554085966,positive
beq86h,dankmemes,post,1555618761,neutral
b85smu,dankmemes,post,1554140780,negative
be6hww,dankmemes,post,1555499424,negative
bffmdh,dankmemes,post,1555786106,negative
bffodh,dankmemes,post,1555786423,negative
bboesm,dankmemes,post,1554915561,negative
bdfr2s,dankmemes,post,1555333552,positive
baler3,dankmemes,post,1554672762,neutral
bf6ban,dankmemes,post,1555719553,neutral
bbqog1,darkjokes,post,1554926765,negative
bbsels,darkjokes,post,1554935614,neutral
bh3lut,donaldglover,post,1556160812,neutral
bepe8m,electronic_cigarette,post,1555614323,neutral
bfxf7g,freefolk,post,1555903719,negative
bclvoj,help,post,1555121950,neutral
bi1muh,memes,post,1556387475,negative
b7uupz,onions,post,1554077961,negative
be346v,redditrequest,post,1555471642,neutral
bdp8ew,redditrequest,post,1555385539,neutral
bb66cr,redditrequest,post,1554804831,neutral
bdm51q,saudiarabia,post,1555366993,negative
bcs5yo,screenshots,post,1555172324,neutral
bbpud7,slingtv,post,1554922568,neutral
bfk14z,teenagers,post,1555812823,negative
benj0g,unpopularopinion,post,1555604603,negative
b8calt,unpopularopinion,post,1554166982,negative
bi3h19,vegan,post,1556398358,negative
bdofkj,wallstreetbets,post,1555380357,negative
bh3qie,youtube,post,1556161628,negative
bedw3x,2007scape,post,1555539690,negative
bdb70g,AskOuija,post,1555297137,neutral
bdbbav,AskOuija,post,1555297913,negative
bhzxej,AskReddit,post,1556377415,negative
bgsqcz,AskReddit,post,1556099904,neutral
b8twvx,BTFC,post,1554268834,positive
bgty1h,CringeAnarchy,post,1556108516,neutral
bgdfnn,CringeAnarchy,post,1556003984,negative
bfn4x9,FUTMobile,post,1555838971,negative
bax1wl,LesbianActually,post,1554746890,neutral
ban9p1,MortalKombat,post,1554683830,neutral
b96lnv,NBA2k,post,1554341695,negative
b83te5,Naruto,post,1554132322,negative
bidlxp,PewdiepieSubmissions,post,1556472266,neutral
b9om46,SquaredCircle,post,1554453194,positive
bborcl,TechnoProduction,post,1554917227,positive
bfv7g9,Terraria,post,1555889924,neutral
bdlf99,The_Donald,post,1555363280,neutral
bgyr7p,TheoryOfReddit,post,1556133566,neutral
bi349r,Trucks,post,1556396195,neutral
bcfg1z,VinylCollectors,post,1555085874,neutral
bbsmse,WatchRedditDie,post,1554936835,negative
beur0p,Wellthatsucks,post,1555645462,negative
bfmed3,circlejerk,post,1555831570,negative
bixopq,dankmemes,post,1556588923,negative
bfj3mq,dankmemes,post,1555806733,negative
bcynku,dankmemes,post,1555211714,negative
bgu5n5,dankmemes,post,1556109863,negative
bej32g,dankmemes,post,1555575917,positive
beytuh,dankmemes,post,1555678864,neutral
bcpgs7,dankmemes,post,1555153973,neutral
bellib,dankmemes,post,1555594321,neutral
bir40f,dankmemes,post,1556553385,neutral
bbrqo5,dankmemes,post,1554932286,negative
b81z6w,dankmemes,post,1554123214,negative
bif6eo,dankmemes,post,1556480830,neutral
bd0bhk,dankmemes,post,1555225899,negative
bh900k,dankmemes,post,1556200984,negative
bczfzd,dankmemes,post,1555218026,neutral
biqvy6,dankmemes,post,1556552270,neutral
bgagow,dankmemes,post,1555984115,neutral
b7vbu1,dankmemes,post,1554080720,neutral
bbnyxo,darkjokes,post,1554913323,negative
bhl4n6,darkjokes,post,1556277294,negative
bib78a,darkjokes,post,1556457928,negative
b9dnbz,disney,post,1554389277,neutral
bc83sa,donaldglover,post,1555033898,neutral
bigibo,freefolk,post,1556488054,negative
bd0n6y,freefolk,post,1555229226,neutral
bbdv8c,hamptonbrandon,post,1554846485,negative
bbqi7x,hamptonbrandon,post,1554925888,negative
bdl8yk,hamptonbrandon,post,1555361247,negative
bf63tn,hamptonbrandon,post,1555718270,negative
bhh4vs,hamptonbrandon,post,1556245638,negative
bhv7j9,marvelstudios,post,1556336823,positive
b8rh7q,memes,post,1554253032,positive
b8rfqa,memes,post,1554252783,negative
b9fv3p,memes,post,1554399737,negative
b9sfc8,memes,post,1554477284,positive
bhhesv,mildlyinfuriating,post,1556247416,neutral
bd96n6,redditrequest,post,1555284935,neutral
bdxlnd,redditrequest,post,1555440486,neutral
bhuzhg,redditrequest,post,1556335123,neutral
b9h686,redditrequest,post,1554405989,neutral
b81wow,redditrequest,post,1554122841,neutral
bgz51u,redditrequest,post,1556135496,neutral
b9nosp,redditrequest,post,1554445482,negative
bh5vst,screenshots,post,1556178069,negative
bfedrr,stlouisblues,post,1555779560,neutral
b86fwa,synthesizers,post,1554143012,positive
bhq4hi,teenagers,post,1556305500,negative
bcfs83,teenagers,post,1555087648,negative
bd1ydy,thegrandtour,post,1555242337,neutral
bdwkd8,unpopularopinion,post,1555435172,negative
bbn3qe,unpopularopinion,post,1554908874,negative
bglty0,4chan,post,1556054132,positive
besbjk,BattleCatsCheats,post,1555630103,neutral
bgmyoc,CringeAnarchy,post,1556060216,negative
bgv59i,CringeAnarchy,post,1556115400,neutral
binqb0,DeepFriedMemes,post,1556532212,negative
bckpqt,FortNiteBR,post,1555114169,positive
b9ees7,FreeSpeech,post,1554392912,negative
b82g6x,GenderCritical,post,1554125632,negative
ben0s2,GotG,post,1555601993,neutral
bg5ncx,HistoryMemes,post,1555958281,neutral
bj53ep,JUSTNOMIL,post,1556640521,positive
bheabi,MakeNewFriendsHere,post,1556228479,neutral
bhhe54,Neverwinter,post,1556247288,negative
bcf278,NoStupidQuestions,post,1555083888,negative
bbmv9w,ShadowBan,post,1554907591,neutral
bdwmre,Showerthoughts,post,1555435498,negative
b820jc,The_Donald,post,1554123413,neutral
bftqk0,WaltDisneyWorld,post,1555881342,neutral
b8i8cj,airpods,post,1554206114,negative
bia3fr,assassinscreed,post,1556449142,neutral
b7yztv,auslaw,post,1554103885,neutral
bb5w8z,bakchodi,post,1554802612,negative
bga4u8,bakchodi,post,1555982173,negative
baf7yc,btc,post,1554635438,neutral
bfkoug,canes,post,1555817388,negative
bgb329,canes,post,1555987787,neutral
bazcoa,chile,post,1554758574,negative
b7w9g8,dankmemes,post,1554086309,positive
bfvz5x,dankmemes,post,1555894660,negative
bdrxmf,dankmemes,post,1555407378,negative
bik442,dankmemes,post,1556509577,negative
bfoetr,dankmemes,post,1555850505,negative
bfr09k,dankmemes,post,1555866343,positive
bftr68,dankmemes,post,1555881441,positive
b7ynri,dankmemes,post,1554101574,neutral
b8183o,dankmemes,post,1554119155,negative
b8vxjo,dankmemes,post,1554285256,negative
bg6gv9,dankmemes,post,1555962429,negative
bftg2r,dankmemes,post,1555879732,negative
bh1juv,dankmemes,post,1556148408,neutral
bamx1b,dankmemes,post,1554681606,neutral
bcprb0,darkjokes,post,1555156621,negative
bcavyh,darkjokes,post,1555055047,neutral
bio6iv,darkjokes,post,1556535886,negative
bc9hvb,darkjokes,post,1555043332,neutral
bcthub,donaldglover,post,1555179793,neutral
bhlgiz,donaldglover,post,1556279808,negative
b88u5l,electronic_cigarette,post,1554152010,negative
bckzr1,embedded,post,1555115943,neutral
bd0ud4,formula1,post,1555231365,neutral
bec4n7,giantbomb,post,1555530269,positive
bab4qo,leagueoflegends,post,1554598995,negative
b7vgnm,metacanada,post,1554081507,negative
bfpgrs,mildlyinfuriating,post,1555857581,neutral
bbs7e2,mildlyinteresting,post,1554934570,neutral
bbsblh,mildlyinteresting,post,1554935172,neutral
bbztdv,needamod,post,1554988955,neutral
bc1c5c,needamod,post,1554997134,neutral
bhmym3,redditrequest,post,1556289184,neutral
bh1xak,redditrequest,post,1556150678,neutral
ba0thl,redditrequest,post,1554525614,neutral
bedrdn,redditrequest,post,1555538977,neutral
bc3v1c,redditrequest,post,1555009949,neutral
bdsgu3,redditrequest,post,1555411676,negative
b7z9z0,redditrequest,post,1554105902,neutral
baq33p,redditrequest,post,1554702955,neutral
b8xk2s,samharris,post,1554295940,negative
bfczao,socialanxiety,post,1555771888,neutral
bi5d6e,vexillology,post,1556410072,positive
bgn09n,wallstreetbets,post,1556060466,neutral
be3f3a,4chan,post,1555473782,negative
be5584,4chan,post,1555487710,positive
bgoalb,4chan,post,1556067842,negative
bh8aug,4chan,post,1556196976,neutral
bi02t4,4chan,post,1556378306,negative
bi56ly,4chan,post,1556408841,negative
bi5far,4chan,post,1556410427,negative
bie7sm,4chan,post,1556475619,negative
b7y6jj,AccidentalComedy,post,1554098373,negative
barxq8,AskHistorians,post,1554717743,positive
bg7wqa,AskReddit,post,1555969783,neutral
bg80ug,AskReddit,post,1555970399,neutral
bg85nu,AskReddit,post,1555971117,neutral
bdsyfw,AskReddit,post,1555415162,negative
baniao,Gamingcirclejerk,post,1554685377,neutral
b8byw1,GrandTheftAutoV,post,1554165277,neutral
b8glfj,GrandTheftAutoV,post,1554194807,neutral
ba4uxz,Instagram,post,1554561097,neutral
be16bl,KGATLW,post,1555459761,neutral
b845ns,LAGalaxy,post,1554133879,neutral
bcf23j,ModSupport,post,1555083872,neutral
bi8qg4,Petscop,post,1556435707,neutral
bj6p40,PewdiepieSubmissions,post,1556648582,neutral
bdc038,PrequelMemes,post,1555302830,negative
b847dn,PrequelMemes,post,1554134103,neutral
bakpz7,Showerthoughts,post,1554668882,negative
bca7j4,TheOrville,post,1555049073,neutral
b9hqzf,The_Donald,post,1554408857,neutral
bd3517,TwoBestFriendsPlay,post,1555251225,positive
bfbazn,WatchRedditDie,post,1555760265,neutral
b8dqpn,Wellthatsucks,post,1554175033,neutral
bi8ybt,bostonceltics,post,1556437836,negative
bfw6hj,carporn,post,1555895907,neutral
bh981s,dankmemes,post,1556202203,neutral
bbt161,dankmemes,post,1554939061,negative
bffvrq,dankmemes,post,1555787557,neutral
bbff8x,dankmemes,post,1554855186,negative
bbra82,dankmemes,post,1554929918,negative
b7xkzc,dankmemes,post,1554094621,negative
b80u2l,dankmemes,post,1554116818,negative
bdsoox,dankmemes,post,1555413286,negative
b9l6oc,dankmemes,post,1554428039,negative
bdwpqe,dankmemes,post,1555435926,negative
bgc0la,dankmemes,post,1555993474,positive
bfgv6k,dankmemes,post,1555793089,negative
b81fqy,dankmemes,post,1554120328,positive
b8b0l5,dankmemes,post,1554160587,positive
bhhgb3,dankmemes,post,1556247687,neutral
bfnf94,dankmemes,post,1555841856,negative
be7s4n,dankmemes,post,1555507554,negative
biba6g,dankmemes,post,1556458493,neutral
b7yjdj,dankmemes,post,1554100742,negative
bft4xj,dankmemes,post,1555877994,negative
bgy526,dankmemes,post,1556130468,negative
bc4sez,darkjokes,post,1555014725,neutral
bcfhmw,help,post,1555086101,negative
bi2x2z,help,post,1556395011,negative
bftqkg,im14andthisisdeep,post,1555881345,neutral
bg7efa,marvelstudios,post,1555967162,neutral
bgxu0o,memes,post,1556128905,neutral
bbcr3m,memes,post,1554840857,negative
bia14y,memes,post,1556448507,neutral
beosmn,modhelp,post,1555611156,neutral
b8z8al,motorcycles,post,1554304468,negative
bbekh5,redditrequest,post,1554850270,neutral
b9pvlz,redditrequest,post,1554462868,neutral
bfey1n,redditrequest,post,1555782470,neutral
bc3k6o,scientology,post,1555008421,neutral
b8q7wn,subredditcancer,post,1554245811,negative
bfuy69,teenagers,post,1555888317,positive
bdc2gd,thatHappened,post,1555303333,negative
balksr,tipofmytongue,post,1554673723,negative
bg2wy3,unpopularopinion,post,1555944273,negative
bb9im6,unpopularopinion,post,1554824919,negative
bguvcl,vinyl,post,1556113929,neutral
bamskf,wholesomememes,post,1554680815,negative
b7yerv,Animemes,post,1554099876,neutral
bgz6om,AutoModerator,post,1556135723,neutral
bi21bl,Bandnames,post,1556389810,neutral
bgot6k,CringeAnarchy,post,1556070811,negative
bf5gxv,CringeAnarchy,post,1555714439,negative
bgrgkc,Drama,post,1556088693,negative
bis6uo,DynastyFF,post,1556558869,neutral
b9etop,Habs,post,1554394767,neutral
biak6s,Memes_Of_The_Dank,post,1556453101,neutral
bap8t9,Parenting,post,1554696834,negative
bhgl4o,PrequelMemes,post,1556242094,neutral
bfujh2,Showerthoughts,post,1555885916,negative
bb28hj,Silverbugs,post,1554774980,positive
bbq55s,SquaredCircle,post,1554924047,neutral
bbtawb,Truckers,post,1554940624,negative
bhewyy,Trumpgret,post,1556231945,neutral
bislhf,XWingTMG,post,1556560961,positive
bfvmaj,brisbane,post,1555892445,neutral
bf1hmq,creepyPMs,post,1555693200,positive
b81auz,dankmemes,post,1554119601,negative
bhun9g,dankmemes,post,1556332646,negative
b82dqz,dankmemes,post,1554125266,negative
bfyq8h,dankmemes,post,1555913677,neutral
bf9jdh,dankmemes,post,1555743513,negative
bab18o,dankmemes,post,1554598323,negative
bg1v5o,dankmemes,post,1555938221,negative
b7x3xa,dankmemes,post,1554091628,neutral
bd5vnx,dankmemes,post,1555266865,neutral
bemozd,dankmemes,post,1555600310,neutral
bffm91,dankmemes,post,1555786089,neutral
bfe2rf,darkjokes,post,1555778016,negative
bbssiw,darkjokes,post,1554937726,neutral
bchbv3,darkjokes,post,1555095232,neutral
bbxyso,darkjokes,post,1554976340,negative
bcejdy,firefox,post,1555081190,negative
bgaqvy,meme,post,1555985814,negative
b8j7g1,notinteresting,post,1554211597,neutral
b9x2g1,outside,post,1554500546,neutral
bgzv38,rant,post,1556139227,negative
birlz9,redditrequest,post,1556555924,neutral
b9fu2d,redditrequest,post,1554399594,neutral
bf0k0s,redditrequest,post,1555688428,neutral
bgb4aj,redditrequest,post,1555987992,neutral
bj8qsy,redditrequest,post,1556658854,neutral
bgv4xn,redditrequest,post,1556115347,neutral
bh0sx3,redditrequest,post,1556144196,neutral
beasjt,redditrequest,post,1555523366,neutral
bc1s3c,redditrequest,post,1554999407,neutral
b9i26v,ripcity,post,1554410355,neutral
bgmi3r,socialism,post,1556057674,neutral
bj0k8k,socialism,post,1556609742,negative
bj1fvs,socialism,post,1556617819,negative
bj2ioi,socialism,post,1556626011,negative
bj2ip6,socialism,post,1556626015,negative
bag6gs,teenagers,post,1554643363,neutral
bampff,teenagers,post,1554680290,negative
b8s731,teenagers,post,1554257307,neutral
b7vwfv,thebachelor,post,1554084169,neutral
bhie28,wallstreetbets,post,1556254190,neutral
b81feg,winnipegjets,post,1554120291,neutral
bd8t4m,winterporn,post,1555282594,negative
bglmsj,AskReddit,post,1556053134,negative
bdz4xn,AskReddit,post,1555448383,neutral
bdzhej,AskReddit,post,1555450186,neutral
bgbhdw,CringeAnarchy,post,1555990177,neutral
bgnbrz,CringeAnarchy,post,1556062238,negative
biida2,DBZDokkanBattle,post,1556499466,negative
bbeitu,DesignatedSurvivor,post,1554850005,neutral
bdujm5,FortNiteBR,post,1555424731,negative
bc0lr0,LPOTL,post,1554993309,neutral
b93ly5,PewdiepieSubmissions,post,1554325018,negative
bcoi6h,ShadowBanned,post,1555144443,negative
b8sh7e,SquaredCircle,post,1554259007,neutral
bailia,SquaredCircle,post,1554657564,neutral
bfu5bt,arma,post,1555883678,negative
bgnqy0,arma,post,1556064665,positive
ba9rci,audiodrama,post,1554589759,neutral
bbh0ki,baduk,post,1554864928,neutral
b9m82g,bestof,post,1554434569,positive
bcmsz8,bettafish,post,1555128837,negative
bi4tgo,blackmagicfuckery,post,1556406502,negative
bdp9iw,boardgames,post,1555385752,neutral
bbhvze,combinedgifs,post,1554870979,positive
bdu8bg,combinedgifs,post,1555422938,neutral
bety3z,copypasta,post,1555640076,negative
bifgsr,crafts,post,1556482330,neutral
b7um2o,dankmemes,post,1554076800,negative
b7vby5,dankmemes,post,1554080737,negative
b811yg,dankmemes,post,1554118132,negative
b82liu,dankmemes,post,1554126442,negative
b83oww,dankmemes,post,1554131767,negative
b84w5d,dankmemes,post,1554137296,negative
bfmnme,dankmemes,post,1555834180,negative
bfrdmr,dankmemes,post,1555868356,neutral
bg449r,dankmemes,post,1555950552,neutral
b7uqso,dankmemes,post,1554077424,neutral
bdfugh,dankmemes,post,1555334115,neutral
bdfxtz,dankmemes,post,1555334693,neutral
bg6u4p,dankmemes,post,1555964300,negative
b7wp05,dankmemes,post,1554088951,negative
bcv9lz,dankmemes,post,1555189586,negative
b9g08l,dankmemes,post,1554400461,negative
bdfacv,dankmemes,post,1555330698,negative
bc7uti,darkjokes,post,1555032350,neutral
bc36p8,fatlogic,post,1555006503,negative
be6a41,guitarcirclejerk,post,1555497784,negative
bgy3io,lowendgaming,post,1556130245,negative
bh49v9,mildlyinfuriating,post,1556165191,positive
ben5du,privacy,post,1555602658,neutral
bba9bk,redditrequest,post,1554828541,neutral
b8lhs2,redditrequest,post,1554222704,neutral
bd40je,redditrequest,post,1555256555,neutral
b82ff5,redditrequest,post,1554125512,neutral
bg14wv,redditrequest,post,1555933653,neutral
bbjflb,thedivision,post,1554883549,negative
b996a7,unpopularopinion,post,1554359047,negative
b83btz,yorku,post,1554130040,neutral
bhcubo,Animemes,post,1556220899,negative
bey3v4,AskMen,post,1555673804,positive
bbmzmb,AskMenOver30,post,1554908286,neutral
bijwld,AskReddit,post,1556508537,neutral
b7xagp,Braincels,post,1554092752,neutral
b9e3qn,Braincels,post,1554391470,positive
b9s72y,Braincels,post,1554476161,neutral
ba24y4,Braincels,post,1554537525,negative
bat8xa,Braincels,post,1554726809,negative
bcm0ka,Braincels,post,1555122887,negative
bd0ksw,Braincels,post,1555228506,negative
bed8p5,Braincels,post,1555536258,negative
bftqdv,Braincels,post,1555881319,negative
bgji77,Braincels,post,1556042269,neutral
bgpll1,Braincels,post,1556075390,negative
bgwru8,Braincels,post,1556123625,negative
b8bn1y,CHICubs,post,1554163628,negative
bfwkb7,Comcast_Xfinity,post,1555898387,negative
b973x3,Concordia,post,1554344770,negative
bgudry,CringeAnarchy,post,1556111201,neutral
bhgj9c,DestinyTheGame,post,1556241760,negative
bhgjs5,DestinyTheGame,post,1556241848,negative
b81aq2,FortNiteBR,post,1554119582,neutral
begn10,GuildWars,post,1555556431,neutral
bbla8t,NBASpurs,post,1554898429,negative
b83264,RedLetterMedia,post,1554128743,neutral
b831o3,RedLetterMedia,post,1554128679,neutral
b7xdiu,SquaredCircle,post,1554093279,positive
bhffao,SquaredCircle,post,1556234878,positive
bh9mq9,TaylorSwift,post,1556204378,positive
b8t40y,The_Donald,post,1554263035,positive
b8bm5w,The_Donald,post,1554163497,neutral
bhgzu6,WatchRedditDie,post,1556244741,negative
bi39u5,apolloapp,post,1556397148,neutral
b9xobh,brockhampton,post,1554503862,neutral
b9xoqi,brockhampton,post,1554503929,neutral
bdzcu1,dankmemes,post,1555449506,neutral
b7z3e6,dankmemes,post,1554104590,neutral
b9dht2,dankmemes,post,1554388507,neutral
b7vq70,dankmemes,post,1554083125,neutral
bf049x,dankmemes,post,1555686161,negative
bh8j5i,dankmemes,post,1556198314,negative
bd2dwk,dankmemes,post,1555245901,negative
bikgsh,dankmemes,post,1556510916,negative
be3kgu,dankmemes,post,1555474848,negative
bhznzv,dankmemes,post,1556375819,neutral
behgp9,dankmemes,post,1555562132,negative
bfk41g,dankmemes,post,1555813353,negative
b8tgfy,dankmemes,post,1554265448,positive
bblar9,darkjokes,post,1554898520,negative
bcb7xr,darkjokes,post,1555058311,negative
bg6dxs,deadmau5,post,1555961998,neutral
bhgwuu,detroitlions,post,1556244214,negative
bj9ry2,leagueoflegends,post,1556664018,neutral
be2wjn,marvelstudios,post,1555470251,neutral
bcmq5q,memes,post,1555128237,neutral
bcmrln,memes,post,1555128538,negative
bdrfnc,minnesotavikings,post,1555402889,positive
bdmg9z,nba,post,1555368653,negative
b9mvt5,pakistan,post,1554439195,neutral
bc60v0,porn,post,1555021287,neutral
bam6sj,rant,post,1554677213,negative
b8pmaf,redditrequest,post,1554242597,neutral
bfxwwc,redditrequest,post,1555907100,neutral
b8bns8,redditrequest,post,1554163726,neutral
bhemm5,shibe,post,1556230343,negative
bi1abz,statistics,post,1556385462,neutral
ber0jo,tabletopsimulator,post,1555623082,negative
b8i15y,ukpolitics,post,1554204811,neutral
b84hpe,unpopularopinion,post,1554135397,negative
be4fkn,wallstreetbets,post,1555481446,neutral
bcs1or,wallstreetbets,post,1555171639,neutral
bdy02r,AskReddit,post,1555442511,neutral
bg70gj,AutoModerator,post,1555965206,neutral
b9dox5,CasualUK,post,1554389505,neutral
bgmiz4,CringeAnarchy,post,1556057801,negative
bgg2xn,CringeAnarchy,post,1556024346,neutral
bgnxqk,CringeAnarchy,post,1556065780,negative
bfsow3,Egypt,post,1555875532,negative
bgfpiu,PoppyTea,post,1556022003,neutral
b84rgn,PrequelMemes,post,1554136682,negative
bay7di,ShadowBan,post,1554752766,neutral
bgjdi5,Showerthoughts,post,1556041609,negative
b81kje,SiouxFalls,post,1554120995,neutral
bg6fd9,TaylorSwift,post,1555962205,positive
bdhw42,Tinder,post,1555344937,negative
bhippn,Trumpgret,post,1556256699,negative
bgthre,VapePorn,post,1556105645,neutral
bidnh3,ar15,post,1556472498,neutral
bapszr,bugs,post,1554700847,neutral
b808ol,dankmemes,post,1554112946,neutral
bdy1q8,dankmemes,post,1555442742,negative
bfk49k,dankmemes,post,1555813389,negative
b83nm1,dankmemes,post,1554131591,negative
b83paj,dankmemes,post,1554131815,neutral
b8e3rc,dankmemes,post,1554177316,neutral
bh7gdh,dankmemes,post,1556191476,neutral
bftspy,dankmemes,post,1555881679,negative
bfur54,dankmemes,post,1555887144,negative
bdnui0,dankmemes,post,1555376825,neutral
bi00e8,dankmemes,post,1556377905,neutral
bfqxi3,dankmemes,post,1555865939,negative
bbnkxy,dankmemes,post,1554911362,negative
bbtyq2,dankmemes,post,1554944556,negative
bakydl,dankmemes,post,1554670190,negative
bdnepm,dankmemes,post,1555374183,negative
bef2fr,dankmemes,post,1555546612,negative
bffv13,dankmemes,post,1555787445,negative
bftnio,dankmemes,post,1555880875,negative
bay62q,dankmemes,post,1554752600,negative
bazlu3,dankmemes,post,1554759956,neutral
bdr3y4,dankmemes,post,1555400092,negative
bgqyx3,dankmemes,post,1556084701,neutral
bhv6oi,dankmemes,post,1556336650,positive
bhg9ri,dankmemes,post,1556240128,negative
b8g4ea,dankmemes,post,1554191063,positive
baivgu,dankmemes,post,1554659062,negative
bgyguh,dankmemes,post,1556132126,neutral
b94dwp,darknet,post,1554328994,negative
b9h28s,exmormon,post,1554405454,neutral
bj2ieo,funny,post,1556625963,negative
b9plae,gaming,post,1554460908,neutral
bijbvq,gtaonline,post,1556505771,neutral
bj3y8l,intermittentfasting,post,1556634499,neutral
bhrzn2,islam,post,1556315811,negative
bdmym4,jerma985,post,1555371536,negative
beaj4j,kelowna,post,1555522011,negative
b7yx9f,leagueoflegends,post,1554103369,positive
bgycxy,libertarianmeme,post,1556131575,neutral
bdmlqq,marvelstudios,post,1555369489,positive
bgtben,modhelp,post,1556104429,neutral
bdredr,redditrequest,post,1555402574,neutral
bis125,summonerswar,post,1556558031,neutral
bei5sl,teenagers,post,1555567666,neutral
bfx7ly,truerateme,post,1555902382,negative
bgfcox,vegan,post,1556019663,negative
bguc3m,wikipedia,post,1556110936,neutral
bg40ro,xboxone,post,1555950051,neutral
bf38fa,2007scape,post,1555702141,negative
bgipqg,AgainstHateSubreddits,post,1556038312,negative
b9tcs5,AmericanPolitics,post,1554481799,negative
b8we03,AnthemTheGame,post,1554288596,negative
b8v35y,AskReddit,post,1554278238,neutral
bd3rz4,AutoModerator,post,1555255134,neutral
bbtzy3,Catloaf,post,1554944758,negative
b7zfzz,ChoosingBeggars,post,1554107131,neutral
be1vhx,Cityofheroes,post,1555463951,neutral
bh8is9,Cruise,post,1556198250,neutral
b84zaa,Dentistry,post,1554137702,neutral
b9u9sj,DevilMayCry,post,1554486249,positive
bcxet3,FortNiteBR,post,1555202871,neutral
bfl4pe,FortNiteBR,post,1555820627,negative
b9dp0i,FreeSpeech,post,1554389517,negative
b9uydz,FreeSpeech,post,1554489658,negative
bcddcp,FreeSpeech,post,1555074541,negative
b8bpt0,Games,post,1554163986,neutral
b92m53,Gotham,post,1554320328,negative
b7zevz,HistoryMemes,post,1554106893,neutral
biz8ug,LingerieGW,post,1556599099,neutral
bdbt3g,Persona5,post,1555301405,neutral
b852oh,PrequelMemes,post,1554138118,positive
b9ejy1,SkyrimTogether,post,1554393573,neutral
bb1ntk,SkyrimTogether,post,1554771492,positive
bhogx4,SkyrimTogether,post,1556297006,negative
bhw05w,SkyrimTogether,post,1556343342,negative
bi2sv6,SkyrimTogether,post,1556394310,neutral
b8m3xv,Steam,post,1554225561,negative
bd7wtq,TampaBayLightning,post,1555277651,neutral
bdpfg3,TampaBayLightning,post,1555386919,neutral
bdvmf8,TampaBayLightning,post,1555430394,neutral
bhgsuw,Trumpgret,post,1556243500,negative
bgvj0v,WatchRedditDie,post,1556117423,negative
bbglin,anime,post,1554862243,neutral
bhp7sh,bakchodi,post,1556300760,neutral
bi6vmb,bakchodi,post,1556420433,neutral
b95nvp,blackdesertonline,post,1554336091,negative
bisvro,blackdesertonline,post,1556562412,neutral
b9nln3,btc,post,1554444789,negative
bhdi9r,btc,post,1556224402,negative
bgte07,dankmemes,post,1556104946,neutral
bhvhma,dankmemes,post,1556338986,negative
b8bd27,dankmemes,post,1554162247,negative
bhpjqd,dankmemes,post,1556302484,positive
bhas6j,dankmemes,post,1556210311,negative
b92lvt,dankmemes,post,1554320293,negative
b7xhep,dankmemes,post,1554093988,negative
bhqyeu,dankmemes,post,1556309982,negative
bix0dl,dankmemes,post,1556584823,positive
be3vti,dankmemes,post,1555477160,neutral
bb6lb0,dankmemes,post,1554808072,neutral
b7zecx,dankmemes,post,1554106780,negative
bgdsrx,dankmemes,post,1556007018,neutral
b830tv,dankmemes,post,1554128564,negative
b7ybjh,dankmemes,post,1554099270,neutral
bbwjai,dankmemes,post,1554963584,neutral
bc9zme,dankmemes,post,1555047243,neutral
bc0297,darkjokes,post,1554990360,neutral
bdp2er,darkjokes,post,1555384416,positive
bbnkhd,darkjokes,post,1554911293,neutral
bcmz3b,darkjokes,post,1555130180,neutral
bceuvd,darkjokes,post,1555082834,negative
bin977,darkjokes,post,1556528052,negative
bdt9ll,funny,post,1555417195,neutral
ba1y3i,gatekeeping,post,1554535644,negative
bdomf8,hearthstone,post,1555381537,negative
b8ky3l,islam,post,1554220163,negative
ba215e,juul,post,1554536474,negative
bimoxn,karma,post,1556522699,negative
bgob9j,leafs,post,1556067954,neutral
bhf7iu,marvelstudios,post,1556233598,positive
bdymqx,memes,post,1555445761,positive
bi3xux,memes,post,1556401133,neutral
b8bflv,memes,post,1554162581,negative
ba6p87,modhelp,post,1554571640,neutral
b8cqmm,myfavoritemurder,post,1554169356,neutral
bdn6dy,opieandanthony,post,1555372754,neutral
bi61b8,rarepuppers,post,1556414520,negative
bcxu81,redditrequest,post,1555205839,neutral
b9b8uz,redditrequest,post,1554375422,neutral
bii2w7,redditrequest,post,1556497655,neutral
bd948a,redditrequest,post,1555284516,neutral
bbhxrt,redditrequest,post,1554871354,neutral
bds1vz,redditrequest,post,1555408343,neutral
bcfdz8,redditrequest,post,1555085572,neutral
bhmenj,redditrequest,post,1556286095,neutral
bce815,rockets,post,1555079465,neutral
bilhpg,teenagers,post,1556514706,neutral
bevfxf,teenagers,post,1555650546,negative
bhk3e9,teenagers,post,1556268564,positive
b8n3vy,tf2,post,1554230290,negative
b8zgvt,trashy,post,1554305597,negative
bhqgjh,2007scape,post,1556307289,neutral
beoj7n,AnthemTheGame,post,1555609787,negative
bgn63n,AnthemTheGame,post,1556061339,neutral
baixqv,DeepFriedMemes,post,1554659391,negative
bj4ih2,GlobalOffensive,post,1556637486,negative
bho200,Memes_Of_The_Dank,post,1556294863,negative
bcvna0,NoStupidQuestions,post,1555191843,neutral
belxdq,PewdiepieSubmissions,post,1555596234,positive
bfhc1r,PewdiepieSubmissions,post,1555795787,neutral
ba5gno,PewdiepieSubmissions,post,1554564720,negative
bhvs62,PewdiepieSubmissions,post,1556341413,neutral
b91yzb,TownofSalemgame,post,1554317362,positive
bgz928,TownofSalemgame,post,1556136052,neutral
b9vwh7,amishadowbanned,post,1554494400,neutral
b8dabc,boxoffice,post,1554172373,negative
biamd7,copypasta,post,1556453562,negative
b9pjnh,dankmemes,post,1554460585,negative
b9pjyt,dankmemes,post,1554460649,negative
ba8bh9,dankmemes,post,1554581002,negative
bif0vg,dankmemes,post,1556480009,negative
bd83wm,dankmemes,post,1555278724,neutral
bgh0tt,dankmemes,post,1556029715,neutral
b83lt3,dankmemes,post,1554131354,negative
b7uw9s,dankmemes,post,1554078192,negative
b7z1ic,dankmemes,post,1554104221,negative
bing6t,dankmemes,post,1556529819,neutral
bhq3dd,dankmemes,post,1556305344,positive
bccmsj,darkjokes,post,1555069843,negative
bhptal,darkjokes,post,1556303868,negative
b8q3ls,darknet,post,1554245145,negative
bitucs,darknet,post,1556567355,neutral
bit4ql,germany,post,1556563709,neutral
b9a4c5,gwent,post,1554366373,neutral
b9f8hp,madlads,post,1554396693,negative
bfu255,meme,post,1555883172,neutral
bbhlp9,modhelp,post,1554868914,neutral
b84cl7,modhelp,post,1554134755,neutral
bcolz9,opieandanthony,post,1555145564,neutral
bcy2gl,opieandanthony,post,1555207453,negative
bchf3h,opieandanthony,post,1555095687,neutral
bbqu6z,redditrequest,post,1554927577,neutral
b9up9e,redditrequest,post,1554488383,neutral
bi6keq,redditrequest,post,1556418188,neutral
beh3i5,starcitizen,post,1555559496,neutral
bgy1rd,teenagers,post,1556129996,neutral
bdud1k,thedivision,post,1555423708,neutral
bamvdt,timelapse,post,1554681304,negative
b9tatb,wallstreetbets,post,1554481537,neutral
bdk3ov,AskReddit,post,1555355580,negative
bgj7x5,AskReddit,post,1556040837,negative
b8ecsk,AskReddit,post,1554178942,neutral
bgm5yi,Cityofheroes,post,1556055860,negative
bizqcn,ClashOfClans,post,1556602809,negative
bgmtj9,CringeAnarchy,post,1556059425,neutral
bgrss8,CringeAnarchy,post,1556091535,neutral
bgs0ik,CringeAnarchy,post,1556093405,negative
baowc2,DDLC,post,1554694424,neutral
bgovaz,GreenBayPackers,post,1556071150,positive
b854ry,ModSupport,post,1554138380,neutral
bdtihr,ModSupport,post,1555418743,neutral
b8nzb4,Piracy,post,1554234553,neutral
b7ytmc,SCP,post,1554102670,neutral
bdpkz0,TopMindsOfReddit,post,1555388000,negative
bfe5ez,TopMindsOfReddit,post,1555778403,negative
bhvwgf,TrueOffMyChest,post,1556342440,negative
bhoc0m,Trumpgret,post,1556296312,neutral
bccpc5,beetlejuicing,post,1555070307,negative
be8cg0,canadaguns,post,1555510695,neutral
bdl8zk,conspiracy,post,1555361253,neutral
bdd7x6,conspiracy,post,1555313277,neutral
bfhp3b,dankmemes,post,1555797932,neutral
bfkr2l,dankmemes,post,1555817835,negative
bc5v6h,dankmemes,post,1555020448,negative
bbz3p1,dankmemes,post,1554984542,negative
bbzty1,dankmemes,post,1554989046,negative
bdytok,dankmemes,post,1555446756,negative
b7zrsh,dankmemes,post,1554109628,negative
b83p9n,dankmemes,post,1554131811,negative
b84a9z,dankmemes,post,1554134465,neutral
bhm3so,dankmemes,post,1556284298,neutral
bfv00z,dankmemes,post,1555888634,neutral
bb6tgr,dankmemes,post,1554809589,negative
bhp5sd,dankmemes,post,1556300485,neutral
bhzy2m,dankmemes,post,1556377524,positive
b7xmce,dankmemes,post,1554094851,negative
bcff75,darkjokes,post,1555085747,negative
bg7dve,freefolk,post,1555967085,neutral
bcybu2,gameofthrones,post,1555209298,negative
bh8zut,greentext,post,1556200963,positive
bhduwa,leagueoflegends,post,1556226186,negative
be6fvj,marvelstudios,post,1555499009,positive
bdw59g,marvelstudios,post,1555433057,positive
bbdcr2,memes,post,1554843831,neutral
bh9pu1,memes,post,1556204816,neutral
b9ib5g,memes,post,1554411596,negative
badlm6,minnesota,post,1554618368,positive
bbr6cx,modhelp,post,1554929350,neutral
bgelez,modhelp,post,1556013855,neutral
bj74ep,nukedmemes,post,1556650764,neutral
b84ira,popheads,post,1554135536,negative
b9ufhq,redditrequest,post,1554487044,neutral
bc5ss4,redditrequest,post,1555020092,neutral
b8hrvb,redditrequest,post,1554203109,neutral
bg93l8,redditrequest,post,1555976160,neutral
bi0ehx,redditrequest,post,1556380277,neutral
balz9h,redditrequest,post,1554676016,neutral
be4ix0,redditrequest,post,1555482210,neutral
be65w8,redditrequest,post,1555496850,neutral
be3gkm,redditrequest,post,1555474050,neutral
bcckjw,runescape,post,1555069427,neutral
b8ttj1,sbubby,post,1554268129,neutral
bg3rgo,starcraft,post,1555948735,neutral
bi54vb,teenagers,post,1556408523,negative
bi57ec,teenagers,post,1556408978,negative
bd43gv,teslamotors,post,1555257050,negative
b998tc,DoesAnybodyElse,post,1554359587,negative
bd7l6r,DoesAnybodyElse,post,1555275904,negative
bfyebe,Egypt,post,1555910938,negative
bd0bch,FantasyPL,post,1555225863,negative
bgoncl,Habs,post,1556069904,negative
bci064,Marvel,post,1555098748,neutral
beefg9,Marvel,post,1555542797,neutral
bd9aan,Minecraft,post,1555285547,neutral
bizh3d,NoFap,post,1556600806,neutral
bcllwy,OCLions,post,1555120084,positive
beqhim,PoliticalDiscussion,post,1555620209,negative
b8it6j,Random_Acts_Of_Amazon,post,1554209500,positive
b8tfx1,TrollXChromosomes,post,1554265337,negative
b94a0n,Warthunder,post,1554328439,negative
bafo09,bakchodi,post,1554639348,neutral
bhaor5,brasil,post,1556209833,neutral
b7vko6,dankmemes,post,1554082191,negative
bfknhe,dankmemes,post,1555817111,neutral
bgyb76,dankmemes,post,1556131337,neutral
bgwtxz,dankmemes,post,1556123920,neutral
b7um4o,dankmemes,post,1554076805,negative
b7y794,dankmemes,post,1554098504,negative
be3zs8,dankmemes,post,1555477949,negative
bh3lrn,dankmemes,post,1556160798,negative
bj7q04,dankmemes,post,1556653884,negative
b855sk,dankmemes,post,1554138511,negative
bfw4ty,dankmemes,post,1555895630,neutral
bhro8k,dankmemes,post,1556313983,negative
b7x7us,dankmemes,post,1554092301,negative
b88c49,dankmemes,post,1554150213,negative
bi7b3v,dankmemes,post,1556423634,negative
b7un9x,dankmemes,post,1554076940,negative
b7yypw,dankmemes,post,1554103653,negative
bepb1w,dankmemes,post,1555613854,neutral
biaguf,dankmemes,post,1556452380,negative
baudnq,dankmemes,post,1554733227,neutral
bauoa7,dankmemes,post,1554734793,negative
baurmz,dankmemes,post,1554735295,negative
bbn1f3,darkjokes,post,1554908542,neutral
bbv342,darkjokes,post,1554951539,negative
bc1vs9,darkjokes,post,1554999927,negative
bg632j,fakehistoryporn,post,1555960475,neutral
bg93bz,gamindustri,post,1555976120,neutral
bftmtf,help,post,1555880771,neutral
b850xx,horizon,post,1554137909,neutral
bci0oa,marvelstudios,post,1555098825,neutral
bfk5ad,marvelstudios,post,1555813576,neutral
bhxfgh,mildlyinfuriating,post,1556357370,neutral
b8ifo8,mildlyinfuriating,post,1554207319,neutral
bbekpk,modhelp,post,1554850309,neutral
bbmpye,redditrequest,post,1554906776,neutral
bd1i7g,redditrequest,post,1555238089,neutral
be6uig,redditrequest,post,1555501927,neutral
bbjp0z,redditrequest,post,1554885981,neutral
bba00x,redditrequest,post,1554827317,neutral
bags6s,redditrequest,post,1554647397,neutral
b8f0yl,streetwear,post,1554183496,negative
bfir7d,uwaterloo,post,1555804534,negative
bbmosg,AnthemTheGame,post,1554906606,negative
beug30,AnthemTheGame,post,1555643358,negative
bda9gr,AsiansGoneWild,post,1555291643,positive
bdzmp2,BDSMpersonals,post,1555450979,positive
bd0jt8,Baking,post,1555228223,neutral
bdvsul,EtikaRedditNetwork,post,1555431286,negative
bf0imf,EtikaRedditNetwork,post,1555688249,negative
bdx454,EtikaRedditNetwork,post,1555437990,negative
bgewzk,FortNiteBR,post,1556016432,positive
bdhr9r,FortNiteBR,post,1555344334,negative
bfsbub,GBA4iOS,post,1555873517,negative
bfwqwh,KansasCityChiefs,post,1555899554,neutral
bhg75s,KansasCityChiefs,post,1556239677,neutral
bhhpnl,KansasCityChiefs,post,1556249427,negative
bgyeeq,Memes_Of_The_Dank,post,1556131785,neutral
bcyhqc,MortalKombat,post,1555210497,neutral
b88vky,NoSleepOOC,post,1554152148,neutral
bf0i14,NoSleepOOC,post,1555688145,neutral
bebgvw,SampleSize,post,1555526857,neutral
bge3df,Sneks,post,1556009619,negative
bhpcnx,Trumpgret,post,1556301475,neutral
b96h19,confession,post,1554340913,negative
bf045p,confession,post,1555686147,negative
bfclym,confession,post,1555769650,neutral
bhitma,confession,post,1556257569,neutral
bj53r2,confession,post,1556640574,negative
bc5fbl,copypasta,post,1555018098,negative
b7x4x1,dankmemes,post,1554091800,negative
bas4l8,dankmemes,post,1554719233,neutral
bj6coa,dankmemes,post,1556646839,neutral
bho2d5,dankmemes,post,1556294918,positive
bdbs8i,dankmemes,post,1555301227,neutral
b894p7,dankmemes,post,1554153053,negative
b7wb9s,dankmemes,post,1554086624,negative
bhk8u7,dankmemes,post,1556269967,neutral
bhk9cd,dankmemes,post,1556270086,neutral
b7woim,dankmemes,post,1554088870,negative
bi29c8,dankmemes,post,1556391106,negative
bh5jej,dankmemes,post,1556175104,neutral
b9k4l1,dankmemes,post,1554421637,neutral
bieu35,dankmemes,post,1556479035,neutral
bduhup,dankmemes,post,1555424444,negative
bfkqtl,dankmemes,post,1555817785,negative
bh3h8t,dankmemes,post,1556160022,positive
baq6c4,darkjokes,post,1554703640,negative
bfavdv,freefolk,post,1555756417,neutral
bdqoa9,insanepeoplefacebook,post,1555396568,neutral
bf6pto,joerogan2,post,1555722207,negative
bj6m8z,memes,post,1556648174,positive
bfgy9h,memes,post,1555793583,neutral
bh3pf2,memes,post,1556161439,positive
be83sl,opieandanthony,post,1555509406,negative
beey7f,personalfinance,post,1555545940,neutral
bff7p9,redditrequest,post,1555783877,negative
b92r72,redditrequest,post,1554320963,neutral
be4l50,HighQualityGifs,post,1555482711,neutral
bebywl,HighQualityGifs,post,1555529433,positive
bg7gah,HighQualityGifs,post,1555967430,neutral
b87y16,HistoryMemes,post,1554148814,negative
b80faw,HistoryMemes,post,1554114176,positive
bdl1tq,MortalKombat,post,1555360223,negative
bdnzw3,MortalKombat,post,1555377716,neutral
betm7s,PewdiepieSubmissions,post,1555637948,neutral
bh38rl,The_Donald,post,1556158599,neutral
bf067w,Thunder,post,1555686431,neutral
bhpi2m,Trumpgret,post,1556302245,neutral
bb4y20,WTF,post,1554794385,negative
bj0e3e,WatchRedditDie,post,1556608225,negative
b9r2hz,WritingPrompts,post,1554470087,negative
bd1ift,bipolar,post,1555238156,neutral
b96yxt,brockhampton,post,1554343912,positive
beriyc,dankmemes,post,1555625856,positive
bfda2i,dankmemes,post,1555773610,negative
bciaeg,dankmemes,post,1555100233,negative
bdd9u7,dankmemes,post,1555313813,neutral
bhpzxm,dankmemes,post,1556304859,positive
bfpi4e,dankmemes,post,1555857810,neutral
bdgaya,dankmemes,post,1555336812,negative
bc2x6c,dankmemes,post,1555005138,neutral
b7yb8b,dankmemes,post,1554099217,negative
bfuam1,dankmemes,post,1555884504,neutral
bfcvvg,dankmemes,post,1555771326,neutral
b86ajn,dankmemes,post,1554142330,negative
bhifut,dankmemes,post,1556254583,positive
b7vw45,dankmemes,post,1554084115,negative
bbndn5,darkjokes,post,1554910300,neutral
b88w12,help,post,1554152190,negative
biyk62,ideasfortheadmins,post,1556594401,neutral
b7wwca,joerogan2,post,1554090269,negative
be2dl0,memes,post,1555466949,neutral
bgcday,mildlyinfuriating,post,1555995874,negative
bam8s7,needamod,post,1554677527,neutral
bh6zrz,nihilism,post,1556188099,neutral
b9562j,pitchforkemporium,post,1554333237,neutral
bhbszc,redditrequest,post,1556215538,neutral
bfngb2,redditrequest,post,1555842159,neutral
bh1h5y,redditrequest,post,1556147978,neutral
bdokch,redditrequest,post,1555381162,neutral
bi9x15,redditrequest,post,1556447421,neutral
bbvh38,redditrequest,post,1554954129,neutral
bdgsgd,samharris,post,1555339482,positive
be0xji,teenagers,post,1555458314,negative
bc5iuj,Advice,post,1555018623,neutral
bgm68z,AskReddit,post,1556055906,neutral
b9lohw,AutoModerator,post,1554431064,neutral
baju38,BeardedDragons,post,1554664066,neutral
bbyrvq,Braincels,post,1554982386,negative
be3ue1,Calgary,post,1555476875,neutral
bh04n5,Drama,post,1556140620,neutral
b83kp5,HistoryMemes,post,1554131210,negative
bfkyxl,MarkMyWords,post,1555819431,neutral
bb1rdx,MensRights,post,1554772098,positive
bd3ida,MortalKombat,post,1555253538,neutral
bfmsjh,Overwatch,post,1555835535,negative
biorof,Showerthoughts,post,1556540036,negative
b80del,StarWarsBattlefront,post,1554113811,neutral
bfp8be,TameImpala,post,1555856148,negative
bf45uy,WatchRedditDie,post,1555707074,negative
bigo7o,americandad,post,1556489012,neutral
bec0cn,bertstrips,post,1555529633,neutral
biyjs5,boottoobig,post,1556594330,negative
bimviq,chch,post,1556524423,neutral
bbry6h,classicwow,post,1554933318,negative
bcinqf,classicwow,post,1555102204,neutral
bgv8cv,classicwow,post,1556115860,negative
bibfdg,dankmemes,post,1556459486,negative
bibld4,dankmemes,post,1556460547,negative
bik7gh,dankmemes,post,1556509936,negative
b7y3gn,dankmemes,post,1554097793,neutral
b7wo1l,dankmemes,post,1554088786,neutral
b7utqu,dankmemes,post,1554077817,negative
b8245b,dankmemes,post,1554123915,neutral
bfk7ml,dankmemes,post,1555814018,neutral
b7uzo7,dankmemes,post,1554078728,positive
bhdagc,dankmemes,post,1556223252,negative
b7uw72,dankmemes,post,1554078182,negative
bf7ck7,dankmemes,post,1555726414,neutral
bf81px,dankmemes,post,1555731444,negative
bbz05c,dankmemes,post,1554983920,negative
b89ony,dankmemes,post,1554155197,negative
bfhaez,dankmemes,post,1555795515,negative
bfita3,dankmemes,post,1555804883,neutral
bg896c,dankmemes,post,1555971618,negative
b80ndv,dankmemes,post,1554115668,negative
bigh8d,falloutlore,post,1556487877,neutral
bijt26,gameofthrones,post,1556508080,negative
beqfl9,geometrydash,post,1555619911,positive
bgrf82,grandorder,post,1556088385,negative
bhsfa8,keto,post,1556318324,neutral
bb9je5,madlads,post,1554825024,neutral
bhu1vq,meme,post,1556328535,negative
bab6eq,memes,post,1554599312,neutral
bcjx71,modhelp,post,1555109255,neutral
bbjudm,modhelp,post,1554887342,neutral
b86cxw,pcgaming,post,1554142637,negative
be60hn,redditrequest,post,1555495618,neutral
bal3i5,redditrequest,post,1554670984,neutral
bhj28s,redditrequest,post,1556259564,neutral
bae771,sissyhypno,post,1554624728,negative
bbv3o5,teenagers,post,1554951636,positive
bep1jx,timberwolves,post,1555612451,neutral
b7xk76,torontoraptors,post,1554094483,negative
b90p4w,vegancirclejerk,post,1554311357,negative
bj354t,vegancirclejerk,post,1556629958,negative
bae5kl,wallstreetbets,post,1554624254,neutral
bek13r,Advice,post,1555584075,neutral
b7yzo6,Animemes,post,1554103856,negative
b8ejbi,Bitcoin,post,1554180192,neutral
bgczoi,CringeAnarchy,post,1556000468,neutral
bgd57p,CringeAnarchy,post,1556001691,negative
bghqrn,CringeAnarchy,post,1556033500,neutral
b9ejp1,DeepFriedMemes,post,1554393542,negative
bifwe3,EliteDangerous,post,1556484728,negative
bau78q,FortNiteBR,post,1554732297,neutral
be1x2h,HellsKitchen,post,1555464216,neutral
bgexvt,Hypothyroidism,post,1556016632,neutral
bhq77o,IncelTears,post,1556305919,negative
bf8uud,Iowa,post,1555737692,negative
b851m3,MortalKombat,post,1554137990,positive
b9zju5,Music,post,1554515979,neutral
basgow,PUBGXboxOne,post,1554721821,negative
bfncda,PewdiepieSubmissions,post,1555841096,positive
bhmymg,Trumpgret,post,1556289185,neutral
bhixc1,Trumpgret,post,1556258424,negative
bdvq4w,UniversityOfHouston,post,1555430908,neutral
bdb8gl,aww,post,1555297399,neutral
big3w1,bonehurtingjuice,post,1556485852,neutral
b7xa5i,dankmemes,post,1554092695,negative
b7ybo4,dankmemes,post,1554099295,neutral
bb470l,dankmemes,post,1554788376,negative
bbyirc,dankmemes,post,1554980567,negative
bhyy7r,dankmemes,post,1556370841,negative
b7xy91,dankmemes,post,1554096868,negative
b93mwh,dankmemes,post,1554325122,negative
bhs1wg,dankmemes,post,1556316158,neutral
bhko2m,dankmemes,post,1556273645,neutral
bbgu1a,dankmemes,post,1554863736,negative
bfppnv,dankmemes,post,1555859029,negative
b81ra2,dankmemes,post,1554122038,negative
bh0mff,dankmemes,post,1556143241,negative
b7yxcd,dankmemes,post,1554103385,negative
bidbac,dankmemes,post,1556470633,positive
b7vdv5,furry,post,1554081048,neutral
beqj4d,lego,post,1555620458,negative
bh9dhg,mildlyinfuriating,post,1556203035,negative
behpwy,muacirclejerk,post,1555564141,negative
bczt5t,opieandanthony,post,1555221214,negative
baihjp,quityourbullshit,post,1554656992,negative
bivriq,redditrequest,post,1556577408,neutral
biy7ob,redditrequest,post,1556592160,neutral
bcdxcd,redditrequest,post,1555077820,neutral
bfghhh,redditrequest,post,1555790909,neutral
be73f4,redditrequest,post,1555503507,neutral
bdbyle,redditrequest,post,1555302514,neutral
bivk6f,redditrequest,post,1556576269,neutral
bh33nv,redditrequest,post,1556157759,neutral
bafi3k,teenagers,post,1554637963,positive
b8xwpd,thalassophobia,post,1554297850,negative
bglyjf,thedivision,post,1556054785,negative
bbrm1e,unpopularopinion,post,1554931602,negative
bdcycb,unpopularopinion,post,1555310851,negative
bhvx30,Anarchy101,post,1556342591,negative
bfel0y,AnthemTheGame,post,1555780574,negative
bhiopq,AnthemTheGame,post,1556256478,negative
b8l16f,AnthemTheGame,post,1554220577,neutral
b8ltmp,AnthemTheGame,post,1554224239,neutral
bhsycu,AskReddit,post,1556321512,negative
b7ye2o,AskReddit,post,1554099744,neutral
bfxs5z,AskReddit,post,1555906183,neutral
bcqxc2,Beardsandboners,post,1555165133,neutral
ba4zsv,Bitcoin,post,1554561939,positive
bbds5p,ChapoTrapHouse,post,1554846044,negative
bj7hv1,ChapoTrapHouse,post,1556652696,negative
bimahp,EtikaRedditNetwork,post,1556519341,neutral
beq7cg,FortNiteBR,post,1555618637,negative
bgmvuu,Minecraft,post,1556059778,neutral
bbffsu,OakIsland,post,1554855275,neutral
bacwkd,PandR,post,1554612167,neutral
b9d4zb,PewdiepieSubmissions,post,1554386771,negative
bipdvy,PewdiepieSubmissions,post,1556543893,neutral
bdo9gc,Predators,post,1555379321,neutral
bdmbz3,TowerofGod,post,1555368020,negative
b97yh6,WatchRedditDie,post,1554350275,negative
b8bu92,adultery,post,1554164612,negative
bbq739,dankmemes,post,1554924314,neutral
bfhkl8,dankmemes,post,1555797198,negative
b89rhj,dankmemes,post,1554155521,positive
bd3pd0,dankmemes,post,1555254701,neutral
bfbwpb,dankmemes,post,1555765018,neutral
b7y85s,dankmemes,post,1554098673,negative
bb2gqa,dankmemes,post,1554776356,neutral
be0okx,dankmemes,post,1555456858,negative
bfutmr,dankmemes,post,1555887578,negative
bgv2nw,dankmemes,post,1556115017,negative
ba625x,dankmemes,post,1554568135,negative
b87n3u,dankmemes,post,1554147707,positive
b87yg6,dankmemes,post,1554148854,positive
bifj2g,dankmemes,post,1556482659,negative
b80jc0,destiny2,post,1554114938,negative
b9s4kt,entwives,post,1554475812,positive
birnpq,freefolk,post,1556556168,negative
bcmjn6,gatekeeping,post,1555126822,negative
bg2qw7,ireland,post,1555943335,negative
bg8a4q,nyjets,post,1555971758,neutral
berafd,opieandanthony,post,1555624612,neutral
beofqk,redditrequest,post,1555609283,neutral
bcmnud,redditrequest,post,1555127758,neutral
be9i1c,redditrequest,post,1555516781,neutral
b8kzz3,redditrequest,post,1554220413,neutral
bavnap,redditrequest,post,1554739749,neutral
b97ytx,redditrequest,post,1554350349,neutral
bc7f9u,redditrequest,post,1555029670,neutral
bh89qz,skyrim,post,1556196786,neutral
bd9uxl,teenagers,post,1555289106,neutral
b9f9tg,thisisus,post,1554396873,neutral
b8auzy,wallstreetbets,post,1554159891,neutral
b8g7tu,wallstreetbets,post,1554191803,neutral
bg5cl7,2healthbars,post,1555956765,neutral
bafzk6,Animemes,post,1554641962,negative
baxa66,Assistance,post,1554748067,neutral
bes2ch,AusFinance,post,1555628729,neutral
bdkwzb,BestOfReports,post,1555359547,positive
b7y9m1,CODZombies,post,1554098917,neutral
bd7080,CODZombies,post,1555272760,negative
bdu0l4,Christianity,post,1555421686,neutral
b817y2,Competitiveoverwatch,post,1554119131,negative
bepe3i,Competitiveoverwatch,post,1555614298,negative
bgcqua,CringeAnarchy,post,1555998600,negative
bgmbrn,CringeAnarchy,post,1556056757,negative
bd17ls,DeepFriedMemes,post,1555235161,negative
bdnsb0,Drama,post,1555376469,neutral
baiz1a,DunderMifflin,post,1554659582,negative
be5ekt,FreeKarma4U,post,1555490239,neutral
bhshnb,GothBoiClique,post,1556318695,neutral
bbvhri,MtvChallenge,post,1554954260,neutral
b8bl9o,NoStupidQuestions,post,1554163369,positive
bh2j0a,SocialJusticeInAction,post,1556154298,negative
bgydoc,SquaredCircle,post,1556131675,negative
b8cccs,TheWalkingDeadGame,post,1554167227,neutral
bg26v8,The_Donald,post,1555940204,negative
bhtwl3,Trumpgret,post,1556327531,negative
b8k2m9,Warthunder,post,1554215998,positive
bhfitb,askMRP,post,1556235443,neutral
b81k0s,birdswitharms,post,1554120919,negative
b8pgfk,creepyPMs,post,1554241777,negative
b9vuvx,dank_meme,post,1554494174,negative
beoak5,dank_meme,post,1555608517,neutral
b7xj22,dankmemes,post,1554094281,neutral
bfkwc0,dankmemes,post,1555818912,neutral
b7yrfg,dankmemes,post,1554102268,negative
b7vvc7,dankmemes,post,1554083990,negative
b83mih,dankmemes,post,1554131446,negative
b8442y,dankmemes,post,1554133676,positive
bflqgi,dankmemes,post,1555825496,neutral
bfk5ei,dankmemes,post,1555813603,negative
bfnn3h,dankmemes,post,1555844004,neutral
bgrg32,dankmemes,post,1556088579,negative
bfhl8q,dankmemes,post,1555797302,positive
bfhvxo,dankmemes,post,1555799078,negative
bg34m2,dankmemes,post,1555945411,negative
b7vwym,dankmemes,post,1554084261,negative
beqxh6,dankmemes,post,1555622600,negative
bg8bl7,dankmemes,post,1555971977,negative
b8bhxn,dankmemes,post,1554162913,neutral
bg57qh,dankmemes,post,1555956076,neutral
b7y7ip,dankmemes,post,1554098553,negative
bhmfob,dankmemes,post,1556286259,negative
b9hc8z,dankmemes,post,1554406813,neutral
bayaah,dankmemes,post,1554753191,negative
bbjrfb,dankmemes,post,1554886607,negative
bg990s,dankmemes,post,1555976996,negative
b8171l,dankmemes,post,1554118993,negative
bfrtp7,dankmemes,post,1555870770,negative
bhaxib,dankmemes,post,1556211066,negative
bfkab3,dankmemes,post,1555814529,negative
bhdfum,dankmemes,post,1556224046,negative
bhrwuh,dankmemes,post,1556315352,negative
bh7uem,dankmemes,post,1556194093,negative
bemb6r,dankmemes,post,1555598334,negative
bdqstm,dankmemes,post,1555397625,neutral
bfq7bu,dankmemes,post,1555861943,neutral
bbuvjg,darkjokes,post,1554950155,neutral
bbqnrn,darkjokes,post,1554926668,negative
bd2nxz,help,post,1555247974,neutral
bgmzyc,help,post,1556060418,neutral
bebkoc,letsplay,post,1555527380,positive
bhwa3e,marvelstudios,post,1556345826,neutral
bhy25c,modhelp,post,1556363549,neutral
b9kio6,moviescirclejerk,post,1554423953,negative
bbu19f,playrust,post,1554944979,negative
bdyz8t,raimimemes,post,1555447569,positive
bfqsb2,redditisfun,post,1555865156,neutral
bfnxnj,redditrequest,post,1555846653,neutral
b82ux2,redditrequest,post,1554127773,negative
ba06d7,redditrequest,post,1554520559,neutral
bf035w,redditrequest,post,1555686012,neutral
bgwqoz,redditrequest,post,1556123463,neutral
bfkqex,redditrequest,post,1555817706,neutral
bhz2ht,slimerancher,post,1556371724,neutral
bfa2mw,unpopularopinion,post,1555748546,neutral
bgk5xl,Accutane,post,1556045688,negative
b86fjt,Adoption,post,1554142967,neutral
bcm55v,Animemes,post,1555123804,negative
b8qs3e,AskOuija,post,1554248995,negative
b8syou,BannedFromThe_Donald,post,1554262028,negative
b9dsgz,BannedFromThe_Donald,post,1554389988,neutral
bi40h0,Braincels,post,1556401576,neutral
b8mx50,Comcast_Xfinity,post,1554229387,neutral
bat76x,CongratsLikeImFive,post,1554726504,neutral
b97rda,CrazyIdeas,post,1554348891,neutral
bgl40s,CringeAnarchy,post,1556050502,negative
bgt1sg,CringeAnarchy,post,1556102455,negative
bgfjkm,CringeAnarchy,post,1556020929,negative
bgimvs,CringeAnarchy,post,1556037926,neutral
bgonk5,CringeAnarchy,post,1556069940,neutral
bb9a5j,DeepFriedMemes,post,1554823715,negative
bet5b7,INTP,post,1555635031,neutral
badop3,LifeProTips,post,1554619195,negative
b7wdkz,Minecraft,post,1554087012,positive
b81c4q,RightwingLGBT,post,1554119806,negative
b8005t,Showerthoughts,post,1554111305,neutral
bhubdl,The_Donald,post,1556330349,positive
bb1v6x,TopMindsOfReddit,post,1554772729,negative
bbqxdn,TopMindsOfReddit,post,1554928045,negative
bhq7f1,TopMindsOfReddit,post,1556305950,negative
bj7akw,WWII,post,1556651645,negative
bgndwv,circlebroke2,post,1556062578,negative
bhopox,circlebroke2,post,1556298239,negative
bff36d,cripplingalcoholism,post,1555783220,neutral
bbdwlb,dank_meme,post,1554846684,negative
b7vvcn,dankmemes,post,1554083992,negative
b7wfb5,dankmemes,post,1554087306,negative
b86obu,dankmemes,post,1554144042,negative
bip39d,dankmemes,post,1556542096,neutral
b80hzl,dankmemes,post,1554114691,neutral
bfledu,dankmemes,post,1555822736,neutral
bg2k93,dankmemes,post,1555942320,positive
bbwa3k,dankmemes,post,1554962275,negative
bfeiw8,dankmemes,post,1555780268,neutral
bfdtas,dankmemes,post,1555776569,neutral
bd4az7,dankmemes,post,1555258213,neutral
bj6ypb,dankmemes,post,1556649952,negative
b8649o,ftm,post,1554141628,neutral
bffo8o,funny,post,1555786403,negative
bflc9z,funny,post,1555822277,neutral
b8zzi1,gifs,post,1554308049,neutral
ba4p6w,gifs,post,1554560068,positive
bacooe,gifs,post,1554610388,neutral
bae1jh,gifs,post,1554622989,neutral
baliqh,gifs,post,1554673412,neutral
bc53nr,ireland,post,1555016395,neutral
bcrnka,madlads,post,1555169387,neutral
bi3plm,marvelstudios,post,1556399770,positive
biohae,memes,post,1556538084,neutral
bepl7b,memes,post,1555615357,positive
bdjyv1,memes,post,1555354944,neutral
bdndzc,memes,post,1555374052,neutral
bcm8nr,memes,post,1555124506,neutral
bgny00,mildlyinfuriating,post,1556065823,negative
bb55y7,redditrequest,post,1554796247,neutral
b9nx3t,redditrequest,post,1554447354,neutral
bj2821,redditrequest,post,1556624007,neutral
bdm86g,redditrequest,post,1555367463,neutral
bbm6tl,redditrequest,post,1554903872,neutral
bb99zq,redditrequest,post,1554823694,neutral
bgy1m0,seduction,post,1556129974,positive
b8qale,stopsmoking,post,1554246220,neutral
b9k3bh,subredditcancer,post,1554421425,negative
bicokv,teenagers,post,1556467072,neutral
bcrba8,teenagers,post,1555167397,negative
biqby8,teenagers,post,1556549363,neutral
bj56vh,teenagers,post,1556641029,neutral
belhwn,totalwar,post,1555593726,neutral
bcydyu,wallstreetbets,post,1555209735,neutral
b8ehxg,4chan,post,1554179921,positive
bj4f3g,AskOuija,post,1556636993,neutral
bb3y6e,AskOuija,post,1554786493,neutral
bfqcpr,AskReddit,post,1555862773,neutral
bhg4yx,Brawlstars,post,1556239291,negative
bgm1ts,CringeAnarchy,post,1556055251,neutral
bgld3b,CringeAnarchy,post,1556051786,negative
bc85ed,DoesAnybodyElse,post,1555034172,neutral
bbaqy4,Grimdank,post,1554830901,negative
bcmzn4,NotHowDrugsWork,post,1555130306,negative
bd8rbg,SchoolIdolFestival,post,1555282294,negative
bdqu88,Seahawks,post,1555397945,negative
bb0ja4,StLouis,post,1554764977,neutral
bd4f53,StarWars,post,1555258860,neutral
bc57wf,StarWars,post,1555017024,neutral
bdv9r8,StarWarsBattlefront,post,1555428593,negative
bdv9r9,StarWarsBattlefront,post,1555428593,negative
babsmk,SuddenlyGay,post,1554603640,neutral
bhs93s,Trumpgret,post,1556317315,neutral
bffn3u,UnsentLetters,post,1555786218,negative
bcwxi7,Yogscast,post,1555199659,neutral
b9plnl,bicycling,post,1554460985,negative
bbbo5h,boottoobig,post,1554835567,negative
bbboqo,boottoobig,post,1554835639,negative
bcf151,boottoobig,post,1555083736,negative
bg4ebg,boottoobig,post,1555951987,negative
bifbnd,buccos,post,1556481607,negative
beevee,comedy,post,1555545465,neutral
beez5s,comedy,post,1555546104,neutral
bfhdax,dank_meme,post,1555795984,negative
bh670f,dankmemes,post,1556180965,negative
b81dpk,dankmemes,post,1554120059,neutral
biwoa4,dankmemes,post,1556582762,negative
bhn0bs,dankmemes,post,1556289436,positive
bg88s9,dankmemes,post,1555971564,negative
be7zq0,dankmemes,post,1555508763,negative
b84vq5,dankmemes,post,1554137240,neutral
ba8wz8,dankmemes,post,1554584567,neutral
bft7nr,dankmemes,post,1555878396,neutral
bctfev,dankmemes,post,1555179433,neutral
bcthsu,dankmemes,post,1555179786,neutral
b7umhh,dankmemes,post,1554076844,negative
babvse,dankmemes,post,1554604234,negative
bcspgw,dankmemes,post,1555175389,negative
bcspu6,dankmemes,post,1555175447,negative
bcspyr,dankmemes,post,1555175468,negative
b87ezl,dankmemes,post,1554146790,neutral
bfq3ck,dankmemes,post,1555861299,negative
bewguu,dankmemes,post,1555659276,negative
bez27o,dankmemes,post,1555680291,negative
bf9daj,dankmemes,post,1555741976,negative
bj5q5y,dankmemes,post,1556643700,neutral
b8llrr,dankmemes,post,1554223215,neutral
biwukt,dankmemes,post,1556583811,negative
bh4gxg,dankmemes,post,1556166573,negative
be76pq,dankmemes,post,1555504068,negative
bhmy31,dankmemes,post,1556289104,negative
bfoxx7,dankmemes,post,1555854294,neutral
bfq3qh,dankmemes,post,1555861360,neutral
be0uv2,dankmemes,post,1555457881,neutral
bhoct2,dankmemes,post,1556296421,negative
bfdakw,darkjokes,post,1555773691,negative
bhtwli,darkjokes,post,1556327533,negative
bbuogu,darkjokes,post,1554948944,negative
bbr7or,darkjokes,post,1554929541,negative
bc7t5l,help,post,1555032071,neutral
bexdic,memes,post,1555667708,negative
bblgrc,memes,post,1554899592,negative
bhl2cu,modhelp,post,1556276815,neutral
be7g1m,modhelp,post,1555505615,neutral
bcx0a8,reactiongifs,post,1555200164,neutral
bgdoek,reactiongifs,post,1556005961,negative
bgdqys,reactiongifs,post,1556006575,negative
bgdtuu,reactiongifs,post,1556007276,negative
bgdw8z,reactiongifs,post,1556007875,negative
bgv9t6,reactiongifs,post,1556116062,neutral
bgvapj,reactiongifs,post,1556116197,neutral
bhb3p0,reactiongifs,post,1556211934,negative
bglatv,redditrequest,post,1556051469,neutral
bhrev2,redditrequest,post,1556312539,neutral
b89891,redditrequest,post,1554153418,neutral
barzp4,teenagers,post,1554718185,neutral
b9ds7q,thebachelor,post,1554389952,negative
bfy72z,trashy,post,1555909327,negative
be8jzh,unpopularopinion,post,1555511864,negative
bhyj4b,woooosh,post,1556367542,negative
bbbgaj,2007scape,post,1554834450,neutral
beqtg3,9anime,post,1555621986,negative
b9fbzj,AskReddit,post,1554397160,negative
b8nrbz,CK2GameOfthrones,post,1554233470,neutral
bds1o9,CasualUK,post,1555408298,negative
bbx7j3,ChapoTrapHouse,post,1554969495,neutral
bh9mfi,Competitiveoverwatch,post,1556204335,neutral
bcdnvc,DoctorWhumour,post,1555076275,neutral
bi1k2s,FreeKarma4U,post,1556387018,neutral
bis9x3,FreeKarma4U,post,1556559294,neutral
bbknyo,HighQualityGifs,post,1554894140,neutral
berij9,HighQualityGifs,post,1555625815,negative
b9h6qp,Jokes,post,1554406063,neutral
bca0qm,Jokes,post,1555047519,neutral
bd7xee,Jokes,post,1555277736,negative
beqhp9,Jokes,post,1555620238,negative
bbbxbs,Memes_Of_The_Dank,post,1554836800,negative
b9x64j,Memes_Of_The_Dank,post,1554501095,neutral
b8djai,Morrowind,post,1554173840,negative
bd0bjp,NoStupidQuestions,post,1555225917,neutral
bhhx16,SandersForPresident,post,1556250861,negative
bdrqha,Scotland,post,1555405697,negative
bg80gk,Smite,post,1555970343,negative
bg80ln,Smite,post,1555970363,negative
bg80pv,Smite,post,1555970379,negative
bg80u1,Smite,post,1555970397,negative
bg813g,Smite,post,1555970434,negative
bg818b,Smite,post,1555970451,negative
bibdwb,StarWars,post,1556459201,negative
bhkdjc,Trumpgret,post,1556271132,negative
bd9xns,Unexpected,post,1555289583,negative
bhq6op,WatchRedditDie,post,1556305833,negative
baa59u,WhitePeopleTwitter,post,1554592239,neutral
bb34qo,batonrouge,post,1554780664,negative
b9z51x,conspiracy,post,1554513075,negative
bauxve,conspiracy,post,1554736187,negative
bf56vu,dank_meme,post,1555712793,neutral
b7yq70,dankmemes,post,1554102034,negative
bfmnw6,dankmemes,post,1555834253,negative
bg4xv1,dankmemes,post,1555954696,neutral
bavd1t,dankmemes,post,1554738329,negative
bfbvxo,dankmemes,post,1555764856,negative
bdixep,dankmemes,post,1555349980,neutral
bbcdw4,dankmemes,post,1554839073,neutral
bhokcl,dankmemes,post,1556297496,neutral
bc143x,dankmemes,post,1554995982,negative
b7xnuc,dankmemes,post,1554095099,negative
b81t58,dankmemes,post,1554122333,negative
bccttj,dankmemes,post,1555071104,negative
b9duj2,dankmemes,post,1554390241,neutral
bi04ln,darkjokes,post,1556378613,negative
bamtk2,exjw,post,1554680988,positive
bihif2,frogs,post,1556494165,neutral
bd27kj,gameofthrones,post,1555244482,neutral
b91b86,hoi4,post,1554314270,positive
be605p,memes,post,1555495532,negative
bebap3,memes,post,1555525967,negative
b88jdz,memes,post,1554150936,negative
b9vnkz,memes,post,1554493153,neutral
bhf4i0,memes,post,1556233136,positive
bavlb0,mildlypenis,post,1554739465,neutral
bj50e8,nba,post,1556640092,negative
bapnxr,opieandanthony,post,1554699848,neutral
batkex,opieandanthony,post,1554728697,neutral
bcpm4p,opieandanthony,post,1555155330,negative
bcsstx,opieandanthony,post,1555175928,negative
bd6t9d,opieandanthony,post,1555271699,negative
b988f1,redditrequest,post,1554352211,neutral
ba6agd,redditrequest,post,1554569417,neutral
bj3ok8,redditrequest,post,1556633015,neutral
bh123w,redditrequest,post,1556145591,neutral
b84fs9,redditrequest,post,1554135162,neutral
biw73p,skyrim,post,1556579879,neutral
b7vwqw,thedivision,post,1554084224,positive
ba7u79,totalwar,post,1554578129,neutral
bago79,totalwar,post,1554646699,negative
beamtn,totalwar,post,1555522542,negative
bejyp4,totalwar,post,1555583543,negative
bftliw,totalwar,post,1555880570,neutral
b815x9,unpopularopinion,post,1554118794,negative
bav6hd,whatisthisthing,post,1554737406,neutral
biilhp,woooosh,post,1556500948,neutral
biilyo,woooosh,post,1556501031,negative
biirax,woooosh,post,1556502020,negative
b9jra5,2007scape,post,1554419454,neutral
bin0l4,Advice,post,1556525726,neutral
bgwqf3,AmItheAsshole,post,1556123425,positive
b814n0,Animemes,post,1554118572,negative
bfqxqq,PewdiepieSubmissions,post,1555865973,neutral
bfmktp,Showerthoughts,post,1555833394,negative
bgco1i,birdswitharms,post,1555998042,negative
bfgqxz,dankmemes,post,1555792373,positive
be6a7b,dankmemes,post,1555497801,neutral
bfq624,dankmemes,post,1555861736,negative
bhdbn2,dankmemes,post,1556223425,positive
bi18kg,dankmemes,post,1556385190,negative
bj91kb,dankmemes,post,1556660299,negative
bhldnt,dankmemes,post,1556279203,positive
b8k29f,dankmemes,post,1554215949,negative
bfj1gw,dankmemes,post,1555806346,negative
bbaixu,dankmemes,post,1554829803,neutral
bidk25,dankmemes,post,1556471983,neutral
b9jjp8,dankmemes,post,1554418210,negative
bais77,dankmemes,post,1554658555,negative
bh4jvp,electricdaisycarnival,post,1556167179,neutral
bgqykk,goldenknights,post,1556084622,positive
bimgk1,help,post,1556520707,neutral
bbb57j,help,post,1554832904,neutral
bb9mp3,madlads,post,1554825485,neutral
bb9roe,madlads,post,1554826146,neutral
bi42cm,marvelstudios,post,1556401900,neutral
bb7n7j,marvelstudios,post,1554814764,neutral
bgjwnm,me_irl,post,1556044351,neutral
bh5yfd,mildlyinteresting,post,1556178701,neutral
b8h08s,modhelp,post,1554197817,neutral
bff5oy,navyseals,post,1555783578,neutral
b8dclm,politics,post,1554172746,neutral
bauuav,politics,post,1554735686,negative
bgj100,programming,post,1556039881,negative
bhm2sb,redditmobile,post,1556284131,neutral
bhmqme,redditmobile,post,1556287989,neutral
bil0kg,redditrequest,post,1556512937,neutral
bbnqou,redditrequest,post,1554912175,neutral
bdpntz,redditrequest,post,1555388570,neutral
bg5wa3,shroomers,post,1555959547,neutral
bbmroo,succulents,post,1554907055,neutral
b91rhg,AnimalCrossing,post,1554316383,negative
bckad2,Animemes,post,1555111427,negative
b90ddw,AskOuija,post,1554309825,neutral
b9eh0a,BSA,post,1554393196,neutral
bavejq,BattleCatsCheats,post,1554738533,neutral
be9u5d,CringeAnarchy,post,1555518470,neutral
bggvob,CringeAnarchy,post,1556028902,negative
bggxro,CringeAnarchy,post,1556029229,negative
bgh1jx,CringeAnarchy,post,1556029831,neutral
bgp6ev,CringeAnarchy,post,1556072907,negative
bgo8qb,CringeAnarchy,post,1556067561,negative
b82mw8,Denver,post,1554126664,negative
ba3p3j,Drama,post,1554552744,negative
bdvk3d,EtikaRedditNetwork,post,1555430060,negative
bdwmxa,EtikaRedditNetwork,post,1555435519,neutral
beu6xf,EtikaRedditNetwork,post,1555641679,neutral
b8i7x1,Games,post,1554206040,negative
bftas7,Gunners,post,1555878894,negative
b9xu75,HistoryMemes,post,1554504845,negative
bcvxwe,HistoryMemes,post,1555193620,negative
bd80t6,HistoryMemes,post,1555278255,negative
bdgwqx,HistoryMemes,post,1555340125,negative
bdjp3w,HistoryMemes,post,1555353658,negative
bfuhs9,HistoryMemes,post,1555885652,negative
bd8j1a,HistoryMemes,post,1555280993,negative
bf8z8h,Kaiserreich,post,1555738659,negative
b8js7t,MortalKombat,post,1554214574,negative
be0c5g,MortalKombat,post,1555454870,negative
bbsrld,Music,post,1554937580,neutral
bfrbmy,WatchRedditDie,post,1555868042,negative
bczc2h,answers,post,1555217093,negative
bj15oa,ar15,post,1556615258,neutral
ba2ga4,aznidentity,post,1554540869,negative
bcr4n5,beetlejuicing,post,1555166317,negative
bixfh7,buccos,post,1556587349,negative
bfld4m,dankmemes,post,1555822450,neutral
bajs6a,dankmemes,post,1554663790,negative
bajzvu,dankmemes,post,1554664950,negative
bb81n7,dankmemes,post,1554817087,negative
bcj0wu,dankmemes,post,1555104204,negative
bd3zut,dankmemes,post,1555256442,negative
ba8yrv,dankmemes,post,1554584867,negative
bfiwng,dankmemes,post,1555805473,negative
b7xjql,dankmemes,post,1554094406,negative
b8ya6j,dankmemes,post,1554299832,negative
bd6m3x,dankmemes,post,1555270611,negative
b7vc0x,dankmemes,post,1554080749,negative
b7vsi1,dankmemes,post,1554083514,negative
b7w8mc,dankmemes,post,1554086168,negative
bj00my,dankmemes,post,1556605118,neutral
bg58qq,dankmemes,post,1555956211,neutral
bfiepk,dankmemes,post,1555802383,positive
bfikq8,dankmemes,post,1555803442,negative
beidna,dankmemes,post,1555569544,neutral
badxi3,dankmemes,post,1554621656,negative
bai7qr,dankmemes,post,1554655531,neutral
b7uub8,dankmemes,post,1554077899,neutral
b7wy5i,dankmemes,post,1554090622,negative
bc6g4m,dankmemes,post,1555023727,negative
b8bilb,dankmemes,post,1554163004,positive
bhmrfw,dankmemes,post,1556288114,positive
baqfk2,dankmemes,post,1554705577,negative
baqg0x,dankmemes,post,1554705677,negative
bh7bj7,dankmemes,post,1556190482,negative
bhg8mw,dankmemes,post,1556239936,neutral
bbrvpx,darkjokes,post,1554932965,negative
bbxl3d,darkjokes,post,1554973026,negative
bc2396,darkjokes,post,1555000968,neutral
bcb5vv,darkjokes,post,1555057741,negative
bfemdk,discordapp,post,1555780774,negative
bghjrr,grandorder,post,1556032485,positive
becisc,mathematics,post,1555532319,negative
bbc93k,me_irl,post,1554838403,neutral
bh9olj,memes,post,1556204640,negative
b8zraw,mildlyinfuriating,post,1554306977,negative
ba3g70,needamod,post,1554550650,neutral
bbqpfd,needamod,post,1554926900,neutral
bcdhi4,needamod,post,1555075224,neutral
bi8j86,needamod,post,1556433810,neutral
bdj805,pittsburgh,post,1555351434,negative
bis69r,redditrequest,post,1556558803,negative
baieza,redditrequest,post,1554656626,neutral
bdcifg,redditrequest,post,1555306962,neutral
b9bvf8,redditrequest,post,1554379648,neutral
be0c8i,redditrequest,post,1555454883,neutral
ben1hg,redditrequest,post,1555602097,neutral
bghevt,redditrequest,post,1556031799,neutral
bh0610,redditrequest,post,1556140828,neutral
bi6pi7,redditrequest,post,1556419174,neutral
bhd2ig,teenagers,post,1556222109,negative
b9nbzh,totallynotrobots,post,1554442626,negative
baxvcy,xayahmains,post,1554751062,neutral
bbnqpe,2007scape,post,1554912176,negative
binwjf,AdviceAnimals,post,1556533689,negative
bcz82s,Affiliatemarketing,post,1555216179,neutral
b8yiiv,AnthemTheGame,post,1554300990,neutral
bf6r23,AskModerators,post,1555722421,negative
bhdtwq,AskReddit,post,1556226055,neutral
bb39qw,Bible,post,1554781627,neutral
b9cpic,BlackPeopleTwitter,post,1554384514,neutral
bbzmlw,BlueJackets,post,1554987867,neutral
b9s3u4,CFA,post,1554475709,neutral
bgmbwn,ChronicPain,post,1556056780,neutral
bgn8og,CringeAnarchy,post,1556061745,positive
b9ghgl,DnD,post,1554402722,neutral
bd9lzr,FalloutMods,post,1555287540,negative
b7ziac,HistoryMemes,post,1554107641,neutral
b81ddb,HistoryMemes,post,1554120009,negative
bhkdyw,Kindred,post,1556271231,negative
bbfo8u,LiverpoolFC,post,1554856700,neutral
bfw0c3,ModSupport,post,1555894851,neutral
bdgnwl,PS4,post,1555338791,negative
bc86g7,Piracy,post,1555034352,negative
bi444h,PremierLeague,post,1556402191,neutral
bgxs6o,Trumpgret,post,1556128654,neutral
b85hk5,circojeca,post,1554139800,negative
bacmpe,circojeca,post,1554609967,neutral
b7xrtb,dankmemes,post,1554095751,negative
b7zt1g,dankmemes,post,1554109883,negative
bfnlze,dankmemes,post,1555843719,negative
bgkpjt,dankmemes,post,1556048470,neutral
bfgnqz,dankmemes,post,1555791876,negative
bhtude,dankmemes,post,1556327117,negative
baw70e,dankmemes,post,1554742495,negative
bcp5f3,dankmemes,post,1555151003,neutral
b7w53z,dankmemes,post,1554085594,negative
b7wrvb,dankmemes,post,1554089442,neutral
bipn1p,dankmemes,post,1556545435,neutral
b7up44,dankmemes,post,1554077198,negative
b8a5mk,dankmemes,post,1554157117,negative
b9a6ac,dankmemes,post,1554366815,neutral
bggfjk,dankmemes,post,1556026420,negative
bapfin,dankmemes,post,1554698149,negative
bftw5z,dankmemes,post,1555882211,neutral
bftwnq,dankmemes,post,1555882283,neutral
b837w8,dankmemes,post,1554129526,negative
bi4lnv,dankmemes,post,1556405163,negative
b9r4bb,dankmemes,post,1554470364,negative
bcl94j,dankmemes,post,1555117650,negative
b7x0tl,dankmemes,post,1554091104,negative
bh1wjb,darkjokes,post,1556150543,negative
bcjmvm,darkjokes,post,1555107609,negative
ba8ufl,madlads,post,1554584158,neutral
b80nnj,memes,post,1554115718,negative
bdmw9u,memes,post,1555371155,neutral
bfm9e1,memes,post,1555830250,neutral
bf0eho,modhelp,post,1555687633,neutral
bh0jjv,realmadrid,post,1556142796,neutral
bdxgd1,redditrequest,post,1555439731,neutral
bj2krh,redditrequest,post,1556626409,neutral
b9gfu7,redditrequest,post,1554402510,neutral
b951p2,redditrequest,post,1554332548,neutral
b8ek4l,redditrequest,post,1554180348,neutral
ba5h85,redditrequest,post,1554564817,neutral
baczuq,redditrequest,post,1554612933,neutral
bj9xdx,redditrequest,post,1556664869,negative
bajlfz,unpopularopinion,post,1554662777,negative
bi2m8f,unpopularopinion,post,1556393217,negative
bcw9wh,wallstreetbets,post,1555195652,neutral
bh00b0,wokekids,post,1556139984,neutral
bbako5,AMA,post,1554830032,neutral
bgmu74,AgainstHateSubreddits,post,1556059522,negative
bdlflj,AskReddit,post,1555363335,neutral
b96hjl,AskReddit,post,1554340993,neutral
b9if1x,AskReddit,post,1554412127,neutral
b9lxhh,AskReddit,post,1554432649,neutral
bivav2,ClubPenguin,post,1556574864,neutral
bgeczf,CringeAnarchy,post,1556011925,negative
bgmaww,CringeAnarchy,post,1556056624,negative
bgjqcp,CringeAnarchy,post,1556043440,negative
bgim94,DDLC,post,1556037841,neutral
ba37ap,DevilMayCry,post,1554548476,negative
bhd0yr,DevilMayCry,post,1556221892,neutral
bgtvly,Egypt,post,1556108090,negative
b87f07,FortNiteBR,post,1554146792,negative
ban5fo,MakeNewFriendsHere,post,1554683087,neutral
bc614i,Negareddit,post,1555021328,negative
b9jwzk,PewdiepieSubmissions,post,1554420372,neutral
b7ux0l,ProgrammerHumor,post,1554078311,negative
b9uf4h,PvZGardenWarfare,post,1554486996,neutral
bas4ww,Soda,post,1554719307,neutral
b7wvu1,SquaredCircle,post,1554090174,negative
bbzdhi,StarWarsBattlefront,post,1554986325,neutral
bi7d0t,Toyota,post,1556424043,neutral
bhgoof,Trumpgret,post,1556242739,negative
b82f4w,Wetshaving,post,1554125469,neutral
bdup1d,antiMLM,post,1555425597,positive
babpv4,asktransgender,post,1554603086,negative
bds3ks,beta,post,1555408716,negative
bgo4pz,conspiracy,post,1556066924,negative
b7vbnw,dankmemes,post,1554080691,positive
bb23b0,dankmemes,post,1554774093,neutral
bf8h1m,dankmemes,post,1555734681,negative
bd4o8s,dankmemes,post,1555260274,negative
bhn1zb,dankmemes,post,1556289686,positive
bfmjlu,dankmemes,post,1555833038,neutral
bdxcep,dankmemes,post,1555439190,negative
bg8jtm,dankmemes,post,1555973207,positive
ba2wmu,dankmemes,post,1554545520,negative
badwcr,dankmemes,post,1554621326,negative
bcjk0o,dankmemes,post,1555107156,negative
bf84vn,dankmemes,post,1555732092,neutral
b7yhvf,dankmemes,post,1554100455,neutral
b7w9kx,dankmemes,post,1554086336,negative
bece56,dankmemes,post,1555531646,negative
b83lcw,dankmemes,post,1554131291,negative
bfi0by,dankmemes,post,1555799836,positive
bepwsk,dankmemes,post,1555617070,negative
b8i5ny,dankmemes,post,1554205630,negative
bdq7oy,dankmemes,post,1555392821,negative
bbu2pp,darkjokes,post,1554945232,negative
bhlfkz,darkjokes,post,1556279607,negative
bilom8,darkjokes,post,1556515397,negative
bdnttg,ethereum,post,1555376716,neutral
bbbnhu,flyfishing,post,1554835472,neutral
bj1rud,gameofthrones,post,1556620547,negative
bhhssr,googlehome,post,1556250037,neutral
bbmz6w,longisland,post,1554908180,neutral
b7z2ak,madlads,post,1554104372,negative
ba95ju,madlads,post,1554586027,negative
ba9bki,madlads,post,1554587052,neutral
bgxiwn,madlads,post,1556127369,negative
bhdgfo,madlads,post,1556224138,neutral
bdrf08,marvelstudios,post,1555402713,neutral
be33q1,marvelstudios,post,1555471556,neutral
bhgpvj,memes,post,1556242956,neutral
bb1tq9,memes,post,1554772496,negative
bb1u0n,memes,post,1554772541,negative
bgm32v,memes,post,1556055426,neutral
bh3gno,memes,post,1556159921,neutral
bh8nft,memes,post,1556199010,neutral
bh8oib,nyjets,post,1556199187,neutral
bcf6af,outside,post,1555084482,neutral
ba25r4,rant,post,1554537726,negative
bfjfmb,redditrequest,post,1555808937,neutral
bfqmwl,redditrequest,post,1555864312,neutral
bfwyec,redditrequest,post,1555900820,neutral
bg656y,redditrequest,post,1555960785,neutral
bf7ylc,redditrequest,post,1555730806,neutral
bdbwi0,redditrequest,post,1555302089,negative
bhcxpz,redditrequest,post,1556221427,neutral
b8u0nt,redditrequest,post,1554269655,neutral
bes1uu,redditrequest,post,1555628657,neutral
bfzh1i,redditrequest,post,1555920149,neutral
bhn6si,redditrequest,post,1556290372,neutral
b993c6,redrising,post,1554358446,neutral
bj9hf6,soccer,post,1556662521,negative
bj9u9z,soccer,post,1556664373,negative
b8qnxe,socialanxiety,post,1554248318,neutral
barebn,teenagers,post,1554713193,neutral
bd3cqe,thedivision,post,1555252566,positive
b7v56l,thedivision,post,1554079611,positive
bdz880,unpopularopinion,post,1555448841,negative
b93nu6,unpopularopinion,post,1554325247,negative
bia9j1,videos,post,1556450604,neutral
bj6jrc,AskSF,post,1556647823,negative
bhsm4p,Braincels,post,1556319445,negative
bfhdve,CasualConversation,post,1555796077,neutral
bfhqhq,CasualConversation,post,1555798166,neutral
bfji82,CasualConversation,post,1555809422,negative
bfjlpx,CasualConversation,post,1555810037,negative
bbnvka,DestinyTheGame,post,1554912843,negative
bbnxdg,DestinyTheGame,post,1554913094,negative
birqj2,FIFA,post,1556556556,neutral
bhtsaa,Hair,post,1556326753,neutral
bd9gxi,Kanye,post,1555286705,negative
bevp71,Kanye,post,1555652687,negative
biglwv,Kanye,post,1556488620,negative
bim6i5,Kanye,post,1556518422,negative
bdhimm,MaddenMobileForums,post,1555343235,positive
bdkfih,MaddenMobileForums,post,1555357148,positive
bdktxa,MaddenMobileForums,post,1555359105,positive
bj2bfr,Memes_Of_The_Dank,post,1556624666,negative
bdgrm6,ModSupport,post,1555339354,neutral
bj551g,MortalKombat,post,1556640759,neutral
bj62qh,MortalKombat,post,1556645449,negative
bd42pf,NYYankees,post,1555256917,negative
bdmne4,PopCornTime,post,1555369744,negative
bhxe9r,Rammstein,post,1556357033,neutral
bbhgv2,Reds,post,1554867978,neutral
bb2kbj,TrueOffMyChest,post,1554776986,negative
bf5hcn,TrueOffMyChest,post,1555714502,negative
bgksmh,VapePorn,post,1556048906,neutral
besd3s,WatchRedditDie,post,1555630345,neutral
beypxp,WikiLeaks,post,1555678133,neutral
bfhoyw,actuallesbians,post,1555797912,neutral
b84hst,bees,post,1554135409,negative
bdz16h,dank_meme,post,1555447841,negative
b7w1n8,dankmemes,post,1554085019,neutral
bfnyyb,dankmemes,post,1555846965,neutral
bc1kdf,dankmemes,post,1554998347,negative
bcruo4,dankmemes,post,1555170533,negative
bdwyyc,dankmemes,post,1555437258,negative
bgsa7j,dankmemes,post,1556095928,neutral
bczde4,dankmemes,post,1555217412,negative
bgi75q,dankmemes,post,1556035761,neutral
bc7dbf,dankmemes,post,1555029338,negative
b7uyem,dankmemes,post,1554078529,negative
bee6zg,dankmemes,post,1555541392,negative
bfle7a,dankmemes,post,1555822696,negative
bczgd6,dankmemes,post,1555218115,neutral
bddlqi,dankmemes,post,1555317106,neutral
bdovvg,dankmemes,post,1555383216,negative
bixd9b,dankmemes,post,1556586986,negative
bepr8w,dankmemes,post,1555616247,positive
bbonml,darkjokes,post,1554916723,neutral
bc0w1f,darkjokes,post,1554994829,neutral
b89sbc,denvernuggets,post,1554155615,neutral
bhuw8j,food,post,1556334460,neutral
bh88fk,formula1,post,1556196576,negative
bc2x6g,hacking,post,1555005139,negative
b7ywx5,leagueoflegends,post,1554103306,negative
bgjudn,legaladvice,post,1556044031,neutral
bhd6d8,memes,post,1556222663,neutral
bh5fdo,memes,post,1556174145,negative
ba4o8e,mildlyinfuriating,post,1554559889,negative
bgegrj,mildlyinfuriating,post,1556012808,neutral
bgf05v,oaklandraiders,post,1556017138,positive
bb4kxh,opieandanthony,post,1554791476,neutral
bederh,opieandanthony,post,1555537146,negative
bdt5fj,redditrequest,post,1555416461,neutral
bitc95,redditrequest,post,1556564764,neutral
beim8n,redditrequest,post,1555571562,neutral
b8ol9r,redditrequest,post,1554237529,neutral
beg918,singing,post,1555553932,neutral
bgwxlb,spiders,post,1556124434,positive
bcv4x5,suns,post,1555188827,neutral
be1n66,teenagers,post,1555462556,neutral
bgjvuw,teenagers,post,1556044240,neutral
bdmkf9,unpopularopinion,post,1555369291,negative
b8qz7c,uofm,post,1554250149,neutral
b88t8i,wallstreetbets,post,1554151924,neutral
b89h5e,4chan,post,1554154363,negative
bbc53n,APStudents,post,1554837839,neutral
bbuyvf,AgainstHateSubreddits,post,1554950752,negative
bek29p,AskHistorians,post,1555584324,negative
bgfbuq,AskReddit,post,1556019512,neutral
benrv9,AskWomen,post,1555605863,negative
bisoly,AskWomen,post,1556561405,negative
bgpmoj,CringeAnarchy,post,1556075575,negative
b8eqg7,HistoryMemes,post,1554181539,negative
bcbt05,HitBoxPorn,post,1555063678,negative
b8d88h,Memes_Of_The_Dank,post,1554172044,negative
b8f4e9,Memes_Of_The_Dank,post,1554184148,negative
b8ggid,Memes_Of_The_Dank,post,1554193726,neutral
b8k9ol,Memes_Of_The_Dank,post,1554216966,negative
b8lc3r,Memes_Of_The_Dank,post,1554221966,neutral
b95sqi,Memes_Of_The_Dank,post,1554336877,neutral
b9a96p,Memes_Of_The_Dank,post,1554367608,negative
b9ktfi,Memes_Of_The_Dank,post,1554425819,neutral
ba6xpl,Memes_Of_The_Dank,post,1554572954,negative
ba70lb,Memes_Of_The_Dank,post,1554573423,negative
bblp25,Memes_Of_The_Dank,post,1554901039,negative
bbou49,Memes_Of_The_Dank,post,1554917617,negative
bbovc3,Memes_Of_The_Dank,post,1554917777,negative
bbx5qy,Memes_Of_The_Dank,post,1554969037,neutral
bd7gqn,Memes_Of_The_Dank,post,1555275249,negative
beh9ci,Memes_Of_The_Dank,post,1555560625,neutral
behfwx,Memes_Of_The_Dank,post,1555561976,neutral
behiwg,Memes_Of_The_Dank,post,1555562600,neutral
bhj51q,Memes_Of_The_Dank,post,1556260221,neutral
bi9ybu,Memes_Of_The_Dank,post,1556447771,neutral
bia81c,Memes_Of_The_Dank,post,1556450248,neutral
b8ibdi,NeckbeardNests,post,1554206619,negative
bbp6hb,PewdiepieSubmissions,post,1554919286,neutral
bd50q5,PewdiepieSubmissions,post,1555262231,negative
beqkft,SequelMemes,post,1555620653,positive
b8i4uo,Steam,post,1554205486,negative
bj7qcd,TooAfraidToAsk,post,1556653932,negative
bcv5e9,WatchRedditDie,post,1555188911,negative
bhmtr5,WatchRedditDie,post,1556288450,negative
b8xh5k,army,post,1554295463,neutral
b8z5q3,army,post,1554304126,negative
bgw02s,army,post,1556119795,negative
batj7a,boottoobig,post,1554728518,neutral
bd2qmy,copypasta,post,1555248517,negative
bfm3fb,dankmemes,post,1555828693,negative
b81yhv,dankmemes,post,1554123110,neutral
b82ign,dankmemes,post,1554125959,negative
b7y53h,dankmemes,post,1554098100,neutral
bhz4eg,dankmemes,post,1556372099,positive
big3lb,dankmemes,post,1556485808,negative
b896vu,dankmemes,post,1554153276,neutral
bab2f7,dankmemes,post,1554598553,negative
bgxzbi,dankmemes,post,1556129655,neutral
bcnkhd,dankmemes,post,1555135278,negative
bdg593,dankmemes,post,1555335880,negative
bgdoq6,dankmemes,post,1556006035,positive
bgqmvx,dankmemes,post,1556082322,neutral
bj0i44,dankmemes,post,1556609221,negative
b807sk,dankmemes,post,1554112798,neutral
bfgek6,dankmemes,post,1555790459,negative
b947o5,dankmemes,post,1554328095,negative
bh9g6n,dankmemes,post,1556203431,negative
bfp726,dankmemes,post,1555855930,negative
bg3b03,dankmemes,post,1555946360,negative
bfs6qb,dankmemes,post,1555872753,neutral
bhfgpt,dankmemes,post,1556235104,positive
bfprma,dankmemes,post,1555859351,positive
bbwwga,darkjokes,post,1554966708,negative
bbuyq9,darkjokes,post,1554950726,negative
bbqpvz,darkjokes,post,1554926962,negative
b9nteq,darkjokes,post,1554446536,neutral
bhmruj,discordapp,post,1556288168,negative
bi7yai,dogecoin,post,1556428661,negative
bikot5,freefolk,post,1556511741,negative
b9z4ki,help,post,1554512977,neutral
bgeunl,hoi4,post,1556015908,negative
bgz214,iamverybadass,post,1556135072,neutral
bd2aqk,lgbt,post,1555245204,positive
bepl5j,marvelstudios,post,1555615349,neutral
bgpqfd,marvelstudios,post,1556076220,positive
bbl4jv,memes,post,1554897398,neutral
bi46bg,memes,post,1556402564,negative
bh90ki,reddeadredemption,post,1556201062,negative
begoki,redditrequest,post,1555556702,neutral
be0aod,redditrequest,post,1555454616,neutral
biv7le,redditrequest,post,1556574371,negative
bcvqvm,redditrequest,post,1555192458,neutral
be4mcr,redditrequest,post,1555483002,neutral
bacyhr,redditrequest,post,1554612618,neutral
bebmtm,shrooms,post,1555527676,negative
bdthr8,thedonald,post,1555418618,positive
bhok5l,thedonald,post,1556297469,positive
b9cnww,unpopularopinion,post,1554384272,negative
bb47g5,wholesomememes,post,1554788479,neutral
bccuqd,AgainstHateSubreddits,post,1555071273,negative
bi0zq8,AgainstHateSubreddits,post,1556383748,negative
be1jfh,AskOuija,post,1555461925,neutral
bcx06p,AskReddit,post,1555200147,neutral
bisy3h,AskReddit,post,1556562748,negative
b7wejg,CHIBears,post,1554087178,neutral
b8qdyv,Carpentry,post,1554246751,neutral
bgsrt3,CringeAnarchy,post,1556100228,negative
bgcty9,CringeAnarchy,post,1555999259,neutral
bdi395,DankMemesFromSite19,post,1555345881,positive
beh5s9,DankMemesFromSite19,post,1555559942,neutral
b9icec,Drama,post,1554411753,negative
bdd33l,Drama,post,1555312068,positive
bbba4s,Kanye,post,1554833592,neutral
be81al,ModSupport,post,1555509013,negative
b8amox,NoStupidQuestions,post,1554158899,positive
b9arq3,PhantomForces,post,1554371718,negative
ba2bj9,PhantomForces,post,1554539403,neutral
bcw4c1,PhantomForces,post,1555194703,negative
b8q1ec,TrueOffMyChest,post,1554244810,negative
bhqwwh,WatchRedditDie,post,1556309753,negative
bafz80,anime,post,1554641892,neutral
bdiz2n,anime,post,1555350216,neutral
be65b0,anime,post,1555496733,negative
bfx9rw,bakchodi,post,1555902752,neutral
b8azvz,boottoobig,post,1554160495,negative
bhr11d,dankmemes,post,1556310394,neutral
b7wi2p,dankmemes,post,1554087751,neutral
bfw5bt,dankmemes,post,1555895716,negative
bfpp6m,dankmemes,post,1555858955,neutral
bi0qua,dankmemes,post,1556382277,neutral
be52hs,dankmemes,post,1555486979,neutral
bcxk4a,dankmemes,post,1555203900,neutral
bbtfe6,dankmemes,post,1554941356,negative
bbtg3v,dankmemes,post,1554941468,negative
bedwqu,dankmemes,post,1555539783,negative
bf3kca,dankmemes,post,1555703887,negative
bhvevc,dankmemes,post,1556338383,positive
bfu1yz,dankmemes,post,1555883145,negative
bak1b9,dankmemes,post,1554665186,negative
bbtf3u,dankmemes,post,1554941312,negative
b7vq6y,dankmemes,post,1554083125,neutral
b83sy9,dankmemes,post,1554132266,negative
bcqxo2,dankmemes,post,1555165187,neutral
b7y8i0,dankmemes,post,1554098727,negative
b9g09i,dankmemes,post,1554400465,negative
b7xlfg,dankmemes,post,1554094696,neutral
bi250n,dankmemes,post,1556390393,positive
b7yhgx,dankmemes,post,1554100379,neutral
bfi2ug,dankmemes,post,1555800285,positive
bgwwb9,dankmemes,post,1556124259,negative
b7wkuh,dankmemes,post,1554088213,positive
bdp0lt,freefolk,post,1555384072,negative
bhhhju,freefolk,post,1556247907,negative
b8op8z,help,post,1554238068,neutral
b924xc,help,post,1554318124,negative
b9udrs,help,post,1554486813,neutral
ba4wyo,help,post,1554561459,neutral
ba9ita,help,post,1554588280,neutral
baba9i,help,post,1554600071,neutral
bac4m0,help,post,1554606097,neutral
bbfks6,help,post,1554856108,neutral
bbkmgg,help,post,1554893854,negative
bbo58c,help,post,1554914213,neutral
bd540x,help,post,1555262762,neutral
be9puo,help,post,1555517855,negative
befpho,help,post,1555550564,negative
bfyphi,help,post,1555913500,neutral
bio387,help,post,1556535189,neutral
bj0uv5,help,post,1556612421,neutral
bht491,help,post,1556322555,neutral
bg18iw,help,post,1555934311,negative
bhldpu,marvelstudios,post,1556279213,neutral
bd4ij2,opieandanthony,post,1555259385,negative
b82g6k,reddevils,post,1554125631,neutral
bhunq1,redditrequest,post,1556332742,neutral
bb7ybl,redditrequest,post,1554816563,neutral
b8tll5,redditrequest,post,1554266473,neutral
bg7s4f,redditrequest,post,1555969115,neutral
bahf6y,redditrequest,post,1554651141,neutral
bab1e5,rolltide,post,1554598348,neutral
b9xksw,sph,post,1554503293,neutral
bahonv,teenagers,post,1554652629,negative
bg62ef,tf2,post,1555960382,neutral
bihs23,ukpolitics,post,1556495848,negative
bd0p72,youtube,post,1555229807,neutral
bdpzhb,AskReddit,post,1555391020,neutral
b95f3v,Coachella,post,1554334690,positive
bgmtgq,CringeAnarchy,post,1556059416,negative
bac881,Drama,post,1554606858,negative
b8lc5x,Memes_Of_The_Dank,post,1554221974,neutral
bi7zlo,MortalKombat,post,1556428966,positive
bc94v7,Nicegirls,post,1555040682,negative
bgl7zf,NoStupidQuestions,post,1556051059,neutral
bj6kj2,NobodyAsked,post,1556647940,negative
b99ke9,Petioles,post,1554361989,neutral
baswef,PewdiepieSubmissions,post,1554724709,negative
b848ln,PrequelMemes,post,1554134255,neutral
b94ycj,Rainbow6,post,1554332124,neutral
b9yzxp,RocketLeagueExchange,post,1554512093,neutral
b8kmco,TameImpala,post,1554218609,neutral
bcd349,TownofSalemgame,post,1555072797,neutral
bho3gm,Trumpgret,post,1556295072,negative
bhosio,Trumpgret,post,1556298630,negative
b9mtm5,TwoXChromosomes,post,1554438738,neutral
bdzhnf,WatchRedditDie,post,1555450220,neutral
bchtrg,anime,post,1555097812,neutral
b8b91i,dankmemes,post,1554161704,negative
b7xobo,dankmemes,post,1554095181,negative
b7xy3y,dankmemes,post,1554096845,negative
b7zeh9,dankmemes,post,1554106803,neutral
bfnmz3,dankmemes,post,1555843972,neutral
bhsgdy,dankmemes,post,1556318494,positive
bdtcl1,dankmemes,post,1555417710,neutral
bgy9nm,dankmemes,post,1556131121,neutral
bgaex5,dankmemes,post,1555983826,neutral
bfoc9b,dankmemes,post,1555849966,negative
bfrn7c,dankmemes,post,1555869788,negative
b7yn7v,dankmemes,post,1554101469,negative
biodon,dankmemes,post,1556537363,neutral
bflarw,dankmemes,post,1555821946,negative
bfnk00,dankmemes,post,1555843189,negative
bd5ywr,dankmemes,post,1555267318,neutral
bicqb1,dankmemes,post,1556467334,positive
b7yjaq,dankmemes,post,1554100724,neutral
bhf92w,dankmemes,post,1556233843,positive
bihew8,darkjokes,post,1556493547,negative
bbs0el,darkjokes,post,1554933635,negative
b98v9f,discordapp,post,1554356763,neutral
bis97h,forhonor,post,1556559195,neutral
beocw3,funny,post,1555608895,negative
bb0k7v,golf,post,1554765123,neutral
bai2q1,india,post,1554654757,negative
bh8ijy,marvelstudios,post,1556198210,neutral
b859ue,me_irl,post,1554138963,neutral
bhnaj0,memes,post,1556290927,neutral
ban7k1,modhelp,post,1554683451,neutral
bcf4n9,needamod,post,1555084242,neutral
bdsunu,needamod,post,1555414453,neutral
bb7n9a,pyrocynical,post,1554814776,neutral
bciymo,redditrequest,post,1555103850,neutral
bd0eff,redditrequest,post,1555226693,neutral
bj8q3q,redditrequest,post,1556658760,neutral
bdfino,relationship_advice,post,1555332150,neutral
b8vsk2,self,post,1554284184,negative
bi9n38,softwaregore,post,1556444740,neutral
bdekng,teenagers,post,1555325502,neutral
b7w1co,teenagers,post,1554084972,neutral
babdek,unpopularopinion,post,1554600678,negative
bbvazy,unpopularopinion,post,1554952988,negative
bbvcs7,unpopularopinion,post,1554953330,negative
bem64s,unpopularopinion,post,1555597548,negative
bhbrna,Animemes,post,1556215347,positive
bba1q1,AnthemTheGame,post,1554827546,negative
bgtiw8,Art,post,1556105858,neutral
b8ypu2,AskOuija,post,1554301996,neutral
bgcusc,AskOuija,post,1555999429,neutral
bh0r8h,AskOuija,post,1556143931,neutral
bdn34b,AskReddit,post,1555372236,neutral
b8g5rv,AskReddit,post,1554191353,neutral
bi684i,BetterEveryLoop,post,1556415855,negative
bggo6d,CringeAnarchy,post,1556027766,negative
bibule,DarkAngels,post,1556462180,negative
bd51pa,FORTnITE,post,1555262383,neutral
bcunm1,GTAV,post,1555186136,neutral
bf17z0,MortalKombat,post,1555691829,positive
bd0brd,PewdiepieSubmissions,post,1555225974,neutral
b7x6tn,RWBY,post,1554092130,positive
bcndpc,RocketLeagueExchange,post,1555133578,neutral
bbjxiw,StarVStheForcesofEvil,post,1554888100,negative
bfs75w,StarVStheForcesofEvil,post,1555872817,negative
bh7uat,StarVStheForcesofEvil,post,1556194073,neutral
be2j72,ask,post,1555467881,negative
b7y36l,baseball,post,1554097743,neutral
b85jdv,baseball,post,1554139985,negative
bh3vzx,battlestations,post,1556162622,negative
bhsbl0,bloodborne,post,1556317717,negative
bgbcn4,confessions,post,1555989380,negative
bb7gpl,dankmemes,post,1554813645,neutral
bb9mfw,dankmemes,post,1554825450,neutral
bevact,dankmemes,post,1555649297,negative
b7wmc4,dankmemes,post,1554088481,neutral
b7xl2n,dankmemes,post,1554094636,negative
b82ddr,dankmemes,post,1554125215,negative
b82dwv,dankmemes,post,1554125290,negative
b83uxd,dankmemes,post,1554132517,negative
b83vde,dankmemes,post,1554132570,negative
bigecn,dankmemes,post,1556487433,negative
biw370,dankmemes,post,1556579242,negative
bgfbw1,dankmemes,post,1556019519,negative
bhvutp,dankmemes,post,1556342036,negative
bdwbwp,dankmemes,post,1555434006,negative
b89agc,dankmemes,post,1554153655,negative
bcenjr,dankmemes,post,1555081772,neutral
b82hdz,dankmemes,post,1554125806,negative
b88ssb,dankmemes,post,1554151879,negative
b8mn7e,dankmemes,post,1554228123,neutral
b7y9z9,dankmemes,post,1554098982,negative
bhhi0z,dankmemes,post,1556247995,negative
b84g7w,dankmemes,post,1554135221,neutral
b7xtg7,dankmemes,post,1554096039,negative
b8mat7,dankmemes,post,1554226481,negative
bexyzo,dankmemes,post,1555672695,negative
bj0wmg,dankmemes,post,1556612889,neutral
bizgex,darkjokes,post,1556600664,negative
bbun6y,darkjokes,post,1554948722,negative
bbv4uf,darkjokes,post,1554951850,neutral
bc2564,darkjokes,post,1555001230,negative
bdu38k,darknet,post,1555422121,negative
baecdu,help,post,1554626452,negative
bbf1wc,homeless,post,1554853006,negative
bbipxt,lakers,post,1554877442,neutral
bbiqbc,lakers,post,1554877530,neutral
bcl684,lastfm,post,1555117125,negative
bg7mh0,magicTCG,post,1555968317,neutral
bcg45i,memes,post,1555089311,negative
bj3wm7,mildlyinfuriating,post,1556634249,negative
bamsio,modhelp,post,1554680809,neutral
b7xhg0,nba,post,1554093994,negative
b7xl82,nba,post,1554094664,negative
b8ximz,nba,post,1554295701,neutral
bapo0t,nba,post,1554699865,neutral
bcw0nz,nba,post,1555194080,positive
bcwr4i,nba,post,1555198536,negative
bdo6df,nba,post,1555378801,negative
bdqab2,nba,post,1555393390,negative
bfxq8h,nba,post,1555905816,neutral
bg64g5,nba,post,1555960679,neutral
bgblx2,nba,post,1555990949,neutral
bijssz,nba,post,1556508043,neutral
bj83x0,nba,post,1556655776,neutral
bd9iig,opieandanthony,post,1555286966,neutral
bhziv9,privacytoolsIO,post,1556374899,negative
bi62d2,ravens,post,1556414732,neutral
b9a37l,redditrequest,post,1554366111,neutral
bg7pj9,redditrequest,post,1555968756,neutral
bhhta5,redditrequest,post,1556250134,neutral
bdtncc,redditrequest,post,1555419573,neutral
bec82i,tattoo,post,1555530778,neutral
bazyw5,teenagers,post,1554761887,negative
bii0zb,teenagers,post,1556497334,positive
bj0wjv,teenagers,post,1556612868,negative
bftp7e,teenagers,post,1555881135,negative
bbelqc,teenagers,post,1554850463,negative
bawa29,AskModerators,post,1554742937,negative
bbkprk,AskModerators,post,1554894500,negative
benhy0,AskModerators,post,1555604451,neutral
b9zcbf,ChapoTrapHouse,post,1554514485,neutral
b7yv6u,ChapoTrapHouse,post,1554102967,neutral
b9cmuu,ChapoTrapHouse,post,1554384097,neutral
b9efl6,ChapoTrapHouse,post,1554393015,positive
ba13ni,ChapoTrapHouse,post,1554527999,negative
baa6iu,ChapoTrapHouse,post,1554592473,negative
bbz8h4,ChapoTrapHouse,post,1554985413,neutral
bchevr,ChapoTrapHouse,post,1555095654,negative
bct9ns,ChapoTrapHouse,post,1555178580,negative
bctahx,ChapoTrapHouse,post,1555178700,negative
bctarl,ChapoTrapHouse,post,1555178738,negative
bdmfrv,ChapoTrapHouse,post,1555368575,negative
bdn8mo,ChapoTrapHouse,post,1555373151,negative
betq9l,ChapoTrapHouse,post,1555638680,negative
bf63de,ChapoTrapHouse,post,1555718188,negative
bfp1e6,ChapoTrapHouse,post,1555854914,positive
bgcpoh,ChapoTrapHouse,post,1555998367,neutral
bhu1sl,ChapoTrapHouse,post,1556328519,neutral
bhu56s,ChapoTrapHouse,post,1556329164,negative
bii6n5,ChapoTrapHouse,post,1556498316,neutral
bikbvo,ChapoTrapHouse,post,1556510454,neutral
bj74yx,ChapoTrapHouse,post,1556650843,negative
bj9pz3,ChapoTrapHouse,post,1556663718,neutral
beb77o,DecidingToBeBetter,post,1555525453,neutral
bbrsfp,DestinyMemes,post,1554932524,neutral
bh1xu7,Drama,post,1556150777,negative
bbh8v9,Earwolf,post,1554866432,neutral
b83fvs,FashionReps,post,1554130593,neutral
bbk33t,FrankOcean,post,1554889443,negative
bbxt6a,FrankOcean,post,1554975029,negative
b9z4zk,HumansBeingBros,post,1554513060,negative
bit9ik,IdeasForAskreddit,post,1556564389,neutral
bbc5ou,JurassicPark,post,1554837923,neutral
b894ev,McJuggerNuggets,post,1554153022,neutral
b95eyt,MurderedByWords,post,1554334669,neutral
ban5ef,PewdiepieSubmissions,post,1554683081,negative
b8qiz6,PrequelMemes,post,1554247529,neutral
b9ku0a,RocketLeague,post,1554425916,negative
bj5or4,SandersForPresident,post,1556643508,negative
bcdfc6,Slipknot,post,1555074861,neutral
b80qic,StoppedWorking,post,1554116193,negative
bac4ox,TEFL,post,1554606112,negative
bixj0c,Welding,post,1556587940,neutral
bcgxih,books,post,1555093303,neutral
bbl5p8,dankmemes,post,1554897627,neutral
b7w5du,dankmemes,post,1554085640,neutral
bfq0uc,dankmemes,post,1555860883,neutral
bgliv8,dankmemes,post,1556052591,negative
bgirp7,dankmemes,post,1556038587,neutral
bafxk1,dankmemes,post,1554641535,neutral
ba5qwd,dankmemes,post,1554566380,negative
ba90ow,dankmemes,post,1554585182,neutral
bcv6tj,dankmemes,post,1555189142,negative
bfuub6,dankmemes,post,1555887685,positive
bh8hv0,dankmemes,post,1556198101,neutral
bhd212,dankmemes,post,1556222040,positive
b8500i,dankmemes,post,1554137793,negative
bfnjyz,dankmemes,post,1555843180,negative
bioqgw,dankmemes,post,1556539808,neutral
bff45m,dankmemes,post,1555783355,negative
bhpnj1,dankmemes,post,1556303033,neutral
b88si3,dankmemes,post,1554151851,negative
b7v3un,dankmemes,post,1554079390,negative
b835vz,dankmemes,post,1554129249,negative
b84udo,dankmemes,post,1554137060,negative
bhrqkc,dankmemes,post,1556314353,negative
b80ftj,dankmemes,post,1554114275,neutral
b81qyh,dankmemes,post,1554121986,neutral
bcddvd,darkjokes,post,1555074622,negative
bf5ukx,darkjokes,post,1555716659,negative
bg3v2b,deadbydaylight,post,1555949219,neutral
b8999l,gtaglitches,post,1554153525,positive
bgtnao,juxtaposition,post,1556106664,neutral
bfzyrh,legaladviceofftopic,post,1555924556,negative
bearyg,marvelstudios,post,1555523281,positive
bb1hxj,memes,post,1554770505,negative
b84ovr,memes,post,1554136342,negative
b8o825,misophonia,post,1554235758,neutral
b93mbt,nba,post,1554325049,neutral
bg6g8o,raleigh,post,1555962335,negative
bbb4gb,rant,post,1554832806,negative
b8mhou,rant,post,1554227400,negative
b8vi9o,redditrequest,post,1554281865,neutral
bf1mb8,redditrequest,post,1555693832,neutral
bixnsk,redditrequest,post,1556588756,neutral
bd0npf,redditrequest,post,1555229372,neutral
b9wpbm,sports,post,1554498584,negative
b821gc,unpopularopinion,post,1554123546,negative
bj2ygx,unrealengine,post,1556628892,neutral
bgm7wg,wallstreetbets,post,1556056170,neutral
bctmbs,wallstreetbets,post,1555180483,neutral
bgub3n,Art,post,1556110780,neutral
bj1b77,AskOuija,post,1556616623,neutral
bh8lld,AskOuija,post,1556198713,negative
b8gy3g,AskReddit,post,1554197397,neutral
bhm6o1,DestinyTheGame,post,1556284776,negative
bjadds,Filmmakers,post,1556667402,neutral
bghm22,Memes_Of_The_Dank,post,1556032809,neutral
bfnzjb,PewdiepieSubmissions,post,1555847106,neutral
b7xmdo,SCJerk,post,1554094858,neutral
bhfo8f,WatchRedditDie,post,1556236360,negative
bigfc8,btc,post,1556487583,negative
bh1nnd,chicago,post,1556149050,neutral
biinyg,dankmemes,post,1556501398,negative
bbm173,dankmemes,post,1554902992,negative
b83rjl,dankmemes,post,1554132090,neutral
bf9i4e,dankmemes,post,1555743190,neutral
bfm6nt,dankmemes,post,1555829547,neutral
bffris,dankmemes,post,1555786898,neutral
bftpig,dankmemes,post,1555881182,negative
bdk51x,dankmemes,post,1555355749,negative
bdvhtg,dankmemes,post,1555429721,negative
bfbqdj,dankmemes,post,1555763686,negative
bcbvrj,dankmemes,post,1555064295,negative
bcbwme,dankmemes,post,1555064493,negative
bd4ox1,dankmemes,post,1555260377,negative
b80vqm,dankmemes,post,1554117094,negative
bi092g,dankmemes,post,1556379376,negative
bdc98b,dankmemes,post,1555304833,negative
b86ss3,dankmemes,post,1554144469,neutral
b80ucq,dankmemes,post,1554116866,neutral
beoq8o,dankmemes,post,1555610794,neutral
bhmbf7,dankmemes,post,1556285569,positive
be4ilf,dankmemes,post,1555482134,neutral
bf70cv,dankmemes,post,1555724146,negative
b7z8an,dankmemes,post,1554105566,negative
b87uy0,dankmemes,post,1554148511,negative
bgtkz9,dankmemes,post,1556106242,negative
bbzap8,darkjokes,post,1554985828,negative
bbm7xe,darkjokes,post,1554904042,negative
bgqazc,food,post,1556079979,negative
bdbzir,gardening,post,1555302711,negative
bfi6p0,gardening,post,1555800953,negative
b96or4,kindafunny,post,1554342225,positive
bdrltb,marvelstudios,post,1555404527,positive
bbpneo,marvelstudios,post,1554921610,neutral
bb99m2,memes,post,1554823637,neutral
bg6dl2,memes,post,1555961948,neutral
bd3cmb,modhelp,post,1555252548,neutral
bgz6bg,modhelp,post,1556135674,neutral
bhscww,nyjets,post,1556317930,neutral
bgm6gy,philadelphia,post,1556055940,negative
b988oa,redditrequest,post,1554352260,neutral
bj47cf,redditrequest,post,1556635862,neutral
bg06fu,redditrequest,post,1555926358,neutral
bfi1uu,redditrequest,post,1555800101,neutral
bc0vcz,redditrequest,post,1554994733,neutral
bii6qh,teenagers,post,1556498334,negative
bipib6,teenagers,post,1556544644,positive
bh4pgk,tf2,post,1556168332,negative
ba2abf,thedivision,post,1554539017,negative
bfqt68,unpopularopinion,post,1555865290,negative
bhfme8,vegan,post,1556236044,neutral
bj32ay,webdev,post,1556629507,neutral
bfhdvj,2007scape,post,1555796078,negative
b9n6ou,Advice,post,1554441482,neutral
beoxdt,AnthemTheGame,post,1555611859,negative
bge53w,AskOuija,post,1556010066,neutral
bhtpej,CoDCompetitive,post,1556326196,negative
b8dvku,DBZDokkanBattle,post,1554175873,neutral
b9udio,EngineeringStudents,post,1554486779,neutral
bbs4ck,EscapefromTarkov,post,1554934156,negative
bim6uq,Kanye,post,1556518506,negative
bf0ldt,Kappa,post,1555688629,neutral
bj8epv,KotakuInAction,post,1556657246,neutral
b8trt2,LawSchool,post,1554267783,neutral
bgyqbv,Libertarian,post,1556133446,negative
bcav1x,MakeNewFriendsHere,post,1555054799,neutral
bhm6z5,POLITIC,post,1556284829,negative
ba3mu6,PewdiepieSubmissions,post,1554552244,negative
bj5ylq,SexyWomanOfTheDay,post,1556644842,neutral
bdo8e9,ShadowBan,post,1555379145,negative
biawt7,Trumpgret,post,1556455833,neutral
ba5zgk,WorkOnline,post,1554567699,positive
ba0fnb,antiMLM,post,1554522593,neutral
bfbt9b,cardano,post,1555764280,neutral
b95ut5,communism,post,1554337222,negative
bcmde4,dankmemes,post,1555125468,negative
bcdjw7,dankmemes,post,1555075617,negative
bdhbbk,dankmemes,post,1555342214,negative
bigxdg,dankmemes,post,1556490546,positive
bdkblb,dankmemes,post,1555356618,negative
bch3wq,dankmemes,post,1555094147,negative
bdlt4m,dankmemes,post,1555365306,neutral
bg1xgz,dankmemes,post,1555938603,neutral
bh5238,dankmemes,post,1556171075,neutral
bflu8p,dankmemes,post,1555826401,negative
bhoqk7,dankmemes,post,1556298349,neutral
bad52u,dankmemes,post,1554614141,neutral
bfkw8y,dankmemes,post,1555818894,neutral
bgt5t8,dankmemes,post,1556103306,negative
begcm4,dankmemes,post,1555554586,neutral
bh3po4,dankmemes,post,1556161486,positive
b90yzw,dankmemes,post,1554312643,negative
bcw8qz,dankmemes,post,1555195452,positive
b9hci2,dankmemes,post,1554406847,negative
begcud,dankmemes,post,1555554627,neutral
begywy,dankmemes,post,1555558624,neutral
b83ffw,dankmemes,post,1554130535,negative
bfnzxy,dankmemes,post,1555847203,neutral
bbqzgf,dankmemes,post,1554928350,negative
b80ojw,dankmemes,post,1554115881,negative
biehw8,darkjokes,post,1556477175,negative
bccmb0,de,post,1555069754,neutral
bi0qtj,makinghiphop,post,1556382273,neutral
bhk382,marvelstudios,post,1556268519,positive
b7weof,memes,post,1554087202,negative
b81tir,spacex,post,1554122384,negative
b8u0sy,starcitizen,post,1554269689,positive
bahdw9,stopdrinking,post,1554650932,neutral
badb7c,survivinginfidelity,post,1554615682,neutral
bfvze0,teenagers,post,1555894698,neutral
b8919x,unpopularopinion,post,1554152715,negative
ba6p1m,unpopularopinion,post,1554571613,negative
b84vy8,uwaterloo,post,1554137271,neutral
b7y56s,weed,post,1554098117,positive
bg6004,Anxiety,post,1555960048,neutral
bh3liz,Anxiety,post,1556160759,neutral
bhndpj,AskReddit,post,1556291385,neutral
beak2m,AskReddit,post,1555522146,neutral
b8qnew,AskReddit,post,1554248233,neutral
bg37mc,AutoModerator,post,1555945857,neutral
bchxeh,BPD,post,1555098345,negative
bcl49u,BPD,post,1555116768,negative
bj72vu,BPD,post,1556650542,neutral
bj2vwm,BikiniBottomTwitter,post,1556628442,negative
be79mg,DunderMifflin,post,1555504551,negative
b7wr18,FortNiteBR,post,1554089299,neutral
bex81n,HistoryMemes,post,1555666382,negative
bdh40a,MaddenMobileForums,post,1555341168,positive
b9nn43,Minecraft,post,1554445101,neutral
bg24ku,ModSupport,post,1555939821,neutral
be3708,ModSupport,post,1555472185,neutral
beas90,NoStupidQuestions,post,1555523325,neutral
b9nt7u,Petscop,post,1554446494,positive
bgkbvh,SCP,post,1556046506,neutral
b7wwo7,SampleSize,post,1554090329,neutral
bg1os9,Showerthoughts,post,1555937107,negative
bgln7j,Showerthoughts,post,1556053189,negative
b8x4tn,The_Donald,post,1554293422,positive
betfsy,Wellthatsucks,post,1555636801,negative
bi53vm,bigonewild,post,1556408334,neutral
bakorv,blop,post,1554668697,neutral
bftm9d,communism101,post,1555880680,neutral
bei8ph,dankmemes,post,1555568360,negative
bfg9dm,dankmemes,post,1555789660,neutral
bichfv,dankmemes,post,1556465932,negative
bif5ih,dankmemes,post,1556480701,positive
ba3t2e,dankmemes,post,1554553615,negative
bb29ya,dankmemes,post,1554775228,negative
bfvv0p,dankmemes,post,1555893947,neutral
b7wjcq,dankmemes,post,1554087964,negative
bcpyjq,dankmemes,post,1555158260,negative
b7wx4r,dankmemes,post,1554090422,negative
bedvio,dankmemes,post,1555539605,neutral
bc1gvx,dankmemes,post,1554997833,negative
b8asn5,dankmemes,post,1554159603,neutral
bf5c8s,dankmemes,post,1555713671,negative
b81ra0,dataisbeautiful,post,1554122038,negative
beu8l7,dataisbeautiful,post,1555641977,negative
bg9gkl,democrats,post,1555978198,neutral
bi379h,falcons,post,1556396709,negative
bg0tng,gifs,post,1555931516,neutral
bey98v,meme,post,1555674949,neutral
bbi9ad,panthers,post,1554873769,neutral
bgnt8y,pokemongo,post,1556065022,negative
b8hxcz,redditrequest,post,1554204128,neutral
b924nc,redditrequest,post,1554318093,neutral
bdsh2h,rule34,post,1555411731,negative
bd5nam,scientology,post,1555265661,negative
bf3dei,stlouisblues,post,1555702871,negative
bh9cbh,teenagers,post,1556202855,negative
bh6fqh,unpopularopinion,post,1556183293,neutral
b93ra9,vegan,post,1554325731,negative
bhmy9k,AmItheAsshole,post,1556289130,negative
bfjkd7,AnarchyChess,post,1555809798,neutral
bc48np,AnthemTheGame,post,1555011928,negative
be3set,AskOuija,post,1555476451,neutral
bj9x9p,AskReddit,post,1556664849,negative
bheg22,BPD,post,1556229372,neutral
bar9la,Blackfellas,post,1554712084,neutral
beva72,ChapoTrapHouse,post,1555649261,neutral
bflroq,ChapoTrapHouse,post,1555825777,negative
bb3ag7,CollegeBasketball,post,1554781757,negative
bdhuts,Conservative,post,1555344776,neutral
bgoxap,CringeAnarchy,post,1556071452,negative
bf0zsb,DanLeBatardShow,post,1555690680,negative
baj05r,DunderMifflin,post,1554659750,negative
bffmcv,FortNiteBR,post,1555786104,negative
bibzcv,FullScorpion,post,1556462967,negative
bcyeoy,IncelTears,post,1555209876,negative
bfydfu,LifeProTips,post,1555910746,neutral
bcj8ef,MakeNewFriendsHere,post,1555105367,positive
b9wgmh,Showerthoughts,post,1554497296,negative
bdgkx7,TheWalkingDeadGame,post,1555338332,neutral
bhcv9s,UBC,post,1556221042,neutral
beerjc,albiononline,post,1555544803,neutral
bf9vkf,albiononline,post,1555746630,negative
b93sem,askgaybros,post,1554325889,negative
bfzbib,askgaybros,post,1555918775,negative
bdur03,atheism,post,1555425900,positive
b9am3v,dank_meme,post,1554370539,negative
ba6syk,dank_meme,post,1554572240,neutral
b7ydfp,dankmemes,post,1554099626,neutral
bdk23q,dankmemes,post,1555355362,negative
be0lbb,dankmemes,post,1555456326,negative
b80xbb,dankmemes,post,1554117342,negative
bh4dsy,dankmemes,post,1556165951,neutral
bfm4et,dankmemes,post,1555828948,neutral
bhn6pq,dankmemes,post,1556290363,positive
b7zjpr,dankmemes,post,1554107952,neutral
bas35u,dankmemes,post,1554718907,negative
bhqlf9,dankmemes,post,1556308032,neutral
bbn5vc,dankmemes,post,1554909188,negative
bea09f,dankmemes,post,1555519367,positive
bfim2r,dankmemes,post,1555803666,negative
b83iws,dankmemes,post,1554130977,neutral
bhrkaf,dankmemes,post,1556313368,neutral
bebdw4,dankmemes,post,1555526442,negative
b8q5cd,dankmemes,post,1554245403,negative
bdurdr,dankmemes,post,1555425954,negative
bgkwnw,dankmemes,post,1556049483,negative
bf1xlr,dankmemes,post,1555695419,neutral
bh3hop,dauntless,post,1556160096,neutral
bagi3r,gamedev,post,1554645633,neutral
b7wfky,grandorder,post,1554087343,negative
bf9j1y,halloween,post,1555743431,neutral
bf319m,help,post,1555701101,neutral
b8axfk,math,post,1554160186,neutral
be726t,memes,post,1555503297,neutral
b8j62m,memes,post,1554211393,positive
b7y50x,memes,post,1554098083,neutral
bb1n22,modhelp,post,1554771360,neutral
bg54lw,myfavoritemurder,post,1555955635,neutral
bf7yye,pacers,post,1555730880,neutral
bf8e6v,pacers,post,1555734040,neutral
bfxmy4,pacers,post,1555905199,neutral
bapash,redditrequest,post,1554697221,neutral
bb0984,redditrequest,post,1554763442,neutral
b9lfru,redditrequest,post,1554429595,neutral
behkah,redditrequest,post,1555562903,neutral
bhom1h,redditrequest,post,1556297739,neutral
biu0nk,redditrequest,post,1556568240,neutral
be93wh,shopify,post,1555514756,neutral
bddb9a,teenagers,post,1555314201,negative
bhvqya,teenagers,post,1556341132,neutral
bb0qwv,trees,post,1554766174,neutral
b8siss,unpopularopinion,post,1554259295,negative
bhrh1r,4chan,post,1556312867,negative
bhkmm1,AskOuija,post,1556273321,neutral
bj419b,AskReddit,post,1556634950,neutral
bdi5ii,Coachella,post,1555346185,positive
bf8mpm,CrappyDesign,post,1555735923,negative
bgt4g2,CringeAnarchy,post,1556103024,positive
b9dmp8,Epilepsy,post,1554389187,positive
bh8j9c,IdleHeroes,post,1556198335,neutral
bcmt9b,ImGoingToHellForThis,post,1555128895,negative
bgj1je,MLBTheShow,post,1556039959,neutral
bhgbui,NASCAR,post,1556240484,positive
b8x5kk,OnePunchMan,post,1554293540,neutral
bdnx17,PointlessStories,post,1555377238,negative
bfnqcj,Rainbow6,post,1555844857,neutral
biv7ms,Supernatural,post,1556574378,positive
bdm9ea,The_Dennis,post,1555367639,neutral
bfr4jb,TripSit,post,1555866956,negative
biyknj,asmr,post,1556594493,negative
b9y8l5,asoiaf,post,1554507228,positive
be9lxk,conspiracy,post,1555517309,negative
bidhyb,danganronpa,post,1556471657,neutral
bfuj7c,dank_meme,post,1555885874,positive
bdbzt1,dankmemes,post,1555302769,negative
b7zp35,dankmemes,post,1554109098,negative
bj3gyu,dankmemes,post,1556631804,negative
b833se,dankmemes,post,1554128966,negative
benc44,dankmemes,post,1555603615,negative
bfnfpr,dankmemes,post,1555841991,negative
ba49tw,dankmemes,post,1554557160,neutral
bbaqln,dankmemes,post,1554830854,neutral
bj1h6i,dankmemes,post,1556618128,positive
bhm0jl,dankmemes,post,1556283766,negative
bfb03e,dankmemes,post,1555757600,neutral
bf52b2,dankmemes,post,1555712079,neutral
bim097,dankmemes,post,1556517013,neutral
bdpdsx,dankmemes,post,1555386596,neutral
bf70up,dankmemes,post,1555724236,neutral
bhjufp,dankmemes,post,1556266241,neutral
b842dv,dankmemes,post,1554133458,neutral
b87l5h,dankmemes,post,1554147486,neutral
b7x687,dankmemes,post,1554092028,neutral
bbi6f9,dankmemes,post,1554873185,negative
bcajuy,darkjokes,post,1555051982,negative
bc43wk,darkjokes,post,1555011240,negative
bbpgcg,doctorwho,post,1554920627,neutral
bfgotf,drums,post,1555792039,negative
bfgqzc,drums,post,1555792379,negative
bfp3y7,drums,post,1555855371,neutral
beh2e2,graphic_design,post,1555559288,neutral
b9vwr2,insanepeoplefacebook,post,1554494433,negative
bhtt3b,marvelstudios,post,1556326888,positive
bgu3r5,marvelstudios,post,1556109520,positive
b7wied,modhelp,post,1554087807,neutral
biwtmt,nba,post,1556583648,neutral
bh5zwq,nursing,post,1556179045,neutral
bbc02f,nyjets,post,1554837162,neutral
bhc8d0,oddlysatisfying,post,1556217736,neutral
bcin41,opieandanthony,post,1555102112,negative
bfstx8,photoshopbattles,post,1555876303,neutral
b98lon,rant,post,1554354808,negative
bect2t,redditrequest,post,1555533875,neutral
ben5rb,redditrequest,post,1555602710,neutral
bimr5z,redditrequest,post,1556523265,neutral
bcm84l,redditrequest,post,1555124413,neutral
bclkxn,redditrequest,post,1555119884,neutral
bge3zg,redditrequest,post,1556009774,neutral
baf9zu,teenagers,post,1554635928,negative
bajf42,teenagers,post,1554661892,neutral
bcik83,teenagers,post,1555101688,negative
bftgrj,teenagers,post,1555879844,negative
begqo0,unpopularopinion,post,1555557079,negative
biv18k,unpopularopinion,post,1556573423,negative
bfwfdj,wowservers,post,1555897478,neutral
bgm7fg,ABoringDystopia,post,1556056093,negative
bgz7a9,AnthemTheGame,post,1556135808,negative
bdmu6x,Braincels,post,1555370831,negative
bfdomn,Christianity,post,1555775888,negative
bgqtgt,CringeAnarchy,post,1556083610,negative
bgrx8u,CringeAnarchy,post,1556092608,negative
bchalh,Denton,post,1555095055,neutral
bcpvrn,FlashTV,post,1555157626,negative
bc7tn3,IndiaSpeaks,post,1555032147,neutral
b7uvve,ModSupport,post,1554078136,neutral
b7yuqm,ModSupport,post,1554102884,neutral
b95hqj,ModSupport,post,1554335093,neutral
bad6bu,ModSupport,post,1554614435,neutral
bah3ep,ModSupport,post,1554649275,neutral
baivin,ModSupport,post,1554659070,neutral
bb8ou7,ModSupport,post,1554820622,neutral
bbo0k2,ModSupport,post,1554913550,neutral
bce9dk,ModSupport,post,1555079669,neutral
bcfcpc,ModSupport,post,1555085392,neutral
bd7dg0,ModSupport,post,1555274771,neutral
bf5wnt,ModSupport,post,1555717017,neutral
bf7v2e,ModSupport,post,1555730085,negative
bit2ee,ModSupport,post,1556563368,neutral
b8h0mt,NoStupidQuestions,post,1554197898,negative
bb87o2,PreggoPorn,post,1554818044,neutral
bbs65t,RocketLeagueExchange,post,1554934399,neutral
b95ufn,SWGalaxyOfHeroes,post,1554337157,negative
bbdusy,SWGalaxyOfHeroes,post,1554846419,neutral
bj4o8j,SWGalaxyOfHeroes,post,1556638332,negative
bboc2u,ShadowBan,post,1554915175,neutral
b8193w,ShingekiNoKyojin,post,1554119315,negative
bhdgff,ToolBand,post,1556224138,negative
b86rsd,UtahJazz,post,1554144371,positive
bh8fpp,asktransgender,post,1556197760,neutral
bfy7uz,atheism,post,1555909494,positive
bf28sn,bollywood,post,1555697022,negative
bdt66m,dankmemes,post,1555416592,negative
bbgumw,dankmemes,post,1554863842,negative
badjy1,dankmemes,post,1554617928,neutral
bbjxp7,dankmemes,post,1554888141,negative
bc58rz,dankmemes,post,1555017154,negative
b7ykot,dankmemes,post,1554100988,negative
b7znbe,dankmemes,post,1554108722,neutral
b81xqx,dankmemes,post,1554123000,negative
bfgxoe,dankmemes,post,1555793486,negative
bfo7n2,dankmemes,post,1555848949,neutral
bciqvi,dankmemes,post,1555102683,negative
bbqxpa,dankmemes,post,1554928105,neutral
bbkbdz,darkjokes,post,1554891352,negative
bbrggh,darkjokes,post,1554930793,neutral
bcj4p3,darkjokes,post,1555104782,negative
b81jcs,de,post,1554120819,neutral
bggo1i,edmproduction,post,1556027743,neutral
b9l4iw,fakealbumcovers,post,1554427676,negative
b8yiar,islam,post,1554300961,negative
bdwq3z,marvelstudios,post,1555435980,positive
behedu,memes,post,1555561651,negative
b8223r,memes,post,1554123633,negative
b7x5hs,miamidolphins,post,1554091900,positive
b8dqqn,modhelp,post,1554175038,negative
b8zbx7,modhelp,post,1554304938,neutral
b95lyc,modhelp,post,1554335765,neutral
b96vhq,modhelp,post,1554343340,neutral
b9gyve,modhelp,post,1554404995,neutral
b9kezx,modhelp,post,1554423350,neutral
bad3pv,modhelp,post,1554613827,neutral
banujp,modhelp,post,1554687577,neutral
bap7bf,modhelp,post,1554696529,neutral
bbqglh,modhelp,post,1554925667,neutral
bc1ybn,modhelp,post,1555000285,neutral
bd09q8,modhelp,post,1555225432,neutral
beuy41,modhelp,post,1555646832,neutral
bf3vi2,modhelp,post,1555705534,neutral
bf44ef,modhelp,post,1555706859,neutral
bfhpx8,modhelp,post,1555798078,neutral
bg0n15,modhelp,post,1555930141,neutral
bglsra,modhelp,post,1556053960,neutral
bgmqk3,modhelp,post,1556058982,neutral
bgyiqj,modhelp,post,1556132388,neutral
bir8uz,modhelp,post,1556554088,neutral
bgxkti,modhelp,post,1556127631,neutral
biwxja,needamod,post,1556584321,neutral
bha5y3,neoliberal,post,1556207156,neutral
bgjl1m,papertowns,post,1556042658,positive
ba9enp,penspinning,post,1554587575,neutral
bgowgs,penspinning,post,1556071311,neutral
bgl679,rant,post,1556050802,negative
bi5h4q,redditrequest,post,1556410756,neutral
bdxddb,redditrequest,post,1555439315,neutral
badc3k,redditrequest,post,1554615912,neutral
bff85d,redditrequest,post,1555783948,neutral
bf2pvq,teenagers,post,1555699465,negative
bb9rjs,thebachelor,post,1554826133,negative
b8c74f,tylerthecreator,post,1554166475,neutral
bj2hwn,unitedkingdom,post,1556625867,neutral
bicgcg,unpopularopinion,post,1556465749,negative
baqyvi,weightlifting,post,1554709657,neutral
bd86us,AmItheAsshole,post,1555279174,negative
bhnd00,AskReddit,post,1556291282,neutral
bgio41,Browns,post,1556038092,neutral
b8x5my,Calligraphy,post,1554293553,neutral
bag4x3,ClubPenguin,post,1554643053,negative
baio2a,ClubPenguin,post,1554657940,negative
baisis,ClubPenguin,post,1554658612,negative
bhtkhu,CoDCompetitive,post,1556325318,negative
bhtl4i,CoDCompetitive,post,1556325419,negative
bhtlgo,CoDCompetitive,post,1556325477,negative
bgrfph,CringeAnarchy,post,1556088495,neutral
b83ody,Edmonton,post,1554131699,positive
bfu7wx,Edmonton,post,1555884075,negative
b83900,HistoryMemes,post,1554129670,negative
b7ws5p,IndiaSpeaks,post,1554089495,negative
bifria,IndiaSpeaks,post,1556483936,neutral
baiqlq,LesbianGamers,post,1554658308,positive
bj15cm,ModSupport,post,1556615173,negative
b9tjy7,NoFap,post,1554482765,neutral
b7we6e,NoStupidQuestions,post,1554087115,neutral
b7zm57,NoStupidQuestions,post,1554108467,neutral
b88llv,NoStupidQuestions,post,1554151160,neutral
b916do,NoStupidQuestions,post,1554313619,neutral
b92l4f,NoStupidQuestions,post,1554320190,neutral
b9pe8i,NoStupidQuestions,post,1554459450,neutral
ba3sep,NoStupidQuestions,post,1554553463,neutral
bacvn9,NoStupidQuestions,post,1554611945,neutral
baia2n,NoStupidQuestions,post,1554655881,neutral
baj68o,NoStupidQuestions,post,1554660615,neutral
bal1eq,NoStupidQuestions,post,1554670662,negative
bbjl10,NoStupidQuestions,post,1554884934,negative
bbsn2q,NoStupidQuestions,post,1554936883,neutral
bc6nke,NoStupidQuestions,post,1555024951,negative
bd0b02,NoStupidQuestions,post,1555225764,neutral
bdyq5e,NoStupidQuestions,post,1555446250,neutral
bg8tkv,NoStupidQuestions,post,1555974639,neutral
bhfj70,NoStupidQuestions,post,1556235500,neutral
bikvfh,NoStupidQuestions,post,1556512404,negative
biotzh,NoStupidQuestions,post,1556540450,neutral
bizyc3,NoStupidQuestions,post,1556604623,neutral
bj0lgv,NoStupidQuestions,post,1556610062,negative
bj5ayo,NoStupidQuestions,post,1556641586,neutral
bd2lb7,PewdiepieSubmissions,post,1555247445,neutral
b7xj03,PewdiepieSubmissions,post,1554094270,neutral
bgu41c,SanJoseSharks,post,1556109571,neutral
b9l17v,SquaredCircle,post,1554427135,negative
bct2cw,brutalism,post,1555177428,negative
bhjhti,dank_meme,post,1556263110,neutral
bbbtmw,dank_meme,post,1554836313,neutral
bfsve8,dank_meme,post,1555876532,neutral
b83v4e,dankmemes,post,1554132540,negative
biwsxn,dankmemes,post,1556583527,negative
bfdein,dankmemes,post,1555774309,neutral
bb7uzk,dankmemes,post,1554816013,neutral
bidccu,dankmemes,post,1556470802,neutral
bfpi8x,dankmemes,post,1555857831,negative
bhprux,dankmemes,post,1556303665,neutral
bfk0y8,dankmemes,post,1555812789,neutral
b7v6e0,dankmemes,post,1554079824,neutral
b7xmuw,dankmemes,post,1554094936,neutral
bbjkoi,dankmemes,post,1554884839,negative
bbkijf,dankmemes,post,1554892998,negative
bdjbyr,dankmemes,post,1555351954,neutral
bckidv,dankmemes,post,1555112843,negative
bgfami,dankmemes,post,1556019271,negative
bgfe4w,dankmemes,post,1556019934,neutral
b7yt64,dankmemes,post,1554102590,negative
b9riev,dankmemes,post,1554472608,neutral
betd9z,dankmemes,post,1555636366,negative
bdrtp3,dankmemes,post,1555406455,neutral
bhog1q,dankmemes,post,1556296882,neutral
bbsji9,darkjokes,post,1554936345,negative
bfpfif,depression,post,1555857377,neutral
b9pmmw,dogswithjobs,post,1554461171,neutral
b9pmxk,dogswithjobs,post,1554461229,neutral
bb6few,dogswithjobs,post,1554806835,neutral
bcuhqq,dogswithjobs,post,1555185241,neutral
be2f2p,dogswithjobs,post,1555467183,neutral
bhe1j5,dogswithjobs,post,1556227151,neutral
b7wxoj,kpop,post,1554090532,neutral
bduqpj,labrats,post,1555425856,neutral
b7vb7g,lgbt,post,1554080619,neutral
b7vxww,medicalschool,post,1554084411,negative
bhmo38,memes,post,1556287583,positive
bj0ufc,modhelp,post,1556612315,neutral
ba3bk6,modhelp,post,1554549505,neutral
b8on81,papermario,post,1554237791,neutral
bavp4j,redditrequest,post,1554740001,neutral
baugpx,redditrequest,post,1554733694,neutral
b9z6cf,redditrequest,post,1554513327,neutral
bd79l3,redditrequest,post,1555274191,negative
b88cmf,redditrequest,post,1554150264,neutral
b8ilm0,screenshots,post,1554208301,neutral
biw607,sex,post,1556579703,neutral
b8gytk,skyrimmods,post,1554197540,negative
b86h0n,teenagers,post,1554143153,negative
b9apez,travel,post,1554371245,neutral
bduv76,wallstreetbets,post,1555426532,neutral
b8sl8z,wallstreetbets,post,1554259719,neutral
bek2kw,2007scape,post,1555584392,neutral
bbxtgk,Advice,post,1554975098,neutral
baypw2,AskReddit,post,1554755327,neutral
bau0xs,ChapoTrapHouse,post,1554731341,neutral
bdwimz,ChapoTrapHouse,post,1555434927,neutral
bh8aru,Feminism,post,1556196964,neutral
bilaf2,G59,post,1556513972,neutral
bbtl0g,Grimdank,post,1554942262,negative
bd408k,HomeImprovement,post,1555256503,neutral
baph23,Israel,post,1554698464,neutral
b8bh2d,MMA,post,1554162793,positive
be843i,Marvel,post,1555509456,neutral
bf69t7,OSHA,post,1555719281,negative
bbnk8f,PewdiepieSubmissions,post,1554911252,neutral
b96206,Pottermore,post,1554338401,neutral
bebi74,Stormlight_Archive,post,1555527035,positive
bhhlzr,TheOrville,post,1556248742,negative
bhaoml,The_Donald,post,1556209817,negative
b83f3z,Vaping,post,1554130489,negative
bi2qev,aws,post,1556393918,neutral
b8ibzw,blackladies,post,1554206713,positive
bfjpsm,chicago,post,1555810757,neutral
bfjs5d,chicago,post,1555811185,negative
bftpk2,dankmemes,post,1555881189,negative
b9twhn,dankmemes,post,1554484450,neutral
bbd10g,dankmemes,post,1554842199,negative
bf94cx,dankmemes,post,1555739852,negative
bbjno6,dankmemes,post,1554885630,negative
bdf855,dankmemes,post,1555330303,neutral
bdrsi1,dankmemes,post,1555406165,neutral
be7hv0,dankmemes,post,1555505914,neutral
b7vqwz,dankmemes,post,1554083247,neutral
b80qhj,dankmemes,post,1554116189,positive
belym7,dankmemes,post,1555596404,negative
bhcf1f,dankmemes,post,1556218705,positive
bflx7o,dankmemes,post,1555827102,neutral
bhsrrt,dankmemes,post,1556320380,positive
bhsvqv,dankmemes,post,1556321046,neutral
bfs8kt,dankmemes,post,1555873034,negative
bg88uh,dankmemes,post,1555971575,neutral
bbqpul,darkjokes,post,1554926957,negative
bi2xui,darkjokes,post,1556395139,negative
bbwouf,darkjokes,post,1554964912,negative
b7z35j,discordapp,post,1554104545,neutral
b94odi,flatearth,post,1554330540,neutral
bga3v8,gonewild,post,1555982009,neutral
bca1kw,houston,post,1555047721,neutral
b8qvam,mac,post,1554249504,positive
bhyzhv,memes,post,1556371112,neutral
b8hw9w,memes,post,1554203929,neutral
baw2qn,norge,post,1554741883,negative
bclf4p,opieandanthony,post,1555118775,neutral
b9ddxd,rawdenim,post,1554387981,neutral
baik00,redditrequest,post,1554657340,neutral
bc7exu,redditrequest,post,1555029613,neutral
baehol,redditrequest,post,1554628150,neutral
bezsan,self,post,1555684395,negative
bep47i,subredditcancer,post,1555612843,negative
bf5abq,subredditcancer,post,1555713365,neutral
b8vj7n,teenagers,post,1554282092,negative
bcqqks,therewasanattempt,post,1555163959,neutral
bj8k6t,todayilearned,post,1556658002,negative
bgn0jx,truegaming,post,1556060505,negative
bbi6mx,undelete,post,1554873227,negative
beux2t,unpopularopinion,post,1555646635,negative
bcsvtm,ACMilan,post,1555176393,neutral
binif4,Brawlstars,post,1556530375,neutral
bgbeln,DankMemesFromSite19,post,1555989722,negative
bfvab7,EscapefromTarkov,post,1555890413,neutral
bgil4z,FortNiteBR,post,1556037693,negative
b93ik9,HealSluts,post,1554324542,positive
b99zil,IndiaSpeaks,post,1554365259,neutral
b7xmrn,MMA,post,1554094921,neutral
bditw3,MortalKombat,post,1555349526,neutral
b8zr20,NoStupidQuestions,post,1554306943,neutral
biwnh6,Petscop,post,1556582614,neutral
bievb7,PewdiepieSubmissions,post,1556479201,neutral
bievv1,PewdiepieSubmissions,post,1556479280,neutral
bhtufw,StarWarsBattlefront,post,1556327128,positive
bekzib,The_Donald,post,1555590740,neutral
bi637v,The_Donald,post,1556414903,negative
b7z8p4,TopMindsOfReddit,post,1554105643,negative
baexb6,TopMindsOfReddit,post,1554632429,negative
beafcm,WatchRedditDie,post,1555521481,negative
bb4df8,WatchRedditDie,post,1554789814,negative
bis4el,Wizard101,post,1556558531,neutral
bce4k3,asktransgender,post,1555078927,neutral
bafsmy,dankmemes,post,1554640437,negative
b9by0d,dankmemes,post,1554380051,negative
bdzo1q,dankmemes,post,1555451181,neutral
bh7s01,dankmemes,post,1556193683,neutral
bi7tv9,dankmemes,post,1556427688,neutral
bghq7i,dankmemes,post,1556033416,negative
b7xfrx,dankmemes,post,1554093690,negative
bfuci0,dankmemes,post,1555884813,negative
bicb6b,dankmemes,post,1556464910,negative
b7w26n,dankmemes,post,1554085102,neutral
bgpadm,dankmemes,post,1556073555,neutral
bevks6,dankmemes,post,1555651653,positive
bderk9,dankmemes,post,1555327009,neutral
bfe05x,dankmemes,post,1555777635,neutral
bhcmg8,dankmemes,post,1556219749,positive
bblt69,dankmemes,post,1554901739,neutral
bd6e1a,dankmemes,post,1555269445,negative
bbtefu,dankmemes,post,1554941214,negative
bdw6b0,dankmemes,post,1555433204,neutral
b81tga,dankmemes,post,1554122375,negative
bis5i7,dankmemes,post,1556558689,negative
bbom7y,darkjokes,post,1554916543,negative
bijbsx,darkjokes,post,1556505758,neutral
bih6ca,discordapp,post,1556492072,neutral
bc7off,donaldglover,post,1555031250,negative
bc83wk,donaldglover,post,1555033919,positive
bc77r0,funny,post,1555028390,negative
beohrw,funny,post,1555609574,negative
b7z36a,leagueoflegends,post,1554104549,negative
bgkjy8,memes,post,1556047683,neutral
bdudga,memes,post,1555423761,neutral
b8y26u,memes,post,1554298667,neutral
bgiifl,modhelp,post,1556037327,neutral
bb3b6y,nba,post,1554781901,neutral
bexinq,needamod,post,1555668926,neutral
b80t5h,offmychest,post,1554116658,neutral
b8cnff,orangetheory,post,1554168865,negative
bc09b4,reddeadredemption,post,1554991427,neutral
bc0kjr,reddeadredemption,post,1554993131,neutral
bg8r7f,redditrequest,post,1555974297,neutral
bbnauw,redditrequest,post,1554909895,neutral
bhfzrn,redditrequest,post,1556238333,neutral
bacpo3,thingsforants,post,1554610593,negative
bdarbw,gamegrumps,post,1555294689,negative
b84c28,gay,post,1554134691,neutral
bclwmi,indianpeoplefacebook,post,1555122135,neutral
b7vec9,kpop,post,1554081127,neutral
bbmtpv,malaysia,post,1554907357,neutral
beuylc,memes,post,1555646922,neutral
bhlc5j,mildlyinfuriating,post,1556278893,negative
bi6hn4,nba,post,1556417645,negative
bd3kg2,personalfinance,post,1555253900,neutral
bghrzx,politics,post,1556033672,negative
bdayii,redditrequest,post,1555295774,neutral
b7ydbj,redditrequest,post,1554099605,neutral
bb49ci,redditrequest,post,1554788892,neutral
b82f7u,rockets,post,1554125481,neutral
bajn28,subredditcancer,post,1554663024,negative
bgjteq,teenagers,post,1556043895,neutral
bfffrz,teenagers,post,1555785102,neutral
b80soz,thedivision,post,1554116580,negative
b9q8hu,thedivision,post,1554465173,negative
bg42tm,todayilearned,post,1555950343,negative
bc9rac,unpopularopinion,post,1555045396,neutral
bi9azl,2007scape,post,1556441362,neutral
b88zlt,3amjokes,post,1554152552,negative
b8muhm,AskOuija,post,1554229035,neutral
b8p5wl,AskOuija,post,1554240346,neutral
b8qhcr,AskOuija,post,1554247269,neutral
b9kqif,AskOuija,post,1554425289,neutral
bav3vs,AskOuija,post,1554737027,negative
bb890g,AskOuija,post,1554818260,neutral
bboljr,AskOuija,post,1554916457,neutral
bboys5,AskOuija,post,1554918236,negative
bd8pln,AskOuija,post,1555282027,negative
bdcauf,AskOuija,post,1555305181,negative
bddfby,AskOuija,post,1555315312,negative
beacpl,AskOuija,post,1555521116,neutral
bevszt,AskOuija,post,1555653556,negative
bhk835,AskOuija,post,1556269778,negative
biqzgs,AskOuija,post,1556552774,neutral
bj4evh,AskOuija,post,1556636961,neutral
bfxj0c,BlackPeopleTwitter,post,1555904447,neutral
bgobvt,CringeAnarchy,post,1556068047,positive
bdkwys,DDLC,post,1555359545,neutral
bc8zez,Drugs,post,1555039600,negative
bav1qr,FantasyPL,post,1554736722,neutral
bcfst8,FortNiteBR,post,1555087734,negative
bg5kqp,FortNiteBR,post,1555957904,neutral
bfjt38,ImGoingToHellForThis,post,1555811357,neutral
bdkv7l,Memes_Of_The_Dank,post,1555359290,negative
banaj8,ModSupport,post,1554683985,negative
bhxi6d,PewdiepieSubmissions,post,1556358098,positive
ba507f,TowerofGod,post,1554562010,neutral
bb1qvl,amiibo,post,1554772012,neutral
bh1mck,bakchodi,post,1556148829,neutral
bfgy74,bugs,post,1555793574,neutral
bf3rx2,confessions,post,1555704995,neutral
bfc58e,dank_meme,post,1555766670,neutral
ba22nw,dank_meme,post,1554536873,negative
bh1wrc,dankmemes,post,1556150586,positive
bdxlv8,dankmemes,post,1555440516,neutral
bee55q,dankmemes,post,1555541082,negative
bhit54,dankmemes,post,1556257472,positive
bf1v27,dankmemes,post,1555695057,negative
bi9k1k,dankmemes,post,1556443919,positive
bfob0i,dankmemes,post,1555849719,negative
b87qcy,dankmemes,post,1554148050,negative
bfbb2c,dankmemes,post,1555760282,negative
b832yj,dankmemes,post,1554128851,positive
bbqrt7,darkjokes,post,1554927231,negative
biefkd,darkjokes,post,1556476818,negative
bg4p76,ffxiv,post,1555953487,neutral
b9khdc,gonewild,post,1554423740,neutral
bg3xue,gtaonline,post,1555949626,negative
b98och,memes,post,1554355353,positive
bb8ghw,memes,post,1554819381,negative
beyghn,misanthropy,post,1555676342,negative
bciz9a,opieandanthony,post,1555103950,negative
bibr1v,polyamory,post,1556461557,negative
b9i5zl,redditrequest,post,1554410883,neutral
b9hqxa,redditrequest,post,1554408850,neutral
bglvbi,redditrequest,post,1556054318,neutral
befwpp,redditrequest,post,1555551814,neutral
bgycg8,redditrequest,post,1556131508,neutral
bc8gqk,sad,post,1555036107,negative
b9jkwp,techsupportgore,post,1554418410,negative
bhyr5w,teenagers,post,1556369384,neutral
bfvnel,tf2,post,1555892639,neutral
bhryma,thebachelor,post,1556315646,neutral
bcl6zl,unpopularopinion,post,1555117252,negative
b8wcpf,unpopularopinion,post,1554288351,neutral
bf615u,AMA,post,1555717799,neutral
b9lr21,EscapefromTarkov,post,1554431519,negative
b9z5x5,EscapefromTarkov,post,1554513245,negative
ba860j,EscapefromTarkov,post,1554580116,neutral
bh4tja,EscapefromTarkov,post,1556169176,neutral
b7zcui,FIFA,post,1554106476,neutral
bf2fhv,FortNiteBR,post,1555697991,negative
bc8et0,MemeEconomy,post,1555035780,negative
bid1ox,ModSupport,post,1556469111,neutral
bgx4yk,ModSupport,post,1556125453,neutral
bbgy1z,NBASpurs,post,1554864462,positive
babgge,PewdiepieSubmissions,post,1554601273,negative
be9tn4,StarWarsBattlefront,post,1555518395,negative
bf7wgl,Twitch,post,1555730365,neutral
bft17j,aww,post,1555877432,negative
bhon81,dankmemes,post,1556297915,negative
bgnark,dankmemes,post,1556062080,neutral
bfyh9c,dankmemes,post,1555911648,negative
bfmi9u,dankmemes,post,1555832661,positive
b7usvv,dankmemes,post,1554077700,negative
be047v,dankmemes,post,1555453623,negative
b86o2f,dankmemes,post,1554144016,negative
biwdm3,dankmemes,post,1556580958,neutral
b8334p,dankmemes,post,1554128876,negative
bbmv6c,dankmemes,post,1554907577,neutral
bhzl6e,dankmemes,post,1556375326,negative
bdevy1,dankmemes,post,1555327901,negative
b87wib,dankmemes,post,1554148663,positive
b80xfd,dankmemes,post,1554117361,neutral
bebmbx,dankmemes,post,1555527611,neutral
bj88y3,dankmemes,post,1556656483,positive
becjn9,dankmemes,post,1555532451,negative
bhfkb2,dankmemes,post,1556235690,neutral
bb5ffm,dankmemes,post,1554798530,neutral
bhbd2u,dankmemes,post,1556213239,neutral
bcabc1,darkjokes,post,1555049989,neutral
bafwn5,darkjokes,post,1554641343,positive
ba4pz4,darksouls3,post,1554560212,neutral
banucz,education,post,1554687543,neutral
bj6ovm,freefolk,post,1556648544,neutral
bgn4q5,freefolk,post,1556061137,neutral
bcz8h1,ladybonersgw,post,1555216279,neutral
bbxl0g,marijuanaenthusiasts,post,1554973007,negative
bhedk3,marvelstudios,post,1556228982,positive
begynp,marvelstudios,post,1555558570,neutral
b8u4ia,niceguys,post,1554270480,negative
bes8ty,redditrequest,post,1555629692,neutral
b9ckcp,redditrequest,post,1554383692,neutral
b9cw25,redditrequest,post,1554385503,neutral
b9humw,redditrequest,post,1554409346,neutral
bf1mln,redditrequest,post,1555693874,neutral
bb9kla,snackexchange,post,1554825193,neutral
bfwcpe,teenagers,post,1555896993,neutral
bcyloe,teenagers,post,1555211314,negative
b87c2c,thedivision,post,1554146470,neutral
bih0sd,unpopularopinion,post,1556491126,negative
bexibw,weedstocks,post,1555668846,neutral
bbb8f3,AutoModerator,post,1554833351,neutral
bidkn4,AutoModerator,post,1556472071,neutral
bf6ey1,CringeAnarchy,post,1555720221,negative
bg6yq7,CringeAnarchy,post,1555964952,negative
bg8mhg,CringeAnarchy,post,1555973613,neutral
bg9pj6,CringeAnarchy,post,1555979647,positive
bgasff,CringeAnarchy,post,1555986035,negative
bgb7ez,CringeAnarchy,post,1555988519,negative
bgbf64,CringeAnarchy,post,1555989819,negative
bgbgn5,CringeAnarchy,post,1555990061,negative
bgbgu6,CringeAnarchy,post,1555990093,negative
bgbsbp,CringeAnarchy,post,1555992037,negative
bgbt7c,CringeAnarchy,post,1555992172,negative
bgcl4x,CringeAnarchy,post,1555997431,negative
bgcq5b,CringeAnarchy,post,1555998462,neutral
bgep7n,CringeAnarchy,post,1556014710,negative
bgi6xe,CringeAnarchy,post,1556035728,negative
bgintx,CringeAnarchy,post,1556038054,neutral
bgixbk,CringeAnarchy,post,1556039357,negative
bgj4qe,CringeAnarchy,post,1556040406,negative
bgjexd,CringeAnarchy,post,1556041814,negative
bgkcyg,CringeAnarchy,post,1556046660,negative
bgkf1c,CringeAnarchy,post,1556046990,neutral
bgkz14,CringeAnarchy,post,1556049805,neutral
bgl3cw,CringeAnarchy,post,1556050410,negative
bglcwz,CringeAnarchy,post,1556051761,neutral
bglf56,CringeAnarchy,post,1556052076,negative
bglmx5,CringeAnarchy,post,1556053153,negative
bglztb,CringeAnarchy,post,1556054970,negative
bgmb33,CringeAnarchy,post,1556056653,neutral
bgmbac,CringeAnarchy,post,1556056682,neutral
bgmlao,CringeAnarchy,post,1556058181,negative
bgmrw7,CringeAnarchy,post,1556059179,neutral
bgmv2f,CringeAnarchy,post,1556059656,neutral
bgn00d,CringeAnarchy,post,1556060427,negative
bgn03h,CringeAnarchy,post,1556060440,neutral
bgn31o,CringeAnarchy,post,1556060888,negative
bgnolt,CringeAnarchy,post,1556064299,negative
bgntev,CringeAnarchy,post,1556065047,neutral
bgo51m,CringeAnarchy,post,1556066979,neutral
bgoag4,CringeAnarchy,post,1556067821,neutral
bgov82,CringeAnarchy,post,1556071138,negative
bgper8,CringeAnarchy,post,1556074279,negative
bgppi0,CringeAnarchy,post,1556076053,negative
bgqerw,CringeAnarchy,post,1556080715,negative
bgqwjx,CringeAnarchy,post,1556084204,negative
bgqxn0,CringeAnarchy,post,1556084428,negative
bgr01o,CringeAnarchy,post,1556084920,positive
bgr08f,CringeAnarchy,post,1556084959,negative
bgr7ex,CringeAnarchy,post,1556086588,negative
bgrbe2,CringeAnarchy,post,1556087508,negative
bgrp6i,CringeAnarchy,post,1556090683,neutral
bgrpre,CringeAnarchy,post,1556090820,negative
bgsaio,CringeAnarchy,post,1556096009,negative
bgsfdr,CringeAnarchy,post,1556097228,negative
bgt1j0,CringeAnarchy,post,1556102404,neutral
bgu25q,CringeAnarchy,post,1556109238,neutral
bgu2m0,CringeAnarchy,post,1556109312,negative
bgupbd,CringeAnarchy,post,1556112997,neutral
ba7k3j,Electroneum,post,1554576474,neutral
b94txn,FreeKarma4U,post,1554331529,neutral
bc2kw4,GlobalOffensiveTrade,post,1555003412,negative
bcf3lz,Jokes,post,1555084090,negative
bf5gpt,JustUnsubbed,post,1555714401,negative
bgqmtt,JustUnsubbed,post,1556082311,negative
bi43z3,JustUnsubbed,post,1556402164,negative
bh9r8g,NFL_Draft,post,1556205020,neutral
bcgxyu,Neverbrokeabone,post,1555093363,neutral
bbu1w7,NoStupidQuestions,post,1554945083,negative
bill9f,PewdiepieSubmissions,post,1556515063,positive
bdmt01,PewdiepieSubmissions,post,1555370641,negative
bc94bj,Smite,post,1555040575,negative
bei990,Temple,post,1555568498,negative
befg3o,The_Donald,post,1555548980,neutral
b80wmq,dankmemes,post,1554117231,neutral
bfh99l,dankmemes,post,1555795331,negative
bgyx0g,dankmemes,post,1556134374,neutral
b838ao,dankmemes,post,1554129579,negative
b9bzai,dankmemes,post,1554380257,negative
bgcaec,dankmemes,post,1555995306,neutral
bgcf67,dankmemes,post,1555996245,negative
bj6rzx,dankmemes,post,1556648993,negative
bfiqvg,dankmemes,post,1555804476,positive
bfiuin,dankmemes,post,1555805105,positive
bggykr,dankmemes,post,1556029354,negative
bdu94y,dankmemes,post,1555423073,negative
biy87l,dankmemes,post,1556592252,negative
bhxqqm,dankmemes,post,1556360467,negative
b7v00o,dankmemes,post,1554078783,negative
b85kdz,dankmemes,post,1554140082,negative
bib824,dankmemes,post,1556458098,neutral
bbc2ah,dankmemes,post,1554837454,neutral
bj73d8,dankmemes,post,1556650613,negative
b87qx7,dankmemes,post,1554148103,neutral
biemz4,dankmemes,post,1556477961,neutral
bc8w7b,darkjokes,post,1555038972,negative
bbz31b,darkjokes,post,1554984420,negative
bcam5c,darkjokes,post,1555052543,neutral
bclusc,electricians,post,1555121768,negative
biewr1,elonmusk,post,1556479406,neutral
b7yo63,gameofthrones,post,1554101649,neutral
b7yp6b,gameofthrones,post,1554101835,neutral
bb3vy5,gameofthrones,post,1554786041,negative
bda3gq,gameofthrones,post,1555290597,neutral
bdblh9,gameofthrones,post,1555299905,neutral
bdbp68,gameofthrones,post,1555300627,negative
bdqfx9,gameofthrones,post,1555394669,neutral
bfuv8c,gameofthrones,post,1555887834,neutral
bfydms,gameofthrones,post,1555910790,negative
bfyx4o,gameofthrones,post,1555915317,negative
bg8ab6,gameofthrones,post,1555971787,neutral
bg8qzq,gameofthrones,post,1555974268,neutral
bgeasi,gameofthrones,post,1556011394,negative
bijdwl,gameofthrones,post,1556506020,neutral
bijx2x,gameofthrones,post,1556508601,negative
bilaoj,gameofthrones,post,1556514004,positive
bitkyr,gameofthrones,post,1556566007,neutral
bddnyd,howardstern,post,1555317719,neutral
bcndar,imaginedragons,post,1555133481,positive
bh4p4f,marvelstudios,post,1556168263,neutral
bfkxye,me_irl,post,1555819235,negative
befz42,opieandanthony,post,1555552227,neutral
bfihwn,ptsd,post,1555802951,neutral
b7zwle,redditrequest,post,1554110583,neutral
bfcaot,redditrequest,post,1555767684,neutral
b86hqk,trashy,post,1554143242,negative
biehqi,vegancirclejerk,post,1556477149,negative
bc1ngc,2007scape,post,1554998761,neutral
bakog2,2007scape,post,1554668648,negative
bagigc,AmItheAsshole,post,1554645693,positive
b9hcr9,AskVet,post,1554406884,neutral
bgop12,Braincels,post,1556070166,negative
b8xpnz,Braincels,post,1554296798,negative
bh7e9k,Chameleons,post,1556191033,negative
b93f3g,ChapoTrapHouse,post,1554324093,negative
bfo71d,ChapoTrapHouse,post,1555848830,negative
bcl0w9,FortNiteBR,post,1555116176,neutral
bj13dn,Gamingcirclejerk,post,1556614693,negative
bfqcjp,Kanye,post,1555862752,neutral
bdwa42,Morrowind,post,1555433744,neutral
bavom1,Showerthoughts,post,1554739930,negative
bec1wi,StopGaming,post,1555529863,neutral
be7ch3,TampaBayLightning,post,1555505041,neutral
bgrxgc,The_Farage,post,1556092656,neutral
bh3jzh,amiugly,post,1556160488,neutral
b9lg7c,balisong,post,1554429680,negative
bfhk5g,dankmemes,post,1555797118,negative
ba512m,dankmemes,post,1554562165,positive
bd5r9c,dankmemes,post,1555266230,positive
be74et,dankmemes,post,1555503665,neutral
b9xqs8,dankmemes,post,1554504271,neutral
bhwpze,dankmemes,post,1556350003,neutral
bicv24,dankmemes,post,1556468060,neutral
bfqh1a,dankmemes,post,1555863436,neutral
b834kb,dankmemes,post,1554129068,neutral
baxplm,dankmemes,post,1554750256,neutral
bfk8r5,dankmemes,post,1555814237,neutral
bi3v9c,dankmemes,post,1556400693,positive
beyzs0,dankmemes,post,1555679884,positive
bhi3n6,dankmemes,post,1556252108,positive
bher9t,dankmemes,post,1556231039,neutral
bhs7jj,dankmemes,post,1556317060,neutral
bffvqe,dankmemes,post,1555787551,neutral
bf1wng,dankmemes,post,1555695288,negative
b80cw8,dankmemes,post,1554113715,negative
bfjbn0,darkjokes,post,1555808215,neutral
bc6o1b,darkjokes,post,1555025021,negative
bc5o7v,ethereum,post,1555019422,negative
bbyquf,help,post,1554982183,neutral
bhixh4,leagueoflegends,post,1556258452,negative
biapik,leagueoflegends,post,1556454267,negative
be0rtu,mbti,post,1555457391,negative
bbn5ae,nba,post,1554909105,neutral
bbt9d0,redditrequest,post,1554940378,neutral
bgo13q,redditrequest,post,1556066351,neutral
b9r5ln,redditrequest,post,1554470558,neutral
bcienx,redditrequest,post,1555100849,neutral
bflfz5,redditrequest,post,1555823092,neutral
bei7oc,redditrequest,post,1555568114,neutral
bdeibo,redditrequest,post,1555324967,neutral
bemrar,redditrequest,post,1555600628,neutral
bhaq9b,relationship_advice,post,1556210038,neutral
beajr9,teenagers,post,1555522103,neutral
bde0wn,teenagers,post,1555320989,negative
bhjiwr,teenagers,post,1556263365,negative
bgkh35,wallstreetbets,post,1556047269,negative
bhg610,wholesomememes,post,1556239478,positive
bc87xw,APStudents,post,1555034597,neutral
bj1pki,AskOuija,post,1556620041,negative
bf2tcu,CasualUK,post,1555699961,neutral
bgqoxb,CringeAnarchy,post,1556082721,negative
b8f8lx,DBZDokkanBattle,post,1554184937,negative
bfhqw5,DeepFriedMemes,post,1555798226,neutral
bbarzk,Fitness,post,1554831043,negative
bcmrdu,Fitness,post,1555128497,negative
bcms1d,Fitness,post,1555128638,negative
bcolwz,HailCorporate,post,1555145545,negative
bf1q3r,Jewdank,post,1555694355,neutral
bhhf2y,PewdiepieSubmissions,post,1556247466,neutral
bi9uz8,PewdiepieSubmissions,post,1556446847,neutral
b80utq,PrequelMemes,post,1554116940,neutral
be119n,Sikh,post,1555458915,neutral
b92ooi,StarWars,post,1554320646,neutral
bhxlti,XXXTENTACION,post,1556359111,negative
bf9lqj,bakchodi,post,1555744100,negative
ba8rdg,boottoobig,post,1554583604,negative
b9rjp9,dankmemes,post,1554472818,negative
bfn59w,dankmemes,post,1555839073,neutral
bcyp2v,dankmemes,post,1555212014,neutral
b8h1qd,dankmemes,post,1554198111,negative
bj2g4r,dankmemes,post,1556625565,neutral
b7ve64,dankmemes,post,1554081098,negative
b7x7nu,dankmemes,post,1554092263,negative
bgiimw,dankmemes,post,1556037356,neutral
b81zk4,dankmemes,post,1554123270,negative
bhbv93,dankmemes,post,1556215866,neutral
bdydya,dankmemes,post,1555444513,neutral
biwtzr,dankmemes,post,1556583710,neutral
b91ug8,dankmemes,post,1554316768,neutral
bhcb5z,dankmemes,post,1556218139,neutral
b7y5xj,dankmemes,post,1554098254,negative
b80mau,dankmemes,post,1554115482,negative
bdvi66,dankmemes,post,1555429772,positive
bbumta,darkjokes,post,1554948662,neutral
bbuqew,darkjokes,post,1554949269,neutral
b9x0nj,exmormon,post,1554500267,negative
be8ji9,exmuslim,post,1555511786,negative
b98m8t,freefolk,post,1554354926,neutral
bflwiw,ft86,post,1555826935,negative
b9l3lu,gatekeeping,post,1554427529,neutral
b9nlmt,gatekeeping,post,1554444788,neutral
bcfid1,gatekeeping,post,1555086204,negative
bed2nt,gatekeeping,post,1555535330,negative
bh3yt8,gatekeeping,post,1556163129,negative
bcwwk4,help,post,1555199487,neutral
beyupt,meme,post,1555679016,neutral
b8t28i,modclub,post,1554262694,neutral
b9h74r,mtgfinance,post,1554406114,neutral
bgtx7q,nba,post,1556108376,negative
biqda6,needamod,post,1556549577,neutral
b8km3g,newjersey,post,1554218581,neutral
bdqqc6,rage,post,1555397032,negative
bigbg9,redditrequest,post,1556487011,neutral
b80sds,redditrequest,post,1554116528,neutral
be7ooa,redditrequest,post,1555506988,neutral
bc0rpb,redditrequest,post,1554994206,neutral
bg770n,redditrequest,post,1555966110,neutral
bj7owu,redditrequest,post,1556653723,negative
b9hlcf,redditrequest,post,1554408079,neutral
bcj6bw,redditrequest,post,1555105040,neutral
bee6ld,redditrequest,post,1555541326,neutral
be5he4,rockets,post,1555490957,positive
be5hjy,rockets,post,1555490996,positive
bfjspi,rockets,post,1555811286,neutral
bf0uun,teenagers,post,1555689981,neutral
bg1fn7,uberdrivers,post,1555935547,neutral
b8h1zl,unpopularopinion,post,1554198158,negative
bfivzl,2007scape,post,1555805360,negative
bam8l2,AnthemTheGame,post,1554677497,negative
b8szyt,AskReddit,post,1554262265,negative
be5lx8,AskReddit,post,1555492102,neutral
b82oo6,AskReddit,post,1554126929,negative
bbplv1,Braincels,post,1554921382,neutral
bgb2p2,ChapoTrapHouse,post,1555987726,neutral
bhyykt,Christianity,post,1556370924,negative
bfq1zl,CoDCompetitive,post,1555861075,neutral
bem7mx,ComedyCemetery,post,1555597785,negative
b8b8v3,DunderMifflin,post,1554161674,neutral
b8iqwr,DunderMifflin,post,1554209150,negative
bazd22,DunderMifflin,post,1554758628,neutral
baejd4,DunderMifflin,post,1554628646,negative
bbmv8v,FilthyFrank,post,1554907588,negative
bbmwwg,FilthyFrank,post,1554907838,negative
b90oiy,FortNiteBR,post,1554311277,negative
bdfs97,FortNiteBR,post,1555333742,negative
bfo0nz,FortNiteBR,post,1555847373,negative
bc79aa,FortNiteBR,post,1555028651,negative
b8g4bp,Games,post,1554191048,neutral
bfplus,HighQualityGifs,post,1555858428,neutral
b9f59x,Journalism,post,1554396257,negative
bdlshl,MortalKombat,post,1555365215,negative
b9ffqv,PewdiepieSubmissions,post,1554397630,negative
bbnk4r,PewdiepieSubmissions,post,1554911239,negative
bbnkgs,PewdiepieSubmissions,post,1554911290,negative
bh353x,SRSsucks,post,1556157991,negative
bi9r1m,SandersForPresident,post,1556445828,negative
baya58,airsoft,post,1554753168,neutral
bc0pdg,brasil,post,1554993857,neutral
bc1jcd,btc,post,1554998194,neutral
bhncu6,confusing_perspective,post,1556291256,negative
bfp2m5,dankmemes,post,1555855138,negative
b7z6vr,dankmemes,post,1554105289,negative
b9a79y,dankmemes,post,1554367059,negative
bg4fsi,dankmemes,post,1555952195,neutral
b823az,dankmemes,post,1554123795,neutral
b824va,dankmemes,post,1554124022,negative
bb69bp,dankmemes,post,1554805485,neutral
badiga,dankmemes,post,1554617541,negative
bcv3qy,dirtypenpals,post,1555188658,negative
bi43le,furry,post,1556402100,neutral
bik89d,gameofthrones,post,1556510019,negative
bij6df,im14andthisisdeep,post,1556504868,neutral
b9llea,lakers,post,1554430544,neutral
be1630,magicthecirclejerking,post,1555459725,negative
bh9bgb,marvelstudios,post,1556202722,positive
biep24,marvelstudios,post,1556478257,neutral
be91ld,memes,post,1555514438,negative
bgleds,memes,post,1556051971,positive
b9jl7w,needamod,post,1554418462,neutral
b9kpgl,quityourbullshit,post,1554425110,negative
b9xt34,quityourbullshit,post,1554504656,negative
bc1bu1,rant,post,1554997093,negative
bh49c1,redditrequest,post,1556165085,neutral
be6sd7,redditrequest,post,1555501513,neutral
be7b2m,redditrequest,post,1555504801,neutral
biv4gq,runescape,post,1556573899,negative
bhdioy,streetwear,post,1556224460,neutral
bim4oz,teenagers,post,1556518023,positive
b8u3e3,teenagers,post,1554270247,neutral
bdh07e,teenagers,post,1555340622,neutral
bhvcv5,traps,post,1556337956,neutral
b8d9ly,tylerthecreator,post,1554172282,neutral
bedbpy,unpopularopinion,post,1555536714,negative
batf7r,unpopularopinion,post,1554727878,positive
b9cnxw,ChapoTrapHouse,post,1554384276,neutral
bcabl9,ChoosingBeggars,post,1555050051,neutral
bg28s0,Cyberpunk,post,1555940527,negative
bfuq04,DeepFriedMemes,post,1555886947,neutral
bbcjsq,Delaware,post,1554839881,neutral
bcp6tf,HomeworkHelp,post,1555151372,neutral
b9mh82,LSD,post,1554436313,positive
birh6r,PewdiepieSubmissions,post,1556555274,negative
bey0wy,PewdiepieSubmissions,post,1555673141,negative
bhbkvr,PrequelMemes,post,1556214352,neutral
bbuswf,TampaBayLightning,post,1554949703,positive
bcruej,TheGoodPlace,post,1555170486,negative
bb8ytv,TwoXChromosomes,post,1554822101,positive
bij0pf,answers,post,1556503804,neutral
bbjo9r,bindingofisaac,post,1554885787,neutral
bfsyy5,bindingofisaac,post,1555877072,neutral
b8iscu,dank_meme,post,1554209376,positive
bg5eyk,dankmemes,post,1555957098,neutral
bfmfxg,dankmemes,post,1555832010,negative
b9i535,dankmemes,post,1554410759,neutral
bdf8eo,dankmemes,post,1555330350,negative
b7vlyx,dankmemes,post,1554082406,neutral
bbmzy5,dankmemes,post,1554908330,neutral
bgat7w,dankmemes,post,1555986168,negative
bdaq9c,dankmemes,post,1555294511,negative
beqohz,dankmemes,post,1555621258,negative
bahyeb,dankmemes,post,1554654082,neutral
bf19nv,dankmemes,post,1555692078,neutral
bcycyx,dankmemes,post,1555209521,neutral
bfbuqh,dankmemes,post,1555764611,neutral
b83nbm,dankmemes,post,1554131555,negative
be8k9e,dankmemes,post,1555511907,negative
bfo7ll,dankmemes,post,1555848939,negative
b8mv72,dankmemes,post,1554229129,negative
bbrjqr,darkjokes,post,1554931262,negative
bebs16,dfsports,post,1555528410,positive
bh2nbn,forhonor,post,1556155003,negative
bhzpgs,ideasfortheadmins,post,1556376072,negative
b81j5u,infp,post,1554120794,negative
b8pg54,mac,post,1554241733,positive
bhxnqp,marvelstudios,post,1556359628,neutral
bhhfdq,memes,post,1556247522,neutral
bct9p2,nursing,post,1555178584,neutral
b8h20i,redditrequest,post,1554198164,neutral
bdxt0i,redditrequest,post,1555441514,neutral
bj6z2g,redditrequest,post,1556650003,neutral
b9b8c6,redditrequest,post,1554375309,neutral
bel896,skateboarding,post,1555592203,negative
bciczu,soccer,post,1555100607,neutral
b8exli,startrekgifs,post,1554182855,neutral
bdoucm,teenagers,post,1555382951,neutral
bhqt9z,teenagers,post,1556309212,positive
bb2u2j,unpopularopinion,post,1554778727,neutral
bgjhzu,unpopularopinion,post,1556042239,negative
bi1mci,vagabond,post,1556387390,positive
bd4cvj,wallstreetbets,post,1555258509,neutral
bdk2d9,wallstreetbets,post,1555355400,neutral
bi7ys9,warriors,post,1556428772,positive
bc4tm4,Anxiety,post,1555014900,neutral
b7yrps,BikiniBottomTwitter,post,1554102315,negative
ba9bl4,ConanExiles,post,1554587055,neutral
bgcwdn,CringeAnarchy,post,1555999745,negative
bct2rw,DestinyTheGame,post,1555177497,positive
b9ew5d,EternalCardGame,post,1554395088,neutral
b8n4hd,FIFA,post,1554230375,neutral
be7i7z,GaybrosGoneWild,post,1555505972,positive
bd5y4z,JUSTNOMIL,post,1555267205,neutral
bd7cfg,LivestreamFail,post,1555274622,negative
bb3y52,NoStupidQuestions,post,1554786484,neutral
bab520,OkCupid,post,1554599053,negative
bfu1u4,PewdiepieSubmissions,post,1555883125,negative
biqsc0,PrequelMemes,post,1556551746,positive
bae3iu,Schizoid,post,1554623587,neutral
bhq2ht,Showerthoughts,post,1556305222,negative
bbag4g,The_Donald,post,1554829442,positive
bbi5wn,WatchRedditDie,post,1554873066,negative
bg8sow,WatchRedditDie,post,1555974506,negative
bj7n0q,aspergers,post,1556653460,negative
bbq71e,bisexual,post,1554924308,positive
bfeegw,btc,post,1555779653,negative
bbxelr,conspiracy,post,1554971313,negative
b9g032,dank_meme,post,1554400440,negative
bhk3y1,dankmemes,post,1556268722,neutral
b8g9k0,dankmemes,post,1554192175,negative
beftny,dankmemes,post,1555551281,negative
bhff9w,dankmemes,post,1556234875,positive
bc1omi,dankmemes,post,1554998926,negative
behrji,dankmemes,post,1555564499,neutral
bgxtfq,dankmemes,post,1556128833,negative
b83hra,dankmemes,post,1554130839,neutral
bfgl4j,dankmemes,post,1555791484,negative
bgwjin,dankmemes,post,1556122499,positive
bbw0sw,dankmemes,post,1554958077,neutral
bfilwu,dankmemes,post,1555803638,negative
beny4q,dankmemes,post,1555606764,neutral
bacbyy,dankmemes,post,1554607671,negative
badg2c,dankmemes,post,1554616927,neutral
bao02q,dankmemes,post,1554688582,neutral
bgpb51,dankmemes,post,1556073684,neutral
b9s9qn,dankmemes,post,1554476523,neutral
bcy0cz,dankmemes,post,1555207041,neutral
bcy1yq,dankmemes,post,1555207358,negative
b7wg4w,dankmemes,post,1554087439,negative
bcdgcb,darkjokes,post,1555075020,negative
bbqtk8,darkjokes,post,1554927480,neutral
be62mf,discordapp,post,1555496102,neutral
b978yp,islam,post,1554345642,neutral
biv7lb,marvelstudios,post,1556574370,negative
bhgl9z,memes,post,1556242120,positive
b8uzll,memes,post,1554277422,neutral
b8v4o7,memes,post,1554278584,neutral
bf9kzp,memes,post,1555743913,negative
bhb3gj,nba,post,1556211903,negative
bhpj84,nba,post,1556302417,negative
bfepis,redditrequest,post,1555781237,neutral
bf5o3j,redditrequest,post,1555715553,neutral
bcxlwj,redditrequest,post,1555204236,neutral
bizjsl,redditrequest,post,1556601364,neutral
bfx5ll,redditrequest,post,1555902042,neutral
bciv3p,redditrequest,post,1555103311,neutral
be7gfz,redditrequest,post,1555505688,neutral
bfcz26,redditrequest,post,1555771848,neutral
b8k9w8,solar,post,1554216994,neutral
bgktrp,teenagers,post,1556049071,negative
b8lu6z,thebachelor,post,1554224311,negative
bbou3e,unitedkingdom,post,1554917613,negative
b9vkhi,unpopularopinion,post,1554492711,negative
b9qf1i,unpopularopinion,post,1554466273,negative
b9t3h4,unpopularopinion,post,1554480575,negative
biirha,AFL,post,1556502057,neutral
bbraf2,AmItheAsshole,post,1554929947,negative
bcffe3,AmItheAsshole,post,1555085775,negative
bhnma5,AmItheAsshole,post,1556292620,negative
b9a6u9,Animemes,post,1554366954,negative
b8rd4t,AnthemTheGame,post,1554252354,neutral
b9w3gl,AskReddit,post,1554495386,neutral
bgt95w,AskReddit,post,1556103992,neutral
b95vvf,BlackPeopleTwitter,post,1554337399,neutral
bcafqp,Calgary,post,1555051016,neutral
bdzt7t,Calgary,post,1555451961,negative
b7wo2c,ChapoTrapHouse,post,1554088788,neutral
bcc1o2,ClashRoyale,post,1555065622,neutral
bdgd1m,ClashRoyale,post,1555337135,negative
bbtr9n,DankMemesFromSite19,post,1554943306,positive
bhrgb9,FortNiteBR,post,1556312755,neutral
bg3529,FortNiteBR,post,1555945478,negative
bekm9q,FortNiteBR,post,1555588341,negative
b7zx5f,HistoryMemes,post,1554110683,neutral
bhe137,LeagueOfMeta,post,1556227082,neutral
bgijsn,Metalcore,post,1556037515,neutral
bfn3kr,ModSupport,post,1555838579,negative
b9fkct,RedditCensors,post,1554398246,negative
befb1p,SCP,post,1555548110,neutral
bff0wz,SJSU,post,1555782895,neutral
bax8xx,SuddenlyGay,post,1554747889,neutral
bf56z4,Swingers,post,1555712809,negative
b877da,TeamSolomid,post,1554145959,negative
bb4v3z,TheoryOfReddit,post,1554793750,neutral
b9xaz6,TrueOffMyChest,post,1554501804,neutral
babsh4,TrueOffMyChest,post,1554603608,neutral
b9tftk,Veterinary,post,1554482209,neutral
b837gu,Warframe,post,1554129464,positive
bh26y7,dankmemes,post,1556152276,neutral
bgir5b,dankmemes,post,1556038512,neutral
bgk1iq,dankmemes,post,1556045056,negative
bei6tt,dankmemes,post,1555567909,neutral
bezsip,dankmemes,post,1555684427,negative
b7ywi8,dankmemes,post,1554103222,neutral
b83fce,dankmemes,post,1554130522,neutral
b85798,dankmemes,post,1554138681,positive
bgotf7,dankmemes,post,1556070849,negative
b7z7qf,dankmemes,post,1554105449,negative
b7zlm0,dankmemes,post,1554108354,neutral
bh4lpn,dankmemes,post,1556167547,neutral
bf4f1i,dankmemes,post,1555708469,positive
bbdhh4,dankmemes,post,1554844495,negative
bi419s,dankmemes,post,1556401715,negative
beaxqo,dankmemes,post,1555524110,neutral
be779n,dankmemes,post,1555504164,positive
biq8vl,dankmemes,post,1556548890,negative
b8i74w,dankmemes,post,1554205901,negative
bfnh7i,darkjokes,post,1555842413,negative
bbtmfd,darkjokes,post,1554942501,negative
bc1pz5,explainlikeimfive,post,1554999117,negative
beahg9,getdisciplined,post,1555521777,neutral
baczyt,grandorder,post,1554612959,neutral
b7xs5i,hearthstone,post,1554095808,neutral
b84rbj,hearthstone,post,1554136662,negative
b8pwgs,hearthstone,post,1554244073,negative
bhcst2,help,post,1556220678,negative
bd4klm,jordan,post,1555259705,negative
bhiqcc,leagueoflegends,post,1556256841,negative
bd0xks,loseit,post,1555232307,negative
b7xe6y,nba,post,1554093396,neutral
bgkstd,newyork,post,1556048934,neutral
bcide1,nova,post,1555100666,neutral
bci8bm,opieandanthony,post,1555099923,neutral
b7ycbn,pewdiepie,post,1554099422,neutral
bhvdr6,raisedbyborderlines,post,1556338149,negative
b82nm4,redditrequest,post,1554126781,neutral
bb4sr8,redditrequest,post,1554793225,neutral
bgv91q,redditrequest,post,1556115953,neutral
bfvf8y,redditrequest,post,1555891261,neutral
bcxaj0,redditrequest,post,1555202077,neutral
bf0vkc,riskofrain,post,1555690085,neutral
bhmyde,teenagers,post,1556289149,neutral
be2juv,thebachelor,post,1555467987,neutral
bbw7jb,yourmomshousepodcast,post,1554961084,neutral
bc5ga5,2007scape,post,1555018240,negative
becpmx,2007scape,post,1555533369,neutral
b82v1w,AskReddit,post,1554127789,neutral
bc4siu,Augusta,post,1555014739,negative
bhajqb,AutoModerator,post,1556209106,neutral
bgf7bl,CringeAnarchy,post,1556018601,neutral
beke63,DotA2,post,1555586753,negative
bews3c,EliteDangerous,post,1555662216,neutral
b8ozzg,FantasyPL,post,1554239533,negative
bh1m9i,FantasyPL,post,1556148815,negative
bj4uey,GCSE,post,1556639222,neutral
bd60xe,Madden,post,1555267606,negative
bfffj6,Memes_Of_The_Dank,post,1555785063,negative
bb5zho,Palestine,post,1554803337,neutral
b9jssg,PewdiepieSubmissions,post,1554419700,negative
bj4eho,PewdiepieSubmissions,post,1556636901,positive
ba6i9x,PewdiepieSubmissions,post,1554570593,positive
bconwh,SuddenlyGay,post,1555146110,negative
b8c0wo,Warthunder,post,1554165576,negative
bh2gz5,adultery,post,1556153969,negative
bapjz1,assholedesign,post,1554699056,neutral
b9v78j,bangtan,post,1554490874,positive
ba19h7,beetlejuicing,post,1554529410,neutral
bahqnb,beta,post,1554652932,positive
bgu7aa,beta,post,1556110141,neutral
b8umg3,circlejerk,post,1554274490,negative
be4yqc,circlejerkaustralia,post,1555486001,negative
bcdym9,dankmemes,post,1555078020,negative
b7yq7m,dankmemes,post,1554102036,negative
b7uyp4,dankmemes,post,1554078577,neutral
b81lzm,dankmemes,post,1554121218,negative
bhjzv7,dankmemes,post,1556267619,neutral
bflv9j,dankmemes,post,1555826631,neutral
bi3qzq,dankmemes,post,1556400003,negative
bc23vb,dankmemes,post,1555001055,negative
bc6zyj,dankmemes,post,1555027097,neutral
b8117m,dankmemes,post,1554117997,negative
b8b7vx,dankmemes,post,1554161549,negative
bhklbo,dankmemes,post,1556273020,neutral
bexkl9,dankmemes,post,1555669381,positive
b9ykwa,dankmemes,post,1554509398,neutral
bgav5p,dankmemes,post,1555986490,positive
b8a1g1,dankmemes,post,1554156640,neutral
b7xjmd,dankmemes,post,1554094385,positive
bdklzn,dankmemes,post,1555358024,neutral
bde7oo,dankmemes,post,1555322589,negative
bhf24z,dankmemes,post,1556232758,positive
bhkp5d,dankmemes,post,1556273874,neutral
bfj89t,dankmemes,post,1555807581,positive
b8h7lx,dankmemes,post,1554199270,neutral
b9as9l,dankmemes,post,1554371824,negative
b9att4,dankmemes,post,1554372134,negative
b9c3g2,dankmemes,post,1554380954,negative
b9gvqb,dankmemes,post,1554404560,negative
b9paho,dankmemes,post,1554458706,negative
b9vchf,dankmemes,post,1554491596,negative
ba2dbi,dankmemes,post,1554539949,negative
bbjz0o,dankmemes,post,1554888478,negative
bcbzr5,darkjokes,post,1555065183,negative
b8c0p0,help,post,1554165547,negative
b7vuu8,iamverybadass,post,1554083906,negative
bgpyib,lakers,post,1556077656,negative
b8veo7,memes,post,1554281005,negative
b9t2ba,paydaytheheist,post,1554480417,neutral
bf3sup,redditrequest,post,1555705132,neutral
bcsua3,redditrequest,post,1555176157,neutral
b9r3wc,redditrequest,post,1554470299,neutral
b83i5j,redditrequest,post,1554130884,negative
b8emf1,redditrequest,post,1554180791,neutral
bdxxgo,redditrequest,post,1555442130,neutral
bbwexw,stlouisblues,post,1554962605,negative
bcmxmh,stlouisblues,post,1555129855,negative
bf5zt3,synthesizers,post,1555717560,neutral
bh9q6s,teenagers,post,1556204867,negative
badohn,wallstreetbets,post,1554619141,positive
b8pptv,2007scape,post,1554243102,positive
bifj1o,AskReddit,post,1556482656,neutral
bifjwg,AskReddit,post,1556482782,neutral
bbs59m,BlackPeopleTwitter,post,1554934279,negative
bhrcx8,CatsAreAssholes,post,1556312242,neutral
bfujw2,ChapoTrapHouse,post,1555885981,negative
bgjhrz,CringeAnarchy,post,1556042209,negative
bgpbu4,CringeAnarchy,post,1556073796,negative
bgm963,CringeAnarchy,post,1556056363,negative
bh3jzv,Cumtown,post,1556160490,negative
bc7p2b,DBZDokkanBattle,post,1555031371,neutral
b8qzrp,Drama,post,1554250234,positive
bizc84,EtikaRedditNetwork,post,1556599796,neutral
baf8ww,FFRecordKeeper,post,1554635671,neutral
bczz9b,FFVIIRemake,post,1555222693,positive
bfc656,FortNiteBR,post,1555766843,neutral
bcekbp,GenderCritical,post,1555081321,negative
bftw2e,MortalKombat,post,1555882198,positive
bhfodu,Overwatch,post,1556236387,neutral
b81krx,PewdiepieSubmissions,post,1554121028,negative
bbk3gd,PewdiepieSubmissions,post,1554889521,negative
beigir,The_Dennis,post,1555570211,neutral
b7yjhv,ToolBand,post,1554100764,negative
bh95r4,VaporwaveAesthetics,post,1556201836,negative
bj381o,bitfinex,post,1556630418,negative
bgx0sb,dankmemes,post,1556124874,neutral
b8qp8r,dankmemes,post,1554248537,negative
bhx214,dankmemes,post,1556353513,negative
bg999j,dankmemes,post,1555977033,neutral
bffgy8,dankmemes,post,1555785268,neutral
bfkf5d,dankmemes,post,1555815481,negative
bf8tru,dankmemes,post,1555737442,neutral
bcws9h,dankmemes,post,1555198724,negative
b8he06,dankmemes,post,1554200475,neutral
bf4n5m,dankmemes,post,1555709746,negative
b80a3m,dankmemes,post,1554113206,neutral
bive48,dankmemes,post,1556575344,negative
bcstpm,darkjokes,post,1555176063,neutral
bg0agu,darkjokes,post,1555927301,negative
biodi4,darkjokes,post,1556537333,negative
bhsyon,darkjokes,post,1556321572,neutral
bfgawf,darknet,post,1555789902,negative
b7yei4,funny,post,1554099828,negative
bd6zmo,golf,post,1555272672,neutral
bdjkmi,hamptonbrandon,post,1555353082,negative
b9jgu6,help,post,1554417746,negative
bfee3s,ideasfortheadmins,post,1555779608,negative
bbr2k5,im14andthisisdeep,post,1554928796,negative
bdi7ez,lansing,post,1555346448,negative
bixvau,marvelstudios,post,1556590024,positive
bcq1hw,marvelstudios,post,1555158911,neutral
be30xb,memes,post,1555471040,neutral
b9f6a3,memes,post,1554396400,negative
bbhsvr,mildlyinfuriating,post,1554870349,negative
bdjfd5,modhelp,post,1555352379,neutral
bahk1f,quityourbullshit,post,1554651889,neutral
bdqq10,redditmobile,post,1555396965,neutral
bchoga,redditrequest,post,1555097021,neutral
bi50r6,redditrequest,post,1556407783,neutral
bcx1mz,redditrequest,post,1555200420,neutral
bgy718,redditrequest,post,1556130747,neutral
bcopc8,teenagers,post,1555146530,negative
bfs1pu,tf2,post,1555871975,negative
b97f2n,thebachelor,post,1554346715,positive
bcm52z,undelete,post,1555123786,negative
barepa,AVoid5,post,1554713293,neutral
bfm3hv,Anarcho_Capitalism,post,1555828712,negative
bew4nn,AskReddit,post,1555656307,negative
bii0a4,AskReddit,post,1556497213,neutral
bi0dfj,BPD,post,1556380089,negative
beiekx,CalPolyPomona,post,1555569765,neutral
bgj1t6,CringeAnarchy,post,1556039999,negative
bgnpel,CringeAnarchy,post,1556064433,negative
bi36n4,CrusaderKings,post,1556396599,positive
b9q4dx,Dogtraining,post,1554464442,neutral
bheflx,EnoughTrumpSpam,post,1556229309,neutral
bf21xk,FIFA,post,1555696035,negative
bcaphw,FashionRepsBST,post,1555053358,neutral
bbq5sr,ModSupport,post,1554924137,neutral
b9e02k,NoSleepOOC,post,1554390983,neutral
bakqwx,NoSleepOOC,post,1554669033,negative
b9o509,NoStupidQuestions,post,1554449059,neutral
bfsiz1,Petscop,post,1555874607,neutral
bb3zpi,PewdiepieSubmissions,post,1554786810,negative
bdi5be,SandersForPresident,post,1555346157,positive
b7xc9e,Sneakers,post,1554093064,neutral
bbwmnt,SquaredCircle,post,1554964360,neutral
bh2jh5,TumblrInAction,post,1556154377,negative
bdpqpo,Warframe,post,1555389184,neutral
becw5n,dankmemes,post,1555534341,neutral
bhhbps,dankmemes,post,1556246841,negative
bflgqv,dankmemes,post,1555823257,neutral
b9l85s,dankmemes,post,1554428289,negative
b7uxxr,dankmemes,post,1554078456,positive
b7we9u,dankmemes,post,1554087131,neutral
b83z88,dankmemes,post,1554133056,negative
b8u3k8,dankmemes,post,1554270280,negative
ba2t0m,dankmemes,post,1554544536,neutral
b81l35,dankmemes,post,1554121076,negative
bgohza,dankmemes,post,1556069055,neutral
b9b6dm,dankmemes,post,1554374873,negative
bf8180,dankmemes,post,1555731336,neutral
bi1u1i,dankmemes,post,1556388618,negative
bfap87,dankmemes,post,1555754736,positive
bhcbsi,dankmemes,post,1556218228,neutral
biy2l8,dankmemes,post,1556591273,negative
bhpkgn,dankmemes,post,1556302589,negative
bj7hgf,dankmemes,post,1556652637,neutral
bca173,dankmemes,post,1555047623,neutral
bdvbro,dankmemes,post,1555428871,neutral
b7uxf6,dankmemes,post,1554078376,neutral
b7v1uz,dankmemes,post,1554079073,negative
b7wpvd,dankmemes,post,1554089096,negative
b823i0,dankmemes,post,1554123825,neutral
b826tc,dankmemes,post,1554124290,negative
b82pg1,dankmemes,post,1554127037,negative
bapn9n,dankmemes,post,1554699716,neutral
badvl0,dankmemes,post,1554621123,negative
bfy6t8,darkjokes,post,1555909276,negative
b9bfdy,darkjokes,post,1554376761,negative
bc4eoc,darkjokes,post,1555012806,negative
bhmy40,donaldglover,post,1556289107,neutral
bblaz0,ideasfortheadmins,post,1554898558,negative
bdi2n4,im14andthisisdeep,post,1555345799,neutral
bfvpjz,mac,post,1555893018,neutral
bhmbht,marvelstudios,post,1556285583,neutral
bbtv5l,memes,post,1554943952,negative
bghz5q,mildlyinfuriating,post,1556034667,negative
biklqf,orphanblack,post,1556511399,neutral
bdx8xh,rape,post,1555438672,neutral
bair28,redditrequest,post,1554658380,positive
bix7jx,redditrequest,post,1556586049,neutral
bbuz9x,redditrequest,post,1554950818,neutral
b90nka,redditrequest,post,1554311153,neutral
b9qwy4,redditrequest,post,1554469249,neutral
bdseup,redditrequest,post,1555411226,neutral
bgj5gf,reignofkingsgame,post,1556040510,neutral
beur0h,teenagers,post,1555645462,negative
bah1el,teenagers,post,1554648965,neutral
bfh9x0,thatHappened,post,1555795435,neutral
bf4xbv,vancouver,post,1555711319,negative
bfr2bb,vancouver,post,1555866623,negative
bc72hc,wallstreetbets,post,1555027603,neutral
bebc8k,wallstreetbets,post,1555526196,negative
bgxn6f,AskReddit,post,1556127969,neutral
bc7sex,AskReddit,post,1555031942,neutral
bg1agg,BreadStapledToTrees,post,1555934656,negative
b9vc0m,ChoosingBeggars,post,1554491531,negative
bedfs6,CringeAnarchy,post,1555537305,negative
bghm7t,CringeAnarchy,post,1556032833,negative
bdwafq,EnterTheGungeon,post,1555433790,neutral
b87u00,FellowKids,post,1554148422,negative
bde1z0,IRLgirls,post,1555321242,neutral
bauu8v,KingdomHearts,post,1554735678,negative
bc54st,LawSchool,post,1555016557,positive
bhx77t,LeedsUnited,post,1556355036,neutral
bil0u2,LigaMX,post,1556512960,negative
behhqo,MarkMyWords,post,1555562351,negative
bdhaja,NoFap,post,1555342099,neutral
bf79zh,PanPorn,post,1555725927,neutral
bgis8q,PanPorn,post,1556038663,positive
bi64rd,PewdiepieSubmissions,post,1556415197,neutral
beoppj,PewdiepieSubmissions,post,1555610721,neutral
bi75be,Summit1G,post,1556422364,negative
balep1,TampaBayLightning,post,1554672754,neutral
bhngvt,Trumpgret,post,1556291838,negative
bd8pqj,asktransgender,post,1555282045,negative
bcw1pr,aww,post,1555194260,neutral
bdkce6,dank_meme,post,1555356723,negative
bg7msf,dankmemes,post,1555968358,neutral
bggiva,dankmemes,post,1556026932,neutral
b7vu4e,dankmemes,post,1554083784,neutral
bbm4wn,dankmemes,post,1554903570,negative
b9npqr,dankmemes,post,1554445696,negative
bhatj1,dankmemes,post,1556210512,positive
bblhtu,dankmemes,post,1554899769,negative
bir9sa,dankmemes,post,1556554219,neutral
bivlqf,darkjokes,post,1556576506,negative
bfkosx,drums,post,1555817378,negative
b7ygo4,formula1,post,1554100224,neutral
b8b2eo,formula1,post,1554160825,neutral
bh7ugu,formula1,post,1556194103,negative
bi11v6,formula1,post,1556384119,negative
bbtco6,gay,post,1554940908,negative
b80jlq,hockey,post,1554114987,neutral
b7wn88,keto,post,1554088635,neutral
bha4yj,marvelstudios,post,1556207014,positive
bhdc63,memes,post,1556223501,negative
bfli3i,memes,post,1555823561,negative
b81uxz,modhelp,post,1554122593,neutral
b9dphg,nyjets,post,1554389582,neutral
bckn39,opieandanthony,post,1555113712,negative
bgy4dk,progressive,post,1556130372,negative
b85iyb,rant,post,1554139942,negative
bam4q9,redditrequest,post,1554676888,neutral
bhlh13,redditrequest,post,1556279924,neutral
baityn,teenagers,post,1554658839,neutral
bhiw44,unpopularopinion,post,1556258146,negative
bdzajy,2007scape,post,1555449205,neutral
bgypm7,49ers,post,1556133337,neutral
beqfr7,AskMen,post,1555619936,neutral
bcmyhj,AskOuija,post,1555130039,negative
bdofs9,AskReddit,post,1555380395,neutral
beqisj,BitcoinCA,post,1555620407,negative
bfmq8x,ChapoTrapHouse,post,1555834903,negative
bci4qy,ChapoTrapHouse,post,1555099415,neutral
babi1n,Coachella,post,1554601577,neutral
bcmmzd,CringeAnarchy,post,1555127577,neutral
bgm1qr,CringeAnarchy,post,1556055239,negative
bhgcif,DestinyTheGame,post,1556240594,negative
bivrju,DestinyTheGame,post,1556577413,negative
bha5fo,FortNiteBR,post,1556207082,neutral
b8bk45,Games,post,1554163198,negative
b8ihct,Games,post,1554207595,neutral
b8j4l6,Games,post,1554211169,negative
b8jvu8,Games,post,1554215065,negative
b8nvdt,Games,post,1554234021,negative
b8pyqk,Games,post,1554244407,negative
b8xmdn,Games,post,1554296319,negative
bhdodu,LGBTeensGoneMild,post,1556225228,neutral
bdjmpe,Marvel,post,1555353346,positive
bd9c7l,Ohio,post,1555285892,neutral
be9fom,Overwatch,post,1555516447,positive
bj38ch,Overwatch,post,1556630467,positive
befz17,PokemonROMhacks,post,1555552215,neutral
bgs33l,RequestABot,post,1556094068,neutral
bbsjgk,SeattleWA,post,1554936336,positive
bbz6xw,WatchRedditDie,post,1554985135,negative
bgnqfm,childfree,post,1556064587,negative
bgk2t2,conspiracy,post,1556045235,negative
be82a1,copypasta,post,1555509166,negative
bh6qxm,dankmemes,post,1556186095,positive
bbxpde,dankmemes,post,1554974093,negative
bfmeo2,dankmemes,post,1555831652,negative
bfvgtg,dankmemes,post,1555891527,neutral
b83dyy,dankmemes,post,1554130331,negative
bi0i3a,dankmemes,post,1556380879,neutral
bf3xkl,dankmemes,post,1555705847,negative
bi5wvz,dankmemes,post,1556413650,positive
bi6rwm,dankmemes,post,1556419652,positive
bfg8qq,dankmemes,post,1555789556,neutral
b84kew,dankmemes,post,1554135753,negative
bhd0vz,dankmemes,post,1556221882,neutral
bbjiog,darkjokes,post,1554884307,negative
bfwpb1,facepalm,post,1555899273,negative
b7v2a5,ffxiv,post,1554079141,positive
bih3t9,findareddit,post,1556491639,negative
b96fns,furry,post,1554340684,neutral
biu7v7,howardstern,post,1556569239,neutral
bi65gt,irc,post,1556415330,neutral
bfexxr,islam,post,1555782455,neutral
b7vx2e,malefashionadvice,post,1554084277,neutral
bby8i2,marijuanaenthusiasts,post,1554978422,negative
bevzzk,marvelstudios,post,1555655181,positive
bhc90m,memes,post,1556217830,neutral
b9nvn5,memes,post,1554447031,negative
bbvjda,memes,post,1554954564,negative
bbyi0e,needamod,post,1554980420,neutral
bcmnh9,offmychest,post,1555127684,negative
beqvt2,opieandanthony,post,1555622346,negative
bay0s5,redditrequest,post,1554751838,neutral
bbpj94,redditrequest,post,1554921024,neutral
bcyoew,suns,post,1555211880,neutral
bair3v,teenagers,post,1554658387,negative
bf87ln,teenagers,post,1555732662,neutral
baox01,teenagers,post,1554694554,negative
bfsie7,tf2,post,1555874521,negative
bfs3uj,wallstreetbets,post,1555872310,positive
b94wnu,worstof,post,1554331916,negative
bhjf4l,2007scape,post,1556262520,neutral
bhjut9,2007scape,post,1556266335,neutral
bhjw8n,2007scape,post,1556266685,neutral
bek0t6,2007scape,post,1555584011,positive
ba3quo,Animemes,post,1554553137,negative
bfgkb0,AskReddit,post,1555791355,negative
bj5grq,Catholicism,post,1556642388,positive
bec8zv,CherokeeXJ,post,1555530913,positive
b8twhk,ColoradoAvalanche,post,1554268753,neutral
b85l8g,DataHoarder,post,1554140167,neutral
beqtl3,FIFA,post,1555622005,neutral
bfp3vd,FORTnITE,post,1555855357,positive
bb1kzu,Hotwife,post,1554771007,negative
bdz1f6,Hotwife,post,1555447881,negative
b82w3g,PoliticalHumor,post,1554127925,neutral
bd14ie,Rainbow6,post,1555234275,negative
bc5b0a,TooAfraidToAsk,post,1555017467,negative
b9c77j,Triumph,post,1554381600,neutral
bf1dlv,Warthunder,post,1555692627,neutral
bbbp21,boottoobig,post,1554835680,negative
bctx2k,collapse,post,1555182136,positive
b8bovg,copypasta,post,1554163874,positive
bc4f7r,dankmemes,post,1555012876,negative
b7v0rc,dankmemes,post,1554078898,neutral
b7v4gu,dankmemes,post,1554079496,neutral
b7v96r,dankmemes,post,1554080293,neutral
bafito,dankmemes,post,1554638142,neutral
b847u2,dankmemes,post,1554134159,negative
bcdax5,dankmemes,post,1555074136,negative
bd9bnh,dankmemes,post,1555285794,neutral
bfly0r,dankmemes,post,1555827298,negative
bakl62,dankmemes,post,1554668139,negative
bca0dg,dankmemes,post,1555047427,neutral
bhol1f,dankmemes,post,1556297603,negative
bhjca0,dankmemes,post,1556261915,neutral
bfrgjg,dankmemes,post,1555868799,negative
bglsu3,dankmemes,post,1556053971,neutral
bc23a2,dankmemes,post,1555000971,negative
b7zb7i,dankmemes,post,1554106144,neutral
b8708z,dankmemes,post,1554145229,negative
b81b7v,dankmemes,post,1554119660,negative
bbxm9u,darkjokes,post,1554973307,negative
bccgki,darkjokes,post,1555068670,negative
bbbbw5,eden,post,1554833836,neutral
bgvj6i,freefolk,post,1556117447,positive
bguiht,help,post,1556111931,neutral
bbwc6x,im14andthisisdeep,post,1554962243,negative
b8knmf,islam,post,1554218786,negative
b7vstq,kpop,post,1554083569,neutral
b7vy61,kpop,post,1554084453,neutral
bg932p,memes,post,1555976081,positive
bdz2k0,mildlyinfuriating,post,1555448044,negative
be2zdw,niceguys,post,1555470756,neutral
bimwgd,niceguys,post,1556524669,neutral
bcck7z,pakistan,post,1555069366,negative
bdih7b,pittsburgh,post,1555347821,negative
bi62dj,pittsburgh,post,1556414736,negative
b8bfor,raimimemes,post,1554162594,negative
bifma8,raimimemes,post,1556483147,negative
bbayn0,rant,post,1554831983,negative
bbjj7y,rant,post,1554884454,negative
b87ebh,redditrequest,post,1554146717,neutral
bgk7v7,redditrequest,post,1556045961,neutral
bg9tik,redditrequest,post,1555980310,neutral
b9x22o,redditrequest,post,1554500490,neutral
bihamj,redditrequest,post,1556492806,neutral
b829bn,redditrequest,post,1554124630,neutral
ba6mbm,redditrequest,post,1554571201,neutral
b8fjpn,streetwear,post,1554187066,negative
bfv12q,tf2,post,1555888819,neutral
b87pod,unpopularopinion,post,1554147979,negative
b9jcbc,unpopularopinion,post,1554417053,negative
bing7k,web_design,post,1556529826,neutral
bea468,woooosh,post,1555519924,negative
b90o3f,AroundTheNFL,post,1554311219,neutral
bhxsxd,CasualConversation,post,1556361086,negative
bgay5v,Cityofheroes,post,1555986984,neutral
bhzodf,CrazyIdeas,post,1556375886,negative
bgpnqx,CringeAnarchy,post,1556075754,neutral
bgoco7,CringeAnarchy,post,1556068170,neutral
bg81qv,CringeAnarchy,post,1555970521,negative
bh96c1,DataHoarder,post,1556201929,neutral
be1eom,DestinyTheGame,post,1555461122,neutral
bchusg,FortNiteBR,post,1555097960,negative
bj926m,FortNiteBR,post,1556660390,negative
bj952r,FortNiteBR,post,1556660798,negative
b8am3v,Glitch_in_the_Matrix,post,1554158827,neutral
b9ya3j,Glitch_in_the_Matrix,post,1554507492,neutral
bdvcvn,LiverpoolFC,post,1555429022,neutral
bcl9ch,MortalKombat,post,1555117696,negative
bf1mmx,Repsneakers,post,1555693878,negative
bdzpx0,TowerofGod,post,1555451465,negative
bbgouy,Twitch,post,1554862824,neutral
bg3ks1,Warhammer40k,post,1555947785,negative
bai6xl,WatchRedditDie,post,1554655406,negative
bb0uyw,australia,post,1554766819,neutral
bb0wlh,australia,post,1554767073,neutral
baxp9i,chelseafc,post,1554750211,neutral
bfvm4i,confessions,post,1555892416,neutral
b7xf7u,dankmemes,post,1554093579,neutral
bc7c9x,dankmemes,post,1555029160,negative
b891ay,dankmemes,post,1554152718,negative
b7xfgl,dankmemes,post,1554093624,negative
b7xwfw,dankmemes,post,1554096552,negative
b7xsx2,dankmemes,post,1554095945,negative
b7zg67,dankmemes,post,1554107169,negative
becjzu,dankmemes,post,1555532504,neutral
bcc10z,dankmemes,post,1555065469,negative
bden27,dankmemes,post,1555326048,negative
bg6u14,dankmemes,post,1555964284,negative
b81xut,dankmemes,post,1554123015,neutral
b8av9m,dankmemes,post,1554159920,negative
bg4dmc,dankmemes,post,1555951896,neutral
b7umdo,dankmemes,post,1554076833,negative
b80f7r,dankmemes,post,1554114156,negative
b875cl,dankmemes,post,1554145755,negative
b884oq,dankmemes,post,1554149466,positive
badum4,dankmemes,post,1554620864,negative
badvxo,dankmemes,post,1554621219,negative
ba9qog,dankmemes,post,1554589642,negative
bgijfh,dankmemes,post,1556037467,neutral
bc8hev,darkjokes,post,1555036224,negative
bbfoon,darkjokes,post,1554856772,negative
bc9pbd,darkjokes,post,1555044960,negative
bgi8v3,itookapicture,post,1556035997,neutral
ba25z2,lockpicking,post,1554537787,negative
bbvyqh,marijuanaenthusiasts,post,1554957658,negative
bb2co0,marvelstudios,post,1554775670,negative
bh3b3p,memes,post,1556158988,positive
bfo3mh,memes,post,1555848080,neutral
b86ini,nyjets,post,1554143358,neutral
bblx4o,pics,post,1554902346,negative
b9zymd,project1999,post,1554518935,negative
bfu7z4,redditrequest,post,1555884084,neutral
belskj,redditrequest,post,1555595473,neutral
baqzus,redditrequest,post,1554709877,neutral
b7xek3,teenagers,post,1554093461,neutral
bf88ex,teenagers,post,1555732833,neutral
babnl0,teenagers,post,1554602640,neutral
bfq7jz,teenagers,post,1555861979,negative
bdts5w,tf2,post,1555420338,neutral
be00uo,thatHappened,post,1555453089,negative
baci7r,2007scape,post,1554609006,neutral
bci3x9,2007scape,post,1555099296,positive
bcjbvq,AskReddit,post,1555105902,neutral
b8815l,AskReddit,post,1554149110,neutral
b8vlhm,AskReddit,post,1554282622,negative
b9euj7,AutoModerator,post,1554394878,neutral
baz942,BleachBraveSouls,post,1554758038,neutral
bdzs8e,Cityofheroes,post,1555451816,neutral
bgn5g8,CringeAnarchy,post,1556061247,negative
bgi6ka,CringeAnarchy,post,1556035679,negative
bi8qsf,DeepFriedMemes,post,1556435797,neutral
b93i5m,German,post,1554324487,negative
bajzh5,MurderedByWords,post,1554664884,positive
bhojfk,MurderedByWords,post,1556297366,neutral
bhuelg,PewdiepieSubmissions,post,1556330948,neutral
bhcipn,StarWarsBattlefront,post,1556219220,neutral
bf2zyd,TooAfraidToAsk,post,1555700912,neutral
b9wnzq,boottoobig,post,1554498386,negative
bbztn5,dank_meme,post,1554988996,negative
bgogqk,dankmemes,post,1556068843,positive
biebqu,dankmemes,post,1556476237,negative
bbdfk7,dankmemes,post,1554844218,negative
biu1l3,dankmemes,post,1556568369,negative
b81klk,dankmemes,post,1554121003,neutral
b86yvc,dankmemes,post,1554145086,neutral
b8kioq,dankmemes,post,1554218130,negative
bis4vm,dankmemes,post,1556558595,negative
bcamiu,dankmemes,post,1555052636,neutral
b8263f,dankmemes,post,1554124192,negative
b888uq,dankmemes,post,1554149878,negative
bggkeg,dankmemes,post,1556027172,negative
b7y2q0,dankmemes,post,1554097660,neutral
bg6hlw,dankmemes,post,1555962531,negative
b85zmb,dankmemes,post,1554141275,negative
bc8ohl,darkjokes,post,1555037526,negative
bc6u3c,darkjokes,post,1555026081,negative
bbsui1,darkjokes,post,1554938035,negative
b8ofl0,iamverysmart,post,1554236765,negative
bbgarj,joerogan2,post,1554860446,neutral
b7zl9e,lego,post,1554108288,neutral
bbk8u4,memes,post,1554890760,negative
bb49a1,mildlypenis,post,1554788874,negative
b9ydqf,mylittlepony,post,1554508132,positive
bapdld,opieandanthony,post,1554697784,neutral
bc3z90,redditrequest,post,1555010552,neutral
bd8toz,redditrequest,post,1555282698,neutral
bfj8md,redditrequest,post,1555807646,neutral
bdobja,redditrequest,post,1555379686,neutral
bdyrt9,redditrequest,post,1555446484,neutral
bb89pz,redditrequest,post,1554818369,neutral
bgjarq,skyrimmods,post,1556041217,neutral
bh4qx3,skyrimmods,post,1556168639,neutral
bachjm,subredditcancer,post,1554608860,negative
bahrzx,teenagers,post,1554653126,neutral
beu24v,teenagers,post,1555640818,positive
bcqnrn,teenagers,post,1555163422,negative
bay244,teenagers,post,1554752052,negative
bbvc2v,teenagers,post,1554953195,neutral
bi4i9f,2007scape,post,1556404595,neutral
bfghxy,AutoModerator,post,1555790977,neutral
bcodaq,Bellingham,post,1555142981,negative
bgc2k9,Christianity,post,1555993821,negative
bglqn4,CringeAnarchy,post,1556053665,neutral
biy7x6,Eve,post,1556592203,negative
b7x0in,Eyebleach,post,1554091048,positive
bfchdv,FortNiteBR,post,1555768868,negative
bfjvkj,FortNiteBR,post,1555811795,neutral
bfjy0o,FortNiteBR,post,1555812236,neutral
bhhjyn,FortNiteBR,post,1556248353,neutral
b9vmwv,LearnJapanese,post,1554493060,neutral
bcqiqb,NBAForums,post,1555162426,neutral
bcpj6j,NeckbeardNests,post,1555154590,neutral
bj4neq,NoStupidQuestions,post,1556638214,neutral
bgcmk5,NoStupidQuestions,post,1555997731,neutral
batojz,PewdiepieSubmissions,post,1554729340,neutral
bamfju,Random_Acts_Of_Pizza,post,1554678615,neutral
b8d21m,antiMLM,post,1554171077,negative
bckddp,collapse,post,1555111948,negative
biks5s,copypasta,post,1556512058,neutral
bfkbrz,dankmemes,post,1555814807,positive
bfytnr,dankmemes,post,1555914482,negative
bcrhwq,dankmemes,post,1555168468,negative
bfjzqx,dankmemes,post,1555812562,negative
bidzlf,dankmemes,post,1556474368,positive
bg49w1,dankmemes,post,1555951358,positive
bfrzn4,dankmemes,post,1555871661,positive
b8a1sa,dankmemes,post,1554156681,negative
bfycyf,dankmemes,post,1555910641,neutral
b7xr52,dankmemes,post,1554095645,negative
bfjohi,dankmemes,post,1555810529,neutral
b7vzgi,dankmemes,post,1554084666,positive
b7z5ck,dankmemes,post,1554104983,neutral
bfiouu,dankmemes,post,1555804134,positive
bj649s,dankmemes,post,1556645669,positive
b825bm,dankmemes,post,1554124087,neutral
bbb7wj,dankmemes,post,1554833286,negative
bhdij3,dankmemes,post,1556224439,negative
biph2i,dankmemes,post,1556544442,negative
bfa4mn,darkjokes,post,1555749107,negative
bfa4z5,darkjokes,post,1555749209,neutral
bbyey0,darkjokes,post,1554979784,negative
bii9is,darkjokes,post,1556498805,negative
bcztyh,darksouls,post,1555221403,neutral
bimi28,digimon,post,1556521063,positive
bh5w5l,exmuslim,post,1556178165,neutral
bdg7a7,gameofthrones,post,1555336219,negative
bdgl1q,gameofthrones,post,1555338350,negative
b9mjbj,help,post,1554436724,neutral
b7wfou,kpop,post,1554087363,neutral
bg7m9n,marvelstudios,post,1555968314,positive
bicdmj,memes,post,1556465300,positive
bhmp9h,memes,post,1556287769,neutral
bfc1pz,memes,post,1555765986,neutral
bbu1a4,modhelp,post,1554944982,neutral
bfpbtp,ottawa,post,1555856761,neutral
bfv6ex,pics,post,1555889742,neutral
be51cc,redditrequest,post,1555486664,neutral
bg81i5,redditrequest,post,1555970488,neutral
baueg3,redditrequest,post,1554733350,neutral
ba7d8t,redditrequest,post,1554575395,neutral
b84av5,spacex,post,1554134541,negative
baf826,subnautica,post,1554635465,negative
b8gbad,teenagers,post,1554192558,negative
bio5dk,totalwar,post,1556535651,negative
bhablf,tressless,post,1556207974,negative
bbqbrz,unpopularopinion,post,1554924983,negative
b8bgr3,workout,post,1554162749,negative
beb56p,Games,post,1555525170,negative
bcyyub,GiftofGames,post,1555214149,neutral
b9pqg4,IncelTears,post,1554461917,neutral
bbu71r,JoeRogan,post,1554945971,positive
bimffv,Narcolepsy,post,1556520456,neutral
bimffw,Narcolepsy,post,1556520456,neutral
bimffx,Narcolepsy,post,1556520456,neutral
bimffy,Narcolepsy,post,1556520457,neutral
bbpp63,NoStupidQuestions,post,1554921840,neutral
ba3l3i,PewdiepieSubmissions,post,1554551845,negative
bit5lm,Rainbow6,post,1556563832,negative
bbi7jr,RoastMe,post,1554873421,negative
beb85z,RoastMe,post,1555525595,neutral
bfd069,RoastMe,post,1555772030,neutral
baa0u4,Stellar,post,1554591454,neutral
bhngw7,Trumpgret,post,1556291841,negative
bdia4c,Warframe,post,1555346813,neutral
bf7jo3,alberta,post,1555727795,neutral
bg7ljy,blackladies,post,1555968188,negative
b7y4f0,dankmemes,post,1554097965,negative
bggqll,dankmemes,post,1556028134,neutral
bggygh,dankmemes,post,1556029336,negative
bg1s1m,dankmemes,post,1555937680,negative
bhnzk7,dankmemes,post,1556294533,negative
bfgkuh,dankmemes,post,1555791442,neutral
bg9fqt,dankmemes,post,1555978077,neutral
bhqwyh,dankmemes,post,1556309762,positive
bid3qb,dankmemes,post,1556469435,neutral
bgvza8,dankmemes,post,1556119683,positive
bcjsw5,dankmemes,post,1555108558,neutral
bcll9q,dankmemes,post,1555119950,negative
bbjman,darkjokes,post,1554885274,negative
birl6u,darkjokes,post,1556555802,negative
batcph,discordapp,post,1554727461,negative
b838ah,entp,post,1554129578,negative
b9vh0r,entp,post,1554492222,negative
bdobm1,fatbike,post,1555379699,neutral
bd8ta5,magicthecirclejerking,post,1555282623,neutral
b7xyxm,marketing,post,1554096990,neutral
bi2bmv,memes,post,1556391470,neutral
b8678l,memes,post,1554141893,negative
baf0fo,memes,post,1554633341,negative
bgrsd5,memes,post,1556091431,negative
b85fbm,modhelp,post,1554139563,neutral
be1gnu,opieandanthony,post,1555461466,negative
biv4q5,redditrequest,post,1556573939,neutral
b8edhf,redditrequest,post,1554179076,neutral
b8ye4x,redditrequest,post,1554300369,neutral
b8arfx,redditrequest,post,1554159464,neutral
bi1i2x,runescape,post,1556386699,neutral
bfs1bw,tf2memes,post,1555871915,negative
bcu4c7,xbox,post,1555183165,positive
bd1ab8,2007scape,post,1555235945,positive
bga3ky,AmItheAsshole,post,1555981955,neutral
bf0wc5,Battlefield,post,1555690195,neutral
babrdg,Borderlands,post,1554603377,neutral
b80n5d,CFB,post,1554115630,positive
bdku63,CHIBears,post,1555359140,neutral
bfxcb7,ChapoTrapHouse,post,1555903204,neutral
bgoypg,CringeAnarchy,post,1556071681,positive
bgo9d3,CringeAnarchy,post,1556067657,negative
bghrn6,CringeAnarchy,post,1556033621,negative
bgujmy,CringeAnarchy,post,1556112119,negative
b9l7st,EnterTheGungeon,post,1554428224,negative
bapypf,GalaxyNote8,post,1554702028,neutral
bard0y,GalaxyNote8,post,1554712894,neutral
bbho6y,IAmA,post,1554869395,neutral
b8n8a8,ImGoingToHellForThis,post,1554230900,negative
bfd1bw,Jaguars,post,1555772218,negative
bdjfir,LAClippers,post,1555352396,neutral
bfvwny,LGBTeens,post,1555894228,positive
bfw084,LGBTeens,post,1555894833,positive
baoy1i,MarkMyWords,post,1554694762,negative
bh7d35,Memes_Of_The_Dank,post,1556190803,positive
bh7euf,Memes_Of_The_Dank,post,1556191149,negative
bh7k5m,Memes_Of_The_Dank,post,1556192214,neutral
bf59dk,Needafriend,post,1555713206,neutral
bgopcs,OrlandoMagic,post,1556070212,neutral
be9msp,StarWarsBattlefront,post,1555517432,negative
bemz37,WatchRedditDie,post,1555601740,negative
b9ujsl,confession,post,1554487621,negative
bifk8e,dankmemes,post,1556482836,negative
bbe1qv,dankmemes,post,1554847431,negative
b7wtdy,dankmemes,post,1554089720,negative
bgvaqn,dankmemes,post,1556116203,neutral
bhl5e9,dankmemes,post,1556277454,neutral
bbyjdm,dankmemes,post,1554980696,neutral
bfk9b3,dankmemes,post,1555814338,neutral
bfr46q,dankmemes,post,1555866906,negative
b7v55t,dankmemes,post,1554079606,negative
bi81mp,dankmemes,post,1556429441,neutral
balpgi,dankmemes,post,1554674486,negative
bhycln,dankmemes,post,1556366093,neutral
b7wq3z,dankmemes,post,1554089137,negative
bfp0rw,dankmemes,post,1555854807,neutral
bfeggg,dankmemes,post,1555779925,neutral
biioqa,dankmemes,post,1556501550,neutral
bevao0,dankmemes,post,1555649363,negative
bg63cx,dankmemes,post,1555960520,negative
bc8v8b,darkjokes,post,1555038790,negative
bcevby,darkjokes,post,1555082903,neutral
bftcse,forhonor,post,1555879209,negative
bin23l,freefolk,post,1556526112,positive
bhgnyb,hamptonbrandon,post,1556242603,positive
bhqs7z,memes,post,1556309057,negative
bhqtg5,memes,post,1556309240,negative
bhqtns,memes,post,1556309274,negative
bgpgdj,mildlyinfuriating,post,1556074541,negative
bd20aj,modhelp,post,1555242807,neutral
bi3pqy,needamod,post,1556399795,neutral
bgz1pp,redditrequest,post,1556135032,neutral
bak239,redditrequest,post,1554665302,neutral
b9jg1z,redditrequest,post,1554417622,neutral
b817t9,spacex,post,1554119116,neutral
bj5y4d,streetwear,post,1556644778,negative
bfv3k9,teenagers,post,1555889243,negative
bd6mlp,teenagers,post,1555270681,positive
b9htib,teenagers,post,1554409197,neutral
bb5fs8,thefighterandthekid,post,1554798617,negative
b8yo20,thewalkingdead,post,1554301748,neutral
b9p1bk,transgendercirclejerk,post,1554456750,neutral
bjadtu,tulsi,post,1556667473,neutral
bgbysk,unpopularopinion,post,1555993148,negative
bh811a,2007scape,post,1556195295,positive
be32v2,AskModerators,post,1555471394,neutral
b861cm,AtlantaHawks,post,1554141400,positive
bis24k,AtlantaHawks,post,1556558191,negative
bddm33,ChapoTrapHouse,post,1555317198,negative
bdz26n,Cityofheroes,post,1555447992,neutral
bdznx5,Cityofheroes,post,1555451161,negative
bgn1ev,CringeAnarchy,post,1556060637,negative
bix9pn,EtikaRedditNetwork,post,1556586406,negative
ba4s4h,FalloutMods,post,1554560603,negative
bau0ls,Frontend,post,1554731288,neutral
ba4cuk,Izlam,post,1554557758,positive
banuf1,NYYankees,post,1554687552,neutral
bgpadn,NintendoSwitch,post,1556073555,neutral
bbfseb,RocketLeagueExchange,post,1554857402,neutral
bcx0f3,RocketLeagueExchange,post,1555200188,neutral
bcx13r,RocketLeagueExchange,post,1555200317,neutral
bi0fqi,RocketLeagueExchange,post,1556380492,neutral
bdpn4s,SandersForPresident,post,1555388420,negative
bdppdm,SandersForPresident,post,1555388896,negative
be4muo,Showerthoughts,post,1555483122,neutral
be4ok4,Showerthoughts,post,1555483548,negative
bi2g4y,StarWarsBattlefront,post,1556392214,negative
b86u4p,boottoobig,post,1554144604,neutral
bb26iv,bugs,post,1554774637,neutral
bdi28w,conspiracy,post,1555345749,negative
b845ap,conspiracy,post,1554133833,negative
be66k4,dankmemes,post,1555496993,neutral
badq2i,dankmemes,post,1554619557,negative
bdz2xb,dankmemes,post,1555448094,negative
bfkhuh,dankmemes,post,1555816004,negative
bh8y06,dankmemes,post,1556200687,neutral
b7v12m,dankmemes,post,1554078947,negative
b7v5pm,dankmemes,post,1554079709,negative
bfo4xq,dankmemes,post,1555848376,positive
b8lnaz,dankmemes,post,1554223406,neutral
bci9b3,dankmemes,post,1555100077,neutral
bi0uyq,dankmemes,post,1556382954,negative
bfaesn,dankmemes,post,1555751905,neutral
b82nze,dankmemes,post,1554126834,negative
bh5rsq,dankmemes,post,1556177089,neutral
bfchog,darkjokes,post,1555768913,negative
bbynnz,darkjokes,post,1554981563,negative
bhkhrf,darkjokes,post,1556272155,negative
b95blw,doge,post,1554334129,negative
b9mptc,gameofthrones,post,1554437958,negative
bbhez6,guns,post,1554867610,negative
bgyamr,hardstyle,post,1556131255,negative
bhpwka,help,post,1556304344,negative
b8f97i,hiphopheads,post,1554185057,negative
bht198,identifythisfont,post,1556322030,neutral
b9q0yr,india,post,1554463817,neutral
b7xyqg,kings,post,1554096956,negative
bhg22c,leagueoflegends,post,1556238753,negative
bggxl4,madlads,post,1556029198,neutral
bhhz4o,marvelstudios,post,1556251253,neutral
bgkkrb,memes,post,1556047797,negative
bj4ba0,mildlyinfuriating,post,1556636452,negative
bhdlt7,mississauga,post,1556224869,neutral
bh8dc2,myfavoritemurder,post,1556197384,neutral
bazse8,ontario,post,1554760918,negative
bhc1q0,outlast,post,1556216787,neutral
bfghqk,programminghorror,post,1555790944,neutral
bb46uj,redditrequest,post,1554788338,neutral
b8tv32,redditrequest,post,1554268452,neutral
bg93si,redditrequest,post,1555976190,neutral
b9q1q2,redditrequest,post,1554463951,positive
bh0v3p,redditrequest,post,1556144515,neutral
be3agj,redditrequest,post,1555472866,neutral
bejv79,redditrequest,post,1555582737,neutral
bfnc7g,redditrequest,post,1555841047,neutral
bc40cs,redditrequest,post,1555010717,neutral
beka9b,redditrequest,post,1555585998,neutral
bg6802,redditrequest,post,1555961167,neutral
bb6vlv,softwaregore,post,1554809976,neutral
bc998r,softwaregore,post,1555041564,negative
bfftpc,softwaregore,post,1555787227,negative
bic24k,softwaregore,post,1556463429,negative
bfekvx,splatoon,post,1555780553,negative
bfqu6r,teenagers,post,1555865440,negative
bbhggv,teenagers,post,1554867898,neutral
b828u5,teenagers,post,1554124563,neutral
bia6aj,teenagers,post,1556449811,neutral
bgpvgw,thedivision,post,1556077110,neutral
bbh80k,unpopularopinion,post,1554866270,negative
bh8y7r,woooosh,post,1556200722,neutral
bee2d4,2007scape,post,1555540653,neutral
bhi06s,2007scape,post,1556251457,neutral
ba2wwy,AskReddit,post,1554545588,negative
be03az,AskReddit,post,1555453457,neutral
bcyn7m,CalgaryFlames,post,1555211636,neutral
bgb4lj,CringeAnarchy,post,1555988042,negative
bc0uc3,CringeAnarchy,post,1554994582,negative
bgjr7s,CringeAnarchy,post,1556043568,negative
b8p3qw,Destiny,post,1554240056,negative
bi2jx8,Destiny,post,1556392837,negative
bgaidl,Drama,post,1555984394,neutral
bhfn8z,Eve,post,1556236192,neutral
bib6ih,F13thegame,post,1556457779,neutral
bfrvaf,FrankOcean,post,1555871014,neutral
bclmgx,FreeKarma4U,post,1555120197,neutral
bcm5oc,FreeKarma4U,post,1555123908,neutral
bakspw,HighQualityGifs,post,1554669309,neutral
biq5vy,HighQualityGifs,post,1556548420,negative
be4aox,ICanDrawThat,post,1555480345,negative
b8qliy,IncelTears,post,1554247924,neutral
bia1k2,KotakuInAction,post,1556448625,negative
b81rjz,MMA,post,1554122080,negative
bcbxip,Neverbrokeabone,post,1555064681,neutral
basma1,NoFap,post,1554722876,positive
bcqvzx,PewdiepieSubmissions,post,1555164905,negative
bbhxng,PewdiepieSubmissions,post,1554871329,neutral
ba3mgl,PewdiepieSubmissions,post,1554552154,negative
bbbw3t,Seaofthieves,post,1554836631,negative
bhfkde,Showerthoughts,post,1556235702,neutral
bas8tx,Showerthoughts,post,1554720165,negative
be1gcl,TampaBayLightning,post,1555461416,negative
bbrhy1,Warthunder,post,1554930994,negative
bfzdft,WatchRedditDie,post,1555919247,negative
bc323b,WatchRedditDie,post,1555005841,negative
bejein,WatchRedditDie,post,1555578910,negative
be4d11,bakchodi,post,1555480872,neutral
bgeaqr,copypasta,post,1556011382,negative
bagxzq,dankmemes,post,1554648393,negative
bhfyxa,dankmemes,post,1556238177,negative
bj1o69,dankmemes,post,1556619720,negative
bhrvat,dankmemes,post,1556315094,positive
b7vvbf,dankmemes,post,1554083997,negative
b87saa,dankmemes,post,1554148244,neutral
bf6gxm,dankmemes,post,1555720581,negative
b951q1,dankmemes,post,1554332551,neutral
bfdgrp,dankmemes,post,1555774659,neutral
bcc8bj,dankmemes,post,1555067001,negative
bct6s6,dankmemes,post,1555178142,negative
bhvoxc,dankmemes,post,1556340663,neutral
bfks3v,dankmemes,post,1555818046,neutral
ba38kn,dankmemes,post,1554548780,negative
bceqf4,dankmemes,post,1555082193,neutral
bekq37,dankmemes,post,1555589063,neutral
bc3ac2,dankmemes,post,1555007034,negative
b802vk,dankmemes,post,1554111826,negative
bh17p4,dankmemes,post,1556146465,neutral
bhpaif,dankmemes,post,1556301162,negative
bhfo5i,dankmemes,post,1556236345,negative
bb4iv6,darknet,post,1554790995,negative
bhratm,discordapp,post,1556311909,negative
bigmdd,freefolk,post,1556488701,neutral
bafwc4,iphone,post,1554641280,negative
bafzlq,iphone,post,1554641971,negative
bahp88,iphone,post,1554652715,negative
bdascl,iphone,post,1555294851,neutral
bfh1nh,iphone,post,1555794117,neutral
ba7i3a,madlads,post,1554576152,negative
bhp1nt,marvelstudios,post,1556299909,neutral
bhixg6,memes,post,1556258446,positive
bbi30a,redditrequest,post,1554872460,neutral
bd0nfm,redditrequest,post,1555229305,neutral
b8lfiy,redditrequest,post,1554222418,neutral
bg9gud,rule34,post,1555978232,neutral
bg9vmo,rule34,post,1555980657,neutral
bj43pf,shittysuperpowers,post,1556635318,neutral
b9shhk,subredditcancer,post,1554477590,negative
bbgbpf,subredditcancer,post,1554860605,neutral
bbyuoy,subredditcancer,post,1554982905,negative
bctnlj,subredditcancer,post,1555180695,negative
bcutjn,subredditcancer,post,1555187067,negative
bdhpqk,subredditcancer,post,1555344146,negative
be1f9h,subredditcancer,post,1555461224,negative
be1ivm,subredditcancer,post,1555461839,negative
bgd8r1,subredditcancer,post,1556002510,negative
bhgsh8,subredditcancer,post,1556243426,negative
bj43ez,subredditcancer,post,1556635275,negative
ba9gol,tall,post,1554587931,negative
bdsxzd,teenagers,post,1555415081,neutral
b93je0,teenagers,post,1554324655,neutral
bgiyes,teenagers,post,1556039509,negative
ba6dtn,thedivision,post,1554569923,neutral
b94sdy,unpopularopinion,post,1554331205,negative
b94wkw,unpopularopinion,post,1554331906,negative
b92uvu,unpopularopinion,post,1554321439,neutral
bd9oto,AirForce,post,1555288046,negative
bf4v8h,Comcast_Xfinity,post,1555711004,neutral
bga7a1,CringeAnarchy,post,1555982582,negative
ba264s,DunderMifflin,post,1554537829,negative
bigjrr,FortNiteBR,post,1556488270,negative
bfqp2n,FortNiteBR,post,1555864644,negative
bi97e5,Minecraft,post,1556440346,negative
bfv827,Minecraft,post,1555890024,neutral
bi55g4,MinecraftBuddies,post,1556408626,neutral
bb3fyp,Multicopter,post,1554782805,negative
b7wd5n,OSHA,post,1554086944,negative
b7z66d,OSHA,post,1554105147,negative
bdjpum,PewdiepieSubmissions,post,1555353759,neutral
b8dhpy,TrueOffMyChest,post,1554173583,neutral
b9vg2j,dank_meme,post,1554492078,negative
bfn9ci,dankmemes,post,1555840243,neutral
bd49e6,dankmemes,post,1555257968,negative
bf4tcq,dankmemes,post,1555710707,negative
bfjjsn,dankmemes,post,1555809701,neutral
bfn5kc,dankmemes,post,1555839162,negative
bbe5m5,dankmemes,post,1554848004,neutral
b852jy,dankmemes,post,1554138104,neutral
bi49my,dankmemes,post,1556403133,neutral
bdut84,dankmemes,post,1555426240,neutral
b8qbgs,dankmemes,post,1554246362,neutral
bhifbd,dankmemes,post,1556254466,neutral
bj1ndr,dankmemes,post,1556619530,negative
bfq9wt,dankmemes,post,1555862355,negative
b7uqor,dankmemes,post,1554077413,neutral
bdmf6a,darknet,post,1555368489,neutral
bdrmu2,freefolk,post,1555404802,negative
bdf5am,funny,post,1555329782,negative
bj4xi3,jobs,post,1556639677,neutral
ba0bmf,madlads,post,1554521706,neutral
bee5et,meetup,post,1555541120,neutral
bge3kr,mildlyinfuriating,post,1556009675,negative
bcx4mu,needamod,post,1555200925,neutral
bfmw3n,raimimemes,post,1555836537,negative
b904ff,redditrequest,post,1554308677,neutral
bffb9r,redditrequest,post,1555784420,neutral
b8twpm,redditrequest,post,1554268797,neutral
bj9m5e,redditrequest,post,1556663158,neutral
baawpi,redditrequest,post,1554597445,neutral
bbrwfn,redditrequest,post,1554933068,neutral
bdi476,scientology,post,1555346006,neutral
b8jud1,stobuilds,post,1554214858,negative
b88idp,teenagers,post,1554150842,neutral
bfy5ic,trashy,post,1555908991,negative
bbt9c5,unpopularopinion,post,1554940374,negative
bhd3ls,wallstreetbets,post,1556222268,negative
b8hfnl,Animemes,post,1554200796,neutral
bfg41c,AskHistorians,post,1555788829,negative
bj6v4f,AskOuija,post,1556649431,neutral
bbljcp,AskReddit,post,1554900037,neutral
bcv7ll,AskReddit,post,1555189265,neutral
bhjr1z,Braincels,post,1556265404,neutral
bad32s,DecidingToBeBetter,post,1554613673,positive
b9c9uy,EscapefromTarkov,post,1554382039,neutral
b96wj5,Fireteams,post,1554343519,neutral
bgu32r,Hypothyroidism,post,1556109398,neutral
b7vzta,LateStageCapitalism,post,1554084722,negative
bel25e,Magic,post,1555591165,neutral
b934lr,OldSchoolCool,post,1554322702,neutral
bhndav,PewdiepieSubmissions,post,1556291328,neutral
bh1m4f,PewdiepieSubmissions,post,1556148793,neutral
b9fwqf,PewdiepieSubmissions,post,1554399964,negative
bey7k7,ProtectAndServe,post,1555674588,negative
baz5zq,ProtectAndServe,post,1554757599,neutral
bipz8r,Rateme,post,1556547387,neutral
bb5f1w,STD,post,1554798440,negative
bis3oc,Showerthoughts,post,1556558421,neutral
bem835,Weddingsunder10k,post,1555597844,neutral
b9xtry,Winnipeg,post,1554504774,neutral
bdtgyl,WorldofTanks,post,1555418478,neutral
b9p709,WorldofTanks,post,1554457977,neutral
bbcsb0,acecombat,post,1554841024,neutral
bcllsl,astrophotography,post,1555120059,negative
benps6,dank_meme,post,1555605578,positive
b8a6dx,dankmemes,post,1554157204,neutral
bia54d,dankmemes,post,1556449536,negative
bho0pm,dankmemes,post,1556294683,positive
bdmk68,dankmemes,post,1555369250,neutral
bii77w,dankmemes,post,1556498418,negative
bffbhg,dankmemes,post,1555784454,negative
bis4yb,dankmemes,post,1556558607,negative
bfymfb,dankmemes,post,1555912826,negative
bglwr5,dankmemes,post,1556054529,negative
b7yoly,dankmemes,post,1554101729,neutral
b83hdc,dankmemes,post,1554130791,negative
bdvqvi,dankmemes,post,1555431009,neutral
bg2cn1,dankmemes,post,1555941170,neutral
bdzh2b,dankmemes,post,1555450135,negative
biuuue,dankmemes,post,1556572489,positive
b9l34k,dankmemes,post,1554427451,negative
bcu5t5,dankmemes,post,1555183389,negative
b7xuop,dankmemes,post,1554096255,neutral
b7xvq3,dankmemes,post,1554096427,positive
b82eu9,dankmemes,post,1554125426,neutral
bheqei,dankmemes,post,1556230910,negative
bb96ty,dankmemes,post,1554823234,negative
bc8gwi,darkjokes,post,1555036139,negative
begh5y,donaldglover,post,1555555400,negative
bfxekp,donaldglover,post,1555903609,negative
bfp4fp,help,post,1555855454,neutral
bhz0xw,memes,post,1556371409,neutral
bef3b0,nfl,post,1555546758,negative
bj5hgr,nova,post,1556642488,neutral
bbywgo,queen,post,1554983237,neutral
bhpv1t,rant,post,1556304124,negative
biu2cd,redditrequest,post,1556568470,neutral
bakidu,redditrequest,post,1554667721,neutral
be8u0f,redditrequest,post,1555513359,neutral
bekz76,redditrequest,post,1555590687,neutral
b9w4d2,teenagers,post,1554495512,negative
b8zcx3,thebachelor,post,1554305070,negative
bbfjol,thedivision,post,1554855924,neutral
ba1770,torontoraptors,post,1554528840,positive
bedjr4,tumblr,post,1555537887,positive
bex361,vegan,post,1555665166,neutral
b9bb1c,wma,post,1554375881,neutral
bh0lcp,90scartoons,post,1556143079,neutral
bhg4x3,AskReddit,post,1556239282,neutral
b8cm01,CODZombies,post,1554168653,negative
bix9ty,CPTSD,post,1556586426,negative
bgftdv,Cityofheroes,post,1556022681,neutral
b9zg6k,FIFA,post,1554515258,negative
bfe1ct,Flipping,post,1555777815,positive
bb9d52,Hucow,post,1554824134,negative
beb7xp,IPTV,post,1555525561,negative
bdvv5v,Instagram,post,1555431605,negative
bibqnn,Knife_Swap,post,1556461487,neutral
bia1g0,MGTOW,post,1556448591,negative
b9b7c2,Memes_Of_The_Dank,post,1554375094,neutral
b81im3,Minecraft,post,1554120712,positive
bfk44n,PewdiepieSubmissions,post,1555813366,negative
bcz86k,SandersForPresident,post,1555216207,neutral
bg11l3,SandersForPresident,post,1555933033,negative
b8qk2r,ShadowBan,post,1554247695,neutral
b9o49f,ShadowBan,post,1554448882,negative
bbs9ub,ShadowBan,post,1554934919,neutral
b9lvxy,Showerthoughts,post,1554432368,negative
b9lw0z,Showerthoughts,post,1554432386,negative
b9owba,Showerthoughts,post,1554455633,negative
b9owiw,Showerthoughts,post,1554455679,neutral
biqmh0,Thunder,post,1556550909,neutral
bfqw58,TrueOffMyChest,post,1555865733,negative
bhonmf,Trumpgret,post,1556297970,neutral
bezovj,albiononline,post,1555683879,neutral
b8qano,dankmemes,post,1554246231,negative
b7xtbb,dankmemes,post,1554096020,negative
bfs3t3,dankmemes,post,1555872304,neutral
bgjvzt,dankmemes,post,1556044258,positive
bh1pjh,dankmemes,post,1556149365,negative
ba6jvc,dankmemes,post,1554570837,negative
bb2d94,dankmemes,post,1554775777,neutral
b7yhaw,dankmemes,post,1554100347,negative
ba4bl7,dankmemes,post,1554557513,neutral
bfzw04,dankmemes,post,1555923889,negative
b8uwqq,dankmemes,post,1554276776,negative
baeqeh,dankmemes,post,1554630639,neutral
ba7vxq,dankmemes,post,1554578431,negative
bih41t,darkjokes,post,1556491682,neutral
bh3vf4,darkjokes,post,1556162509,negative
bdofh1,freefolk,post,1555380340,negative
bbc2kp,gatekeeping,post,1554837494,negative
b99wfv,indianews,post,1554364600,neutral
bc1mft,memes,post,1554998626,negative
bdpt8y,memes,post,1555389706,negative
bdu8ha,redditrequest,post,1555422967,neutral
bc4pfp,redditrequest,post,1555014304,neutral
bdfpw3,redditrequest,post,1555333362,neutral
bf4pl6,redditrequest,post,1555710129,neutral
bcqjnd,redditrequest,post,1555162616,neutral
ba549p,redditrequest,post,1554562689,neutral
b819pu,spikes,post,1554119414,neutral
bf35dm,teenagers,post,1555701705,negative
bg0mh6,tf2,post,1555930018,negative
b8tgml,trebuchetmemes,post,1554265484,negative
b8pj9w,unpopularopinion,post,1554242173,negative
bevhp0,vegan,post,1555650952,negative
ba7b4a,wallstreetbets,post,1554575059,neutral
b8eqcs,2007scape,post,1554181523,neutral
b9fy75,2007scape,post,1554400170,neutral
baiqcw,2007scape,post,1554658271,neutral
baxyc0,2007scape,post,1554751490,neutral
bc0frc,2007scape,post,1554992391,neutral
bcn5sm,2007scape,post,1555131715,negative
bcn8lx,2007scape,post,1555132358,negative
be2jfg,2007scape,post,1555467919,neutral
beamib,2007scape,post,1555522498,negative
bec00z,2007scape,post,1555529583,positive
behsu2,2007scape,post,1555564769,positive
beolr3,2007scape,post,1555610157,neutral
bg11wo,2007scape,post,1555933096,neutral
bg6x3h,2007scape,post,1555964720,positive
bh4np6,2007scape,post,1556167969,neutral
bh6vn2,2007scape,post,1556187181,negative
bhceog,2007scape,post,1556218659,negative
bhjca2,2007scape,post,1556261915,neutral
bhjvrt,2007scape,post,1556266562,neutral
bi38x0,4chan,post,1556396996,negative
bfgv0b,AgainstHateSubreddits,post,1555793059,negative
bfgzal,AgainstHateSubreddits,post,1555793746,negative
bg92nr,AgainstHateSubreddits,post,1555976019,neutral
bgagbt,AgainstHateSubreddits,post,1555984059,negative
bgmxz9,AgainstHateSubreddits,post,1556060108,neutral
bgsanb,AgainstHateSubreddits,post,1556096046,negative
bfcax5,Anarchism,post,1555767725,negative
bhoxzf,AskReddit,post,1556299401,neutral
behok2,Braincels,post,1555563849,negative
belq0q,Braincels,post,1555595053,negative
bffkfd,Braincels,post,1555785807,negative
baatms,CollegeBasketball,post,1554596866,negative
baauuy,CollegeBasketball,post,1554597096,negative
bfxac4,Comcast_Xfinity,post,1555902849,neutral
bggve6,CringeAnarchy,post,1556028859,neutral
bgul5e,CringeAnarchy,post,1556112349,negative
b7xplm,DeepFriedMemes,post,1554095383,negative
b9tijq,DeepFriedMemes,post,1554482590,neutral
b9vpi1,DeepFriedMemes,post,1554493432,negative
b9vtuy,DeepFriedMemes,post,1554494036,negative
ban3uo,DeepFriedMemes,post,1554682794,negative
bcdb9o,DeepFriedMemes,post,1555074200,negative
bclnq1,DeepFriedMemes,post,1555120430,neutral
bcm6kp,DeepFriedMemes,post,1555124096,negative
bcscvm,DeepFriedMemes,post,1555173430,neutral
bd9h54,DeepFriedMemes,post,1555286740,neutral
bdfonh,DeepFriedMemes,post,1555333162,negative
bdhphw,DeepFriedMemes,post,1555344115,neutral
bdi18q,DeepFriedMemes,post,1555345609,neutral
bf3phy,DeepFriedMemes,post,1555704633,neutral
bfwe3v,DeepFriedMemes,post,1555897253,negative
bfxnp1,DeepFriedMemes,post,1555905337,neutral
bh8w3p,DeepFriedMemes,post,1556200383,neutral
bdqd5a,FORTnITE,post,1555394041,negative
beo2am,FortNiteBR,post,1555607350,negative
bh9gvs,Fuckthealtright,post,1556203519,neutral
b7xgem,FullScorpion,post,1554093807,negative
bgv67f,JordanPeterson,post,1556115537,negative
b99mpg,MLBTheShow,post,1554362498,negative
be0kvq,NoStupidQuestions,post,1555456254,negative
bh2e2t,PewdiepieSubmissions,post,1556153479,negative
bj1w3o,PewdiepieSubmissions,post,1556621548,negative
bj1wjx,PewdiepieSubmissions,post,1556621646,negative
bg99sn,SandersForPresident,post,1555977111,neutral
bih2v1,Showerthoughts,post,1556491479,negative
bghy19,SubredditDrama,post,1556034514,negative
ba2v9f,TowerofGod,post,1554545159,negative
bj4duv,Tronix,post,1556636810,neutral
bg7su9,bearsdoinghumanthings,post,1555969217,neutral
bhj6ev,dankmemes,post,1556260536,negative
bhh81p,dankmemes,post,1556246182,neutral
b887fi,dankmemes,post,1554149740,negative
bdy0lw,dankmemes,post,1555442587,negative
bfkusl,dankmemes,post,1555818592,negative
bg1b67,dankmemes,post,1555934779,neutral
bal1i0,dankmemes,post,1554670678,negative
bakngv,dankmemes,post,1554668497,negative
bheps2,dankmemes,post,1556230821,negative
bd4lh7,dankmemes,post,1555259853,neutral
bdibh7,dankmemes,post,1555347008,neutral
b8251q,dankmemes,post,1554124050,negative
bbog77,darkjokes,post,1554915750,negative
b9ahs3,darkjokes,post,1554369587,negative
bhi1xg,dating,post,1556251777,neutral
bgim1b,desmoines,post,1556037810,negative
bhhyn3,forhonor,post,1556251171,negative
b7w65n,gaming,post,1554085760,negative
bfn01h,geometrydash,post,1555837630,neutral
badt4h,hockey,post,1554620442,neutral
bc9naj,ideasfortheadmins,post,1555044504,neutral
b9kmuq,leagueoflegends,post,1554424672,neutral
biecua,marvelstudios,post,1556476406,positive
ben1ly,memes,post,1555602114,negative
bh3lx8,memes,post,1556160823,negative
bf1cq5,redditrequest,post,1555692506,neutral
bcvcq1,redditrequest,post,1555190085,neutral
bf8mhc,redditrequest,post,1555735869,neutral
bgwids,smashbros,post,1556122348,negative
bj2orx,socialism,post,1556627134,negative
biq5f9,teenagers,post,1556548342,negative
b8g3pl,teenagers,post,1554190923,negative
bcrlnq,teenagers,post,1555169076,negative
bbptor,teenagers,post,1554922468,neutral
bfqhb2,unpopularopinion,post,1555863476,negative
bhab60,2007scape,post,1556207911,negative
bhgbxm,AquaSwap,post,1556240497,neutral
bad2kk,AskReddit,post,1554613555,neutral
bi5cmg,AtlantaUnited,post,1556409961,neutral
bgk9fs,Berserk,post,1556046179,neutral
b86szx,Browns,post,1554144493,neutral
bgnmpr,CrazyIdeas,post,1556063989,neutral
bi47vj,DebateAnAtheist,post,1556402825,neutral
bdxwhe,Drama,post,1555441993,positive
bgzvbq,Drugs,post,1556139260,neutral
bcawqq,Elite_Dangerous,post,1555055254,negative
bce2sc,Habs,post,1555078658,neutral
bf3q91,NarcissisticAbuse,post,1555704746,positive
bbk90h,PewdiepieSubmissions,post,1554890804,negative
bhujcf,Philippines,post,1556331873,negative
bem9gf,Psychonaut,post,1555598055,negative
bema8o,Showerthoughts,post,1555598178,negative
bgz04s,Sneakers,post,1556134812,positive
bg8um8,TaylorSwift,post,1555974792,positive
bimr2a,Thunder,post,1556523241,positive
bc0u8l,Vent,post,1554994567,negative
bhyt0k,Vent,post,1556369788,negative
bggwe2,bugs,post,1556029008,neutral
bj517j,churningcanada,post,1556640203,neutral
bagzo2,crashbandicoot,post,1554648674,neutral
bh2y33,dank_meme,post,1556156833,neutral
b9gion,dankmemes,post,1554402878,negative
bezc49,dankmemes,post,1555681914,negative
bh5p3g,dankmemes,post,1556176452,neutral
bcjzi2,dankmemes,post,1555109641,negative
b82jve,dankmemes,post,1554126192,negative
b82tny,dankmemes,post,1554127610,negative
b9mhbc,dankmemes,post,1554436329,negative
bfp3vq,dankmemes,post,1555855359,positive
ba55ml,dankmemes,post,1554562907,negative
bc38vi,dankmemes,post,1555006816,positive
baa5hz,gtaonline,post,1554592283,negative
b97xsh,marvelstudios,post,1554350149,negative
bdv682,marvelstudios,post,1555428118,positive
b8up2n,memes,post,1554275091,negative
bg9sct,memes,post,1555980119,negative
bf247y,memes,post,1555696370,negative
bhmp4e,memes,post,1556287746,negative
bh7i8r,mildlyinfuriating,post,1556191846,positive
b88u0u,nba,post,1554151999,neutral
bidji3,pics,post,1556471898,negative
bih3z1,redditrequest,post,1556491668,neutral
bgqao8,redditrequest,post,1556079922,neutral
b8k186,redditrequest,post,1554215803,neutral
birihn,slashdiablo,post,1556555470,neutral
bdtsdz,splatoon,post,1555420369,positive
bhswpp,teenagers,post,1556321217,negative
bi67tf,ACPocketCamp,post,1556415797,negative
b9qgq9,AmItheAsshole,post,1554466544,neutral
bi7vuc,AnimalsBeingJerks,post,1556428109,negative
beaiek,AskReddit,post,1555521912,neutral
b7w362,BreastEnvy,post,1554085259,neutral
bebtiz,Comcast_Xfinity,post,1555528623,neutral
bg6vk6,CringeAnarchy,post,1555964501,negative
bd0ov7,DnB,post,1555229707,neutral
b8cnvp,FortNiteBR,post,1554168933,neutral
bhr0zt,FrankOcean,post,1556310389,neutral
bb3o27,GenderCritical,post,1554784380,neutral
bef1yp,Herpes,post,1555546535,positive
b7x3ws,HistoryMemes,post,1554091626,neutral
b8x0rh,Showerthoughts,post,1554292783,negative
bef5km,Showerthoughts,post,1555547163,neutral
bdn163,Supernatural,post,1555371932,neutral
bd1kf6,TheWalkingDeadGame,post,1555238734,negative
b8em8w,beetlejuicing,post,1554180755,negative
bgcwku,dankmemes,post,1555999789,neutral
be9mqn,dankmemes,post,1555517424,negative
b7umku,dankmemes,post,1554076855,negative
bigx39,dankmemes,post,1556490496,negative
bcsoxz,dankmemes,post,1555175310,negative
bfgp34,dankmemes,post,1555792082,neutral
b7uqh2,dankmemes,post,1554077382,negative
b839ba,dankmemes,post,1554129709,negative
b7vc6x,dankmemes,post,1554080776,positive
bg30y7,darkjokes,post,1555944871,neutral
bhzu8f,darkjokes,post,1556376903,negative
bbos56,darkjokes,post,1554917358,negative
bcc9x0,ethereum,post,1555067302,neutral
ba43me,freefolk,post,1554555897,neutral
bcvjxg,gatekeeping,post,1555191270,neutral
bg4r5d,golf,post,1555953763,neutral
ba5la8,memes,post,1554565470,negative
bcjetw,memes,post,1555106362,negative
bhz5y8,memes,post,1556372414,positive
bcxl7i,redditrequest,post,1555204109,neutral
bfiqm1,redditrequest,post,1555804435,neutral
bc8jym,redditrequest,post,1555036694,neutral
bhhuj9,redditrequest,post,1556250370,neutral
b7xtj7,superman,post,1554096054,positive
bft04e,teenagers,post,1555877256,neutral
b81i0h,teenagers,post,1554120620,negative
b8atzc,teenagers,post,1554159767,neutral
bg51c2,tf2,post,1555955173,negative
bg581k,unpopularopinion,post,1555956120,negative
b80m1x,vancouverwa,post,1554115446,positive
bew0lc,2007scape,post,1555655314,neutral
beynnv,2007scape,post,1555677725,neutral
bicbtk,AskOuija,post,1556465012,neutral
bemeqo,AskReddit,post,1555598850,neutral
bbr30i,AskReddit,post,1554928861,negative
bfltg7,AskReddit,post,1555826209,negative
bczjkr,AutoModerator,post,1555218893,neutral
bhl50w,AutoModerator,post,1556277370,neutral
beg7x0,BPD,post,1555553740,negative
biag7e,BetterEveryLoop,post,1556452233,neutral
b8j2fo,DeepFriedMemes,post,1554210851,negative
ba1g9y,DeepFriedMemes,post,1554531070,negative
bf5ckj,Dentistry,post,1555713724,neutral
b84mp1,DestinyTheGame,post,1554136051,negative
bhojjw,EDM,post,1556297384,negative
b9icft,Emo,post,1554411759,neutral
biob2i,EscapefromTarkov,post,1556536841,neutral
bcye71,GenderCritical,post,1555209779,positive
b9llfq,Konosuba,post,1554430550,neutral
b8imfu,LifeAfterNarcissism,post,1554208438,positive
b8j04w,LifeAfterNarcissism,post,1554210512,positive
b8ih87,PewdiepieSubmissions,post,1554207576,negative
bdlys1,PoliticalHumor,post,1555366109,negative
bhizwb,SanJoseSharks,post,1556259010,positive
bebb96,Stormlight_Archive,post,1555526051,neutral
bf7wku,SubredditSimMeta,post,1555730388,neutral
bfbsld,TheExpanse,post,1555764147,neutral
bbwr24,TooAfraidToAsk,post,1554965434,neutral
bivvwi,ToolBand,post,1556578095,neutral
bfmrux,WatchRedditDie,post,1555835349,negative
bhjrvw,WatchRedditDie,post,1556265635,negative
bbqo6f,aspergers,post,1554926724,negative
bbsne3,aspergers,post,1554936926,negative
bj6r03,aspergers,post,1556648848,neutral
b8heoc,aspergers,post,1554200604,negative
bgytbx,athensohio,post,1556133869,neutral
bfcpbz,brockhampton,post,1555770223,neutral
b81t8q,dankmemes,post,1554122347,negative
bho3t2,dankmemes,post,1556295125,neutral
bfmh2q,dankmemes,post,1555832329,neutral
bcynq9,dankmemes,post,1555211744,negative
bfeg4d,dankmemes,post,1555779877,negative
bgy7vy,dankmemes,post,1556130859,negative
b7ur6k,dankmemes,post,1554077472,negative
b81sk0,dankmemes,post,1554122235,negative
b84xj0,dankmemes,post,1554137476,negative
bfrc5c,dankmemes,post,1555868120,negative
bevtzq,dankmemes,post,1555653771,neutral
biq53h,dankmemes,post,1556548288,negative
bfqezh,dankmemes,post,1555863125,neutral
b7zoia,dankmemes,post,1554108975,negative
bgld53,dankmemes,post,1556051792,negative
bgsig3,dankmemes,post,1556097992,neutral
bbajvi,darkjokes,post,1554829926,negative
bcm2f5,darkjokes,post,1555123248,positive
bi34wg,darkjokes,post,1556396297,negative
bc6ssn,darkjokes,post,1555025847,negative
bftaef,dating_advice,post,1555878836,neutral
bdiczc,gameideas,post,1555347220,neutral
bgbz5e,gameofthrones,post,1555993213,neutral
be16lh,hockey,post,1555459799,neutral
bgjdyg,ideasfortheadmins,post,1556041672,neutral
bern3j,memes,post,1555626474,positive
b7v6yl,memes,post,1554079919,neutral
bb3s56,memes,post,1554785207,neutral
bczsn5,memes,post,1555221092,neutral
b9om2q,offmychest,post,1554453182,neutral
b95cxe,redditrequest,post,1554334340,neutral
be15hx,redditrequest,post,1555459635,neutral
b9i4fc,redditrequest,post,1554410670,neutral
bdyjib,redditrequest,post,1555445293,neutral
ba5bfa,redditrequest,post,1554563828,neutral
b8h3m0,unpopularopinion,post,1554198493,negative
b9xalf,unpopularopinion,post,1554501755,negative
bbhhmm,unpopularopinion,post,1554868126,negative
bebcdd,AutoModerator,post,1555526218,neutral
bf50tj,BlackPeopleTwitter,post,1555711843,neutral
bc5znd,Boxing,post,1555021103,neutral
bbziu1,ClashRoyale,post,1554987247,negative
b82tck,Cricket,post,1554127568,neutral
bgouho,CringeAnarchy,post,1556071016,negative
bgafzk,CringeAnarchy,post,1555984007,positive
bgmgak,CringeAnarchy,post,1556057382,negative
bgrcjf,CringeAnarchy,post,1556087767,neutral
b8c5y0,Fallout,post,1554166308,negative
bih5e7,Hiphopcirclejerk,post,1556491913,neutral
b8420b,HistoryMemes,post,1554133407,positive
ba1aqw,Libertarian,post,1554529708,neutral
bcjrs4,Memes_Of_The_Dank,post,1555108379,negative
bhcnj1,ModSupport,post,1556219908,neutral
bhcf8b,ModSupport,post,1556218731,neutral
b7wb88,SandersForPresident,post,1554086617,neutral
ba289i,SchoolIdolFestival,post,1554538426,negative
b8elus,Stims,post,1554180678,negative
bj5p32,SubredditDrama,post,1556643558,negative
b845c5,The_Donald,post,1554133840,positive
bhue1v,The_Donald,post,1556330852,neutral
bbx6sf,XXXTENTACION,post,1554969314,neutral
bdudxe,auslaw,post,1555423829,negative
bctiy8,dank_meme,post,1555179968,negative
b8yglb,dankmemes,post,1554300726,negative
b7vh34,dankmemes,post,1554081580,neutral
b7yimd,dankmemes,post,1554100600,negative
b83lll,dankmemes,post,1554131327,negative
b84uel,dankmemes,post,1554137064,negative
bfvmpf,dankmemes,post,1555892513,negative
bflp8r,dankmemes,post,1555825218,positive
ba4n61,dankmemes,post,1554559694,negative
ba7ivm,dankmemes,post,1554576279,negative
bg1qoa,dankmemes,post,1555937440,negative
b7xbtx,dankmemes,post,1554092986,negative
b7xtpy,dankmemes,post,1554096088,neutral
bg8pxn,dankmemes,post,1555974113,positive
bflsll,dankmemes,post,1555825997,positive
b970zn,dankmemes,post,1554344252,negative
bh7fo5,dankmemes,post,1556191324,neutral
bfuj1w,dankmemes,post,1555885853,neutral
bhhubl,dankmemes,post,1556250332,neutral
bhk0an,dankmemes,post,1556267738,neutral
bhoemx,dankmemes,post,1556296683,negative
bhratz,dankmemes,post,1556311911,negative
bhthcd,dankmemes,post,1556324752,negative
bhtyvz,dankmemes,post,1556327974,negative
b7vrl6,dankmemes,post,1554083360,negative
b7xwoj,dankmemes,post,1554096597,negative
bbav2v,dankmemes,post,1554831485,neutral
batzkl,dankmemes,post,1554731119,negative
b88yzp,dankmemes,post,1554152493,negative
bcmd8o,darkjokes,post,1555125438,neutral
be3irx,forhonor,post,1555474488,negative
bbcwrk,freefolk,post,1554841631,negative
bhhlgn,gameideas,post,1556248638,neutral
ber363,help,post,1555623475,neutral
bc446w,india,post,1555011280,negative
bhawgo,insomnia,post,1556210924,neutral
biym0a,japancirclejerk,post,1556594747,negative
b8blwc,redditrequest,post,1554163460,neutral
bbph05,redditrequest,post,1554920719,neutral
bj0f7u,redditrequest,post,1556608498,neutral
bb5zjs,redditrequest,post,1554803352,neutral
b84kkc,redditrequest,post,1554135773,neutral
babb5o,relationships,post,1554600249,negative
b8ix9r,streetwear,post,1554210111,negative
bht1ja,teenagers,post,1556322078,negative
bgxkuc,unpopularopinion,post,1556127634,negative
berp6d,3Dprinting,post,1555626767,neutral
bhdome,49ers,post,1556225262,negative
bhhqbo,Advice,post,1556249554,negative
bgqzfu,AskReddit,post,1556084800,neutral
bd9pc5,CalamariRaceTeam,post,1555288136,neutral
baz2os,Eve,post,1554757138,neutral
bdbg1b,FreeKarma4U,post,1555298793,neutral
bgnmoe,Fuckthealtright,post,1556063985,negative
bdeojj,MakeNewFriendsHere,post,1555326358,neutral
be199l,Memes_Of_The_Dank,post,1555460220,negative
bcmxxy,NegativeWithGold,post,1555129922,neutral
bcus9a,NegativeWithGold,post,1555186864,negative
bcyg0z,NegativeWithGold,post,1555210151,negative
bdm6s6,NegativeWithGold,post,1555367247,negative
be1ly0,NegativeWithGold,post,1555462345,neutral
bf5gw9,NegativeWithGold,post,1555714431,neutral
b8dbnu,ProgrammerHumor,post,1554172592,negative
bhllm3,RandomActsOfBlowJob,post,1556280837,negative
bhloyl,RandomActsOfBlowJob,post,1556281534,negative
b8zpgl,Showerthoughts,post,1554306733,negative
bd65i2,Thailand,post,1555268252,neutral
bcf1s5,WatchRedditDie,post,1555083829,negative
bcsq6z,battlebots,post,1555175506,neutral
bgac6y,caps,post,1555983380,neutral
bgfhyc,dankmemes,post,1556020646,negative
bfaqr7,dankmemes,post,1555755145,neutral
bgztyc,dankmemes,post,1556139061,negative
bac1tc,dankmemes,post,1554605487,negative
bdi8z5,dankmemes,post,1555346659,neutral
bgbpja,dankmemes,post,1555991574,negative
bh9kxr,dankmemes,post,1556204115,positive
bbe7ul,dankmemes,post,1554848326,negative
bdwf4y,dankmemes,post,1555434452,neutral
bictgh,dankmemes,post,1556467807,negative
b80gm0,dankmemes,post,1554114434,negative
bb14mh,dankmemes,post,1554768360,neutral
bf8nw7,darkjokes,post,1555736178,negative
bfxr3z,denvernuggets,post,1555905979,neutral
bat9go,electronic_cigarette,post,1554726901,negative
bcs2u3,ethereum,post,1555171824,neutral
bhj2my,funny,post,1556259657,neutral
b9rxhv,help,post,1554474821,neutral
biw0ea,iastate,post,1556578807,negative
ba2x78,lawofattraction,post,1554545666,negative
bep35x,marvelstudios,post,1555612697,positive
be8sgp,marvelstudios,post,1555513145,neutral
bhqnzn,marvelstudios,post,1556308417,positive
bdw887,marvelstudios,post,1555433473,neutral
bgk5n1,memes,post,1556045647,positive
baawwy,miniSNESmods,post,1554597487,neutral
b9ro94,modhelp,post,1554473497,neutral
bgsy2l,pwned,post,1556101662,neutral
beo7yv,redditrequest,post,1555608141,neutral
ba04v6,redditrequest,post,1554520252,neutral
bcq3is,redditrequest,post,1555159353,neutral
bipjwp,redditrequest,post,1556544908,neutral
bfd87u,redditrequest,post,1555773302,neutral
b91bk0,redditrequest,post,1554314315,neutral
baz6jf,redditrequest,post,1554757672,neutral
bcqyw0,redditrequest,post,1555165395,neutral
bce09e,redditrequest,post,1555078270,neutral
bde4a0,redditrequest,post,1555321791,neutral
bgdh3g,redditrequest,post,1556004298,neutral
bghjp5,roblox,post,1556032475,negative
b7zhs1,streetwear,post,1554107526,negative
b7zkin,streetwear,post,1554108131,negative
b7zxlb,streetwear,post,1554110767,negative
b8f08a,streetwear,post,1554183349,negative
b8f0lf,streetwear,post,1554183424,negative
b8s8l6,teenagers,post,1554257552,neutral
bhgw44,yorku,post,1556244084,neutral
bamixx,2007scape,post,1554679194,negative
bcjr8k,AskReddit,post,1555108299,negative
be8ei3,Braincels,post,1555511017,neutral
beg07z,Braincels,post,1555552414,neutral
bfl5qq,ChapoTrapHouse,post,1555820852,negative
bflf3c,ChapoTrapHouse,post,1555822890,negative
bew3mf,CringeAnarchy,post,1555656059,neutral
bgoccm,CringeAnarchy,post,1556068117,negative
b86jad,DBZDokkanBattle,post,1554143435,neutral
bgxh6x,FreeKarma4U,post,1556127124,neutral
b7yriu,GODZILLA,post,1554102283,negative
b8aeb9,HistoryMemes,post,1554157978,neutral
bi35uu,HuntsvilleAlabama,post,1556396468,neutral
bj441u,JonTron,post,1556635370,negative
bgb28x,LucidDreaming,post,1555987655,neutral
bimbt4,MemeEconomy,post,1556519628,neutral
bamtp6,ModSupport,post,1554681011,neutral
bfs8rv,ModestMouse,post,1555873062,neutral
bisykt,PhantomForces,post,1556562813,neutral
bbln4l,ShadowBan,post,1554900701,neutral
bf4qpn,Showerthoughts,post,1555710297,negative
bfgba4,Showerthoughts,post,1555789963,negative
bd9kdg,Smite,post,1555287266,positive
bcnuza,SquaredCircle,post,1555137941,neutral
bep75w,SquaredCircle,post,1555613275,neutral
bghe3d,SquaredCircle,post,1556031692,neutral
bipov0,Tronix,post,1556545730,neutral
bi8ajj,Trumpgret,post,1556431587,negative
bgxygi,WhereIsAssange,post,1556129528,negative
be30x3,dank_meme,post,1555471039,negative
bdpd42,dankmemes,post,1555386466,positive
bipifa,dankmemes,post,1556544664,negative
bedo24,dankmemes,post,1555538516,positive
bb545o,dankmemes,post,1554795822,negative
b96knh,dankmemes,post,1554341523,negative
b7v59a,dankmemes,post,1554079623,negative
bb5gtl,dankmemes,post,1554798879,negative
b8pmmz,dankmemes,post,1554242647,negative
b92v96,dankmemes,post,1554321491,negative
baxykj,dankmemes,post,1554751522,negative
bdof4c,dankmemes,post,1555380282,neutral
bec26e,dankmemes,post,1555529904,negative
bb03q9,dankmemes,post,1554762610,negative
bfpr9c,dankmemes,post,1555859291,negative
bh3g5d,dankmemes,post,1556159834,neutral
bggeza,dankmemes,post,1556026333,negative
bj5j45,dankmemes,post,1556642728,neutral
b80a6y,dankmemes,post,1554113227,negative
baix9o,dankmemes,post,1554659323,neutral
bj84yi,dankmemes,post,1556655927,neutral
b8qlvd,dankmemes,post,1554247978,negative
b8tny2,dankmemes,post,1554266961,negative
bh035k,dankmemes,post,1556140390,positive
bbfutx,funny,post,1554857808,neutral
bj6jwb,ideasfortheadmins,post,1556647844,negative
b9iu2g,malefashion,post,1554414318,neutral
bh5hru,marvelstudios,post,1556174706,positive
bec995,marvelstudios,post,1555530952,positive
bfgzgu,memes,post,1555793773,neutral
bearr3,memes,post,1555523250,negative
bfdt1b,memes,post,1555776528,negative
b8n0l4,modhelp,post,1554229863,neutral
bcnsl0,opieandanthony,post,1555137292,neutral
bcfrue,redditrequest,post,1555087594,neutral
b9af7i,redditrequest,post,1554369033,neutral
beng44,redditrequest,post,1555604177,neutral
bd7x2g,teenagers,post,1555277686,negative
bg5p8a,teenagers,post,1555958541,neutral
bgo92x,teenagers,post,1556067615,negative
b84haw,thedivision,post,1554135351,negative
bd8tnk,titanfall,post,1555282692,negative
beaku4,trashy,post,1555522253,negative
bdsw4s,unpopularopinion,post,1555414732,negative
badv3v,wallstreetbets,post,1554620997,neutral
bihtc8,4chan,post,1556496063,negative
bgs6t9,AnthemTheGame,post,1556095028,neutral
babk7x,AskReddit,post,1554602005,neutral
bgk6u5,BDSMAdvice,post,1556045813,neutral
bc2z0u,BostonBruins,post,1555005404,neutral
bgcv09,CringeAnarchy,post,1555999477,neutral
b915b7,Damnthatsinteresting,post,1554313478,negative
bgy425,Destiny,post,1556130325,neutral
bfjbfs,DestroyedTanks,post,1555808173,negative
b7zc8l,FashionReps,post,1554106352,neutral
bf4fgu,FortNiteBR,post,1555708533,negative
bf4jqc,FortNiteBR,post,1555709197,neutral
bf4ngz,FortNiteBR,post,1555709795,negative
bj918s,GenderCritical,post,1556660252,neutral
biqaz9,HentaiSource,post,1556549213,neutral
b81xp8,HistoryMemes,post,1554122992,negative
b8d8cl,HumansBeingBros,post,1554172059,positive
b88oll,ImGoingToHellForThis,post,1554151459,negative
bf8g8u,LosAngeles,post,1555734504,neutral
bb7nr5,RequestABot,post,1554814858,neutral
b85ob5,Warframe,post,1554140441,positive
bfcyou,askcarsales,post,1555771790,neutral
bi4tut,baseballcirclejerk,post,1556406574,negative
b8ewrt,bladeandsoul,post,1554182704,neutral
biu43x,casualnintendo,post,1556568720,neutral
bfevf2,dankmemes,post,1555782090,neutral
b8evpr,dankmemes,post,1554182509,neutral
bgjm0e,dankmemes,post,1556042797,negative
bj4oi4,dankmemes,post,1556638368,negative
bhp7lt,dankmemes,post,1556300736,negative
baopp0,dankmemes,post,1554693185,negative
bgsxaq,dankmemes,post,1556101485,negative
bfmpwn,dankmemes,post,1555834807,negative
bfjczf,dankmemes,post,1555808462,neutral
badyj4,dankmemes,post,1554621962,neutral
b84n0v,dankmemes,post,1554136092,negative
bewdef,dankmemes,post,1555658408,negative
b81ik9,dankmemes,post,1554120704,neutral
b81hfb,dankmemes,post,1554120542,negative
bfzsxd,dankmemes,post,1555923164,negative
bfen9a,dankmemes,post,1555780905,negative
bfflze,dankmemes,post,1555786049,negative
bfgikv,dankmemes,post,1555791073,neutral
bfthyu,dankmemes,post,1555880035,negative
bftsfn,dankmemes,post,1555881635,negative
bht208,dankmemes,post,1556322160,negative
bfdm2g,dankmemes,post,1555775496,neutral
bes2u6,darkjokes,post,1555628803,negative
bfegmz,halo,post,1555779951,neutral
ba41t3,help,post,1554555538,neutral
bdxhpw,instantkarma,post,1555439934,negative
bf55t3,lgbt,post,1555712616,neutral
bf582k,lgbt,post,1555712987,negative
be1ng9,marvelstudios,post,1555462600,positive
ba035l,mildlypenis,post,1554519892,neutral
bfz9rf,mkxmobile,post,1555918347,negative
bgutan,redditrequest,post,1556113626,neutral
b9bo5m,redditrequest,post,1554378424,neutral
bgvg06,redditrequest,post,1556116977,neutral
bannhj,redditrequest,post,1554686305,neutral
b9a8ln,redditrequest,post,1554367439,neutral
bb9ioz,redditrequest,post,1554824932,neutral
b8l51z,redditrequest,post,1554221061,neutral
be8t6k,redditrequest,post,1555513248,neutral
bef6uq,redditrequest,post,1555547392,neutral
bf1koa,redditrequest,post,1555693618,neutral
bhu74x,rockets,post,1556329532,neutral
b8hizz,runescape,post,1554201416,negative
b8vh2v,streetwear,post,1554281585,negative
b8wij6,streetwear,post,1554289424,negative
b876if,subnautica,post,1554145878,negative
bdmkvw,teenagers,post,1555369363,neutral
b9cvn9,thedonald,post,1554385441,neutral
bcwnd6,2007scape,post,1555197892,neutral
bbesmc,BitcoinCA,post,1554851556,negative
b9oo6n,Braincels,post,1554453688,negative
bhrrcy,Comcast_Xfinity,post,1556314472,neutral
bbzh6e,DeepFriedMemes,post,1554986955,negative
bhjbnt,FortNiteBR,post,1556261771,neutral
biz96t,FrankOcean,post,1556599165,negative
bi016u,GlobalOffensive,post,1556378040,positive
ba08o4,GoldandBlack,post,1554521067,negative
bhxohm,JustUnsubbed,post,1556359830,negative
bdtr96,Kirby,post,1555420195,positive
be4fa1,LinusTechTips,post,1555481376,neutral
bgdn8a,NASCAR,post,1556005679,negative
b8pulo,Oppression,post,1554243813,negative
bdwjhr,PewdiepieSubmissions,post,1555435050,neutral
bb8r5a,PewdiepieSubmissions,post,1554820974,neutral
bhzaga,PewdiepieSubmissions,post,1556373331,positive
b85uop,Radiology,post,1554140928,neutral
bec4ks,Screenwriting,post,1555530260,neutral
bbcdnd,TwoSentenceHorror,post,1554839042,neutral
bgbul3,WarshipPorn,post,1555992411,neutral
b9eqh5,audioengineering,post,1554394373,positive
bfcr43,dankmemes,post,1555770544,negative
bj4wy1,dankmemes,post,1556639600,negative
b7ztzl,dankmemes,post,1554110064,negative
b83ybk,dankmemes,post,1554132933,negative
b84lyp,dankmemes,post,1554135959,neutral
belbs4,dankmemes,post,1555592746,neutral
bb62c3,dankmemes,post,1554803991,neutral
bcpdqd,dankmemes,post,1555153210,neutral
bhr6kl,dankmemes,post,1556311254,negative
bf7i1n,dankmemes,post,1555727468,neutral
biwaf4,dankmemes,post,1556580417,positive
be7xtb,dankmemes,post,1555508469,neutral
be9dnm,dankmemes,post,1555516153,neutral
bek1wy,dankmemes,post,1555584249,positive
bfj9p0,dankmemes,post,1555807842,negative
b9bxws,dankmemes,post,1554380038,neutral
bghda2,dankmemes,post,1556031585,negative
bghed4,dankmemes,post,1556031727,negative
bchfad,dankmemes,post,1555095712,negative
b91d2m,dankmemes,post,1554314505,neutral
bavsm7,darkjokes,post,1554740486,neutral
b7wro6,darkjokes,post,1554089409,neutral
b9extv,forhonor,post,1554395299,negative
bd2d8a,forhonor,post,1555245751,negative
bdulc3,forhonor,post,1555425017,neutral
bi8oub,forhonor,post,1556435279,neutral
berj0g,marvelstudios,post,1555625865,positive
bg7cwk,memes,post,1555966945,neutral
bipztm,modhelp,post,1556547475,neutral
bdyjkh,modhelp,post,1555445301,neutral
b9yqpb,mormon,post,1554510401,negative
bi3rid,playrust,post,1556400088,negative
bgybfn,podcasts,post,1556131369,positive
bhdeex,rapbattles,post,1556223827,neutral
b8pinq,redditrequest,post,1554242087,neutral
biafsq,redditrequest,post,1556452134,neutral
bh0hd7,redditrequest,post,1556142470,neutral
bgdg8n,redditrequest,post,1556004109,neutral
bhlrap,redditrequest,post,1556282022,neutral
be99ls,startrek,post,1555515575,neutral
bh9ab3,teenagers,post,1556202549,negative
be7uxd,therewasanattempt,post,1555507997,negative
bh6dvj,therewasanattempt,post,1556182831,negative
bcgxd8,unpopularopinion,post,1555093282,negative
b8i9ou,wallstreetbets,post,1554206344,neutral
bbnfdm,ChapoTrapHouse,post,1554910544,neutral
beh0a9,ChapoTrapHouse,post,1555558880,neutral
bi5rby,Colts,post,1556412629,neutral
bgngvt,CringeAnarchy,post,1556063061,positive
bge5m6,CringeAnarchy,post,1556010180,negative
bgh377,CringeAnarchy,post,1556030075,negative
bcxjfu,CrusaderKings,post,1555203771,negative
bi3471,DBZDokkanBattle,post,1556396180,neutral
bedfq4,DeepFriedMemes,post,1555537294,neutral
bihepw,EtikaRedditNetwork,post,1556493516,neutral
bebzrg,FashionReps,post,1555529543,negative
bb812t,Futurology,post,1554817002,neutral
b8pub1,Games,post,1554243767,negative
bci709,ImGoingToHellForThis,post,1555099730,negative
bayhql,KingdomDeath,post,1554754197,negative
bi5nhd,ModSupport,post,1556411917,negative
bf7ffm,NoStupidQuestions,post,1555726961,neutral
beo36u,PewdiepieSubmissions,post,1555607479,neutral
bh5i19,Slipknot,post,1556174767,negative
bi5sel,StarWarsBattlefront,post,1556412827,negative
b8unpz,TooAfraidToAsk,post,1554274787,negative
bbofpq,TooAfraidToAsk,post,1554915684,neutral
bcl8cf,TooAfraidToAsk,post,1555117504,negative
bebejn,TooAfraidToAsk,post,1555526530,negative
bec4sq,TooAfraidToAsk,post,1555530290,negative
bg5i61,TooAfraidToAsk,post,1555957545,negative
bg6vox,TooAfraidToAsk,post,1555964521,negative
bg950e,TooAfraidToAsk,post,1555976379,neutral
bizrun,TooAfraidToAsk,post,1556603141,neutral
b9evw0,TopMindsOfReddit,post,1554395053,neutral
bdh3zg,TowerofGod,post,1555341164,negative
bhz9xj,asexuality,post,1556373223,neutral
ba3iu3,bald,post,1554551296,neutral
be1t8k,berkeley,post,1555463556,negative
beg58m,berkeley,post,1555553260,negative
b83ns6,classicwow,post,1554131616,positive
beuedn,conspiracy,post,1555643051,negative
b8288c,copypasta,post,1554124482,neutral
bgye6x,dankmemes,post,1556131752,neutral
b81jfz,dankmemes,post,1554120831,negative
ba5u1w,dankmemes,post,1554566862,negative
ba63xv,dankmemes,post,1554568416,negative
bcb4qt,dankmemes,post,1555057410,negative
bey188,dankmemes,post,1555673214,neutral
b809pb,dankmemes,post,1554113130,neutral
bgqdj2,dankmemes,post,1556080457,positive
b7xsl7,dankmemes,post,1554095886,neutral
bi3htf,dankmemes,post,1556398489,positive
bfhklv,dankmemes,post,1555797201,negative
bbikui,dankmemes,post,1554876301,neutral
bflfuy,dankmemes,post,1555823066,neutral
bem1o7,dankmemes,post,1555596871,neutral
b86zli,dankmemes,post,1554145163,positive
baob2r,dankmemes,post,1554690503,neutral
b879yz,dankmemes,post,1554146247,positive
bgui31,dankmemes,post,1556111866,neutral
bart7y,dankmemes,post,1554716739,neutral
bgyrb3,darkjokes,post,1556133580,negative
bccf8o,darknet,post,1555068372,neutral
bfp3iu,flying,post,1555855295,neutral
b9zkcx,forhonor,post,1554516076,negative
bbr1ly,gameofthrones,post,1554928654,neutral
bi7art,help,post,1556423560,neutral
bgnyjf,homeschool,post,1556065906,negative
bhwejt,marvelstudios,post,1556346955,positive
babxof,memes,post,1554604622,neutral
b9vsu1,memes,post,1554493899,negative
bi8ebp,memes,post,1556432548,positive
b8n9fz,mildlyinfuriating,post,1554231065,negative
bh7dxg,mildlyinteresting,post,1556190967,negative
bgxkri,redditrequest,post,1556127625,neutral
bd6bun,redditrequest,post,1555269127,neutral
bj39qn,redditrequest,post,1556630694,neutral
bi5lif,redditrequest,post,1556411570,neutral
bikrdb,rickandmorty,post,1556511984,neutral
bii3cd,selfharm,post,1556497738,neutral
b7xx61,teenagers,post,1554096681,neutral
b8cfj2,teenagers,post,1554167689,neutral
b97sfh,teenagers,post,1554349098,neutral
b9xky9,teenagers,post,1554503318,neutral
bajjzt,teenagers,post,1554662569,negative
bef1wq,teenagers,post,1555546526,negative
bef8x8,teenagers,post,1555547749,negative
beiiay,teenagers,post,1555570628,positive
bag425,teenagers,post,1554642873,neutral
bgmz35,thedavidpakmanshow,post,1556060287,neutral
b921la,unpopularopinion,post,1554317697,negative
bbulti,uwaterloo,post,1554948488,neutral
bhzl1c,uwaterloo,post,1556375300,neutral
b89tr9,vegan,post,1554155773,negative
b8z1u0,vegan,post,1554303613,neutral
b9466s,vegan,post,1554327872,neutral
b9mgmb,vegan,post,1554436204,neutral
bepn76,vegan,post,1555615640,negative
bewy8k,vegan,post,1555663924,neutral
bhwnd0,vegan,post,1556349287,neutral
bhxwe9,vegan,post,1556362046,neutral
bi8xv9,vegan,post,1556437705,neutral
bdwt3i,woooosh,post,1555436407,neutral
bi7kna,BetterEveryLoop,post,1556425683,negative
bj6oml,Browns,post,1556648505,neutral
be3d9q,CasualConversation,post,1555473416,negative
begbub,CasualConversation,post,1555554446,neutral
baxsm2,ChapoTrapHouse,post,1554750674,neutral
b9ib00,ClashOfClans,post,1554411572,negative
bgpwj2,CringeAnarchy,post,1556077298,positive
bgns5y,CringeAnarchy,post,1556064849,neutral
bg7k75,CringeAnarchy,post,1555967993,negative
bgmjxc,CringeAnarchy,post,1556057958,neutral
bgr83e,CringeAnarchy,post,1556086748,neutral
bgrb8j,CringeAnarchy,post,1556087477,neutral
bgrmq5,CringeAnarchy,post,1556090095,negative
bajtyy,DotA2,post,1554664048,negative
bg2ml7,FortNiteBR,post,1555942668,neutral
bhvc8t,KitchenConfidential,post,1556337825,negative
babhr7,NewYorkIslanders,post,1554601519,neutral
bhg74l,OldSchoolCool,post,1556239669,negative
bc2m53,Overwatch_Memes,post,1555003595,negative
b86yq5,PrequelMemes,post,1554145072,neutral
beasya,SandersForPresident,post,1555523422,neutral
b8suev,TowerofGod,post,1554261272,negative
betalj,TowerofGod,post,1555635927,positive
bhpgso,Trumpgret,post,1556302063,negative
bcvdmj,Twitch,post,1555190228,neutral
bct1mb,WatchRedditDie,post,1555177307,negative
b9vzgm,arenaofvalor,post,1554494817,negative
b7w98s,circlejerk,post,1554086275,negative
b8cuwa,circlejerk,post,1554170004,negative
bfluay,circlejerk,post,1555826414,negative
bh0zr6,comedy,post,1556145232,neutral
b8a66y,dankmemes,post,1554157181,negative
bhiq0g,dankmemes,post,1556256769,neutral
bddynf,dankmemes,post,1555320449,negative
bbr1bn,dankmemes,post,1554928617,negative
bcjyi2,dankmemes,post,1555109470,positive
b7yvlc,dankmemes,post,1554103048,negative
b83jmi,dankmemes,post,1554131067,neutral
bgva5q,dankmemes,post,1556116116,positive
bfg7ob,dankmemes,post,1555789392,positive
badumm,dankmemes,post,1554620870,negative
bh9q09,dankmemes,post,1556204840,neutral
bb1z0h,dankmemes,post,1554773365,negative
beyo92,dankmemes,post,1555677832,neutral
b7yp0m,dankmemes,post,1554101803,neutral
bcc26s,darkjokes,post,1555065741,negative
bck89v,darkjokes,post,1555111070,positive
bdingd,darkjokes,post,1555348656,negative
b9q1oa,electronic_cigarette,post,1554463941,neutral
bj5opn,eroticauthors,post,1556643503,neutral
bfyr0u,gameofthrones,post,1555913847,neutral
becznj,gradadmissions,post,1555534882,neutral
bf1qpx,gradadmissions,post,1555694435,neutral
bcuxii,justneckbeardthings,post,1555187677,neutral
bhcm78,marvelstudios,post,1556219714,neutral
bis3de,mentalhealth,post,1556558374,positive
bj2y0y,needamod,post,1556628814,neutral
bcjlq7,opieandanthony,post,1555107426,positive
bclpwl,opieandanthony,post,1555120837,negative
bdtn14,pics,post,1555419522,negative
bbyzsj,redditrequest,post,1554983852,positive
bezowb,redditrequest,post,1555683882,neutral
bgl0al,redditrequest,post,1556049978,neutral
bip6z6,redditrequest,post,1556542728,neutral
bgww48,redditrequest,post,1556124228,neutral
ba44lp,redditrequest,post,1554556090,neutral
bhplwj,redditrequest,post,1556302798,neutral
biiqn4,sbubby,post,1556501900,neutral
bd45t5,sharditkeepit,post,1555257422,neutral
bj3epg,stopdrinking,post,1556631451,positive
bczd5n,teenagers,post,1555217354,positive
bi66np,teenagers,post,1556415571,positive
b9zd34,teenagers,post,1554514637,neutral
b8u2ko,wsgy,post,1554270074,neutral
bfllqi,wsgy,post,1555824398,negative
bhtvpk,2007scape,post,1556327366,neutral
bizm8g,AskOuija,post,1556601897,neutral
bfuy9q,AskReddit,post,1555888332,neutral
bd5lqw,AskReddit,post,1555265428,neutral
bd86r0,AskReddit,post,1555279159,neutral
bht81w,AskReddit,post,1556323222,neutral
bgm1ba,AskReddit,post,1556055179,neutral
bargw9,DeepFriedMemes,post,1554713820,negative
bb06td,ForHonorSamurai,post,1554763073,neutral
bcq71h,LateStageCapitalism,post,1555160111,negative
ba72f6,Memes_Of_The_Dank,post,1554573701,negative
bf1kfh,ModSupport,post,1555693582,neutral
bb101m,OutOfTheLoop,post,1554767621,negative
bga9ib,PrequelMemes,post,1555982947,neutral
b7x2yq,Showerthoughts,post,1554091464,negative
b8cp26,Showerthoughts,post,1554169118,negative
b8e14p,Showerthoughts,post,1554176848,negative
b8e23w,Showerthoughts,post,1554177025,negative
b8f4p1,Showerthoughts,post,1554184215,negative
b8oguk,Showerthoughts,post,1554236936,negative
b8ra9o,Showerthoughts,post,1554251894,negative
b8rg63,Showerthoughts,post,1554252856,negative
b8rim2,Showerthoughts,post,1554253254,negative
b8zovp,Showerthoughts,post,1554306658,negative
b94s1o,Showerthoughts,post,1554331144,negative
b97ptf,Showerthoughts,post,1554348607,neutral
b98d4c,Showerthoughts,post,1554353121,negative
b9e6ly,Showerthoughts,post,1554391854,negative
b9jn9b,Showerthoughts,post,1554418798,negative
b9rrwt,Showerthoughts,post,1554474017,negative
b9w1qg,Showerthoughts,post,1554495136,negative
b9xk7y,Showerthoughts,post,1554503205,negative
b9yzkm,Showerthoughts,post,1554512028,negative
ba049k,Showerthoughts,post,1554520124,negative
bafj3e,Showerthoughts,post,1554638194,negative
baiel1,Showerthoughts,post,1554656568,negative
baoes3,Showerthoughts,post,1554691174,neutral
baub8g,Showerthoughts,post,1554732866,neutral
bayxwq,Showerthoughts,post,1554756492,negative
bb2qf5,Showerthoughts,post,1554778073,neutral
bbdaog,Showerthoughts,post,1554843549,negative
bbexyj,Showerthoughts,post,1554852365,negative
bbimli,Showerthoughts,post,1554876693,positive
bbpqtp,Showerthoughts,post,1554922065,negative
bbsf5x,Showerthoughts,post,1554935704,neutral
bbsu7j,Showerthoughts,post,1554937991,negative
bbvt11,Showerthoughts,post,1554956474,negative
bby4a4,Showerthoughts,post,1554977505,negative
bc04fw,Showerthoughts,post,1554990684,neutral
bc2lbw,Showerthoughts,post,1555003476,negative
bcfps6,Showerthoughts,post,1555087289,negative
bckusk,Showerthoughts,post,1555115025,negative
bctzpy,Showerthoughts,post,1555182503,negative
bda8h2,Showerthoughts,post,1555291471,neutral
bdfhcz,Showerthoughts,post,1555331930,negative
be1vq8,Showerthoughts,post,1555463989,negative
be5t6g,Showerthoughts,post,1555493901,negative
bf3clu,Showerthoughts,post,1555702757,negative
bf3cwu,Showerthoughts,post,1555702801,negative
bfha4x,Showerthoughts,post,1555795469,neutral
bfmzy0,Showerthoughts,post,1555837605,neutral
bfpdg4,Showerthoughts,post,1555857038,negative
bfpe2o,Showerthoughts,post,1555857138,negative
bftkcr,Showerthoughts,post,1555880402,negative
bfyps9,Showerthoughts,post,1555913571,positive
bfzouu,Showerthoughts,post,1555922140,negative
bg9ydw,Showerthoughts,post,1555981110,negative
bgifc3,Showerthoughts,post,1556036902,negative
bgrcpg,Showerthoughts,post,1556087802,neutral
bgwr9y,Showerthoughts,post,1556123551,neutral
bgxj42,Showerthoughts,post,1556127396,negative
bh0q11,Showerthoughts,post,1556143748,positive
bh29p8,Showerthoughts,post,1556152733,negative
bh6cx2,Showerthoughts,post,1556182568,negative
bh6sl5,Showerthoughts,post,1556186470,negative
bhkvul,Showerthoughts,post,1556275451,negative
bhlu66,Showerthoughts,post,1556282634,neutral
bhn6s0,Showerthoughts,post,1556290370,negative
bi9yak,Showerthoughts,post,1556447761,neutral
bi9yf1,Showerthoughts,post,1556447791,negative
bidh98,Showerthoughts,post,1556471542,neutral
bih2qh,Showerthoughts,post,1556491458,negative
bimp5b,Showerthoughts,post,1556522753,negative
bj3zuq,Showerthoughts,post,1556634741,negative
bj9c8a,Showerthoughts,post,1556661793,negative
bj9dgi,Showerthoughts,post,1556661959,negative
bctjmn,Steam,post,1555180070,neutral
berl5x,TrueOffMyChest,post,1555626187,negative
bhpbsx,Trumpgret,post,1556301355,neutral
bf7dw5,WorldOfWarships,post,1555726669,neutral
bbcy0o,abortion,post,1554841806,neutral
bhsm5d,asktransgender,post,1556319448,positive
bctcvf,blackmagicfuckery,post,1555179049,positive
bh9rgz,books,post,1556205053,positive
bbt7ye,caps,post,1554940146,neutral
bb8fk8,confession,post,1554819245,neutral
bias79,dankmemes,post,1556454836,negative
bg33xn,dankmemes,post,1555945312,neutral
b893zy,dankmemes,post,1554152978,negative
birmjb,dankmemes,post,1556556000,negative
bfy2y9,dankmemes,post,1555908400,neutral
b8y6wz,dankmemes,post,1554299370,negative
bgkgqf,dankmemes,post,1556047220,positive
b9j1qm,dankmemes,post,1554415445,negative
bao4ae,dankmemes,post,1554689319,neutral
bdkcr7,dankmemes,post,1555356768,negative
b825vu,dankmemes,post,1554124165,neutral
belydh,dankmemes,post,1555596373,neutral
b7xmqw,dankmemes,post,1554094917,negative
bhjqep,dankmemes,post,1556265243,negative
b7uysn,dankmemes,post,1554078590,negative
bfpif4,donaldglover,post,1555857860,positive
bg60wn,jobs,post,1555960178,negative
b7yvq0,leagueoflegends,post,1554103076,negative
bdp2br,marvelstudios,post,1555384399,positive
bfzmb7,meme,post,1555921480,negative
bfjgco,memes,post,1555809078,negative
bax7b1,memes,post,1554747652,neutral
bfq85b,nin,post,1555862080,negative
bdte6v,rage,post,1555417992,negative
bdgzjt,redditrequest,post,1555340527,neutral
beelo1,redditrequest,post,1555543830,neutral
bf63p0,redditrequest,post,1555718246,neutral
bc77d9,redditrequest,post,1555028322,neutral
bd1eya,redditrequest,post,1555237200,neutral
bby0f8,redditrequest,post,1554976692,neutral
b8pirp,soccer,post,1554242101,negative
bemf85,softwaregore,post,1555598924,neutral
bbubwz,starbound,post,1554946801,neutral
beiqlo,teenagers,post,1555572653,neutral
bdqawe,teenagers,post,1555393523,neutral
bi8nr2,teenagers,post,1556435013,neutral
bhfgiw,teenagers,post,1556235074,neutral
bgf09z,teenagers,post,1556017162,neutral
bfayte,ukpolitics,post,1555757276,positive
b86bcs,unpopularopinion,post,1554142439,positive
b8dd5u,unpopularopinion,post,1554172838,negative
b8k2em,unpopularopinion,post,1554215969,negative
b8tj90,unpopularopinion,post,1554266004,negative
b8tmzc,unpopularopinion,post,1554266756,negative
b8tsxs,unpopularopinion,post,1554268014,negative
b95mwy,unpopularopinion,post,1554335931,negative
b9fmxe,unpopularopinion,post,1554398610,negative
ba8uy6,unpopularopinion,post,1554584244,negative
bac2db,unpopularopinion,post,1554605610,negative
banpa5,unpopularopinion,post,1554686626,negative
bansir,unpopularopinion,post,1554687224,negative
bayot3,unpopularopinion,post,1554755180,negative
bbaa8d,unpopularopinion,post,1554828669,neutral
bbgh8w,unpopularopinion,post,1554861534,negative
bbn2y1,unpopularopinion,post,1554908758,neutral
bbnf39,unpopularopinion,post,1554910503,positive
bc2fm6,unpopularopinion,post,1555002684,neutral
bclb4k,unpopularopinion,post,1555118026,negative
bcxuaw,unpopularopinion,post,1555205855,negative
bdicu4,unpopularopinion,post,1555347202,positive
bdkffp,unpopularopinion,post,1555357138,negative
bdp331,unpopularopinion,post,1555384542,negative
bdpd4p,unpopularopinion,post,1555386470,negative
bdrov3,unpopularopinion,post,1555405321,negative
be0xom,unpopularopinion,post,1555458337,negative
beemj5,unpopularopinion,post,1555543971,negative
befqs1,unpopularopinion,post,1555550785,positive
bf3mpn,unpopularopinion,post,1555704236,negative
bf47ye,unpopularopinion,post,1555707392,negative
bf6nag,unpopularopinion,post,1555721764,positive
bf75qg,unpopularopinion,post,1555725126,negative
bfm0gs,unpopularopinion,post,1555827942,negative
bfrgyp,unpopularopinion,post,1555868863,negative
bfxsxk,unpopularopinion,post,1555906336,negative
bfzd8f,unpopularopinion,post,1555919194,negative
bgajr8,unpopularopinion,post,1555984615,neutral
bgb4dx,unpopularopinion,post,1555988007,negative
bgbkjr,unpopularopinion,post,1555990718,neutral
bgcts1,unpopularopinion,post,1555999225,negative
bgf4py,unpopularopinion,post,1556018093,neutral
bgmb2p,unpopularopinion,post,1556056651,negative
bgq1sq,unpopularopinion,post,1556078286,negative
bgqleg,unpopularopinion,post,1556082045,negative
bguu85,unpopularopinion,post,1556113760,negative
bgy332,unpopularopinion,post,1556130183,negative
bh82d1,unpopularopinion,post,1556195519,negative
bha5qi,unpopularopinion,post,1556207126,negative
bhani0,unpopularopinion,post,1556209653,negative
bhd2tl,unpopularopinion,post,1556222149,negative
bhf2m6,unpopularopinion,post,1556232831,negative
bhgt2w,unpopularopinion,post,1556243539,negative
bhjpur,unpopularopinion,post,1556265113,negative
bhmj1m,unpopularopinion,post,1556286804,negative
bi1kye,unpopularopinion,post,1556387157,negative
bi3ext,unpopularopinion,post,1556398002,negative
bi67s6,unpopularopinion,post,1556415792,negative
bi9ddo,unpopularopinion,post,1556442050,negative
biu2lh,unpopularopinion,post,1556568505,negative
bgkx7j,zerocarb,post,1556049558,negative
b95tvy,ADHD,post,1554337072,neutral
bgnejw,AgeofMythology,post,1556062685,neutral
bdt282,GCXRep,post,1555415898,neutral
biaxas,Gunners,post,1556455938,neutral
b7yrma,HistoryMemes,post,1554102336,neutral
b84uau,HistoryMemes,post,1554137118,neutral
beq01k,IBO,post,1555617549,neutral
bh50u5,LGBTeens,post,1556170768,negative
bffs2o,LeagueOfMeta,post,1555786978,negative
bgmuev,LoveNikki,post,1556059554,neutral
b7xs72,OutOfTheLoop,post,1554095816,neutral
b7xvpn,OutOfTheLoop,post,1554096425,neutral
b83ccn,OutOfTheLoop,post,1554130109,neutral
b8aohl,OutOfTheLoop,post,1554159122,neutral
baq5s6,OutOfTheLoop,post,1554703521,negative
bf3q6y,OutOfTheLoop,post,1555704738,neutral
bf3ucs,OutOfTheLoop,post,1555705358,neutral
bh1s8m,OutOfTheLoop,post,1556149822,neutral
bigirb,PewdiepieSubmissions,post,1556488120,neutral
bhfmq0,Tendies,post,1556236103,negative
bhogen,Trumpgret,post,1556296930,neutral
bhy7xl,XXXTENTACION,post,1556364966,neutral
bhiyvg,censorship,post,1556258781,neutral
bhereq,dank_meme,post,1556231060,neutral
bagz2q,dankmemes,post,1554648572,neutral
bb4zna,dankmemes,post,1554794740,neutral
bfouhw,dankmemes,post,1555853651,negative
b84k5f,dankmemes,post,1554135714,negative
bj496x,dankmemes,post,1556636134,negative
bh8ubz,dankmemes,post,1556200102,negative
bix9sc,dankmemes,post,1556586417,negative
bf6dnd,dankmemes,post,1555719977,neutral
bhd4uo,dankmemes,post,1556222448,negative
bbywbw,dankmemes,post,1554983209,neutral
b81nwx,dankmemes,post,1554121518,neutral
bfmzqc,dankmemes,post,1555837550,negative
b7xyfg,dankmemes,post,1554096902,negative
bfgdrc,dankmemes,post,1555790346,neutral
b81ta4,dankmemes,post,1554122351,positive
bitifs,darkjokes,post,1556565650,negative
bhg0vh,discordapp,post,1556238533,negative
bi27yc,dubai,post,1556390875,neutral
b9i35u,hearthstone,post,1554410484,neutral
b8yv4j,india,post,1554302695,neutral
bc7kku,memes,post,1555030595,negative
bgzzxo,memes,post,1556139924,neutral
bia3ku,needamod,post,1556449182,neutral
bgco44,northernireland,post,1555998057,neutral
bby7r6,pathofexile,post,1554978251,negative
bf8o8x,redditrequest,post,1555736256,neutral
biskcr,redditrequest,post,1556560809,neutral
bancgy,redditrequest,post,1554684337,neutral
b90muw,teenagers,post,1554311066,neutral
bcsxzo,teenagers,post,1555176730,neutral
beam4i,teenagers,post,1555522441,neutral
bfm2ep,teenagers,post,1555828446,negative
bgoi1g,teenagers,post,1556069066,negative
bh1xzd,teenagers,post,1556150803,neutral
bfhcyx,unpopularopinion,post,1555795932,negative
bivrcn,vexillology,post,1556577382,negative
bhxei9,ABoringDystopia,post,1556357099,negative
b9y27q,AutoModerator,post,1554506131,neutral
b8rzmf,BABYMETAL,post,1554256049,positive
b9310m,BlackPeopleTwitter,post,1554322240,negative
b942ee,BlackPeopleTwitter,post,1554327312,neutral
b95dsx,BlackPeopleTwitter,post,1554334475,neutral
b969v8,BlackPeopleTwitter,post,1554339699,negative
b96bev,BlackPeopleTwitter,post,1554339969,negative
b97zek,BlackPeopleTwitter,post,1554350461,negative
baqgmi,BlackPeopleTwitter,post,1554705812,negative
bbdg8o,BlackPeopleTwitter,post,1554844315,neutral
bc4qy8,BlackPeopleTwitter,post,1555014516,neutral
bfdf6e,BlackPeopleTwitter,post,1555774415,neutral
bfnvfw,BlackPeopleTwitter,post,1555846126,negative
bbdlsf,Blackfellas,post,1554845124,negative
bdjqaw,Comcast_Xfinity,post,1555353820,neutral
bgupgt,CringeAnarchy,post,1556113020,neutral
bb6uyk,FortNiteBR,post,1554809855,neutral
b912i2,Games,post,1554313106,negative
bhqhjn,KGATLW,post,1556307452,neutral
b9awbb,LegalAdviceUK,post,1554372662,negative
bijt6t,Libertarian,post,1556508097,neutral
banjiy,Mavericks,post,1554685599,neutral
bcz7ah,Mavericks,post,1555216000,positive
b9l01l,Memes_Of_The_Dank,post,1554426938,negative
b9kqd8,NoStupidQuestions,post,1554425263,neutral
bd8loc,Rainbow6,post,1555281397,neutral
bb85jv,ShadowBan,post,1554817715,neutral
bcyaew,The_Donald,post,1555209019,neutral
bhldig,WatchRedditDie,post,1556279179,negative
bgrwjg,WatchRedditDie,post,1556092432,negative
b8tz25,battlestations,post,1554269309,neutral
b8i7lw,boottoobig,post,1554205986,negative
bdryez,caps,post,1555407576,neutral
b84gvu,conspiracy,post,1554135299,neutral
bfg88c,dankmemes,post,1555789476,neutral
biq7oh,dankmemes,post,1556548706,negative
bg05tm,dankmemes,post,1555926203,positive
bcjgxb,dankmemes,post,1555106667,negative
bfi9gk,dankmemes,post,1555801457,negative
bfdvdi,dankmemes,post,1555776890,neutral
bfbyfy,dankmemes,post,1555765361,negative
bfpqsx,dankmemes,post,1555859217,neutral
bfqxk2,dankmemes,post,1555865947,neutral
bd3twu,dankmemes,post,1555255451,negative
bbp79p,darkjokes,post,1554919393,negative
bc7kra,darkjokes,post,1555030627,negative
b8g2zr,delusionalartists,post,1554190776,neutral
bc7ojo,ehlersdanlos,post,1555031270,neutral
b9v5lg,forsen,post,1554490650,neutral
bhj1t9,gaming,post,1556259460,neutral
bgy64m,goldenknights,post,1556130630,positive
bfkk1d,gonewild,post,1555816446,neutral
bar3yb,indieheads,post,1554710780,neutral
bhxjph,marvelstudios,post,1556358511,negative
be9yu7,me_irl,post,1555519155,negative
baosw0,modhelp,post,1554693747,neutral
be95vx,nba,post,1555515049,neutral
b8zmox,redditgetsdrawn,post,1554306372,positive
bghnoq,redditrequest,post,1556033047,neutral
bh36br,redditrequest,post,1556158207,neutral
bhxmer,redditrequest,post,1556359261,neutral
bbs9m8,toastme,post,1554934886,neutral
benbcc,unpopularopinion,post,1555603505,negative
bih200,unpopularopinion,post,1556491339,negative
b9bm1s,vegan,post,1554378041,negative
bh04qo,2007scape,post,1556140632,neutral
bgim2l,AppalachianTrail,post,1556037815,positive
balgse,AskReddit,post,1554673089,negative
bh8mvw,AskReddit,post,1556198925,neutral
bgo6qk,AskReddit,post,1556067243,neutral
bfehi9,Assistance,post,1555780072,neutral
b9165k,AutoModerator,post,1554313593,neutral
b996vg,AutoModerator,post,1554359172,neutral
bbaogd,CAguns,post,1554830563,neutral
bg301c,CalgaryFlames,post,1555944735,neutral
bffkx1,ConanExiles,post,1555785887,negative
bgropp,CringeAnarchy,post,1556090570,negative
bgn0qj,CringeAnarchy,post,1556060532,neutral
b7xyy4,DotA2,post,1554096991,neutral
bdjglg,Drugs,post,1555352545,neutral
bci2y7,ECR_UK,post,1555099162,neutral
bb554w,HadToHurt,post,1554796055,neutral
biu4do,MkeBucks,post,1556568756,negative
banpyg,ModSupport,post,1554686748,neutral
bh97ew,NYYankees,post,1556202101,positive
bgxkql,Petscop,post,1556127622,neutral
bglu7z,TopMindsOfReddit,post,1556054166,neutral
bhdv58,WarhammerCompetitive,post,1556226220,neutral
baktw5,Warthunder,post,1554669488,negative
bbh31x,ak47,post,1554865382,neutral
bd5e1v,copypasta,post,1555264298,negative
b7xgtd,dankmemes,post,1554093881,negative
bfsvpn,dankmemes,post,1555876584,negative
b7uqw6,dankmemes,post,1554077435,negative
b83twq,dankmemes,post,1554132391,neutral
b8exul,dankmemes,post,1554182906,neutral
bcty5a,dankmemes,post,1555182282,neutral
b7v5e9,dankmemes,post,1554079647,negative
ba7ajb,dankmemes,post,1554574969,neutral
baqdif,dankmemes,post,1554705133,negative
bb82tj,dankmemes,post,1554817278,negative
beider,dankmemes,post,1555569488,negative
bh61ua,dankmemes,post,1556179559,negative
bh62h9,dankmemes,post,1556179729,negative
bdt635,dankmemes,post,1555416579,negative
bcyw17,dankmemes,post,1555213533,negative
bbgvzk,darkjokes,post,1554864089,negative
bi9mt2,darkjokes,post,1556444658,negative
b846u4,memes,post,1554134033,negative
b9tlpa,memes,post,1554482996,neutral
bbvmh1,memes,post,1554955180,neutral
bgb90a,memes,post,1555988768,negative
b9fz7b,mtgfinance,post,1554400318,neutral
bbpco8,nba,post,1554920104,negative
b7x771,neopets,post,1554092190,negative
bdnwe0,piano,post,1555377138,neutral
bfhcq7,redditrequest,post,1555795896,neutral
bbs1je,redditrequest,post,1554933787,neutral
bj38jn,redditrequest,post,1556630502,neutral
bh54kr,redditrequest,post,1556171676,neutral
bgh9sf,secretsanta,post,1556031067,neutral
bfsjgd,softwaregore,post,1555874682,neutral
ba0jy7,teenagers,post,1554523502,neutral
bfv7yq,tf2,post,1555890008,neutral
bdrf6w,unpopularopinion,post,1555402765,negative
baiqfn,vegetarian,post,1554658284,neutral
b8do0h,2007scape,post,1554174590,negative
bapjwj,AskOuija,post,1554699043,neutral
beuht4,AskReddit,post,1555643666,neutral
bad3hw,AskThe_Donald,post,1554613775,negative
be10pv,Cityofheroes,post,1555458831,neutral
bepj6b,Cityofheroes,post,1555615057,neutral
bg9o5z,Cityofheroes,post,1555979428,neutral
bgm4d6,CringeAnarchy,post,1556055618,positive
bglqb6,CringeAnarchy,post,1556053619,negative
bgzg91,DunderMifflin,post,1556137071,negative
b8gak8,Games,post,1554192396,neutral
be6hcf,HitBoxPorn,post,1555499308,negative
bh5gum,Kendama,post,1556174486,neutral
b8lyv8,MensRights,post,1554224922,negative
bcm5d1,PewdiepieSubmissions,post,1555123847,neutral
b8jmz6,PewdiepieSubmissions,post,1554213853,negative
bdp2p5,StarTrekDiscovery,post,1555384471,negative
bgq33i,Thunder,post,1556078518,negative
bhplhz,Trumpgret,post,1556302742,negative
bdiuxs,brakebills,post,1555349657,positive
b952hl,dadjokes,post,1554332675,negative
b9jnax,dankmemes,post,1554418804,negative
bf4qnh,dankmemes,post,1555710286,negative
beoz7v,dankmemes,post,1555612125,neutral
bejq35,dankmemes,post,1555581588,neutral
bgyu1n,dankmemes,post,1556133964,positive
bbiege,dankmemes,post,1554874895,neutral
bcd1e4,dankmemes,post,1555072495,negative
bbpe15,dankmemes,post,1554920297,negative
bchzfa,dankmemes,post,1555098643,neutral
bfoygy,dankmemes,post,1555854392,neutral
betcno,dankmemes,post,1555636265,neutral
ba4fyj,dankmemes,post,1554558357,neutral
ba2otv,dankmemes,post,1554543348,negative
b7vvj1,dankmemes,post,1554084019,negative
b7xusq,dankmemes,post,1554096271,positive
bc8q6y,darkjokes,post,1555037841,negative
b8r01r,darknet,post,1554250274,neutral
b99yb2,funny,post,1554364993,negative
ba8s8r,funny,post,1554583749,negative
bab1r4,funny,post,1554598422,neutral
badyoz,funny,post,1554622006,negative
baeblh,funny,post,1554626182,negative
basgw7,funny,post,1554721860,negative
bavib7,funny,post,1554739064,negative
bb96hl,funny,post,1554823181,negative
bc61k5,funny,post,1555021401,negative
bdxw2f,funny,post,1555441936,negative
bfnblx,funny,post,1555840887,positive
bfwlbq,funny,post,1555898553,neutral
bgcp8w,funny,post,1555998290,positive
bgzrch,funny,post,1556138684,negative
bgzxud,funny,post,1556139631,neutral
bh00c7,funny,post,1556139990,positive
bhc8o4,funny,post,1556217778,neutral
bhhqu2,funny,post,1556249652,positive
bhktzb,funny,post,1556275014,neutral
bibd3a,funny,post,1556459054,neutral
bixuwx,funny,post,1556589955,neutral
bdw4xk,help,post,1555433009,neutral
benv7q,orangetheory,post,1555606347,neutral
bchyda,redditrequest,post,1555098495,neutral
bj04c2,redditrequest,post,1556605935,neutral
bi62od,teenagers,post,1556414795,neutral
bda4bl,teenagers,post,1555290750,neutral
b8btqn,teenagers,post,1554164538,neutral
bb3n5p,trashy,post,1554784199,negative
b8fwlq,trees,post,1554189554,negative
b99297,trees,post,1554358227,negative
b9m20r,trees,post,1554433458,neutral
bg4d9f,trees,post,1555951841,neutral
bev0kn,trees,post,1555647299,neutral
b88a8o,unpopularopinion,post,1554150027,negative
b8tpie,unpopularopinion,post,1554267299,negative
bbhbh2,Animemes,post,1554866925,neutral
bevsx9,AnthemTheGame,post,1555653536,negative
bgojdr,AskReddit,post,1556069279,neutral
bdmmr9,CryptoCurrency,post,1555369638,neutral
bgv016,CryptoCurrency,post,1556114634,neutral
bim00z,CryptoCurrency,post,1556516956,neutral
bhyo3y,DeepFriedMemes,post,1556368686,neutral
bgun8v,DetroitRedWings,post,1556112672,neutral
bic2lg,DnD,post,1556463507,neutral
b9548l,FortNiteBR,post,1554332949,negative
b9tqun,IndiaSpeaks,post,1554483691,negative
b8tatw,JUSTNOMIL,post,1554264349,neutral
bckgw3,MortalKombat,post,1555112581,positive
bh0yey,MultipleSclerosis,post,1556145025,negative
bhbgz8,Neverbrokeabone,post,1556213787,neutral
bhf2oo,NoStupidQuestions,post,1556232842,neutral
bbac5r,Steam,post,1554828922,negative
bgt751,WWEGames,post,1556103599,neutral
bb50w3,beetlejuicing,post,1554795023,negative
b8py5k,copypasta,post,1554244318,negative
bbkpih,copypasta,post,1554894453,negative
bf910q,dankmemes,post,1555739070,negative
bg8p3l,dankmemes,post,1555974000,neutral
bgjw39,dankmemes,post,1556044272,negative
b7um8w,dankmemes,post,1554076819,negative
b81cop,dankmemes,post,1554119904,negative
b7ydma,dankmemes,post,1554099664,negative
b7xrvy,dankmemes,post,1554095766,negative
bj8dqw,dankmemes,post,1556657113,positive
bfewo1,dankmemes,post,1555782268,neutral
bc9s4h,dankmemes,post,1555045575,negative
bfy2wu,dankmemes,post,1555908393,negative
bj4p6m,dankmemes,post,1556638465,positive
bek1b5,dankmemes,post,1555584119,neutral
bfhpej,dankmemes,post,1555797986,negative
b83dtr,dankmemes,post,1554130312,neutral
b96t39,dankmemes,post,1554342944,negative
bgxs7m,dankmemes,post,1556128658,negative
bbox09,darkjokes,post,1554917998,negative
bc9rci,darkjokes,post,1555045407,neutral
bc9elk,darkjokes,post,1555042635,neutral
bbl3qw,darkjokes,post,1554897240,neutral
bc3xpp,darkjokes,post,1555010329,negative
bguprq,falloutlore,post,1556113073,neutral
b8n8nj,funny,post,1554230950,negative
bgiaxs,help,post,1556036280,neutral
bgif0b,hentai,post,1556036856,negative
bb1rwz,madlads,post,1554772193,neutral
bgvrg5,marvelstudios,post,1556118588,positive
be7tjh,memes,post,1555507776,negative
bfrk7h,mercedes_benz,post,1555869343,neutral
bfstqu,mercedes_benz,post,1555876278,neutral
b89qif,modhelp,post,1554155406,neutral
bh9ku9,motorcycles,post,1556204101,negative
bhz5pd,normalnudes,post,1556372362,negative
bdnmvm,notredame,post,1555375562,neutral
bh0buq,redditrequest,post,1556141671,neutral
b7yl8b,redditrequest,post,1554101083,neutral
b9u8en,redditrequest,post,1554486062,neutral
b8mef1,redditrequest,post,1554226962,neutral
bepp70,redditrequest,post,1555615930,neutral
bgkzas,redditrequest,post,1556049842,neutral
bh06bo,runescape,post,1556140871,negative
bibasi,shield,post,1556458601,negative
b8z7y8,teenagers,post,1554304425,negative
ba906q,teenagers,post,1554585099,neutral
ba2lhe,whatisthisthing,post,1554542351,negative
bgo1fn,whatisthisthing,post,1556066402,neutral
bajlb5,whatisthisthing,post,1554662757,neutral
bcjqqs,worldpolitics,post,1555108225,negative
bib227,worldpolitics,post,1556456880,negative
b87oul,Animemes,post,1554147895,neutral
b7wodf,AnthemTheGame,post,1554088844,neutral
bhjfb7,AskOuija,post,1556262554,neutral
bhjgdc,AskOuija,post,1556262791,neutral
b7wsma,BannedFrom4chan,post,1554089578,negative
bckmdq,ClashRoyale,post,1555113580,neutral
bdkyyg,Connecticut,post,1555359831,positive
bgniod,CringeAnarchy,post,1556063336,negative
bhc2lh,FFCommish,post,1556216912,neutral
b7vo7m,FortNiteBR,post,1554082791,negative
bbnfb9,FreeKarma4U,post,1554910535,neutral
bhjqm5,Irony,post,1556265287,neutral
bbgnbv,LetsChat,post,1554862555,negative
bat6hv,MechanicalKeyboards,post,1554726382,neutral
bicsw1,MensRights,post,1556467716,positive
bfqg84,Minecraft,post,1555863324,neutral
bgdwzk,MortalKombat,post,1556008061,neutral
bf5d1f,MortalKombat,post,1555713799,neutral
bdgcla,Neverbrokeabone,post,1555337065,negative
bi4jr6,NoStupidQuestions,post,1556404849,neutral
bebe45,Rainbow6,post,1555526472,negative
b818ep,RivalsOfAether,post,1554119205,positive
bidlty,Temple,post,1556472252,neutral
b81okp,The_Donald,post,1554121625,negative
baachj,TrueOffMyChest,post,1554593578,negative
ber5vs,TrueOffMyChest,post,1555623886,neutral
bh479q,askgaybros,post,1556164693,neutral
bac9m8,askphilosophy,post,1554607160,negative
beew84,breakingmom,post,1555545599,positive
bh433s,canes,post,1556163900,neutral
bfnu49,dankmemes,post,1555845786,negative
b8a9x2,dankmemes,post,1554157558,negative
bfvpa7,dankmemes,post,1555892972,neutral
bioxbm,dankmemes,post,1556541054,neutral
bfyws1,dankmemes,post,1555915225,neutral
bfe0a4,dankmemes,post,1555777655,negative
b8i9mw,dankmemes,post,1554206334,negative
bi17xg,dankmemes,post,1556385083,neutral
bhs87x,dankmemes,post,1556317168,positive
b87o0h,dankmemes,post,1554147808,neutral
bi1rxc,dankmemes,post,1556388277,negative
b7uw68,dankmemes,post,1554078179,neutral
b7vbei,dankmemes,post,1554080652,negative
b8acr8,dankmemes,post,1554157832,negative
ba8az8,dankmemes,post,1554580925,neutral
bik6ro,dankmemes,post,1556509858,positive
bc6ogu,darkjokes,post,1555025089,negative
b81euq,europe,post,1554120225,negative
bewlgs,fivenightsatfreddys,post,1555660472,neutral
bdpxtw,marvelstudios,post,1555390668,positive
b9vur8,memes,post,1554494156,negative
beccyg,memes,post,1555531472,neutral
bgsmre,modhelp,post,1556099038,neutral
bi8tdg,needamod,post,1556436485,neutral
bi73ou,neoliberal,post,1556422033,neutral
bdie85,polyamory,post,1555347413,neutral
besg8u,redditrequest,post,1555630851,neutral
bf7itp,redditrequest,post,1555727623,neutral
bbhvul,redditrequest,post,1554870947,neutral
bhjx50,teenagers,post,1556266914,neutral
bfmflj,tf2,post,1555831917,negative
b92v1e,thebachelor,post,1554321459,neutral
batez4,thebachelor,post,1554727837,negative
b8pd8p,AskMen,post,1554241325,neutral
bctzsa,AskOuija,post,1555182513,neutral
b9mzeb,CalamariRaceTeam,post,1554439981,negative
bhk6gv,CrazyIdeas,post,1556269378,neutral
bgi2zk,FortNiteBR,post,1556035203,neutral
b94032,HTML,post,1554326983,neutral
bbrdmn,Juve,post,1554930390,neutral
b88kff,LoveNikki,post,1554151044,negative
bhmx33,MensRights,post,1556288958,neutral
bh3ohk,NFL_Draft,post,1556161280,neutral
bbzbcj,PS4,post,1554985949,negative
bdgvr8,PersonalFinanceCanada,post,1555339977,neutral
bb96bq,PewdiepieSubmissions,post,1554823159,neutral
bas8aj,PewdiepieSubmissions,post,1554720051,neutral
bf5awo,PewdiepieSubmissions,post,1555713456,neutral
bf6twy,PewdiepieSubmissions,post,1555722957,neutral
b9g61a,TheoryOfReddit,post,1554401236,negative
b9fysf,TowerofGod,post,1554400261,negative
beh2n2,Whatcouldgowrong,post,1555559335,neutral
bc6p9d,ainbow,post,1555025232,negative
b8c29s,beta,post,1554165784,neutral
bblvqn,dank_meme,post,1554902131,neutral
bfmdit,dankmemes,post,1555831334,neutral
bhui9r,dankmemes,post,1556331657,positive
bj841v,dankmemes,post,1556655798,neutral
bfwx4j,dankmemes,post,1555900614,positive
bi4sct,dankmemes,post,1556406307,negative
bish5g,dankmemes,post,1556560344,negative
bf71sq,dankmemes,post,1555724411,negative
b7x523,dankmemes,post,1554091823,negative
b85bw6,dankmemes,post,1554139192,negative
bec9kg,dankmemes,post,1555531001,neutral
bece6t,dankmemes,post,1555531651,negative
bfz31n,dankmemes,post,1555916728,negative
b7x6bl,dankmemes,post,1554092046,neutral
bf1d11,dankmemes,post,1555692550,negative
b8sl7c,dankmemes,post,1554259712,neutral
b8879w,dankmemes,post,1554149742,neutral
b8i2c5,dankmemes,post,1554205028,negative
biwtfx,dankmemes,post,1556583613,neutral
b9a3mz,darkjokes,post,1554366210,negative
bdqmz7,funny,post,1555396276,neutral
bhsivk,legaladvice,post,1556318900,neutral
bgp3yx,melbourne,post,1556072528,neutral
bel0ab,memes,post,1555590871,neutral
bf9g34,memes,post,1555742673,neutral
bfoki9,memes,post,1555851718,negative
b9lbjv,memes,post,1554428865,negative
beb8wz,mildlyinfuriating,post,1555525708,negative
bf8xg1,natureismetal,post,1555738269,negative
bdzffq,redditrequest,post,1555449903,neutral
ba7nqr,redditrequest,post,1554577050,neutral
bc6l9n,redditrequest,post,1555024566,neutral
b8p8yy,redditrequest,post,1554240738,neutral
bi7je5,redditrequest,post,1556425394,neutral
bgmzor,redditrequest,post,1556060379,neutral
b958z7,redditrequest,post,1554333692,neutral
bifnst,teenagers,post,1556483376,negative
bi2k0q,uwo,post,1556392852,negative
bcaipj,Animemes,post,1555051717,neutral
b7x7g0,AskReddit,post,1554092231,negative
bfx3iy,AskReddit,post,1555901697,negative
biv7q4,AutoModerator,post,1556574392,neutral
bicjco,BetterEveryLoop,post,1556466232,negative
bc64zk,BleachBraveSouls,post,1555021934,neutral
bgqm6p,Bossfight,post,1556082190,negative
be3gej,CasualConversation,post,1555474021,negative
bhqsnm,Competitiveoverwatch,post,1556309121,positive
bghczs,CringeAnarchy,post,1556031538,negative
bgnmpt,CringeAnarchy,post,1556063989,neutral
bgpyuh,CringeAnarchy,post,1556077721,negative
bahd27,EggsInc,post,1554650798,neutral
bahnf7,EggsInc,post,1554652437,negative
b9wiel,FCCincinnati,post,1554497564,neutral
bariqr,GalaxyS8,post,1554714221,neutral
bf8y2l,HistoryMemes,post,1555738408,neutral
bisnsm,Illaoi,post,1556561285,neutral
bdmd94,Marvel,post,1555368207,positive
be14e5,Marvel,post,1555459447,positive
be9bpi,Marvel,post,1555515881,positive
bhwru2,Marvel,post,1556350528,positive
bi8flt,Marvel,post,1556432881,positive
bifst3,ModSupport,post,1556484140,neutral
ben4yh,RocketLeagueExchange,post,1555602599,neutral
bfnmoa,RocketLeagueFriends,post,1555843890,positive
baht9v,Showerthoughts,post,1554653313,negative
bhlzlh,SmallYTChannel,post,1556283607,neutral
bdadeo,TampaBayLightning,post,1555292318,neutral
be3aj5,TampaBayLightning,post,1555472879,neutral
bc5say,The_Donald,post,1555020025,negative
b8ukl8,WatchRedditDie,post,1554274068,negative
biibm0,WatchRedditDie,post,1556499164,negative
bglj28,WatchRedditDie,post,1556052621,negative
bcohio,assholedesign,post,1555144249,negative
bdhnxm,bassnectar,post,1555343919,neutral
b954oa,bonehurtingjuice,post,1554333018,negative
bhgkbk,bonehurtingjuice,post,1556241951,negative
ba11xx,boottoobig,post,1554527570,neutral
bir1a3,buccos,post,1556552984,negative
bgod2w,dank_meme,post,1556068236,negative
bhhsps,dank_meme,post,1556250021,neutral
bhkus5,dank_meme,post,1556275206,negative
bigdlf,dank_meme,post,1556487315,neutral
bip7uj,dank_meme,post,1556542870,neutral
bi0cgc,dankmemes,post,1556379929,neutral
bfdhyg,dankmemes,post,1555774853,neutral
bcpt0e,dankmemes,post,1555157002,negative
bhlanv,dankmemes,post,1556278583,positive
b8afgo,dankmemes,post,1554158093,neutral
b8u8q3,dankmemes,post,1554271444,negative
b8pxr8,dankmemes,post,1554244260,negative
b8pt01,dankmemes,post,1554243561,negative
ba8k0m,dankmemes,post,1554582403,positive
bhnc17,dankmemes,post,1556291134,neutral
be6kyk,dankmemes,post,1555500019,negative
bie0el,dankmemes,post,1556474485,neutral
bccr03,darkjokes,post,1555070606,neutral
bc71em,darkjokes,post,1555027350,negative
bc7iic,darkjokes,post,1555030227,negative
bimep0,freefolk,post,1556520288,negative
b873kt,furry,post,1554145570,neutral
bdjvfo,linuxmasterrace,post,1555354496,negative
bgmzag,marvelstudios,post,1556060319,positive
bh271y,mcpublic,post,1556152292,neutral
bg9fhs,memes,post,1555978039,negative
bckdb5,memes,post,1555111936,negative
bfwzfg,memes,post,1555900991,positive
b9o5dp,natureismetal,post,1554449139,negative
bj573a,nova,post,1556641058,negative
be4csl,nyjets,post,1555480824,negative
bcl58e,opieandanthony,post,1555116945,neutral
bi8287,pharmacy,post,1556429581,neutral
b8i3yp,redditrequest,post,1554205319,neutral
be29i0,redditrequest,post,1555466264,neutral
baqldz,redditrequest,post,1554706848,neutral
balrhl,redditrequest,post,1554674788,neutral
bh174o,satanism,post,1556146376,positive
bdcz1q,teenagers,post,1555311033,neutral
b9hdmt,thebachelor,post,1554407006,negative
bidhtt,Braincels,post,1556471639,neutral
birvby,Braves,post,1556557243,neutral
bdg7gv,Brawlstars,post,1555336253,negative
b92kfx,Comcast_Xfinity,post,1554320103,neutral
bgtus2,CringeAnarchy,post,1556107957,neutral
bj6qc4,Draven,post,1556648755,negative
bbc7py,EOOD,post,1554838205,positive
b9tmtx,FORTnITE,post,1554483149,neutral
b8xb6e,FreeKarma4U,post,1554294477,neutral
ban6nu,FreeKarma4U,post,1554683300,neutral
bbpvtb,FreeKarma4U,post,1554922766,neutral
bc1p9z,FreeKarma4U,post,1554999016,negative
bguhyf,FreeKarma4U,post,1556111848,neutral
bihhsb,FreeKarma4U,post,1556494052,negative
bacyew,IncelTears,post,1554612603,neutral
ba0s0x,OutOfTheLoop,post,1554525282,neutral
bh13fy,PS4,post,1556145798,negative
bdqtn7,PewdiepieSubmissions,post,1555397814,neutral
bdnv5f,RocketLeagueExchange,post,1555376931,neutral
behdm7,SWGalaxyOfHeroes,post,1555561487,neutral
b8k8op,ShadowBanned,post,1554216830,negative
bhpqjt,Showerthoughts,post,1556303477,negative
bbyrbs,The_Donald,post,1554982283,negative
ba13w3,TopMindsOfReddit,post,1554528023,negative
b9fzen,Warframe,post,1554400348,negative
bhbq9r,apolloapp,post,1556215158,neutral
bepily,asoiaf,post,1555614968,negative
ba5f67,canada,post,1554564466,negative
bbtrbh,cute,post,1554943314,negative
ba1x4d,dankmemes,post,1554535389,neutral
bgzzrz,dankmemes,post,1556139903,neutral
b7xnuk,dankmemes,post,1554095100,neutral
bgdzqq,dankmemes,post,1556008736,neutral
bghe70,dankmemes,post,1556031704,neutral
bh5nck,dankmemes,post,1556176060,neutral
biftdm,dankmemes,post,1556484240,neutral
b84mgm,dankmemes,post,1554136019,negative
bicglq,dankmemes,post,1556465791,neutral
b7xwqp,dankmemes,post,1554096608,positive
bdxo9j,dankmemes,post,1555440858,negative
bj9bio,dankmemes,post,1556661704,negative
bdwin9,dankmemes,post,1555434928,neutral
bduwxh,dankmemes,post,1555426803,neutral
bi3q64,duolingo,post,1556399865,positive
b8ka1b,fifaclubs,post,1554217016,negative
bg6ve0,findareddit,post,1555964476,negative
bh645n,marvelstudios,post,1556180166,negative
bevvme,memes,post,1555654145,negative
bbdohc,motivation,post,1554845511,negative
bbqh7k,nhl,post,1554925748,neutral
be1p7a,opieandanthony,post,1555462894,negative
b8en6u,pics,post,1554180940,negative
bfvtvl,redditrequest,post,1555893761,neutral
bfywcu,redditrequest,post,1555915124,neutral
bi0wew,redditrequest,post,1556383190,neutral
bh82ot,redditsync,post,1556195581,neutral
ba6gin,runescape,post,1554570326,neutral
banb4n,teenagers,post,1554684097,neutral
bb45w9,teenagers,post,1554788126,neutral
beb4zn,trees,post,1555525144,negative
b93jez,ufc,post,1554324658,negative
bfwr87,unpopularopinion,post,1555899612,negative
bad33u,vegan,post,1554613680,neutral
b8s3xl,wallstreetbets,post,1554256777,neutral
b9mzf9,wallstreetbets,post,1554439986,neutral
b9q0h2,wallstreetbets,post,1554463735,negative
b9w32f,wallstreetbets,post,1554495328,neutral
ba1llx,wallstreetbets,post,1554532403,neutral
ba2a9s,wallstreetbets,post,1554539004,neutral
ba9o55,wallstreetbets,post,1554589200,negative
babqds,wallstreetbets,post,1554603188,neutral
badsic,wallstreetbets,post,1554620259,neutral
bapj11,wallstreetbets,post,1554698860,neutral
bb1buf,wallstreetbets,post,1554769496,neutral
bbwpr7,wallstreetbets,post,1554965128,neutral
bc5fnh,wallstreetbets,post,1555018151,neutral
bca912,wallstreetbets,post,1555049434,neutral
bcockt,wallstreetbets,post,1555142772,neutral
bcoemm,wallstreetbets,post,1555143385,neutral
bcpt0r,wallstreetbets,post,1555157003,neutral
bctrhw,wallstreetbets,post,1555181297,neutral
bd4max,wallstreetbets,post,1555259977,neutral
bdav7f,wallstreetbets,post,1555295286,neutral
bdaw1v,wallstreetbets,post,1555295406,neutral
bdonjx,wallstreetbets,post,1555381731,neutral
be78j3,wallstreetbets,post,1555504376,neutral
be79s3,wallstreetbets,post,1555504582,negative
be8lyp,wallstreetbets,post,1555512175,neutral
behe7n,wallstreetbets,post,1555561618,neutral
beko53,wallstreetbets,post,1555588706,negative
belirl,wallstreetbets,post,1555593873,neutral
bevu41,wallstreetbets,post,1555653800,neutral
bezuq8,wallstreetbets,post,1555684752,neutral
bfwptr,wallstreetbets,post,1555899362,neutral
bipcnh,wallstreetbets,post,1556543680,neutral
bfab2p,woooosh,post,1555750907,negative
bgyxl5,AskReddit,post,1556134455,negative
bbi6l3,AutoModerator,post,1554873217,neutral
bj333g,BlackPeopleTwitter,post,1556629632,neutral
bc9420,CalgaryFlames,post,1555040529,neutral
bgs8ca,CringeAnarchy,post,1556095433,negative
bgv7id,CringeAnarchy,post,1556115732,negative
bge7om,CringeAnarchy,post,1556010668,negative
bguzlx,CringeAnarchy,post,1556114573,neutral
bgmv94,CringeAnarchy,post,1556059684,negative
bhn7yz,DBZDokkanBattle,post,1556290551,positive
bgi0jg,DesignPorn,post,1556034866,neutral
b9oa2p,DotA2,post,1554450253,neutral
bhkyw4,DotA2,post,1556276113,neutral
bj4lzq,EtikaRedditNetwork,post,1556638004,neutral
bbarvp,Feminism,post,1554831030,negative
bby0ca,Kanye,post,1554976675,positive
bb2m56,Markiplier,post,1554777304,positive
bj42at,MkeBucks,post,1556635112,neutral
bddwd8,Persona5,post,1555319863,negative
bbkwuw,PewdiepieSubmissions,post,1554895902,neutral
bfuktj,Psychic,post,1555886124,neutral
besnwf,TeenMomOGandTeenMom2,post,1555632120,neutral
beumhw,TeenMomOGandTeenMom2,post,1555644575,neutral
bez9v2,TeenMomOGandTeenMom2,post,1555681530,neutral
b9xfs6,antiMLM,post,1554502536,neutral
bdj718,dank_meme,post,1555351307,negative
b7uq5z,dankmemes,post,1554077341,negative
b7v4zb,dankmemes,post,1554079576,neutral
b7ve41,dankmemes,post,1554081089,positive
b7vesr,dankmemes,post,1554081202,neutral
b7vg5a,dankmemes,post,1554081428,neutral
b7vrcn,dankmemes,post,1554083321,negative
b7w2sx,dankmemes,post,1554085200,neutral
b7w67z,dankmemes,post,1554085769,neutral
b86s1y,dankmemes,post,1554144396,positive
b88dt0,dankmemes,post,1554150386,negative
b8902y,dankmemes,post,1554152601,neutral
b9m0qh,dankmemes,post,1554433238,neutral
b7yv10,dankmemes,post,1554102935,negative
betyjv,dankmemes,post,1555640152,negative
bevadv,dankmemes,post,1555649304,neutral
bh9dy8,dankmemes,post,1556203106,positive
biguke,dankmemes,post,1556490082,neutral
bb3d2g,dankmemes,post,1554782273,negative
bcs6tz,dankmemes,post,1555172466,negative
b7volo,dankmemes,post,1554082858,neutral
b7vs1n,dankmemes,post,1554083438,neutral
b7y5et,dankmemes,post,1554098160,positive
bbnday,dankmemes,post,1554910251,negative
bffg0m,dankmemes,post,1555785139,negative
bfm1mi,dankmemes,post,1555828234,neutral
bh9m93,dankmemes,post,1556204304,neutral
bebet7,dankmemes,post,1555526567,neutral
bhon9z,dankmemes,post,1556297923,positive
b82k5f,dankmemes,post,1554126225,neutral
be4u52,dankmemes,post,1555484884,positive
bfijs4,dankmemes,post,1555803278,neutral
b7wky0,dankmemes,post,1554088228,negative
b8i936,dankmemes,post,1554206242,neutral
bf6r9z,dankmemes,post,1555722460,negative
b81z0c,dankmemes,post,1554123187,negative
bh77mo,dankmemes,post,1556189729,neutral
bc6tx3,farmingsimulator,post,1555026048,positive
bdyfwi,freefolk,post,1555444797,negative
bg5dcy,freefolk,post,1555956872,positive
bhwigd,freefolk,post,1556348007,negative
bhqip5,funny,post,1556307636,neutral
beidf1,lfg,post,1555569489,neutral
baa0xo,madlads,post,1554591472,neutral
bhnlia,marvelstudios,post,1556292495,positive
be3jb6,memes,post,1555474598,negative
b8lhmy,memes,post,1554222687,negative
b9vlh6,memes,post,1554492852,negative
bihpt3,memes,post,1556495444,positive
b9newz,mormon,post,1554443298,negative
bcfay9,redditrequest,post,1555085134,neutral
b8ht9w,redditrequest,post,1554203383,neutral
biqrno,redditrequest,post,1556551646,neutral
bdu6y2,redditrequest,post,1555422716,neutral
b84thx,rupaulsdragrace,post,1554136948,neutral
biir6l,teenagers,post,1556501997,negative
bap6vx,teenagers,post,1554696440,negative
ba1sev,thedivision,post,1554534176,neutral
bftpu1,unpopularopinion,post,1555881233,negative
bbtrbn,videos,post,1554943314,negative
bh1z6g,videos,post,1556150992,negative
bg3rfs,AceAttorney,post,1555948732,neutral
bfnp5s,Anticonsumption,post,1555844571,negative
bd54m8,AskReddit,post,1555262847,neutral
b8pfhe,Austin,post,1554241641,neutral
bece46,Comcast_Xfinity,post,1555531641,neutral
bggyyu,CringeAnarchy,post,1556029420,negative
bd7qaq,Debate,post,1555276663,neutral
bgmi57,Edmonton,post,1556057683,positive
bbltg6,FortNiteBR,post,1554901783,negative
bauq67,FreeSpeech,post,1554735081,positive
b8ol6p,Games,post,1554237517,negative
bgu62d,Glitch_in_the_Matrix,post,1556109937,positive
b82d2h,HistoryMemes,post,1554125174,negative
b82sjs,HistoryMemes,post,1554127464,positive
b8oo9k,HistoryMemes,post,1554237938,negative
b8sfic,HistoryMemes,post,1554258709,negative
bbb8fq,HistoryMemes,post,1554833353,neutral
bcfrcg,HistoryMemes,post,1555087519,neutral
bex7ck,HistoryMemes,post,1555666195,neutral
bf0wjs,HistoryMemes,post,1555690221,positive
bffg95,HistoryMemes,post,1555785174,neutral
bgbajw,HistoryMemes,post,1555989029,negative
bddczv,LeagueOfMeta,post,1555314665,neutral
bhgmep,LeagueOfMeta,post,1556242321,negative
b7z1uc,LiverpoolFC,post,1554104285,neutral
b89aw0,MLS,post,1554153704,positive
b7wp2d,PewdiepieSubmissions,post,1554088961,negative
b7wrhq,PewdiepieSubmissions,post,1554089379,negative
bbzpwf,PewdiepieSubmissions,post,1554988392,negative
bc9cdy,PewdiepieSubmissions,post,1555042199,negative
bd6l9i,SquaredCircle,post,1555270479,neutral
be4l6y,The_Donald,post,1555482723,negative
bdzq67,Vaping,post,1555451502,neutral
bhg7n3,battlestations,post,1556239764,negative
b96qd3,biology,post,1554342500,neutral
ba6hrc,dancegavindance,post,1554570516,neutral
bfon6y,dankmemes,post,1555852244,neutral
b7zr20,dankmemes,post,1554109470,neutral
b8i8tr,dankmemes,post,1554206193,neutral
bfxqqf,dankmemes,post,1555905910,negative
bh28gf,dankmemes,post,1556152534,neutral
bhcye0,dankmemes,post,1556221519,negative
biwdxy,dankmemes,post,1556581015,negative
bf8tvi,dankmemes,post,1555737468,neutral
bap93h,dankmemes,post,1554696889,negative
bht1d4,dankmemes,post,1556322049,negative
bfi161,dankmemes,post,1555799977,negative
bi3krw,dankmemes,post,1556398966,neutral
bafwxq,dankmemes,post,1554641402,negative
ber3up,dankmemes,post,1555623576,neutral
bde03e,dankmemes,post,1555320812,negative
b82fnv,dankmemes,post,1554125549,neutral
b8b8vj,dankmemes,post,1554161676,neutral
bavpa4,dankmemes,post,1554740023,negative
bbrkep,darkjokes,post,1554931365,negative
biqdn5,darkjokes,post,1556549631,neutral
bcgauk,darkjokes,post,1555090212,neutral
bhg08v,darkjokes,post,1556238416,negative
bfcnkm,delusionalartists,post,1555769933,negative
bchcnz,gatekeeping,post,1555095338,negative
bhiure,gonewild,post,1556257817,positive
bf2ctm,kratom,post,1555697595,neutral
bf8wvw,legaladvice,post,1555738153,negative
bc1zqa,meme,post,1555000479,neutral
baonbl,memes,post,1554692742,negative
be0f62,memes,post,1555455364,positive
bh9s63,memes,post,1556205149,neutral
bi5egl,modhelp,post,1556410273,negative
bhwkwh,redditrequest,post,1556348639,negative
biwcom,redditrequest,post,1556580807,neutral
bfiofm,redditrequest,post,1555804064,neutral
bduvdu,redditrequest,post,1555426560,neutral
bf5fmq,redditrequest,post,1555714223,neutral
biibro,redditrequest,post,1556499194,neutral
bgtr33,redditrequest,post,1556107313,neutral
bb0f86,self,post,1554764360,negative
bf25wp,snackexchange,post,1555696614,positive
bid6q3,teenagers,post,1556469914,neutral
b9z14f,teenagers,post,1554512325,neutral
bb1wg1,unpopularopinion,post,1554772940,negative
b97z16,woooosh,post,1554350395,negative
b9pcrh,woooosh,post,1554459164,negative
beht4e,woooosh,post,1555564838,negative
bguass,woooosh,post,1556110728,neutral
bgypae,woooosh,post,1556133296,negative
bhq3vm,woooosh,post,1556305418,negative
be4g0u,2007scape,post,1555481556,negative
bgxuwa,2007scape,post,1556129027,negative
bcx28t,ChapoTrapHouse,post,1555200519,neutral
bg7g44,ChapoTrapHouse,post,1555967407,positive
biw8lb,ColoradoAvalanche,post,1556580121,neutral
behfc8,Kombucha,post,1555561860,neutral
bdiy74,MaddenMobileForums,post,1555350092,positive
bd8fes,MealPrepSunday,post,1555280437,neutral
baymga,MkeBucks,post,1554754862,neutral
b943oa,ModSupport,post,1554327499,positive
bcnoqd,Nerf,post,1555136333,negative
bgjc5d,NoStupidQuestions,post,1556041426,neutral
bdogfm,RoastMe,post,1555380500,neutral
bf8mzk,WarframeRunway,post,1555735981,negative
bc1v1l,Wordpress,post,1554999820,negative
b9smye,confessions,post,1554478359,negative
bipjio,conspiracy,post,1556544841,negative
bicaa2,copypasta,post,1556464758,neutral
bffkwa,dankmemes,post,1555785883,negative
bffwn4,dankmemes,post,1555787695,negative
bda0h4,dankmemes,post,1555290067,negative
b895ct,dankmemes,post,1554153121,neutral
bctub5,dankmemes,post,1555181722,negative
bg2wih,dankmemes,post,1555944207,negative
bg2wwy,dankmemes,post,1555944267,negative
bgu2tb,dankmemes,post,1556109348,negative
bhr2sg,dankmemes,post,1556310660,positive
bfklb3,dankmemes,post,1555816683,neutral
be5563,dankmemes,post,1555487698,negative
bf9kyi,dankmemes,post,1555743904,neutral
b7umjv,dankmemes,post,1554076851,negative
b84otz,dankmemes,post,1554136336,negative
b9zrah,dankmemes,post,1554517419,negative
bamn7n,dankmemes,post,1554679920,negative
baddva,dankmemes,post,1554616362,negative
b95u4u,exjw,post,1554337110,negative
behi5f,forhonor,post,1555562440,neutral
bdhn4x,ideasfortheadmins,post,1555343813,neutral
bh09zy,jailbreak,post,1556141402,negative
bd4hjg,ladybonersgw,post,1555259222,neutral
bf56zl,masterhacker,post,1555712812,neutral
bghj4i,memes,post,1556032391,negative
b8f6wa,memes,post,1554184620,neutral
bfvcqb,memes,post,1555890832,neutral
b7yy0g,memes,post,1554103509,neutral
b7v4nr,memes,post,1554079525,neutral
b7vgdn,memes,post,1554081465,negative
b7vsxu,memes,post,1554083590,negative
b7vuas,memes,post,1554083815,negative
b7vyzx,memes,post,1554084593,negative
b7w05m,memes,post,1554084777,positive
b7w9uw,memes,post,1554086380,neutral
b7wqsa,memes,post,1554089253,negative
b7ww73,memes,post,1554090247,neutral
b7wyip,memes,post,1554090686,neutral
b7wz8u,memes,post,1554090817,negative
b7xnh0,memes,post,1554095039,negative
b7xx3t,memes,post,1554096672,neutral
b7z3f2,memes,post,1554104594,neutral
b7zh4c,memes,post,1554107379,negative
b7zib0,memes,post,1554107644,negative
b7zj3l,memes,post,1554107820,neutral
b8053u,memes,post,1554112263,negative
b807fa,memes,post,1554112716,positive
b80ebl,memes,post,1554113973,negative
b80r0d,memes,post,1554116281,negative
b80tsy,memes,post,1554116774,neutral
b80xbf,memes,post,1554117342,negative
b80ys1,memes,post,1554117585,negative
b81uvm,memes,post,1554122582,negative
b823x2,memes,post,1554123883,negative
b82cj8,memes,post,1554125095,neutral
b82x8n,memes,post,1554128079,neutral
b836ib,memes,post,1554129330,neutral
b84dqm,memes,post,1554134899,negative
b84jxk,memes,post,1554135685,neutral
b84st4,memes,post,1554136858,positive
b84szq,memes,post,1554136881,neutral
b854cb,memes,post,1554138326,negative
b85au6,memes,post,1554139072,neutral
b86bbw,memes,post,1554142435,neutral
b86o0a,memes,post,1554144010,negative
b8707z,memes,post,1554145226,negative
b89gch,memes,post,1554154279,negative
b8d81n,memes,post,1554172012,negative
b8dmw6,memes,post,1554174404,positive
b8esjv,memes,post,1554181936,negative
b8ew0v,memes,post,1554182567,negative
b8g76b,memes,post,1554191662,negative
b8ld7c,memes,post,1554222110,positive
b8lf90,memes,post,1554222379,negative
b8m73w,memes,post,1554225982,positive
b8m75b,memes,post,1554225986,positive
b8m9io,memes,post,1554226313,negative
b8malq,memes,post,1554226454,negative
b8mbtm,memes,post,1554226623,positive
b8mcoq,memes,post,1554226739,positive
b8mdt8,memes,post,1554226885,positive
b8mgdv,memes,post,1554227223,negative
b8oo2f,memes,post,1554237912,negative
b8p102,memes,post,1554239679,negative
b8p7r0,memes,post,1554240572,negative
b8py7w,memes,post,1554244330,negative
b8r5h4,memes,post,1554251122,negative
b8reij,memes,post,1554252576,negative
b8u7aa,memes,post,1554271131,negative
b8uqs9,memes,post,1554275456,negative
b8uwi2,memes,post,1554276725,negative
b8w2to,memes,post,1554286327,negative
b8yj0n,memes,post,1554301058,negative
b8zhpx,memes,post,1554305709,negative
b900wh,memes,post,1554308218,negative
b9025d,memes,post,1554308384,neutral
b9220j,memes,post,1554317752,neutral
b922o3,memes,post,1554317840,neutral
b940mn,memes,post,1554327056,negative
b941k2,memes,post,1554327192,negative
b96q0f,memes,post,1554342426,neutral
b97ws3,memes,post,1554349949,neutral
b98vpk,memes,post,1554356858,negative
b9998p,memes,post,1554359685,negative
b99tr5,memes,post,1554364012,negative
b9c055,memes,post,1554380399,negative
b9c0tp,memes,post,1554380517,neutral
b9chaf,memes,post,1554383215,positive
b9ejlb,memes,post,1554393527,negative
b9fzi3,memes,post,1554400360,negative
b9n54r,memes,post,1554441158,negative
b9rqko,memes,post,1554473823,negative
ba0juj,memes,post,1554523478,neutral
ba1y3a,memes,post,1554535642,neutral
ba3ciq,memes,post,1554549739,negative
ba3hnq,memes,post,1554551026,neutral
ba3hwo,memes,post,1554551080,negative
ba4kpj,memes,post,1554559255,neutral
ba50em,memes,post,1554562046,positive
ba5bml,memes,post,1554563863,negative
ba8odq,memes,post,1554583109,negative
ba96pu,memes,post,1554586234,negative
baa5gd,memes,post,1554592275,negative
baboyz,memes,post,1554602905,negative
bacad6,memes,post,1554607325,negative
bafiwx,memes,post,1554638162,negative
bagtfz,memes,post,1554647610,neutral
bak30a,memes,post,1554665431,negative
bamkcm,memes,post,1554679434,negative
bamlgu,memes,post,1554679618,negative
banpts,memes,post,1554686723,negative
baorqv,memes,post,1554693549,neutral
bap9vu,memes,post,1554697033,negative
baqng4,memes,post,1554707276,negative
baqpvv,memes,post,1554707774,positive
bar7bo,memes,post,1554711549,neutral
bardsi,memes,post,1554713078,negative
bask2a,memes,post,1554722462,negative
basri9,memes,post,1554723829,neutral
batbsi,memes,post,1554727305,negative
baumqz,memes,post,1554734581,neutral
bautsy,memes,post,1554735616,neutral
bav0ji,memes,post,1554736565,neutral
bavxuq,memes,post,1554741204,neutral
baxywj,memes,post,1554751569,negative
baymzo,memes,post,1554754935,negative
bb0tqd,memes,post,1554766615,negative
bb1cmd,memes,post,1554769629,neutral
bb29io,memes,post,1554775159,negative
bb8svp,memes,post,1554821242,neutral
bb8zsx,memes,post,1554822225,neutral
bb9bre,memes,post,1554823937,negative
bb9ch1,memes,post,1554824035,negative
bbabq7,memes,post,1554828864,negative
bbb9en,memes,post,1554833491,negative
bbcjw7,memes,post,1554839897,negative
bbfbrc,memes,post,1554854641,neutral
bbfct4,memes,post,1554854825,neutral
bbg7hf,memes,post,1554859881,neutral
bbgfpe,memes,post,1554861268,negative
bbhf0e,memes,post,1554867616,negative
bbm0pl,memes,post,1554902911,negative
bbmphw,memes,post,1554906706,negative
bbnk4t,memes,post,1554911239,negative
bbqbui,memes,post,1554924992,neutral
bbr0pr,memes,post,1554928530,negative
bbtzz8,memes,post,1554944762,neutral
bbx9a7,memes,post,1554969950,negative
bbyyk8,memes,post,1554983627,negative
bc0x4v,memes,post,1554994977,negative
bc3glo,memes,post,1555007922,negative
bc4ijj,memes,post,1555013338,neutral
bc8bkh,memes,post,1555035216,negative
bc8c4m,memes,post,1555035318,negative
bc8lhh,memes,post,1555036967,negative
bc8not,memes,post,1555037385,negative
bcdduy,memes,post,1555074620,neutral
bcfdve,memes,post,1555085556,negative
bcg18g,memes,post,1555088917,negative
bcg8vt,memes,post,1555089934,negative
bcjheb,memes,post,1555106743,negative
bcjq3m,memes,post,1555108119,neutral
bckhxy,memes,post,1555112763,negative
bcno92,memes,post,1555136212,neutral
bcoigi,memes,post,1555144525,neutral
bcr9y8,memes,post,1555167178,neutral
bcvq35,memes,post,1555192329,neutral
bcz6g2,memes,post,1555215807,negative
bd00n6,memes,post,1555223031,negative
bd1sap,memes,post,1555240807,positive
bd203m,memes,post,1555242758,positive
bd4sgx,memes,post,1555260945,negative
bd6t1n,memes,post,1555271666,neutral
bd7buz,memes,post,1555274540,neutral
bda8u4,memes,post,1555291534,neutral
bdasqi,memes,post,1555294916,neutral
bdbtt0,memes,post,1555301549,neutral
bdeny8,memes,post,1555326235,neutral
bdexg1,memes,post,1555328212,neutral
bdgpmk,memes,post,1555339055,neutral
bdiltk,memes,post,1555348438,neutral
bdogj9,memes,post,1555380516,neutral
bdp47s,memes,post,1555384750,negative
bdplmy,memes,post,1555388126,negative
bdqyug,memes,post,1555398948,negative
bdr115,memes,post,1555399446,neutral
bds079,memes,post,1555407961,positive
bdtkh2,memes,post,1555419088,negative
bdwjxo,memes,post,1555435112,negative
bdxr40,memes,post,1555441261,neutral
bdy4xd,memes,post,1555443200,neutral
bdy7xs,memes,post,1555443642,negative
be1bce,memes,post,1555460568,negative
be2zb8,memes,post,1555470742,negative
be32jo,memes,post,1555471341,negative
be5c02,memes,post,1555489538,neutral
be7ocz,memes,post,1555506938,negative
bea2yy,memes,post,1555519749,negative
bebpfu,memes,post,1555528027,neutral
becd1z,memes,post,1555531488,positive
becij7,memes,post,1555532282,neutral
becko4,memes,post,1555532604,negative
begabj,memes,post,1555554168,neutral
begeng,memes,post,1555554952,negative
beid17,memes,post,1555569397,neutral
beiw14,memes,post,1555574057,neutral
bekfrw,memes,post,1555587063,neutral
belsxu,memes,post,1555595532,negative
belvbv,memes,post,1555595915,negative
ben5yx,memes,post,1555602740,neutral
benutw,memes,post,1555606294,positive
bep7ji,memes,post,1555613332,negative
bep8k2,memes,post,1555613485,negative
beqzun,memes,post,1555622978,neutral
betdhq,memes,post,1555636401,neutral
beun5q,memes,post,1555644704,neutral
beuyc1,memes,post,1555646875,neutral
bewivb,memes,post,1555659792,neutral
bexnh7,memes,post,1555670069,neutral
bezfrf,memes,post,1555682495,negative
bf4fg5,memes,post,1555708529,positive
bf7kqa,memes,post,1555728004,negative
bf9a10,memes,post,1555741190,neutral
bf9h47,memes,post,1555742924,neutral
bf9s0u,memes,post,1555745714,negative
bfiodj,memes,post,1555804055,neutral
bfj2cm,memes,post,1555806502,negative
bfjjb4,memes,post,1555809613,neutral
bfnf2y,memes,post,1555841805,negative
bfntf1,memes,post,1555845619,negative
bfpntw,memes,post,1555858742,neutral
bfppig,memes,post,1555859008,neutral
bfrc5z,memes,post,1555868123,negative
bftsng,memes,post,1555881668,negative
bfuytm,memes,post,1555888421,neutral
bfvy4a,memes,post,1555894476,positive
bfw8mx,memes,post,1555896281,negative
bg4tnd,memes,post,1555954112,positive
bg53vt,memes,post,1555955533,neutral
bg6tp3,memes,post,1555964242,negative
bgazo3,memes,post,1555987240,negative
bgbanj,memes,post,1555989046,negative
bgd1j5,memes,post,1556000874,neutral
bgjac1,memes,post,1556041154,positive
bgkids,memes,post,1556047452,negative
bgkojh,memes,post,1556048337,neutral
bgl6ti,memes,post,1556050890,negative
bgm10l,memes,post,1556055137,neutral
bgm70b,memes,post,1556056028,neutral
bgmbtn,memes,post,1556056765,negative
bgmivg,memes,post,1556057788,neutral
bgpbnd,memes,post,1556073767,negative
bgphfq,memes,post,1556074711,negative
bgtsog,memes,post,1556107582,neutral
bgunfx,memes,post,1556112702,negative
bgwudx,memes,post,1556123984,neutral
bgzlb6,memes,post,1556137813,negative
bgzpnz,memes,post,1556138441,negative
bgzt1w,memes,post,1556138926,neutral
bh5tev,memes,post,1556177471,negative
bh6imv,memes,post,1556183999,positive
bh6n1v,memes,post,1556185126,negative
bh9i4u,memes,post,1556203678,positive
bh9kgw,memes,post,1556204045,positive
bh9obq,memes,post,1556204603,neutral
bha9kz,memes,post,1556207686,negative
bhaxz6,memes,post,1556211130,positive
bhay7h,memes,post,1556211161,negative
bhbv0w,memes,post,1556215831,positive
bhcy74,memes,post,1556221495,negative
bhdzbf,memes,post,1556226820,neutral
bhe5iq,memes,post,1556227756,neutral
bhetd5,memes,post,1556231376,neutral
bhhqj5,memes,post,1556249595,positive
bhi4ll,memes,post,1556252293,positive
bhitio,memes,post,1556257545,negative
bhj41f,memes,post,1556259986,neutral
bhj5xi,memes,post,1556260425,neutral
bhj984,memes,post,1556261187,positive
bhm4a9,memes,post,1556284381,neutral
bhmgnn,memes,post,1556286418,negative
bhmkrv,memes,post,1556287077,negative
bhnfh3,memes,post,1556291639,neutral
bhokdp,memes,post,1556297499,negative
bhpa57,memes,post,1556301111,negative
bhposy,memes,post,1556303219,positive
bhqr9b,memes,post,1556308919,negative
bhqz89,memes,post,1556310116,positive
bhr0mc,memes,post,1556310335,positive
bhr4hj,memes,post,1556310927,negative
bhr5rj,memes,post,1556311126,negative
bhrdp9,memes,post,1556312363,negative
bhrdqs,memes,post,1556312372,negative
bhrkiz,memes,post,1556313406,neutral
bhsv2m,memes,post,1556320933,neutral
bht07j,memes,post,1556321850,neutral
bhuqbu,memes,post,1556333263,neutral
bhw9mg,memes,post,1556345706,positive
bhwa1e,memes,post,1556345808,negative
bhxysq,memes,post,1556362713,neutral
bi030u,memes,post,1556378341,neutral
bi26oy,memes,post,1556390661,neutral
bi2nei,memes,post,1556393415,negative
bi4tkn,memes,post,1556406521,negative
bi658r,memes,post,1556415284,neutral
bi65x3,memes,post,1556415410,neutral
bi66fw,memes,post,1556415522,negative
bi6nuo,memes,post,1556418864,negative
bi9vex,memes,post,1556446970,positive
biau6t,memes,post,1556455269,negative
bibls4,memes,post,1556460619,neutral
bibvk3,memes,post,1556462349,negative
bidzyj,memes,post,1556474424,neutral
bifc25,memes,post,1556481659,neutral
bifzr0,memes,post,1556485237,neutral
bigxw6,memes,post,1556490628,neutral
biipsd,memes,post,1556501741,negative
bim5qf,memes,post,1556518260,neutral
bimtih,memes,post,1556523903,neutral
binsqy,memes,post,1556532788,neutral
bipbq3,memes,post,1556543531,negative
biqaup,memes,post,1556549196,neutral
biqh9n,memes,post,1556550160,negative
bisrrh,memes,post,1556561847,negative
bitf86,memes,post,1556565191,positive
bitqp0,memes,post,1556566841,neutral
bixrjm,memes,post,1556589389,negative
biyfmc,memes,post,1556593547,neutral
bizbcs,memes,post,1556599609,neutral
bj00r1,memes,post,1556605143,neutral
bj43ko,memes,post,1556635298,negative
bj6dyf,memes,post,1556647023,neutral
bj9jhu,memes,post,1556662800,negative
bcp64t,redditrequest,post,1555151193,negative
bha84d,redditrequest,post,1556207476,negative
bi1sud,redditrequest,post,1556388433,neutral
beub14,redditrequest,post,1555642426,neutral
bal4cg,wallstreetbets,post,1554671107,negative
bc33re,woooosh,post,1555006075,neutral
bgzgnh,Animemes,post,1556137129,neutral
bgecm0,AskModerators,post,1556011838,neutral
bdx1ua,AskReddit,post,1555437665,neutral
b8d5g0,ChapoTrapHouse,post,1554171593,neutral
bgabdj,CringeAnarchy,post,1555983249,neutral
bizktb,DBZDokkanBattle,post,1556601602,neutral
beo64g,Destiny,post,1555607888,negative
bi752e,DiWHY,post,1556422313,neutral
b8kfq7,Gamingcirclejerk,post,1554217742,negative
be7toe,JordanPeterson,post,1555507800,neutral
betqvq,LeBlancMains,post,1555638793,neutral
b86vbz,MMA,post,1554144725,neutral
b9p5ts,MakeupAddiction,post,1554457720,positive
bh8eh5,MurderedByWords,post,1556197566,positive
bejfm9,OnePunchMan,post,1555579168,neutral
bcy5ac,OopsDidntMeanTo,post,1555208013,negative
b86t2l,PrequelMemes,post,1554144499,neutral
b86v82,PrequelMemes,post,1554144712,neutral
bc7a7m,Purdue,post,1555028820,neutral
big29l,Scams,post,1556485612,neutral
bcow5i,Smite,post,1555148449,negative
b84d6o,TheLastAirbender,post,1554134833,negative
bhlh3g,The_Donald,post,1556279940,negative
bbiids,The_Donald,post,1554875775,negative
bc8h26,Theatre,post,1555036162,neutral
bda8y3,Wordpress,post,1555291553,negative
bihy2g,baseball,post,1556496848,negative
bibxzw,bayarea,post,1556462745,neutral
bfw3fn,conspiracy,post,1555895385,negative
bd9qkd,dankmemes,post,1555288348,neutral
b7xr8h,dankmemes,post,1554095660,neutral
bflqs6,dankmemes,post,1555825569,negative
bfe12l,dankmemes,post,1555777773,neutral
bb99wc,dankmemes,post,1554823679,neutral
bi12gp,dankmemes,post,1556384223,positive
bfjuxt,dankmemes,post,1555811687,neutral
bfs9qu,dankmemes,post,1555873211,negative
bdmjct,dankmemes,post,1555369128,negative
b8ff44,dankmemes,post,1554186175,negative
b7yqi9,dankmemes,post,1554102092,negative
b7y6b8,dankmemes,post,1554098332,negative
bho9n2,dankmemes,post,1556295966,neutral
bfkyc8,dankmemes,post,1555819309,neutral
b7vmn6,dankmemes,post,1554082521,negative
bfkhv3,dankmemes,post,1555816007,negative
bg5vcx,dankmemes,post,1555959415,neutral
bbxum8,darkjokes,post,1554975375,negative
b7x0y5,entp,post,1554091126,neutral
bgy52n,fo4,post,1556130470,neutral
bhx1vr,freefolk,post,1556353471,neutral
beceha,gamedev,post,1555531695,neutral
bijh63,gameofthrones,post,1556506507,neutral
behaz8,ideasfortheadmins,post,1555560962,neutral
bb4vyl,india,post,1554793938,negative
bhnpgd,marvelstudios,post,1556293079,positive
bf6181,memes,post,1555717811,neutral
baiuzx,options,post,1554658997,negative
bbsxwt,popheads,post,1554938547,neutral
begkvk,redditrequest,post,1555556049,neutral
bh1e9o,redditrequest,post,1556147505,neutral
bdtdcl,redditrequest,post,1555417844,neutral
bdpizv,redditrequest,post,1555387604,neutral
bappxc,starterpacks,post,1554700229,negative
be46rb,stopdrinking,post,1555479487,neutral
bdjmcd,streetwear,post,1555353297,neutral
bgnt58,teaching,post,1556065001,negative
baohx6,teenagers,post,1554691753,neutral
ba7q20,wallstreetbets,post,1554577414,neutral
bbzmvp,wallstreetbets,post,1554987908,neutral
badjuj,wallstreetbets,post,1554617899,neutral
bf2vig,wrestling,post,1555700265,neutral
b84znb,40kLore,post,1554137749,positive
bhdrkt,911dispatchers,post,1556225707,neutral
bejywz,AFL,post,1555583589,neutral
bbnwa2,AskReddit,post,1554912946,neutral
bds120,BDSMAdvice,post,1555408160,neutral
bbu2ye,BikiniBottomTwitter,post,1554945273,negative
bd6hid,BikiniBottomTwitter,post,1555269926,positive
bdnmkk,BikiniBottomTwitter,post,1555375508,positive
bf52v0,BikiniBottomTwitter,post,1555712161,neutral
b8beqt,Browns,post,1554162461,positive
bc0gfg,ClashRoyale,post,1554992491,negative
bgcqnf,CringeAnarchy,post,1555998561,neutral
bgbuit,DnD,post,1555992400,positive
bgmb20,FolkPunk,post,1556056648,neutral
be4ri8,HistoryMemes,post,1555484251,neutral
b84y6l,Ice_Poseidon,post,1554137559,neutral
b9mq14,Ice_Poseidon,post,1554437999,negative
b9pxgy,Ice_Poseidon,post,1554463194,negative
b9py7y,Ice_Poseidon,post,1554463326,negative
b9tlip,Ice_Poseidon,post,1554482967,positive
b9yb89,Ice_Poseidon,post,1554507692,negative
baz29h,Ice_Poseidon,post,1554757081,positive
bh0kmt,Ice_Poseidon,post,1556142968,negative
bhourn,Ice_Poseidon,post,1556298935,negative
bhua4s,Ice_Poseidon,post,1556330114,neutral
bi4gs5,Ice_Poseidon,post,1556404344,negative
bi6er6,Ice_Poseidon,post,1556417107,negative
bi6f28,Ice_Poseidon,post,1556417159,negative
bhvauh,JordanPeterson,post,1556337538,negative
bb67xp,MapsWithoutNZ,post,1554805168,negative
bfk4un,Masterchef,post,1555813498,neutral
bfk5li,Masterchef,post,1555813641,neutral
b7yhoo,Mavericks,post,1554100422,negative
bfjgs7,Military,post,1555809155,neutral
bcwplo,MtF,post,1555198282,positive
bi9i88,NYGiants,post,1556443373,negative
bctv27,SequelMemes,post,1555181834,neutral
b8ib3i,TheoryOfReddit,post,1554206574,negative
bhkvgz,Trumpgret,post,1556275361,positive
bhvpym,Trumpgret,post,1556340887,negative
bhiao2,Trumpgret,post,1556253481,negative
bczefc,Twitch,post,1555217652,neutral
bczwlv,Twitch,post,1555222036,negative
bd1c5q,Twitch,post,1555236442,negative
bebfw4,Twitch,post,1555526717,neutral
bi2pbk,Twitch,post,1556393728,neutral
bi43qg,Twitch,post,1556402123,neutral
bitmqh,Twitch,post,1556566274,neutral
bbzvbw,ask,post,1554989283,neutral
b8jwek,bakchodi,post,1554215142,negative
bhesu0,dankmemes,post,1556231283,neutral
bfk4sf,dankmemes,post,1555813486,negative
bdkuez,dankmemes,post,1555359177,negative
b7x2l9,dankmemes,post,1554091404,neutral
bedyai,dankmemes,post,1555540026,neutral
bbfnn4,dankmemes,post,1554856602,negative
bcqgrn,dankmemes,post,1555162055,negative
bfkjrb,dankmemes,post,1555816392,neutral
bfko8l,dankmemes,post,1555817258,neutral
bcerby,dankmemes,post,1555082323,neutral
bg23yk,dankmemes,post,1555939712,neutral
bc5laf,dankmemes,post,1555018986,negative
bhuufd,dankmemes,post,1556334102,neutral
bg5sy9,dankmemes,post,1555959077,negative
bh9fss,darkjokes,post,1556203376,negative
bc4c91,darkjokes,post,1555012461,negative
bdw6nv,eczema,post,1555433249,negative
ba70tm,ftm,post,1554573457,positive
bfuruk,loseit,post,1555887265,neutral
bhdlfh,marvelstudios,post,1556224812,positive
bewrog,memes,post,1555662096,neutral
b85j8u,memes,post,1554139972,neutral
bgi2z2,mildlyinfuriating,post,1556035222,negative
bho50t,overlord,post,1556295304,neutral
bgqxen,pics,post,1556084379,neutral
bc5afr,redditrequest,post,1555017392,neutral
bbf22e,redditrequest,post,1554853037,neutral
bc1y98,redditrequest,post,1555000275,neutral
bevh6n,roblox,post,1555650843,negative
bfuhxp,steak,post,1555885675,neutral
bg9wp4,trebuchetmemes,post,1555980838,negative
bdn8sz,unpopularopinion,post,1555373183,neutral
bedu5z,AnthemTheGame,post,1555539400,negative
bb358m,AskReddit,post,1554780761,neutral
bgfay4,CringeAnarchy,post,1556019336,negative
ba9ven,DeepFriedMemes,post,1554590482,neutral
bh9und,Eve,post,1556205495,neutral
bc01aa,IBO,post,1554990212,neutral
b8uixd,KotakuInAction,post,1554273703,negative
bbqpzr,Memes_Of_The_Dank,post,1554926974,neutral
bdzxll,MortalKombat,post,1555452594,neutral
b9whhq,MtF,post,1554497429,negative
bg8sq8,OutOfTheLoop,post,1555974514,neutral
bg8x85,OutOfTheLoop,post,1555975192,neutral
b8u3u4,SanJoseSharks,post,1554270337,positive
bhp9xq,Showerthoughts,post,1556301078,negative
bdtff1,SquaredCircle,post,1555418212,neutral
becljj,SquaredCircle,post,1555532748,neutral
b8b7s8,TopMindsOfReddit,post,1554161535,negative
b8m787,TopMindsOfReddit,post,1554225994,neutral
b8tlym,TopMindsOfReddit,post,1554266546,negative
bekd5n,TopMindsOfReddit,post,1555586550,neutral
berx24,TopMindsOfReddit,post,1555627931,negative
bf2r9b,TopMindsOfReddit,post,1555699657,negative
bf72tj,TopMindsOfReddit,post,1555724589,negative
bf79dq,TopMindsOfReddit,post,1555725809,negative
bfh7c3,TopMindsOfReddit,post,1555795033,negative
bfh9o4,TopMindsOfReddit,post,1555795392,negative
bfvdwo,TopMindsOfReddit,post,1555891035,negative
bfw0r9,TopMindsOfReddit,post,1555894919,negative
bgbgbq,TopMindsOfReddit,post,1555990008,negative
bj7631,TopMindsOfReddit,post,1556651003,neutral
bgylcd,dankmemes,post,1556132738,negative
b8yocr,dankmemes,post,1554301789,neutral
bgd1vb,dankmemes,post,1556000951,negative
bjai0a,dankmemes,post,1556668179,negative
b7wvim,dankmemes,post,1554090114,negative
bhaufk,dankmemes,post,1556210639,positive
bcc0vx,darkjokes,post,1555065442,negative
b7waer,de,post,1554086476,neutral
bcdm89,ethereum,post,1555076005,neutral
banbu4,exmormon,post,1554684228,neutral
bff1zh,facepalm,post,1555783079,neutral
bhdtwt,facepalm,post,1556226056,negative
bieu5w,facepalm,post,1556479044,neutral
bhzwwa,forhonor,post,1556377337,neutral
bdcsy6,jailbreak,post,1555309474,neutral
bdcxaj,jailbreak,post,1555310568,neutral
bctbdw,leagueoflegends,post,1555178829,negative
bf3q7p,marvelstudios,post,1555704742,neutral
bd9fs1,memes,post,1555286495,neutral
bg4ww0,memes,post,1555954560,neutral
ba73nc,memes,post,1554573883,neutral
bei8yh,memes,post,1555568419,negative
b8bqpd,mildlyinfuriating,post,1554164104,neutral
bgg0e7,modhelp,post,1556023929,negative
bclt3g,opieandanthony,post,1555121434,negative
bcm2qf,opieandanthony,post,1555123308,neutral
bcns8c,opieandanthony,post,1555137206,neutral
bhy9m8,ottawa,post,1556365369,positive
b93lrb,reddeadredemption,post,1554324976,negative
bfufsc,redditmobile,post,1555885338,negative
bb6w7e,redditrequest,post,1554810088,neutral
bg58ip,redditrequest,post,1555956184,neutral
bj23vy,redditrequest,post,1556623167,neutral
bfgcfk,redditrequest,post,1555790140,neutral
bdcpfv,redditrequest,post,1555308620,negative
bd21k8,redditrequest,post,1555243113,neutral
bathia,redditrequest,post,1554728242,neutral
b84dqv,redditrequest,post,1554134900,neutral
bazwwc,redditrequest,post,1554761588,neutral
bayaw7,redditrequest,post,1554753278,neutral
bb2oju,redditrequest,post,1554777732,neutral
bfjyf0,stlouisblues,post,1555812314,neutral
bafxba,teenagers,post,1554641482,negative
bcg7pq,teslamotors,post,1555089784,neutral
bi7v14,unpopularopinion,post,1556427934,negative
bdvwqd,worldpolitics,post,1555431834,neutral
beb8ky,Animemes,post,1555525659,positive
bi1s4c,AskReddit,post,1556388309,negative
bga6ya,ChapoTrapHouse,post,1555982522,neutral
bhtie3,CoDCompetitive,post,1556324942,negative
bivzmz,CrazyIdeas,post,1556578696,neutral
bg6uab,Drama,post,1555964321,negative
bh088y,Drama,post,1556141155,neutral
big3at,Drama,post,1556485764,neutral
bisn8e,Drama,post,1556561200,neutral
b91sls,FortNiteBR,post,1554316526,negative
b88bxj,Kirby,post,1554150196,negative
b97drq,MakeupAddiction,post,1554346478,neutral
b9wluv,MapsWithoutNZ,post,1554498079,neutral
bb2owi,Minecraft,post,1554777792,neutral
bdw0dp,ModSupport,post,1555432357,neutral
bbg9gx,NYGiants,post,1554860224,positive
bhpa0l,NoStupidQuestions,post,1556301091,neutral
bj1hhn,PewdiepieSubmissions,post,1556618201,neutral
bfcfps,Random_Acts_Of_Pizza,post,1555768571,neutral
b8bofa,adultery,post,1554163811,negative
bif609,brockhampton,post,1556480770,neutral
bhtfio,dankmemes,post,1556324429,neutral
b9k4ny,dankmemes,post,1554421652,neutral
b7ymht,dankmemes,post,1554101324,negative
bccbys,dankmemes,post,1555067731,negative
b7un9h,dankmemes,post,1554076939,negative
b7usfk,dankmemes,post,1554077639,negative
b7vafj,dankmemes,post,1554080498,negative
b7w243,dankmemes,post,1554085093,negative
b7xg71,dankmemes,post,1554093770,negative
bfubc3,dankmemes,post,1555884625,negative
bfvv0f,dankmemes,post,1555893945,negative
bfvxio,dankmemes,post,1555894370,negative
bfw0vd,dankmemes,post,1555894940,neutral
bfw1n6,dankmemes,post,1555895070,negative
bg525c,dankmemes,post,1555955281,negative
bbojxt,dankmemes,post,1554916245,neutral
bc9r5k,dankmemes,post,1555045372,neutral
bca77a,dankmemes,post,1555048992,negative
bd0ldn,dankmemes,post,1555228692,neutral
bh5b7e,dankmemes,post,1556173206,negative
biol5u,dankmemes,post,1556538840,negative
bj45vo,dankmemes,post,1556635646,negative
b832di,dankmemes,post,1554128773,negative
b85blo,dankmemes,post,1554139159,negative
bavban,dankmemes,post,1554738091,negative
bdufb7,dankmemes,post,1555424033,neutral
bhdnr6,dankmemes,post,1556225134,negative
biti12,dankmemes,post,1556565589,neutral
balfua,dankmemes,post,1554672935,negative
bh3yd6,dankmemes,post,1556163056,neutral
b8xs2y,dankmemes,post,1554297164,neutral
bgty1u,dankmemes,post,1556108518,negative
b82vfp,dankmemes,post,1554127838,neutral
baktwt,dankmemes,post,1554669490,negative
bfta8r,dankmemes,post,1555878812,positive
bbxj5a,darkjokes,post,1554972524,negative
bbxj6y,darkjokes,post,1554972541,negative
bbze91,darkjokes,post,1554986458,neutral
bhs0j9,findareddit,post,1556315962,negative
bayzli,gay,post,1554756725,negative
bcm38o,hacking,post,1555123415,negative
bhylvd,help,post,1556368165,neutral
bd8ssi,magicthecirclejerking,post,1555282538,neutral
bhot0f,marvelstudios,post,1556298696,neutral
bhi69z,marvelstudios,post,1556252613,positive
b9dicg,memes,post,1554388581,negative
bhvsck,paydaytheheist,post,1556341451,negative
bah62e,postmates,post,1554649695,neutral
bh7gsi,postmates,post,1556191558,neutral
b8t52x,redditrequest,post,1554263236,neutral
ba2b0w,redditrequest,post,1554539239,negative
bfb1vi,redditrequest,post,1555758050,neutral
bhn1x4,redditrequest,post,1556289680,neutral
bghw3i,shittyaskreddit,post,1556034245,negative
b939zt,teenagers,post,1554323429,neutral
bgjt0x,teenagers,post,1556043842,neutral
bafwjl,trebuchetmemes,post,1554641321,neutral
bcn4j3,unpopularopinion,post,1555131416,negative
bc6elb,yourmomshousepodcast,post,1555023505,negative
b89ilh,Animemes,post,1554154513,positive
b8aqyz,Animemes,post,1554159410,neutral
b9kmsk,Animemes,post,1554424660,negative
bbcyc5,Animemes,post,1554841878,negative
bcgf3c,Animemes,post,1555090778,neutral
be5eyo,Animemes,post,1555490338,positive
bhvtmo,Animemes,post,1556341752,neutral
bh9wqj,AskReddit,post,1556205815,negative
bha3sl,AskReddit,post,1556206847,negative
bhyok3,AutoModerator,post,1556368794,neutral
bie8o0,Avengers,post,1556475758,neutral
bebk4d,Bossfight,post,1555527306,neutral
bao0pj,Braincels,post,1554688703,negative
b7yhix,ChapoTrapHouse,post,1554100390,neutral
bc12c3,ChapoTrapHouse,post,1554995724,neutral
bd0t6j,ChapoTrapHouse,post,1555231003,neutral
bdzc4t,ChapoTrapHouse,post,1555449404,negative
bb8rhm,CitiesSkylines,post,1554821024,neutral
bgcbt2,CringeAnarchy,post,1555995586,negative
bgkl9y,CringeAnarchy,post,1556047865,negative
bgmy9b,CringeAnarchy,post,1556060153,neutral
bi4pih,FortNiteBR,post,1556405818,negative
bis3bq,HistoryMemes,post,1556558368,negative
bensqv,Idaho,post,1555605985,neutral
b7xr03,Kirby,post,1554095623,negative
bgwy2k,KotakuInAction,post,1556124502,neutral
bgvrxf,MetalMemes,post,1556118656,neutral
bdhwmt,MurderedByWords,post,1555345002,negative
b9ksdm,Music,post,1554425630,neutral
bf60s4,PewdiepieSubmissions,post,1555717732,neutral
b7wssu,PewdiepieSubmissions,post,1554089611,neutral
b85479,PewdiepieSubmissions,post,1554138309,negative
b8l9ge,PewdiepieSubmissions,post,1554221644,neutral
b8lg2w,PewdiepieSubmissions,post,1554222488,positive
b8qlbg,PewdiepieSubmissions,post,1554247890,neutral
b8tgwj,PewdiepieSubmissions,post,1554265538,neutral
b8zgp5,PewdiepieSubmissions,post,1554305574,neutral
b947fp,PewdiepieSubmissions,post,1554328058,positive
b991z3,PewdiepieSubmissions,post,1554358180,negative
b9bynw,PewdiepieSubmissions,post,1554380154,neutral
b9t8tl,PewdiepieSubmissions,post,1554481271,negative
b9xf1o,PewdiepieSubmissions,post,1554502422,negative
b9y40g,PewdiepieSubmissions,post,1554506433,negative
ba3kur,PewdiepieSubmissions,post,1554551793,negative
ba46nu,PewdiepieSubmissions,post,1554556514,negative
ba54d2,PewdiepieSubmissions,post,1554562703,neutral
ba9j4y,PewdiepieSubmissions,post,1554588335,positive
ba9jkx,PewdiepieSubmissions,post,1554588409,positive
baf949,PewdiepieSubmissions,post,1554635719,negative
bajkhb,PewdiepieSubmissions,post,1554662639,negative
bakeoa,PewdiepieSubmissions,post,1554667174,neutral
barooa,PewdiepieSubmissions,post,1554715653,positive
bbrslq,PewdiepieSubmissions,post,1554932545,negative
bbs62z,PewdiepieSubmissions,post,1554934389,negative
bbs7u9,PewdiepieSubmissions,post,1554934633,negative
bbs8c2,PewdiepieSubmissions,post,1554934700,negative
bcctml,PewdiepieSubmissions,post,1555071073,negative
bciyal,PewdiepieSubmissions,post,1555103802,neutral
bcsn6c,PewdiepieSubmissions,post,1555175039,negative
bdgflq,PewdiepieSubmissions,post,1555337524,neutral
bdh27x,PewdiepieSubmissions,post,1555340913,negative
bdk1cr,PewdiepieSubmissions,post,1555355262,negative
bdo2o8,PewdiepieSubmissions,post,1555378184,negative
bduzn4,PewdiepieSubmissions,post,1555427186,neutral
be8ov2,PewdiepieSubmissions,post,1555512598,neutral
be98ii,PewdiepieSubmissions,post,1555515422,positive
be9y3k,PewdiepieSubmissions,post,1555519053,negative
bee77v,PewdiepieSubmissions,post,1555541433,neutral
bemu0t,PewdiepieSubmissions,post,1555601026,negative
beszua,PewdiepieSubmissions,post,1555634102,neutral
betl8r,PewdiepieSubmissions,post,1555637772,negative
bf4c9w,PewdiepieSubmissions,post,1555708039,negative
bfb363,PewdiepieSubmissions,post,1555758382,neutral
bfd054,PewdiepieSubmissions,post,1555772025,neutral
bfn0xs,PewdiepieSubmissions,post,1555837885,negative
bfq12d,PewdiepieSubmissions,post,1555860922,neutral
bfrc38,PewdiepieSubmissions,post,1555868111,neutral
bfseq6,PewdiepieSubmissions,post,1555873957,negative
bfvtly,PewdiepieSubmissions,post,1555893719,neutral
bg4h70,PewdiepieSubmissions,post,1555952400,negative
bg5u2b,PewdiepieSubmissions,post,1555959235,positive
bgb8pj,PewdiepieSubmissions,post,1555988719,neutral
bh69v8,PewdiepieSubmissions,post,1556181724,negative
bhaf8t,PewdiepieSubmissions,post,1556208462,negative
bhb58q,PewdiepieSubmissions,post,1556212144,neutral
bhe9f5,PewdiepieSubmissions,post,1556228336,positive
bi1mkn,PewdiepieSubmissions,post,1556387429,neutral
bicb9g,PewdiepieSubmissions,post,1556464924,neutral
biehyn,PewdiepieSubmissions,post,1556477186,negative
biem4h,PewdiepieSubmissions,post,1556477833,negative
biqmbq,PewdiepieSubmissions,post,1556550889,neutral
biw6ut,PewdiepieSubmissions,post,1556579838,neutral
bj3iud,PewdiepieSubmissions,post,1556632106,neutral
bj4dn7,PewdiepieSubmissions,post,1556636776,neutral
bj4whq,PewdiepieSubmissions,post,1556639533,negative
bhnd57,Screenwriting,post,1556291307,neutral
bemp31,SonicTheHedgehog,post,1555600326,positive
bhjvtf,Stellaris,post,1556266572,neutral
b8lr8i,SubredditDrama,post,1554223924,negative
bicnlk,TaylorSwift,post,1556466915,neutral
b9s6jk,VetTech,post,1554476086,neutral
bh0poz,bangalore,post,1556143696,neutral
bj5627,bugs,post,1556640902,neutral
biaf5f,creepyPMs,post,1556451978,neutral
b81ij4,dankmemes,post,1554120699,negative
bhmk3v,dankmemes,post,1556286974,positive
bfuead,dankmemes,post,1555885102,neutral
b7x4jw,dankmemes,post,1554091738,negative
b7y9y6,dankmemes,post,1554098977,negative
b7yaga,dankmemes,post,1554099066,negative
bamwsn,dankmemes,post,1554681566,neutral
bflme7,dankmemes,post,1555824546,positive
bfmf2l,dankmemes,post,1555831775,neutral
bau83y,dankmemes,post,1554732420,positive
bif606,dankmemes,post,1556480770,negative
bj7ltw,dankmemes,post,1556653284,negative
betyyc,dankmemes,post,1555640227,negative
bbfymu,dankmemes,post,1554858424,negative
b8fjb9,dankmemes,post,1554186984,negative
bg62xn,dankmemes,post,1555960458,negative
bhe9uy,dankmemes,post,1556228403,positive
b7wiu0,dankmemes,post,1554087901,negative
beoulq,darkjokes,post,1555611437,neutral
baq585,findareddit,post,1554703406,negative
bimqdb,gameofthrones,post,1556523060,neutral
bc8nz9,gunpolitics,post,1555037438,positive
b8ohyo,halifax,post,1554237079,negative
b9mjn0,hamptonbrandon,post,1554436785,neutral
b7xpih,kpop,post,1554095369,neutral
bf8lfm,mildlyinfuriating,post,1555735639,negative
be59ry,needamod,post,1555488931,neutral
bf2elo,netflix,post,1555697860,positive
bf4lb1,redditrequest,post,1555709456,neutral
bfo6k2,redditrequest,post,1555848724,neutral
bisk2x,rupaulsdragrace,post,1556560770,neutral
bbltig,space,post,1554901792,negative
b85h1f,unpopularopinion,post,1554139744,negative
bclsti,AskReddit,post,1555121382,neutral
babb46,ChapoTrapHouse,post,1554600241,neutral
bbfwhs,ChapoTrapHouse,post,1554858071,negative
bcmis8,ChapoTrapHouse,post,1555126629,neutral
bgaehn,Comcast_Xfinity,post,1555983756,negative
bfhs2v,CringeAnarchy,post,1555798432,neutral
bh03x5,Enough_Sanders_Spam,post,1556140509,neutral
bi2gu9,GTA,post,1556392332,neutral
baqfag,IncelTears,post,1554705515,positive
behmxv,MarkMyWords,post,1555563495,negative
bcbpby,Memes_Of_The_Dank,post,1555062827,negative
biza0v,ModSupport,post,1556599340,neutral
befswz,MortalKombat,post,1555551153,neutral
bi07l5,PewdiepieSubmissions,post,1556379128,negative
bgyei6,Redskins,post,1556131797,neutral
bc921c,Spanish,post,1555040117,positive
bgv4dg,Thunder,post,1556115259,neutral
bi4yyi,TrueOffMyChest,post,1556407469,negative
bifjpv,dank_meme,post,1556482756,negative
bj1gb6,dankmemes,post,1556617925,negative
b8ay9r,dankmemes,post,1554160292,neutral
b7yq7f,dankmemes,post,1554102036,neutral
bftmda,dankmemes,post,1555880697,negative
b9cvfn,dankmemes,post,1554385410,neutral
b868v1,dankmemes,post,1554142113,negative
b8nssa,dankmemes,post,1554233660,neutral
bfjw7g,dankmemes,post,1555811911,neutral
bgja2h,dankmemes,post,1556041119,neutral
bct0n4,dankmemes,post,1555177147,negative
bfgpff,dankmemes,post,1555792134,negative
bj9yie,dankmemes,post,1556665047,neutral
bgdocg,dankmemes,post,1556005944,positive
bip7e8,dankmemes,post,1556542804,negative
bbuqtr,dankmemes,post,1554949336,negative
bcgri6,dankmemes,post,1555092499,negative
bed51m,dankmemes,post,1555535695,neutral
bedfg0,dankmemes,post,1555537251,negative
bet8as,dankmemes,post,1555635544,negative
bg9y5v,dankmemes,post,1555981073,neutral
bgppyh,dankmemes,post,1556076135,neutral
bhh90m,dankmemes,post,1556246354,neutral
bijdu6,dankmemes,post,1556506013,neutral
bh565p,dankmemes,post,1556172047,negative
bhpx7i,dankmemes,post,1556304447,negative
bfcnr3,dankmemes,post,1555769963,negative
b7uwny,dankmemes,post,1554078257,negative
b7uzvz,dankmemes,post,1554078761,negative
b7vm82,dankmemes,post,1554082451,negative
bhe2tg,dankmemes,post,1556227349,positive
bgtizc,dankmemes,post,1556105876,negative
bhkvih,dankmemes,post,1556275373,negative
bj5w9l,darkjokes,post,1556644518,neutral
bj4my1,exmuslim,post,1556638147,neutral
bfkbkh,fantasybaseball,post,1555814770,negative
bdl7as,freefolk,post,1555360982,positive
bdqnk4,gameofthrones,post,1555396400,negative
bin9rd,gameofthrones,post,1556528195,negative
bc7g80,kpophelp,post,1555029839,neutral
b7x1q9,leafs,post,1554091255,positive
ba5dgu,memes,post,1554564177,negative
b9rb60,modhelp,post,1554471430,neutral
bhbfk8,neopets,post,1556213580,negative
bb5cl2,reactiongifs,post,1554797848,negative
bgdsdh,redditrequest,post,1556006919,neutral
behba2,redditrequest,post,1555561025,neutral
bi6rwt,redditrequest,post,1556419652,neutral
behgag,sanantonio,post,1555562049,neutral
bftu34,teenagers,post,1555881886,negative
bdxvi4,teenagers,post,1555441858,negative
bd2cim,unpopularopinion,post,1555245592,negative
b9to2k,2007scape,post,1554483314,neutral
bb3pqr,AskReddit,post,1554784725,neutral
bbb7x5,AskReddit,post,1554833288,neutral
b95con,Blackfellas,post,1554334301,negative
bf0sl9,BravoRealHousewives,post,1555689666,positive
bez0aj,CasualUK,post,1555679969,positive
bhmuzs,JaneTheVirginCW,post,1556288640,neutral
bgpi8u,KotakuInAction,post,1556074845,negative
bj9oie,MensRights,post,1556663498,neutral
b8kcdb,PewdiepieSubmissions,post,1554217316,neutral
bb01h1,Rainbow6,post,1554762260,neutral
bac5fp,Shitty_Car_Mods,post,1554606275,negative
bgr61h,Thunder,post,1556086257,neutral
b8idle,UMD,post,1554206981,negative
bj1dce,Zoomies,post,1556617182,negative
bb48cp,bakchodi,post,1554788668,negative
b9elub,cars,post,1554393795,neutral
b9am67,conspiracy,post,1554370554,neutral
bjaelb,dank_meme,post,1556667593,negative
bbop7i,dankmemes,post,1554916932,neutral
bgg93d,dankmemes,post,1556025363,neutral
bhn3k6,dankmemes,post,1556289910,positive
bhnbg8,dankmemes,post,1556291053,negative
bhymdt,dankmemes,post,1556368289,positive
b836c8,dankmemes,post,1554129307,negative
bihd6p,dankmemes,post,1556493255,neutral
b8jhll,dankmemes,post,1554213101,neutral
bfns89,dankmemes,post,1555845321,negative
bdhlfm,dankmemes,post,1555343600,negative
bhugcl,dankmemes,post,1556331284,negative
bcjkr9,dankmemes,post,1555107269,negative
be6u7r,dankmemes,post,1555501869,neutral
bfkdnc,dankmemes,post,1555815183,negative
b9opvq,dankmemes,post,1554454131,neutral
bc66we,darkjokes,post,1555022231,negative
bcbs2p,darkjokes,post,1555063461,negative
bgjqtx,darknet,post,1556043510,neutral
bi6pon,findareddit,post,1556419213,negative
beunkx,freefolk,post,1555644785,neutral
bcd45k,gatekeeping,post,1555072984,negative
bhl7by,memes,post,1556277885,negative
bbdlhc,modhelp,post,1554845078,neutral
bghqjo,mopeio,post,1556033468,neutral
bfnjos,motorsportsstreams,post,1555843093,negative
biqbia,nba,post,1556549295,neutral
bddwp6,opieandanthony,post,1555319957,neutral
b9fy69,pcmasterrace,post,1554400166,neutral
b8qkzb,perfectloops,post,1554247837,negative
ba324f,perfectloops,post,1554547002,neutral
b9la9s,redditrequest,post,1554428646,neutral
biwuiw,redditrequest,post,1556583802,neutral
beufap,teenagers,post,1555643218,neutral
bd1svu,teenagers,post,1555240963,negative
biuxqd,teenagers,post,1556572897,neutral
befxwk,teenagers,post,1555552018,negative
bez1au,todayilearned,post,1555680139,neutral
bj9luw,todayilearned,post,1556663116,negative
bccmwp,unpopularopinion,post,1555069864,neutral
b8uqed,unpopularopinion,post,1554275372,negative
bfd9b1,vermont,post,1555773486,negative
bf00zn,Anarcho_Capitalism,post,1555685684,neutral
bh2kvy,Aquariums,post,1556154593,neutral
bd815x,AskReddit,post,1555278304,neutral
b9vkue,AutoModerator,post,1554492763,negative
bamz3t,AutoModerator,post,1554681979,neutral
bb6mv0,AutoModerator,post,1554808377,neutral
bdokzy,AutoModerator,post,1555381274,neutral
bftjkp,AutoModerator,post,1555880285,neutral
b7vtuv,Braincels,post,1554083742,negative
bdu08a,Brewers,post,1555421629,neutral
bglq21,CringeAnarchy,post,1556053585,neutral
bb0w15,DAE,post,1554766988,neutral
baldwq,DeepFriedMemes,post,1554672636,neutral
bj2s21,Hiphopcirclejerk,post,1556627726,negative
bi6hdz,Ice_Poseidon,post,1556417599,negative
bi6krd,Ice_Poseidon,post,1556418251,negative
b8yl03,JUSTNOMIL,post,1554301329,positive
be9bgv,Memes_Of_The_Dank,post,1555515848,positive
bf28ks,NBASpurs,post,1555696991,neutral
bams9d,Needafriend,post,1554680765,neutral
bhia2a,NoStupidQuestions,post,1556253356,neutral
bc7z8k,PewdiepieSubmissions,post,1555033121,negative
bdlxko,PewdiepieSubmissions,post,1555365927,neutral
bbgdfh,PewdiepieSubmissions,post,1554860893,neutral
bbgdyz,PewdiepieSubmissions,post,1554860981,neutral
bbqh43,PewdiepieSubmissions,post,1554925736,neutral
b87a90,PrequelMemes,post,1554146277,neutral
bahqsp,RocketLeague,post,1554652956,negative
bdecgz,Scotland,post,1555323657,negative
bgo62s,SquaredCircle,post,1556067141,positive
b8kjey,Steam,post,1554218228,neutral
birina,Wellthatsucks,post,1556555492,negative
bbgi6m,breakingbad,post,1554861679,neutral
b872w4,canada,post,1554145498,positive
ba2fx8,canada,post,1554540759,negative
be1e30,canada,post,1555461021,negative
b9h7c4,dankmemes,post,1554406145,negative
bdk0i7,dankmemes,post,1555355149,negative
bes31g,dankmemes,post,1555628835,negative
bgrpuf,dankmemes,post,1556090838,neutral
biho57,dankmemes,post,1556495171,neutral
bcp93c,dankmemes,post,1555151970,neutral
b7x46d,dankmemes,post,1554091671,neutral
b7x6qr,dankmemes,post,1554092117,neutral
bhf9te,dankmemes,post,1556233972,positive
bd43iv,dankmemes,post,1555257059,negative
bfc69t,dankmemes,post,1555766866,negative
bfny6i,dankmemes,post,1555846783,negative
b86l5j,dankmemes,post,1554143664,negative
b9i0sp,dankmemes,post,1554410175,neutral
begfiz,dankmemes,post,1555555100,neutral
bgq98d,dankmemes,post,1556079657,neutral
b80m5l,dankmemes,post,1554115460,negative
bi5756,dankmemes,post,1556408936,neutral
bcm1ss,dankmemes,post,1555123127,neutral
b7uo8f,dankmemes,post,1554077067,negative
b7uocd,dankmemes,post,1554077084,negative
b7uqiz,dankmemes,post,1554077390,negative
b7xn3k,dankmemes,post,1554094979,negative
b7z111,dankmemes,post,1554104120,negative
b8220c,dankmemes,post,1554123621,negative
bbkvt5,darkjokes,post,1554895702,neutral
bbqkb4,darkjokes,post,1554926189,negative
bgy16q,dbz,post,1556129913,neutral
bat3h9,httyd,post,1554725877,neutral
bf9cmt,iOSBeta,post,1555741817,neutral
b9wwjk,italy,post,1554499648,negative
bhq5uq,leagueoflegends,post,1556305707,negative
bivu5r,leaves,post,1556577819,neutral
bi6fl9,madlads,post,1556417257,neutral
bhxswt,marvelstudios,post,1556361081,positive
bhpc70,memes,post,1556301407,positive
bhcshe,memes,post,1556220632,neutral
b8pzta,needamod,post,1554244575,neutral
bbwzn2,opieandanthony,post,1554967490,neutral
bchm95,opieandanthony,post,1555096704,positive
bcipvh,opieandanthony,post,1555102529,negative
bcm950,opieandanthony,post,1555124605,neutral
bfqcby,rant,post,1555862720,negative
bglott,redditrequest,post,1556053405,neutral
bie5z2,redditrequest,post,1556475347,neutral
b8ozo8,redditrequest,post,1554239490,neutral
bay3al,redditrequest,post,1554752197,neutral
bebmc9,redditrequest,post,1555527612,negative
ba04wq,teenagers,post,1554520261,neutral
bgraz1,unpopularopinion,post,1556087414,negative
b8rm27,AnthemTheGame,post,1554253809,negative
bi64k5,AskUK,post,1556415157,neutral
bb8dq7,Braincels,post,1554818968,neutral
bf64ve,ChapoTrapHouse,post,1555718447,neutral
bgjlik,CringeAnarchy,post,1556042725,negative
bgpean,CringeAnarchy,post,1556074210,neutral
bbvnuy,DippingTobacco,post,1554955430,neutral
bbesao,Drama,post,1554851511,positive
b9wnce,FORTnITE,post,1554498311,positive
bif1b6,FORTnITE,post,1556480070,neutral
bgwi1d,FortNiteBR,post,1556122302,neutral
ba92b3,HealSluts,post,1554585464,neutral
bek05e,HighQualityGifs,post,1555583865,negative
belthd,HighQualityGifs,post,1555595623,negative
bbnrls,Hiphopcirclejerk,post,1554912293,neutral
bbhe7p,LadyGaga,post,1554867465,neutral
bh04d5,Marvel,post,1556140576,positive
bj7dpq,ShittyLifeProTips,post,1556652094,negative
bd75hd,SuicideWatch,post,1555273578,neutral
baxdof,TheKillers,post,1554748583,neutral
bgiiuy,apolloapp,post,1556037385,neutral
b8g6u8,bakchodi,post,1554191592,negative
bdq7kh,boottoobig,post,1555392796,negative
bhboba,dankmemes,post,1556214860,negative
bivm6a,dankmemes,post,1556576577,negative
babnlm,dankmemes,post,1554602644,negative
becjp4,dankmemes,post,1555532457,negative
bbcn74,dankmemes,post,1554840326,negative
bcfrqe,dankmemes,post,1555087574,negative
befxpm,dankmemes,post,1555551985,positive
bi25mu,dankmemes,post,1556390496,neutral
ba3pkw,dankmemes,post,1554552847,neutral
b81v5b,dankmemes,post,1554122622,neutral
bek7ir,dankmemes,post,1555585445,negative
be6ilt,dankmemes,post,1555499559,negative
bfxt5i,dankmemes,post,1555906369,neutral
b7ytf5,dankmemes,post,1554102631,negative
b82zi6,dankmemes,post,1554128389,negative
b830k6,dankmemes,post,1554128526,negative
b80jbm,dankmemes,post,1554114936,negative
bir8hx,dankmemes,post,1556554031,neutral
bj1q3w,dankmemes,post,1556620165,negative
b7yz9v,darkjokes,post,1554103778,negative
bc3s8w,darkjokes,post,1555009554,neutral
bbf2qf,dirtykikpals,post,1554853143,neutral
b87ggk,dirtypenpals,post,1554146957,neutral
bhaquw,dirtypenpals,post,1556210124,neutral
bhnpff,dirtypenpals,post,1556293075,neutral
bfmb43,discordapp,post,1555830689,neutral
b83zp4,eczema,post,1554133118,neutral
bdq7hd,freefolk,post,1555392779,negative
b9m36j,google,post,1554433671,neutral
ba594u,help,post,1554563471,neutral
bfmec7,legaladviceofftopic,post,1555831564,negative
beacsp,lockpicking,post,1555521126,neutral
beo10k,memes,post,1555607164,negative
biu4zt,memes,post,1556568843,negative
bb8u9r,memes,post,1554821430,negative
bj79x8,milwaukee,post,1556651555,neutral
bdkndj,notredame,post,1555358207,neutral
bcmcye,opieandanthony,post,1555125382,positive
bcxxpw,opieandanthony,post,1555206521,positive
baw3un,pcmasterrace,post,1554742036,negative
bb6fzg,pcmasterrace,post,1554806955,negative
bi8a9t,pcmasterrace,post,1556431523,neutral
bi8b26,pcmasterrace,post,1556431711,neutral
b81syv,rant,post,1554122303,neutral
bb5e0z,redditrequest,post,1554798196,neutral
bgkcof,redditrequest,post,1556046625,neutral
befhsa,redditrequest,post,1555549265,neutral
bhx9s0,redditrequest,post,1556355774,neutral
ba11r0,redditrequest,post,1554527522,neutral
bcpnll,redditrequest,post,1555155694,neutral
b8zvb0,roosterteeth,post,1554307494,neutral
bd1rdf,sbubby,post,1555240563,positive
b7yieq,spacex,post,1554100564,negative
bguzr7,unpopularopinion,post,1556114594,positive
bhrhhi,uwo,post,1556312939,positive
b7x94n,2007scape,post,1554092512,neutral
be489n,9gag,post,1555479818,negative
b8mfa6,ApplyingToCollege,post,1554227075,neutral
bch8nl,Browns,post,1555094782,neutral
bda3cx,CanadianMOMs,post,1555290578,neutral
bb5fdo,CasualUK,post,1554798517,positive
beqabj,Cityofheroes,post,1555619088,positive
bemio0,CombatFootage,post,1555599420,neutral
bfpwrp,CrappyDesign,post,1555860200,neutral
bgh7o2,CringeAnarchy,post,1556030745,negative
bgh9l5,CringeAnarchy,post,1556031035,negative
bgnf77,CringeAnarchy,post,1556062791,neutral
beqhpr,Darts,post,1555620240,neutral
berzf7,DianaMains,post,1555628275,neutral
bhv8n3,JUSTNOMIL,post,1556337069,neutral
bdro9k,Jaguars,post,1555405188,positive
bdmqsk,Libertarian,post,1555370289,positive
bi1mvl,Marvel,post,1556387479,negative
bbng4m,Memes_Of_The_Dank,post,1554910655,negative
bevbal,ModSupport,post,1555649509,neutral
bbe3py,ShitRedditSays,post,1554847721,neutral
bfn4cz,WormFanfic,post,1555838797,neutral
bbhe7g,analog,post,1554867464,negative
bemybz,conspiracy,post,1555601634,neutral
beuj6z,dank_meme,post,1555643924,negative
b82rtd,dankmemes,post,1554127361,neutral
bgwszb,dankmemes,post,1556123789,positive
b7ze3b,dankmemes,post,1554106726,neutral
b7zj5n,dankmemes,post,1554107831,negative
b7zvnb,dankmemes,post,1554110397,neutral
bay90k,dankmemes,post,1554753001,neutral
b83rbr,dankmemes,post,1554132063,negative
bie95b,dankmemes,post,1556475832,neutral
bgarlg,dankmemes,post,1555985901,neutral
bgjdb3,dankmemes,post,1556041584,neutral
bi1pza,dankmemes,post,1556387979,negative
biugts,dankmemes,post,1556570524,negative
belwkp,dankmemes,post,1555596115,neutral
beqwgg,dankmemes,post,1555622443,positive
bg4j98,dankmemes,post,1555952676,negative
bga1z0,dankmemes,post,1555981688,negative
bgn7as,dankmemes,post,1556061520,negative
bhltfn,dankmemes,post,1556282478,neutral
bhafnw,dankmemes,post,1556208524,neutral
bh8jjd,dankmemes,post,1556198387,positive
bh2826,dankmemes,post,1556152465,neutral
bibtwr,dankmemes,post,1556462060,negative
bj2yu1,darkjokes,post,1556628953,negative
bccf4r,darkjokes,post,1555068350,negative
b9437w,discordapp,post,1554327432,neutral
bcr8m0,discordapp,post,1555166961,neutral
b9ivsy,help,post,1554414569,negative
be24fq,hockey,post,1555465423,neutral
bhhyib,madlads,post,1556251150,neutral
beagxd,marvelstudios,post,1555521735,neutral
be1i05,nba,post,1555461697,negative
ba2zoz,nrl,post,1554546314,negative
bf63mn,rant,post,1555718234,negative
bhyfs1,redditrequest,post,1556366790,neutral
bgu6b3,redditrequest,post,1556109980,neutral
bflxfg,redditrequest,post,1555827151,neutral
b8qe2j,redditrequest,post,1554246765,neutral
bhlomo,redditrequest,post,1556281469,neutral
b91x1d,redditrequest,post,1554317111,neutral
bboi5w,redditrequest,post,1554916002,neutral
bgm602,redditrequest,post,1556055867,neutral
bj8dz8,redditsync,post,1556657146,negative
bdjwmw,unpopularopinion,post,1555354648,negative
bdk807,unpopularopinion,post,1555356158,negative
bfrwl3,wallstreetbets,post,1555871213,neutral
bcb88m,wildhearthstone,post,1555058387,neutral
b9e8nx,Anarchism,post,1554392115,neutral
bilqiw,AntiJokes,post,1556515617,negative
bdvl4a,AskOuija,post,1555430197,neutral
bewre5,AskReddit,post,1555662019,neutral
bf2haw,ComedyCemetery,post,1555698248,negative
bigzo6,Cricket,post,1556490929,negative
bg349p,DesignatedSurvivor,post,1555945359,neutral
b7wwo4,GNV,post,1554090329,negative
bahpxg,Memes_Of_The_Dank,post,1554652828,negative
b92lpq,MortalKombat,post,1554320271,neutral
bdmxzm,MurderedByWords,post,1555371430,neutral
bixe2x,Nicegirls,post,1556587117,negative
bhcp6h,NoStupidQuestions,post,1556220153,neutral
b87y2k,PrequelMemes,post,1554148818,neutral
bf03jq,SkyrimTogether,post,1555686062,neutral
baam0l,bois,post,1554595393,neutral
bhmsb7,bois,post,1556288239,negative
b9o06h,dankmemes,post,1554448010,neutral
b9q6ca,dankmemes,post,1554464804,neutral
bgigr4,dankmemes,post,1556037097,negative
bgexd9,dankmemes,post,1556016520,negative
b9ymtn,dankmemes,post,1554509713,negative
bgg4ol,dankmemes,post,1556024625,negative
bblrmt,dankmemes,post,1554901482,neutral
bef340,dankmemes,post,1555546723,neutral
bem9x2,dankmemes,post,1555598128,negative
bembb2,dankmemes,post,1555598351,negative
b7xw0a,dankmemes,post,1554096476,negative
b7xxt7,dankmemes,post,1554096796,negative
b7y03e,dankmemes,post,1554097201,negative
b7y291,dankmemes,post,1554097574,negative
bblf8k,dankmemes,post,1554899317,negative
bdrbub,dankmemes,post,1555401960,neutral
b91aea,dankmemes,post,1554314159,positive
beub25,dankmemes,post,1555642432,negative
be975x,dankmemes,post,1555515234,neutral
bhxq84,dankmemes,post,1556360319,neutral
baxf8s,dankmemes,post,1554748803,neutral
bec0n5,dankmemes,post,1555529672,neutral
bak57r,dankmemes,post,1554665772,negative
bbos8g,darkjokes,post,1554917369,neutral
bc20b9,darkjokes,post,1555000561,neutral
basgng,harrypotter,post,1554721812,neutral
be328v,ideasfortheadmins,post,1555471282,neutral
bhl34r,ideasfortheadmins,post,1556276972,neutral
bgni63,irc,post,1556063256,neutral
bcsh1h,latvia,post,1555174097,neutral
bf8zsm,leafs,post,1555738790,negative
bh6h00,memes,post,1556183602,positive
beu7mu,nba,post,1555641810,negative
be7zi1,overlord,post,1555508732,neutral
be5rw7,redditrequest,post,1555493600,neutral
bgv7d9,redditrequest,post,1556115709,neutral
bbezvm,redditrequest,post,1554852679,negative
bdwh72,redditrequest,post,1555434731,neutral
b9paue,redditrequest,post,1554458779,neutral
bapjtx,sbubby,post,1554699026,neutral
bceuqz,subredditcancer,post,1555082815,negative
baneel,teenagers,post,1554684675,neutral
bf1qtk,thebachelor,post,1555694451,neutral
bh00g5,thedivision,post,1556140005,negative
bewjq4,Animemes,post,1555660007,negative
bbg80k,AskOuija,post,1554859970,negative
bcc4gi,AskReddit,post,1555066234,negative
befvzn,Blizzard,post,1555551689,negative
bcukxi,Brawlstars,post,1555185721,negative
bajknv,CampHalfBloodRP,post,1554662666,positive
b7ybi7,FORTnITE,post,1554099263,neutral
b8lykx,HongKong,post,1554224862,neutral
be6wbn,Juve,post,1555502269,neutral
b9g6ju,LivestreamFail,post,1554401306,neutral
bhxkdu,Morrowind,post,1556358705,neutral
bb8q51,MouseReview,post,1554820814,negative
bceyrd,creepy,post,1555083394,negative
bhoohf,dankmemes,post,1556298087,neutral
be8ef1,dankmemes,post,1555511005,positive
bd4gvy,dankmemes,post,1555259126,negative
b822qq,dankmemes,post,1554123715,neutral
b7w9j2,dankmemes,post,1554086324,neutral
bffes8,dankmemes,post,1555784950,negative
bhbitc,dankmemes,post,1556214052,neutral
bir2jb,dankmemes,post,1556553171,neutral
bd1moa,dankmemes,post,1555239379,negative
bi95f2,dankmemes,post,1556439789,negative
b7xrge,dankmemes,post,1554095694,negative
b819yz,dankmemes,post,1554119466,neutral
bdpop3,dankmemes,post,1555388756,negative
bfy9b4,dankmemes,post,1555909819,negative
bcdje6,darkjokes,post,1555075528,negative
bc9bax,darkjokes,post,1555041977,negative
bfy8tz,darkjokes,post,1555909709,negative
b9kmbj,dragonsfuckingcars,post,1554424582,neutral
bbo221,hamptonbrandon,post,1554913770,negative
bdwy6c,hamptonbrandon,post,1555437152,negative
bb25x5,help,post,1554774529,neutral
biy6cl,memes,post,1556591941,positive
bddz0t,memes,post,1555320547,positive
bech6n,opieandanthony,post,1555532081,negative
b9mh0x,redditrequest,post,1554436278,neutral
b8zqju,secretsanta,post,1554306879,neutral
b9p2wv,secretsanta,post,1554457086,neutral
bdsr75,secretsanta,post,1555413778,neutral
bgpyv5,teenagers,post,1556077724,neutral
b8tz4d,teenagers,post,1554269324,negative
bg7gvo,teenagers,post,1555967515,neutral
bf3osn,truerateme,post,1555704532,negative
bcjlkr,ANormalDayInRussia,post,1555107401,negative
b8qo59,AnthemTheGame,post,1554248354,neutral
bbq5m3,AnthemTheGame,post,1554924110,neutral
ba8iip,AskOuija,post,1554582154,negative
bdgw88,AskReddit,post,1555340050,neutral
bgkqi4,CallOfDuty,post,1556048602,negative
bgkupx,CallOfDuty,post,1556049216,negative
bi2crd,CallOfDuty,post,1556391660,negative
bg5qzh,Conservative,post,1555958791,neutral
bhk7u1,CrazyIdeas,post,1556269718,neutral
bgbb27,CringeAnarchy,post,1555989115,positive
bgaw7n,CringeAnarchy,post,1555986659,neutral
b8i88m,DotA2,post,1554206095,negative
bcgdz1,Eragon,post,1555090631,negative
b8n50b,FIFA,post,1554230444,neutral
b841oh,GameSale,post,1554133364,negative
b8nrku,Gotham,post,1554233500,negative
babzio,HighQualityGifs,post,1554605007,neutral
bf8alz,HistoryMemes,post,1555733285,negative
bh8kqg,Kaiserreich,post,1556198578,neutral
b8iw33,Libertarian,post,1554209948,negative
bi0pga,MLS,post,1556382054,neutral
b91o0c,Marijuana,post,1554315929,neutral
b96jlj,Mcat,post,1554341342,neutral
b96plv,Mcat,post,1554342361,neutral
bftk5f,Memes_Of_The_Dank,post,1555880372,neutral
bh5o5g,PewdiepieSubmissions,post,1556176246,neutral
bivg3p,Showerthoughts,post,1556575643,neutral
b9mfd7,Showerthoughts,post,1554435951,negative
bhvgnd,The_Donald,post,1556338776,neutral
bhoo7w,Trumpgret,post,1556298049,negative
bj3qbj,UnethicalLifeProTips,post,1556633293,neutral
bj3vem,UnethicalLifeProTips,post,1556634062,neutral
bf8w1r,WatchRedditDie,post,1555737975,neutral
b9hpdr,ask_transgender,post,1554408628,negative
bevgnx,boottoobig,post,1555650721,negative
bg8t5n,dank_meme,post,1555974579,neutral
b870rc,dankmemes,post,1554145281,negative
bdvxer,dankmemes,post,1555431934,negative
b7yv24,dankmemes,post,1554102940,neutral
bhmtrw,dankmemes,post,1556288454,positive
ba1yck,dankmemes,post,1554535713,negative
be2vgb,dankmemes,post,1555470048,positive
bgsopq,dankmemes,post,1556099511,negative
bec13y,dankmemes,post,1555529739,neutral
baqqjv,dankmemes,post,1554707909,positive
b7y6w3,dankmemes,post,1554098434,neutral
bd7u07,dankmemes,post,1555277226,negative
b9c4tp,dankmemes,post,1554381195,negative
b9fwin,dankmemes,post,1554399930,negative
b979p0,dankmemes,post,1554345767,neutral
b7wom4,dankmemes,post,1554088885,negative
b7wp0g,dankmemes,post,1554088952,negative
b8soge,dankmemes,post,1554260299,negative
bfc2ak,dankmemes,post,1555766098,negative
beglpb,dankmemes,post,1555556196,neutral
b82syg,dankmemes,post,1554127517,negative
b87zc4,dankmemes,post,1554148937,negative
b88knt,dankmemes,post,1554151067,neutral
bhcvpl,dankmemes,post,1556221109,neutral
bbrek0,dankmemes,post,1554930518,neutral
bbjo3x,darkjokes,post,1554885746,negative
bcbuvc,darkjokes,post,1555064105,negative
bbq9s5,darkjokes,post,1554924695,negative
bi59hq,deadbydaylight,post,1556409364,neutral
bi5a0j,deadbydaylight,post,1556409456,neutral
be46wf,ggggg,post,1555479518,negative
bi4tg3,gravityfalls,post,1556406499,positive
bi6rot,gravityfalls,post,1556419611,positive
b8pnhs,knitting,post,1554242767,negative
bdsv5e,marvelstudios,post,1555414545,positive
be9c1o,memes,post,1555515929,neutral
bemccc,memes,post,1555598499,neutral
beyt8a,memes,post,1555678762,neutral
be9w2k,modhelp,post,1555518748,neutral
biwmg5,modhelp,post,1556582439,neutral
bj7v0g,modhelp,post,1556654559,neutral
bc9j8o,moviescirclejerk,post,1555043613,neutral
bgp00e,redditrequest,post,1556071889,neutral
bb170o,redditrequest,post,1554768724,neutral
bd6w6g,redditrequest,post,1555272138,neutral
bcgh4q,redditrequest,post,1555091055,neutral
bf5tt5,redditrequest,post,1555716529,negative
bgdies,redditrequest,post,1556004595,neutral
bck20w,redditrequest,post,1555110055,neutral
bad7yo,samsung,post,1554614859,positive
bieq4j,socialism,post,1556478425,positive
b9v9wm,softwaregore,post,1554491234,negative
biuuim,supremeclothing,post,1556572442,neutral
bfxajx,teenagers,post,1555902888,neutral
ba7po7,teenagers,post,1554577344,negative
bdbuab,xposed,post,1555301648,positive
b90kzv,AnthemTheGame,post,1554310834,positive
bg04yk,CatsStandingUp,post,1555925992,neutral
bgr2s0,CringeAnarchy,post,1556085507,negative
bgj85k,Drugs,post,1556040868,neutral
be39u7,IndiaSpeaks,post,1555472738,neutral
behrey,KDRAMA,post,1555564473,neutral
b9k9pw,Memes_Of_The_Dank,post,1554422481,negative
bcrgdf,ModSupport,post,1555168218,neutral
b9hs7b,Shitstatistssay,post,1554409018,negative
bggt1m,SubredditDramaDrama,post,1556028489,negative
bb1g45,SuicideWatch,post,1554770203,negative
bic6el,TheWalkingDeadGame,post,1556464126,neutral
bj0xmu,Tronix,post,1556613163,positive
bd81zr,WatchRedditDie,post,1555278424,neutral
b8ctt8,brasil,post,1554169841,neutral
bhpenj,brasil,post,1556301759,negative
biet6q,confessions,post,1556478914,neutral
ba9r7c,dank_meme,post,1554589735,neutral
bafxvp,dankmemes,post,1554641599,negative
b84nam,dankmemes,post,1554136129,neutral
bj9psr,dankmemes,post,1556663689,negative
b7xnqm,dankmemes,post,1554095081,neutral
b84i3v,dankmemes,post,1554135449,neutral
b86ni9,dankmemes,post,1554143953,negative
bhml0m,dankmemes,post,1556287115,positive
b813jv,dankmemes,post,1554118387,negative
birqum,dankmemes,post,1556556602,neutral
bi22wq,dankmemes,post,1556390051,neutral
b7vpfz,dankmemes,post,1554083002,neutral
bfk0iz,dankmemes,post,1555812708,negative
bar5w1,dankmemes,post,1554711225,negative
bdpejj,dankmemes,post,1555386746,negative
bdpmqo,dankmemes,post,1555388340,neutral
bfkv80,dankmemes,post,1555818678,neutral
bi713a,dankmemes,post,1556421512,neutral
bi7e2o,dankmemes,post,1556424245,negative
bihfh1,dankmemes,post,1556493655,neutral
bijtmw,dankmemes,post,1556508158,negative
bj0iji,dankmemes,post,1556609317,neutral
biqrov,dankmemes,post,1556551651,positive
bdz3zc,dankmemes,post,1555448246,neutral
bf1cge,dankmemes,post,1555692467,negative
bicrje,dankmemes,post,1556467512,negative
b7vl9i,dankmemes,post,1554082289,negative
b7uoxo,dankmemes,post,1554077172,neutral
bcjhil,darkjokes,post,1555106762,negative
bcckb4,darkjokes,post,1555069386,negative
baxu9g,discordapp,post,1554750913,negative
bcjpqr,gonewild,post,1555108066,neutral
bh551k,memes,post,1556171793,neutral
bf73vr,memes,post,1555724790,neutral
b8d2q1,memes,post,1554171180,negative
b8cmlq,memes,post,1554168742,neutral
bbmuz3,redditrequest,post,1554907544,neutral
bh9l32,redditrequest,post,1556204137,neutral
bdaim8,redditrequest,post,1555293209,neutral
b83b2m,redditrequest,post,1554129940,neutral
b8ynpz,redditrequest,post,1554301692,neutral
bh7v99,singapore,post,1556194239,negative
b8e926,skrillex,post,1554178251,neutral
b7zngj,streetwear,post,1554108751,negative
bfxa8f,teenagers,post,1555902831,neutral
bdpbt1,unpopularopinion,post,1555386197,positive
b9cqie,vexillology,post,1554384675,negative
biinoc,wholesomememes,post,1556501346,positive
bdoo83,2007scape,post,1555381855,positive
b8wm6d,2007scape,post,1554290079,neutral
bgpa5e,AskReddit,post,1556073515,neutral
baczp3,BostonU,post,1554612895,negative
bi1idx,Braincels,post,1556386745,negative
bf7rsi,ChronicPain,post,1555729414,neutral
bgbcz2,ChronicPain,post,1555989436,neutral
bdvq22,Cityofheroes,post,1555430898,neutral
bgoqsz,CringeAnarchy,post,1556070429,neutral
bgnuet,CringeAnarchy,post,1556065219,negative
bgmoea,CringeAnarchy,post,1556058650,neutral
bhu68e,DestinyTheGame,post,1556329365,neutral
b8ovrx,FortNiteBR,post,1554238951,negative
baafem,FreeKarma4You,post,1554594129,negative
bbenei,FreeKarma4You,post,1554850740,negative
b9v2mm,FreeSpeech,post,1554490256,negative
b9knph,FunnyandSad,post,1554424812,neutral
b8ly1o,GarlicBreadMemes,post,1554224796,negative
bf8lbv,MGTOW,post,1555735616,negative
b8c9cd,Nerf,post,1554166797,neutral
b9rl57,Nerf,post,1554473038,neutral
bfjyw7,SandersForPresident,post,1555812402,negative
bh1bz9,SandersForPresident,post,1556147138,negative
bj0s53,SexWorkers,post,1556611717,negative
bb42wt,The_Donald,post,1554787486,negative
b90zeg,WarframeRunway,post,1554312698,neutral
beqov5,YouShouldKnow,post,1555621312,neutral
b9q2p0,alberta,post,1554464126,negative
b8akhc,beta,post,1554158638,neutral
bcvy8h,copypasta,post,1555193672,negative
bg57ng,dankmemes,post,1555956063,negative
bh1cw3,dankmemes,post,1556147289,negative
b7xgqi,dankmemes,post,1554093867,negative
b7yhj4,dankmemes,post,1554100391,neutral
bhm5io,dankmemes,post,1556284582,negative
bgjncs,dankmemes,post,1556043057,negative
bh6bl0,dankmemes,post,1556182191,negative
bafwhb,dankmemes,post,1554641312,negative
b80fwg,dankmemes,post,1554114291,neutral
be7oan,dankmemes,post,1555506929,negative
bdznc7,dankmemes,post,1555451073,positive
bf9qvd,dankmemes,post,1555745427,negative
bhcq8k,dankmemes,post,1556220303,neutral
b7v3fv,dankmemes,post,1554079322,negative
bfygzj,dankmemes,post,1555911571,neutral
bhqkh4,dankmemes,post,1556307894,neutral
b82doq,dankmemes,post,1554125259,negative
b89bql,dankmemes,post,1554153791,positive
b8m8zf,dankmemes,post,1554226237,neutral
b7x72z,dankmemes,post,1554092172,negative
bfqhlp,dankmemes,post,1555863520,negative
bfqifz,dankmemes,post,1555863652,negative
bbqiau,darkjokes,post,1554925897,negative
bgc88z,disney,post,1555994888,neutral
bdoqt3,fakealbumcovers,post,1555382323,negative
bimxos,gameofthrones,post,1556524976,neutral
bgt0n9,hearthstone,post,1556102213,negative
bekzlm,help,post,1555590756,neutral
bfbths,hiphopheads,post,1555764332,negative
bcv830,loseit,post,1555189335,negative
bghdao,marvelstudios,post,1556031589,positive
b8wui1,marvelstudios,post,1554291632,positive
bhwxk4,memes,post,1556352218,negative
bioih3,memes,post,1556538309,neutral
ba806a,redditrequest,post,1554579152,neutral
bf3rg2,redditrequest,post,1555704923,neutral
b9dwas,rheumatoid,post,1554390472,neutral
be1054,socialism,post,1555458735,neutral
bgqxrv,teenagers,post,1556084457,neutral
behg7r,teenagers,post,1555562034,negative
b9n0i0,waifuism,post,1554440223,positive
bddqeh,AskOuija,post,1555318385,neutral
ba5bdn,AutoModerator,post,1554563820,neutral
bfwrxt,AutoModerator,post,1555899746,neutral
bi93dt,Bestbuy,post,1556439241,positive
bebzqt,CCJ2,post,1555529539,neutral
bi31zu,Colts,post,1556395815,neutral
bgtwbn,CringeAnarchy,post,1556108221,negative
b81r0u,Cruise,post,1554121998,negative
bdtnyw,DeadBedrooms,post,1555419671,positive
bh9dw4,FrankOcean,post,1556203098,negative
b8cph2,Games,post,1554169182,negative
beapyf,GetStudying,post,1555522990,neutral
b9pukq,Ice_Poseidon,post,1554462675,negative
bgmahk,KingdomHearts,post,1556056552,negative
bd13n7,LeagueOfMeta,post,1555234014,negative
baex0c,ModSupport,post,1554632352,neutral
ba7q80,MurderedByWords,post,1554577439,neutral
bbgn1o,SpaceXMasterrace,post,1554862508,negative
bf9m82,SubredditDramaDrama,post,1555744224,negative
bd0s1b,The_Donald,post,1555230662,neutral
bdeasx,The_Donald,post,1555323280,neutral
bfasz7,The_Donald,post,1555755746,negative
bfmors,The_Donald,post,1555834493,negative
bj0q3j,The_Donald,post,1556611217,neutral
b8wfkj,bakchodi,post,1554288888,negative
bfiljy,cakeday,post,1555803584,negative
ber0ie,dank_meme,post,1555623075,neutral
b8gef2,dankmemes,post,1554193252,neutral
bbkjxi,dankmemes,post,1554893300,negative
bhd5qu,dankmemes,post,1556222574,positive
bhd8m6,dankmemes,post,1556222999,negative
be8hzc,dankmemes,post,1555511555,neutral
bhmscd,dankmemes,post,1556288244,negative
b7xxzx,dankmemes,post,1554096825,negative
bdo03x,dankmemes,post,1555377754,negative
bfulwy,dankmemes,post,1555886292,negative
bcrue5,dankmemes,post,1555170485,negative
bclroa,dankmemes,post,1555121166,negative
b8aagy,dankmemes,post,1554157611,negative
b87vl3,dankmemes,post,1554148574,neutral
b89gth,dankmemes,post,1554154328,negative
bd46g7,dankmemes,post,1555257522,positive
bdnctu,dankmemes,post,1555373847,neutral
bchvw7,darkjokes,post,1555098129,negative
bdzmo2,darknet,post,1555450973,neutral
bed2qk,dontstarve,post,1555535341,neutral
bdbesf,freefolk,post,1555298557,neutral
bdw8hd,harrypotter,post,1555433511,neutral
b7yqzm,iranian,post,1554102183,neutral
bcidjg,leagueoflegends,post,1555100686,negative
bab0vl,leagueoflegends,post,1554598250,negative
bab3xw,leagueoflegends,post,1554598848,negative
ba2l6i,madlads,post,1554542270,negative
bhtnkt,memes,post,1556325867,positive
bho1n9,modhelp,post,1556294811,neutral
beuj0c,modhelp,post,1555643892,negative
bbxuf6,pregnant,post,1554975331,neutral
bixjl0,pureasoiaf,post,1556588026,positive
bhrszl,quityourbullshit,post,1556314728,negative
bd7qoc,ratemyboobs,post,1555276719,positive
bf48f0,redditrequest,post,1555707459,neutral
be2tg2,redditrequest,post,1555469687,neutral
b9jq5m,unpopularopinion,post,1554419266,negative
ba7e39,Austin,post,1554575522,negative
bb9vtd,Austin,post,1554826720,negative
bd0hdk,ChapoTrapHouse,post,1555227542,neutral
bdwo3m,Cityofheroes,post,1555435692,neutral
bf6e89,ClopClop,post,1555720088,neutral
b9yo6l,ComedyCemetery,post,1554509948,positive
bahdiq,ComedyCemetery,post,1554650876,neutral
bdc51f,ComedyCemetery,post,1555303892,neutral
bftljk,CringeAnarchy,post,1555880572,negative
bgk52m,CringeAnarchy,post,1556045563,negative
bill8l,Drugs,post,1556515060,neutral
bd8rhs,GlobalOffensive,post,1555282326,neutral
bi3tny,GuildWars,post,1556400435,negative
bi475w,GuildWars,post,1556402703,negative
bfokyg,HitBoxPorn,post,1555851821,negative
bayx8a,MHOC,post,1554756396,neutral
b8wwz0,SamandTolki,post,1554292091,neutral
bfg0o7,WatchRedditDie,post,1555788317,negative
bclz6o,apolloapp,post,1555122627,neutral
bh0sxz,baseball,post,1556144199,neutral
b99yje,copypasta,post,1554365044,negative
bite5s,copypasta,post,1556565037,negative
bake3n,dankmemes,post,1554667091,negative
b86vtr,dankmemes,post,1554144773,positive
b7y3kw,dankmemes,post,1554097812,negative
bfntz3,dankmemes,post,1555845751,positive
bbpq9h,dankmemes,post,1554921992,neutral
b7zzop,dankmemes,post,1554111215,neutral
bh0ghm,dankmemes,post,1556142338,negative
bfrq9b,dankmemes,post,1555870249,negative
biq1td,dankmemes,post,1556547788,neutral
bffafn,dankmemes,post,1555784293,neutral
bhco2c,dankmemes,post,1556219986,neutral
bfoc1p,dankmemes,post,1555849926,negative
biq6cj,dankmemes,post,1556548490,neutral
bffyto,dankmemes,post,1555788026,negative
bcd158,darkjokes,post,1555072454,neutral
bhudj0,discordapp,post,1556330755,negative
b8sqst,domesticviolence,post,1554260670,neutral
bdsxdk,france,post,1555414976,negative
be1ayk,freeuse,post,1555460505,neutral
bg1noy,gatekeeping,post,1555936908,negative
bczojx,gorillaz,post,1555220113,neutral
b9ouih,help,post,1554455246,neutral
b8z23d,iamverysmart,post,1554303651,negative
bgjtk6,madlads,post,1556043915,neutral
bhdd3l,marvelstudios,post,1556223636,positive
bhccc2,memes,post,1556218317,negative
b7vfuj,memes,post,1554081381,neutral
bg642m,nba,post,1555960624,negative
bhp6kn,nukedmemes,post,1556300601,negative
bj4tx9,nukedmemes,post,1556639145,negative
bcirm4,opieandanthony,post,1555102789,neutral
bhdh5b,rant,post,1556224235,negative
bb0x2j,redditrequest,post,1554767148,neutral
bdhw4n,redditrequest,post,1555344939,neutral
bhgkkp,redditrequest,post,1556241994,neutral
bakzvo,redditrequest,post,1554670423,neutral
bbirg2,unpopularopinion,post,1554877788,negative
ba0f1f,2007scape,post,1554522459,negative
b80wrc,Animemes,post,1554117254,positive
bfvfr1,AskReddit,post,1555891344,neutral
b8s6jp,ChapoTrapHouse,post,1554257218,neutral
b9vhhy,ChapoTrapHouse,post,1554492286,neutral
baavus,ChapoTrapHouse,post,1554597281,negative
b9dvpy,Cornell,post,1554390391,neutral
bictp2,DeepFriedMemes,post,1556467847,neutral
bg3vib,FreeSpeech,post,1555949284,negative
bfhv79,HermitCraft,post,1555798956,neutral
b97u0s,Ice_Poseidon,post,1554349396,negative
b9854l,Ice_Poseidon,post,1554351571,neutral
bb4wy3,Iceland,post,1554794149,neutral
bfhzyb,Instagram,post,1555799775,neutral
beyg0o,JUSTNOMIL,post,1555676258,neutral
bgqbf2,Kanye,post,1556080059,negative
bfsk0e,LeBlancMains,post,1555874767,neutral
b8aamj,NoStupidQuestions,post,1554157625,neutral
b81xlh,PrequelMemes,post,1554122975,neutral
b84koc,PrequelMemes,post,1554135789,neutral
bdgro3,SubredditDrama,post,1555339363,negative
b7zkg2,TopMindsOfReddit,post,1554108114,negative
b83cqr,TopMindsOfReddit,post,1554130165,negative
b854ot,TopMindsOfReddit,post,1554138367,negative
baag4t,TopMindsOfReddit,post,1554594271,negative
bacy6r,TopMindsOfReddit,post,1554612541,negative
balxa3,TopMindsOfReddit,post,1554675678,negative
bandqc,TopMindsOfReddit,post,1554684556,neutral
bb0wie,TopMindsOfReddit,post,1554767059,negative
bb2q1y,TopMindsOfReddit,post,1554777998,negative
bd60rp,TopMindsOfReddit,post,1555267583,negative
bi0okt,Trumpgret,post,1556381908,negative
be3jx4,Unexpected,post,1555474725,negative
bfu3tb,bestoflegaladvice,post,1555883439,negative
bf5rq2,bostonr4r,post,1555716179,neutral
b7yf25,dankmemes,post,1554099928,negative
b84ene,dankmemes,post,1554135018,neutral
bffdao,dankmemes,post,1555784721,neutral
bd6hr3,dankmemes,post,1555269963,negative
bflho8,dankmemes,post,1555823464,negative
be64vf,dankmemes,post,1555496638,negative
ba8nmw,dankmemes,post,1554582993,negative
baf0k1,dankmemes,post,1554633376,negative
bd0oip,dankmemes,post,1555229609,negative
bdirf4,dankmemes,post,1555349194,neutral
bdtn54,dankmemes,post,1555419541,neutral
beooqh,dankmemes,post,1555610586,negative
bf7adv,dankmemes,post,1555726004,negative
bhih6d,dankmemes,post,1556254869,negative
bfv5yp,dankmemes,post,1555889660,neutral
bhanaj,dankmemes,post,1556209624,neutral
bechoy,dankmemes,post,1555532152,neutral
bcdhd4,dankmemes,post,1555075203,negative
bit8o0,dankmemes,post,1556564263,neutral
ba3otg,dankmemes,post,1554552680,neutral
balf4h,dankmemes,post,1554672822,negative
bixumd,dankmemes,post,1556589904,negative
b7zohl,dankmemes,post,1554108971,neutral
b7zvmi,dankmemes,post,1554110395,negative
bcdayq,dankmemes,post,1555074145,neutral
b8b2lp,dankmemes,post,1554160849,negative
b883sy,dankmemes,post,1554149375,negative
bcojrq,dankmemes,post,1555144920,negative
bfae6z,darkjokes,post,1555751743,negative
bc9n09,darkjokes,post,1555044445,negative
bho0ig,discordapp,post,1556294655,neutral
bj56ng,elonmusk,post,1556640993,neutral
bbuwr3,iamverybadass,post,1554950366,negative
bd44pp,insurgency,post,1555257248,neutral
bdcahg,jailbreak,post,1555305101,negative
behg9d,loseit,post,1555562043,negative
bixg8i,nbacirclejerk,post,1556587474,negative
b8b7xc,needamod,post,1554161555,neutral
bj9d3k,quittingkratom,post,1556661905,negative
be7ybb,raimimemes,post,1555508545,positive
bch16q,redditrequest,post,1555093791,neutral
bchmc8,redditrequest,post,1555096718,neutral
ba5jvs,redditrequest,post,1554565251,neutral
bdxgqe,redditrequest,post,1555439785,neutral
bj2e2f,redditrequest,post,1556625170,neutral
bci2mh,researchchemicals,post,1555099113,negative
bc7fr0,sbubby,post,1555029754,neutral
b9l4no,teenagers,post,1554427700,neutral
bhdcfo,teenagers,post,1556223544,negative
bczc0y,teenagers,post,1555217084,negative
be9u9y,tressless,post,1555518485,neutral
b98eod,unpopularopinion,post,1554353426,negative
